	>>> BM dir: BM-P80
	>>> Target dir: ['fold_1', 'fold_10', 'fold_2', 'fold_3', 'fold_4']




@@@ fold_1 @@@
python /data2/xuguoshun/MPBert3/mpbert_classification_1x_v3.py --config_path /data2/xuguoshun/MPBert3/config_2048.yaml --do_train True --do_eval True --description classification --num_class 2 --epoch_num 200 --early_stopping_rounds 50 --frozen_bert False --device_id 4 --data_url BM-P80/fold_1/mr_data/ --load_checkpoint_url /data2/xuguoshun/MPBert3/uniref_50_2048.ckpt --output_url BM-P80/fold_1/saved_models --task_name P80 --train_batch_size 32
3 <src.bert_model.BertConfig object at 0xfffdbbd4a3d0>
{'bert_net_cfg': <src.bert_model.BertConfig object at 0xfffdbbd4a3d0>,
 'concat_hidden_size': 512,
 'concat_layer_num': 1,
 'config_path': '/data2/xuguoshun/MPBert3/config_2048.yaml',
 'cut_layer_num': 0,
 'data_spilt_num': 3,
 'data_url': 'BM-P80/fold_1/mr_data/',
 'dataset_format': 'mindrecord',
 'description': 'classification',
 'device_id': 4,
 'device_target': 'Ascend',
 'do_eval': True,
 'do_predict': False,
 'do_train': True,
 'dssp_hidden_size': 128,
 'dssp_layer_num': 1,
 'early_stopping_rounds': 50,
 'enable_modelarts': False,
 'enable_profiling': False,
 'epoch_num': 200,
 'eval_batch_size': 1,
 'eval_data_shuffle': 'false',
 'file_format': 'MINDIR',
 'frozen_bert': False,
 'label_percent': '1:1',
 'load_checkpoint_url': '/data2/xuguoshun/MPBert3/uniref_50_2048.ckpt',
 'load_pretrain': True,
 'loss_gamma': 2.0,
 'loss_name': 'CrossEntropy',
 'metrics': 'ACC',
 'num_class': 2,
 'optimizer_cfg': {'AdamWeightDecay': {'decay_filter': <function extra_operations.<locals>.create_filter_fun.<locals>.<lambda> at 0xfffdbbd31680>,
 'end_learning_rate': 1e-10,
 'eps': 1e-06,
 'learning_rate': 1e-05,
 'power': 1.0,
 'weight_decay': 1e-05},
 'Lamb': {'decay_filter': <function extra_operations.<locals>.create_filter_fun.<locals>.<lambda> at 0xfffdbbd31560>,
 'end_learning_rate': 1e-10,
 'learning_rate': 2e-05,
 'power': 1.0,
 'weight_decay': 0.01},
 'Momentum': {'learning_rate': 2e-05, 'momentum': 0.9},
 'optimizer': 'AdamWeightDecay'},
 'output_url': 'BM-P80/fold_1/saved_models',
 'print_predict': False,
 'pssm_hidden_size': 128,
 'pssm_layer_num': 1,
 'return_csv': False,
 'return_sequence': False,
 'task_name': 'P80',
 'train_batch_size': 32,
 'train_data_shuffle': 'true',
 'use_pynative_mode': False,
 'vocab_file': '',
 'with_lstm': False}
 >>> Eval: Val file is val.mindrecord.
 >>> Eval: Test file is test.mindrecord.
==============================================================
processor_name: Ascend
test_name: P80
batch_size: 32
 >>> Train: Train file is train.mindrecord.
 >>> Train: Val file is val.mindrecord.
***Epoch: 0***
Current epoch percent: 1.000, step: 109
Train loss: 0.64466524
Train epoch time: 73034.957 ms, per step time: 670.045 ms
Validation accuracy: 0.782051282051282
New best accuracy: 0.782051282051282, saved best model to :
BM-P80/fold_1/saved_models/P80_Best_Model.ckpt
***Epoch: 1***
Current epoch percent: 1.000, step: 218
Train loss: 0.22635572
Train epoch time: 37648.499 ms, per step time: 345.399 ms
Validation accuracy: 0.9794871794871794
New best accuracy: 0.9794871794871794, saved best model to :
BM-P80/fold_1/saved_models/P80_Best_Model.ckpt
***Epoch: 2***
Current epoch percent: 1.000, step: 327
Train loss: 0.06301125
Train epoch time: 37657.540 ms, per step time: 345.482 ms
Validation accuracy: 0.9948717948717949
New best accuracy: 0.9948717948717949, saved best model to :
BM-P80/fold_1/saved_models/P80_Best_Model.ckpt
***Epoch: 3***
Current epoch percent: 1.000, step: 436
Train loss: 0.024327043
Train epoch time: 37650.728 ms, per step time: 345.420 ms
Validation accuracy: 0.9897435897435898
No improvement in accuracy for 1 epochs (best acc = 0.9948717948717949).
***Epoch: 4***
Current epoch percent: 1.000, step: 545
Train loss: 0.014315514
Train epoch time: 37657.476 ms, per step time: 345.481 ms
Validation accuracy: 0.9974358974358974
New best accuracy: 0.9974358974358974, saved best model to :
BM-P80/fold_1/saved_models/P80_Best_Model.ckpt
***Epoch: 5***
Current epoch percent: 1.000, step: 654
Train loss: 0.009922454
Train epoch time: 37650.045 ms, per step time: 345.413 ms
Validation accuracy: 0.9846153846153847
No improvement in accuracy for 1 epochs (best acc = 0.9974358974358974).
***Epoch: 6***
Current epoch percent: 1.000, step: 763
Train loss: 0.0070400434
Train epoch time: 37653.223 ms, per step time: 345.442 ms
Validation accuracy: 0.9948717948717949
No improvement in accuracy for 2 epochs (best acc = 0.9974358974358974).
***Epoch: 7***
Current epoch percent: 1.000, step: 872
Train loss: 0.006526106
Train epoch time: 37650.580 ms, per step time: 345.418 ms
Validation accuracy: 0.9948717948717949
No improvement in accuracy for 3 epochs (best acc = 0.9974358974358974).
***Epoch: 8***
Current epoch percent: 1.000, step: 981
Train loss: 0.0038333023
Train epoch time: 37653.710 ms, per step time: 345.447 ms
Validation accuracy: 0.9948717948717949
No improvement in accuracy for 4 epochs (best acc = 0.9974358974358974).
***Epoch: 9***
Current epoch percent: 1.000, step: 1090
Train loss: 0.004353041
Train epoch time: 37648.607 ms, per step time: 345.400 ms
Validation accuracy: 0.9948717948717949
No improvement in accuracy for 5 epochs (best acc = 0.9974358974358974).
***Epoch: 10***
Current epoch percent: 1.000, step: 1199
Train loss: 0.0021489349
Train epoch time: 37661.530 ms, per step time: 345.519 ms
Validation accuracy: 0.9948717948717949
No improvement in accuracy for 6 epochs (best acc = 0.9974358974358974).
***Epoch: 11***
Current epoch percent: 1.000, step: 1308
Train loss: 0.0023868245
Train epoch time: 37654.056 ms, per step time: 345.450 ms
Validation accuracy: 0.9923076923076923
No improvement in accuracy for 7 epochs (best acc = 0.9974358974358974).
***Epoch: 12***
Current epoch percent: 1.000, step: 1417
Train loss: 0.0013172675
Train epoch time: 37662.182 ms, per step time: 345.525 ms
Validation accuracy: 0.9923076923076923
No improvement in accuracy for 8 epochs (best acc = 0.9974358974358974).
***Epoch: 13***
Current epoch percent: 1.000, step: 1526
Train loss: 0.0011100675
Train epoch time: 37661.430 ms, per step time: 345.518 ms
Validation accuracy: 0.9923076923076923
No improvement in accuracy for 9 epochs (best acc = 0.9974358974358974).
***Epoch: 14***
Current epoch percent: 1.000, step: 1635
Train loss: 0.0010993087
Train epoch time: 37652.167 ms, per step time: 345.433 ms
Validation accuracy: 0.9974358974358974
No improvement in accuracy for 10 epochs (best acc = 0.9974358974358974).
***Epoch: 15***
Current epoch percent: 1.000, step: 1744
Train loss: 0.0008165868
Train epoch time: 37657.312 ms, per step time: 345.480 ms
Validation accuracy: 0.9923076923076923
No improvement in accuracy for 11 epochs (best acc = 0.9974358974358974).
***Epoch: 16***
Current epoch percent: 1.000, step: 1853
Train loss: 0.00070313585
Train epoch time: 37659.854 ms, per step time: 345.503 ms
Validation accuracy: 0.9974358974358974
No improvement in accuracy for 12 epochs (best acc = 0.9974358974358974).
***Epoch: 17***
Current epoch percent: 1.000, step: 1962
Train loss: 0.0006311513
Train epoch time: 37646.747 ms, per step time: 345.383 ms
Validation accuracy: 0.9923076923076923
No improvement in accuracy for 13 epochs (best acc = 0.9974358974358974).
***Epoch: 18***
Current epoch percent: 1.000, step: 2071
Train loss: 0.0005216135
Train epoch time: 37657.689 ms, per step time: 345.483 ms
Validation accuracy: 0.9974358974358974
No improvement in accuracy for 14 epochs (best acc = 0.9974358974358974).
***Epoch: 19***
Current epoch percent: 1.000, step: 2180
Train loss: 0.0022361884
Train epoch time: 37656.805 ms, per step time: 345.475 ms
Validation accuracy: 1.0
New best accuracy: 1.0, saved best model to :
BM-P80/fold_1/saved_models/P80_Best_Model.ckpt
***Epoch: 20***
Current epoch percent: 1.000, step: 2289
Train loss: 0.0009900143
Train epoch time: 37651.808 ms, per step time: 345.429 ms
Validation accuracy: 0.9794871794871794
No improvement in accuracy for 1 epochs (best acc = 1.0).
***Epoch: 21***
Current epoch percent: 1.000, step: 2398
Train loss: 0.0007522723
Train epoch time: 37651.203 ms, per step time: 345.424 ms
Validation accuracy: 0.9974358974358974
No improvement in accuracy for 2 epochs (best acc = 1.0).
***Epoch: 22***
Current epoch percent: 1.000, step: 2507
Train loss: 0.00050440565
Train epoch time: 37652.214 ms, per step time: 345.433 ms
Validation accuracy: 1.0
No improvement in accuracy for 3 epochs (best acc = 1.0).
***Epoch: 23***
Current epoch percent: 1.000, step: 2616
Train loss: 0.00038414862
Train epoch time: 37648.527 ms, per step time: 345.399 ms
Validation accuracy: 1.0
No improvement in accuracy for 4 epochs (best acc = 1.0).
***Epoch: 24***
Current epoch percent: 1.000, step: 2725
Train loss: 0.00037364181
Train epoch time: 37648.340 ms, per step time: 345.398 ms
Validation accuracy: 1.0
No improvement in accuracy for 5 epochs (best acc = 1.0).
***Epoch: 25***
Current epoch percent: 1.000, step: 2834
Train loss: 0.00028967345
Train epoch time: 37652.353 ms, per step time: 345.434 ms
Validation accuracy: 1.0
No improvement in accuracy for 6 epochs (best acc = 1.0).
***Epoch: 26***
Current epoch percent: 1.000, step: 2943
Train loss: 0.0002735841
Train epoch time: 37649.301 ms, per step time: 345.406 ms
Validation accuracy: 1.0
No improvement in accuracy for 7 epochs (best acc = 1.0).
***Epoch: 27***
Current epoch percent: 1.000, step: 3052
Train loss: 0.00033314156
Train epoch time: 37652.387 ms, per step time: 345.435 ms
Validation accuracy: 1.0
No improvement in accuracy for 8 epochs (best acc = 1.0).
***Epoch: 28***
Current epoch percent: 1.000, step: 3161
Train loss: 0.00022729326
Train epoch time: 37654.747 ms, per step time: 345.456 ms
Validation accuracy: 1.0
No improvement in accuracy for 9 epochs (best acc = 1.0).
***Epoch: 29***
Current epoch percent: 1.000, step: 3270
Train loss: 0.00019096152
Train epoch time: 37668.738 ms, per step time: 345.585 ms
Validation accuracy: 1.0
No improvement in accuracy for 10 epochs (best acc = 1.0).
***Epoch: 30***
Current epoch percent: 1.000, step: 3379
Train loss: 0.00021055674
Train epoch time: 37645.037 ms, per step time: 345.367 ms
Validation accuracy: 1.0
No improvement in accuracy for 11 epochs (best acc = 1.0).
***Epoch: 31***
Current epoch percent: 1.000, step: 3488
Train loss: 0.00016750742
Train epoch time: 37663.384 ms, per step time: 345.536 ms
Validation accuracy: 1.0
No improvement in accuracy for 12 epochs (best acc = 1.0).
***Epoch: 32***
Current epoch percent: 1.000, step: 3597
Train loss: 0.00018009715
Train epoch time: 37664.575 ms, per step time: 345.547 ms
Validation accuracy: 1.0
No improvement in accuracy for 13 epochs (best acc = 1.0).
***Epoch: 33***
Current epoch percent: 1.000, step: 3706
Train loss: 0.0001569238
Train epoch time: 37654.922 ms, per step time: 345.458 ms
Validation accuracy: 1.0
No improvement in accuracy for 14 epochs (best acc = 1.0).
***Epoch: 34***
Current epoch percent: 1.000, step: 3815
Train loss: 0.00014925073
Train epoch time: 37655.575 ms, per step time: 345.464 ms
Validation accuracy: 1.0
No improvement in accuracy for 15 epochs (best acc = 1.0).
***Epoch: 35***
Current epoch percent: 1.000, step: 3924
Train loss: 0.00012877373
Train epoch time: 37650.677 ms, per step time: 345.419 ms
Validation accuracy: 1.0
No improvement in accuracy for 16 epochs (best acc = 1.0).
***Epoch: 36***
Current epoch percent: 1.000, step: 4033
Train loss: 0.00011234424
Train epoch time: 37656.282 ms, per step time: 345.470 ms
Validation accuracy: 1.0
No improvement in accuracy for 17 epochs (best acc = 1.0).
***Epoch: 37***
Current epoch percent: 1.000, step: 4142
Train loss: 0.000116575
Train epoch time: 37658.232 ms, per step time: 345.488 ms
Validation accuracy: 1.0
No improvement in accuracy for 18 epochs (best acc = 1.0).
***Epoch: 38***
Current epoch percent: 1.000, step: 4251
Train loss: 0.00010723711
Train epoch time: 37656.574 ms, per step time: 345.473 ms
Validation accuracy: 1.0
No improvement in accuracy for 19 epochs (best acc = 1.0).
***Epoch: 39***
Current epoch percent: 1.000, step: 4360
Train loss: 8.733926e-05
Train epoch time: 37658.870 ms, per step time: 345.494 ms
Validation accuracy: 1.0
No improvement in accuracy for 20 epochs (best acc = 1.0).
***Epoch: 40***
Current epoch percent: 1.000, step: 4469
Train loss: 8.3617815e-05
Train epoch time: 37652.008 ms, per step time: 345.431 ms
Validation accuracy: 1.0
No improvement in accuracy for 21 epochs (best acc = 1.0).
***Epoch: 41***
Current epoch percent: 1.000, step: 4578
Train loss: 9.838183e-05
Train epoch time: 37658.661 ms, per step time: 345.492 ms
Validation accuracy: 1.0
No improvement in accuracy for 22 epochs (best acc = 1.0).
***Epoch: 42***
Current epoch percent: 1.000, step: 4687
Train loss: 8.290951e-05
Train epoch time: 37649.450 ms, per step time: 345.408 ms
Validation accuracy: 1.0
No improvement in accuracy for 23 epochs (best acc = 1.0).
***Epoch: 43***
Current epoch percent: 1.000, step: 4796
Train loss: 7.633532e-05
Train epoch time: 37661.309 ms, per step time: 345.517 ms
Validation accuracy: 1.0
No improvement in accuracy for 24 epochs (best acc = 1.0).
***Epoch: 44***
Current epoch percent: 1.000, step: 4905
Train loss: 6.8565234e-05
Train epoch time: 37661.538 ms, per step time: 345.519 ms
Validation accuracy: 1.0
No improvement in accuracy for 25 epochs (best acc = 1.0).
***Epoch: 45***
Current epoch percent: 1.000, step: 5014
Train loss: 7.705584e-05
Train epoch time: 37649.614 ms, per step time: 345.409 ms
Validation accuracy: 1.0
No improvement in accuracy for 26 epochs (best acc = 1.0).
***Epoch: 46***
Current epoch percent: 1.000, step: 5123
Train loss: 6.5700566e-05
Train epoch time: 37655.525 ms, per step time: 345.464 ms
Validation accuracy: 1.0
No improvement in accuracy for 27 epochs (best acc = 1.0).
***Epoch: 47***
Current epoch percent: 1.000, step: 5232
Train loss: 5.6600387e-05
Train epoch time: 37657.450 ms, per step time: 345.481 ms
Validation accuracy: 1.0
No improvement in accuracy for 28 epochs (best acc = 1.0).
***Epoch: 48***
Current epoch percent: 1.000, step: 5341
Train loss: 5.5680168e-05
Train epoch time: 37651.335 ms, per step time: 345.425 ms
Validation accuracy: 1.0
No improvement in accuracy for 29 epochs (best acc = 1.0).
***Epoch: 49***
Current epoch percent: 1.000, step: 5450
Train loss: 5.3687356e-05
Train epoch time: 37648.176 ms, per step time: 345.396 ms
Validation accuracy: 1.0
No improvement in accuracy for 30 epochs (best acc = 1.0).
***Epoch: 50***
Current epoch percent: 1.000, step: 5559
Train loss: 4.968659e-05
Train epoch time: 37644.706 ms, per step time: 345.364 ms
Validation accuracy: 1.0
No improvement in accuracy for 31 epochs (best acc = 1.0).
***Epoch: 51***
Current epoch percent: 1.000, step: 5668
Train loss: 4.8353042e-05
Train epoch time: 37668.398 ms, per step time: 345.582 ms
Validation accuracy: 1.0
No improvement in accuracy for 32 epochs (best acc = 1.0).
***Epoch: 52***
Current epoch percent: 1.000, step: 5777
Train loss: 4.1252963e-05
Train epoch time: 37655.393 ms, per step time: 345.462 ms
Validation accuracy: 1.0
No improvement in accuracy for 33 epochs (best acc = 1.0).
***Epoch: 53***
Current epoch percent: 1.000, step: 5886
Train loss: 3.8932227e-05
Train epoch time: 37658.376 ms, per step time: 345.490 ms
Validation accuracy: 1.0
No improvement in accuracy for 34 epochs (best acc = 1.0).
***Epoch: 54***
Current epoch percent: 1.000, step: 5995
Train loss: 3.9870916e-05
Train epoch time: 37648.260 ms, per step time: 345.397 ms
Validation accuracy: 1.0
No improvement in accuracy for 35 epochs (best acc = 1.0).
***Epoch: 55***
Current epoch percent: 1.000, step: 6104
Train loss: 4.2880398e-05
Train epoch time: 37654.224 ms, per step time: 345.452 ms
Validation accuracy: 1.0
No improvement in accuracy for 36 epochs (best acc = 1.0).
***Epoch: 56***
Current epoch percent: 1.000, step: 6213
Train loss: 4.2652886e-05
Train epoch time: 37649.348 ms, per step time: 345.407 ms
Validation accuracy: 1.0
No improvement in accuracy for 37 epochs (best acc = 1.0).
***Epoch: 57***
Current epoch percent: 1.000, step: 6322
Train loss: 3.3776603e-05
Train epoch time: 37647.053 ms, per step time: 345.386 ms
Validation accuracy: 1.0
No improvement in accuracy for 38 epochs (best acc = 1.0).
***Epoch: 58***
Current epoch percent: 1.000, step: 6431
Train loss: 2.982793e-05
Train epoch time: 37650.967 ms, per step time: 345.422 ms
Validation accuracy: 1.0
No improvement in accuracy for 39 epochs (best acc = 1.0).
***Epoch: 59***
Current epoch percent: 1.000, step: 6540
Train loss: 3.305764e-05
Train epoch time: 37666.575 ms, per step time: 345.565 ms
Validation accuracy: 1.0
No improvement in accuracy for 40 epochs (best acc = 1.0).
***Epoch: 60***
Current epoch percent: 1.000, step: 6649
Train loss: 3.1593652e-05
Train epoch time: 37654.573 ms, per step time: 345.455 ms
Validation accuracy: 1.0
No improvement in accuracy for 41 epochs (best acc = 1.0).
***Epoch: 61***
Current epoch percent: 1.000, step: 6758
Train loss: 2.5488102e-05
Train epoch time: 37653.157 ms, per step time: 345.442 ms
Validation accuracy: 1.0
No improvement in accuracy for 42 epochs (best acc = 1.0).
***Epoch: 62***
Current epoch percent: 1.000, step: 6867
Train loss: 2.67174e-05
Train epoch time: 37645.717 ms, per step time: 345.374 ms
Validation accuracy: 1.0
No improvement in accuracy for 43 epochs (best acc = 1.0).
***Epoch: 63***
Current epoch percent: 1.000, step: 6976
Train loss: 2.494046e-05
Train epoch time: 37647.431 ms, per step time: 345.389 ms
Validation accuracy: 1.0
No improvement in accuracy for 44 epochs (best acc = 1.0).
***Epoch: 64***
Current epoch percent: 1.000, step: 7085
Train loss: 2.565568e-05
Train epoch time: 37638.908 ms, per step time: 345.311 ms
Validation accuracy: 1.0
No improvement in accuracy for 45 epochs (best acc = 1.0).
***Epoch: 65***
Current epoch percent: 1.000, step: 7194
Train loss: 2.3897388e-05
Train epoch time: 37653.822 ms, per step time: 345.448 ms
Validation accuracy: 1.0
No improvement in accuracy for 46 epochs (best acc = 1.0).
***Epoch: 66***
Current epoch percent: 1.000, step: 7303
Train loss: 2.245204e-05
Train epoch time: 37651.618 ms, per step time: 345.428 ms
Validation accuracy: 1.0
No improvement in accuracy for 47 epochs (best acc = 1.0).
***Epoch: 67***
Current epoch percent: 1.000, step: 7412
Train loss: 2.2489254e-05
Train epoch time: 37660.366 ms, per step time: 345.508 ms
Validation accuracy: 1.0
No improvement in accuracy for 48 epochs (best acc = 1.0).
***Epoch: 68***
Current epoch percent: 1.000, step: 7521
Train loss: 1.9267007e-05
Train epoch time: 37652.744 ms, per step time: 345.438 ms
Validation accuracy: 1.0
No improvement in accuracy for 49 epochs (best acc = 1.0).
***Epoch: 69***
Current epoch percent: 1.000, step: 7630
Train loss: 1.906584e-05
Train epoch time: 37650.847 ms, per step time: 345.421 ms

Validation accuracy: 1.0
No improvement in accuracy for 50 epochs (best acc = 1.0).
Early stopping due to no improvement.
Find the newest checkpoint:  /data2/xuguoshun/Enzymes/BM_works/Bert_Casp80/BM-P80/fold_1/saved_models/P80_Best_Model.ckpt
======Val======
** BM-P80/fold_1/mr_data/val.mindrecord

========================================
                model data  AUC  ACC  precision  Recall   F1  MCC  Sensitivity  Specificity
model  P80_Best_Model       1.0  1.0        1.0     1.0  1.0  1.0          1.0          1.0
========================================

======Test======
** BM-P80/fold_1/mr_data/test.mindrecord

========================================
                model data  AUC  ACC  precision  Recall   F1  MCC  Sensitivity  Specificity
model  P80_Best_Model       1.0  1.0        1.0     1.0  1.0  1.0          1.0          1.0
========================================

FINISH !!!



@@@ fold_10 @@@
python /data2/xuguoshun/MPBert3/mpbert_classification_1x_v3.py --config_path /data2/xuguoshun/MPBert3/config_2048.yaml --do_train True --do_eval True --description classification --num_class 2 --epoch_num 200 --early_stopping_rounds 50 --frozen_bert False --device_id 4 --data_url BM-P80/fold_10/mr_data/ --load_checkpoint_url /data2/xuguoshun/MPBert3/uniref_50_2048.ckpt --output_url BM-P80/fold_10/saved_models --task_name P80 --train_batch_size 32
3 <src.bert_model.BertConfig object at 0xfffd865fb510>
{'bert_net_cfg': <src.bert_model.BertConfig object at 0xfffd865fb510>,
 'concat_hidden_size': 512,
 'concat_layer_num': 1,
 'config_path': '/data2/xuguoshun/MPBert3/config_2048.yaml',
 'cut_layer_num': 0,
 'data_spilt_num': 3,
 'data_url': 'BM-P80/fold_10/mr_data/',
 'dataset_format': 'mindrecord',
 'description': 'classification',
 'device_id': 4,
 'device_target': 'Ascend',
 'do_eval': True,
 'do_predict': False,
 'do_train': True,
 'dssp_hidden_size': 128,
 'dssp_layer_num': 1,
 'early_stopping_rounds': 50,
 'enable_modelarts': False,
 'enable_profiling': False,
 'epoch_num': 200,
 'eval_batch_size': 1,
 'eval_data_shuffle': 'false',
 'file_format': 'MINDIR',
 'frozen_bert': False,
 'label_percent': '1:1',
 'load_checkpoint_url': '/data2/xuguoshun/MPBert3/uniref_50_2048.ckpt',
 'load_pretrain': True,
 'loss_gamma': 2.0,
 'loss_name': 'CrossEntropy',
 'metrics': 'ACC',
 'num_class': 2,
 'optimizer_cfg': {'AdamWeightDecay': {'decay_filter': <function extra_operations.<locals>.create_filter_fun.<locals>.<lambda> at 0xfffd865e1680>,
 'end_learning_rate': 1e-10,
 'eps': 1e-06,
 'learning_rate': 1e-05,
 'power': 1.0,
 'weight_decay': 1e-05},
 'Lamb': {'decay_filter': <function extra_operations.<locals>.create_filter_fun.<locals>.<lambda> at 0xfffd865e1560>,
 'end_learning_rate': 1e-10,
 'learning_rate': 2e-05,
 'power': 1.0,
 'weight_decay': 0.01},
 'Momentum': {'learning_rate': 2e-05, 'momentum': 0.9},
 'optimizer': 'AdamWeightDecay'},
 'output_url': 'BM-P80/fold_10/saved_models',
 'print_predict': False,
 'pssm_hidden_size': 128,
 'pssm_layer_num': 1,
 'return_csv': False,
 'return_sequence': False,
 'task_name': 'P80',
 'train_batch_size': 32,
 'train_data_shuffle': 'true',
 'use_pynative_mode': False,
 'vocab_file': '',
 'with_lstm': False}
 >>> Eval: Val file is val.mindrecord.
 >>> Eval: Test file is test.mindrecord.
==============================================================
processor_name: Ascend
test_name: P80
batch_size: 32
 >>> Train: Train file is train.mindrecord.
 >>> Train: Val file is val.mindrecord.
***Epoch: 0***
Current epoch percent: 1.000, step: 109
Train loss: 0.56131077
Train epoch time: 70390.760 ms, per step time: 645.787 ms
Validation accuracy: 0.9432989690721649
New best accuracy: 0.9432989690721649, saved best model to :
BM-P80/fold_10/saved_models/P80_Best_Model.ckpt
***Epoch: 1***
Current epoch percent: 1.000, step: 218
Train loss: 0.12356105
Train epoch time: 37531.195 ms, per step time: 344.323 ms
Validation accuracy: 0.9845360824742269
New best accuracy: 0.9845360824742269, saved best model to :
BM-P80/fold_10/saved_models/P80_Best_Model.ckpt
***Epoch: 2***
Current epoch percent: 1.000, step: 327
Train loss: 0.050815992
Train epoch time: 37528.422 ms, per step time: 344.297 ms
Validation accuracy: 0.9896907216494846
New best accuracy: 0.9896907216494846, saved best model to :
BM-P80/fold_10/saved_models/P80_Best_Model.ckpt
***Epoch: 3***
Current epoch percent: 1.000, step: 436
Train loss: 0.019285526
Train epoch time: 37533.739 ms, per step time: 344.346 ms
Validation accuracy: 0.9948453608247423
New best accuracy: 0.9948453608247423, saved best model to :
BM-P80/fold_10/saved_models/P80_Best_Model.ckpt
***Epoch: 4***
Current epoch percent: 1.000, step: 545
Train loss: 0.03351759
Train epoch time: 37547.843 ms, per step time: 344.476 ms
Validation accuracy: 0.9948453608247423
No improvement in accuracy for 1 epochs (best acc = 0.9948453608247423).
***Epoch: 5***
Current epoch percent: 1.000, step: 654
Train loss: 0.009285644
Train epoch time: 37526.497 ms, per step time: 344.280 ms
Validation accuracy: 0.9974226804123711
New best accuracy: 0.9974226804123711, saved best model to :
BM-P80/fold_10/saved_models/P80_Best_Model.ckpt
***Epoch: 6***
Current epoch percent: 1.000, step: 763
Train loss: 0.013096554
Train epoch time: 37531.177 ms, per step time: 344.323 ms
Validation accuracy: 0.9974226804123711
No improvement in accuracy for 1 epochs (best acc = 0.9974226804123711).
***Epoch: 7***
Current epoch percent: 1.000, step: 872
Train loss: 0.0040753586
Train epoch time: 37534.062 ms, per step time: 344.349 ms
Validation accuracy: 0.9974226804123711
No improvement in accuracy for 2 epochs (best acc = 0.9974226804123711).
***Epoch: 8***
Current epoch percent: 1.000, step: 981
Train loss: 0.0035894562
Train epoch time: 37530.540 ms, per step time: 344.317 ms
Validation accuracy: 0.9974226804123711
No improvement in accuracy for 3 epochs (best acc = 0.9974226804123711).
***Epoch: 9***
Current epoch percent: 1.000, step: 1090
Train loss: 0.0041155517
Train epoch time: 37539.689 ms, per step time: 344.401 ms
Validation accuracy: 0.9922680412371134
No improvement in accuracy for 4 epochs (best acc = 0.9974226804123711).
***Epoch: 10***
Current epoch percent: 1.000, step: 1199
Train loss: 0.003692277
Train epoch time: 37527.383 ms, per step time: 344.288 ms
Validation accuracy: 0.9948453608247423
No improvement in accuracy for 5 epochs (best acc = 0.9974226804123711).
***Epoch: 11***
Current epoch percent: 1.000, step: 1308
Train loss: 0.0017692761
Train epoch time: 37529.564 ms, per step time: 344.308 ms
Validation accuracy: 0.9948453608247423
No improvement in accuracy for 6 epochs (best acc = 0.9974226804123711).
***Epoch: 12***
Current epoch percent: 1.000, step: 1417
Train loss: 0.0012300413
Train epoch time: 37519.741 ms, per step time: 344.218 ms
Validation accuracy: 0.9948453608247423
No improvement in accuracy for 7 epochs (best acc = 0.9974226804123711).
***Epoch: 13***
Current epoch percent: 1.000, step: 1526
Train loss: 0.0010261689
Train epoch time: 37531.307 ms, per step time: 344.324 ms
Validation accuracy: 0.9974226804123711
No improvement in accuracy for 8 epochs (best acc = 0.9974226804123711).
***Epoch: 14***
Current epoch percent: 1.000, step: 1635
Train loss: 0.0010954592
Train epoch time: 37528.292 ms, per step time: 344.296 ms
Validation accuracy: 0.9974226804123711
No improvement in accuracy for 9 epochs (best acc = 0.9974226804123711).
***Epoch: 15***
Current epoch percent: 1.000, step: 1744
Train loss: 0.0007651018
Train epoch time: 37532.325 ms, per step time: 344.333 ms
Validation accuracy: 0.9974226804123711
No improvement in accuracy for 10 epochs (best acc = 0.9974226804123711).
***Epoch: 16***
Current epoch percent: 1.000, step: 1853
Train loss: 0.0006141972
Train epoch time: 37542.122 ms, per step time: 344.423 ms
Validation accuracy: 0.9974226804123711
No improvement in accuracy for 11 epochs (best acc = 0.9974226804123711).
***Epoch: 17***
Current epoch percent: 1.000, step: 1962
Train loss: 0.00054112007
Train epoch time: 37525.501 ms, per step time: 344.271 ms
Validation accuracy: 0.9974226804123711
No improvement in accuracy for 12 epochs (best acc = 0.9974226804123711).
***Epoch: 18***
Current epoch percent: 1.000, step: 2071
Train loss: 0.00043344658
Train epoch time: 37535.037 ms, per step time: 344.358 ms
Validation accuracy: 0.9974226804123711
No improvement in accuracy for 13 epochs (best acc = 0.9974226804123711).
***Epoch: 19***
Current epoch percent: 1.000, step: 2180
Train loss: 0.0003973705
Train epoch time: 37528.758 ms, per step time: 344.301 ms
Validation accuracy: 0.9974226804123711
No improvement in accuracy for 14 epochs (best acc = 0.9974226804123711).
***Epoch: 20***
Current epoch percent: 1.000, step: 2289
Train loss: 0.00038005735
Train epoch time: 37526.314 ms, per step time: 344.278 ms
Validation accuracy: 0.9948453608247423
No improvement in accuracy for 15 epochs (best acc = 0.9974226804123711).
***Epoch: 21***
Current epoch percent: 1.000, step: 2398
Train loss: 0.00032108062
Train epoch time: 37535.370 ms, per step time: 344.361 ms
Validation accuracy: 0.9974226804123711
No improvement in accuracy for 16 epochs (best acc = 0.9974226804123711).
***Epoch: 22***
Current epoch percent: 1.000, step: 2507
Train loss: 0.00025202756
Train epoch time: 37533.654 ms, per step time: 344.345 ms
Validation accuracy: 0.9948453608247423
No improvement in accuracy for 17 epochs (best acc = 0.9974226804123711).
***Epoch: 23***
Current epoch percent: 1.000, step: 2616
Train loss: 0.00026077172
Train epoch time: 37530.716 ms, per step time: 344.318 ms
Validation accuracy: 0.9974226804123711
No improvement in accuracy for 18 epochs (best acc = 0.9974226804123711).
***Epoch: 24***
Current epoch percent: 1.000, step: 2725
Train loss: 0.00022646331
Train epoch time: 37532.886 ms, per step time: 344.338 ms
Validation accuracy: 0.9948453608247423
No improvement in accuracy for 19 epochs (best acc = 0.9974226804123711).
***Epoch: 25***
Current epoch percent: 1.000, step: 2834
Train loss: 0.00020486515
Train epoch time: 37529.344 ms, per step time: 344.306 ms
Validation accuracy: 0.9948453608247423
No improvement in accuracy for 20 epochs (best acc = 0.9974226804123711).
***Epoch: 26***
Current epoch percent: 1.000, step: 2943
Train loss: 0.00018252552
Train epoch time: 37529.666 ms, per step time: 344.309 ms
Validation accuracy: 0.9974226804123711
No improvement in accuracy for 21 epochs (best acc = 0.9974226804123711).
***Epoch: 27***
Current epoch percent: 1.000, step: 3052
Train loss: 0.00019326957
Train epoch time: 37528.859 ms, per step time: 344.301 ms
Validation accuracy: 0.9948453608247423
No improvement in accuracy for 22 epochs (best acc = 0.9974226804123711).
***Epoch: 28***
Current epoch percent: 1.000, step: 3161
Train loss: 0.00015473989
Train epoch time: 37525.522 ms, per step time: 344.271 ms
Validation accuracy: 0.9948453608247423
No improvement in accuracy for 23 epochs (best acc = 0.9974226804123711).
***Epoch: 29***
Current epoch percent: 1.000, step: 3270
Train loss: 0.00014773352
Train epoch time: 37538.338 ms, per step time: 344.388 ms
Validation accuracy: 0.9974226804123711
No improvement in accuracy for 24 epochs (best acc = 0.9974226804123711).
***Epoch: 30***
Current epoch percent: 1.000, step: 3379
Train loss: 0.00014283536
Train epoch time: 37530.979 ms, per step time: 344.321 ms
Validation accuracy: 0.9974226804123711
No improvement in accuracy for 25 epochs (best acc = 0.9974226804123711).
***Epoch: 31***
Current epoch percent: 1.000, step: 3488
Train loss: 0.00013105405
Train epoch time: 37535.946 ms, per step time: 344.366 ms
Validation accuracy: 0.9974226804123711
No improvement in accuracy for 26 epochs (best acc = 0.9974226804123711).
***Epoch: 32***
Current epoch percent: 1.000, step: 3597
Train loss: 0.00012673327
Train epoch time: 37528.534 ms, per step time: 344.298 ms
Validation accuracy: 0.9974226804123711
No improvement in accuracy for 27 epochs (best acc = 0.9974226804123711).
***Epoch: 33***
Current epoch percent: 1.000, step: 3706
Train loss: 0.00011092164
Train epoch time: 37528.543 ms, per step time: 344.299 ms
Validation accuracy: 0.9974226804123711
No improvement in accuracy for 28 epochs (best acc = 0.9974226804123711).
***Epoch: 34***
Current epoch percent: 1.000, step: 3815
Train loss: 0.000113685004
Train epoch time: 37527.312 ms, per step time: 344.287 ms
Validation accuracy: 0.9974226804123711
No improvement in accuracy for 29 epochs (best acc = 0.9974226804123711).
***Epoch: 35***
Current epoch percent: 1.000, step: 3924
Train loss: 9.760495e-05
Train epoch time: 37532.223 ms, per step time: 344.332 ms
Validation accuracy: 0.9974226804123711
No improvement in accuracy for 30 epochs (best acc = 0.9974226804123711).
***Epoch: 36***
Current epoch percent: 1.000, step: 4033
Train loss: 9.310535e-05
Train epoch time: 37533.213 ms, per step time: 344.341 ms
Validation accuracy: 0.9974226804123711
No improvement in accuracy for 31 epochs (best acc = 0.9974226804123711).
***Epoch: 37***
Current epoch percent: 1.000, step: 4142
Train loss: 8.948456e-05
Train epoch time: 37533.869 ms, per step time: 344.347 ms
Validation accuracy: 0.9974226804123711
No improvement in accuracy for 32 epochs (best acc = 0.9974226804123711).
***Epoch: 38***
Current epoch percent: 1.000, step: 4251
Train loss: 8.203059e-05
Train epoch time: 37539.811 ms, per step time: 344.402 ms
Validation accuracy: 0.9974226804123711
No improvement in accuracy for 33 epochs (best acc = 0.9974226804123711).
***Epoch: 39***
Current epoch percent: 1.000, step: 4360
Train loss: 7.4458265e-05
Train epoch time: 37549.526 ms, per step time: 344.491 ms
Validation accuracy: 0.9974226804123711
No improvement in accuracy for 34 epochs (best acc = 0.9974226804123711).
***Epoch: 40***
Current epoch percent: 1.000, step: 4469
Train loss: 7.3471005e-05
Train epoch time: 37544.972 ms, per step time: 344.449 ms
Validation accuracy: 0.9974226804123711
No improvement in accuracy for 35 epochs (best acc = 0.9974226804123711).
***Epoch: 41***
Current epoch percent: 1.000, step: 4578
Train loss: 6.1741e-05
Train epoch time: 37548.542 ms, per step time: 344.482 ms
Validation accuracy: 0.9974226804123711
No improvement in accuracy for 36 epochs (best acc = 0.9974226804123711).
***Epoch: 42***
Current epoch percent: 1.000, step: 4687
Train loss: 6.289946e-05
Train epoch time: 37549.288 ms, per step time: 344.489 ms
Validation accuracy: 0.9974226804123711
No improvement in accuracy for 37 epochs (best acc = 0.9974226804123711).
***Epoch: 43***
Current epoch percent: 1.000, step: 4796
Train loss: 6.377476e-05
Train epoch time: 37538.960 ms, per step time: 344.394 ms
Validation accuracy: 0.9974226804123711
No improvement in accuracy for 38 epochs (best acc = 0.9974226804123711).
***Epoch: 44***
Current epoch percent: 1.000, step: 4905
Train loss: 5.627626e-05
Train epoch time: 37543.710 ms, per step time: 344.438 ms
Validation accuracy: 0.9974226804123711
No improvement in accuracy for 39 epochs (best acc = 0.9974226804123711).
***Epoch: 45***
Current epoch percent: 1.000, step: 5014
Train loss: 5.0729657e-05
Train epoch time: 37531.174 ms, per step time: 344.323 ms
Validation accuracy: 0.9974226804123711
No improvement in accuracy for 40 epochs (best acc = 0.9974226804123711).
***Epoch: 46***
Current epoch percent: 1.000, step: 5123
Train loss: 4.756706e-05
Train epoch time: 37532.548 ms, per step time: 344.335 ms
Validation accuracy: 0.9974226804123711
No improvement in accuracy for 41 epochs (best acc = 0.9974226804123711).
***Epoch: 47***
Current epoch percent: 1.000, step: 5232
Train loss: 4.7306283e-05
Train epoch time: 37538.967 ms, per step time: 344.394 ms
Validation accuracy: 0.9974226804123711
No improvement in accuracy for 42 epochs (best acc = 0.9974226804123711).
***Epoch: 48***
Current epoch percent: 1.000, step: 5341
Train loss: 4.5387795e-05
Train epoch time: 37547.127 ms, per step time: 344.469 ms
Validation accuracy: 0.9974226804123711
No improvement in accuracy for 43 epochs (best acc = 0.9974226804123711).
***Epoch: 49***
Current epoch percent: 1.000, step: 5450
Train loss: 4.16739e-05
Train epoch time: 37534.004 ms, per step time: 344.349 ms
Validation accuracy: 0.9974226804123711
No improvement in accuracy for 44 epochs (best acc = 0.9974226804123711).
***Epoch: 50***
Current epoch percent: 1.000, step: 5559
Train loss: 4.035149e-05
Train epoch time: 37531.806 ms, per step time: 344.328 ms
Validation accuracy: 0.9974226804123711
No improvement in accuracy for 45 epochs (best acc = 0.9974226804123711).
***Epoch: 51***
Current epoch percent: 1.000, step: 5668
Train loss: 4.009444e-05
Train epoch time: 37534.381 ms, per step time: 344.352 ms
Validation accuracy: 0.9974226804123711
No improvement in accuracy for 46 epochs (best acc = 0.9974226804123711).
***Epoch: 52***
Current epoch percent: 1.000, step: 5777
Train loss: 3.3623877e-05
Train epoch time: 37533.235 ms, per step time: 344.342 ms
Validation accuracy: 0.9974226804123711
No improvement in accuracy for 47 epochs (best acc = 0.9974226804123711).
***Epoch: 53***
Current epoch percent: 1.000, step: 5886
Train loss: 3.3389177e-05
Train epoch time: 37534.488 ms, per step time: 344.353 ms
Validation accuracy: 0.9974226804123711
No improvement in accuracy for 48 epochs (best acc = 0.9974226804123711).
***Epoch: 54***
Current epoch percent: 1.000, step: 5995
Train loss: 4.551659e-05
Train epoch time: 37539.710 ms, per step time: 344.401 ms
Validation accuracy: 0.9974226804123711
No improvement in accuracy for 49 epochs (best acc = 0.9974226804123711).
***Epoch: 55***
Current epoch percent: 1.000, step: 6104
Train loss: 3.0524523e-05
Train epoch time: 37539.707 ms, per step time: 344.401 ms

Validation accuracy: 0.9974226804123711
No improvement in accuracy for 50 epochs (best acc = 0.9974226804123711).
Early stopping due to no improvement.
Find the newest checkpoint:  /data2/xuguoshun/Enzymes/BM_works/Bert_Casp80/BM-P80/fold_10/saved_models/P80_Best_Model.ckpt
======Val======
** BM-P80/fold_10/mr_data/val.mindrecord

========================================
                model data       AUC       ACC  precision    Recall        F1       MCC  Sensitivity  Specificity
model  P80_Best_Model       0.999973  0.997423   0.997436  0.997423  0.997423  0.994859          1.0     0.994845
========================================

======Test======
** BM-P80/fold_10/mr_data/test.mindrecord

========================================
                model data       AUC       ACC  precision    Recall        F1       MCC  Sensitivity  Specificity
model  P80_Best_Model       0.999973  0.997423   0.997436  0.997423  0.997423  0.994859          1.0     0.994845
========================================

FINISH !!!



@@@ fold_2 @@@
python /data2/xuguoshun/MPBert3/mpbert_classification_1x_v3.py --config_path /data2/xuguoshun/MPBert3/config_2048.yaml --do_train True --do_eval True --description classification --num_class 2 --epoch_num 200 --early_stopping_rounds 50 --frozen_bert False --device_id 4 --data_url BM-P80/fold_2/mr_data/ --load_checkpoint_url /data2/xuguoshun/MPBert3/uniref_50_2048.ckpt --output_url BM-P80/fold_2/saved_models --task_name P80 --train_batch_size 32
3 <src.bert_model.BertConfig object at 0xfffc3d8ba4d0>
{'bert_net_cfg': <src.bert_model.BertConfig object at 0xfffc3d8ba4d0>,
 'concat_hidden_size': 512,
 'concat_layer_num': 1,
 'config_path': '/data2/xuguoshun/MPBert3/config_2048.yaml',
 'cut_layer_num': 0,
 'data_spilt_num': 3,
 'data_url': 'BM-P80/fold_2/mr_data/',
 'dataset_format': 'mindrecord',
 'description': 'classification',
 'device_id': 4,
 'device_target': 'Ascend',
 'do_eval': True,
 'do_predict': False,
 'do_train': True,
 'dssp_hidden_size': 128,
 'dssp_layer_num': 1,
 'early_stopping_rounds': 50,
 'enable_modelarts': False,
 'enable_profiling': False,
 'epoch_num': 200,
 'eval_batch_size': 1,
 'eval_data_shuffle': 'false',
 'file_format': 'MINDIR',
 'frozen_bert': False,
 'label_percent': '1:1',
 'load_checkpoint_url': '/data2/xuguoshun/MPBert3/uniref_50_2048.ckpt',
 'load_pretrain': True,
 'loss_gamma': 2.0,
 'loss_name': 'CrossEntropy',
 'metrics': 'ACC',
 'num_class': 2,
 'optimizer_cfg': {'AdamWeightDecay': {'decay_filter': <function extra_operations.<locals>.create_filter_fun.<locals>.<lambda> at 0xfffc3d8a1680>,
 'end_learning_rate': 1e-10,
 'eps': 1e-06,
 'learning_rate': 1e-05,
 'power': 1.0,
 'weight_decay': 1e-05},
 'Lamb': {'decay_filter': <function extra_operations.<locals>.create_filter_fun.<locals>.<lambda> at 0xfffc3d8a1560>,
 'end_learning_rate': 1e-10,
 'learning_rate': 2e-05,
 'power': 1.0,
 'weight_decay': 0.01},
 'Momentum': {'learning_rate': 2e-05, 'momentum': 0.9},
 'optimizer': 'AdamWeightDecay'},
 'output_url': 'BM-P80/fold_2/saved_models',
 'print_predict': False,
 'pssm_hidden_size': 128,
 'pssm_layer_num': 1,
 'return_csv': False,
 'return_sequence': False,
 'task_name': 'P80',
 'train_batch_size': 32,
 'train_data_shuffle': 'true',
 'use_pynative_mode': False,
 'vocab_file': '',
 'with_lstm': False}
 >>> Eval: Val file is val.mindrecord.
 >>> Eval: Test file is test.mindrecord.
==============================================================
processor_name: Ascend
test_name: P80
batch_size: 32
 >>> Train: Train file is train.mindrecord.
 >>> Train: Val file is val.mindrecord.
***Epoch: 0***
Current epoch percent: 1.000, step: 109
Train loss: 0.6430365
Train epoch time: 74729.800 ms, per step time: 685.594 ms
Validation accuracy: 0.9230769230769231
New best accuracy: 0.9230769230769231, saved best model to :
BM-P80/fold_2/saved_models/P80_Best_Model.ckpt
***Epoch: 1***
Current epoch percent: 1.000, step: 218
Train loss: 0.25075936
Train epoch time: 37666.981 ms, per step time: 345.569 ms
Validation accuracy: 0.9923076923076923
New best accuracy: 0.9923076923076923, saved best model to :
BM-P80/fold_2/saved_models/P80_Best_Model.ckpt
***Epoch: 2***
Current epoch percent: 1.000, step: 327
Train loss: 0.045343332
Train epoch time: 37675.238 ms, per step time: 345.644 ms
Validation accuracy: 0.9923076923076923
No improvement in accuracy for 1 epochs (best acc = 0.9923076923076923).
***Epoch: 3***
Current epoch percent: 1.000, step: 436
Train loss: 0.05015259
Train epoch time: 37667.696 ms, per step time: 345.575 ms
Validation accuracy: 0.9974358974358974
New best accuracy: 0.9974358974358974, saved best model to :
BM-P80/fold_2/saved_models/P80_Best_Model.ckpt
***Epoch: 4***
Current epoch percent: 1.000, step: 545
Train loss: 0.013449231
Train epoch time: 37676.721 ms, per step time: 345.658 ms
Validation accuracy: 0.9948717948717949
No improvement in accuracy for 1 epochs (best acc = 0.9974358974358974).
***Epoch: 5***
Current epoch percent: 1.000, step: 654
Train loss: 0.007897841
Train epoch time: 37728.162 ms, per step time: 346.130 ms
Validation accuracy: 0.9974358974358974
No improvement in accuracy for 2 epochs (best acc = 0.9974358974358974).
***Epoch: 6***
Current epoch percent: 1.000, step: 763
Train loss: 0.005602562
Train epoch time: 37673.835 ms, per step time: 345.632 ms
Validation accuracy: 0.9948717948717949
No improvement in accuracy for 3 epochs (best acc = 0.9974358974358974).
***Epoch: 7***
Current epoch percent: 1.000, step: 872
Train loss: 0.00418197
Train epoch time: 37674.170 ms, per step time: 345.635 ms
Validation accuracy: 0.9948717948717949
No improvement in accuracy for 4 epochs (best acc = 0.9974358974358974).
***Epoch: 8***
Current epoch percent: 1.000, step: 981
Train loss: 0.0030872645
Train epoch time: 37677.358 ms, per step time: 345.664 ms
Validation accuracy: 0.9974358974358974
No improvement in accuracy for 5 epochs (best acc = 0.9974358974358974).
***Epoch: 9***
Current epoch percent: 1.000, step: 1090
Train loss: 0.002283102
Train epoch time: 37678.715 ms, per step time: 345.676 ms
Validation accuracy: 0.9948717948717949
No improvement in accuracy for 6 epochs (best acc = 0.9974358974358974).
***Epoch: 10***
Current epoch percent: 1.000, step: 1199
Train loss: 0.0019448348
Train epoch time: 37672.085 ms, per step time: 345.615 ms
Validation accuracy: 0.9948717948717949
No improvement in accuracy for 7 epochs (best acc = 0.9974358974358974).
***Epoch: 11***
Current epoch percent: 1.000, step: 1308
Train loss: 0.0926901
Train epoch time: 37668.161 ms, per step time: 345.579 ms
Validation accuracy: 0.9923076923076923
No improvement in accuracy for 8 epochs (best acc = 0.9974358974358974).
***Epoch: 12***
Current epoch percent: 1.000, step: 1417
Train loss: 0.0012258528
Train epoch time: 37679.478 ms, per step time: 345.683 ms
Validation accuracy: 0.9948717948717949
No improvement in accuracy for 9 epochs (best acc = 0.9974358974358974).
***Epoch: 13***
Current epoch percent: 1.000, step: 1526
Train loss: 0.0010427898
Train epoch time: 37664.535 ms, per step time: 345.546 ms
Validation accuracy: 0.9948717948717949
No improvement in accuracy for 10 epochs (best acc = 0.9974358974358974).
***Epoch: 14***
Current epoch percent: 1.000, step: 1635
Train loss: 0.0009355319
Train epoch time: 37674.596 ms, per step time: 345.638 ms
Validation accuracy: 0.9948717948717949
No improvement in accuracy for 11 epochs (best acc = 0.9974358974358974).
***Epoch: 15***
Current epoch percent: 1.000, step: 1744
Train loss: 0.00075805007
Train epoch time: 37675.190 ms, per step time: 345.644 ms
Validation accuracy: 0.9948717948717949
No improvement in accuracy for 12 epochs (best acc = 0.9974358974358974).
***Epoch: 16***
Current epoch percent: 1.000, step: 1853
Train loss: 0.0006585892
Train epoch time: 37668.897 ms, per step time: 345.586 ms
Validation accuracy: 0.9948717948717949
No improvement in accuracy for 13 epochs (best acc = 0.9974358974358974).
***Epoch: 17***
Current epoch percent: 1.000, step: 1962
Train loss: 0.00055174826
Train epoch time: 37671.272 ms, per step time: 345.608 ms
Validation accuracy: 0.9948717948717949
No improvement in accuracy for 14 epochs (best acc = 0.9974358974358974).
***Epoch: 18***
Current epoch percent: 1.000, step: 2071
Train loss: 0.00047159224
Train epoch time: 37678.543 ms, per step time: 345.675 ms
Validation accuracy: 0.9948717948717949
No improvement in accuracy for 15 epochs (best acc = 0.9974358974358974).
***Epoch: 19***
Current epoch percent: 1.000, step: 2180
Train loss: 0.0004006913
Train epoch time: 37673.274 ms, per step time: 345.626 ms
Validation accuracy: 0.9948717948717949
No improvement in accuracy for 16 epochs (best acc = 0.9974358974358974).
***Epoch: 20***
Current epoch percent: 1.000, step: 2289
Train loss: 0.00044171629
Train epoch time: 37666.613 ms, per step time: 345.565 ms
Validation accuracy: 0.9948717948717949
No improvement in accuracy for 17 epochs (best acc = 0.9974358974358974).
***Epoch: 21***
Current epoch percent: 1.000, step: 2398
Train loss: 0.00034926814
Train epoch time: 37668.165 ms, per step time: 345.579 ms
Validation accuracy: 0.9948717948717949
No improvement in accuracy for 18 epochs (best acc = 0.9974358974358974).
***Epoch: 22***
Current epoch percent: 1.000, step: 2507
Train loss: 0.00029934448
Train epoch time: 37678.918 ms, per step time: 345.678 ms
Validation accuracy: 0.9948717948717949
No improvement in accuracy for 19 epochs (best acc = 0.9974358974358974).
***Epoch: 23***
Current epoch percent: 1.000, step: 2616
Train loss: 0.00031451468
Train epoch time: 37674.789 ms, per step time: 345.640 ms
Validation accuracy: 0.9948717948717949
No improvement in accuracy for 20 epochs (best acc = 0.9974358974358974).
***Epoch: 24***
Current epoch percent: 1.000, step: 2725
Train loss: 0.0002851287
Train epoch time: 37676.788 ms, per step time: 345.659 ms
Validation accuracy: 0.9948717948717949
No improvement in accuracy for 21 epochs (best acc = 0.9974358974358974).
***Epoch: 25***
Current epoch percent: 1.000, step: 2834
Train loss: 0.00025087665
Train epoch time: 37666.792 ms, per step time: 345.567 ms
Validation accuracy: 0.9948717948717949
No improvement in accuracy for 22 epochs (best acc = 0.9974358974358974).
***Epoch: 26***
Current epoch percent: 1.000, step: 2943
Train loss: 0.0002130147
Train epoch time: 37664.226 ms, per step time: 345.543 ms
Validation accuracy: 0.9948717948717949
No improvement in accuracy for 23 epochs (best acc = 0.9974358974358974).
***Epoch: 27***
Current epoch percent: 1.000, step: 3052
Train loss: 0.00021787074
Train epoch time: 37668.827 ms, per step time: 345.586 ms
Validation accuracy: 0.9948717948717949
No improvement in accuracy for 24 epochs (best acc = 0.9974358974358974).
***Epoch: 28***
Current epoch percent: 1.000, step: 3161
Train loss: 0.00019149846
Train epoch time: 37667.647 ms, per step time: 345.575 ms
Validation accuracy: 0.9948717948717949
No improvement in accuracy for 25 epochs (best acc = 0.9974358974358974).
***Epoch: 29***
Current epoch percent: 1.000, step: 3270
Train loss: 0.00018508045
Train epoch time: 37673.436 ms, per step time: 345.628 ms
Validation accuracy: 0.9974358974358974
No improvement in accuracy for 26 epochs (best acc = 0.9974358974358974).
***Epoch: 30***
Current epoch percent: 1.000, step: 3379
Train loss: 0.0001610157
Train epoch time: 37665.080 ms, per step time: 345.551 ms
Validation accuracy: 0.9948717948717949
No improvement in accuracy for 27 epochs (best acc = 0.9974358974358974).
***Epoch: 31***
Current epoch percent: 1.000, step: 3488
Train loss: 0.0001470744
Train epoch time: 37677.837 ms, per step time: 345.668 ms
Validation accuracy: 0.9948717948717949
No improvement in accuracy for 28 epochs (best acc = 0.9974358974358974).
***Epoch: 32***
Current epoch percent: 1.000, step: 3597
Train loss: 0.00013694662
Train epoch time: 37682.580 ms, per step time: 345.712 ms
Validation accuracy: 0.9948717948717949
No improvement in accuracy for 29 epochs (best acc = 0.9974358974358974).
***Epoch: 33***
Current epoch percent: 1.000, step: 3706
Train loss: 0.00014225458
Train epoch time: 37674.673 ms, per step time: 345.639 ms
Validation accuracy: 0.9948717948717949
No improvement in accuracy for 30 epochs (best acc = 0.9974358974358974).
***Epoch: 34***
Current epoch percent: 1.000, step: 3815
Train loss: 0.000113223614
Train epoch time: 37668.913 ms, per step time: 345.586 ms
Validation accuracy: 0.9948717948717949
No improvement in accuracy for 31 epochs (best acc = 0.9974358974358974).
***Epoch: 35***
Current epoch percent: 1.000, step: 3924
Train loss: 0.00012967907
Train epoch time: 37679.340 ms, per step time: 345.682 ms
Validation accuracy: 0.9948717948717949
No improvement in accuracy for 32 epochs (best acc = 0.9974358974358974).
***Epoch: 36***
Current epoch percent: 1.000, step: 4033
Train loss: 0.00010674969
Train epoch time: 37677.501 ms, per step time: 345.665 ms
Validation accuracy: 0.9948717948717949
No improvement in accuracy for 33 epochs (best acc = 0.9974358974358974).
***Epoch: 37***
Current epoch percent: 1.000, step: 4142
Train loss: 9.9895944e-05
Train epoch time: 37675.724 ms, per step time: 345.649 ms
Validation accuracy: 0.9948717948717949
No improvement in accuracy for 34 epochs (best acc = 0.9974358974358974).
***Epoch: 38***
Current epoch percent: 1.000, step: 4251
Train loss: 9.815639e-05
Train epoch time: 37674.836 ms, per step time: 345.641 ms
Validation accuracy: 0.9948717948717949
No improvement in accuracy for 35 epochs (best acc = 0.9974358974358974).
***Epoch: 39***
Current epoch percent: 1.000, step: 4360
Train loss: 8.644149e-05
Train epoch time: 37667.790 ms, per step time: 345.576 ms
Validation accuracy: 0.9948717948717949
No improvement in accuracy for 36 epochs (best acc = 0.9974358974358974).
***Epoch: 40***
Current epoch percent: 1.000, step: 4469
Train loss: 9.6978736e-05
Train epoch time: 37676.237 ms, per step time: 345.654 ms
Validation accuracy: 0.9948717948717949
No improvement in accuracy for 37 epochs (best acc = 0.9974358974358974).
***Epoch: 41***
Current epoch percent: 1.000, step: 4578
Train loss: 8.568088e-05
Train epoch time: 37671.587 ms, per step time: 345.611 ms
Validation accuracy: 0.9948717948717949
No improvement in accuracy for 38 epochs (best acc = 0.9974358974358974).
***Epoch: 42***
Current epoch percent: 1.000, step: 4687
Train loss: 7.7181176e-05
Train epoch time: 37675.245 ms, per step time: 345.644 ms
Validation accuracy: 0.9948717948717949
No improvement in accuracy for 39 epochs (best acc = 0.9974358974358974).
***Epoch: 43***
Current epoch percent: 1.000, step: 4796
Train loss: 6.8930305e-05
Train epoch time: 37671.149 ms, per step time: 345.607 ms
Validation accuracy: 0.9948717948717949
No improvement in accuracy for 40 epochs (best acc = 0.9974358974358974).
***Epoch: 44***
Current epoch percent: 1.000, step: 4905
Train loss: 6.5931614e-05
Train epoch time: 37672.388 ms, per step time: 345.618 ms
Validation accuracy: 0.9948717948717949
No improvement in accuracy for 41 epochs (best acc = 0.9974358974358974).
***Epoch: 45***
Current epoch percent: 1.000, step: 5014
Train loss: 6.457542e-05
Train epoch time: 37691.128 ms, per step time: 345.790 ms
Validation accuracy: 0.9948717948717949
No improvement in accuracy for 42 epochs (best acc = 0.9974358974358974).
***Epoch: 46***
Current epoch percent: 1.000, step: 5123
Train loss: 5.7755118e-05
Train epoch time: 37674.587 ms, per step time: 345.638 ms
Validation accuracy: 0.9948717948717949
No improvement in accuracy for 43 epochs (best acc = 0.9974358974358974).
***Epoch: 47***
Current epoch percent: 1.000, step: 5232
Train loss: 5.5959696e-05
Train epoch time: 37674.033 ms, per step time: 345.633 ms
Validation accuracy: 0.9948717948717949
No improvement in accuracy for 44 epochs (best acc = 0.9974358974358974).
***Epoch: 48***
Current epoch percent: 1.000, step: 5341
Train loss: 5.3936947e-05
Train epoch time: 37685.331 ms, per step time: 345.737 ms
Validation accuracy: 0.9948717948717949
No improvement in accuracy for 45 epochs (best acc = 0.9974358974358974).
***Epoch: 49***
Current epoch percent: 1.000, step: 5450
Train loss: 5.3046664e-05
Train epoch time: 37684.521 ms, per step time: 345.730 ms
Validation accuracy: 0.9948717948717949
No improvement in accuracy for 46 epochs (best acc = 0.9974358974358974).
***Epoch: 50***
Current epoch percent: 1.000, step: 5559
Train loss: 4.4356e-05
Train epoch time: 37673.095 ms, per step time: 345.625 ms
Validation accuracy: 0.9948717948717949
No improvement in accuracy for 47 epochs (best acc = 0.9974358974358974).
***Epoch: 51***
Current epoch percent: 1.000, step: 5668
Train loss: 5.1448005e-05
Train epoch time: 37676.033 ms, per step time: 345.652 ms
Validation accuracy: 0.9948717948717949
No improvement in accuracy for 48 epochs (best acc = 0.9974358974358974).
***Epoch: 52***
Current epoch percent: 1.000, step: 5777
Train loss: 4.2679705e-05
Train epoch time: 37665.857 ms, per step time: 345.558 ms
Validation accuracy: 0.9948717948717949
No improvement in accuracy for 49 epochs (best acc = 0.9974358974358974).
***Epoch: 53***
Current epoch percent: 1.000, step: 5886
Train loss: 3.994172e-05
Train epoch time: 37678.395 ms, per step time: 345.673 ms

Validation accuracy: 0.9948717948717949
No improvement in accuracy for 50 epochs (best acc = 0.9974358974358974).
Early stopping due to no improvement.
Find the newest checkpoint:  /data2/xuguoshun/Enzymes/BM_works/Bert_Casp80/BM-P80/fold_2/saved_models/P80_Best_Model.ckpt
======Val======
** BM-P80/fold_2/mr_data/val.mindrecord

========================================
                model data       AUC       ACC  precision    Recall        F1       MCC  Sensitivity  Specificity
model  P80_Best_Model       0.999974  0.997436   0.997449  0.997436  0.997436  0.994885     0.994872          1.0
========================================

======Test======
** BM-P80/fold_2/mr_data/test.mindrecord

========================================
                model data       AUC       ACC  precision    Recall        F1       MCC  Sensitivity  Specificity
model  P80_Best_Model       0.999974  0.997436   0.997449  0.997436  0.997436  0.994885     0.994872          1.0
========================================

FINISH !!!



@@@ fold_3 @@@
python /data2/xuguoshun/MPBert3/mpbert_classification_1x_v3.py --config_path /data2/xuguoshun/MPBert3/config_2048.yaml --do_train True --do_eval True --description classification --num_class 2 --epoch_num 200 --early_stopping_rounds 50 --frozen_bert False --device_id 4 --data_url BM-P80/fold_3/mr_data/ --load_checkpoint_url /data2/xuguoshun/MPBert3/uniref_50_2048.ckpt --output_url BM-P80/fold_3/saved_models --task_name P80 --train_batch_size 32
3 <src.bert_model.BertConfig object at 0xfffe6700a1d0>
{'bert_net_cfg': <src.bert_model.BertConfig object at 0xfffe6700a1d0>,
 'concat_hidden_size': 512,
 'concat_layer_num': 1,
 'config_path': '/data2/xuguoshun/MPBert3/config_2048.yaml',
 'cut_layer_num': 0,
 'data_spilt_num': 3,
 'data_url': 'BM-P80/fold_3/mr_data/',
 'dataset_format': 'mindrecord',
 'description': 'classification',
 'device_id': 4,
 'device_target': 'Ascend',
 'do_eval': True,
 'do_predict': False,
 'do_train': True,
 'dssp_hidden_size': 128,
 'dssp_layer_num': 1,
 'early_stopping_rounds': 50,
 'enable_modelarts': False,
 'enable_profiling': False,
 'epoch_num': 200,
 'eval_batch_size': 1,
 'eval_data_shuffle': 'false',
 'file_format': 'MINDIR',
 'frozen_bert': False,
 'label_percent': '1:1',
 'load_checkpoint_url': '/data2/xuguoshun/MPBert3/uniref_50_2048.ckpt',
 'load_pretrain': True,
 'loss_gamma': 2.0,
 'loss_name': 'CrossEntropy',
 'metrics': 'ACC',
 'num_class': 2,
 'optimizer_cfg': {'AdamWeightDecay': {'decay_filter': <function extra_operations.<locals>.create_filter_fun.<locals>.<lambda> at 0xfffe66ff1680>,
 'end_learning_rate': 1e-10,
 'eps': 1e-06,
 'learning_rate': 1e-05,
 'power': 1.0,
 'weight_decay': 1e-05},
 'Lamb': {'decay_filter': <function extra_operations.<locals>.create_filter_fun.<locals>.<lambda> at 0xfffe66ff1560>,
 'end_learning_rate': 1e-10,
 'learning_rate': 2e-05,
 'power': 1.0,
 'weight_decay': 0.01},
 'Momentum': {'learning_rate': 2e-05, 'momentum': 0.9},
 'optimizer': 'AdamWeightDecay'},
 'output_url': 'BM-P80/fold_3/saved_models',
 'print_predict': False,
 'pssm_hidden_size': 128,
 'pssm_layer_num': 1,
 'return_csv': False,
 'return_sequence': False,
 'task_name': 'P80',
 'train_batch_size': 32,
 'train_data_shuffle': 'true',
 'use_pynative_mode': False,
 'vocab_file': '',
 'with_lstm': False}
 >>> Eval: Val file is val.mindrecord.
 >>> Eval: Test file is test.mindrecord.
==============================================================
processor_name: Ascend
test_name: P80
batch_size: 32
 >>> Train: Train file is train.mindrecord.
 >>> Train: Val file is val.mindrecord.
***Epoch: 0***
Current epoch percent: 1.000, step: 109
Train loss: 0.60741866
Train epoch time: 72664.991 ms, per step time: 666.651 ms
Validation accuracy: 0.8461538461538461
New best accuracy: 0.8461538461538461, saved best model to :
BM-P80/fold_3/saved_models/P80_Best_Model.ckpt
***Epoch: 1***
Current epoch percent: 1.000, step: 218
Train loss: 0.12610371
Train epoch time: 37532.053 ms, per step time: 344.331 ms
Validation accuracy: 0.9923076923076923
New best accuracy: 0.9923076923076923, saved best model to :
BM-P80/fold_3/saved_models/P80_Best_Model.ckpt
***Epoch: 2***
Current epoch percent: 1.000, step: 327
Train loss: 0.04491873
Train epoch time: 37526.995 ms, per step time: 344.284 ms
Validation accuracy: 0.9923076923076923
No improvement in accuracy for 1 epochs (best acc = 0.9923076923076923).
***Epoch: 3***
Current epoch percent: 1.000, step: 436
Train loss: 0.02882148
Train epoch time: 37524.621 ms, per step time: 344.263 ms
Validation accuracy: 0.9923076923076923
No improvement in accuracy for 2 epochs (best acc = 0.9923076923076923).
***Epoch: 4***
Current epoch percent: 1.000, step: 545
Train loss: 0.043576393
Train epoch time: 37551.309 ms, per step time: 344.507 ms
Validation accuracy: 0.9923076923076923
No improvement in accuracy for 3 epochs (best acc = 0.9923076923076923).
***Epoch: 5***
Current epoch percent: 1.000, step: 654
Train loss: 0.012263859
Train epoch time: 37544.189 ms, per step time: 344.442 ms
Validation accuracy: 0.9923076923076923
No improvement in accuracy for 4 epochs (best acc = 0.9923076923076923).
***Epoch: 6***
Current epoch percent: 1.000, step: 763
Train loss: 0.009644489
Train epoch time: 37559.797 ms, per step time: 344.585 ms
Validation accuracy: 0.9923076923076923
No improvement in accuracy for 5 epochs (best acc = 0.9923076923076923).
***Epoch: 7***
Current epoch percent: 1.000, step: 872
Train loss: 0.006118168
Train epoch time: 37568.792 ms, per step time: 344.668 ms
Validation accuracy: 0.9948717948717949
New best accuracy: 0.9948717948717949, saved best model to :
BM-P80/fold_3/saved_models/P80_Best_Model.ckpt
***Epoch: 8***
Current epoch percent: 1.000, step: 981
Train loss: 0.02793318
Train epoch time: 37565.526 ms, per step time: 344.638 ms
Validation accuracy: 0.9974358974358974
New best accuracy: 0.9974358974358974, saved best model to :
BM-P80/fold_3/saved_models/P80_Best_Model.ckpt
***Epoch: 9***
Current epoch percent: 1.000, step: 1090
Train loss: 0.00473761
Train epoch time: 37549.812 ms, per step time: 344.494 ms
Validation accuracy: 0.9974358974358974
No improvement in accuracy for 1 epochs (best acc = 0.9974358974358974).
***Epoch: 10***
Current epoch percent: 1.000, step: 1199
Train loss: 0.0026326228
Train epoch time: 37542.511 ms, per step time: 344.427 ms
Validation accuracy: 0.9974358974358974
No improvement in accuracy for 2 epochs (best acc = 0.9974358974358974).
***Epoch: 11***
Current epoch percent: 1.000, step: 1308
Train loss: 0.0017293756
Train epoch time: 37541.126 ms, per step time: 344.414 ms
Validation accuracy: 0.9974358974358974
No improvement in accuracy for 3 epochs (best acc = 0.9974358974358974).
***Epoch: 12***
Current epoch percent: 1.000, step: 1417
Train loss: 0.0023914732
Train epoch time: 37549.742 ms, per step time: 344.493 ms
Validation accuracy: 0.9948717948717949
No improvement in accuracy for 4 epochs (best acc = 0.9974358974358974).
***Epoch: 13***
Current epoch percent: 1.000, step: 1526
Train loss: 0.0014550337
Train epoch time: 37536.078 ms, per step time: 344.368 ms
Validation accuracy: 0.9948717948717949
No improvement in accuracy for 5 epochs (best acc = 0.9974358974358974).
***Epoch: 14***
Current epoch percent: 1.000, step: 1635
Train loss: 0.0009314833
Train epoch time: 37528.299 ms, per step time: 344.296 ms
Validation accuracy: 0.9974358974358974
No improvement in accuracy for 6 epochs (best acc = 0.9974358974358974).
***Epoch: 15***
Current epoch percent: 1.000, step: 1744
Train loss: 0.00088590593
Train epoch time: 37530.925 ms, per step time: 344.320 ms
Validation accuracy: 0.9974358974358974
No improvement in accuracy for 7 epochs (best acc = 0.9974358974358974).
***Epoch: 16***
Current epoch percent: 1.000, step: 1853
Train loss: 0.0007510291
Train epoch time: 37537.873 ms, per step time: 344.384 ms
Validation accuracy: 0.9974358974358974
No improvement in accuracy for 8 epochs (best acc = 0.9974358974358974).
***Epoch: 17***
Current epoch percent: 1.000, step: 1962
Train loss: 0.0005592456
Train epoch time: 37527.731 ms, per step time: 344.291 ms
Validation accuracy: 0.9974358974358974
No improvement in accuracy for 9 epochs (best acc = 0.9974358974358974).
***Epoch: 18***
Current epoch percent: 1.000, step: 2071
Train loss: 0.0005137726
Train epoch time: 37532.956 ms, per step time: 344.339 ms
Validation accuracy: 0.9974358974358974
No improvement in accuracy for 10 epochs (best acc = 0.9974358974358974).
***Epoch: 19***
Current epoch percent: 1.000, step: 2180
Train loss: 0.00045929453
Train epoch time: 37552.973 ms, per step time: 344.523 ms
Validation accuracy: 0.9974358974358974
No improvement in accuracy for 11 epochs (best acc = 0.9974358974358974).
***Epoch: 20***
Current epoch percent: 1.000, step: 2289
Train loss: 0.0003887373
Train epoch time: 37530.400 ms, per step time: 344.316 ms
Validation accuracy: 0.9974358974358974
No improvement in accuracy for 12 epochs (best acc = 0.9974358974358974).
***Epoch: 21***
Current epoch percent: 1.000, step: 2398
Train loss: 0.0003287334
Train epoch time: 37531.949 ms, per step time: 344.330 ms
Validation accuracy: 0.9974358974358974
No improvement in accuracy for 13 epochs (best acc = 0.9974358974358974).
***Epoch: 22***
Current epoch percent: 1.000, step: 2507
Train loss: 0.00030398107
Train epoch time: 37528.836 ms, per step time: 344.301 ms
Validation accuracy: 0.9974358974358974
No improvement in accuracy for 14 epochs (best acc = 0.9974358974358974).
***Epoch: 23***
Current epoch percent: 1.000, step: 2616
Train loss: 0.0002810835
Train epoch time: 37530.173 ms, per step time: 344.314 ms
Validation accuracy: 0.9974358974358974
No improvement in accuracy for 15 epochs (best acc = 0.9974358974358974).
***Epoch: 24***
Current epoch percent: 1.000, step: 2725
Train loss: 0.00026001938
Train epoch time: 37532.616 ms, per step time: 344.336 ms
Validation accuracy: 0.9948717948717949
No improvement in accuracy for 16 epochs (best acc = 0.9974358974358974).
***Epoch: 25***
Current epoch percent: 1.000, step: 2834
Train loss: 0.00025781378
Train epoch time: 37539.447 ms, per step time: 344.399 ms
Validation accuracy: 0.9974358974358974
No improvement in accuracy for 17 epochs (best acc = 0.9974358974358974).
***Epoch: 26***
Current epoch percent: 1.000, step: 2943
Train loss: 0.00020498462
Train epoch time: 37546.995 ms, per step time: 344.468 ms
Validation accuracy: 0.9974358974358974
No improvement in accuracy for 18 epochs (best acc = 0.9974358974358974).
***Epoch: 27***
Current epoch percent: 1.000, step: 3052
Train loss: 0.00019128513
Train epoch time: 37546.356 ms, per step time: 344.462 ms
Validation accuracy: 0.9948717948717949
No improvement in accuracy for 19 epochs (best acc = 0.9974358974358974).
***Epoch: 28***
Current epoch percent: 1.000, step: 3161
Train loss: 0.0001836725
Train epoch time: 37549.813 ms, per step time: 344.494 ms
Validation accuracy: 0.9974358974358974
No improvement in accuracy for 20 epochs (best acc = 0.9974358974358974).
***Epoch: 29***
Current epoch percent: 1.000, step: 3270
Train loss: 0.00015547348
Train epoch time: 37549.147 ms, per step time: 344.488 ms
Validation accuracy: 0.9974358974358974
No improvement in accuracy for 21 epochs (best acc = 0.9974358974358974).
***Epoch: 30***
Current epoch percent: 1.000, step: 3379
Train loss: 0.00013979239
Train epoch time: 37537.852 ms, per step time: 344.384 ms
Validation accuracy: 0.9974358974358974
No improvement in accuracy for 22 epochs (best acc = 0.9974358974358974).
***Epoch: 31***
Current epoch percent: 1.000, step: 3488
Train loss: 0.00014482083
Train epoch time: 37555.965 ms, per step time: 344.550 ms
Validation accuracy: 0.9974358974358974
No improvement in accuracy for 23 epochs (best acc = 0.9974358974358974).
***Epoch: 32***
Current epoch percent: 1.000, step: 3597
Train loss: 0.00014744294
Train epoch time: 37565.413 ms, per step time: 344.637 ms
Validation accuracy: 0.9974358974358974
No improvement in accuracy for 24 epochs (best acc = 0.9974358974358974).
***Epoch: 33***
Current epoch percent: 1.000, step: 3706
Train loss: 0.00012931442
Train epoch time: 37577.930 ms, per step time: 344.752 ms
Validation accuracy: 0.9974358974358974
No improvement in accuracy for 25 epochs (best acc = 0.9974358974358974).
***Epoch: 34***
Current epoch percent: 1.000, step: 3815
Train loss: 0.00011158467
Train epoch time: 37549.211 ms, per step time: 344.488 ms
Validation accuracy: 0.9974358974358974
No improvement in accuracy for 26 epochs (best acc = 0.9974358974358974).
***Epoch: 35***
Current epoch percent: 1.000, step: 3924
Train loss: 0.00011424042
Train epoch time: 37547.558 ms, per step time: 344.473 ms
Validation accuracy: 0.9974358974358974
No improvement in accuracy for 27 epochs (best acc = 0.9974358974358974).
***Epoch: 36***
Current epoch percent: 1.000, step: 4033
Train loss: 9.400295e-05
Train epoch time: 37543.112 ms, per step time: 344.432 ms
Validation accuracy: 0.9974358974358974
No improvement in accuracy for 28 epochs (best acc = 0.9974358974358974).
***Epoch: 37***
Current epoch percent: 1.000, step: 4142
Train loss: 9.787316e-05
Train epoch time: 37544.839 ms, per step time: 344.448 ms
Validation accuracy: 0.9974358974358974
No improvement in accuracy for 29 epochs (best acc = 0.9974358974358974).
***Epoch: 38***
Current epoch percent: 1.000, step: 4251
Train loss: 8.699652e-05
Train epoch time: 37539.496 ms, per step time: 344.399 ms
Validation accuracy: 0.9974358974358974
No improvement in accuracy for 30 epochs (best acc = 0.9974358974358974).
***Epoch: 39***
Current epoch percent: 1.000, step: 4360
Train loss: 8.666838e-05
Train epoch time: 37545.230 ms, per step time: 344.452 ms
Validation accuracy: 0.9974358974358974
No improvement in accuracy for 31 epochs (best acc = 0.9974358974358974).
***Epoch: 40***
Current epoch percent: 1.000, step: 4469
Train loss: 8.1557955e-05
Train epoch time: 37542.748 ms, per step time: 344.429 ms
Validation accuracy: 0.9974358974358974
No improvement in accuracy for 32 epochs (best acc = 0.9974358974358974).
***Epoch: 41***
Current epoch percent: 1.000, step: 4578
Train loss: 7.5176795e-05
Train epoch time: 37550.641 ms, per step time: 344.501 ms
Validation accuracy: 0.9974358974358974
No improvement in accuracy for 33 epochs (best acc = 0.9974358974358974).
***Epoch: 42***
Current epoch percent: 1.000, step: 4687
Train loss: 7.212249e-05
Train epoch time: 37542.766 ms, per step time: 344.429 ms
Validation accuracy: 0.9974358974358974
No improvement in accuracy for 34 epochs (best acc = 0.9974358974358974).
***Epoch: 43***
Current epoch percent: 1.000, step: 4796
Train loss: 6.8464535e-05
Train epoch time: 37539.955 ms, per step time: 344.403 ms
Validation accuracy: 0.9948717948717949
No improvement in accuracy for 35 epochs (best acc = 0.9974358974358974).
***Epoch: 44***
Current epoch percent: 1.000, step: 4905
Train loss: 5.8459198e-05
Train epoch time: 37548.737 ms, per step time: 344.484 ms
Validation accuracy: 0.9948717948717949
No improvement in accuracy for 36 epochs (best acc = 0.9974358974358974).
***Epoch: 45***
Current epoch percent: 1.000, step: 5014
Train loss: 5.6604105e-05
Train epoch time: 37541.274 ms, per step time: 344.415 ms
Validation accuracy: 0.9948717948717949
No improvement in accuracy for 37 epochs (best acc = 0.9974358974358974).
***Epoch: 46***
Current epoch percent: 1.000, step: 5123
Train loss: 6.401186e-05
Train epoch time: 37541.935 ms, per step time: 344.421 ms
Validation accuracy: 0.9948717948717949
No improvement in accuracy for 38 epochs (best acc = 0.9974358974358974).
***Epoch: 47***
Current epoch percent: 1.000, step: 5232
Train loss: 4.770489e-05
Train epoch time: 37543.808 ms, per step time: 344.439 ms
Validation accuracy: 0.9948717948717949
No improvement in accuracy for 39 epochs (best acc = 0.9974358974358974).
***Epoch: 48***
Current epoch percent: 1.000, step: 5341
Train loss: 4.6781057e-05
Train epoch time: 37532.414 ms, per step time: 344.334 ms
Validation accuracy: 0.9948717948717949
No improvement in accuracy for 40 epochs (best acc = 0.9974358974358974).
***Epoch: 49***
Current epoch percent: 1.000, step: 5450
Train loss: 4.4259155e-05
Train epoch time: 37528.082 ms, per step time: 344.294 ms
Validation accuracy: 0.9948717948717949
No improvement in accuracy for 41 epochs (best acc = 0.9974358974358974).
***Epoch: 50***
Current epoch percent: 1.000, step: 5559
Train loss: 4.3100634e-05
Train epoch time: 37524.502 ms, per step time: 344.261 ms
Validation accuracy: 0.9948717948717949
No improvement in accuracy for 42 epochs (best acc = 0.9974358974358974).
***Epoch: 51***
Current epoch percent: 1.000, step: 5668
Train loss: 4.363327e-05
Train epoch time: 37532.199 ms, per step time: 344.332 ms
Validation accuracy: 0.9948717948717949
No improvement in accuracy for 43 epochs (best acc = 0.9974358974358974).
***Epoch: 52***
Current epoch percent: 1.000, step: 5777
Train loss: 4.2723826e-05
Train epoch time: 37524.219 ms, per step time: 344.259 ms
Validation accuracy: 0.9948717948717949
No improvement in accuracy for 44 epochs (best acc = 0.9974358974358974).
***Epoch: 53***
Current epoch percent: 1.000, step: 5886
Train loss: 7.245345e-05
Train epoch time: 37526.460 ms, per step time: 344.279 ms
Validation accuracy: 0.9948717948717949
No improvement in accuracy for 45 epochs (best acc = 0.9974358974358974).
***Epoch: 54***
Current epoch percent: 1.000, step: 5995
Train loss: 3.9777806e-05
Train epoch time: 37539.380 ms, per step time: 344.398 ms
Validation accuracy: 0.9948717948717949
No improvement in accuracy for 46 epochs (best acc = 0.9974358974358974).
***Epoch: 55***
Current epoch percent: 1.000, step: 6104
Train loss: 3.4532823e-05
Train epoch time: 37533.917 ms, per step time: 344.348 ms
Validation accuracy: 0.9948717948717949
No improvement in accuracy for 47 epochs (best acc = 0.9974358974358974).
***Epoch: 56***
Current epoch percent: 1.000, step: 6213
Train loss: 3.4815872e-05
Train epoch time: 37530.410 ms, per step time: 344.316 ms
Validation accuracy: 0.9948717948717949
No improvement in accuracy for 48 epochs (best acc = 0.9974358974358974).
***Epoch: 57***
Current epoch percent: 1.000, step: 6322
Train loss: 2.748107e-05
Train epoch time: 37547.440 ms, per step time: 344.472 ms
Validation accuracy: 0.9948717948717949
No improvement in accuracy for 49 epochs (best acc = 0.9974358974358974).
***Epoch: 58***
Current epoch percent: 1.000, step: 6431
Train loss: 2.5652009e-05
Train epoch time: 37548.067 ms, per step time: 344.478 ms

Validation accuracy: 0.9948717948717949
No improvement in accuracy for 50 epochs (best acc = 0.9974358974358974).
Early stopping due to no improvement.
Find the newest checkpoint:  /data2/xuguoshun/Enzymes/BM_works/Bert_Casp80/BM-P80/fold_3/saved_models/P80_Best_Model.ckpt
======Val======
** BM-P80/fold_3/mr_data/val.mindrecord

========================================
                model data       AUC       ACC  precision    Recall        F1       MCC  Sensitivity  Specificity
model  P80_Best_Model       0.999947  0.997436   0.997449  0.997436  0.997436  0.994885     0.994872          1.0
========================================

======Test======
** BM-P80/fold_3/mr_data/test.mindrecord

========================================
                model data       AUC       ACC  precision    Recall        F1       MCC  Sensitivity  Specificity
model  P80_Best_Model       0.999947  0.997436   0.997449  0.997436  0.997436  0.994885     0.994872          1.0
========================================

FINISH !!!



@@@ fold_4 @@@
python /data2/xuguoshun/MPBert3/mpbert_classification_1x_v3.py --config_path /data2/xuguoshun/MPBert3/config_2048.yaml --do_train True --do_eval True --description classification --num_class 2 --epoch_num 200 --early_stopping_rounds 50 --frozen_bert False --device_id 4 --data_url BM-P80/fold_4/mr_data/ --load_checkpoint_url /data2/xuguoshun/MPBert3/uniref_50_2048.ckpt --output_url BM-P80/fold_4/saved_models --task_name P80 --train_batch_size 32
3 <src.bert_model.BertConfig object at 0xfffd4d65a210>
{'bert_net_cfg': <src.bert_model.BertConfig object at 0xfffd4d65a210>,
 'concat_hidden_size': 512,
 'concat_layer_num': 1,
 'config_path': '/data2/xuguoshun/MPBert3/config_2048.yaml',
 'cut_layer_num': 0,
 'data_spilt_num': 3,
 'data_url': 'BM-P80/fold_4/mr_data/',
 'dataset_format': 'mindrecord',
 'description': 'classification',
 'device_id': 4,
 'device_target': 'Ascend',
 'do_eval': True,
 'do_predict': False,
 'do_train': True,
 'dssp_hidden_size': 128,
 'dssp_layer_num': 1,
 'early_stopping_rounds': 50,
 'enable_modelarts': False,
 'enable_profiling': False,
 'epoch_num': 200,
 'eval_batch_size': 1,
 'eval_data_shuffle': 'false',
 'file_format': 'MINDIR',
 'frozen_bert': False,
 'label_percent': '1:1',
 'load_checkpoint_url': '/data2/xuguoshun/MPBert3/uniref_50_2048.ckpt',
 'load_pretrain': True,
 'loss_gamma': 2.0,
 'loss_name': 'CrossEntropy',
 'metrics': 'ACC',
 'num_class': 2,
 'optimizer_cfg': {'AdamWeightDecay': {'decay_filter': <function extra_operations.<locals>.create_filter_fun.<locals>.<lambda> at 0xfffd4d641680>,
 'end_learning_rate': 1e-10,
 'eps': 1e-06,
 'learning_rate': 1e-05,
 'power': 1.0,
 'weight_decay': 1e-05},
 'Lamb': {'decay_filter': <function extra_operations.<locals>.create_filter_fun.<locals>.<lambda> at 0xfffd4d641560>,
 'end_learning_rate': 1e-10,
 'learning_rate': 2e-05,
 'power': 1.0,
 'weight_decay': 0.01},
 'Momentum': {'learning_rate': 2e-05, 'momentum': 0.9},
 'optimizer': 'AdamWeightDecay'},
 'output_url': 'BM-P80/fold_4/saved_models',
 'print_predict': False,
 'pssm_hidden_size': 128,
 'pssm_layer_num': 1,
 'return_csv': False,
 'return_sequence': False,
 'task_name': 'P80',
 'train_batch_size': 32,
 'train_data_shuffle': 'true',
 'use_pynative_mode': False,
 'vocab_file': '',
 'with_lstm': False}
 >>> Eval: Val file is val.mindrecord.
 >>> Eval: Test file is test.mindrecord.
==============================================================
processor_name: Ascend
test_name: P80
batch_size: 32
 >>> Train: Train file is train.mindrecord.
 >>> Train: Val file is val.mindrecord.
***Epoch: 0***
Current epoch percent: 1.000, step: 109
Train loss: 0.65476155
Train epoch time: 69209.553 ms, per step time: 634.950 ms
Validation accuracy: 0.8974358974358975
New best accuracy: 0.8974358974358975, saved best model to :
BM-P80/fold_4/saved_models/P80_Best_Model.ckpt
***Epoch: 1***
Current epoch percent: 1.000, step: 218
Train loss: 0.24733926
Train epoch time: 37646.615 ms, per step time: 345.382 ms
Validation accuracy: 0.9692307692307692
New best accuracy: 0.9692307692307692, saved best model to :
BM-P80/fold_4/saved_models/P80_Best_Model.ckpt
***Epoch: 2***
Current epoch percent: 1.000, step: 327
Train loss: 0.06822401
Train epoch time: 37652.107 ms, per step time: 345.432 ms
Validation accuracy: 0.9794871794871794
New best accuracy: 0.9794871794871794, saved best model to :
BM-P80/fold_4/saved_models/P80_Best_Model.ckpt
***Epoch: 3***
Current epoch percent: 1.000, step: 436
Train loss: 0.041144215
Train epoch time: 37644.814 ms, per step time: 345.365 ms
Validation accuracy: 0.982051282051282
New best accuracy: 0.982051282051282, saved best model to :
BM-P80/fold_4/saved_models/P80_Best_Model.ckpt
***Epoch: 4***
Current epoch percent: 1.000, step: 545
Train loss: 0.014198116
Train epoch time: 37649.224 ms, per step time: 345.406 ms
Validation accuracy: 0.9923076923076923
New best accuracy: 0.9923076923076923, saved best model to :
BM-P80/fold_4/saved_models/P80_Best_Model.ckpt
***Epoch: 5***
Current epoch percent: 1.000, step: 654
Train loss: 0.009185739
Train epoch time: 37652.370 ms, per step time: 345.435 ms
Validation accuracy: 0.9948717948717949
New best accuracy: 0.9948717948717949, saved best model to :
BM-P80/fold_4/saved_models/P80_Best_Model.ckpt
***Epoch: 6***
Current epoch percent: 1.000, step: 763
Train loss: 0.0064836303
Train epoch time: 37649.123 ms, per step time: 345.405 ms
Validation accuracy: 0.9948717948717949
No improvement in accuracy for 1 epochs (best acc = 0.9948717948717949).
***Epoch: 7***
Current epoch percent: 1.000, step: 872
Train loss: 0.0049567698
Train epoch time: 37650.539 ms, per step time: 345.418 ms
Validation accuracy: 0.9948717948717949
No improvement in accuracy for 2 epochs (best acc = 0.9948717948717949).
***Epoch: 8***
Current epoch percent: 1.000, step: 981
Train loss: 0.004501287
Train epoch time: 37646.472 ms, per step time: 345.380 ms
Validation accuracy: 0.9974358974358974
New best accuracy: 0.9974358974358974, saved best model to :
BM-P80/fold_4/saved_models/P80_Best_Model.ckpt
***Epoch: 9***
Current epoch percent: 1.000, step: 1090
Train loss: 0.0036595985
Train epoch time: 37645.368 ms, per step time: 345.370 ms
Validation accuracy: 0.9948717948717949
No improvement in accuracy for 1 epochs (best acc = 0.9974358974358974).
***Epoch: 10***
Current epoch percent: 1.000, step: 1199
Train loss: 0.0033832653
Train epoch time: 37647.790 ms, per step time: 345.393 ms
Validation accuracy: 0.9974358974358974
No improvement in accuracy for 2 epochs (best acc = 0.9974358974358974).
***Epoch: 11***
Current epoch percent: 1.000, step: 1308
Train loss: 0.0017960969
Train epoch time: 37652.116 ms, per step time: 345.432 ms
Validation accuracy: 0.9974358974358974
No improvement in accuracy for 3 epochs (best acc = 0.9974358974358974).
***Epoch: 12***
Current epoch percent: 1.000, step: 1417
Train loss: 0.0014053002
Train epoch time: 37649.023 ms, per step time: 345.404 ms
Validation accuracy: 0.9974358974358974
No improvement in accuracy for 4 epochs (best acc = 0.9974358974358974).
***Epoch: 13***
Current epoch percent: 1.000, step: 1526
Train loss: 0.001201551
Train epoch time: 37647.574 ms, per step time: 345.391 ms
Validation accuracy: 0.9974358974358974
No improvement in accuracy for 5 epochs (best acc = 0.9974358974358974).
***Epoch: 14***
Current epoch percent: 1.000, step: 1635
Train loss: 0.0010348764
Train epoch time: 37649.410 ms, per step time: 345.407 ms
Validation accuracy: 0.9974358974358974
No improvement in accuracy for 6 epochs (best acc = 0.9974358974358974).
***Epoch: 15***
Current epoch percent: 1.000, step: 1744
Train loss: 0.00088280276
Train epoch time: 37651.705 ms, per step time: 345.428 ms
Validation accuracy: 0.9974358974358974
No improvement in accuracy for 7 epochs (best acc = 0.9974358974358974).
***Epoch: 16***
Current epoch percent: 1.000, step: 1853
Train loss: 0.00072543113
Train epoch time: 37648.760 ms, per step time: 345.401 ms
Validation accuracy: 0.9974358974358974
No improvement in accuracy for 8 epochs (best acc = 0.9974358974358974).
***Epoch: 17***
Current epoch percent: 1.000, step: 1962
Train loss: 0.00078489666
Train epoch time: 37643.183 ms, per step time: 345.350 ms
Validation accuracy: 1.0
New best accuracy: 1.0, saved best model to :
BM-P80/fold_4/saved_models/P80_Best_Model.ckpt
***Epoch: 18***
Current epoch percent: 1.000, step: 2071
Train loss: 0.00050384505
Train epoch time: 37650.855 ms, per step time: 345.421 ms
Validation accuracy: 0.9923076923076923
No improvement in accuracy for 1 epochs (best acc = 1.0).
***Epoch: 19***
Current epoch percent: 1.000, step: 2180
Train loss: 0.0004832809
Train epoch time: 37644.189 ms, per step time: 345.360 ms
Validation accuracy: 0.9974358974358974
No improvement in accuracy for 2 epochs (best acc = 1.0).
***Epoch: 20***
Current epoch percent: 1.000, step: 2289
Train loss: 0.00045912445
Train epoch time: 37642.814 ms, per step time: 345.347 ms
Validation accuracy: 0.9974358974358974
No improvement in accuracy for 3 epochs (best acc = 1.0).
***Epoch: 21***
Current epoch percent: 1.000, step: 2398
Train loss: 0.00038322067
Train epoch time: 37664.731 ms, per step time: 345.548 ms
Validation accuracy: 0.9974358974358974
No improvement in accuracy for 4 epochs (best acc = 1.0).
***Epoch: 22***
Current epoch percent: 1.000, step: 2507
Train loss: 0.0003206015
Train epoch time: 37667.199 ms, per step time: 345.571 ms
Validation accuracy: 0.9974358974358974
No improvement in accuracy for 5 epochs (best acc = 1.0).
***Epoch: 23***
Current epoch percent: 1.000, step: 2616
Train loss: 0.0002911131
Train epoch time: 37668.497 ms, per step time: 345.583 ms
Validation accuracy: 0.9974358974358974
No improvement in accuracy for 6 epochs (best acc = 1.0).
***Epoch: 24***
Current epoch percent: 1.000, step: 2725
Train loss: 0.00028348545
Train epoch time: 37665.794 ms, per step time: 345.558 ms
Validation accuracy: 1.0
No improvement in accuracy for 7 epochs (best acc = 1.0).
***Epoch: 25***
Current epoch percent: 1.000, step: 2834
Train loss: 0.00024602783
Train epoch time: 37664.791 ms, per step time: 345.549 ms
Validation accuracy: 1.0
No improvement in accuracy for 8 epochs (best acc = 1.0).
***Epoch: 26***
Current epoch percent: 1.000, step: 2943
Train loss: 0.00023168507
Train epoch time: 37674.991 ms, per step time: 345.642 ms
Validation accuracy: 1.0
No improvement in accuracy for 9 epochs (best acc = 1.0).
***Epoch: 27***
Current epoch percent: 1.000, step: 3052
Train loss: 0.00022425098
Train epoch time: 37671.875 ms, per step time: 345.614 ms
Validation accuracy: 1.0
No improvement in accuracy for 10 epochs (best acc = 1.0).
***Epoch: 28***
Current epoch percent: 1.000, step: 3161
Train loss: 0.00020094744
Train epoch time: 37666.023 ms, per step time: 345.560 ms
Validation accuracy: 1.0
No improvement in accuracy for 11 epochs (best acc = 1.0).
***Epoch: 29***
Current epoch percent: 1.000, step: 3270
Train loss: 0.0002069715
Train epoch time: 37676.106 ms, per step time: 345.652 ms
Validation accuracy: 0.9974358974358974
No improvement in accuracy for 12 epochs (best acc = 1.0).
***Epoch: 30***
Current epoch percent: 1.000, step: 3379
Train loss: 0.0001836537
Train epoch time: 37670.239 ms, per step time: 345.599 ms
Validation accuracy: 0.9974358974358974
No improvement in accuracy for 13 epochs (best acc = 1.0).
***Epoch: 31***
Current epoch percent: 1.000, step: 3488
Train loss: 0.00016031208
Train epoch time: 37672.677 ms, per step time: 345.621 ms
Validation accuracy: 0.9974358974358974
No improvement in accuracy for 14 epochs (best acc = 1.0).
***Epoch: 32***
Current epoch percent: 1.000, step: 3597
Train loss: 0.00014162133
Train epoch time: 37685.901 ms, per step time: 345.742 ms
Validation accuracy: 1.0
No improvement in accuracy for 15 epochs (best acc = 1.0).
***Epoch: 33***
Current epoch percent: 1.000, step: 3706
Train loss: 0.00013373242
Train epoch time: 37671.037 ms, per step time: 345.606 ms
Validation accuracy: 1.0
No improvement in accuracy for 16 epochs (best acc = 1.0).
***Epoch: 34***
Current epoch percent: 1.000, step: 3815
Train loss: 0.00013639886
Train epoch time: 37674.848 ms, per step time: 345.641 ms
Validation accuracy: 1.0
No improvement in accuracy for 17 epochs (best acc = 1.0).
***Epoch: 35***
Current epoch percent: 1.000, step: 3924
Train loss: 0.00012290796
Train epoch time: 37668.344 ms, per step time: 345.581 ms
Validation accuracy: 0.9974358974358974
No improvement in accuracy for 18 epochs (best acc = 1.0).
***Epoch: 36***
Current epoch percent: 1.000, step: 4033
Train loss: 0.00010194471
Train epoch time: 37669.092 ms, per step time: 345.588 ms
Validation accuracy: 0.9974358974358974
No improvement in accuracy for 19 epochs (best acc = 1.0).
***Epoch: 37***
Current epoch percent: 1.000, step: 4142
Train loss: 0.00010998658
Train epoch time: 37673.673 ms, per step time: 345.630 ms
Validation accuracy: 1.0
No improvement in accuracy for 20 epochs (best acc = 1.0).
***Epoch: 38***
Current epoch percent: 1.000, step: 4251
Train loss: 0.000111773574
Train epoch time: 37668.633 ms, per step time: 345.584 ms
Validation accuracy: 1.0
No improvement in accuracy for 21 epochs (best acc = 1.0).
***Epoch: 39***
Current epoch percent: 1.000, step: 4360
Train loss: 9.087415e-05
Train epoch time: 37666.653 ms, per step time: 345.566 ms
Validation accuracy: 1.0
No improvement in accuracy for 22 epochs (best acc = 1.0).
***Epoch: 40***
Current epoch percent: 1.000, step: 4469
Train loss: 9.350016e-05
Train epoch time: 37671.444 ms, per step time: 345.610 ms
Validation accuracy: 1.0
No improvement in accuracy for 23 epochs (best acc = 1.0).
***Epoch: 41***
Current epoch percent: 1.000, step: 4578
Train loss: 8.108122e-05
Train epoch time: 37682.121 ms, per step time: 345.708 ms
Validation accuracy: 1.0
No improvement in accuracy for 24 epochs (best acc = 1.0).
***Epoch: 42***
Current epoch percent: 1.000, step: 4687
Train loss: 8.124519e-05
Train epoch time: 37660.674 ms, per step time: 345.511 ms
Validation accuracy: 1.0
No improvement in accuracy for 25 epochs (best acc = 1.0).
***Epoch: 43***
Current epoch percent: 1.000, step: 4796
Train loss: 7.284156e-05
Train epoch time: 37654.250 ms, per step time: 345.452 ms
Validation accuracy: 1.0
No improvement in accuracy for 26 epochs (best acc = 1.0).
***Epoch: 44***
Current epoch percent: 1.000, step: 4905
Train loss: 7.14707e-05
Train epoch time: 37654.639 ms, per step time: 345.455 ms
Validation accuracy: 1.0
No improvement in accuracy for 27 epochs (best acc = 1.0).
***Epoch: 45***
Current epoch percent: 1.000, step: 5014
Train loss: 6.884827e-05
Train epoch time: 37660.568 ms, per step time: 345.510 ms
Validation accuracy: 1.0
No improvement in accuracy for 28 epochs (best acc = 1.0).
***Epoch: 46***
Current epoch percent: 1.000, step: 5123
Train loss: 8.7648164e-05
Train epoch time: 37642.345 ms, per step time: 345.343 ms
Validation accuracy: 1.0
No improvement in accuracy for 29 epochs (best acc = 1.0).
***Epoch: 47***
Current epoch percent: 1.000, step: 5232
Train loss: 5.6868586e-05
Train epoch time: 37658.396 ms, per step time: 345.490 ms
Validation accuracy: 0.9923076923076923
No improvement in accuracy for 30 epochs (best acc = 1.0).
***Epoch: 48***
Current epoch percent: 1.000, step: 5341
Train loss: 5.4130687e-05
Train epoch time: 37655.453 ms, per step time: 345.463 ms
Validation accuracy: 1.0
No improvement in accuracy for 31 epochs (best acc = 1.0).
***Epoch: 49***
Current epoch percent: 1.000, step: 5450
Train loss: 5.0908464e-05
Train epoch time: 37648.501 ms, per step time: 345.399 ms
Validation accuracy: 1.0
No improvement in accuracy for 32 epochs (best acc = 1.0).
***Epoch: 50***
Current epoch percent: 1.000, step: 5559
Train loss: 4.7675065e-05
Train epoch time: 37661.736 ms, per step time: 345.521 ms
Validation accuracy: 1.0
No improvement in accuracy for 33 epochs (best acc = 1.0).
***Epoch: 51***
Current epoch percent: 1.000, step: 5668
Train loss: 4.2128384e-05
Train epoch time: 37649.834 ms, per step time: 345.411 ms
Validation accuracy: 1.0
No improvement in accuracy for 34 epochs (best acc = 1.0).
***Epoch: 52***
Current epoch percent: 1.000, step: 5777
Train loss: 4.1014573e-05
Train epoch time: 37648.539 ms, per step time: 345.399 ms
Validation accuracy: 1.0
No improvement in accuracy for 35 epochs (best acc = 1.0).
***Epoch: 53***
Current epoch percent: 1.000, step: 5886
Train loss: 4.096616e-05
Train epoch time: 37654.086 ms, per step time: 345.450 ms
Validation accuracy: 1.0
No improvement in accuracy for 36 epochs (best acc = 1.0).
***Epoch: 54***
Current epoch percent: 1.000, step: 5995
Train loss: 4.2150692e-05
Train epoch time: 37651.068 ms, per step time: 345.423 ms
Validation accuracy: 1.0
No improvement in accuracy for 37 epochs (best acc = 1.0).
***Epoch: 55***
Current epoch percent: 1.000, step: 6104
Train loss: 3.5307654e-05
Train epoch time: 37652.208 ms, per step time: 345.433 ms
Validation accuracy: 1.0
No improvement in accuracy for 38 epochs (best acc = 1.0).
***Epoch: 56***
Current epoch percent: 1.000, step: 6213
Train loss: 3.6529498e-05
Train epoch time: 37657.049 ms, per step time: 345.478 ms
Validation accuracy: 1.0
No improvement in accuracy for 39 epochs (best acc = 1.0).
***Epoch: 57***
Current epoch percent: 1.000, step: 6322
Train loss: 3.357172e-05
Train epoch time: 37652.181 ms, per step time: 345.433 ms
Validation accuracy: 1.0
No improvement in accuracy for 40 epochs (best acc = 1.0).
***Epoch: 58***
Current epoch percent: 1.000, step: 6431
Train loss: 3.1090778e-05
Train epoch time: 37650.463 ms, per step time: 345.417 ms
Validation accuracy: 1.0
No improvement in accuracy for 41 epochs (best acc = 1.0).
***Epoch: 59***
Current epoch percent: 1.000, step: 6540
Train loss: 3.1288193e-05
Train epoch time: 37641.656 ms, per step time: 345.336 ms
Validation accuracy: 1.0
No improvement in accuracy for 42 epochs (best acc = 1.0).
***Epoch: 60***
Current epoch percent: 1.000, step: 6649
Train loss: 4.6618705e-05
Train epoch time: 37646.963 ms, per step time: 345.385 ms
Validation accuracy: 1.0
No improvement in accuracy for 43 epochs (best acc = 1.0).
***Epoch: 61***
Current epoch percent: 1.000, step: 6758
Train loss: 2.5890415e-05
Train epoch time: 37642.599 ms, per step time: 345.345 ms
Validation accuracy: 1.0
No improvement in accuracy for 44 epochs (best acc = 1.0).
***Epoch: 62***
Current epoch percent: 1.000, step: 6867
Train loss: 2.3606875e-05
Train epoch time: 37646.084 ms, per step time: 345.377 ms
Validation accuracy: 1.0
No improvement in accuracy for 45 epochs (best acc = 1.0).
***Epoch: 63***
Current epoch percent: 1.000, step: 6976
Train loss: 2.5048521e-05
Train epoch time: 37650.460 ms, per step time: 345.417 ms
Validation accuracy: 1.0
No improvement in accuracy for 46 epochs (best acc = 1.0).
***Epoch: 64***
Current epoch percent: 1.000, step: 7085
Train loss: 2.3681367e-05
Train epoch time: 37654.984 ms, per step time: 345.459 ms
Validation accuracy: 1.0
No improvement in accuracy for 47 epochs (best acc = 1.0).
***Epoch: 65***
Current epoch percent: 1.000, step: 7194
Train loss: 2.4161927e-05
Train epoch time: 37650.807 ms, per step time: 345.420 ms
Validation accuracy: 1.0
No improvement in accuracy for 48 epochs (best acc = 1.0).
***Epoch: 66***
Current epoch percent: 1.000, step: 7303
Train loss: 2.7946528e-05
Train epoch time: 37648.265 ms, per step time: 345.397 ms
Validation accuracy: 1.0
No improvement in accuracy for 49 epochs (best acc = 1.0).
***Epoch: 67***
Current epoch percent: 1.000, step: 7412
Train loss: 2.0015774e-05
Train epoch time: 37648.391 ms, per step time: 345.398 ms

Validation accuracy: 1.0
No improvement in accuracy for 50 epochs (best acc = 1.0).
Early stopping due to no improvement.
Find the newest checkpoint:  /data2/xuguoshun/Enzymes/BM_works/Bert_Casp80/BM-P80/fold_4/saved_models/P80_Best_Model.ckpt
======Val======
** BM-P80/fold_4/mr_data/val.mindrecord

========================================
                model data  AUC  ACC  precision  Recall   F1  MCC  Sensitivity  Specificity
model  P80_Best_Model       1.0  1.0        1.0     1.0  1.0  1.0          1.0          1.0
========================================

======Test======
** BM-P80/fold_4/mr_data/test.mindrecord

========================================
                model data  AUC  ACC  precision  Recall   F1  MCC  Sensitivity  Specificity
model  P80_Best_Model       1.0  1.0        1.0     1.0  1.0  1.0          1.0          1.0
========================================

FINISH !!!

Done!



	>>> BM dir: BM-P80
	>>> Target dir: ['fold_5', 'fold_6', 'fold_7', 'fold_8', 'fold_9']




@@@ fold_5 @@@
python /data2/xuguoshun/MPBert3/mpbert_classification_1x_v3.py --config_path /data2/xuguoshun/MPBert3/config_2048.yaml --do_train True --do_eval True --description classification --num_class 2 --epoch_num 200 --early_stopping_rounds 50 --frozen_bert False --device_id 5 --data_url BM-P80/fold_5/mr_data/ --load_checkpoint_url /data2/xuguoshun/MPBert3/uniref_50_2048.ckpt --output_url BM-P80/fold_5/saved_models --task_name P80 --train_batch_size 32
3 <src.bert_model.BertConfig object at 0xfffbb793b250>
{'bert_net_cfg': <src.bert_model.BertConfig object at 0xfffbb793b250>,
 'concat_hidden_size': 512,
 'concat_layer_num': 1,
 'config_path': '/data2/xuguoshun/MPBert3/config_2048.yaml',
 'cut_layer_num': 0,
 'data_spilt_num': 3,
 'data_url': 'BM-P80/fold_5/mr_data/',
 'dataset_format': 'mindrecord',
 'description': 'classification',
 'device_id': 5,
 'device_target': 'Ascend',
 'do_eval': True,
 'do_predict': False,
 'do_train': True,
 'dssp_hidden_size': 128,
 'dssp_layer_num': 1,
 'early_stopping_rounds': 50,
 'enable_modelarts': False,
 'enable_profiling': False,
 'epoch_num': 200,
 'eval_batch_size': 1,
 'eval_data_shuffle': 'false',
 'file_format': 'MINDIR',
 'frozen_bert': False,
 'label_percent': '1:1',
 'load_checkpoint_url': '/data2/xuguoshun/MPBert3/uniref_50_2048.ckpt',
 'load_pretrain': True,
 'loss_gamma': 2.0,
 'loss_name': 'CrossEntropy',
 'metrics': 'ACC',
 'num_class': 2,
 'optimizer_cfg': {'AdamWeightDecay': {'decay_filter': <function extra_operations.<locals>.create_filter_fun.<locals>.<lambda> at 0xfffbb7920680>,
 'end_learning_rate': 1e-10,
 'eps': 1e-06,
 'learning_rate': 1e-05,
 'power': 1.0,
 'weight_decay': 1e-05},
 'Lamb': {'decay_filter': <function extra_operations.<locals>.create_filter_fun.<locals>.<lambda> at 0xfffbb7920560>,
 'end_learning_rate': 1e-10,
 'learning_rate': 2e-05,
 'power': 1.0,
 'weight_decay': 0.01},
 'Momentum': {'learning_rate': 2e-05, 'momentum': 0.9},
 'optimizer': 'AdamWeightDecay'},
 'output_url': 'BM-P80/fold_5/saved_models',
 'print_predict': False,
 'pssm_hidden_size': 128,
 'pssm_layer_num': 1,
 'return_csv': False,
 'return_sequence': False,
 'task_name': 'P80',
 'train_batch_size': 32,
 'train_data_shuffle': 'true',
 'use_pynative_mode': False,
 'vocab_file': '',
 'with_lstm': False}
 >>> Eval: Val file is val.mindrecord.
 >>> Eval: Test file is test.mindrecord.
==============================================================
processor_name: Ascend
test_name: P80
batch_size: 32
 >>> Train: Train file is train.mindrecord.
 >>> Train: Val file is val.mindrecord.
***Epoch: 0***
Current epoch percent: 1.000, step: 109
Train loss: 0.5514831
Train epoch time: 93784.687 ms, per step time: 860.410 ms
Validation accuracy: 0.9307692307692308
New best accuracy: 0.9307692307692308, saved best model to :
BM-P80/fold_5/saved_models/P80_Best_Model.ckpt
***Epoch: 1***
Current epoch percent: 1.000, step: 218
Train loss: 0.19631435
Train epoch time: 37619.403 ms, per step time: 345.132 ms
Validation accuracy: 0.982051282051282
New best accuracy: 0.982051282051282, saved best model to :
BM-P80/fold_5/saved_models/P80_Best_Model.ckpt
***Epoch: 2***
Current epoch percent: 1.000, step: 327
Train loss: 0.1208065
Train epoch time: 37641.850 ms, per step time: 345.338 ms
Validation accuracy: 0.9923076923076923
New best accuracy: 0.9923076923076923, saved best model to :
BM-P80/fold_5/saved_models/P80_Best_Model.ckpt
***Epoch: 3***
Current epoch percent: 1.000, step: 436
Train loss: 0.028603686
Train epoch time: 37630.533 ms, per step time: 345.234 ms
Validation accuracy: 0.9923076923076923
No improvement in accuracy for 1 epochs (best acc = 0.9923076923076923).
***Epoch: 4***
Current epoch percent: 1.000, step: 545
Train loss: 0.015379956
Train epoch time: 37643.503 ms, per step time: 345.353 ms
Validation accuracy: 0.9974358974358974
New best accuracy: 0.9974358974358974, saved best model to :
BM-P80/fold_5/saved_models/P80_Best_Model.ckpt
***Epoch: 5***
Current epoch percent: 1.000, step: 654
Train loss: 0.010661399
Train epoch time: 37654.003 ms, per step time: 345.450 ms
Validation accuracy: 1.0
New best accuracy: 1.0, saved best model to :
BM-P80/fold_5/saved_models/P80_Best_Model.ckpt
***Epoch: 6***
Current epoch percent: 1.000, step: 763
Train loss: 0.009022144
Train epoch time: 37650.730 ms, per step time: 345.420 ms
Validation accuracy: 0.9948717948717949
No improvement in accuracy for 1 epochs (best acc = 1.0).
***Epoch: 7***
Current epoch percent: 1.000, step: 872
Train loss: 0.01645633
Train epoch time: 37658.168 ms, per step time: 345.488 ms
Validation accuracy: 1.0
No improvement in accuracy for 2 epochs (best acc = 1.0).
***Epoch: 8***
Current epoch percent: 1.000, step: 981
Train loss: 0.0035857535
Train epoch time: 37663.344 ms, per step time: 345.535 ms
Validation accuracy: 1.0
No improvement in accuracy for 3 epochs (best acc = 1.0).
***Epoch: 9***
Current epoch percent: 1.000, step: 1090
Train loss: 0.0025573776
Train epoch time: 37652.409 ms, per step time: 345.435 ms
Validation accuracy: 1.0
No improvement in accuracy for 4 epochs (best acc = 1.0).
***Epoch: 10***
Current epoch percent: 1.000, step: 1199
Train loss: 0.0019594994
Train epoch time: 37650.371 ms, per step time: 345.416 ms
Validation accuracy: 1.0
No improvement in accuracy for 5 epochs (best acc = 1.0).
***Epoch: 11***
Current epoch percent: 1.000, step: 1308
Train loss: 0.0018585353
Train epoch time: 37666.693 ms, per step time: 345.566 ms
Validation accuracy: 1.0
No improvement in accuracy for 6 epochs (best acc = 1.0).
***Epoch: 12***
Current epoch percent: 1.000, step: 1417
Train loss: 0.0013224436
Train epoch time: 37661.334 ms, per step time: 345.517 ms
Validation accuracy: 1.0
No improvement in accuracy for 7 epochs (best acc = 1.0).
***Epoch: 13***
Current epoch percent: 1.000, step: 1526
Train loss: 0.00096956734
Train epoch time: 37657.917 ms, per step time: 345.485 ms
Validation accuracy: 1.0
No improvement in accuracy for 8 epochs (best acc = 1.0).
***Epoch: 14***
Current epoch percent: 1.000, step: 1635
Train loss: 0.0010588735
Train epoch time: 37658.552 ms, per step time: 345.491 ms
Validation accuracy: 1.0
No improvement in accuracy for 9 epochs (best acc = 1.0).
***Epoch: 15***
Current epoch percent: 1.000, step: 1744
Train loss: 0.00070057856
Train epoch time: 37661.403 ms, per step time: 345.517 ms
Validation accuracy: 1.0
No improvement in accuracy for 10 epochs (best acc = 1.0).
***Epoch: 16***
Current epoch percent: 1.000, step: 1853
Train loss: 0.0005218653
Train epoch time: 37661.518 ms, per step time: 345.519 ms
Validation accuracy: 1.0
No improvement in accuracy for 11 epochs (best acc = 1.0).
***Epoch: 17***
Current epoch percent: 1.000, step: 1962
Train loss: 0.0005291354
Train epoch time: 37652.730 ms, per step time: 345.438 ms
Validation accuracy: 1.0
No improvement in accuracy for 12 epochs (best acc = 1.0).
***Epoch: 18***
Current epoch percent: 1.000, step: 2071
Train loss: 0.0004343355
Train epoch time: 37658.236 ms, per step time: 345.488 ms
Validation accuracy: 1.0
No improvement in accuracy for 13 epochs (best acc = 1.0).
***Epoch: 19***
Current epoch percent: 1.000, step: 2180
Train loss: 0.0005171463
Train epoch time: 37650.326 ms, per step time: 345.416 ms
Validation accuracy: 1.0
No improvement in accuracy for 14 epochs (best acc = 1.0).
***Epoch: 20***
Current epoch percent: 1.000, step: 2289
Train loss: 0.0002995778
Train epoch time: 37653.638 ms, per step time: 345.446 ms
Validation accuracy: 1.0
No improvement in accuracy for 15 epochs (best acc = 1.0).
***Epoch: 21***
Current epoch percent: 1.000, step: 2398
Train loss: 0.00026618765
Train epoch time: 37655.890 ms, per step time: 345.467 ms
Validation accuracy: 1.0
No improvement in accuracy for 16 epochs (best acc = 1.0).
***Epoch: 22***
Current epoch percent: 1.000, step: 2507
Train loss: 0.00024746463
Train epoch time: 37648.775 ms, per step time: 345.402 ms
Validation accuracy: 1.0
No improvement in accuracy for 17 epochs (best acc = 1.0).
***Epoch: 23***
Current epoch percent: 1.000, step: 2616
Train loss: 0.000244556
Train epoch time: 37626.794 ms, per step time: 345.200 ms
Validation accuracy: 1.0
No improvement in accuracy for 18 epochs (best acc = 1.0).
***Epoch: 24***
Current epoch percent: 1.000, step: 2725
Train loss: 0.00020596792
Train epoch time: 37633.097 ms, per step time: 345.258 ms
Validation accuracy: 1.0
No improvement in accuracy for 19 epochs (best acc = 1.0).
***Epoch: 25***
Current epoch percent: 1.000, step: 2834
Train loss: 0.00020054496
Train epoch time: 37630.223 ms, per step time: 345.231 ms
Validation accuracy: 1.0
No improvement in accuracy for 20 epochs (best acc = 1.0).
***Epoch: 26***
Current epoch percent: 1.000, step: 2943
Train loss: 0.00023022378
Train epoch time: 37643.561 ms, per step time: 345.354 ms
Validation accuracy: 1.0
No improvement in accuracy for 21 epochs (best acc = 1.0).
***Epoch: 27***
Current epoch percent: 1.000, step: 3052
Train loss: 0.00014838183
Train epoch time: 37644.471 ms, per step time: 345.362 ms
Validation accuracy: 1.0
No improvement in accuracy for 22 epochs (best acc = 1.0).
***Epoch: 28***
Current epoch percent: 1.000, step: 3161
Train loss: 0.0001692657
Train epoch time: 37637.144 ms, per step time: 345.295 ms
Validation accuracy: 1.0
No improvement in accuracy for 23 epochs (best acc = 1.0).
***Epoch: 29***
Current epoch percent: 1.000, step: 3270
Train loss: 0.00014464845
Train epoch time: 37672.115 ms, per step time: 345.616 ms
Validation accuracy: 1.0
No improvement in accuracy for 24 epochs (best acc = 1.0).
***Epoch: 30***
Current epoch percent: 1.000, step: 3379
Train loss: 0.00012710596
Train epoch time: 37641.421 ms, per step time: 345.334 ms
Validation accuracy: 1.0
No improvement in accuracy for 25 epochs (best acc = 1.0).
***Epoch: 31***
Current epoch percent: 1.000, step: 3488
Train loss: 0.00012250198
Train epoch time: 37638.763 ms, per step time: 345.310 ms
Validation accuracy: 1.0
No improvement in accuracy for 26 epochs (best acc = 1.0).
***Epoch: 32***
Current epoch percent: 1.000, step: 3597
Train loss: 0.00011813279
Train epoch time: 37639.991 ms, per step time: 345.321 ms
Validation accuracy: 1.0
No improvement in accuracy for 27 epochs (best acc = 1.0).
***Epoch: 33***
Current epoch percent: 1.000, step: 3706
Train loss: 0.00012929717
Train epoch time: 37644.991 ms, per step time: 345.367 ms
Validation accuracy: 1.0
No improvement in accuracy for 28 epochs (best acc = 1.0).
***Epoch: 34***
Current epoch percent: 1.000, step: 3815
Train loss: 9.113488e-05
Train epoch time: 37642.609 ms, per step time: 345.345 ms
Validation accuracy: 1.0
No improvement in accuracy for 29 epochs (best acc = 1.0).
***Epoch: 35***
Current epoch percent: 1.000, step: 3924
Train loss: 0.000101139034
Train epoch time: 37640.574 ms, per step time: 345.326 ms
Validation accuracy: 1.0
No improvement in accuracy for 30 epochs (best acc = 1.0).
***Epoch: 36***
Current epoch percent: 1.000, step: 4033
Train loss: 9.192065e-05
Train epoch time: 37648.498 ms, per step time: 345.399 ms
Validation accuracy: 1.0
No improvement in accuracy for 31 epochs (best acc = 1.0).
***Epoch: 37***
Current epoch percent: 1.000, step: 4142
Train loss: 7.798575e-05
Train epoch time: 37640.567 ms, per step time: 345.326 ms
Validation accuracy: 1.0
No improvement in accuracy for 32 epochs (best acc = 1.0).
***Epoch: 38***
Current epoch percent: 1.000, step: 4251
Train loss: 7.868193e-05
Train epoch time: 37636.597 ms, per step time: 345.290 ms
Validation accuracy: 1.0
No improvement in accuracy for 33 epochs (best acc = 1.0).
***Epoch: 39***
Current epoch percent: 1.000, step: 4360
Train loss: 7.393292e-05
Train epoch time: 37641.809 ms, per step time: 345.338 ms
Validation accuracy: 1.0
No improvement in accuracy for 34 epochs (best acc = 1.0).
***Epoch: 40***
Current epoch percent: 1.000, step: 4469
Train loss: 7.2305105e-05
Train epoch time: 37633.338 ms, per step time: 345.260 ms
Validation accuracy: 1.0
No improvement in accuracy for 35 epochs (best acc = 1.0).
***Epoch: 41***
Current epoch percent: 1.000, step: 4578
Train loss: 6.459436e-05
Train epoch time: 37652.460 ms, per step time: 345.435 ms
Validation accuracy: 1.0
No improvement in accuracy for 36 epochs (best acc = 1.0).
***Epoch: 42***
Current epoch percent: 1.000, step: 4687
Train loss: 6.0161583e-05
Train epoch time: 37640.151 ms, per step time: 345.322 ms
Validation accuracy: 1.0
No improvement in accuracy for 37 epochs (best acc = 1.0).
***Epoch: 43***
Current epoch percent: 1.000, step: 4796
Train loss: 6.35662e-05
Train epoch time: 37647.621 ms, per step time: 345.391 ms
Validation accuracy: 1.0
No improvement in accuracy for 38 epochs (best acc = 1.0).
***Epoch: 44***
Current epoch percent: 1.000, step: 4905
Train loss: 5.6678604e-05
Train epoch time: 37670.757 ms, per step time: 345.603 ms
Validation accuracy: 1.0
No improvement in accuracy for 39 epochs (best acc = 1.0).
***Epoch: 45***
Current epoch percent: 1.000, step: 5014
Train loss: 5.5032062e-05
Train epoch time: 37683.614 ms, per step time: 345.721 ms
Validation accuracy: 1.0
No improvement in accuracy for 40 epochs (best acc = 1.0).
***Epoch: 46***
Current epoch percent: 1.000, step: 5123
Train loss: 4.9068243e-05
Train epoch time: 37683.136 ms, per step time: 345.717 ms
Validation accuracy: 1.0
No improvement in accuracy for 41 epochs (best acc = 1.0).
***Epoch: 47***
Current epoch percent: 1.000, step: 5232
Train loss: 4.246365e-05
Train epoch time: 37697.445 ms, per step time: 345.848 ms
Validation accuracy: 1.0
No improvement in accuracy for 42 epochs (best acc = 1.0).
***Epoch: 48***
Current epoch percent: 1.000, step: 5341
Train loss: 4.5253757e-05
Train epoch time: 37700.638 ms, per step time: 345.877 ms
Validation accuracy: 1.0
No improvement in accuracy for 43 epochs (best acc = 1.0).
***Epoch: 49***
Current epoch percent: 1.000, step: 5450
Train loss: 3.806799e-05
Train epoch time: 37685.072 ms, per step time: 345.735 ms
Validation accuracy: 1.0
No improvement in accuracy for 44 epochs (best acc = 1.0).
***Epoch: 50***
Current epoch percent: 1.000, step: 5559
Train loss: 3.766566e-05
Train epoch time: 37686.193 ms, per step time: 345.745 ms
Validation accuracy: 1.0
No improvement in accuracy for 45 epochs (best acc = 1.0).
***Epoch: 51***
Current epoch percent: 1.000, step: 5668
Train loss: 3.5952078e-05
Train epoch time: 37679.853 ms, per step time: 345.687 ms
Validation accuracy: 1.0
No improvement in accuracy for 46 epochs (best acc = 1.0).
***Epoch: 52***
Current epoch percent: 1.000, step: 5777
Train loss: 3.589992e-05
Train epoch time: 37678.287 ms, per step time: 345.672 ms
Validation accuracy: 1.0
No improvement in accuracy for 47 epochs (best acc = 1.0).
***Epoch: 53***
Current epoch percent: 1.000, step: 5886
Train loss: 3.256963e-05
Train epoch time: 37660.080 ms, per step time: 345.505 ms
Validation accuracy: 1.0
No improvement in accuracy for 48 epochs (best acc = 1.0).
***Epoch: 54***
Current epoch percent: 1.000, step: 5995
Train loss: 3.118762e-05
Train epoch time: 37668.847 ms, per step time: 345.586 ms
Validation accuracy: 1.0
No improvement in accuracy for 49 epochs (best acc = 1.0).
***Epoch: 55***
Current epoch percent: 1.000, step: 6104
Train loss: 3.1627183e-05
Train epoch time: 37648.807 ms, per step time: 345.402 ms

Validation accuracy: 1.0
No improvement in accuracy for 50 epochs (best acc = 1.0).
Early stopping due to no improvement.
Find the newest checkpoint:  /data2/xuguoshun/Enzymes/BM_works/Bert_Casp80/BM-P80/fold_5/saved_models/P80_Best_Model.ckpt
======Val======
** BM-P80/fold_5/mr_data/val.mindrecord

========================================
                model data  AUC  ACC  precision  Recall   F1  MCC  Sensitivity  Specificity
model  P80_Best_Model       1.0  1.0        1.0     1.0  1.0  1.0          1.0          1.0
========================================

======Test======
** BM-P80/fold_5/mr_data/test.mindrecord

========================================
                model data  AUC  ACC  precision  Recall   F1  MCC  Sensitivity  Specificity
model  P80_Best_Model       1.0  1.0        1.0     1.0  1.0  1.0          1.0          1.0
========================================

FINISH !!!



@@@ fold_6 @@@
python /data2/xuguoshun/MPBert3/mpbert_classification_1x_v3.py --config_path /data2/xuguoshun/MPBert3/config_2048.yaml --do_train True --do_eval True --description classification --num_class 2 --epoch_num 200 --early_stopping_rounds 50 --frozen_bert False --device_id 5 --data_url BM-P80/fold_6/mr_data/ --load_checkpoint_url /data2/xuguoshun/MPBert3/uniref_50_2048.ckpt --output_url BM-P80/fold_6/saved_models --task_name P80 --train_batch_size 32
3 <src.bert_model.BertConfig object at 0xfffb10d7a510>
{'bert_net_cfg': <src.bert_model.BertConfig object at 0xfffb10d7a510>,
 'concat_hidden_size': 512,
 'concat_layer_num': 1,
 'config_path': '/data2/xuguoshun/MPBert3/config_2048.yaml',
 'cut_layer_num': 0,
 'data_spilt_num': 3,
 'data_url': 'BM-P80/fold_6/mr_data/',
 'dataset_format': 'mindrecord',
 'description': 'classification',
 'device_id': 5,
 'device_target': 'Ascend',
 'do_eval': True,
 'do_predict': False,
 'do_train': True,
 'dssp_hidden_size': 128,
 'dssp_layer_num': 1,
 'early_stopping_rounds': 50,
 'enable_modelarts': False,
 'enable_profiling': False,
 'epoch_num': 200,
 'eval_batch_size': 1,
 'eval_data_shuffle': 'false',
 'file_format': 'MINDIR',
 'frozen_bert': False,
 'label_percent': '1:1',
 'load_checkpoint_url': '/data2/xuguoshun/MPBert3/uniref_50_2048.ckpt',
 'load_pretrain': True,
 'loss_gamma': 2.0,
 'loss_name': 'CrossEntropy',
 'metrics': 'ACC',
 'num_class': 2,
 'optimizer_cfg': {'AdamWeightDecay': {'decay_filter': <function extra_operations.<locals>.create_filter_fun.<locals>.<lambda> at 0xfffb10d61680>,
 'end_learning_rate': 1e-10,
 'eps': 1e-06,
 'learning_rate': 1e-05,
 'power': 1.0,
 'weight_decay': 1e-05},
 'Lamb': {'decay_filter': <function extra_operations.<locals>.create_filter_fun.<locals>.<lambda> at 0xfffb10d61560>,
 'end_learning_rate': 1e-10,
 'learning_rate': 2e-05,
 'power': 1.0,
 'weight_decay': 0.01},
 'Momentum': {'learning_rate': 2e-05, 'momentum': 0.9},
 'optimizer': 'AdamWeightDecay'},
 'output_url': 'BM-P80/fold_6/saved_models',
 'print_predict': False,
 'pssm_hidden_size': 128,
 'pssm_layer_num': 1,
 'return_csv': False,
 'return_sequence': False,
 'task_name': 'P80',
 'train_batch_size': 32,
 'train_data_shuffle': 'true',
 'use_pynative_mode': False,
 'vocab_file': '',
 'with_lstm': False}
 >>> Eval: Val file is val.mindrecord.
 >>> Eval: Test file is test.mindrecord.
==============================================================
processor_name: Ascend
test_name: P80
batch_size: 32
 >>> Train: Train file is train.mindrecord.
 >>> Train: Val file is val.mindrecord.
***Epoch: 0***
Current epoch percent: 1.000, step: 109
Train loss: 0.6277479
Train epoch time: 69896.824 ms, per step time: 641.255 ms
Validation accuracy: 0.8794871794871795
New best accuracy: 0.8794871794871795, saved best model to :
BM-P80/fold_6/saved_models/P80_Best_Model.ckpt
***Epoch: 1***
Current epoch percent: 1.000, step: 218
Train loss: 0.21069008
Train epoch time: 37555.532 ms, per step time: 344.546 ms
Validation accuracy: 0.9871794871794872
New best accuracy: 0.9871794871794872, saved best model to :
BM-P80/fold_6/saved_models/P80_Best_Model.ckpt
***Epoch: 2***
Current epoch percent: 1.000, step: 327
Train loss: 0.0629173
Train epoch time: 37566.394 ms, per step time: 344.646 ms
Validation accuracy: 0.9871794871794872
No improvement in accuracy for 1 epochs (best acc = 0.9871794871794872).
***Epoch: 3***
Current epoch percent: 1.000, step: 436
Train loss: 0.050810196
Train epoch time: 37546.074 ms, per step time: 344.459 ms
Validation accuracy: 0.9846153846153847
No improvement in accuracy for 2 epochs (best acc = 0.9871794871794872).
***Epoch: 4***
Current epoch percent: 1.000, step: 545
Train loss: 0.1534741
Train epoch time: 37548.527 ms, per step time: 344.482 ms
Validation accuracy: 0.9897435897435898
New best accuracy: 0.9897435897435898, saved best model to :
BM-P80/fold_6/saved_models/P80_Best_Model.ckpt
***Epoch: 5***
Current epoch percent: 1.000, step: 654
Train loss: 0.017076932
Train epoch time: 37555.389 ms, per step time: 344.545 ms
Validation accuracy: 0.9897435897435898
No improvement in accuracy for 1 epochs (best acc = 0.9897435897435898).
***Epoch: 6***
Current epoch percent: 1.000, step: 763
Train loss: 0.011002459
Train epoch time: 37558.239 ms, per step time: 344.571 ms
Validation accuracy: 0.9948717948717949
New best accuracy: 0.9948717948717949, saved best model to :
BM-P80/fold_6/saved_models/P80_Best_Model.ckpt
***Epoch: 7***
Current epoch percent: 1.000, step: 872
Train loss: 0.0054255975
Train epoch time: 37560.351 ms, per step time: 344.590 ms
Validation accuracy: 0.9948717948717949
No improvement in accuracy for 1 epochs (best acc = 0.9948717948717949).
***Epoch: 8***
Current epoch percent: 1.000, step: 981
Train loss: 0.0039044057
Train epoch time: 37574.600 ms, per step time: 344.721 ms
Validation accuracy: 0.9948717948717949
No improvement in accuracy for 2 epochs (best acc = 0.9948717948717949).
***Epoch: 9***
Current epoch percent: 1.000, step: 1090
Train loss: 0.0028134796
Train epoch time: 37573.049 ms, per step time: 344.707 ms
Validation accuracy: 0.9974358974358974
New best accuracy: 0.9974358974358974, saved best model to :
BM-P80/fold_6/saved_models/P80_Best_Model.ckpt
***Epoch: 10***
Current epoch percent: 1.000, step: 1199
Train loss: 0.0028796901
Train epoch time: 37578.791 ms, per step time: 344.760 ms
Validation accuracy: 0.9948717948717949
No improvement in accuracy for 1 epochs (best acc = 0.9974358974358974).
***Epoch: 11***
Current epoch percent: 1.000, step: 1308
Train loss: 0.0017787078
Train epoch time: 37540.312 ms, per step time: 344.407 ms
Validation accuracy: 0.9974358974358974
No improvement in accuracy for 2 epochs (best acc = 0.9974358974358974).
***Epoch: 12***
Current epoch percent: 1.000, step: 1417
Train loss: 0.0014225072
Train epoch time: 37545.775 ms, per step time: 344.457 ms
Validation accuracy: 0.9974358974358974
No improvement in accuracy for 3 epochs (best acc = 0.9974358974358974).
***Epoch: 13***
Current epoch percent: 1.000, step: 1526
Train loss: 0.0011656277
Train epoch time: 37544.303 ms, per step time: 344.443 ms
Validation accuracy: 0.9948717948717949
No improvement in accuracy for 4 epochs (best acc = 0.9974358974358974).
***Epoch: 14***
Current epoch percent: 1.000, step: 1635
Train loss: 0.00094805204
Train epoch time: 37543.825 ms, per step time: 344.439 ms
Validation accuracy: 0.9948717948717949
No improvement in accuracy for 5 epochs (best acc = 0.9974358974358974).
***Epoch: 15***
Current epoch percent: 1.000, step: 1744
Train loss: 0.00084265124
Train epoch time: 37544.358 ms, per step time: 344.444 ms
Validation accuracy: 0.9948717948717949
No improvement in accuracy for 6 epochs (best acc = 0.9974358974358974).
***Epoch: 16***
Current epoch percent: 1.000, step: 1853
Train loss: 0.00064932543
Train epoch time: 37559.352 ms, per step time: 344.581 ms
Validation accuracy: 0.9974358974358974
No improvement in accuracy for 7 epochs (best acc = 0.9974358974358974).
***Epoch: 17***
Current epoch percent: 1.000, step: 1962
Train loss: 0.0005687306
Train epoch time: 37544.621 ms, per step time: 344.446 ms
Validation accuracy: 0.9974358974358974
No improvement in accuracy for 8 epochs (best acc = 0.9974358974358974).
***Epoch: 18***
Current epoch percent: 1.000, step: 2071
Train loss: 0.0005022414
Train epoch time: 37537.062 ms, per step time: 344.377 ms
Validation accuracy: 0.9948717948717949
No improvement in accuracy for 9 epochs (best acc = 0.9974358974358974).
***Epoch: 19***
Current epoch percent: 1.000, step: 2180
Train loss: 0.000527353
Train epoch time: 37542.602 ms, per step time: 344.428 ms
Validation accuracy: 0.9974358974358974
No improvement in accuracy for 10 epochs (best acc = 0.9974358974358974).
***Epoch: 20***
Current epoch percent: 1.000, step: 2289
Train loss: 0.0003572556
Train epoch time: 37550.441 ms, per step time: 344.499 ms
Validation accuracy: 0.9974358974358974
No improvement in accuracy for 11 epochs (best acc = 0.9974358974358974).
***Epoch: 21***
Current epoch percent: 1.000, step: 2398
Train loss: 0.00033241356
Train epoch time: 37543.756 ms, per step time: 344.438 ms
Validation accuracy: 0.9974358974358974
No improvement in accuracy for 12 epochs (best acc = 0.9974358974358974).
***Epoch: 22***
Current epoch percent: 1.000, step: 2507
Train loss: 0.000311483
Train epoch time: 37547.508 ms, per step time: 344.473 ms
Validation accuracy: 0.9974358974358974
No improvement in accuracy for 13 epochs (best acc = 0.9974358974358974).
***Epoch: 23***
Current epoch percent: 1.000, step: 2616
Train loss: 0.00026717398
Train epoch time: 37540.271 ms, per step time: 344.406 ms
Validation accuracy: 0.9974358974358974
No improvement in accuracy for 14 epochs (best acc = 0.9974358974358974).
***Epoch: 24***
Current epoch percent: 1.000, step: 2725
Train loss: 0.0002696797
Train epoch time: 37543.786 ms, per step time: 344.438 ms
Validation accuracy: 0.9974358974358974
No improvement in accuracy for 15 epochs (best acc = 0.9974358974358974).
***Epoch: 25***
Current epoch percent: 1.000, step: 2834
Train loss: 0.00022787706
Train epoch time: 37538.004 ms, per step time: 344.385 ms
Validation accuracy: 0.9974358974358974
No improvement in accuracy for 16 epochs (best acc = 0.9974358974358974).
***Epoch: 26***
Current epoch percent: 1.000, step: 2943
Train loss: 0.00019497664
Train epoch time: 37545.829 ms, per step time: 344.457 ms
Validation accuracy: 0.9974358974358974
No improvement in accuracy for 17 epochs (best acc = 0.9974358974358974).
***Epoch: 27***
Current epoch percent: 1.000, step: 3052
Train loss: 0.00019191153
Train epoch time: 37546.356 ms, per step time: 344.462 ms
Validation accuracy: 0.9974358974358974
No improvement in accuracy for 18 epochs (best acc = 0.9974358974358974).
***Epoch: 28***
Current epoch percent: 1.000, step: 3161
Train loss: 0.0001731542
Train epoch time: 37558.681 ms, per step time: 344.575 ms
Validation accuracy: 0.9974358974358974
No improvement in accuracy for 19 epochs (best acc = 0.9974358974358974).
***Epoch: 29***
Current epoch percent: 1.000, step: 3270
Train loss: 0.00016415186
Train epoch time: 37544.227 ms, per step time: 344.442 ms
Validation accuracy: 0.9974358974358974
No improvement in accuracy for 20 epochs (best acc = 0.9974358974358974).
***Epoch: 30***
Current epoch percent: 1.000, step: 3379
Train loss: 0.00017608551
Train epoch time: 37539.707 ms, per step time: 344.401 ms
Validation accuracy: 0.9974358974358974
No improvement in accuracy for 21 epochs (best acc = 0.9974358974358974).
***Epoch: 31***
Current epoch percent: 1.000, step: 3488
Train loss: 0.00013274129
Train epoch time: 37543.277 ms, per step time: 344.434 ms
Validation accuracy: 0.9974358974358974
No improvement in accuracy for 22 epochs (best acc = 0.9974358974358974).
***Epoch: 32***
Current epoch percent: 1.000, step: 3597
Train loss: 0.00012269206
Train epoch time: 37547.590 ms, per step time: 344.473 ms
Validation accuracy: 0.9974358974358974
No improvement in accuracy for 23 epochs (best acc = 0.9974358974358974).
***Epoch: 33***
Current epoch percent: 1.000, step: 3706
Train loss: 0.00011533169
Train epoch time: 37543.698 ms, per step time: 344.438 ms
Validation accuracy: 0.9974358974358974
No improvement in accuracy for 24 epochs (best acc = 0.9974358974358974).
***Epoch: 34***
Current epoch percent: 1.000, step: 3815
Train loss: 0.0001099644
Train epoch time: 37544.174 ms, per step time: 344.442 ms
Validation accuracy: 0.9974358974358974
No improvement in accuracy for 25 epochs (best acc = 0.9974358974358974).
***Epoch: 35***
Current epoch percent: 1.000, step: 3924
Train loss: 0.00010897689
Train epoch time: 37543.499 ms, per step time: 344.436 ms
Validation accuracy: 0.9974358974358974
No improvement in accuracy for 26 epochs (best acc = 0.9974358974358974).
***Epoch: 36***
Current epoch percent: 1.000, step: 4033
Train loss: 9.762747e-05
Train epoch time: 37543.535 ms, per step time: 344.436 ms
Validation accuracy: 0.9974358974358974
No improvement in accuracy for 27 epochs (best acc = 0.9974358974358974).
***Epoch: 37***
Current epoch percent: 1.000, step: 4142
Train loss: 9.589909e-05
Train epoch time: 37550.807 ms, per step time: 344.503 ms
Validation accuracy: 0.9974358974358974
No improvement in accuracy for 28 epochs (best acc = 0.9974358974358974).
***Epoch: 38***
Current epoch percent: 1.000, step: 4251
Train loss: 9.6333526e-05
Train epoch time: 37546.951 ms, per step time: 344.467 ms
Validation accuracy: 0.9974358974358974
No improvement in accuracy for 29 epochs (best acc = 0.9974358974358974).
***Epoch: 39***
Current epoch percent: 1.000, step: 4360
Train loss: 7.883136e-05
Train epoch time: 37552.713 ms, per step time: 344.520 ms
Validation accuracy: 0.9974358974358974
No improvement in accuracy for 30 epochs (best acc = 0.9974358974358974).
***Epoch: 40***
Current epoch percent: 1.000, step: 4469
Train loss: 7.5896e-05
Train epoch time: 37574.934 ms, per step time: 344.724 ms
Validation accuracy: 0.9974358974358974
No improvement in accuracy for 31 epochs (best acc = 0.9974358974358974).
***Epoch: 41***
Current epoch percent: 1.000, step: 4578
Train loss: 7.111677e-05
Train epoch time: 37566.669 ms, per step time: 344.648 ms
Validation accuracy: 0.9974358974358974
No improvement in accuracy for 32 epochs (best acc = 0.9974358974358974).
***Epoch: 42***
Current epoch percent: 1.000, step: 4687
Train loss: 8.2286075e-05
Train epoch time: 37543.034 ms, per step time: 344.432 ms
Validation accuracy: 0.9974358974358974
No improvement in accuracy for 33 epochs (best acc = 0.9974358974358974).
***Epoch: 43***
Current epoch percent: 1.000, step: 4796
Train loss: 7.518372e-05
Train epoch time: 37555.059 ms, per step time: 344.542 ms
Validation accuracy: 0.9974358974358974
No improvement in accuracy for 34 epochs (best acc = 0.9974358974358974).
***Epoch: 44***
Current epoch percent: 1.000, step: 4905
Train loss: 6.9313384e-05
Train epoch time: 37560.491 ms, per step time: 344.592 ms
Validation accuracy: 0.9974358974358974
No improvement in accuracy for 35 epochs (best acc = 0.9974358974358974).
***Epoch: 45***
Current epoch percent: 1.000, step: 5014
Train loss: 5.7978614e-05
Train epoch time: 37562.855 ms, per step time: 344.613 ms
Validation accuracy: 0.9974358974358974
No improvement in accuracy for 36 epochs (best acc = 0.9974358974358974).
***Epoch: 46***
Current epoch percent: 1.000, step: 5123
Train loss: 5.3489974e-05
Train epoch time: 37561.376 ms, per step time: 344.600 ms
Validation accuracy: 0.9974358974358974
No improvement in accuracy for 37 epochs (best acc = 0.9974358974358974).
***Epoch: 47***
Current epoch percent: 1.000, step: 5232
Train loss: 4.888203e-05
Train epoch time: 37561.135 ms, per step time: 344.598 ms
Validation accuracy: 0.9974358974358974
No improvement in accuracy for 38 epochs (best acc = 0.9974358974358974).
***Epoch: 48***
Current epoch percent: 1.000, step: 5341
Train loss: 4.9239618e-05
Train epoch time: 37554.360 ms, per step time: 344.535 ms
Validation accuracy: 0.9974358974358974
No improvement in accuracy for 39 epochs (best acc = 0.9974358974358974).
***Epoch: 49***
Current epoch percent: 1.000, step: 5450
Train loss: 6.378582e-05
Train epoch time: 37559.803 ms, per step time: 344.585 ms
Validation accuracy: 0.9974358974358974
No improvement in accuracy for 40 epochs (best acc = 0.9974358974358974).
***Epoch: 50***
Current epoch percent: 1.000, step: 5559
Train loss: 4.4881206e-05
Train epoch time: 37555.627 ms, per step time: 344.547 ms
Validation accuracy: 0.9974358974358974
No improvement in accuracy for 41 epochs (best acc = 0.9974358974358974).
***Epoch: 51***
Current epoch percent: 1.000, step: 5668
Train loss: 4.726143e-05
Train epoch time: 37563.110 ms, per step time: 344.616 ms
Validation accuracy: 0.9974358974358974
No improvement in accuracy for 42 epochs (best acc = 0.9974358974358974).
***Epoch: 52***
Current epoch percent: 1.000, step: 5777
Train loss: 4.2243824e-05
Train epoch time: 37555.984 ms, per step time: 344.550 ms
Validation accuracy: 0.9974358974358974
No improvement in accuracy for 43 epochs (best acc = 0.9974358974358974).
***Epoch: 53***
Current epoch percent: 1.000, step: 5886
Train loss: 3.6972757e-05
Train epoch time: 37562.384 ms, per step time: 344.609 ms
Validation accuracy: 0.9974358974358974
No improvement in accuracy for 44 epochs (best acc = 0.9974358974358974).
***Epoch: 54***
Current epoch percent: 1.000, step: 5995
Train loss: 4.3174965e-05
Train epoch time: 37563.434 ms, per step time: 344.619 ms
Validation accuracy: 0.9974358974358974
No improvement in accuracy for 45 epochs (best acc = 0.9974358974358974).
***Epoch: 55***
Current epoch percent: 1.000, step: 6104
Train loss: 3.505806e-05
Train epoch time: 37544.461 ms, per step time: 344.445 ms
Validation accuracy: 0.9974358974358974
No improvement in accuracy for 46 epochs (best acc = 0.9974358974358974).
***Epoch: 56***
Current epoch percent: 1.000, step: 6213
Train loss: 3.4916502e-05
Train epoch time: 37544.663 ms, per step time: 344.446 ms
Validation accuracy: 0.9974358974358974
No improvement in accuracy for 47 epochs (best acc = 0.9974358974358974).
***Epoch: 57***
Current epoch percent: 1.000, step: 6322
Train loss: 3.1325446e-05
Train epoch time: 37549.256 ms, per step time: 344.489 ms
Validation accuracy: 0.9974358974358974
No improvement in accuracy for 48 epochs (best acc = 0.9974358974358974).
***Epoch: 58***
Current epoch percent: 1.000, step: 6431
Train loss: 2.9108975e-05
Train epoch time: 37554.236 ms, per step time: 344.534 ms
Validation accuracy: 0.9974358974358974
No improvement in accuracy for 49 epochs (best acc = 0.9974358974358974).
***Epoch: 59***
Current epoch percent: 1.000, step: 6540
Train loss: 2.7112277e-05
Train epoch time: 37539.856 ms, per step time: 344.402 ms

Validation accuracy: 0.9974358974358974
No improvement in accuracy for 50 epochs (best acc = 0.9974358974358974).
Early stopping due to no improvement.
Find the newest checkpoint:  /data2/xuguoshun/Enzymes/BM_works/Bert_Casp80/BM-P80/fold_6/saved_models/P80_Best_Model.ckpt
======Val======
** BM-P80/fold_6/mr_data/val.mindrecord

========================================
                model data       AUC       ACC  precision    Recall        F1       MCC  Sensitivity  Specificity
model  P80_Best_Model       0.999632  0.997436   0.997449  0.997436  0.997436  0.994885     0.994872          1.0
========================================

======Test======
** BM-P80/fold_6/mr_data/test.mindrecord

========================================
                model data       AUC       ACC  precision    Recall        F1       MCC  Sensitivity  Specificity
model  P80_Best_Model       0.999632  0.997436   0.997449  0.997436  0.997436  0.994885     0.994872          1.0
========================================

FINISH !!!



@@@ fold_7 @@@
python /data2/xuguoshun/MPBert3/mpbert_classification_1x_v3.py --config_path /data2/xuguoshun/MPBert3/config_2048.yaml --do_train True --do_eval True --description classification --num_class 2 --epoch_num 200 --early_stopping_rounds 50 --frozen_bert False --device_id 5 --data_url BM-P80/fold_7/mr_data/ --load_checkpoint_url /data2/xuguoshun/MPBert3/uniref_50_2048.ckpt --output_url BM-P80/fold_7/saved_models --task_name P80 --train_batch_size 32
3 <src.bert_model.BertConfig object at 0xfffca82ba390>
{'bert_net_cfg': <src.bert_model.BertConfig object at 0xfffca82ba390>,
 'concat_hidden_size': 512,
 'concat_layer_num': 1,
 'config_path': '/data2/xuguoshun/MPBert3/config_2048.yaml',
 'cut_layer_num': 0,
 'data_spilt_num': 3,
 'data_url': 'BM-P80/fold_7/mr_data/',
 'dataset_format': 'mindrecord',
 'description': 'classification',
 'device_id': 5,
 'device_target': 'Ascend',
 'do_eval': True,
 'do_predict': False,
 'do_train': True,
 'dssp_hidden_size': 128,
 'dssp_layer_num': 1,
 'early_stopping_rounds': 50,
 'enable_modelarts': False,
 'enable_profiling': False,
 'epoch_num': 200,
 'eval_batch_size': 1,
 'eval_data_shuffle': 'false',
 'file_format': 'MINDIR',
 'frozen_bert': False,
 'label_percent': '1:1',
 'load_checkpoint_url': '/data2/xuguoshun/MPBert3/uniref_50_2048.ckpt',
 'load_pretrain': True,
 'loss_gamma': 2.0,
 'loss_name': 'CrossEntropy',
 'metrics': 'ACC',
 'num_class': 2,
 'optimizer_cfg': {'AdamWeightDecay': {'decay_filter': <function extra_operations.<locals>.create_filter_fun.<locals>.<lambda> at 0xfffca82a1680>,
 'end_learning_rate': 1e-10,
 'eps': 1e-06,
 'learning_rate': 1e-05,
 'power': 1.0,
 'weight_decay': 1e-05},
 'Lamb': {'decay_filter': <function extra_operations.<locals>.create_filter_fun.<locals>.<lambda> at 0xfffca82a1560>,
 'end_learning_rate': 1e-10,
 'learning_rate': 2e-05,
 'power': 1.0,
 'weight_decay': 0.01},
 'Momentum': {'learning_rate': 2e-05, 'momentum': 0.9},
 'optimizer': 'AdamWeightDecay'},
 'output_url': 'BM-P80/fold_7/saved_models',
 'print_predict': False,
 'pssm_hidden_size': 128,
 'pssm_layer_num': 1,
 'return_csv': False,
 'return_sequence': False,
 'task_name': 'P80',
 'train_batch_size': 32,
 'train_data_shuffle': 'true',
 'use_pynative_mode': False,
 'vocab_file': '',
 'with_lstm': False}
 >>> Eval: Val file is val.mindrecord.
 >>> Eval: Test file is test.mindrecord.
==============================================================
processor_name: Ascend
test_name: P80
batch_size: 32
 >>> Train: Train file is train.mindrecord.
 >>> Train: Val file is val.mindrecord.
***Epoch: 0***
Current epoch percent: 1.000, step: 109
Train loss: 0.6485482
Train epoch time: 69490.044 ms, per step time: 637.523 ms
Validation accuracy: 0.7448453608247423
New best accuracy: 0.7448453608247423, saved best model to :
BM-P80/fold_7/saved_models/P80_Best_Model.ckpt
***Epoch: 1***
Current epoch percent: 1.000, step: 218
Train loss: 0.36757433
Train epoch time: 37598.757 ms, per step time: 344.943 ms
Validation accuracy: 0.9742268041237113
New best accuracy: 0.9742268041237113, saved best model to :
BM-P80/fold_7/saved_models/P80_Best_Model.ckpt
***Epoch: 2***
Current epoch percent: 1.000, step: 327
Train loss: 0.09620461
Train epoch time: 37594.977 ms, per step time: 344.908 ms
Validation accuracy: 1.0
New best accuracy: 1.0, saved best model to :
BM-P80/fold_7/saved_models/P80_Best_Model.ckpt
***Epoch: 3***
Current epoch percent: 1.000, step: 436
Train loss: 0.03542698
Train epoch time: 37591.630 ms, per step time: 344.877 ms
Validation accuracy: 1.0
No improvement in accuracy for 1 epochs (best acc = 1.0).
***Epoch: 4***
Current epoch percent: 1.000, step: 545
Train loss: 0.05367939
Train epoch time: 37591.243 ms, per step time: 344.874 ms
Validation accuracy: 1.0
No improvement in accuracy for 2 epochs (best acc = 1.0).
***Epoch: 5***
Current epoch percent: 1.000, step: 654
Train loss: 0.00934944
Train epoch time: 37606.663 ms, per step time: 345.015 ms
Validation accuracy: 1.0
No improvement in accuracy for 3 epochs (best acc = 1.0).
***Epoch: 6***
Current epoch percent: 1.000, step: 763
Train loss: 0.0058914814
Train epoch time: 37605.001 ms, per step time: 345.000 ms
Validation accuracy: 1.0
No improvement in accuracy for 4 epochs (best acc = 1.0).
***Epoch: 7***
Current epoch percent: 1.000, step: 872
Train loss: 0.0045525534
Train epoch time: 37618.187 ms, per step time: 345.121 ms
Validation accuracy: 1.0
No improvement in accuracy for 5 epochs (best acc = 1.0).
***Epoch: 8***
Current epoch percent: 1.000, step: 981
Train loss: 0.003689548
Train epoch time: 37595.311 ms, per step time: 344.911 ms
Validation accuracy: 1.0
No improvement in accuracy for 6 epochs (best acc = 1.0).
***Epoch: 9***
Current epoch percent: 1.000, step: 1090
Train loss: 0.0026048892
Train epoch time: 37594.129 ms, per step time: 344.900 ms
Validation accuracy: 1.0
No improvement in accuracy for 7 epochs (best acc = 1.0).
***Epoch: 10***
Current epoch percent: 1.000, step: 1199
Train loss: 0.0021522269
Train epoch time: 37595.150 ms, per step time: 344.910 ms
Validation accuracy: 1.0
No improvement in accuracy for 8 epochs (best acc = 1.0).
***Epoch: 11***
Current epoch percent: 1.000, step: 1308
Train loss: 0.0016567515
Train epoch time: 37600.003 ms, per step time: 344.954 ms
Validation accuracy: 1.0
No improvement in accuracy for 9 epochs (best acc = 1.0).
***Epoch: 12***
Current epoch percent: 1.000, step: 1417
Train loss: 0.0013861863
Train epoch time: 37590.807 ms, per step time: 344.870 ms
Validation accuracy: 1.0
No improvement in accuracy for 10 epochs (best acc = 1.0).
***Epoch: 13***
Current epoch percent: 1.000, step: 1526
Train loss: 0.0010668691
Train epoch time: 37591.168 ms, per step time: 344.873 ms
Validation accuracy: 1.0
No improvement in accuracy for 11 epochs (best acc = 1.0).
***Epoch: 14***
Current epoch percent: 1.000, step: 1635
Train loss: 0.001026167
Train epoch time: 37596.624 ms, per step time: 344.923 ms
Validation accuracy: 1.0
No improvement in accuracy for 12 epochs (best acc = 1.0).
***Epoch: 15***
Current epoch percent: 1.000, step: 1744
Train loss: 0.0008663973
Train epoch time: 37600.482 ms, per step time: 344.959 ms
Validation accuracy: 1.0
No improvement in accuracy for 13 epochs (best acc = 1.0).
***Epoch: 16***
Current epoch percent: 1.000, step: 1853
Train loss: 0.00101895
Train epoch time: 37604.421 ms, per step time: 344.995 ms
Validation accuracy: 1.0
No improvement in accuracy for 14 epochs (best acc = 1.0).
***Epoch: 17***
Current epoch percent: 1.000, step: 1962
Train loss: 0.0012230852
Train epoch time: 37597.896 ms, per step time: 344.935 ms
Validation accuracy: 1.0
No improvement in accuracy for 15 epochs (best acc = 1.0).
***Epoch: 18***
Current epoch percent: 1.000, step: 2071
Train loss: 0.0005874535
Train epoch time: 37594.322 ms, per step time: 344.902 ms
Validation accuracy: 1.0
No improvement in accuracy for 16 epochs (best acc = 1.0).
***Epoch: 19***
Current epoch percent: 1.000, step: 2180
Train loss: 0.0005203879
Train epoch time: 37601.930 ms, per step time: 344.972 ms
Validation accuracy: 1.0
No improvement in accuracy for 17 epochs (best acc = 1.0).
***Epoch: 20***
Current epoch percent: 1.000, step: 2289
Train loss: 0.00038295367
Train epoch time: 37594.613 ms, per step time: 344.905 ms
Validation accuracy: 1.0
No improvement in accuracy for 18 epochs (best acc = 1.0).
***Epoch: 21***
Current epoch percent: 1.000, step: 2398
Train loss: 0.00036836648
Train epoch time: 37591.564 ms, per step time: 344.877 ms
Validation accuracy: 1.0
No improvement in accuracy for 19 epochs (best acc = 1.0).
***Epoch: 22***
Current epoch percent: 1.000, step: 2507
Train loss: 0.00037368818
Train epoch time: 37599.730 ms, per step time: 344.952 ms
Validation accuracy: 1.0
No improvement in accuracy for 20 epochs (best acc = 1.0).
***Epoch: 23***
Current epoch percent: 1.000, step: 2616
Train loss: 0.00027551252
Train epoch time: 37588.625 ms, per step time: 344.850 ms
Validation accuracy: 1.0
No improvement in accuracy for 21 epochs (best acc = 1.0).
***Epoch: 24***
Current epoch percent: 1.000, step: 2725
Train loss: 0.0002727776
Train epoch time: 37596.285 ms, per step time: 344.920 ms
Validation accuracy: 1.0
No improvement in accuracy for 22 epochs (best acc = 1.0).
***Epoch: 25***
Current epoch percent: 1.000, step: 2834
Train loss: 0.00025558053
Train epoch time: 37600.238 ms, per step time: 344.956 ms
Validation accuracy: 1.0
No improvement in accuracy for 23 epochs (best acc = 1.0).
***Epoch: 26***
Current epoch percent: 1.000, step: 2943
Train loss: 0.00020467577
Train epoch time: 37593.336 ms, per step time: 344.893 ms
Validation accuracy: 1.0
No improvement in accuracy for 24 epochs (best acc = 1.0).
***Epoch: 27***
Current epoch percent: 1.000, step: 3052
Train loss: 0.00021507018
Train epoch time: 37601.519 ms, per step time: 344.968 ms
Validation accuracy: 1.0
No improvement in accuracy for 25 epochs (best acc = 1.0).
***Epoch: 28***
Current epoch percent: 1.000, step: 3161
Train loss: 0.00021938217
Train epoch time: 37603.184 ms, per step time: 344.983 ms
Validation accuracy: 1.0
No improvement in accuracy for 26 epochs (best acc = 1.0).
***Epoch: 29***
Current epoch percent: 1.000, step: 3270
Train loss: 0.00017363859
Train epoch time: 37606.332 ms, per step time: 345.012 ms
Validation accuracy: 1.0
No improvement in accuracy for 27 epochs (best acc = 1.0).
***Epoch: 30***
Current epoch percent: 1.000, step: 3379
Train loss: 0.00014978602
Train epoch time: 37613.543 ms, per step time: 345.078 ms
Validation accuracy: 1.0
No improvement in accuracy for 28 epochs (best acc = 1.0).
***Epoch: 31***
Current epoch percent: 1.000, step: 3488
Train loss: 0.00014439996
Train epoch time: 37612.684 ms, per step time: 345.070 ms
Validation accuracy: 1.0
No improvement in accuracy for 29 epochs (best acc = 1.0).
***Epoch: 32***
Current epoch percent: 1.000, step: 3597
Train loss: 0.0001387906
Train epoch time: 37628.610 ms, per step time: 345.217 ms
Validation accuracy: 1.0
No improvement in accuracy for 30 epochs (best acc = 1.0).
***Epoch: 33***
Current epoch percent: 1.000, step: 3706
Train loss: 0.00013008148
Train epoch time: 37619.778 ms, per step time: 345.136 ms
Validation accuracy: 1.0
No improvement in accuracy for 31 epochs (best acc = 1.0).
***Epoch: 34***
Current epoch percent: 1.000, step: 3815
Train loss: 0.00012114605
Train epoch time: 37630.075 ms, per step time: 345.230 ms
Validation accuracy: 1.0
No improvement in accuracy for 32 epochs (best acc = 1.0).
***Epoch: 35***
Current epoch percent: 1.000, step: 3924
Train loss: 0.000115834635
Train epoch time: 37637.766 ms, per step time: 345.301 ms
Validation accuracy: 1.0
No improvement in accuracy for 33 epochs (best acc = 1.0).
***Epoch: 36***
Current epoch percent: 1.000, step: 4033
Train loss: 0.000113498405
Train epoch time: 37615.496 ms, per step time: 345.096 ms
Validation accuracy: 1.0
No improvement in accuracy for 34 epochs (best acc = 1.0).
***Epoch: 37***
Current epoch percent: 1.000, step: 4142
Train loss: 9.665858e-05
Train epoch time: 37601.574 ms, per step time: 344.969 ms
Validation accuracy: 1.0
No improvement in accuracy for 35 epochs (best acc = 1.0).
***Epoch: 38***
Current epoch percent: 1.000, step: 4251
Train loss: 9.804442e-05
Train epoch time: 37606.146 ms, per step time: 345.011 ms
Validation accuracy: 1.0
No improvement in accuracy for 36 epochs (best acc = 1.0).
***Epoch: 39***
Current epoch percent: 1.000, step: 4360
Train loss: 9.0434114e-05
Train epoch time: 37599.478 ms, per step time: 344.949 ms
Validation accuracy: 1.0
No improvement in accuracy for 37 epochs (best acc = 1.0).
***Epoch: 40***
Current epoch percent: 1.000, step: 4469
Train loss: 8.343547e-05
Train epoch time: 37596.291 ms, per step time: 344.920 ms
Validation accuracy: 1.0
No improvement in accuracy for 38 epochs (best acc = 1.0).
***Epoch: 41***
Current epoch percent: 1.000, step: 4578
Train loss: 7.6309414e-05
Train epoch time: 37593.141 ms, per step time: 344.891 ms
Validation accuracy: 1.0
No improvement in accuracy for 39 epochs (best acc = 1.0).
***Epoch: 42***
Current epoch percent: 1.000, step: 4687
Train loss: 7.287879e-05
Train epoch time: 37592.519 ms, per step time: 344.885 ms
Validation accuracy: 1.0
No improvement in accuracy for 40 epochs (best acc = 1.0).
***Epoch: 43***
Current epoch percent: 1.000, step: 4796
Train loss: 7.207787e-05
Train epoch time: 37597.081 ms, per step time: 344.927 ms
Validation accuracy: 1.0
No improvement in accuracy for 41 epochs (best acc = 1.0).
***Epoch: 44***
Current epoch percent: 1.000, step: 4905
Train loss: 6.8531444e-05
Train epoch time: 37585.192 ms, per step time: 344.818 ms
Validation accuracy: 1.0
No improvement in accuracy for 42 epochs (best acc = 1.0).
***Epoch: 45***
Current epoch percent: 1.000, step: 5014
Train loss: 6.273529e-05
Train epoch time: 37596.513 ms, per step time: 344.922 ms
Validation accuracy: 1.0
No improvement in accuracy for 43 epochs (best acc = 1.0).
***Epoch: 46***
Current epoch percent: 1.000, step: 5123
Train loss: 5.8053167e-05
Train epoch time: 37593.037 ms, per step time: 344.890 ms
Validation accuracy: 1.0
No improvement in accuracy for 44 epochs (best acc = 1.0).
***Epoch: 47***
Current epoch percent: 1.000, step: 5232
Train loss: 5.7405014e-05
Train epoch time: 37589.236 ms, per step time: 344.855 ms
Validation accuracy: 1.0
No improvement in accuracy for 45 epochs (best acc = 1.0).
***Epoch: 48***
Current epoch percent: 1.000, step: 5341
Train loss: 5.328135e-05
Train epoch time: 37595.303 ms, per step time: 344.911 ms
Validation accuracy: 1.0
No improvement in accuracy for 46 epochs (best acc = 1.0).
***Epoch: 49***
Current epoch percent: 1.000, step: 5450
Train loss: 5.8522353e-05
Train epoch time: 37593.547 ms, per step time: 344.895 ms
Validation accuracy: 1.0
No improvement in accuracy for 47 epochs (best acc = 1.0).
***Epoch: 50***
Current epoch percent: 1.000, step: 5559
Train loss: 4.735098e-05
Train epoch time: 37605.767 ms, per step time: 345.007 ms
Validation accuracy: 1.0
No improvement in accuracy for 48 epochs (best acc = 1.0).
***Epoch: 51***
Current epoch percent: 1.000, step: 5668
Train loss: 4.3566222e-05
Train epoch time: 37602.416 ms, per step time: 344.976 ms
Validation accuracy: 1.0
No improvement in accuracy for 49 epochs (best acc = 1.0).
***Epoch: 52***
Current epoch percent: 1.000, step: 5777
Train loss: 4.269834e-05
Train epoch time: 37610.822 ms, per step time: 345.053 ms

Validation accuracy: 1.0
No improvement in accuracy for 50 epochs (best acc = 1.0).
Early stopping due to no improvement.
Find the newest checkpoint:  /data2/xuguoshun/Enzymes/BM_works/Bert_Casp80/BM-P80/fold_7/saved_models/P80_Best_Model.ckpt
======Val======
** BM-P80/fold_7/mr_data/val.mindrecord

========================================
                model data  AUC  ACC  precision  Recall   F1  MCC  Sensitivity  Specificity
model  P80_Best_Model       1.0  1.0        1.0     1.0  1.0  1.0          1.0          1.0
========================================

======Test======
** BM-P80/fold_7/mr_data/test.mindrecord

========================================
                model data  AUC  ACC  precision  Recall   F1  MCC  Sensitivity  Specificity
model  P80_Best_Model       1.0  1.0        1.0     1.0  1.0  1.0          1.0          1.0
========================================

FINISH !!!



@@@ fold_8 @@@
python /data2/xuguoshun/MPBert3/mpbert_classification_1x_v3.py --config_path /data2/xuguoshun/MPBert3/config_2048.yaml --do_train True --do_eval True --description classification --num_class 2 --epoch_num 200 --early_stopping_rounds 50 --frozen_bert False --device_id 5 --data_url BM-P80/fold_8/mr_data/ --load_checkpoint_url /data2/xuguoshun/MPBert3/uniref_50_2048.ckpt --output_url BM-P80/fold_8/saved_models --task_name P80 --train_batch_size 32
3 <src.bert_model.BertConfig object at 0xfffde85da0d0>
{'bert_net_cfg': <src.bert_model.BertConfig object at 0xfffde85da0d0>,
 'concat_hidden_size': 512,
 'concat_layer_num': 1,
 'config_path': '/data2/xuguoshun/MPBert3/config_2048.yaml',
 'cut_layer_num': 0,
 'data_spilt_num': 3,
 'data_url': 'BM-P80/fold_8/mr_data/',
 'dataset_format': 'mindrecord',
 'description': 'classification',
 'device_id': 5,
 'device_target': 'Ascend',
 'do_eval': True,
 'do_predict': False,
 'do_train': True,
 'dssp_hidden_size': 128,
 'dssp_layer_num': 1,
 'early_stopping_rounds': 50,
 'enable_modelarts': False,
 'enable_profiling': False,
 'epoch_num': 200,
 'eval_batch_size': 1,
 'eval_data_shuffle': 'false',
 'file_format': 'MINDIR',
 'frozen_bert': False,
 'label_percent': '1:1',
 'load_checkpoint_url': '/data2/xuguoshun/MPBert3/uniref_50_2048.ckpt',
 'load_pretrain': True,
 'loss_gamma': 2.0,
 'loss_name': 'CrossEntropy',
 'metrics': 'ACC',
 'num_class': 2,
 'optimizer_cfg': {'AdamWeightDecay': {'decay_filter': <function extra_operations.<locals>.create_filter_fun.<locals>.<lambda> at 0xfffde85c1680>,
 'end_learning_rate': 1e-10,
 'eps': 1e-06,
 'learning_rate': 1e-05,
 'power': 1.0,
 'weight_decay': 1e-05},
 'Lamb': {'decay_filter': <function extra_operations.<locals>.create_filter_fun.<locals>.<lambda> at 0xfffde85c1560>,
 'end_learning_rate': 1e-10,
 'learning_rate': 2e-05,
 'power': 1.0,
 'weight_decay': 0.01},
 'Momentum': {'learning_rate': 2e-05, 'momentum': 0.9},
 'optimizer': 'AdamWeightDecay'},
 'output_url': 'BM-P80/fold_8/saved_models',
 'print_predict': False,
 'pssm_hidden_size': 128,
 'pssm_layer_num': 1,
 'return_csv': False,
 'return_sequence': False,
 'task_name': 'P80',
 'train_batch_size': 32,
 'train_data_shuffle': 'true',
 'use_pynative_mode': False,
 'vocab_file': '',
 'with_lstm': False}
 >>> Eval: Val file is val.mindrecord.
 >>> Eval: Test file is test.mindrecord.
==============================================================
processor_name: Ascend
test_name: P80
batch_size: 32
 >>> Train: Train file is train.mindrecord.
 >>> Train: Val file is val.mindrecord.
***Epoch: 0***
Current epoch percent: 1.000, step: 109
Train loss: 0.6231017
Train epoch time: 71208.137 ms, per step time: 653.286 ms
Validation accuracy: 0.8479381443298969
New best accuracy: 0.8479381443298969, saved best model to :
BM-P80/fold_8/saved_models/P80_Best_Model.ckpt
***Epoch: 1***
Current epoch percent: 1.000, step: 218
Train loss: 0.15445307
Train epoch time: 37542.904 ms, per step time: 344.430 ms
Validation accuracy: 0.9639175257731959
New best accuracy: 0.9639175257731959, saved best model to :
BM-P80/fold_8/saved_models/P80_Best_Model.ckpt
***Epoch: 2***
Current epoch percent: 1.000, step: 327
Train loss: 0.04079564
Train epoch time: 37562.568 ms, per step time: 344.611 ms
Validation accuracy: 0.979381443298969
New best accuracy: 0.979381443298969, saved best model to :
BM-P80/fold_8/saved_models/P80_Best_Model.ckpt
***Epoch: 3***
Current epoch percent: 1.000, step: 436
Train loss: 0.07059945
Train epoch time: 37557.644 ms, per step time: 344.566 ms
Validation accuracy: 0.9819587628865979
New best accuracy: 0.9819587628865979, saved best model to :
BM-P80/fold_8/saved_models/P80_Best_Model.ckpt
***Epoch: 4***
Current epoch percent: 1.000, step: 545
Train loss: 0.043832257
Train epoch time: 37548.296 ms, per step time: 344.480 ms
Validation accuracy: 0.9819587628865979
No improvement in accuracy for 1 epochs (best acc = 0.9819587628865979).
***Epoch: 5***
Current epoch percent: 1.000, step: 654
Train loss: 0.009418783
Train epoch time: 37546.931 ms, per step time: 344.467 ms
Validation accuracy: 0.9819587628865979
No improvement in accuracy for 2 epochs (best acc = 0.9819587628865979).
***Epoch: 6***
Current epoch percent: 1.000, step: 763
Train loss: 0.00627323
Train epoch time: 37549.183 ms, per step time: 344.488 ms
Validation accuracy: 0.9845360824742269
New best accuracy: 0.9845360824742269, saved best model to :
BM-P80/fold_8/saved_models/P80_Best_Model.ckpt
***Epoch: 7***
Current epoch percent: 1.000, step: 872
Train loss: 0.0055123013
Train epoch time: 37554.935 ms, per step time: 344.541 ms
Validation accuracy: 0.9845360824742269
No improvement in accuracy for 1 epochs (best acc = 0.9845360824742269).
***Epoch: 8***
Current epoch percent: 1.000, step: 981
Train loss: 0.014473623
Train epoch time: 37585.136 ms, per step time: 344.818 ms
Validation accuracy: 0.9845360824742269
No improvement in accuracy for 2 epochs (best acc = 0.9845360824742269).
***Epoch: 9***
Current epoch percent: 1.000, step: 1090
Train loss: 0.0032298774
Train epoch time: 37560.692 ms, per step time: 344.594 ms
Validation accuracy: 0.9845360824742269
No improvement in accuracy for 3 epochs (best acc = 0.9845360824742269).
***Epoch: 10***
Current epoch percent: 1.000, step: 1199
Train loss: 0.0024507574
Train epoch time: 37547.249 ms, per step time: 344.470 ms
Validation accuracy: 0.9845360824742269
No improvement in accuracy for 4 epochs (best acc = 0.9845360824742269).
***Epoch: 11***
Current epoch percent: 1.000, step: 1308
Train loss: 0.002608615
Train epoch time: 37561.149 ms, per step time: 344.598 ms
Validation accuracy: 0.9871134020618557
New best accuracy: 0.9871134020618557, saved best model to :
BM-P80/fold_8/saved_models/P80_Best_Model.ckpt
***Epoch: 12***
Current epoch percent: 1.000, step: 1417
Train loss: 0.002511684
Train epoch time: 37559.319 ms, per step time: 344.581 ms
Validation accuracy: 0.9896907216494846
New best accuracy: 0.9896907216494846, saved best model to :
BM-P80/fold_8/saved_models/P80_Best_Model.ckpt
***Epoch: 13***
Current epoch percent: 1.000, step: 1526
Train loss: 0.024964126
Train epoch time: 37537.854 ms, per step time: 344.384 ms
Validation accuracy: 0.9819587628865979
No improvement in accuracy for 1 epochs (best acc = 0.9896907216494846).
***Epoch: 14***
Current epoch percent: 1.000, step: 1635
Train loss: 0.0019528291
Train epoch time: 37547.469 ms, per step time: 344.472 ms
Validation accuracy: 0.9845360824742269
No improvement in accuracy for 2 epochs (best acc = 0.9896907216494846).
***Epoch: 15***
Current epoch percent: 1.000, step: 1744
Train loss: 0.0009631611
Train epoch time: 37557.064 ms, per step time: 344.560 ms
Validation accuracy: 0.9896907216494846
No improvement in accuracy for 3 epochs (best acc = 0.9896907216494846).
***Epoch: 16***
Current epoch percent: 1.000, step: 1853
Train loss: 0.001001389
Train epoch time: 37542.349 ms, per step time: 344.425 ms
Validation accuracy: 0.9871134020618557
No improvement in accuracy for 4 epochs (best acc = 0.9896907216494846).
***Epoch: 17***
Current epoch percent: 1.000, step: 1962
Train loss: 0.0006488984
Train epoch time: 37522.962 ms, per step time: 344.247 ms
Validation accuracy: 0.9871134020618557
No improvement in accuracy for 5 epochs (best acc = 0.9896907216494846).
***Epoch: 18***
Current epoch percent: 1.000, step: 2071
Train loss: 0.0012082416
Train epoch time: 37520.393 ms, per step time: 344.224 ms
Validation accuracy: 0.9871134020618557
No improvement in accuracy for 6 epochs (best acc = 0.9896907216494846).
***Epoch: 19***
Current epoch percent: 1.000, step: 2180
Train loss: 0.00053330825
Train epoch time: 37523.232 ms, per step time: 344.250 ms
Validation accuracy: 0.9871134020618557
No improvement in accuracy for 7 epochs (best acc = 0.9896907216494846).
***Epoch: 20***
Current epoch percent: 1.000, step: 2289
Train loss: 0.000361579
Train epoch time: 37555.844 ms, per step time: 344.549 ms
Validation accuracy: 0.9871134020618557
No improvement in accuracy for 8 epochs (best acc = 0.9896907216494846).
***Epoch: 21***
Current epoch percent: 1.000, step: 2398
Train loss: 0.00034459852
Train epoch time: 37561.106 ms, per step time: 344.597 ms
Validation accuracy: 0.9871134020618557
No improvement in accuracy for 9 epochs (best acc = 0.9896907216494846).
***Epoch: 22***
Current epoch percent: 1.000, step: 2507
Train loss: 0.00035049923
Train epoch time: 37567.548 ms, per step time: 344.656 ms
Validation accuracy: 0.9871134020618557
No improvement in accuracy for 10 epochs (best acc = 0.9896907216494846).
***Epoch: 23***
Current epoch percent: 1.000, step: 2616
Train loss: 0.00030100328
Train epoch time: 37569.423 ms, per step time: 344.674 ms
Validation accuracy: 0.9871134020618557
No improvement in accuracy for 11 epochs (best acc = 0.9896907216494846).
***Epoch: 24***
Current epoch percent: 1.000, step: 2725
Train loss: 0.00023473914
Train epoch time: 37564.836 ms, per step time: 344.632 ms
Validation accuracy: 0.9871134020618557
No improvement in accuracy for 12 epochs (best acc = 0.9896907216494846).
***Epoch: 25***
Current epoch percent: 1.000, step: 2834
Train loss: 0.00024204844
Train epoch time: 37569.932 ms, per step time: 344.678 ms
Validation accuracy: 0.9871134020618557
No improvement in accuracy for 13 epochs (best acc = 0.9896907216494846).
***Epoch: 26***
Current epoch percent: 1.000, step: 2943
Train loss: 0.00021570627
Train epoch time: 37551.869 ms, per step time: 344.513 ms
Validation accuracy: 0.9871134020618557
No improvement in accuracy for 14 epochs (best acc = 0.9896907216494846).
***Epoch: 27***
Current epoch percent: 1.000, step: 3052
Train loss: 0.00024376377
Train epoch time: 37536.928 ms, per step time: 344.375 ms
Validation accuracy: 0.9871134020618557
No improvement in accuracy for 15 epochs (best acc = 0.9896907216494846).
***Epoch: 28***
Current epoch percent: 1.000, step: 3161
Train loss: 0.00020446623
Train epoch time: 37543.539 ms, per step time: 344.436 ms
Validation accuracy: 0.9871134020618557
No improvement in accuracy for 16 epochs (best acc = 0.9896907216494846).
***Epoch: 29***
Current epoch percent: 1.000, step: 3270
Train loss: 0.00017500122
Train epoch time: 37564.951 ms, per step time: 344.633 ms
Validation accuracy: 0.9871134020618557
No improvement in accuracy for 17 epochs (best acc = 0.9896907216494846).
***Epoch: 30***
Current epoch percent: 1.000, step: 3379
Train loss: 0.00017233109
Train epoch time: 37560.134 ms, per step time: 344.588 ms
Validation accuracy: 0.9871134020618557
No improvement in accuracy for 18 epochs (best acc = 0.9896907216494846).
***Epoch: 31***
Current epoch percent: 1.000, step: 3488
Train loss: 0.00014893652
Train epoch time: 37564.784 ms, per step time: 344.631 ms
Validation accuracy: 0.9871134020618557
No improvement in accuracy for 19 epochs (best acc = 0.9896907216494846).
***Epoch: 32***
Current epoch percent: 1.000, step: 3597
Train loss: 0.0001539615
Train epoch time: 37557.001 ms, per step time: 344.560 ms
Validation accuracy: 0.9871134020618557
No improvement in accuracy for 20 epochs (best acc = 0.9896907216494846).
***Epoch: 33***
Current epoch percent: 1.000, step: 3706
Train loss: 0.00014174521
Train epoch time: 37569.549 ms, per step time: 344.675 ms
Validation accuracy: 0.9871134020618557
No improvement in accuracy for 21 epochs (best acc = 0.9896907216494846).
***Epoch: 34***
Current epoch percent: 1.000, step: 3815
Train loss: 0.00013344458
Train epoch time: 37569.234 ms, per step time: 344.672 ms
Validation accuracy: 0.9871134020618557
No improvement in accuracy for 22 epochs (best acc = 0.9896907216494846).
***Epoch: 35***
Current epoch percent: 1.000, step: 3924
Train loss: 0.000108295564
Train epoch time: 37573.174 ms, per step time: 344.708 ms
Validation accuracy: 0.9871134020618557
No improvement in accuracy for 23 epochs (best acc = 0.9896907216494846).
***Epoch: 36***
Current epoch percent: 1.000, step: 4033
Train loss: 0.00015426625
Train epoch time: 37571.641 ms, per step time: 344.694 ms
Validation accuracy: 0.9871134020618557
No improvement in accuracy for 24 epochs (best acc = 0.9896907216494846).
***Epoch: 37***
Current epoch percent: 1.000, step: 4142
Train loss: 0.000111305126
Train epoch time: 37574.354 ms, per step time: 344.719 ms
Validation accuracy: 0.9871134020618557
No improvement in accuracy for 25 epochs (best acc = 0.9896907216494846).
***Epoch: 38***
Current epoch percent: 1.000, step: 4251
Train loss: 0.00010083793
Train epoch time: 37590.581 ms, per step time: 344.868 ms
Validation accuracy: 0.9871134020618557
No improvement in accuracy for 26 epochs (best acc = 0.9896907216494846).
***Epoch: 39***
Current epoch percent: 1.000, step: 4360
Train loss: 9.560484e-05
Train epoch time: 37581.389 ms, per step time: 344.783 ms
Validation accuracy: 0.9871134020618557
No improvement in accuracy for 27 epochs (best acc = 0.9896907216494846).
***Epoch: 40***
Current epoch percent: 1.000, step: 4469
Train loss: 0.00018516488
Train epoch time: 37569.539 ms, per step time: 344.675 ms
Validation accuracy: 0.9871134020618557
No improvement in accuracy for 28 epochs (best acc = 0.9896907216494846).
***Epoch: 41***
Current epoch percent: 1.000, step: 4578
Train loss: 8.213915e-05
Train epoch time: 37566.070 ms, per step time: 344.643 ms
Validation accuracy: 0.9871134020618557
No improvement in accuracy for 29 epochs (best acc = 0.9896907216494846).
***Epoch: 42***
Current epoch percent: 1.000, step: 4687
Train loss: 7.7695106e-05
Train epoch time: 37565.575 ms, per step time: 344.638 ms
Validation accuracy: 0.9871134020618557
No improvement in accuracy for 30 epochs (best acc = 0.9896907216494846).
***Epoch: 43***
Current epoch percent: 1.000, step: 4796
Train loss: 7.5221586e-05
Train epoch time: 37564.960 ms, per step time: 344.633 ms
Validation accuracy: 0.9871134020618557
No improvement in accuracy for 31 epochs (best acc = 0.9896907216494846).
***Epoch: 44***
Current epoch percent: 1.000, step: 4905
Train loss: 6.773055e-05
Train epoch time: 37564.554 ms, per step time: 344.629 ms
Validation accuracy: 0.9871134020618557
No improvement in accuracy for 32 epochs (best acc = 0.9896907216494846).
***Epoch: 45***
Current epoch percent: 1.000, step: 5014
Train loss: 6.527972e-05
Train epoch time: 37577.429 ms, per step time: 344.747 ms
Validation accuracy: 0.9871134020618557
No improvement in accuracy for 33 epochs (best acc = 0.9896907216494846).
***Epoch: 46***
Current epoch percent: 1.000, step: 5123
Train loss: 5.8936017e-05
Train epoch time: 37579.768 ms, per step time: 344.769 ms
Validation accuracy: 0.9871134020618557
No improvement in accuracy for 34 epochs (best acc = 0.9896907216494846).
***Epoch: 47***
Current epoch percent: 1.000, step: 5232
Train loss: 5.258846e-05
Train epoch time: 37590.306 ms, per step time: 344.865 ms
Validation accuracy: 0.9871134020618557
No improvement in accuracy for 35 epochs (best acc = 0.9896907216494846).
***Epoch: 48***
Current epoch percent: 1.000, step: 5341
Train loss: 5.8071768e-05
Train epoch time: 37593.168 ms, per step time: 344.891 ms
Validation accuracy: 0.9871134020618557
No improvement in accuracy for 36 epochs (best acc = 0.9896907216494846).
***Epoch: 49***
Current epoch percent: 1.000, step: 5450
Train loss: 5.6045086e-05
Train epoch time: 37590.044 ms, per step time: 344.863 ms
Validation accuracy: 0.9871134020618557
No improvement in accuracy for 37 epochs (best acc = 0.9896907216494846).
***Epoch: 50***
Current epoch percent: 1.000, step: 5559
Train loss: 4.684811e-05
Train epoch time: 37579.035 ms, per step time: 344.762 ms
Validation accuracy: 0.9871134020618557
No improvement in accuracy for 38 epochs (best acc = 0.9896907216494846).
***Epoch: 51***
Current epoch percent: 1.000, step: 5668
Train loss: 4.5767825e-05
Train epoch time: 37579.667 ms, per step time: 344.768 ms
Validation accuracy: 0.9871134020618557
No improvement in accuracy for 39 epochs (best acc = 0.9896907216494846).
***Epoch: 52***
Current epoch percent: 1.000, step: 5777
Train loss: 4.4136188e-05
Train epoch time: 37578.749 ms, per step time: 344.759 ms
Validation accuracy: 0.9871134020618557
No improvement in accuracy for 40 epochs (best acc = 0.9896907216494846).
***Epoch: 53***
Current epoch percent: 1.000, step: 5886
Train loss: 4.5413784e-05
Train epoch time: 37582.335 ms, per step time: 344.792 ms
Validation accuracy: 0.9871134020618557
No improvement in accuracy for 41 epochs (best acc = 0.9896907216494846).
***Epoch: 54***
Current epoch percent: 1.000, step: 5995
Train loss: 4.3067055e-05
Train epoch time: 37581.307 ms, per step time: 344.783 ms
Validation accuracy: 0.9871134020618557
No improvement in accuracy for 42 epochs (best acc = 0.9896907216494846).
***Epoch: 55***
Current epoch percent: 1.000, step: 6104
Train loss: 4.1189563e-05
Train epoch time: 37595.564 ms, per step time: 344.913 ms
Validation accuracy: 0.9871134020618557
No improvement in accuracy for 43 epochs (best acc = 0.9896907216494846).
***Epoch: 56***
Current epoch percent: 1.000, step: 6213
Train loss: 3.6421457e-05
Train epoch time: 37600.132 ms, per step time: 344.955 ms
Validation accuracy: 0.9871134020618557
No improvement in accuracy for 44 epochs (best acc = 0.9896907216494846).
***Epoch: 57***
Current epoch percent: 1.000, step: 6322
Train loss: 3.912587e-05
Train epoch time: 37604.435 ms, per step time: 344.995 ms
Validation accuracy: 0.9871134020618557
No improvement in accuracy for 45 epochs (best acc = 0.9896907216494846).
***Epoch: 58***
Current epoch percent: 1.000, step: 6431
Train loss: 3.1545213e-05
Train epoch time: 37614.382 ms, per step time: 345.086 ms
Validation accuracy: 0.9871134020618557
No improvement in accuracy for 46 epochs (best acc = 0.9896907216494846).
***Epoch: 59***
Current epoch percent: 1.000, step: 6540
Train loss: 3.4688906e-05
Train epoch time: 37597.670 ms, per step time: 344.933 ms
Validation accuracy: 0.9871134020618557
No improvement in accuracy for 47 epochs (best acc = 0.9896907216494846).
***Epoch: 60***
Current epoch percent: 1.000, step: 6649
Train loss: 3.183577e-05
Train epoch time: 37579.258 ms, per step time: 344.764 ms
Validation accuracy: 0.9871134020618557
No improvement in accuracy for 48 epochs (best acc = 0.9896907216494846).
***Epoch: 61***
Current epoch percent: 1.000, step: 6758
Train loss: 3.0230129e-05
Train epoch time: 37595.727 ms, per step time: 344.915 ms
Validation accuracy: 0.9871134020618557
No improvement in accuracy for 49 epochs (best acc = 0.9896907216494846).
***Epoch: 62***
Current epoch percent: 1.000, step: 6867
Train loss: 2.6061774e-05
Train epoch time: 37580.249 ms, per step time: 344.773 ms

Validation accuracy: 0.9871134020618557
No improvement in accuracy for 50 epochs (best acc = 0.9896907216494846).
Early stopping due to no improvement.
Find the newest checkpoint:  /data2/xuguoshun/Enzymes/BM_works/Bert_Casp80/BM-P80/fold_8/saved_models/P80_Best_Model.ckpt
======Val======
** BM-P80/fold_8/mr_data/val.mindrecord

========================================
                model data       AUC       ACC  precision    Recall       F1       MCC  Sensitivity  Specificity
model  P80_Best_Model       0.999575  0.989691   0.989743  0.989691  0.98969  0.979433     0.994845     0.984536
========================================

======Test======
** BM-P80/fold_8/mr_data/test.mindrecord

========================================
                model data       AUC       ACC  precision    Recall       F1       MCC  Sensitivity  Specificity
model  P80_Best_Model       0.999575  0.989691   0.989743  0.989691  0.98969  0.979433     0.994845     0.984536
========================================

FINISH !!!



@@@ fold_9 @@@
python /data2/xuguoshun/MPBert3/mpbert_classification_1x_v3.py --config_path /data2/xuguoshun/MPBert3/config_2048.yaml --do_train True --do_eval True --description classification --num_class 2 --epoch_num 200 --early_stopping_rounds 50 --frozen_bert False --device_id 5 --data_url BM-P80/fold_9/mr_data/ --load_checkpoint_url /data2/xuguoshun/MPBert3/uniref_50_2048.ckpt --output_url BM-P80/fold_9/saved_models --task_name P80 --train_batch_size 32
3 <src.bert_model.BertConfig object at 0xfffe377da2d0>
{'bert_net_cfg': <src.bert_model.BertConfig object at 0xfffe377da2d0>,
 'concat_hidden_size': 512,
 'concat_layer_num': 1,
 'config_path': '/data2/xuguoshun/MPBert3/config_2048.yaml',
 'cut_layer_num': 0,
 'data_spilt_num': 3,
 'data_url': 'BM-P80/fold_9/mr_data/',
 'dataset_format': 'mindrecord',
 'description': 'classification',
 'device_id': 5,
 'device_target': 'Ascend',
 'do_eval': True,
 'do_predict': False,
 'do_train': True,
 'dssp_hidden_size': 128,
 'dssp_layer_num': 1,
 'early_stopping_rounds': 50,
 'enable_modelarts': False,
 'enable_profiling': False,
 'epoch_num': 200,
 'eval_batch_size': 1,
 'eval_data_shuffle': 'false',
 'file_format': 'MINDIR',
 'frozen_bert': False,
 'label_percent': '1:1',
 'load_checkpoint_url': '/data2/xuguoshun/MPBert3/uniref_50_2048.ckpt',
 'load_pretrain': True,
 'loss_gamma': 2.0,
 'loss_name': 'CrossEntropy',
 'metrics': 'ACC',
 'num_class': 2,
 'optimizer_cfg': {'AdamWeightDecay': {'decay_filter': <function extra_operations.<locals>.create_filter_fun.<locals>.<lambda> at 0xfffe377c1680>,
 'end_learning_rate': 1e-10,
 'eps': 1e-06,
 'learning_rate': 1e-05,
 'power': 1.0,
 'weight_decay': 1e-05},
 'Lamb': {'decay_filter': <function extra_operations.<locals>.create_filter_fun.<locals>.<lambda> at 0xfffe377c1560>,
 'end_learning_rate': 1e-10,
 'learning_rate': 2e-05,
 'power': 1.0,
 'weight_decay': 0.01},
 'Momentum': {'learning_rate': 2e-05, 'momentum': 0.9},
 'optimizer': 'AdamWeightDecay'},
 'output_url': 'BM-P80/fold_9/saved_models',
 'print_predict': False,
 'pssm_hidden_size': 128,
 'pssm_layer_num': 1,
 'return_csv': False,
 'return_sequence': False,
 'task_name': 'P80',
 'train_batch_size': 32,
 'train_data_shuffle': 'true',
 'use_pynative_mode': False,
 'vocab_file': '',
 'with_lstm': False}
 >>> Eval: Val file is val.mindrecord.
 >>> Eval: Test file is test.mindrecord.
==============================================================
processor_name: Ascend
test_name: P80
batch_size: 32
 >>> Train: Train file is train.mindrecord.
 >>> Train: Val file is val.mindrecord.
***Epoch: 0***
Current epoch percent: 1.000, step: 109
Train loss: 0.62547517
Train epoch time: 69837.369 ms, per step time: 640.710 ms
Validation accuracy: 0.9458762886597938
New best accuracy: 0.9458762886597938, saved best model to :
BM-P80/fold_9/saved_models/P80_Best_Model.ckpt
***Epoch: 1***
Current epoch percent: 1.000, step: 218
Train loss: 0.17638376
Train epoch time: 37621.188 ms, per step time: 345.149 ms
Validation accuracy: 0.9871134020618557
New best accuracy: 0.9871134020618557, saved best model to :
BM-P80/fold_9/saved_models/P80_Best_Model.ckpt
***Epoch: 2***
Current epoch percent: 1.000, step: 327
Train loss: 0.044871572
Train epoch time: 37613.053 ms, per step time: 345.074 ms
Validation accuracy: 0.9896907216494846
New best accuracy: 0.9896907216494846, saved best model to :
BM-P80/fold_9/saved_models/P80_Best_Model.ckpt
***Epoch: 3***
Current epoch percent: 1.000, step: 436
Train loss: 0.018623503
Train epoch time: 37625.310 ms, per step time: 345.186 ms
Validation accuracy: 0.9948453608247423
New best accuracy: 0.9948453608247423, saved best model to :
BM-P80/fold_9/saved_models/P80_Best_Model.ckpt
***Epoch: 4***
Current epoch percent: 1.000, step: 545
Train loss: 0.024283528
Train epoch time: 37637.797 ms, per step time: 345.301 ms
Validation accuracy: 1.0
New best accuracy: 1.0, saved best model to :
BM-P80/fold_9/saved_models/P80_Best_Model.ckpt
***Epoch: 5***
Current epoch percent: 1.000, step: 654
Train loss: 0.008670108
Train epoch time: 37622.579 ms, per step time: 345.161 ms
Validation accuracy: 0.9948453608247423
No improvement in accuracy for 1 epochs (best acc = 1.0).
***Epoch: 6***
Current epoch percent: 1.000, step: 763
Train loss: 0.0052663796
Train epoch time: 37596.799 ms, per step time: 344.925 ms
Validation accuracy: 1.0
No improvement in accuracy for 2 epochs (best acc = 1.0).
***Epoch: 7***
Current epoch percent: 1.000, step: 872
Train loss: 0.0052300426
Train epoch time: 37599.180 ms, per step time: 344.947 ms
Validation accuracy: 1.0
No improvement in accuracy for 3 epochs (best acc = 1.0).
***Epoch: 8***
Current epoch percent: 1.000, step: 981
Train loss: 0.0038418556
Train epoch time: 37611.632 ms, per step time: 345.061 ms
Validation accuracy: 1.0
No improvement in accuracy for 4 epochs (best acc = 1.0).
***Epoch: 9***
Current epoch percent: 1.000, step: 1090
Train loss: 0.0024723434
Train epoch time: 37593.756 ms, per step time: 344.897 ms
Validation accuracy: 1.0
No improvement in accuracy for 5 epochs (best acc = 1.0).
***Epoch: 10***
Current epoch percent: 1.000, step: 1199
Train loss: 0.002044037
Train epoch time: 37601.212 ms, per step time: 344.965 ms
Validation accuracy: 1.0
No improvement in accuracy for 6 epochs (best acc = 1.0).
***Epoch: 11***
Current epoch percent: 1.000, step: 1308
Train loss: 0.0014975613
Train epoch time: 37598.933 ms, per step time: 344.944 ms
Validation accuracy: 1.0
No improvement in accuracy for 7 epochs (best acc = 1.0).
***Epoch: 12***
Current epoch percent: 1.000, step: 1417
Train loss: 0.0011793794
Train epoch time: 37609.477 ms, per step time: 345.041 ms
Validation accuracy: 1.0
No improvement in accuracy for 8 epochs (best acc = 1.0).
***Epoch: 13***
Current epoch percent: 1.000, step: 1526
Train loss: 0.0009285885
Train epoch time: 37599.617 ms, per step time: 344.951 ms
Validation accuracy: 1.0
No improvement in accuracy for 9 epochs (best acc = 1.0).
***Epoch: 14***
Current epoch percent: 1.000, step: 1635
Train loss: 0.0008203094
Train epoch time: 37597.895 ms, per step time: 344.935 ms
Validation accuracy: 1.0
No improvement in accuracy for 10 epochs (best acc = 1.0).
***Epoch: 15***
Current epoch percent: 1.000, step: 1744
Train loss: 0.0007123506
Train epoch time: 37594.343 ms, per step time: 344.902 ms
Validation accuracy: 1.0
No improvement in accuracy for 11 epochs (best acc = 1.0).
***Epoch: 16***
Current epoch percent: 1.000, step: 1853
Train loss: 0.0006876679
Train epoch time: 37601.382 ms, per step time: 344.967 ms
Validation accuracy: 1.0
No improvement in accuracy for 12 epochs (best acc = 1.0).
***Epoch: 17***
Current epoch percent: 1.000, step: 1962
Train loss: 0.00054761535
Train epoch time: 37602.015 ms, per step time: 344.973 ms
Validation accuracy: 1.0
No improvement in accuracy for 13 epochs (best acc = 1.0).
***Epoch: 18***
Current epoch percent: 1.000, step: 2071
Train loss: 0.0005087954
Train epoch time: 37635.129 ms, per step time: 345.276 ms
Validation accuracy: 1.0
No improvement in accuracy for 14 epochs (best acc = 1.0).
***Epoch: 19***
Current epoch percent: 1.000, step: 2180
Train loss: 0.00041498896
Train epoch time: 37624.553 ms, per step time: 345.179 ms
Validation accuracy: 1.0
No improvement in accuracy for 15 epochs (best acc = 1.0).
***Epoch: 20***
Current epoch percent: 1.000, step: 2289
Train loss: 0.0003686251
Train epoch time: 37634.965 ms, per step time: 345.275 ms
Validation accuracy: 1.0
No improvement in accuracy for 16 epochs (best acc = 1.0).
***Epoch: 21***
Current epoch percent: 1.000, step: 2398
Train loss: 0.0003472856
Train epoch time: 37624.636 ms, per step time: 345.180 ms
Validation accuracy: 1.0
No improvement in accuracy for 17 epochs (best acc = 1.0).
***Epoch: 22***
Current epoch percent: 1.000, step: 2507
Train loss: 0.00030614412
Train epoch time: 37607.602 ms, per step time: 345.024 ms
Validation accuracy: 1.0
No improvement in accuracy for 18 epochs (best acc = 1.0).
***Epoch: 23***
Current epoch percent: 1.000, step: 2616
Train loss: 0.0002778811
Train epoch time: 37615.875 ms, per step time: 345.100 ms
Validation accuracy: 1.0
No improvement in accuracy for 19 epochs (best acc = 1.0).
***Epoch: 24***
Current epoch percent: 1.000, step: 2725
Train loss: 0.00025377405
Train epoch time: 37617.544 ms, per step time: 345.115 ms
Validation accuracy: 1.0
No improvement in accuracy for 20 epochs (best acc = 1.0).
***Epoch: 25***
Current epoch percent: 1.000, step: 2834
Train loss: 0.00023061482
Train epoch time: 37618.866 ms, per step time: 345.127 ms
Validation accuracy: 1.0
No improvement in accuracy for 21 epochs (best acc = 1.0).
***Epoch: 26***
Current epoch percent: 1.000, step: 2943
Train loss: 0.00021096625
Train epoch time: 37605.616 ms, per step time: 345.006 ms
Validation accuracy: 1.0
No improvement in accuracy for 22 epochs (best acc = 1.0).
***Epoch: 27***
Current epoch percent: 1.000, step: 3052
Train loss: 0.00018021159
Train epoch time: 37605.198 ms, per step time: 345.002 ms
Validation accuracy: 1.0
No improvement in accuracy for 23 epochs (best acc = 1.0).
***Epoch: 28***
Current epoch percent: 1.000, step: 3161
Train loss: 0.00016084849
Train epoch time: 37623.634 ms, per step time: 345.171 ms
Validation accuracy: 1.0
No improvement in accuracy for 24 epochs (best acc = 1.0).
***Epoch: 29***
Current epoch percent: 1.000, step: 3270
Train loss: 0.00017468438
Train epoch time: 37620.265 ms, per step time: 345.140 ms
Validation accuracy: 1.0
No improvement in accuracy for 25 epochs (best acc = 1.0).
***Epoch: 30***
Current epoch percent: 1.000, step: 3379
Train loss: 0.00014884736
Train epoch time: 37625.638 ms, per step time: 345.189 ms
Validation accuracy: 1.0
No improvement in accuracy for 26 epochs (best acc = 1.0).
***Epoch: 31***
Current epoch percent: 1.000, step: 3488
Train loss: 0.00013779596
Train epoch time: 37615.414 ms, per step time: 345.096 ms
Validation accuracy: 1.0
No improvement in accuracy for 27 epochs (best acc = 1.0).
***Epoch: 32***
Current epoch percent: 1.000, step: 3597
Train loss: 0.00012492336
Train epoch time: 37618.328 ms, per step time: 345.122 ms
Validation accuracy: 1.0
No improvement in accuracy for 28 epochs (best acc = 1.0).
***Epoch: 33***
Current epoch percent: 1.000, step: 3706
Train loss: 0.00011399805
Train epoch time: 37626.662 ms, per step time: 345.199 ms
Validation accuracy: 1.0
No improvement in accuracy for 29 epochs (best acc = 1.0).
***Epoch: 34***
Current epoch percent: 1.000, step: 3815
Train loss: 0.00010977802
Train epoch time: 37622.205 ms, per step time: 345.158 ms
Validation accuracy: 1.0
No improvement in accuracy for 30 epochs (best acc = 1.0).
***Epoch: 35***
Current epoch percent: 1.000, step: 3924
Train loss: 0.00013846358
Train epoch time: 37634.537 ms, per step time: 345.271 ms
Validation accuracy: 1.0
No improvement in accuracy for 31 epochs (best acc = 1.0).
***Epoch: 36***
Current epoch percent: 1.000, step: 4033
Train loss: 9.963519e-05
Train epoch time: 37625.598 ms, per step time: 345.189 ms
Validation accuracy: 1.0
No improvement in accuracy for 32 epochs (best acc = 1.0).
***Epoch: 37***
Current epoch percent: 1.000, step: 4142
Train loss: 9.339969e-05
Train epoch time: 37625.672 ms, per step time: 345.190 ms
Validation accuracy: 1.0
No improvement in accuracy for 33 epochs (best acc = 1.0).
***Epoch: 38***
Current epoch percent: 1.000, step: 4251
Train loss: 9.6010874e-05
Train epoch time: 37609.386 ms, per step time: 345.040 ms
Validation accuracy: 1.0
No improvement in accuracy for 34 epochs (best acc = 1.0).
***Epoch: 39***
Current epoch percent: 1.000, step: 4360
Train loss: 8.193057e-05
Train epoch time: 37603.035 ms, per step time: 344.982 ms
Validation accuracy: 1.0
No improvement in accuracy for 35 epochs (best acc = 1.0).
***Epoch: 40***
Current epoch percent: 1.000, step: 4469
Train loss: 7.344503e-05
Train epoch time: 37603.484 ms, per step time: 344.986 ms
Validation accuracy: 1.0
No improvement in accuracy for 36 epochs (best acc = 1.0).
***Epoch: 41***
Current epoch percent: 1.000, step: 4578
Train loss: 7.661118e-05
Train epoch time: 37614.450 ms, per step time: 345.087 ms
Validation accuracy: 1.0
No improvement in accuracy for 37 epochs (best acc = 1.0).
***Epoch: 42***
Current epoch percent: 1.000, step: 4687
Train loss: 7.2644136e-05
Train epoch time: 37606.982 ms, per step time: 345.018 ms
Validation accuracy: 1.0
No improvement in accuracy for 38 epochs (best acc = 1.0).
***Epoch: 43***
Current epoch percent: 1.000, step: 4796
Train loss: 6.6304165e-05
Train epoch time: 37610.467 ms, per step time: 345.050 ms
Validation accuracy: 1.0
No improvement in accuracy for 39 epochs (best acc = 1.0).
***Epoch: 44***
Current epoch percent: 1.000, step: 4905
Train loss: 5.5300385e-05
Train epoch time: 37613.120 ms, per step time: 345.074 ms
Validation accuracy: 1.0
No improvement in accuracy for 40 epochs (best acc = 1.0).
***Epoch: 45***
Current epoch percent: 1.000, step: 5014
Train loss: 6.0560138e-05
Train epoch time: 37606.170 ms, per step time: 345.011 ms
Validation accuracy: 1.0
No improvement in accuracy for 41 epochs (best acc = 1.0).
***Epoch: 46***
Current epoch percent: 1.000, step: 5123
Train loss: 6.0209983e-05
Train epoch time: 37617.068 ms, per step time: 345.111 ms
Validation accuracy: 1.0
No improvement in accuracy for 42 epochs (best acc = 1.0).
***Epoch: 47***
Current epoch percent: 1.000, step: 5232
Train loss: 5.610478e-05
Train epoch time: 37607.237 ms, per step time: 345.021 ms
Validation accuracy: 1.0
No improvement in accuracy for 43 epochs (best acc = 1.0).
***Epoch: 48***
Current epoch percent: 1.000, step: 5341
Train loss: 0.001244222
Train epoch time: 37584.607 ms, per step time: 344.813 ms
Validation accuracy: 1.0
No improvement in accuracy for 44 epochs (best acc = 1.0).
***Epoch: 49***
Current epoch percent: 1.000, step: 5450
Train loss: 0.0006083413
Train epoch time: 37606.955 ms, per step time: 345.018 ms
Validation accuracy: 0.9974226804123711
No improvement in accuracy for 45 epochs (best acc = 1.0).
***Epoch: 50***
Current epoch percent: 1.000, step: 5559
Train loss: 0.0014861482
Train epoch time: 37599.655 ms, per step time: 344.951 ms
Validation accuracy: 1.0
No improvement in accuracy for 46 epochs (best acc = 1.0).
***Epoch: 51***
Current epoch percent: 1.000, step: 5668
Train loss: 0.00010486793
Train epoch time: 37613.397 ms, per step time: 345.077 ms
Validation accuracy: 1.0
No improvement in accuracy for 47 epochs (best acc = 1.0).
***Epoch: 52***
Current epoch percent: 1.000, step: 5777
Train loss: 9.321322e-05
Train epoch time: 37648.240 ms, per step time: 345.397 ms
Validation accuracy: 1.0
No improvement in accuracy for 48 epochs (best acc = 1.0).
***Epoch: 53***
Current epoch percent: 1.000, step: 5886
Train loss: 0.000120894016
Train epoch time: 37610.519 ms, per step time: 345.051 ms
Validation accuracy: 1.0
No improvement in accuracy for 49 epochs (best acc = 1.0).
***Epoch: 54***
Current epoch percent: 1.000, step: 5995
Train loss: 9.5444826e-05
Train epoch time: 37612.356 ms, per step time: 345.067 ms

Validation accuracy: 1.0
No improvement in accuracy for 50 epochs (best acc = 1.0).
Early stopping due to no improvement.
Find the newest checkpoint:  /data2/xuguoshun/Enzymes/BM_works/Bert_Casp80/BM-P80/fold_9/saved_models/P80_Best_Model.ckpt
======Val======
** BM-P80/fold_9/mr_data/val.mindrecord

========================================
                model data  AUC  ACC  precision  Recall   F1  MCC  Sensitivity  Specificity
model  P80_Best_Model       1.0  1.0        1.0     1.0  1.0  1.0          1.0          1.0
========================================

======Test======
** BM-P80/fold_9/mr_data/test.mindrecord

========================================
                model data  AUC  ACC  precision  Recall   F1  MCC  Sensitivity  Specificity
model  P80_Best_Model       1.0  1.0        1.0     1.0  1.0  1.0          1.0          1.0
========================================

FINISH !!!

Done!
