id	AVE(Cas9 Yes)	STD(Cas9 Yes)
sp_A1Z9L3_DHX8_DROME__helicase	0.51559705	0.07366933
sp_A1Z9L3_DHX8_DROME__helicase-497m	0.029559528	0.004305055
sp_A2PYH4_HFM1_HUMAN__helicase	0.13845679	0.026903737
sp_A2PYH4_HFM1_HUMAN__helicase-574m	0.086691484	0.0062082075
sp_A4K436_RTEL1_BOVIN__helicase	0.862002	0.028430803
sp_A4K436_RTEL1_BOVIN__helicase-487m	0.030604428	0.0055650137
sp_A6ZM04_PIF1_YEAS7__helicase	0.5690124	0.0758124
sp_A6ZM04_PIF1_YEAS7__helicase-344m	0.031381924	0.006206986
sp_B2RR83_YTDC2_MOUSE__helicase	0.53756297	0.054853383
sp_B2RR83_YTDC2_MOUSE__helicase-578m	0.029521262	0.003434782
sp_B4LX81_SPNE_DROVI__helicase	0.4486505	0.052101
sp_B4LX81_SPNE_DROVI__helicase-574m	0.029168153	0.002401188
sp_B6DMK2_MER3_ORYSJ__helicase	0.74893016	0.060687263
sp_B6DMK2_MER3_ORYSJ__helicase-482m	0.0289968	0.0049633803
sp_B6EU02_JBP2_LEITA__helicase	0.44150716	0.048892472
sp_B6EU02_JBP2_LEITA__helicase-440m	0.024913883	0.004957577
sp_B6ZLK2_CHD1_CHICK__helicase	0.30387467	0.058010966
sp_B6ZLK2_CHD1_CHICK__helicase-688m	0.04954995	0.016725224
sp_B9DFG3_ISE2_ARATH__helicase	0.68221146	0.079567626
sp_B9DFG3_ISE2_ARATH__helicase-469m	0.051440973	0.008256985
sp_D1KF50_SRS2L_ARATH__helicase	0.3299269	0.04381425
sp_D1KF50_SRS2L_ARATH__helicase-459m	0.038706113	0.0045759766
sp_D3ZVK1_MCM8_RAT__helicase	0.68825316	0.058614954
sp_D3ZVK1_MCM8_RAT__helicase-332m	0.025418174	0.0034409289
sp_D4A2Z8_DHX36_RAT__helicase	0.47097048	0.06459484
sp_D4A2Z8_DHX36_RAT__helicase-400m	0.02350944	0.0032815253
sp_D4ACP5_RECQ5_RAT__helicase	0.6564638	0.066559136
sp_D4ACP5_RECQ5_RAT__helicase-390m	0.020891102	0.005432773
sp_E1BPX4_MCM8_BOVIN__helicase	0.6524253	0.0624915
sp_E1BPX4_MCM8_BOVIN__helicase-327m	0.01492324	0.0021682542
sp_F1M5F3_MCM9_RAT__helicase	0.56679165	0.06450949
sp_F1M5F3_MCM9_RAT__helicase-450m	0.04184643	0.0048307357
sp_F1ND48_FBH1_CHICK__helicase	0.396507	0.04699376
sp_F1ND48_FBH1_CHICK__helicase-405m	0.035563517	0.004817195
sp_F1R345_DDX11_DANRE__helicase	0.66036	0.0721868
sp_F1R345_DDX11_DANRE__helicase-356m	0.027471235	0.0029143444
sp_F4HQE2_RTEL1_ARATH__helicase	0.57978827	0.034164947
sp_F4HQE2_RTEL1_ARATH__helicase-416m	0.02264158	0.003753082
sp_F4IDQ6_NIH_ARATH__helicase	0.5555685	0.034390096
sp_F4IDQ6_NIH_ARATH__helicase-631m	0.049833197	0.01259017
sp_F4J9M5_CHR12_ARATH__helicase	0.38253754	0.09537848
sp_F4J9M5_CHR12_ARATH__helicase-441m	0.03145697	0.00721649
sp_F4JAA5_SKI2_ARATH__helicase	0.20874922	0.02406204
sp_F4JAA5_SKI2_ARATH__helicase-539m	0.030712	0.0029791738
sp_F4K128_CHR23_ARATH__helicase	0.3691124	0.03244314
sp_F4K128_CHR23_ARATH__helicase-426m	0.01293924	0.0020953522
sp_F4K2E9_PRP16_ARATH__helicase	0.36110386	0.03650546
sp_F4K2E9_PRP16_ARATH__helicase-502m	0.032728083	0.0072622034
sp_H2KY86_HELQ_CAEEL__helicase	0.5925993	0.0410155
sp_H2KY86_HELQ_CAEEL__helicase-370m	0.02453102	0.004788643
sp_I0IUP3_MCM8_CHICK__helicase	0.5249692	0.0432379
sp_I0IUP3_MCM8_CHICK__helicase-332m	0.03355467	0.006012489
sp_I0IUP4_MCM9_CHICK__helicase	0.36483777	0.07678009
sp_I0IUP4_MCM9_CHICK__helicase-468m	0.059409957	0.005515126
sp_O13768_ERCC3_SCHPO__helicase	0.77205163	0.06684691
sp_O13768_ERCC3_SCHPO__helicase-322m	0.037496906	0.0062066796
sp_O13799_YE02_SCHPO__helicase	0.64206934	0.037254278
sp_O13799_YE02_SCHPO__helicase-412m	0.026966402	0.0033770863
sp_O13983_HRQ1_SCHPO__helicase	0.6580261	0.044025965
sp_O13983_HRQ1_SCHPO__helicase-426m	0.119624875	0.017569223
sp_O14139_HRP3_SCHPO__helicase	0.44097906	0.043600246
sp_O14139_HRP3_SCHPO__helicase-556m	0.0628923	0.0056563076
sp_O14147_CHL1_SCHPO__helicase	0.69346607	0.08444878
sp_O14147_CHL1_SCHPO__helicase-338m	0.027127218	0.002896094
sp_O14232_MTR4_SCHPO__helicase	0.7855204	0.04483953
sp_O14232_MTR4_SCHPO__helicase-447m	0.017835101	0.0029655967
sp_O14646_CHD1_HUMAN__helicase	0.44752187	0.05157604
sp_O14646_CHD1_HUMAN__helicase-684m	0.06236031	0.011572831
sp_O16102_CHD3_DROME__helicase	0.77741414	0.031254146
sp_O16102_CHD3_DROME__helicase-357m	0.096985914	0.007943059
sp_O18017_BLM_CAEEL__helicase	0.5489592	0.04890598
sp_O18017_BLM_CAEEL__helicase-396m	0.023166215	0.0037503436
sp_O30477_DNAB_RHOMR__helicase	0.95145786	0.013179658
sp_O30477_DNAB_RHOMR__helicase-377m	0.031225214	0.007378314
sp_O42861_FFT3_SCHPO__helicase	0.56857544	0.044129763
sp_O42861_FFT3_SCHPO__helicase-369m	0.025570344	0.003993275
sp_O45244_DHX16_CAEEL__helicase	0.8665403	0.051817685
sp_O45244_DHX16_CAEEL__helicase-404m	0.03608221	0.0048296736
sp_O60231_DHX16_HUMAN__helicase	0.48340034	0.06848736
sp_O60231_DHX16_HUMAN__helicase-417m	0.023685489	0.0026393617
sp_O60306_AQR_HUMAN__helicase	0.5249666	0.064995535
sp_O60306_AQR_HUMAN__helicase-594m	0.03330831	0.0038197592
sp_O70133_DHX9_MOUSE__helicase	0.59709674	0.16526897
sp_O70133_DHX9_MOUSE__helicase-552m	0.022537548	0.0031966707
sp_O74465_HRR1_SCHPO__helicase	0.5994605	0.05892245
sp_O74465_HRR1_SCHPO__helicase-400m	0.0262155	0.0040918817
sp_O76743_GLH4_CAEEL__helicase	0.78677946	0.047189
sp_O76743_GLH4_CAEEL__helicase-463m	0.04926142	0.010718781
sp_O88700_BLM_MOUSE__helicase	0.4438332	0.05102838
sp_O88700_BLM_MOUSE__helicase-567m	0.05269128	0.012900696
sp_O94761_RECQ4_HUMAN__helicase	0.2172287	0.07933289
sp_O94761_RECQ4_HUMAN__helicase-484m	0.017575357	0.0041741035
sp_O94762_RECQ5_HUMAN__helicase	0.7918636	0.046519667
sp_O94762_RECQ5_HUMAN__helicase-397m	0.042508904	0.01231918
sp_P07271_PIF1_YEAST__helicase	0.5716334	0.07408805
sp_P07271_PIF1_YEAST__helicase-344m	0.029619504	0.005821816
sp_P12954_SRS2_YEAST__helicase	0.8279808	0.04749359
sp_P12954_SRS2_YEAST__helicase-470m	0.07594528	0.008178814
sp_P15938_PRP16_YEAST__helicase	0.62299025	0.07306748
sp_P15938_PRP16_YEAST__helicase-429m	0.022592563	0.0022414215
sp_P20095_PRP2_YEAST__helicase	0.5973913	0.058227908
sp_P20095_PRP2_YEAST__helicase-351m	0.04682491	0.0069965525
sp_P21372_PRP5_YEAST__helicase	0.71428406	0.049448434
sp_P21372_PRP5_YEAST__helicase-340m	0.071579434	0.010098709
sp_P22516_CHL1_YEAST__helicase	0.82821894	0.06060145
sp_P22516_CHL1_YEAST__helicase-345m	0.051421035	0.007257024
sp_P23249_MOV10_MOUSE__helicase	0.44697103	0.09012616
sp_P23249_MOV10_MOUSE__helicase-402m	0.021516867	0.004966119
sp_P24384_PRP22_YEAST__helicase	0.75871205	0.05528898
sp_P24384_PRP22_YEAST__helicase-458m	0.03476294	0.005203024
sp_P25439_BRM_DROME__helicase	0.2718052	0.06544446
sp_P25439_BRM_DROME__helicase-656m	0.02216493	0.0031753907
sp_P30771_RENT1_YEAST__helicase	0.46578938	0.046609286
sp_P30771_RENT1_YEAST__helicase-389m	0.044272624	0.007866424
sp_P31380_FUN30_YEAST__helicase	0.7901362	0.027128985
sp_P31380_FUN30_YEAST__helicase-453m	0.06848501	0.00905993
sp_P32644_ECM32_YEAST__helicase	0.7043298	0.060853094
sp_P32644_ECM32_YEAST__helicase-449m	0.02307042	0.0035906103
sp_P35187_SGS1_YEAST__helicase	0.24665157	0.03570231
sp_P35187_SGS1_YEAST__helicase-579m	0.04270531	0.006319239
sp_P35207_SKI2_YEAST__helicase	0.47008294	0.039417405
sp_P35207_SKI2_YEAST__helicase-515m	0.022788906	0.0032841961
sp_P40201_CHD1_MOUSE__helicase	0.3100062	0.044697404
sp_P40201_CHD1_MOUSE__helicase-685m	0.13558203	0.05409693
sp_P40562_MPH1_YEAST__helicase	0.85402375	0.034335267
sp_P40562_MPH1_YEAST__helicase-398m	0.027262721	0.00432583
sp_P42285_MTREX_HUMAN__helicase	0.86516917	0.037911464
sp_P42285_MTREX_HUMAN__helicase-417m	0.023795027	0.0035361238
sp_P47047_MTR4_YEAST__helicase	0.8755255	0.019302296
sp_P47047_MTR4_YEAST__helicase-430m	0.04431472	0.005146057
sp_P51979_HFM1_YEAST__helicase	0.67586154	0.036036015
sp_P51979_HFM1_YEAST__helicase-475m	0.03068825	0.003523726
sp_P54132_BLM_HUMAN__helicase	0.39980406	0.041537218
sp_P54132_BLM_HUMAN__helicase-567m	0.07040675	0.016285632
sp_P79051_RHP16_SCHPO__helicase	0.36800557	0.04201622
sp_P79051_RHP16_SCHPO__helicase-345m	0.14377137	0.0150502175
sp_P90897_RDE12_CAEEL__helicase	0.8603633	0.074569464
sp_P90897_RDE12_CAEEL__helicase-384m	0.04949709	0.007389959
sp_P9WMR3_DNAB_MYCTU__helicase	0.9356367	0.018358085
sp_P9WMR3_DNAB_MYCTU__helicase-350m	0.016939148	0.0026535874
sp_Q00578_RAD25_YEAST__helicase	0.7391273	0.060340453
sp_Q00578_RAD25_YEAST__helicase-338m	0.051531374	0.007974346
sp_Q04217_DHR1_YEAST__helicase	0.50615525	0.16466077
sp_Q04217_DHR1_YEAST__helicase-507m	0.039449986	0.004939926
sp_Q05471_SWR1_YEAST__helicase	0.47063684	0.060060225
sp_Q05471_SWR1_YEAST__helicase-606m	0.021563286	0.0017095613
sp_Q05549_HRQ1_YEAST__helicase	0.6370962	0.059672
sp_Q05549_HRQ1_YEAST__helicase-431m	0.029647987	0.0051793912
sp_Q05B79_DHX36_BOVIN__helicase	0.502927	0.068067804
sp_Q05B79_DHX36_BOVIN__helicase-404m	0.018871615	0.0044825957
sp_Q06554_IRC20_YEAST__helicase	0.30377084	0.026828462
sp_Q06554_IRC20_YEAST__helicase-623m	0.025204536	0.0042564007
sp_Q08211_DHX9_HUMAN__helicase	0.62614304	0.21074311
sp_Q08211_DHX9_HUMAN__helicase-508m	0.03831922	0.005410298
sp_Q08562_ULS1_YEAST__helicase	0.37472966	0.03637284
sp_Q08562_ULS1_YEAST__helicase-648m	0.041543223	0.0040703076
sp_Q09811_HUS2_SCHPO__helicase	0.3412636	0.03845823
sp_Q09811_HUS2_SCHPO__helicase-532m	0.05736822	0.0071064043
sp_Q09820_RENT1_SCHPO__helicase	0.50450355	0.06085294
sp_Q09820_RENT1_SCHPO__helicase-370m	0.028719176	0.0030795038
sp_Q0V8H6_MOV10_BOVIN__helicase	0.19978572	0.033803593
sp_Q0V8H6_MOV10_BOVIN__helicase-402m	0.02967915	0.008157656
sp_Q0VGM9_RTEL1_MOUSE__helicase	0.6180402	0.05415556
sp_Q0VGM9_RTEL1_MOUSE__helicase-482m	0.031662602	0.0034342427
sp_Q12389_DBP10_YEAST__helicase	0.76276207	0.05401142
sp_Q12389_DBP10_YEAST__helicase-398m	0.05611766	0.0063190223
sp_Q13206_DDX10_HUMAN__helicase	0.45023808	0.048353747
sp_Q13206_DDX10_HUMAN__helicase-350m	0.01615176	0.002530528
sp_Q14147_DHX34_HUMAN__helicase	0.37708825	0.06600129
sp_Q14147_DHX34_HUMAN__helicase-458m	0.02422971	0.0030231117
sp_Q14527_HLTF_HUMAN__helicase	0.6843623	0.065501556
sp_Q14527_HLTF_HUMAN__helicase-404m	0.03283778	0.0045569334
sp_Q14562_DHX8_HUMAN__helicase	0.5716691	0.06736262
sp_Q14562_DHX8_HUMAN__helicase-488m	0.045417935	0.005999659
sp_Q14BI7_TDRD9_MOUSE__helicase	0.4686926	0.11059532
sp_Q14BI7_TDRD9_MOUSE__helicase-554m	0.028909866	0.0037505652
sp_Q19546_WRN_CAEEL__helicase	0.77374214	0.041722994
sp_Q19546_WRN_CAEEL__helicase-423m	0.027711844	0.0031655026
sp_Q1XG89_TDR12_BOMMO__helicase	0.20553043	0.03395703
sp_Q1XG89_TDR12_BOMMO__helicase-704m	0.03919044	0.007048322
sp_Q21489_CHL1_CAEEL__helicase	0.78257173	0.055684414
sp_Q21489_CHL1_CAEEL__helicase-332m	0.06254256	0.0071479003
sp_Q22307_DHX9_CAEEL__helicase	0.5991851	0.19777031
sp_Q22307_DHX9_CAEEL__helicase-521m	0.023656156	0.0035253474
sp_Q22516_CHD3_CAEEL__helicase	0.2820875	0.09865812
sp_Q22516_CHD3_CAEEL__helicase-715m	0.021114286	0.004819609
sp_Q28141_DHX9_BOVIN__helicase	0.6247262	0.18767706
sp_Q28141_DHX9_BOVIN__helicase-515m	0.032135688	0.0052330326
sp_Q2KHI9_MCM9_MOUSE__helicase	0.5406982	0.067890465
sp_Q2KHI9_MCM9_MOUSE__helicase-454m	0.05104484	0.0042321235
sp_Q2VPA6_HELQ_MOUSE__helicase	0.48712835	0.043790486
sp_Q2VPA6_HELQ_MOUSE__helicase-428m	0.024456	0.003798337
sp_Q381V6_PIF4_TRYB2__helicase	0.2590139	0.034323998
sp_Q381V6_PIF4_TRYB2__helicase-328m	0.042305328	0.012185572
sp_Q384Y0_PIF2_TRYB2__helicase	0.2942668	0.04059759
sp_Q384Y0_PIF2_TRYB2__helicase-420m	0.025012065	0.005473266
sp_Q384Y1_PIF1_TRYB2__helicase	0.31893006	0.04413664
sp_Q384Y1_PIF1_TRYB2__helicase-372m	0.018234763	0.0040370123
sp_Q3MHU3_TDRD9_RAT__helicase	0.43242136	0.087187454
sp_Q3MHU3_TDRD9_RAT__helicase-554m	0.024801504	0.002539119
sp_Q4TVV3_DDX46_DANRE__helicase	0.72028816	0.09105468
sp_Q4TVV3_DDX46_DANRE__helicase-408m	0.020333942	0.004725586
sp_Q569Z5_DDX46_MOUSE__helicase	0.71090037	0.10087729
sp_Q569Z5_DDX46_MOUSE__helicase-413m	0.09588877	0.013353649
sp_Q57X81_JBP2_TRYB2__helicase	0.33780184	0.04577629
sp_Q57X81_JBP2_TRYB2__helicase-431m	0.014939932	0.002709261
sp_Q580X6_PIF5_TRYB2__helicase	0.45264062	0.052497372
sp_Q580X6_PIF5_TRYB2__helicase-372m	0.03138223	0.0066571203
sp_Q59RQ0_PIF1_CANAL__helicase	0.5619317	0.0831685
sp_Q59RQ0_PIF1_CANAL__helicase-363m	0.061307393	0.008193572
sp_Q5BJS0_DHX30_RAT__helicase	0.43425274	0.03935035
sp_Q5BJS0_DHX30_RAT__helicase-478m	0.01709974	0.003142286
sp_Q5D892_MER3_ARATH__helicase	0.8655573	0.031560346
sp_Q5D892_MER3_ARATH__helicase-454m	0.066425666	0.011707108
sp_Q5R874_DHX9_PONAB__helicase	0.6364079	0.20801015
sp_Q5R874_DHX9_PONAB__helicase-508m	0.029667983	0.0032966288
sp_Q5RJZ1_RTEL1_RAT__helicase	0.6750749	0.063628905
sp_Q5RJZ1_RTEL1_RAT__helicase-510m	0.047136497	0.004859271
sp_Q60848_HELLS_MOUSE__helicase	0.4783586	0.052703444
sp_Q60848_HELLS_MOUSE__helicase-329m	0.06938125	0.006255812
sp_Q68FK8_DHX9_XENLA__helicase	0.6657905	0.100449875
sp_Q68FK8_DHX9_XENLA__helicase-505m	0.028106403	0.0032273363
sp_Q6AXC6_DDX11_MOUSE__helicase	0.6673752	0.07006802
sp_Q6AXC6_DDX11_MOUSE__helicase-363m	0.020076327	0.00395852
sp_Q6H1L8_RTEL1_MUSSP__helicase	0.6523855	0.050591953
sp_Q6H1L8_RTEL1_MUSSP__helicase-482m	0.033746656	0.0037162346
sp_Q6J5K9_ARMI_DROME__helicase	0.5383129	0.076347664
sp_Q6J5K9_ARMI_DROME__helicase-476m	0.02226809	0.0033503976
sp_Q6NVF4_HELB_MOUSE__helicase	0.37711307	0.048008703
sp_Q6NVF4_HELB_MOUSE__helicase-430m	0.021805668	0.0031686234
sp_Q6P158_DHX57_HUMAN__helicase	0.5584538	0.03384992
sp_Q6P158_DHX57_HUMAN__helicase-555m	0.03129755	0.004473641
sp_Q6PCN7_HLTF_MOUSE__helicase	0.6566127	0.09422085
sp_Q6PCN7_HLTF_MOUSE__helicase-402m	0.055257052	0.0071201697
sp_Q75NR7_RECQ4_MOUSE__helicase	0.21978506	0.05305928
sp_Q75NR7_RECQ4_MOUSE__helicase-487m	0.019496428	0.004901639
sp_Q7L014_DDX46_HUMAN__helicase	0.7141574	0.09539767
sp_Q7L014_DDX46_HUMAN__helicase-413m	0.07246036	0.0078089708
sp_Q7L2E3_DHX30_HUMAN__helicase	0.4592628	0.04968687
sp_Q7L2E3_DHX30_HUMAN__helicase-478m	0.016803984	0.0030953411
sp_Q7Z478_DHX29_HUMAN__helicase	0.55543005	0.047296625
sp_Q7Z478_DHX29_HUMAN__helicase-548m	0.017117154	0.002112208
sp_Q810A7_DDX42_MOUSE__helicase	0.8432981	0.039792802
sp_Q810A7_DDX42_MOUSE__helicase-372m	0.10566447	0.015944539
sp_Q86WJ1_CHD1L_HUMAN__helicase	0.24116091	0.039168883
sp_Q86WJ1_CHD1L_HUMAN__helicase-359m	0.024570394	0.004063981
sp_Q86XP3_DDX42_HUMAN__helicase	0.8565019	0.038949665
sp_Q86XP3_DDX42_HUMAN__helicase-376m	0.06005019	0.007915392
sp_Q8GYD9_SDE3_ARATH__helicase	0.57017255	0.07082676
sp_Q8GYD9_SDE3_ARATH__helicase-401m	0.06744192	0.00885838
sp_Q8H0U8_RH42_ARATH__helicase	0.5967217	0.03728869
sp_Q8H0U8_RH42_ARATH__helicase-467m	0.12603913	0.016056709
sp_Q8IY21_DDX60_HUMAN__helicase	0.19632441	0.029867932
sp_Q8IY21_DDX60_HUMAN__helicase-685m	0.017678311	0.0024462414
sp_Q8IY37_DHX37_HUMAN__helicase	0.41567826	0.053105444
sp_Q8IY37_DHX37_HUMAN__helicase-463m	0.021795508	0.0049572787
sp_Q8K2I9_FBH1_MOUSE__helicase	0.16694202	0.01667193
sp_Q8K2I9_FBH1_MOUSE__helicase-417m	0.017686117	0.0025325809
sp_Q8L840_RQL4A_ARATH__helicase	0.25039974	0.034853797
sp_Q8L840_RQL4A_ARATH__helicase-476m	0.037559047	0.005102579
sp_Q8NDG6_TDRD9_HUMAN__helicase	0.39912894	0.0566026
sp_Q8NDG6_TDRD9_HUMAN__helicase-553m	0.03703714	0.0040842453
sp_Q8NFZ0_FBH1_HUMAN__helicase	0.32166177	0.030253263
sp_Q8NFZ0_FBH1_HUMAN__helicase-418m	0.031332057	0.0040172935
sp_Q8NG08_HELB_HUMAN__helicase	0.568567	0.05330857
sp_Q8NG08_HELB_HUMAN__helicase-435m	0.051816143	0.005321876
sp_Q8R5F7_IFIH1_MOUSE__helicase	0.41809186	0.060941666
sp_Q8R5F7_IFIH1_MOUSE__helicase-410m	0.061031044	0.007936789
sp_Q8TDD1_DDX54_HUMAN__helicase	0.6023753	0.057140354
sp_Q8TDD1_DDX54_HUMAN__helicase-353m	0.022434868	0.0044311704
sp_Q8TDG4_HELQ_HUMAN__helicase	0.38682455	0.050559904
sp_Q8TDG4_HELQ_HUMAN__helicase-441m	0.01379821	0.0022773203
sp_Q8VHK9_DHX36_MOUSE__helicase	0.40800858	0.059314698
sp_Q8VHK9_DHX36_MOUSE__helicase-401m	0.015908346	0.0046318057
sp_Q8VID5_RECQ5_MOUSE__helicase	0.6615822	0.06509554
sp_Q8VID5_RECQ5_MOUSE__helicase-393m	0.025902431	0.007398233
sp_Q8VY00_ESP3_ARATH__helicase	0.7789483	0.07182558
sp_Q8VY00_ESP3_ARATH__helicase-418m	0.13798283	0.025841482
sp_Q92355_SEN1_SCHPO__helicase	0.26003382	0.11504262
sp_Q92355_SEN1_SCHPO__helicase-675m	0.04093682	0.0049076444
sp_Q92620_PRP16_HUMAN__helicase	0.3608238	0.06380086
sp_Q92620_PRP16_HUMAN__helicase-491m	0.025485232	0.0030925921
sp_Q93575_RTEL1_CAEEL__helicase	0.7341533	0.052052964
sp_Q93575_RTEL1_CAEEL__helicase-398m	0.03692175	0.0044128345
sp_Q95216_HLTF_RABIT__helicase	0.6963824	0.10804567
sp_Q95216_HLTF_RABIT__helicase-402m	0.0685691	0.009839187
sp_Q966L9_GLH2_CAEEL__helicase	0.9079732	0.022111513
sp_Q966L9_GLH2_CAEEL__helicase-390m	0.079905026	0.014115917
sp_Q96FC9_DDX11_HUMAN__helicase	0.7156933	0.062164288
sp_Q96FC9_DDX11_HUMAN__helicase-388m	0.018008877	0.004173285
sp_Q99MV5_M10L1_MOUSE__helicase	0.32200366	0.029171752
sp_Q99MV5_M10L1_MOUSE__helicase-475m	0.049030546	0.0078531
sp_Q99NG0_ARIP4_MOUSE__helicase	0.499551	0.05977091
sp_Q99NG0_ARIP4_MOUSE__helicase-587m	0.05346946	0.0064608795
sp_Q99PU8_DHX30_MOUSE__helicase	0.23053423	0.028339243
sp_Q99PU8_DHX30_MOUSE__helicase-487m	0.013445878	0.003522875
sp_Q9BUQ8_DDX23_HUMAN__helicase	0.7768057	0.05881892
sp_Q9BUQ8_DDX23_HUMAN__helicase-328m	0.16934252	0.016064337
sp_Q9BXT6_M10L1_HUMAN__helicase	0.33616483	0.047506515
sp_Q9BXT6_M10L1_HUMAN__helicase-485m	0.039329477	0.0057447497
sp_Q9BYX4_IFIH1_HUMAN__helicase	0.46786126	0.061258383
sp_Q9BYX4_IFIH1_HUMAN__helicase-410m	0.017050657	0.0030158341
sp_Q9CWU0_TDR12_MOUSE__helicase	0.46767917	0.09773873
sp_Q9CWU0_TDR12_MOUSE__helicase-486m	0.013955094	0.0020846948
sp_Q9CWV1_MCM8_MOUSE__helicase	0.6806923	0.05786151
sp_Q9CWV1_MCM8_MOUSE__helicase-334m	0.029635694	0.005238177
sp_Q9CXF7_CHD1L_MOUSE__helicase	0.29097292	0.059708633
sp_Q9CXF7_CHD1L_MOUSE__helicase-360m	0.020738149	0.0035024611
sp_Q9CZU3_MTREX_MOUSE__helicase	0.89156616	0.028893279
sp_Q9CZU3_MTREX_MOUSE__helicase-416m	0.022589259	0.0036821393
sp_Q9DEY9_BLM_XENLA__helicase	0.13792256	0.0438062
sp_Q9DEY9_BLM_XENLA__helicase-546m	0.05895249	0.00887831
sp_Q9FT70_RQL4B_ARATH__helicase	0.15431447	0.026881559
sp_Q9FT70_RQL4B_ARATH__helicase-460m	0.072148874	0.0073726773
sp_Q9H2U1_DHX36_HUMAN__helicase	0.5447829	0.062024876
sp_Q9H2U1_DHX36_HUMAN__helicase-404m	0.025946587	0.004009409
sp_Q9H6S0_YTDC2_HUMAN__helicase	0.50844073	0.034652054
sp_Q9H6S0_YTDC2_HUMAN__helicase-572m	0.04370819	0.0034301437
sp_Q9H8H2_DDX31_HUMAN__helicase	0.26985735	0.05563113
sp_Q9H8H2_DDX31_HUMAN__helicase-341m	0.04913167	0.011669446
sp_Q9HCE1_MOV10_HUMAN__helicase	0.30384034	0.046256706
sp_Q9HCE1_MOV10_HUMAN__helicase-402m	0.02468491	0.004793477
sp_Q9I920_BLM_CHICK__helicase	0.38591692	0.039175164
sp_Q9I920_BLM_CHICK__helicase-474m	0.033083085	0.0041991444
sp_Q9JIK5_DDX21_MOUSE__helicase	0.57457006	0.08082498
sp_Q9JIK5_DDX21_MOUSE__helicase-341m	0.043473817	0.0074750604
sp_Q9JJY4_DDX20_MOUSE__helicase	0.37899646	0.04319988
sp_Q9JJY4_DDX20_MOUSE__helicase-330m	0.0752307	0.011851448
sp_Q9NRZ9_HELLS_HUMAN__helicase	0.48742294	0.044184446
sp_Q9NRZ9_HELLS_HUMAN__helicase-336m	0.024107456	0.003040531
sp_Q9NXL9_MCM9_HUMAN__helicase	0.50424224	0.080768414
sp_Q9NXL9_MCM9_HUMAN__helicase-458m	0.047558747	0.005077693
sp_Q9NZ71_RTEL1_HUMAN__helicase	0.83337533	0.02902377
sp_Q9NZ71_RTEL1_HUMAN__helicase-488m	0.032476485	0.004819711
sp_Q9P7C7_PRP11_SCHPO__helicase	0.7411056	0.05515012
sp_Q9P7C7_PRP11_SCHPO__helicase-406m	0.04433803	0.006434844
sp_Q9SF37_MCM8_ARATH__helicase	0.69895303	0.06416062
sp_Q9SF37_MCM8_ARATH__helicase-321m	0.027278751	0.0035911081
sp_Q9UHI6_DDX20_HUMAN__helicase	0.3840306	0.044932507
sp_Q9UHI6_DDX20_HUMAN__helicase-330m	0.07514516	0.0077088573
sp_Q9UJA3_MCM8_HUMAN__helicase	0.6096512	0.053343013
sp_Q9UJA3_MCM8_HUMAN__helicase-336m	0.044193033	0.009424775
sp_Q9US25_HRP1_SCHPO__helicase	0.25144106	0.042445455
sp_Q9US25_HRP1_SCHPO__helicase-550m	0.028289288	0.0030326513
sp_Q9USU3_FBH1_SCHPO__helicase	0.48337764	0.06667612
sp_Q9USU3_FBH1_SCHPO__helicase-352m	0.03781086	0.0046794135
sp_Q9UT23_MPH1_SCHPO__helicase	0.6512486	0.053075187
sp_Q9UT23_MPH1_SCHPO__helicase-334m	0.024291335	0.0045317835
sp_Q9UUA2_PIF1_SCHPO__helicase	0.6850871	0.070366144
sp_Q9UUA2_PIF1_SCHPO__helicase-322m	0.068826325	0.007351533
sp_Q9VDA0_FANCM_DROME__helicase	0.72054017	0.050802134
sp_Q9VDA0_FANCM_DROME__helicase-596m	0.029978683	0.0022519208
sp_Q9VF26_SPNE_DROME__helicase	0.31455433	0.042158168
sp_Q9VF26_SPNE_DROME__helicase-574m	0.028348152	0.003919064
sp_Q9VGI8_BLM_DROME__helicase	0.5685026	0.04736909
sp_Q9VGI8_BLM_DROME__helicase-595m	0.17901258	0.02069255
sp_Q9VSE2_HELQ_DROME__helicase	0.56791186	0.05382801
sp_Q9VSE2_HELQ_DROME__helicase-421m	0.021132637	0.0030403833
sp_Q9W484_RTEL1_DROME__helicase	0.8937513	0.0367772
sp_Q9W484_RTEL1_DROME__helicase-394m	0.051589996	0.0076803286
sp_Q9XIF2_MTR4_ARATH__helicase	0.80648345	0.035672978
sp_Q9XIF2_MTR4_ARATH__helicase-396m	0.022743588	0.0032450538
sp_Q9Y4B4_ARIP4_HUMAN__helicase	0.5415562	0.064521015
sp_Q9Y4B4_ARIP4_HUMAN__helicase-587m	0.034211867	0.005839683
sp_Q9ZVW2_HEN2_ARATH__helicase	0.666807	0.055998668
sp_Q9ZVW2_HEN2_ARATH__helicase-398m	0.051137425	0.009590276
sp_A0A0P0V4R0_RTEL1_ORYSJ__helicase	0.81489766	0.05455132
sp_A0A0P0V4R0_RTEL1_ORYSJ__helicase-406m	0.03305157	0.0062511642
sp_A1D8E4_CHL1_NEOFI__helicase	0.6220385	0.0803578
sp_A1D8E4_CHL1_NEOFI__helicase-345m	0.03616614	0.0064987037
sp_A2A4P0_DHX8_MOUSE__helicase	0.60023916	0.06822893
sp_A2A4P0_DHX8_MOUSE__helicase-498m	0.02790842	0.0028622893
sp_A2Q8R2_MPH1_ASPNC__helicase	0.6580368	0.05021562
sp_A2Q8R2_MPH1_ASPNC__helicase-450m	0.09617998	0.009305382
sp_A2QY22_CHL1_ASPNC__helicase	0.77837217	0.06931718
sp_A2QY22_CHL1_ASPNC__helicase-350m	0.062035125	0.0080558285
sp_A3LN13_CHL1_PICST__helicase	0.7987086	0.059989575
sp_A3LN13_CHL1_PICST__helicase-334m	0.060627617	0.0077207913
sp_A4H7G5_JBP2_LEIBR__helicase	0.46170288	0.045907617
sp_A4H7G5_JBP2_LEIBR__helicase-440m	0.022519235	0.004490768
sp_A4HVU6_JBP2_LEIIN__helicase	0.43374944	0.04682255
sp_A4HVU6_JBP2_LEIIN__helicase-440m	0.021572461	0.004186078
sp_A5DNW6_CHL1_PICGU__helicase	0.79012567	0.05755342
sp_A5DNW6_CHL1_PICGU__helicase-330m	0.069680616	0.004765822
sp_A5DUW8_CHL1_LODEL__helicase	0.65998393	0.07445516
sp_A5DUW8_CHL1_LODEL__helicase-357m	0.035992954	0.004724222
sp_A6ZWN8_CHL1_YEAS7__helicase	0.82473814	0.061791766
sp_A6ZWN8_CHL1_YEAS7__helicase-345m	0.052622784	0.007712368
sp_A8MPP1_D11L8_HUMAN__helicase	0.70846194	0.066807255
sp_A8MPP1_D11L8_HUMAN__helicase-363m	0.012704359	0.0021233966
sp_A8WS58_RTEL1_CAEBR__helicase	0.6684512	0.050292928
sp_A8WS58_RTEL1_CAEBR__helicase-398m	0.032201715	0.004824325
sp_A9X4T1_CHD1_BOMMO__helicase	0.3771622	0.040057693
sp_A9X4T1_CHD1_BOMMO__helicase-546m	0.030401632	0.003942064
sp_B3M383_SPNE_DROAN__helicase	0.4469009	0.056315392
sp_B3M383_SPNE_DROAN__helicase-572m	0.0214059	0.0026144776
sp_B3MSG8_RTEL1_DROAN__helicase	0.8935444	0.035799846
sp_B3MSG8_RTEL1_DROAN__helicase-398m	0.03474518	0.0065911026
sp_B3NSW1_RTEL1_DROER__helicase	0.88726234	0.038338132
sp_B3NSW1_RTEL1_DROER__helicase-394m	0.055505954	0.0080011375
sp_B3P3W1_SPNE_DROER__helicase	0.39947867	0.058087956
sp_B3P3W1_SPNE_DROER__helicase-573m	0.024838699	0.0022787894
sp_B4GEU5_SPNE_DROPE__helicase	0.4596905	0.051820997
sp_B4GEU5_SPNE_DROPE__helicase-574m	0.032400552	0.0032809582
sp_B4GU19_RTEL1_DROPE__helicase	0.7921799	0.06542069
sp_B4GU19_RTEL1_DROPE__helicase-404m	0.023041528	0.0040854528
sp_B4HLH4_SPNE_DROSE__helicase	0.31479794	0.04281468
sp_B4HLH4_SPNE_DROSE__helicase-574m	0.028212557	0.0054568113
sp_B4I0K4_RTEL1_DROSE__helicase	0.8405034	0.05566937
sp_B4I0K4_RTEL1_DROSE__helicase-387m	0.04695685	0.0069448217
sp_B4JNS2_RTEL1_DROGR__helicase	0.88075507	0.04388368
sp_B4JNS2_RTEL1_DROGR__helicase-395m	0.027940035	0.0047276886
sp_B4K5R2_SPNE_DROMO__helicase	0.50443757	0.05993959
sp_B4K5R2_SPNE_DROMO__helicase-573m	0.03386534	0.0041032885
sp_B4L1Z2_RTEL1_DROMO__helicase	0.8044492	0.05846766
sp_B4L1Z2_RTEL1_DROMO__helicase-406m	0.03533352	0.0049947626
sp_B4M891_RTEL1_DROVI__helicase	0.8497198	0.047393497
sp_B4M891_RTEL1_DROVI__helicase-402m	0.0342528	0.0041659893
sp_B4NBB0_SPNE_DROWI__helicase	0.44922572	0.049061812
sp_B4NBB0_SPNE_DROWI__helicase-573m	0.021948632	0.0030350639
sp_B4NDG5_RTEL1_DROWI__helicase	0.8960226	0.040265847
sp_B4NDG5_RTEL1_DROWI__helicase-400m	0.054584764	0.005839336
sp_B4PRJ9_SPNE_DROYA__helicase	0.39512298	0.04685433
sp_B4PRJ9_SPNE_DROYA__helicase-575m	0.04063071	0.0049733813
sp_B4PZB4_RTEL1_DROYA__helicase	0.8810585	0.040935397
sp_B4PZB4_RTEL1_DROYA__helicase-394m	0.04267674	0.005952601
sp_B6SFA4_MAA3_ARATH__helicase	0.5712546	0.07250918
sp_B6SFA4_MAA3_ARATH__helicase-328m	0.037618294	0.004112487
sp_B8A4F4_TDRD9_DANRE__helicase	0.38921657	0.03631928
sp_B8A4F4_TDRD9_DANRE__helicase-537m	0.042139146	0.0055105365
sp_D3Z4R1_HFM1_MOUSE__helicase	0.17028502	0.018454297
sp_D3Z4R1_HFM1_MOUSE__helicase-574m	0.04314214	0.0034821983
sp_F1N2W9_MCM9_BOVIN__helicase	0.51821935	0.07582455
sp_F1N2W9_MCM9_BOVIN__helicase-456m	0.0636657	0.007873706
sp_F4IJV4_DEAH6_ARATH__helicase	0.5972357	0.09740663
sp_F4IJV4_DEAH6_ARATH__helicase-418m	0.024337936	0.0028167244
sp_F4INA9_RECG_ARATH__helicase	0.56577283	0.042037092
sp_F4INA9_RECG_ARATH__helicase-390m	0.028673742	0.0047723744
sp_I3XHK1_FANCM_ARATH__helicase	0.25841862	0.047843978
sp_I3XHK1_FANCM_ARATH__helicase-538m	0.033587717	0.0033259287
sp_O13559_YRF14_YEAST__helicase	0.15218155	0.023893293
sp_O13559_YRF14_YEAST__helicase-553m	0.039287426	0.010158678
sp_O13682_SWR1_SCHPO__helicase	0.35065982	0.031681914
sp_O13682_SWR1_SCHPO__helicase-516m	0.038768414	0.004883161
sp_O13762_YF2C_SCHPO__helicase	0.48851618	0.084448725
sp_O13762_YF2C_SCHPO__helicase-359m	0.06359531	0.011769842
sp_O42643_PRP22_SCHPO__helicase	0.7700511	0.050198015
sp_O42643_PRP22_SCHPO__helicase-468m	0.02093766	0.0023639854
sp_O46072_KZ_DROME__helicase	0.60640645	0.041544747
sp_O46072_KZ_DROME__helicase-477m	0.019854864	0.0029525652
sp_O51767_HRPA_BORBU__helicase	0.95460397	0.013137752
sp_O51767_HRPA_BORBU__helicase-330m	0.031208891	0.0050293356
sp_O60177_YG42_SCHPO__helicase	0.31761467	0.043951243
sp_O60177_YG42_SCHPO__helicase-416m	0.029557925	0.00480159
sp_O74842_FFT2_SCHPO__helicase	0.19219396	0.040168393
sp_O74842_FFT2_SCHPO__helicase-514m	0.03746202	0.0064729564
sp_P0C928_RTEL1_DANRE__helicase	0.7211318	0.0544761
sp_P0C928_RTEL1_DANRE__helicase-471m	0.057188265	0.007869092
sp_P0CX20_YRF11_YEAST__helicase	0.10849553	0.023946652
sp_P0CX20_YRF11_YEAST__helicase-719m	0.031467166	0.0048486083
sp_P24307_HELI_NPVAC__helicase	0.084322065	0.008506021
sp_P24307_HELI_NPVAC__helicase-489m	0.022683898	0.0028119914
sp_P34498_MOG1_CAEEL__helicase	0.7587765	0.029675456
sp_P34498_MOG1_CAEEL__helicase-453m	0.026706923	0.004429959
sp_P40105_YRF12_YEAST__helicase	0.10103446	0.019294754
sp_P40105_YRF12_YEAST__helicase-673m	0.020327153	0.0032261242
sp_P43329_HRPA_ECOLI__helicase	0.9558466	0.009970361
sp_P43329_HRPA_ECOLI__helicase-520m	0.02196474	0.0031508117
sp_P43610_IRC5_YEAST__helicase	0.45624417	0.035288997
sp_P43610_IRC5_YEAST__helicase-342m	0.039976526	0.0028623613
sp_P59966_DNAB_MYCBO__helicase	0.9353968	0.01838241
sp_P59966_DNAB_MYCBO__helicase-350m	0.019947935	0.0027100693
sp_P87114_FFT1_SCHPO__helicase	0.4100605	0.042498507
sp_P87114_FFT1_SCHPO__helicase-378m	0.0506799	0.009139331
sp_Q08995_YP204_YEAST__helicase	0.62724745	0.056096982
sp_Q08995_YP204_YEAST__helicase-413m	0.020770792	0.0045901076
sp_Q09530_MOG5_CAEEL__helicase	0.65624726	0.063488655
sp_Q09530_MOG5_CAEEL__helicase-480m	0.030045833	0.005521086
sp_Q09719_DBP10_SCHPO__helicase	0.7375851	0.045183554
sp_Q09719_DBP10_SCHPO__helicase-340m	0.03535999	0.004264063
sp_Q0V9Q6_MCM8_XENTR__helicase	0.65641165	0.06937012
sp_Q0V9Q6_MCM8_XENTR__helicase-338m	0.03729441	0.008308595
sp_Q0WVW7_RQL5_ARATH__helicase	0.4445797	0.048836127
sp_Q0WVW7_RQL5_ARATH__helicase-365m	0.050917186	0.0058933743
sp_Q10213_SRS2_SCHPO__helicase	0.91163224	0.036266003
sp_Q10213_SRS2_SCHPO__helicase-355m	0.05895882	0.0076073054
sp_Q10332_YBMA_SCHPO__helicase	0.42472205	0.049021646
sp_Q10332_YBMA_SCHPO__helicase-332m	0.07310589	0.005806853
sp_Q10752_CDC28_SCHPO__helicase	0.8123808	0.06780994
sp_Q10752_CDC28_SCHPO__helicase-422m	0.021723945	0.0032625417
sp_Q16X92_RTEL1_AEDAE__helicase	0.7600303	0.041857116
sp_Q16X92_RTEL1_AEDAE__helicase-404m	0.020545885	0.0029172206
sp_Q17R09_PRP16_BOVIN__helicase	0.3850736	0.0735067
sp_Q17R09_PRP16_BOVIN__helicase-491m	0.027889583	0.0039820853
sp_Q2NKY8_DHX30_BOVIN__helicase	0.57313013	0.048747715
sp_Q2NKY8_DHX30_BOVIN__helicase-488m	0.015964264	0.0011031311
sp_Q2URJ5_MPH1_ASPOR__helicase	0.58697265	0.067518175
sp_Q2URJ5_MPH1_ASPOR__helicase-452m	0.047124438	0.0053137476
sp_Q383A1_PIF3_TRYB2__helicase	0.13131292	0.020222891
sp_Q383A1_PIF3_TRYB2__helicase-325m	0.021625381	0.0042460514
sp_Q38953_DEAH5_ARATH__helicase	0.79359394	0.06684755
sp_Q38953_DEAH5_ARATH__helicase-468m	0.023131337	0.00303083
sp_Q3B7N1_CHD1L_BOVIN__helicase	0.28099805	0.040510394
sp_Q3B7N1_CHD1L_BOVIN__helicase-359m	0.01774092	0.0026781687
sp_Q4DCH3_JBP2_TRYCC__helicase	0.42509755	0.054623075
sp_Q4DCH3_JBP2_TRYCC__helicase-435m	0.047061153	0.005970664
sp_Q4QFY1_JBP2_LEIMA__helicase	0.38859925	0.05032226
sp_Q4QFY1_JBP2_LEIMA__helicase-440m	0.019708935	0.003642278
sp_Q54MA9_KU70_DICDI__helicase	0.66893667	0.06597935
sp_Q54MA9_KU70_DICDI__helicase-364m	0.13467905	0.017769778
sp_Q553B1_DDX46_DICDI__helicase	0.8877959	0.02551104
sp_Q553B1_DDX46_DICDI__helicase-461m	0.06810687	0.010294373
sp_Q55418_DNAB_SYNY3__helicase	0.9343559	0.02286021
sp_Q55418_DNAB_SYNY3__helicase-349m	0.026706794	0.0033184965
sp_Q57YG0_PIF7_TRYB2__helicase	0.19096848	0.033924848
sp_Q57YG0_PIF7_TRYB2__helicase-397m	0.014092734	0.002086423
sp_Q580W5_XPB_TRYB2__helicase	0.2250845	0.03291603
sp_Q580W5_XPB_TRYB2__helicase-376m	0.019705813	0.0045016287
sp_Q58524_HELS_METJA__helicase	0.9566882	0.0100714695
sp_Q58524_HELS_METJA__helicase-478m	0.012841463	0.0017269707
sp_Q587J7_TDR12_HUMAN__helicase	0.31314665	0.0475833
sp_Q587J7_TDR12_HUMAN__helicase-471m	0.024398591	0.0029821624
sp_Q59U81_SWR1_CANAL__helicase	0.21471885	0.029744463
sp_Q59U81_SWR1_CANAL__helicase-657m	0.03982923	0.007457595
sp_Q5AD67_CHL1_CANAL__helicase	0.68614656	0.08876177
sp_Q5AD67_CHL1_CANAL__helicase-337m	0.14136101	0.019393733
sp_Q5F310_MCM8_XENLA__helicase	0.6624526	0.07064481
sp_Q5F310_MCM8_XENLA__helicase-333m	0.031539265	0.0054107546
sp_Q5F485_DDX42_CHICK__helicase	0.8307837	0.03321953
sp_Q5F485_DDX42_CHICK__helicase-378m	0.06942321	0.012734622
sp_Q5H9U9_DDX6L_HUMAN__helicase	0.11236782	0.012018201
sp_Q5H9U9_DDX6L_HUMAN__helicase-683m	0.016787928	0.0050059888
sp_Q5JGV6_HELS_THEKO__helicase	0.97390527	0.0076352884
sp_Q5JGV6_HELS_THEKO__helicase-450m	0.035221793	0.0051113334
sp_Q5R607_DHX30_PONAB__helicase	0.4544681	0.046865396
sp_Q5R607_DHX30_PONAB__helicase-478m	0.017595306	0.0031117047
sp_Q5R6D8_DDX46_PONAB__helicase	0.6968718	0.10573617
sp_Q5R6D8_DDX46_PONAB__helicase-413m	0.09224204	0.012338771
sp_Q5R746_YTDC2_PONAB__helicase	0.50022167	0.033872943
sp_Q5R746_YTDC2_PONAB__helicase-572m	0.042857233	0.0033351514
sp_Q5R7D1_DDX42_PONAB__helicase	0.84888536	0.03865258
sp_Q5R7D1_DDX42_PONAB__helicase-377m	0.053990364	0.008142858
sp_Q5RC67_DDX23_PONAB__helicase	0.778349	0.06041352
sp_Q5RC67_DDX23_PONAB__helicase-328m	0.18113565	0.017401228
sp_Q5RE34_RTEL1_PONAB__helicase	0.78353775	0.037179027
sp_Q5RE34_RTEL1_PONAB__helicase-521m	0.039684676	0.00925797
sp_Q5ZI74_DHX30_CHICK__helicase	0.31487507	0.054761823
sp_Q5ZI74_DHX30_CHICK__helicase-493m	0.032210965	0.0033254386
sp_Q5ZKD7_MOV10_CHICK__helicase	0.30724308	0.04366922
sp_Q5ZKD7_MOV10_CHICK__helicase-387m	0.033240747	0.005347059
sp_Q60EX7_CHR19_ORYSJ__helicase	0.5867726	0.052113336
sp_Q60EX7_CHR19_ORYSJ__helicase-452m	0.03301657	0.004302032
sp_Q62780_DDX46_RAT__helicase	0.70757735	0.10063408
sp_Q62780_DDX46_RAT__helicase-413m	0.1073807	0.014150101
sp_Q67724_RDRP_HASV__helicase	0.12324516	0.01677358
sp_Q67724_RDRP_HASV__helicase-682m	0.039087944	0.006990802
sp_Q6CA87_SWR1_YARLI__helicase	0.2450664	0.059383135
sp_Q6CA87_SWR1_YARLI__helicase-709m	0.033215933	0.0059594996
sp_Q6FPQ3_MPH1_CANGA__helicase	0.78689265	0.054483317
sp_Q6FPQ3_MPH1_CANGA__helicase-421m	0.01806467	0.0035200056
sp_Q6NRM6_MCM9_XENLA__helicase	0.31238025	0.06630679
sp_Q6NRM6_MCM9_XENLA__helicase-458m	0.028471489	0.0032307953
sp_Q6P5D3_DHX57_MOUSE__helicase	0.5749949	0.042696156
sp_Q6P5D3_DHX57_MOUSE__helicase-556m	0.034485	0.0038307842
sp_Q6PGC1_DHX29_MOUSE__helicase	0.4360867	0.03397317
sp_Q6PGC1_DHX29_MOUSE__helicase-546m	0.019809145	0.0022628994
sp_Q759G7_SWR1_EREGS__helicase	0.47218198	0.07223025
sp_Q759G7_SWR1_EREGS__helicase-595m	0.019410806	0.002643768
sp_Q75AA7_MPH1_EREGS__helicase	0.45894855	0.0698073
sp_Q75AA7_MPH1_EREGS__helicase-431m	0.028262045	0.004022388
sp_Q767K6_DHX16_PIG__helicase	0.52811986	0.07968216
sp_Q767K6_DHX16_PIG__helicase-418m	0.011183307	0.0017315344
sp_Q7QEI1_RTEL1_ANOGA__helicase	0.8552171	0.04063618
sp_Q7QEI1_RTEL1_ANOGA__helicase-397m	0.041085422	0.0063212165
sp_Q7YR39_DHX16_PANTR__helicase	0.4171579	0.066313535
sp_Q7YR39_DHX16_PANTR__helicase-418m	0.023467317	0.0042100614
sp_Q7ZU90_CHD1L_DANRE__helicase	0.6384297	0.04848353
sp_Q7ZU90_CHD1L_DANRE__helicase-411m	0.019086843	0.002747988
sp_Q80Y44_DDX10_MOUSE__helicase	0.38420758	0.04606204
sp_Q80Y44_DDX10_MOUSE__helicase-350m	0.022707704	0.0037971723
sp_Q86B47_Y8611_DROME__helicase	0.73586833	0.034615964
sp_Q86B47_Y8611_DROME__helicase-390m	0.023441605	0.0040267147
sp_Q8CFQ3_AQR_MOUSE__helicase	0.55249214	0.07714212
sp_Q8CFQ3_AQR_MOUSE__helicase-593m	0.03231839	0.0061459383
sp_Q8IBN8_DDX31_PLAF7__helicase	0.5652538	0.048792496
sp_Q8IBN8_DDX31_PLAF7__helicase-360m	0.07157451	0.009565319
sp_Q8K4L0_DDX54_MOUSE__helicase	0.5810008	0.059580088
sp_Q8K4L0_DDX54_MOUSE__helicase-350m	0.031772863	0.003716239
sp_Q8YZA1_DNAB_NOSS1__helicase	0.8751372	0.032247774
sp_Q8YZA1_DNAB_NOSS1__helicase-352m	0.1421068	0.020667985
sp_Q92771_DDX12_HUMAN__helicase	0.38836372	0.051058322
sp_Q92771_DDX12_HUMAN__helicase-380m	0.015466796	0.0031797593
sp_Q94BR5_CHR28_ARATH__helicase	0.5162302	0.0730861
sp_Q94BR5_CHR28_ARATH__helicase-393m	0.11481787	0.013122793
sp_Q9DBV3_DHX34_MOUSE__helicase	0.46382466	0.07801556
sp_Q9DBV3_DHX34_MOUSE__helicase-458m	0.0122930035	0.0022282058
sp_Q9FT69_RQSIM_ARATH__helicase	0.6569081	0.0671915
sp_Q9FT69_RQSIM_ARATH__helicase-344m	0.056336563	0.007022388
sp_Q9GZR7_DDX24_HUMAN__helicase	0.6655246	0.047349203
sp_Q9GZR7_DDX24_HUMAN__helicase-344m	0.030836891	0.0047506033
sp_Q9LHE4_CHR27_ARATH__helicase	0.543808	0.06946949
sp_Q9LHE4_CHR27_ARATH__helicase-419m	0.13371944	0.012405559
sp_Q9P774_PRP16_SCHPO__helicase	0.43805775	0.10218993
sp_Q9P774_PRP16_SCHPO__helicase-470m	0.058927905	0.004290815
sp_Q9VL52_SOYB_DROME__helicase	0.35715485	0.08889173
sp_Q9VL52_SOYB_DROME__helicase-591m	0.056938022	0.0049011107
sp_Q9VNP5_BOYB_DROME__helicase	0.34846172	0.041042972
sp_Q9VNP5_BOYB_DROME__helicase-424m	0.027375912	0.0022573727
sp_A1CNV8_DRS1_ASPCL__helicase	0.7339552	0.07997762
sp_A1CNV8_DRS1_ASPCL__helicase-331m	0.06485701	0.008930901
sp_A1CQA9_PRP5_ASPCL__helicase	0.6057905	0.056843504
sp_A1CQA9_PRP5_ASPCL__helicase-477m	0.042919762	0.0053662583
sp_A1CS00_MPH1_ASPCL__helicase	0.7204291	0.048332162
sp_A1CS00_MPH1_ASPCL__helicase-448m	0.10619416	0.01112452
sp_A1CTZ2_DBP4_ASPCL__helicase	0.80738294	0.052447557
sp_A1CTZ2_DBP4_ASPCL__helicase-330m	0.03683772	0.0048736404
sp_A1CTZ6_DBP10_ASPCL__helicase	0.7616251	0.055935152
sp_A1CTZ6_DBP10_ASPCL__helicase-374m	0.033521324	0.0049230754
sp_A1D1R8_DRS1_NEOFI__helicase	0.8688549	0.03247952
sp_A1D1R8_DRS1_NEOFI__helicase-328m	0.0970798	0.009832401
sp_A1D373_PRP5_NEOFI__helicase	0.5469858	0.06153881
sp_A1D373_PRP5_NEOFI__helicase-478m	0.06908328	0.01110058
sp_A1D4V5_MPH1_NEOFI__helicase	0.66168654	0.058447774
sp_A1D4V5_MPH1_NEOFI__helicase-445m	0.070554875	0.0064033396
sp_A1DNF9_DBP4_NEOFI__helicase	0.569538	0.06610829
sp_A1DNF9_DBP4_NEOFI__helicase-324m	0.027736906	0.0038869064
sp_A1DNG2_DBP10_NEOFI__helicase	0.7162056	0.06562138
sp_A1DNG2_DBP10_NEOFI__helicase-374m	0.026542421	0.0029198637
sp_A2QAX7_DRS1_ASPNC__helicase	0.7092143	0.08280571
sp_A2QAX7_DRS1_ASPNC__helicase-330m	0.16909942	0.010475619
sp_A2QIL2_PRP28_ASPNC__helicase	0.74641114	0.04322742
sp_A2QIL2_PRP28_ASPNC__helicase-324m	0.07426177	0.014433711
sp_A2QQA8_PRP5_ASPNC__helicase	0.6987344	0.049223397
sp_A2QQA8_PRP5_ASPNC__helicase-472m	0.07649851	0.010265021
sp_A2QRY2_DBP10_ASPNC__helicase	0.753667	0.05821646
sp_A2QRY2_DBP10_ASPNC__helicase-373m	0.036610216	0.004499295
sp_A2QS00_DBP4_ASPNC__helicase	0.59611964	0.08082915
sp_A2QS00_DBP4_ASPNC__helicase-321m	0.025426472	0.0041589504
sp_A2RUV5_HFM1_XENTR__helicase	0.4399813	0.04561517
sp_A2RUV5_HFM1_XENTR__helicase-535m	0.029393936	0.0031075373
sp_A2XVF7_RH13_ORYSI__helicase	0.33472195	0.03376124
sp_A2XVF7_RH13_ORYSI__helicase-333m	0.038519643	0.004275651
sp_A2YV85_RH29_ORYSI__helicase	0.7865509	0.051854447
sp_A2YV85_RH29_ORYSI__helicase-341m	0.021726798	0.0050048116
sp_A3BT52_RH29_ORYSJ__helicase	0.77473813	0.054089013
sp_A3BT52_RH29_ORYSJ__helicase-341m	0.020861099	0.0052218027
sp_A3GG51_MAK5_PICST__helicase	0.7514772	0.046039928
sp_A3GG51_MAK5_PICST__helicase-335m	0.033493724	0.005720373
sp_A3GH78_MPH1_PICST__helicase	0.8088032	0.040386517
sp_A3GH78_MPH1_PICST__helicase-420m	0.029583562	0.00457297
sp_A3KMI0_DHX29_XENLA__helicase	0.61216563	0.038758323
sp_A3KMI0_DHX29_XENLA__helicase-545m	0.04513688	0.0029161249
sp_A3LQ55_PRP5_PICST__helicase	0.74843585	0.043278616
sp_A3LQ55_PRP5_PICST__helicase-350m	0.07643829	0.010364062
sp_A3LZT3_DBP10_PICST__helicase	0.74558294	0.03792858
sp_A3LZT3_DBP10_PICST__helicase-373m	0.062001266	0.010027267
sp_A4IHD2_ARIP4_XENTR__helicase	0.5563738	0.054402705
sp_A4IHD2_ARIP4_XENTR__helicase-559m	0.056286495	0.008710787
sp_A4QX49_DBP7_PYRO7__helicase	0.6869556	0.03483085
sp_A4QX49_DBP7_PYRO7__helicase-330m	0.040270787	0.0054720133
sp_A4R5B8_DBP10_PYRO7__helicase	0.7151739	0.0514933
sp_A4R5B8_DBP10_PYRO7__helicase-366m	0.064073324	0.00975068
sp_A4RN08_MPH1_PYRO7__helicase	0.7304341	0.06647461
sp_A4RN08_MPH1_PYRO7__helicase-441m	0.045670066	0.004870435
sp_A4RN46_PRP5_PYRO7__helicase	0.72241414	0.062961504
sp_A4RN46_PRP5_PYRO7__helicase-405m	0.031079168	0.0036922565
sp_A5DDF4_PRP5_PICGU__helicase	0.5490006	0.05379045
sp_A5DDF4_PRP5_PICGU__helicase-345m	0.034712203	0.003700937
sp_A5DLR3_DBP10_PICGU__helicase	0.77229255	0.033707533
sp_A5DLR3_DBP10_PICGU__helicase-366m	0.07898441	0.009893316
sp_A5DUB2_MAK5_LODEL__helicase	0.6847353	0.03986047
sp_A5DUB2_MAK5_LODEL__helicase-342m	0.02904348	0.004307461
sp_A5DZT7_DBP10_LODEL__helicase	0.78199327	0.07500128
sp_A5DZT7_DBP10_LODEL__helicase-380m	0.032381155	0.003607965
sp_A5E058_PRP5_LODEL__helicase	0.6569911	0.050511587
sp_A5E058_PRP5_LODEL__helicase-398m	0.029937137	0.0039268876
sp_A6QUM7_DBP10_AJECN__helicase	0.72770154	0.05091825
sp_A6QUM7_DBP10_AJECN__helicase-360m	0.05329003	0.0066236644
sp_A6RIS1_MPH1_BOTFB__helicase	0.25854486	0.073586464
sp_A6RIS1_MPH1_BOTFB__helicase-492m	0.044196583	0.0060248678
sp_A6RJA2_PRP28_BOTFB__helicase	0.8610872	0.0354904
sp_A6RJA2_PRP28_BOTFB__helicase-327m	0.16928197	0.020866524
sp_A6RSH5_DBP7_BOTFB__helicase	0.7206693	0.05739178
sp_A6RSH5_DBP7_BOTFB__helicase-351m	0.0520338	0.0073639452
sp_A6RUH2_DRS1_BOTFB__helicase	0.8954916	0.029478135
sp_A6RUH2_DRS1_BOTFB__helicase-321m	0.09795658	0.0095125325
sp_A6RW79_PRP5_BOTFB__helicase	0.74269134	0.056763444
sp_A6RW79_PRP5_BOTFB__helicase-472m	0.052668452	0.0059474655
sp_A6ZLH6_PRP5_YEAS7__helicase	0.72133934	0.046086337
sp_A6ZLH6_PRP5_YEAS7__helicase-340m	0.06608769	0.009828724
sp_A6ZVS0_MPH1_YEAS7__helicase	0.85344	0.03346695
sp_A6ZVS0_MPH1_YEAS7__helicase-398m	0.027651276	0.0044489442
sp_A6ZXU0_DBP10_YEAS7__helicase	0.7641793	0.053591732
sp_A6ZXU0_DBP10_YEAS7__helicase-398m	0.056519043	0.0063025597
sp_A7EFH4_MPH1_SCLS1__helicase	0.37848085	0.08047074
sp_A7EFH4_MPH1_SCLS1__helicase-494m	0.070994444	0.00922048
sp_A7EGG4_PRP28_SCLS1__helicase	0.8229517	0.043752752
sp_A7EGG4_PRP28_SCLS1__helicase-327m	0.063848205	0.010091191
sp_A7ENE0_PRP5_SCLS1__helicase	0.8887143	0.022405699
sp_A7ENE0_PRP5_SCLS1__helicase-446m	0.020716751	0.0027423284
sp_A7ERG1_CHL1_SCLS1__helicase	0.81651604	0.05588528
sp_A7ERG1_CHL1_SCLS1__helicase-361m	0.030355781	0.0055012186
sp_A7ESL7_DBP10_SCLS1__helicase	0.82767904	0.040214453
sp_A7ESL7_DBP10_SCLS1__helicase-368m	0.032581232	0.004496269
sp_A7ESL8_DBP4_SCLS1__helicase	0.7304465	0.064253084
sp_A7ESL8_DBP4_SCLS1__helicase-324m	0.018790778	0.0028879673
sp_A7F4L5_DRS1_SCLS1__helicase	0.8936349	0.03049619
sp_A7F4L5_DRS1_SCLS1__helicase-321m	0.08276348	0.0077262307
sp_A7F8V8_DBP7_SCLS1__helicase	0.637539	0.05756695
sp_A7F8V8_DBP7_SCLS1__helicase-351m	0.043034732	0.0061651766
sp_A7TGW7_DBP10_VANPO__helicase	0.9052348	0.039626118
sp_A7TGW7_DBP10_VANPO__helicase-391m	0.051918965	0.010516756
sp_A7TJK8_PRP5_VANPO__helicase	0.7060319	0.054249108
sp_A7TJK8_PRP5_VANPO__helicase-349m	0.06285391	0.009849332
sp_A7TSV4_MPH1_VANPO__helicase	0.7468399	0.0577053
sp_A7TSV4_MPH1_VANPO__helicase-405m	0.028755594	0.004997298
sp_A7TTL0_CHL1_VANPO__helicase	0.56344324	0.121103324
sp_A7TTL0_CHL1_VANPO__helicase-332m	0.10998881	0.009048202
sp_A7UXD4_CHL1_NEUCR__helicase	0.7481903	0.055821992
sp_A7UXD4_CHL1_NEUCR__helicase-428m	0.029646203	0.004601409
sp_B0W9F4_RTEL1_CULQU__helicase	0.8683739	0.03188386
sp_B0W9F4_RTEL1_CULQU__helicase-392m	0.048980627	0.010512417
sp_B0XDC4_SPNE_CULQU__helicase	0.5698178	0.06343665
sp_B0XDC4_SPNE_CULQU__helicase-559m	0.016120214	0.0028515847
sp_B0XMV6_MPH1_ASPFC__helicase	0.52886635	0.049466442
sp_B0XMV6_MPH1_ASPFC__helicase-441m	0.031153172	0.0021856306
sp_B4JT42_SPNE_DROGR__helicase	0.5321082	0.06525173
sp_B4JT42_SPNE_DROGR__helicase-574m	0.020875162	0.0047149993
sp_F1QDI9_MCM9_DANRE__helicase	0.38206655	0.06692264
sp_F1QDI9_MCM9_DANRE__helicase-454m	0.083404526	0.013769072
sp_F4HYJ7_DEXH3_ARATH__helicase	0.3870468	0.024539385
sp_F4HYJ7_DEXH3_ARATH__helicase-479m	0.054928493	0.0065463115
sp_F4I9Q5_DEXH7_ARATH__helicase	0.47073904	0.051298708
sp_F4I9Q5_DEXH7_ARATH__helicase-584m	0.0941207	0.008329751
sp_F4ILR7_DEXH1_ARATH__helicase	0.21950987	0.028461918
sp_F4ILR7_DEXH1_ARATH__helicase-398m	0.032602325	0.0065067536
sp_F4IM84_DEXH5_ARATH__helicase	0.5680065	0.09463033
sp_F4IM84_DEXH5_ARATH__helicase-446m	0.032096997	0.005339027
sp_F4INY4_HVT1_ARATH__helicase	0.45450568	0.03191338
sp_F4INY4_HVT1_ARATH__helicase-520m	0.06101535	0.0051807854
sp_F4IV45_CHR10_ARATH__helicase	0.5369607	0.059657834
sp_F4IV45_CHR10_ARATH__helicase-351m	0.04386861	0.008281028
sp_F4JFJ3_Y3206_ARATH__helicase	0.5155277	0.05655562
sp_F4JFJ3_Y3206_ARATH__helicase-330m	0.06487934	0.005843097
sp_F4JMJ3_DEAH8_ARATH__helicase	0.43783623	0.03246913
sp_F4JMJ3_DEAH8_ARATH__helicase-354m	0.022493115	0.0035732044
sp_F4KGU4_DEAHC_ARATH__helicase	0.48432574	0.16927846
sp_F4KGU4_DEAHC_ARATH__helicase-710m	0.04345768	0.0060675936
sp_F5HEN8_HELI_HCMVM__helicase	0.4729557	0.046543352
sp_F5HEN8_HELI_HCMVM__helicase-383m	0.07282618	0.011148888
sp_F6RIX4_MCM9_XENTR__helicase	0.40229878	0.065066636
sp_F6RIX4_MCM9_XENTR__helicase-447m	0.031031108	0.0033595862
sp_O22243_C3H31_ARATH__helicase	0.37139118	0.04772372
sp_O22243_C3H31_ARATH__helicase-406m	0.024817888	0.0031589027
sp_O49289_RH29_ARATH__helicase	0.6634421	0.07489715
sp_O49289_RH29_ARATH__helicase-338m	0.02814197	0.0051994566
sp_O59801_SKI2_SCHPO__helicase	0.5582758	0.051965
sp_O59801_SKI2_SCHPO__helicase-486m	0.015476318	0.001633777
sp_O60114_YG65_SCHPO__helicase	0.6426624	0.036858946
sp_O60114_YG65_SCHPO__helicase-572m	0.028219461	0.0028499349
sp_O94536_UCP12_SCHPO__helicase	0.5018796	0.031738274
sp_O94536_UCP12_SCHPO__helicase-531m	0.09930967	0.02143007
sp_P03214_HELI_EBVB9__helicase	0.43712434	0.048734985
sp_P03214_HELI_EBVB9__helicase-324m	0.017194297	0.0041944776
sp_P0C2N8_DRS1_NEUCR__helicase	0.78949916	0.046129037
sp_P0C2N8_DRS1_NEUCR__helicase-332m	0.0506923	0.009804794
sp_P0C9A2_H962L_ASFP4__helicase	0.78194344	0.052699
sp_P0C9A2_H962L_ASFP4__helicase-385m	0.028312821	0.0042358907
sp_P0C9A3_H962L_ASFWA__helicase	0.78207034	0.052720893
sp_P0C9A3_H962L_ASFWA__helicase-385m	0.02769885	0.00420796
sp_P0C9A4_H962L_ASFK5__helicase	0.7274381	0.059465952
sp_P0C9A4_H962L_ASFK5__helicase-386m	0.025989741	0.0034792686
sp_P0CE10_DEAHB_ARATH__helicase	0.3891702	0.18207443
sp_P0CE10_DEAHB_ARATH__helicase-715m	0.02604067	0.010807007
sp_P0CO19_SWR1_CRYNB__helicase	0.3189282	0.031852037
sp_P0CO19_SWR1_CRYNB__helicase-499m	0.03972485	0.004587951
sp_P0CQ82_DBP4_CRYNJ__helicase	0.6471287	0.09568258
sp_P0CQ82_DBP4_CRYNJ__helicase-343m	0.16628394	0.0152535075
sp_P0CQ83_DBP4_CRYNB__helicase	0.7682108	0.043304443
sp_P0CQ83_DBP4_CRYNB__helicase-344m	0.053983398	0.011643432
sp_P0CQ93_DRS1_CRYNB__helicase	0.38698816	0.045733973
sp_P0CQ93_DRS1_CRYNB__helicase-324m	0.07380287	0.004397827
sp_P0CQ94_DBP7_CRYNJ__helicase	0.8216807	0.033278164
sp_P0CQ94_DBP7_CRYNJ__helicase-380m	0.024679901	0.0034931796
sp_P0CQ98_PRP5_CRYNJ__helicase	0.67789495	0.048216987
sp_P0CQ98_PRP5_CRYNJ__helicase-429m	0.034900624	0.005222814
sp_P0CR06_DBP10_CRYNJ__helicase	0.6625303	0.045718558
sp_P0CR06_DBP10_CRYNJ__helicase-321m	0.03461644	0.0056292424
sp_P10189_HELI_HHV11__helicase	0.25426108	0.037291706
sp_P10189_HELI_HHV11__helicase-353m	0.02180606	0.004439473
sp_P16736_HELI_HCMVA__helicase	0.46740073	0.047111623
sp_P16736_HELI_HCMVA__helicase-383m	0.075121775	0.011757344
sp_P28934_HELI_EHV1B__helicase	0.52365243	0.051727515
sp_P28934_HELI_EHV1B__helicase-353m	0.028022638	0.004724944
sp_P30015_LHR_ECOLI__helicase	0.9667438	0.005418212
sp_P30015_LHR_ECOLI__helicase-616m	0.16168973	0.029338172
sp_P34305_RHA2_CAEEL__helicase	0.5535144	0.05079043
sp_P34305_RHA2_CAEEL__helicase-460m	0.026199248	0.005333095
sp_P37024_HRPB_ECOLI__helicase	0.98060685	0.0035677936
sp_P37024_HRPB_ECOLI__helicase-324m	0.026777482	0.0067254254
sp_P40434_YIR7_YEAST__helicase	0.084422156	0.015163941
sp_P40434_YIR7_YEAST__helicase-704m	0.037460994	0.004099714
sp_P40889_YJW5_YEAST__helicase	0.08327018	0.014766096
sp_P40889_YJW5_YEAST__helicase-704m	0.0375298	0.004268537
sp_P47264_Y018_MYCGE__helicase	0.78806436	0.04367107
sp_P47264_Y018_MYCGE__helicase-413m	0.02227604	0.0038801397
sp_P94593_YWQA_BACSU__helicase	0.9539965	0.01321618
sp_P94593_YWQA_BACSU__helicase-369m	0.016799081	0.0011678226
sp_P9WMR1_HELY_MYCTU__helicase	0.96490604	0.010324644
sp_P9WMR1_HELY_MYCTU__helicase-363m	0.03400151	0.0057853414
sp_Q03099_YMN3_YEAST__helicase	0.18106502	0.02925046
sp_Q03099_YMN3_YEAST__helicase-550m	0.019395959	0.002380412
sp_Q05983_RDRP_RBDVR__helicase	0.09911259	0.012732013
sp_Q05983_RDRP_RBDVR__helicase-678m	0.028894767	0.0025776983
sp_Q06698_YL419_YEAST__helicase	0.866614	0.0186109
sp_Q06698_YL419_YEAST__helicase-574m	0.060516953	0.009883653
sp_Q07888_YL067_YEAST__helicase	0.17519765	0.02514386
sp_Q07888_YL067_YEAST__helicase-550m	0.028317854	0.0035125879
sp_Q09475_YP93_CAEEL__helicase	0.59775954	0.040202495
sp_Q09475_YP93_CAEEL__helicase-686m	0.06211319	0.037236437
sp_Q0CMM5_DBP4_ASPTN__helicase	0.6871282	0.08153972
sp_Q0CMM5_DBP4_ASPTN__helicase-322m	0.021307623	0.0030498793
sp_Q0CMM8_DBP10_ASPTN__helicase	0.73388225	0.06608576
sp_Q0CMM8_DBP10_ASPTN__helicase-372m	0.010575465	0.0015877201
sp_Q0CWI2_MPH1_ASPTN__helicase	0.6827545	0.0509515
sp_Q0CWI2_MPH1_ASPTN__helicase-440m	0.13137586	0.016735533
sp_Q0CZN5_DRS1_ASPTN__helicase	0.9160541	0.025540622
sp_Q0CZN5_DRS1_ASPTN__helicase-329m	0.08990635	0.0100644585
sp_Q0D1K3_PRP5_ASPTN__helicase	0.76809156	0.036563072
sp_Q0D1K3_PRP5_ASPTN__helicase-473m	0.056178518	0.008568994
sp_Q0INC5_RH28_ORYSJ__helicase	0.7743894	0.050859928
sp_Q0INC5_RH28_ORYSJ__helicase-321m	0.032346923	0.0068043093
sp_Q0J7Y8_RH45_ORYSJ__helicase	0.6443027	0.060294807
sp_Q0J7Y8_RH45_ORYSJ__helicase-379m	0.045684725	0.0031950073
sp_Q0U6X2_MAK5_PHANO__helicase	0.88126296	0.04093723
sp_Q0U6X2_MAK5_PHANO__helicase-327m	0.033468544	0.003799528
sp_Q0UHM7_DBP7_PHANO__helicase	0.7488672	0.05834475
sp_Q0UHM7_DBP7_PHANO__helicase-333m	0.0279199	0.0035063734
sp_Q0UMB6_DBP10_PHANO__helicase	0.7732839	0.044296242
sp_Q0UMB6_DBP10_PHANO__helicase-352m	0.21508777	0.021335883
sp_Q0UMB9_DBP4_PHANO__helicase	0.69573224	0.05633822
sp_Q0UMB9_DBP4_PHANO__helicase-322m	0.015299966	0.0027717238
sp_Q0UN57_PRP5_PHANO__helicase	0.4888789	0.028205084
sp_Q0UN57_PRP5_PHANO__helicase-474m	0.027463248	0.0017698149
sp_Q0V1Z7_DRS1_PHANO__helicase	0.87481177	0.035038184
sp_Q0V1Z7_DRS1_PHANO__helicase-324m	0.04836094	0.006837806
sp_Q16JS8_SPNE_AEDAE__helicase	0.6358801	0.083928876
sp_Q16JS8_SPNE_AEDAE__helicase-550m	0.034620363	0.004912436
sp_Q1DHB2_PRP5_COCIM__helicase	0.5393282	0.035342198
sp_Q1DHB2_PRP5_COCIM__helicase-479m	0.034206294	0.014688942
sp_Q1DMX8_PRP28_COCIM__helicase	0.6762788	0.05182702
sp_Q1DMX8_PRP28_COCIM__helicase-328m	0.04105171	0.011092234
sp_Q1DY43_MPH1_COCIM__helicase	0.74193746	0.06087121
sp_Q1DY43_MPH1_COCIM__helicase-444m	0.051472597	0.006306928
sp_Q1E2B2_DRS1_COCIM__helicase	0.83437717	0.04497313
sp_Q1E2B2_DRS1_COCIM__helicase-336m	0.13492712	0.018122587
sp_Q1E5T3_CHL1_COCIM__helicase	0.7612918	0.08483332
sp_Q1E5T3_CHL1_COCIM__helicase-345m	0.023670904	0.003924752
sp_Q1EB31_DBP4_COCIM__helicase	0.6636573	0.060395177
sp_Q1EB31_DBP4_COCIM__helicase-323m	0.028930977	0.0035916248
sp_Q1EB38_DBP10_COCIM__helicase	0.89456284	0.025673585
sp_Q1EB38_DBP10_COCIM__helicase-371m	0.04497435	0.0048398194
sp_Q1LXK4_M10B1_DANRE__helicase	0.56803954	0.07536095
sp_Q1LXK4_M10B1_DANRE__helicase-406m	0.022982992	0.0032802995
sp_Q1LXK5_M10B2_DANRE__helicase	0.4521784	0.062352035
sp_Q1LXK5_M10B2_DANRE__helicase-406m	0.017578859	0.0034652802
sp_Q296Q5_SPNE_DROPS__helicase	0.42585716	0.05331712
sp_Q296Q5_SPNE_DROPS__helicase-574m	0.032811273	0.0062434357
sp_Q29FS3_RTEL1_DROPS__helicase	0.7876297	0.06681181
sp_Q29FS3_RTEL1_DROPS__helicase-404m	0.02327102	0.00423134
sp_Q2GZU7_DBP7_CHAGB__helicase	0.74313295	0.04684618
sp_Q2GZU7_DBP7_CHAGB__helicase-323m	0.05337121	0.008096294
sp_Q2H2J1_DBP4_CHAGB__helicase	0.66985023	0.039905842
sp_Q2H2J1_DBP4_CHAGB__helicase-330m	0.0462375	0.0053338986
sp_Q2HAD8_PRP5_CHAGB__helicase	0.92762774	0.021694772
sp_Q2HAD8_PRP5_CHAGB__helicase-426m	0.042745728	0.0055683404
sp_Q2HG76_MPH1_CHAGB__helicase	0.6649372	0.0661751
sp_Q2HG76_MPH1_CHAGB__helicase-454m	0.024586763	0.003621575
sp_Q2U2J6_PRP5_ASPOR__helicase	0.7279454	0.045378655
sp_Q2U2J6_PRP5_ASPOR__helicase-475m	0.05097071	0.009955885
sp_Q2UH00_PRP28_ASPOR__helicase	0.8323223	0.037804775
sp_Q2UH00_PRP28_ASPOR__helicase-322m	0.04164577	0.006664944
sp_Q2UHC1_DBP10_ASPOR__helicase	0.73732626	0.05674908
sp_Q2UHC1_DBP10_ASPOR__helicase-372m	0.020965183	0.0027938306
sp_Q2UQI6_DRS1_ASPOR__helicase	0.6786261	0.08378523
sp_Q2UQI6_DRS1_ASPOR__helicase-328m	0.036404777	0.0060405326
sp_Q3E7X8_YE077_YEAST__helicase	0.28904575	0.11505711
sp_Q3E7X8_YE077_YEAST__helicase-511m	0.039336402	0.005190049
sp_Q4HZ42_DBP10_GIBZE__helicase	0.7614126	0.051328484
sp_Q4HZ42_DBP10_GIBZE__helicase-359m	0.031281643	0.004046666
sp_Q4IAK7_SWR1_GIBZE__helicase	0.61074716	0.057407018
sp_Q4IAK7_SWR1_GIBZE__helicase-677m	0.046689145	0.008505252
sp_Q4IP34_PRP5_GIBZE__helicase	0.770191	0.030279033
sp_Q4IP34_PRP5_GIBZE__helicase-477m	0.069649756	0.013990592
sp_Q4P0Y5_DBP7_USTMA__helicase	0.802142	0.040886287
sp_Q4P0Y5_DBP7_USTMA__helicase-390m	0.07378152	0.010931838
sp_Q4P3W3_DBP10_USTMA__helicase	0.83268154	0.042205345
sp_Q4P3W3_DBP10_USTMA__helicase-462m	0.028307185	0.0036018428
sp_Q4P5U4_DBP4_USTMA__helicase	0.7679425	0.052874427
sp_Q4P5U4_DBP4_USTMA__helicase-367m	0.044999287	0.0055219526
sp_Q4P9P3_DRS1_USTMA__helicase	0.63084406	0.058750518
sp_Q4P9P3_DRS1_USTMA__helicase-373m	0.034643646	0.005664638
sp_Q4PFD9_PRP5_USTMA__helicase	0.84268916	0.03314534
sp_Q4PFD9_PRP5_USTMA__helicase-463m	0.08411504	0.0104005365
sp_Q4WAS9_SWR1_ASPFU__helicase	0.27057296	0.035582714
sp_Q4WAS9_SWR1_ASPFU__helicase-678m	0.044779338	0.004450986
sp_Q4WRV2_DRS1_ASPFU__helicase	0.6927809	0.09593514
sp_Q4WRV2_DRS1_ASPFU__helicase-332m	0.033669576	0.005543617
sp_Q4WT99_PRP5_ASPFU__helicase	0.5975881	0.06324576
sp_Q4WT99_PRP5_ASPFU__helicase-485m	0.07393969	0.032972075
sp_Q54CD8_DDX54_DICDI__helicase	0.61256146	0.060449682
sp_Q54CD8_DDX54_DICDI__helicase-437m	0.027288806	0.0031586054
sp_Q54F05_DHX8_DICDI__helicase	0.695027	0.11651841
sp_Q54F05_DHX8_DICDI__helicase-464m	0.049071606	0.01164565
sp_Q54IV3_DDX42_DICDI__helicase	0.70697343	0.040637244
sp_Q54IV3_DDX42_DICDI__helicase-395m	0.09571353	0.0119729545
sp_Q54MH3_DHX16_DICDI__helicase	0.75692415	0.06119947
sp_Q54MH3_DHX16_DICDI__helicase-443m	0.033606194	0.0049222335
sp_Q54Q94_DDX10_DICDI__helicase	0.84006184	0.037558477
sp_Q54Q94_DDX10_DICDI__helicase-352m	0.049287908	0.007953976
sp_Q54TD7_DDX24_DICDI__helicase	0.7758701	0.0490505
sp_Q54TD7_DDX24_DICDI__helicase-376m	0.053112697	0.01003388
sp_Q54Y81_DDX23_DICDI__helicase	0.7486997	0.04040554
sp_Q54Y81_DDX23_DICDI__helicase-334m	0.02631696	0.0050977967
sp_Q54ZI9_DDX20_DICDI__helicase	0.74508023	0.03661198
sp_Q54ZI9_DDX20_DICDI__helicase-340m	0.075802244	0.011096216
sp_Q55681_RECG_SYNY3__helicase	0.732004	0.08473613
sp_Q55681_RECG_SYNY3__helicase-333m	0.015212392	0.0026064143
sp_Q5A1A0_MPH1_CANAL__helicase	0.40263978	0.07453178
sp_Q5A1A0_MPH1_CANAL__helicase-475m	0.08278714	0.01028234
sp_Q5ADL0_PRP5_CANAL__helicase	0.75746596	0.03968416
sp_Q5ADL0_PRP5_CANAL__helicase-354m	0.055423103	0.0064058243
sp_Q5ANB2_DBP10_CANAL__helicase	0.80055827	0.032840736
sp_Q5ANB2_DBP10_CANAL__helicase-364m	0.0420131	0.0047399104
sp_Q5ARK3_SWR1_EMENI__helicase	0.42791042	0.032809246
sp_Q5ARK3_SWR1_EMENI__helicase-680m	0.041898407	0.0051991865
sp_Q5BDW4_PRP5_EMENI__helicase	0.6311496	0.08444745
sp_Q5BDW4_PRP5_EMENI__helicase-470m	0.03022952	0.007972482
sp_Q5BFU1_DBP4_EMENI__helicase	0.6399542	0.06721649
sp_Q5BFU1_DBP4_EMENI__helicase-325m	0.040415686	0.006923808
sp_Q5BFU7_DBP10_EMENI__helicase	0.7954491	0.04595022
sp_Q5BFU7_DBP10_EMENI__helicase-375m	0.30380422	0.039428737
sp_Q5RDL2_DDX24_PONAB__helicase	0.6684805	0.045924596
sp_Q5RDL2_DDX24_PONAB__helicase-344m	0.028005311	0.0046938504
sp_Q5UQU2_YR350_MIMIV__helicase	0.78649646	0.05651747
sp_Q5UQU2_YR350_MIMIV__helicase-327m	0.031227324	0.005484643
sp_Q5ZJF6_DDX10_CHICK__helicase	0.3022017	0.06593611
sp_Q5ZJF6_DDX10_CHICK__helicase-350m	0.031470656	0.003312153
sp_Q6BKC2_SWR1_DEBHA__helicase	0.32891756	0.044235848
sp_Q6BKC2_SWR1_DEBHA__helicase-647m	0.08967377	0.016033957
sp_Q6BL34_DBP10_DEBHA__helicase	0.7035432	0.029019935
sp_Q6BL34_DBP10_DEBHA__helicase-373m	0.058643855	0.0069505167
sp_Q6BML1_PRP5_DEBHA__helicase	0.86106503	0.026330305
sp_Q6BML1_PRP5_DEBHA__helicase-366m	0.03310926	0.0052924477
sp_Q6BRF0_MPH1_DEBHA__helicase	0.61099255	0.063313685
sp_Q6BRF0_MPH1_DEBHA__helicase-442m	0.06492929	0.007776365
sp_Q6BZD9_CHL1_DEBHA__helicase	0.77394116	0.06325228
sp_Q6BZD9_CHL1_DEBHA__helicase-328m	0.1860935	0.036052216
sp_Q6C7X8_DBP10_YARLI__helicase	0.83077383	0.031958465
sp_Q6C7X8_DBP10_YARLI__helicase-371m	0.029474854	0.0050542695
sp_Q6CAX3_CHL1_YARLI__helicase	0.87637967	0.039644767
sp_Q6CAX3_CHL1_YARLI__helicase-322m	0.097349085	0.010499071
sp_Q6CCZ1_PRP5_YARLI__helicase	0.8456217	0.053223576
sp_Q6CCZ1_PRP5_YARLI__helicase-390m	0.0314117	0.0050635417
sp_Q6CIF0_CHL1_KLULA__helicase	0.6404488	0.105313905
sp_Q6CIF0_CHL1_KLULA__helicase-323m	0.059830666	0.009293711
sp_Q6CIR0_DBP10_KLULA__helicase	0.8638132	0.024996528
sp_Q6CIR0_DBP10_KLULA__helicase-390m	0.06358332	0.008931831
sp_Q6CJ38_SWR1_KLULA__helicase	0.38726655	0.08307575
sp_Q6CJ38_SWR1_KLULA__helicase-629m	0.03298437	0.006934745
sp_Q6CKI1_PRP5_KLULA__helicase	0.7486757	0.04028752
sp_Q6CKI1_PRP5_KLULA__helicase-325m	0.023322018	0.0047485577
sp_Q6CQX2_MPH1_KLULA__helicase	0.81583536	0.047641978
sp_Q6CQX2_MPH1_KLULA__helicase-401m	0.053794097	0.0087927915
sp_Q6FK48_SWR1_CANGA__helicase	0.6053802	0.057874516
sp_Q6FK48_SWR1_CANGA__helicase-580m	0.022035401	0.0021731658
sp_Q6FKT4_CHL1_CANGA__helicase	0.7925736	0.06358478
sp_Q6FKT4_CHL1_CANGA__helicase-332m	0.13122058	0.022709869
sp_Q6FML5_PRP5_CANGA__helicase	0.849116	0.012809275
sp_Q6FML5_PRP5_CANGA__helicase-327m	0.054534636	0.008306547
sp_Q6FNA2_DBP10_CANGA__helicase	0.7745578	0.04371981
sp_Q6FNA2_DBP10_CANGA__helicase-388m	0.036843974	0.0055073095
sp_Q6K7R9_RH48_ORYSJ__helicase	0.44372106	0.041502073
sp_Q6K7R9_RH48_ORYSJ__helicase-325m	0.032896042	0.0060241176
sp_Q750G3_CHL1_EREGS__helicase	0.6377422	0.08039752
sp_Q750G3_CHL1_EREGS__helicase-321m	0.025820967	0.0038019982
sp_Q754U8_PRP5_EREGS__helicase	0.6537724	0.053451814
sp_Q754U8_PRP5_EREGS__helicase-342m	0.035682347	0.0036219899
sp_Q757U8_DBP10_EREGS__helicase	0.82439977	0.05174863
sp_Q757U8_DBP10_EREGS__helicase-384m	0.028296426	0.0042920723
sp_Q7QCW2_SPNE_ANOGA__helicase	0.29806632	0.035974167
sp_Q7QCW2_SPNE_ANOGA__helicase-586m	0.02404164	0.0031738882
sp_Q7RZ35_DBP4_NEUCR__helicase	0.6757606	0.07315807
sp_Q7RZ35_DBP4_NEUCR__helicase-330m	0.018050108	0.0025511836
sp_Q7RZH4_MAK5_NEUCR__helicase	0.78515095	0.03894345
sp_Q7RZH4_MAK5_NEUCR__helicase-322m	0.042856645	0.009761929
sp_Q7S873_DBP7_NEUCR__helicase	0.7950629	0.039498925
sp_Q7S873_DBP7_NEUCR__helicase-326m	0.084927216	0.013518227
sp_Q7S9J4_DBP10_NEUCR__helicase	0.7516543	0.05208358
sp_Q7S9J4_DBP10_NEUCR__helicase-374m	0.02352646	0.0032820464
sp_Q7SDF3_MPH1_NEUCR__helicase	0.73637044	0.04017683
sp_Q7SDF3_MPH1_NEUCR__helicase-468m	0.049737915	0.005551819
sp_Q7SH33_PRP5_NEUCR__helicase	0.85336226	0.024994716
sp_Q7SH33_PRP5_NEUCR__helicase-478m	0.03852625	0.0033686499
sp_Q7ZY47_DDX42_XENLA__helicase	0.7579841	0.043007724
sp_Q7ZY47_DDX42_XENLA__helicase-379m	0.097172	0.010676672
sp_Q84UQ1_RH42_ORYSJ__helicase	0.70842355	0.08078791
sp_Q84UQ1_RH42_ORYSJ__helicase-420m	0.024831569	0.0038715864
sp_Q869P0_DDX31_DICDI__helicase	0.6101391	0.053851113
sp_Q869P0_DDX31_DICDI__helicase-364m	0.054871537	0.010948954
sp_Q86AS0_Y4399_DICDI__helicase	0.6198267	0.049722016
sp_Q86AS0_Y4399_DICDI__helicase-387m	0.026563656	0.0034623204
sp_Q89443_H962L_ASFB7__helicase	0.7514195	0.05414167
sp_Q89443_H962L_ASFB7__helicase-385m	0.030774424	0.0047272523
sp_Q8NJM2_DBP10_ASPFU__helicase	0.72704124	0.059365902
sp_Q8NJM2_DBP10_ASPFU__helicase-348m	0.03736415	0.004598203
sp_Q8V9U2_H962L_ASFM2__helicase	0.701814	0.05798639
sp_Q8V9U2_H962L_ASFM2__helicase-386m	0.025463343	0.0032653755
sp_Q93Y39_RH13_ARATH__helicase	0.5806464	0.043996487
sp_Q93Y39_RH13_ARATH__helicase-331m	0.029851923	0.0036585354
sp_Q99208_YL066_YEAST__helicase	0.18215844	0.029679598
sp_Q99208_YL066_YEAST__helicase-550m	0.018692799	0.00247568
sp_Q9C6G0_DEXH4_ARATH__helicase	0.48188776	0.033443287
sp_Q9C6G0_DEXH4_ARATH__helicase-567m	0.036172472	0.00446532
sp_Q9C813_DEAHD_ARATH__helicase	0.4574899	0.04408191
sp_Q9C813_DEAHD_ARATH__helicase-495m	0.032648265	0.011226496
sp_Q9ESV0_DDX24_MOUSE__helicase	0.6390418	0.05980931
sp_Q9ESV0_DDX24_MOUSE__helicase-343m	0.039703034	0.004766677
sp_Q9FNM7_RH26_ARATH__helicase	0.76824385	0.057348546
sp_Q9FNM7_RH26_ARATH__helicase-340m	0.056789387	0.010017351
sp_Q9HDY4_YK16_SCHPO__helicase	0.5458366	0.09634149
sp_Q9HDY4_YK16_SCHPO__helicase-474m	0.025376191	0.0027590417
sp_Q9P7T8_YIW2_SCHPO__helicase	0.41982445	0.059321433
sp_Q9P7T8_YIW2_SCHPO__helicase-687m	0.04774442	0.006217274
sp_Q9SF41_RH45_ARATH__helicase	0.6366791	0.059686527
sp_Q9SF41_RH45_ARATH__helicase-396m	0.090543985	0.012689999
sp_Q9SQV1_RH40_ARATH__helicase	0.78786415	0.04312565
sp_Q9SQV1_RH40_ARATH__helicase-436m	0.039359506	0.004110526
sp_Q9UTL9_YIV5_SCHPO__helicase	0.5183962	0.1113952
sp_Q9UTL9_YIV5_SCHPO__helicase-550m	0.06281477	0.006599217
sp_A4KX71_HELI1_HVAVE__helicase	0.55025274	0.07298165
sp_A4KX71_HELI1_HVAVE__helicase-378m	0.06902433	0.010650124
sp_F5HIG1_HEPA_HCMVM__helicase	0.28478298	0.019049123
sp_F5HIG1_HEPA_HCMVM__helicase-350m	0.032237362	0.008336671
sp_O27830_HELX_METTH__helicase	0.9603666	0.007951147
sp_O27830_HELX_METTH__helicase-345m	0.0855948	0.01673861
sp_O55768_VF184_IIV6__helicase	0.85086906	0.029438674
sp_O55768_VF184_IIV6__helicase-389m	0.15794876	0.020295762
sp_O80792_RH33_ARATH__helicase	0.5253216	0.036704037
sp_O80792_RH33_ARATH__helicase-338m	0.066848755	0.011326767
sp_P09303_HELI_VZVD__helicase	0.5233928	0.04275328
sp_P09303_HELI_VZVD__helicase-353m	0.030528704	0.004061245
sp_P0C7L7_YUM14_USTMA__helicase	0.637455	0.10515033
sp_P0C7L7_YUM14_USTMA__helicase-627m	0.025574053	0.0059604365
sp_P0C8H0_VF859_ASFK5__helicase	0.7866116	0.06853909
sp_P0C8H0_VF859_ASFK5__helicase-344m	0.027647305	0.003832166
sp_P0C8H1_VF859_ASFM2__helicase	0.88413334	0.040781833
sp_P0C8H1_VF859_ASFM2__helicase-344m	0.03339128	0.0044185817
sp_P0C8H2_VF859_ASFP4__helicase	0.85950536	0.043293662
sp_P0C8H2_VF859_ASFP4__helicase-344m	0.030642873	0.003960143
sp_P0C8H3_VF859_ASFWA__helicase	0.85718787	0.044309832
sp_P0C8H3_VF859_ASFWA__helicase-344m	0.03135847	0.004025583
sp_P0CA09_PRIM_ASFWA__helicase	0.40663904	0.06330914
sp_P0CA09_PRIM_ASFWA__helicase-421m	0.03067482	0.0051752036
sp_P0CA10_PRIM_ASFK5__helicase	0.46367016	0.07274508
sp_P0CA10_PRIM_ASFK5__helicase-420m	0.023055436	0.0026119053
sp_P0CA11_PRIM_ASFP4__helicase	0.39026672	0.06450926
sp_P0CA11_PRIM_ASFP4__helicase-421m	0.030420344	0.005346955
sp_P0CA12_PRIM_ASFM2__helicase	0.38096142	0.066637084
sp_P0CA12_PRIM_ASFM2__helicase-441m	0.02541948	0.0035288534
sp_P16827_HEPA_HCMVA__helicase	0.27103686	0.020484833
sp_P16827_HEPA_HCMVA__helicase-350m	0.034408413	0.008711413
sp_P28277_HELI_HHV2H__helicase	0.45823598	0.054946523
sp_P28277_HELI_HHV2H__helicase-353m	0.027917821	0.0051533873
sp_P45018_HRPA_HAEIN__helicase	0.9425842	0.0110061485
sp_P45018_HRPA_HAEIN__helicase-522m	0.020890564	0.0024398572
sp_P47386_Y140_MYCGE__helicase	0.86343414	0.025062941
sp_P47386_Y140_MYCGE__helicase-446m	0.023095552	0.0019049026
sp_P52356_HELI_HHV6U__helicase	0.82434684	0.03958921
sp_P52356_HELI_HHV6U__helicase-330m	0.022476548	0.0028493514
sp_P52357_HELI_HHV7J__helicase	0.70439136	0.07685484
sp_P52357_HELI_HHV7J__helicase-328m	0.0318936	0.005229448
sp_P52450_HELI_HHV6Z__helicase	0.80955774	0.04284623
sp_P52450_HELI_HHV6Z__helicase-330m	0.021164807	0.0028110582
sp_P75033_Y153_MYCPN__helicase	0.86146486	0.028130691
sp_P75033_Y153_MYCPN__helicase-446m	0.01745837	0.0024542555
sp_P75093_Y020_MYCPN__helicase	0.9229069	0.014721048
sp_P75093_Y020_MYCPN__helicase-412m	0.016415471	0.0029308642
sp_P95949_HELX_SACS2__helicase	0.9420086	0.012769325
sp_P95949_HELX_SACS2__helicase-350m	0.066528454	0.008454893
sp_Q06VC2_HELI1_TNAVC__helicase	0.58460057	0.07398644
sp_Q06VC2_HELI1_TNAVC__helicase-390m	0.031969357	0.004575286
sp_Q09449_YQ12_CAEEL__helicase	0.19319838	0.021521723
sp_Q09449_YQ12_CAEEL__helicase-610m	0.055242635	0.009116187
sp_Q0E592_HELI1_SFAVA__helicase	0.29233202	0.034688424
sp_Q0E592_HELI1_SFAVA__helicase-392m	0.01502448	0.0033552547
sp_Q196T9_VF184_IIV3__helicase	0.8242963	0.0398489
sp_Q196T9_VF184_IIV3__helicase-377m	0.09960395	0.010751863
sp_Q196X3_VF022_IIV3__helicase	0.9020564	0.027364423
sp_Q196X3_VF022_IIV3__helicase-392m	0.016609518	0.0030024445
sp_Q54XN7_Y8827_DICDI__helicase	0.29577562	0.067278534
sp_Q54XN7_Y8827_DICDI__helicase-727m	0.038909845	0.018489202
sp_Q57742_HELX_METJA__helicase	0.9511719	0.014452943
sp_Q57742_HELX_METJA__helicase-337m	0.027044985	0.0043313256
sp_Q58796_Y1401_METJA__helicase	0.95626247	0.013323983
sp_Q58796_Y1401_METJA__helicase-324m	0.03252814	0.005462624
sp_Q5UP58_YR592_MIMIV__helicase	0.85583794	0.042347543
sp_Q5UP58_YR592_MIMIV__helicase-337m	0.08756627	0.012095548
sp_Q5UP79_YR008_MIMIV__helicase	0.87103856	0.056892667
sp_Q5UP79_YR008_MIMIV__helicase-421m	0.10810757	0.02681982
sp_Q5UPJ4_YL115_MIMIV__helicase	0.5933506	0.054948397
sp_Q5UPJ4_YL115_MIMIV__helicase-499m	0.020564169	0.0021602523
sp_Q5UQ22_YL207_MIMIV__helicase	0.8745143	0.03035771
sp_Q5UQ22_YL207_MIMIV__helicase-384m	0.04502342	0.008624578
sp_Q5UQW0_YL377_MIMIV__helicase	0.84061414	0.03136533
sp_Q5UQW0_YL377_MIMIV__helicase-459m	0.043095805	0.013036589
sp_Q5UR20_YR366_MIMIV__helicase	0.370579	0.13086376
sp_Q5UR20_YR366_MIMIV__helicase-707m	0.0638348	0.010214201
sp_Q65143_VF859_ASFB7__helicase	0.85604465	0.046658766
sp_Q65143_VF859_ASFB7__helicase-344m	0.029838119	0.004099467
sp_Q65146_PRIM_ASFB7__helicase	0.36806482	0.062957406
sp_Q65146_PRIM_ASFB7__helicase-422m	0.054778866	0.0075376523
sp_Q6GZV3_O22R_FRG3G__helicase	0.8310709	0.04528543
sp_Q6GZV3_O22R_FRG3G__helicase-390m	0.029110124	0.006061135
sp_Q6GZW6_009L_FRG3G__helicase	0.9352357	0.01920491
sp_Q6GZW6_009L_FRG3G__helicase-380m	0.024683658	0.005944572
sp_Q6S6U7_HELI_EHV1V__helicase	0.5250312	0.05155264
sp_Q6S6U7_HELI_EHV1V__helicase-353m	0.027993742	0.004727286
sp_Q6UDG9_HELI_PSHV1__helicase	0.6001222	0.068165556
sp_Q6UDG9_HELI_PSHV1__helicase-342m	0.03666184	0.0044518574
sp_Q83950_V143_NPVOP__helicase	0.11001307	0.024087274
sp_Q83950_V143_NPVOP__helicase-490m	0.022139568	0.0023928029
sp_Q9E6R1_HELI_GAHVM__helicase	0.5964967	0.066734016
sp_Q9E6R1_HELI_GAHVM__helicase-344m	0.030521866	0.0044226963
sp_Q9J3N5_HELI_VZVO__helicase	0.5203809	0.04246329
sp_Q9J3N5_HELI_VZVO__helicase-353m	0.03105484	0.0041768574
sp_Q9QSK4_VF022_IIV6__helicase	0.64506596	0.06326727
sp_Q9QSK4_VF022_IIV6__helicase-469m	0.04005913	0.007853658
sp_Q9ZBD8_HELY_MYCLE__helicase	0.9494874	0.017019682
sp_Q9ZBD8_HELY_MYCLE__helicase-368m	0.021847045	0.0023126586
sp_A0R152_RNE_MYCS2__nuclease	0.9448016	0.014358052
sp_A0R152_RNE_MYCS2__nuclease-415m	0.12826973	0.011405785
sp_A1ZAW0_DCR2_DROME__nuclease	0.7030643	0.07525525
sp_A1ZAW0_DCR2_DROME__nuclease-689m	0.014942953	0.0040310286
sp_A7LFZ6_DCL4_ORYSJ__nuclease	0.63970613	0.046400566
sp_A7LFZ6_DCL4_ORYSJ__nuclease-663m	0.024301823	0.0045907632
sp_B1WC58_CTIP_RAT__nuclease	0.38717622	0.045210093
sp_B1WC58_CTIP_RAT__nuclease-358m	0.04153784	0.007911969
sp_D2HNY3_FAN1_AILME__nuclease	0.49412775	0.03842855
sp_D2HNY3_FAN1_AILME__nuclease-410m	0.03868421	0.002281153
sp_F1NQJ3_PMS2_CHICK__nuclease	0.43914562	0.047232717
sp_F1NQJ3_PMS2_CHICK__nuclease-348m	0.036679745	0.0037548076
sp_F4IV66_RNE_ARATH__nuclease	0.3214597	0.027212348
sp_F4IV66_RNE_ARATH__nuclease-401m	0.05577612	0.0035402784
sp_H9T8G6_CDIA9_BURPE__nuclease	0.369239	0.22151604
sp_H9T8G6_CDIA9_BURPE__nuclease-523m	0.03685998	0.00933251
sp_O01326_RNC_CAEEL__nuclease	0.6613978	0.03631647
sp_O01326_RNC_CAEEL__nuclease-435m	0.028283775	0.0053514508
sp_O14040_DI3L2_SCHPO__nuclease	0.46575332	0.034262918
sp_O14040_DI3L2_SCHPO__nuclease-371m	0.027133262	0.0038580212
sp_P08956_T1RK_ECOLI__nuclease	0.9659134	0.0087352935
sp_P08956_T1RK_ECOLI__nuclease-468m	0.11825605	0.022188673
sp_P10486_T1R1_ECOLX__nuclease	0.95038307	0.015613422
sp_P10486_T1R1_ECOLX__nuclease-416m	0.031641647	0.004375735
sp_P13458_SBCC_ECOLI__nuclease	0.97865903	0.009853259
sp_P13458_SBCC_ECOLI__nuclease-420m	0.018916154	0.0046855854
sp_P21499_RNR_ECOLI__nuclease	0.966774	0.012404414
sp_P21499_RNR_ECOLI__nuclease-326m	0.027731363	0.0032699644
sp_P21513_RNE_ECOLI__nuclease	0.9597173	0.009474647
sp_P21513_RNE_ECOLI__nuclease-425m	0.029492449	0.004709125
sp_P22147_XRN1_YEAST__nuclease	0.32569242	0.09964378
sp_P22147_XRN1_YEAST__nuclease-612m	0.03157096	0.002521511
sp_P31384_CCR4_YEAST__nuclease	0.44254836	0.08053439
sp_P31384_CCR4_YEAST__nuclease-335m	0.036801644	0.0051674773
sp_P34607_MUT7_CAEEL__nuclease	0.8704184	0.03107518
sp_P34607_MUT7_CAEEL__nuclease-364m	0.03618015	0.0049608937
sp_P37202_DIS3_SCHPO__nuclease	0.7381569	0.038110986
sp_P37202_DIS3_SCHPO__nuclease-388m	0.014371946	0.0026347898
sp_P39112_DSS1_YEAST__nuclease	0.38152698	0.059421442
sp_P39112_DSS1_YEAST__nuclease-388m	0.028125536	0.0040051383
sp_P40383_XRN1_SCHPO__nuclease	0.13549201	0.023253974
sp_P40383_XRN1_SCHPO__nuclease-532m	0.03656439	0.0020457827
sp_P40848_XRN2_SCHPO__nuclease	0.64110136	0.037166167
sp_P40848_XRN2_SCHPO__nuclease-397m	0.046757456	0.005958338
sp_P54278_PMS2_HUMAN__nuclease	0.41364893	0.044384602
sp_P54278_PMS2_HUMAN__nuclease-345m	0.018345658	0.003970789
sp_P54279_PMS2_MOUSE__nuclease	0.33946517	0.032678608
sp_P54279_PMS2_MOUSE__nuclease-344m	0.027373541	0.00519984
sp_P54602_YHCR_BACSU__nuclease	0.7453841	0.043965496
sp_P54602_YHCR_BACSU__nuclease-487m	0.054924954	0.024908386
sp_P71629_CAS10_MYCTU__nuclease	0.78432286	0.048719183
sp_P71629_CAS10_MYCTU__nuclease-324m	0.13232024	0.02114709
sp_P71905_RNE_MYCTU__nuclease	0.9460741	0.014914876
sp_P71905_RNE_MYCTU__nuclease-382m	0.070817634	0.009902474
sp_P90740_FAN1_CAEEL__nuclease	0.65081745	0.031079086
sp_P90740_FAN1_CAEEL__nuclease-346m	0.049610462	0.007780814
sp_P97789_XRN1_MOUSE__nuclease	0.26788524	0.057070162
sp_P97789_XRN1_MOUSE__nuclease-688m	0.035083022	0.0037115868
sp_Q02773_RPM2_YEAST__nuclease	0.40919527	0.06605538
sp_Q02773_RPM2_YEAST__nuclease-481m	0.12616009	0.014620439
sp_Q02792_XRN2_YEAST__nuclease	0.6545945	0.05135234
sp_Q02792_XRN2_YEAST__nuclease-403m	0.033426195	0.0047189407
sp_Q08162_RRP44_YEAST__nuclease	0.74874413	0.04031498
sp_Q08162_RRP44_YEAST__nuclease-401m	0.020199496	0.0026796947
sp_Q17RS7_GEN_HUMAN__nuclease	0.5964916	0.074487545
sp_Q17RS7_GEN_HUMAN__nuclease-364m	0.062253512	0.0091869505
sp_Q1LWH4_FAN1_DANRE__nuclease	0.57432115	0.039122056
sp_Q1LWH4_FAN1_DANRE__nuclease-396m	0.040611498	0.007558387
sp_Q24087_XPF_DROME__nuclease	0.59165573	0.051082555
sp_Q24087_XPF_DROME__nuclease-385m	0.043220058	0.005246638
sp_Q3EBC8_DCL2_ARATH__nuclease	0.59925467	0.06377192
sp_Q3EBC8_DCL2_ARATH__nuclease-556m	0.025096053	0.003230898
sp_Q5HZJ0_RNC_MOUSE__nuclease	0.28992814	0.066810206
sp_Q5HZJ0_RNC_MOUSE__nuclease-550m	0.08027222	0.03517258
sp_Q66X93_SND1_RAT__nuclease	0.5095843	0.03654799
sp_Q66X93_SND1_RAT__nuclease-364m	0.03249097	0.006031168
sp_Q69ZT1_FAN1_MOUSE__nuclease	0.45227987	0.047343772
sp_Q69ZT1_FAN1_MOUSE__nuclease-408m	0.025634956	0.0042753867
sp_Q6GNV6_CTIP_XENLA__nuclease	0.40579262	0.044310823
sp_Q6GNV6_CTIP_XENLA__nuclease-343m	0.0846909	0.016261265
sp_Q6NQJ6_RNR1_ARATH__nuclease	0.59374714	0.08854868
sp_Q6NQJ6_RNR1_ARATH__nuclease-322m	0.032153808	0.0036993835
sp_Q78PY7_SND1_MOUSE__nuclease	0.5280736	0.03258392
sp_Q78PY7_SND1_MOUSE__nuclease-364m	0.020390669	0.0034499257
sp_Q7KZF4_SND1_HUMAN__nuclease	0.56750035	0.027431773
sp_Q7KZF4_SND1_HUMAN__nuclease-364m	0.020666754	0.0032950083
sp_Q80YR6_CTIP_MOUSE__nuclease	0.368648	0.044541925
sp_Q80YR6_CTIP_MOUSE__nuclease-358m	0.044055235	0.01087975
sp_Q84W56_RNJ_ARATH__nuclease	0.84706545	0.043508805
sp_Q84W56_RNJ_ARATH__nuclease-365m	0.030448694	0.004386967
sp_Q8CI75_DI3L2_MOUSE__nuclease	0.6585251	0.046801988
sp_Q8CI75_DI3L2_MOUSE__nuclease-348m	0.03252883	0.0048339213
sp_Q8IYB7_DI3L2_HUMAN__nuclease	0.597248	0.048255622
sp_Q8IYB7_DI3L2_HUMAN__nuclease-354m	0.030918976	0.0036539612
sp_Q8IZH2_XRN1_HUMAN__nuclease	0.2462784	0.042962905
sp_Q8IZH2_XRN1_HUMAN__nuclease-683m	0.024796322	0.004153299
sp_Q8N1G1_REXO1_HUMAN__nuclease	0.35315865	0.058752898
sp_Q8N1G1_REXO1_HUMAN__nuclease-489m	0.10880923	0.022188162
sp_Q8TF46_DI3L1_HUMAN__nuclease	0.4079759	0.053833406
sp_Q8TF46_DI3L1_HUMAN__nuclease-422m	0.015923629	0.0024234648
sp_Q8VZG7_TSN1_ARATH__nuclease	0.3528516	0.038554166
sp_Q8VZG7_TSN1_ARATH__nuclease-397m	0.025641438	0.0045471657
sp_Q92889_XPF_HUMAN__nuclease	0.43999276	0.03874786
sp_Q92889_XPF_HUMAN__nuclease-367m	0.025782648	0.0036430513
sp_Q99708_CTIP_HUMAN__nuclease	0.29950368	0.041781936
sp_Q99708_CTIP_HUMAN__nuclease-359m	0.056164123	0.015096016
sp_Q9CSH3_RRP44_MOUSE__nuclease	0.25821656	0.04000192
sp_Q9CSH3_RRP44_MOUSE__nuclease-384m	0.030454028	0.005483285
sp_Q9DBR1_XRN2_MOUSE__nuclease	0.55871457	0.04894961
sp_Q9DBR1_XRN2_MOUSE__nuclease-381m	0.037116274	0.0064669284
sp_Q9FLT0_TSN2_ARATH__nuclease	0.36225772	0.04912981
sp_Q9FLT0_TSN2_ARATH__nuclease-394m	0.02974933	0.0050989743
sp_Q9FQ02_XRN2_ARATH__nuclease	0.35528833	0.03978289
sp_Q9FQ02_XRN2_ARATH__nuclease-405m	0.01700342	0.0031176517
sp_Q9FQ03_XRN3_ARATH__nuclease	0.49146646	0.06389446
sp_Q9FQ03_XRN3_ARATH__nuclease-408m	0.022978138	0.003939239
sp_Q9FQ04_XRN4_ARATH__nuclease	0.38613287	0.0470206
sp_Q9FQ04_XRN4_ARATH__nuclease-379m	0.04477851	0.005368499
sp_Q9H0D6_XRN2_HUMAN__nuclease	0.5448621	0.05386353
sp_Q9H0D6_XRN2_HUMAN__nuclease-380m	0.033200502	0.0063844286
sp_Q9LKI5_XPF_ARATH__nuclease	0.41269627	0.0703032
sp_Q9LKI5_XPF_ARATH__nuclease-383m	0.02932989	0.0038163604
sp_Q9LXW7_DCL3_ARATH__nuclease	0.35038224	0.038029786
sp_Q9LXW7_DCL3_ARATH__nuclease-632m	0.026598092	0.005063753
sp_Q9NRR4_RNC_HUMAN__nuclease	0.28547207	0.0755687
sp_Q9NRR4_RNC_HUMAN__nuclease-550m	0.028750326	0.0025883594
sp_Q9QYM7_XPF_CRIGR__nuclease	0.38681737	0.05944314
sp_Q9QYM7_XPF_CRIGR__nuclease-366m	0.012031102	0.0021425285
sp_Q9QZ11_EXO1_MOUSE__nuclease	0.7798435	0.06269821
sp_Q9QZ11_EXO1_MOUSE__nuclease-335m	0.053788714	0.00709393
sp_Q9QZD4_XPF_MOUSE__nuclease	0.3361173	0.046069957
sp_Q9QZD4_XPF_MOUSE__nuclease-367m	0.01177791	0.0018761061
sp_Q9SHL7_RP44A_ARATH__nuclease	0.4681279	0.056461677
sp_Q9SHL7_RP44A_ARATH__nuclease-374m	0.02439372	0.004284132
sp_Q9U299_XRN2_CAEEL__nuclease	0.65105295	0.04760991
sp_Q9U299_XRN2_CAEEL__nuclease-390m	0.03972431	0.006685691
sp_Q9UQ84_EXO1_HUMAN__nuclease	0.7896704	0.04477862
sp_Q9UQ84_EXO1_HUMAN__nuclease-339m	0.06578757	0.0077764327
sp_Q9VM71_XRN2_DROME__nuclease	0.4663824	0.039987896
sp_Q9VM71_XRN2_DROME__nuclease-364m	0.024019891	0.005579802
sp_Q9W0S7_SND1_DROME__nuclease	0.86602485	0.035249013
sp_Q9W0S7_SND1_DROME__nuclease-371m	0.033983756	0.004915888
sp_Q9Y2L1_RRP44_HUMAN__nuclease	0.29512662	0.03494233
sp_Q9Y2L1_RRP44_HUMAN__nuclease-384m	0.03525116	0.0055721328
sp_Q9Y2M0_FAN1_HUMAN__nuclease	0.5534538	0.031563368
sp_Q9Y2M0_FAN1_HUMAN__nuclease-407m	0.03697949	0.0049380744
sp_H9T8G4_CDIA8_BURPE__nuclease	0.3725216	0.22686331
sp_H9T8G4_CDIA8_BURPE__nuclease-508m	0.2182241	0.17555739
sp_P0DM58_DI3L2_ARATH__nuclease	0.62473	0.03510445
sp_P0DM58_DI3L2_ARATH__nuclease-422m	0.057756163	0.0068590846
sp_P15032_RECE_ECOLI__nuclease	0.9661786	0.008418159
sp_P15032_RECE_ECOLI__nuclease-347m	0.03375889	0.0065614516
sp_P30851_RNR_SHIFL__nuclease	0.96289885	0.013551354
sp_P30851_RNR_SHIFL__nuclease-326m	0.027882311	0.0032025361
sp_P36159_RNZ_YEAST__nuclease	0.38924685	0.033136837
sp_P36159_RNZ_YEAST__nuclease-336m	0.038366906	0.0045741755
sp_P44443_RNE_HAEIN__nuclease	0.93044347	0.019366316
sp_P44443_RNE_HAEIN__nuclease-374m	0.050681572	0.0058216047
sp_Q09568_DI3L2_CAEEL__nuclease	0.7040333	0.032883327
sp_Q09568_DI3L2_CAEEL__nuclease-340m	0.022854215	0.00399533
sp_Q10124_PQE1_CAEEL__nuclease	0.28096557	0.08708037
sp_Q10124_PQE1_CAEEL__nuclease-659m	0.095779575	0.03017572
sp_Q10155_RNZ1_SCHPO__nuclease	0.2960276	0.013991224
sp_Q10155_RNZ1_SCHPO__nuclease-324m	0.072983705	0.011179172
sp_Q17632_RRP44_CAEEL__nuclease	0.39233997	0.059776224
sp_Q17632_RRP44_CAEEL__nuclease-385m	0.03693246	0.0041604345
sp_Q53W19_CAS10_THET8__nuclease	0.67283493	0.09518509
sp_Q53W19_CAS10_THET8__nuclease-322m	0.3146751	0.037275635
sp_Q5AMG5_XRN2_CANAL__nuclease	0.582956	0.04684787
sp_Q5AMG5_XRN2_CANAL__nuclease-388m	0.046444066	0.0058343275
sp_Q5HYM0_ZC12B_HUMAN__nuclease	0.46310988	0.045032833
sp_Q5HYM0_ZC12B_HUMAN__nuclease-335m	0.044926368	0.008359331
sp_Q5N870_DCL3A_ORYSJ__nuclease	0.66925395	0.038085084
sp_Q5N870_DCL3A_ORYSJ__nuclease-661m	0.024164805	0.002310347
sp_Q5SNL7_FAN1_ORYSJ__nuclease	0.29775774	0.039603814
sp_Q5SNL7_FAN1_ORYSJ__nuclease-386m	0.07012813	0.00829828
sp_Q5U2P0_DI3L1_RAT__nuclease	0.324019	0.043532897
sp_Q5U2P0_DI3L1_RAT__nuclease-422m	0.015139744	0.0027355824
sp_Q5XVJ4_FAN1_ARATH__nuclease	0.2926461	0.026189735
sp_Q5XVJ4_FAN1_ARATH__nuclease-357m	0.027412504	0.004462267
sp_Q61XX9_RNC_CAEBR__nuclease	0.40460068	0.04043083
sp_Q61XX9_RNC_CAEBR__nuclease-425m	0.03315302	0.006413459
sp_Q6C961_XRN2_YARLI__nuclease	0.3545429	0.038124558
sp_Q6C961_XRN2_YARLI__nuclease-404m	0.013304338	0.0024658893
sp_Q6FKN6_XRN2_CANGA__nuclease	0.710863	0.0473434
sp_Q6FKN6_XRN2_CANGA__nuclease-408m	0.02562516	0.0037804781
sp_Q6FRT2_CCR4_CANGA__nuclease	0.67423564	0.048817184
sp_Q6FRT2_CCR4_CANGA__nuclease-350m	0.032148954	0.00457899
sp_Q6GGV4_DING_STAAR__nuclease	0.980423	0.0048052026
sp_Q6GGV4_DING_STAAR__nuclease-359m	0.048333693	0.007485648
sp_Q74ZA0_XRN2_EREGS__nuclease	0.8463848	0.034908097
sp_Q74ZA0_XRN2_EREGS__nuclease-378m	0.023633732	0.0036915417
sp_Q7TT28_REXO1_MOUSE__nuclease	0.35479075	0.04854322
sp_Q7TT28_REXO1_MOUSE__nuclease-486m	0.08531459	0.015022989
sp_Q7XD96_DCL3B_ORYSJ__nuclease	0.49410504	0.04488855
sp_Q7XD96_DCL3B_ORYSJ__nuclease-655m	0.03509877	0.0033738841
sp_Q863B3_SND1_BOVIN__nuclease	0.54394007	0.030078938
sp_Q863B3_SND1_BOVIN__nuclease-364m	0.020332512	0.0033263797
sp_Q8BMI4_GEN_MOUSE__nuclease	0.5714094	0.07239868
sp_Q8BMI4_GEN_MOUSE__nuclease-364m	0.038820945	0.0048554125
sp_Q8C0S1_DI3L1_MOUSE__nuclease	0.30842465	0.042009342
sp_Q8C0S1_DI3L1_MOUSE__nuclease-422m	0.027698284	0.0041718646
sp_Q8N9H8_MUT7_HUMAN__nuclease	0.37324357	0.056687698
sp_Q8N9H8_MUT7_HUMAN__nuclease-351m	0.010749023	0.0025337953
sp_Q8WZX5_XRN2_NEUCR__nuclease	0.63353264	0.057166874
sp_Q8WZX5_XRN2_NEUCR__nuclease-429m	0.061186366	0.0070113093
sp_Q9C0D7_ZC12C_HUMAN__nuclease	0.2546072	0.029156886
sp_Q9C0D7_ZC12C_HUMAN__nuclease-354m	0.04722186	0.011264742
sp_A0A0H3B0B8_CDIA_YERPY__nuclease	0.38500434	0.09347836
sp_A0A0H3B0B8_CDIA_YERPY__nuclease-431m	0.07626302	0.009771475
sp_A0JN80_DI3L1_BOVIN__nuclease	0.4083685	0.04803411
sp_A0JN80_DI3L1_BOVIN__nuclease-422m	0.033216424	0.0045257136
sp_A2RV18_DI3L1_DANRE__nuclease	0.21102715	0.044302996
sp_A2RV18_DI3L1_DANRE__nuclease-423m	0.017534938	0.0024773916
sp_A6QGP8_SBCC_STAAE__nuclease	0.9760645	0.00957955
sp_A6QGP8_SBCC_STAAE__nuclease-404m	0.028664391	0.0041987807
sp_A7HAB8_MUTS2_ANADF__nuclease	0.93376	0.011168288
sp_A7HAB8_MUTS2_ANADF__nuclease-322m	0.028030213	0.0051395316
sp_A8WZU5_FAN1_CAEBR__nuclease	0.7410657	0.032287903
sp_A8WZU5_FAN1_CAEBR__nuclease-352m	0.044991642	0.005155681
sp_B1MXB4_MUTS2_LEUCK__nuclease	0.8972098	0.023167297
sp_B1MXB4_MUTS2_LEUCK__nuclease-321m	0.03430931	0.0051149395
sp_C1A4A9_MUTS2_GEMAT__nuclease	0.8713833	0.031985097
sp_C1A4A9_MUTS2_GEMAT__nuclease-328m	0.026411962	0.0045145773
sp_E0SAK8_RHSA_DICD3__nuclease	0.6607456	0.066264845
sp_E0SAK8_RHSA_DICD3__nuclease-574m	0.032630134	0.005449481
sp_E0SGL7_RHSC_DICD3__nuclease	0.8779131	0.019283762
sp_E0SGL7_RHSC_DICD3__nuclease-664m	0.027243262	0.0057419785
sp_E0SIS2_RHSB_DICD3__nuclease	0.6549765	0.06920651
sp_E0SIS2_RHSB_DICD3__nuclease-575m	0.028728807	0.0038446104
sp_F6SNN2_CTIP_XENTR__nuclease	0.29822898	0.024120517
sp_F6SNN2_CTIP_XENTR__nuclease-347m	0.07500758	0.013197417
sp_O06714_SBCC_BACSU__nuclease	0.9882747	0.005098562
sp_O06714_SBCC_BACSU__nuclease-452m	0.012345763	0.0015602987
sp_O68032_SBCC_RHOCB__nuclease	0.9934515	0.0034856813
sp_O68032_SBCC_RHOCB__nuclease-496m	0.030308265	0.0072459704
sp_P0CL88_XRN2_CRYNJ__nuclease	0.6228317	0.099541105
sp_P0CL88_XRN2_CRYNJ__nuclease-451m	0.053688794	0.003931166
sp_P0CL89_XRN2_CRYNB__nuclease	0.617961	0.09843984
sp_P0CL89_XRN2_CRYNB__nuclease-452m	0.05522831	0.009314896
sp_P40611_RNR_VIBPA__nuclease	0.9767801	0.0066356915
sp_P40611_RNR_VIBPA__nuclease-334m	0.023728669	0.003788985
sp_P54394_DING_BACSU__nuclease	0.98483	0.0032891983
sp_P54394_DING_BACSU__nuclease-373m	0.032857686	0.0044852155
sp_P57429_RNE_BUCAI__nuclease	0.83407354	0.03331813
sp_P57429_RNE_BUCAI__nuclease-361m	0.023372537	0.0031583887
sp_P73625_MUTS2_SYNY3__nuclease	0.9474079	0.0129965395
sp_P73625_MUTS2_SYNY3__nuclease-329m	0.019281037	0.0036502294
sp_Q07736_T1RA_ECOLX__nuclease	0.96670234	0.0074122706
sp_Q07736_T1RA_ECOLX__nuclease-324m	0.016631557	0.0028724135
sp_Q0V9R3_DI3L2_XENTR__nuclease	0.51138294	0.03654331
sp_Q0V9R3_DI3L2_XENTR__nuclease-334m	0.109556355	0.011693925
sp_Q10HL3_DCL2A_ORYSJ__nuclease	0.5004902	0.032244083
sp_Q10HL3_DCL2A_ORYSJ__nuclease-564m	0.033610366	0.0037316454
sp_Q1MTN7_RPM1_SCHPO__nuclease	0.4772342	0.046627745
sp_Q1MTN7_RPM1_SCHPO__nuclease-383m	0.028371384	0.0032443015
sp_Q2FGY5_DING_STAA3__nuclease	0.98050326	0.0047484376
sp_Q2FGY5_DING_STAA3__nuclease-359m	0.047947176	0.0072569204
sp_Q2FYT3_SBCC_STAA8__nuclease	0.97590363	0.009610708
sp_Q2FYT3_SBCC_STAA8__nuclease-404m	0.028082926	0.004041329
sp_Q2GNZ6_XRN2_CHAGB__nuclease	0.58739394	0.058966663
sp_Q2GNZ6_XRN2_CHAGB__nuclease-416m	0.08307499	0.010224216
sp_Q2UCP5_XRN2_ASPOR__nuclease	0.53810006	0.060150314
sp_Q2UCP5_XRN2_ASPOR__nuclease-414m	0.023584107	0.0031692628
sp_Q2YXX0_SBCC_STAAB__nuclease	0.9766449	0.009180449
sp_Q2YXX0_SBCC_STAAB__nuclease-404m	0.02769659	0.004348375
sp_Q2YY51_DING_STAAB__nuclease	0.97821236	0.00535261
sp_Q2YY51_DING_STAAB__nuclease-359m	0.04153421	0.0062179533
sp_Q47281_T1RE_ECOLX__nuclease	0.85529166	0.02523734
sp_Q47281_T1RE_ECOLX__nuclease-326m	0.048447862	0.003748276
sp_Q49XR1_DING_STAS1__nuclease	0.9790931	0.0062233256
sp_Q49XR1_DING_STAS1__nuclease-360m	0.12871154	0.03246174
sp_Q4A127_HSDR_STAS1__nuclease	0.9132144	0.022039358
sp_Q4A127_HSDR_STAS1__nuclease-372m	0.017153071	0.0043856264
sp_Q4HWE2_XRN2_GIBZE__nuclease	0.60788417	0.041961424
sp_Q4HWE2_XRN2_GIBZE__nuclease-392m	0.02842165	0.004363836
sp_Q4IPN9_YSH1_GIBZE__nuclease	0.90874755	0.049100842
sp_Q4IPN9_YSH1_GIBZE__nuclease-334m	0.037560903	0.004167023
sp_Q4L6F9_DING_STAHJ__nuclease	0.9722331	0.006619087
sp_Q4L6F9_DING_STAHJ__nuclease-360m	0.22088142	0.051774632
sp_Q4P149_XRN2_USTMA__nuclease	0.87649506	0.19334014
sp_Q4P149_XRN2_USTMA__nuclease-494m	0.10268997	0.016451584
sp_Q4PEJ3_YSH1_USTMA__nuclease	0.64241564	0.05494455
sp_Q4PEJ3_YSH1_USTMA__nuclease-352m	0.05437524	0.0068485
sp_Q4WRC2_YSH1_ASPFU__nuclease	0.9046465	0.023288628
sp_Q4WRC2_YSH1_ASPFU__nuclease-349m	0.035631917	0.0063451035
sp_Q54ED2_EXO1_DICDI__nuclease	0.66549087	0.05626984
sp_Q54ED2_EXO1_DICDI__nuclease-419m	0.06963648	0.0068823975
sp_Q54PN5_XPF_DICDI__nuclease	0.30318162	0.069123
sp_Q54PN5_XPF_DICDI__nuclease-386m	0.13592191	0.019906508
sp_Q551H0_MUS81_DICDI__nuclease	0.7577608	0.039700136
sp_Q551H0_MUS81_DICDI__nuclease-368m	0.07957779	0.013695761
sp_Q55FW8_FAN1_DICDI__nuclease	0.59493	0.039067827
sp_Q55FW8_FAN1_DICDI__nuclease-435m	0.06244104	0.0074185464
sp_Q59P50_YSH1_CANAL__nuclease	0.4914891	0.05014931
sp_Q59P50_YSH1_CANAL__nuclease-348m	0.034840968	0.004552066
sp_Q5BEP0_YSH1_EMENI__nuclease	0.8599571	0.035562344
sp_Q5BEP0_YSH1_EMENI__nuclease-354m	0.020719413	0.0036315115
sp_Q5BFH3_XRN2_EMENI__nuclease	0.48835355	0.045074284
sp_Q5BFH3_XRN2_EMENI__nuclease-413m	0.035143446	0.0047950703
sp_Q5DTV4_ZC12C_MOUSE__nuclease	0.28426224	0.04703586
sp_Q5DTV4_ZC12C_MOUSE__nuclease-354m	0.07604946	0.015138287
sp_Q5HJH8_HSDR_STAAC__nuclease	0.9218278	0.01899426
sp_Q5HJH8_HSDR_STAAC__nuclease-372m	0.027894337	0.006848984
sp_Q5HK76_HSDR_STAEQ__nuclease	0.9398115	0.013819671
sp_Q5HK76_HSDR_STAEQ__nuclease-372m	0.026769424	0.0062717316
sp_Q5HP88_DING_STAEQ__nuclease	0.97302705	0.008355675
sp_Q5HP88_DING_STAEQ__nuclease-361m	0.07665899	0.01755564
sp_Q5R4L5_XRN2_PONAB__nuclease	0.5329324	0.057971835
sp_Q5R4L5_XRN2_PONAB__nuclease-380m	0.03605517	0.006538254
sp_Q5R5N8_DI3L1_PONAB__nuclease	0.40040034	0.05488215
sp_Q5R5N8_DI3L1_PONAB__nuclease-422m	0.014865798	0.0023736712
sp_Q5REU4_SND1_PONAB__nuclease	0.5714453	0.029161463
sp_Q5REU4_SND1_PONAB__nuclease-364m	0.020566514	0.0032354712
sp_Q5ZIP4_XRN2_CHICK__nuclease	0.47692075	0.0646329
sp_Q5ZIP4_XRN2_CHICK__nuclease-380m	0.030657496	0.005966172
sp_Q60295_T1RH_METJA__nuclease	0.94482553	0.019556018
sp_Q60295_T1RH_METJA__nuclease-417m	0.056298383	0.013028896
sp_Q60GC1_EXO1_ORYSJ__nuclease	0.69392526	0.05423548
sp_Q60GC1_EXO1_ORYSJ__nuclease-335m	0.046620738	0.008136511
sp_Q60SG7_XRN2_CAEBR__nuclease	0.6483517	0.047956463
sp_Q60SG7_XRN2_CAEBR__nuclease-391m	0.0453817	0.00876616
sp_Q69LX2_DCL2B_ORYSJ__nuclease	0.4648916	0.039770253
sp_Q69LX2_DCL2B_ORYSJ__nuclease-551m	0.039841507	0.0035084346
sp_Q6BMM5_CCR4_DEBHA__nuclease	0.21519938	0.057535324
sp_Q6BMM5_CCR4_DEBHA__nuclease-333m	0.023806367	0.00343084
sp_Q6BMW3_YSH1_DEBHA__nuclease	0.87605906	0.030127006
sp_Q6BMW3_YSH1_DEBHA__nuclease-326m	0.037278734	0.0064695585
sp_Q6BNU7_XRN2_DEBHA__nuclease	0.48206607	0.050871618
sp_Q6BNU7_XRN2_DEBHA__nuclease-402m	0.05254663	0.003649698
sp_Q6C2Z7_YSH1_YARLI__nuclease	0.6109036	0.0763333
sp_Q6C2Z7_YSH1_YARLI__nuclease-331m	0.028765421	0.003816056
sp_Q6CKX0_XRN2_KLULA__nuclease	0.7193505	0.045460854
sp_Q6CKX0_XRN2_KLULA__nuclease-397m	0.029772108	0.005157872
sp_Q6G9A7_DING_STAAS__nuclease	0.9804138	0.0047228127
sp_Q6G9A7_DING_STAAS__nuclease-359m	0.04794265	0.0073870504
sp_Q6GCT1_HSDR_STAAS__nuclease	0.92224234	0.019211087
sp_Q6GCT1_HSDR_STAAS__nuclease-372m	0.02707181	0.006655653
sp_Q6GKB1_HSDR_STAAR__nuclease	0.92222357	0.018928235
sp_Q6GKB1_HSDR_STAAR__nuclease-372m	0.02683802	0.0065897917
sp_Q6GN11_DI3L1_XENLA__nuclease	0.13409075	0.039275978
sp_Q6GN11_DI3L1_XENLA__nuclease-416m	0.021426467	0.0030268845
sp_Q73MQ8_MUTS2_TREDE__nuclease	0.9030573	0.024719173
sp_Q73MQ8_MUTS2_TREDE__nuclease-328m	0.027845282	0.004767699
sp_Q7A801_HSDR_STAAN__nuclease	0.92230415	0.0188767
sp_Q7A801_HSDR_STAAN__nuclease-372m	0.027448555	0.00684976
sp_Q7ZT42_SND1_DANRE__nuclease	0.4038659	0.03828807
sp_Q7ZT42_SND1_DANRE__nuclease-359m	0.018608984	0.004153035
sp_Q803U7_EXO1_DANRE__nuclease	0.68945795	0.08447922
sp_Q803U7_EXO1_DANRE__nuclease-323m	0.08098183	0.01127842
sp_Q8K9J9_RNE_BUCAP__nuclease	0.8934256	0.028533788
sp_Q8K9J9_RNE_BUCAP__nuclease-388m	0.041667067	0.0051664715
sp_Q8TFZ1_XRN2_ASPFU__nuclease	0.49351168	0.05785436
sp_Q8TFZ1_XRN2_ASPFU__nuclease-424m	0.035880648	0.0038264885
sp_Q8WZS6_YSH1_NEUCR__nuclease	0.9399702	0.028566847
sp_Q8WZS6_YSH1_NEUCR__nuclease-340m	0.051097143	0.009052288
sp_Q9CH00_RNR1_LACLA__nuclease	0.96427584	0.009421912
sp_Q9CH00_RNR1_LACLA__nuclease-327m	0.030233076	0.005271293
sp_Q9HWB8_SBCC_PSEAE__nuclease	0.9668039	0.014414127
sp_Q9HWB8_SBCC_PSEAE__nuclease-485m	0.013891222	0.0029167002
sp_Q9Y7U7_SND1_SCHPO__nuclease	0.63595647	0.083289675
sp_Q9Y7U7_SND1_SCHPO__nuclease-352m	0.032268755	0.004132581
sp_A5ISM9_SBCC_STAA9__nuclease	0.9764081	0.009727942
sp_A5ISM9_SBCC_STAA9__nuclease-404m	0.029331017	0.004293896
sp_O05052_T1RH_HAEIN__nuclease	0.96491605	0.011985982
sp_O05052_T1RH_HAEIN__nuclease-422m	0.020929996	0.0028884544
sp_O83635_SBCC_TREPA__nuclease	0.977965	0.008716125
sp_O83635_SBCC_TREPA__nuclease-419m	0.012950428	0.0021368284
sp_O94525_YBU1_SCHPO__nuclease	0.37128705	0.044611398
sp_O94525_YBU1_SCHPO__nuclease-463m	0.045239553	0.0055081123
sp_P21312_ENDOR_ECOLX__nuclease	0.57151514	0.053938016
sp_P21312_ENDOR_ECOLX__nuclease-346m	0.046157684	0.006809053
sp_Q0P4R5_DI3L1_XENTR__nuclease	0.1357666	0.03760076
sp_Q0P4R5_DI3L1_XENTR__nuclease-416m	0.017861517	0.0027078034
sp_Q2FH88_SBCC_STAA3__nuclease	0.9760753	0.009591794
sp_Q2FH88_SBCC_STAA3__nuclease-404m	0.028682092	0.0041822824
sp_Q323T3_ENDPH_SHIBS__nuclease	0.6844152	0.056622397
sp_Q323T3_ENDPH_SHIBS__nuclease-322m	0.052663278	0.007827536
sp_Q49XE1_SBCC_STAS1__nuclease	0.9783591	0.009246544
sp_Q49XE1_SBCC_STAS1__nuclease-404m	0.024973884	0.0041195466
sp_Q4L655_SBCC_STAHJ__nuclease	0.96097803	0.011841469
sp_Q4L655_SBCC_STAHJ__nuclease-405m	0.027485918	0.004745696
sp_Q57588_T1R1_METJA__nuclease	0.96380013	0.016978076
sp_Q57588_T1R1_METJA__nuclease-430m	0.03776936	0.0063701253
sp_Q58611_T1R2_METJA__nuclease	0.95590323	0.0101831015
sp_Q58611_T1R2_METJA__nuclease-408m	0.044445086	0.011331832
sp_Q5HPJ3_SBCC_STAEQ__nuclease	0.9710932	0.010350534
sp_Q5HPJ3_SBCC_STAEQ__nuclease-404m	0.025369128	0.0054049995
sp_Q6G9L2_SBCC_STAAS__nuclease	0.97603303	0.009460749
sp_Q6G9L2_SBCC_STAAS__nuclease-404m	0.028625946	0.004152896
sp_Q6GH60_SBCC_STAAR__nuclease	0.9768259	0.009034551
sp_Q6GH60_SBCC_STAAR__nuclease-404m	0.030476341	0.0047136103
sp_Q8CPC5_SBCC_STAES__nuclease	0.9701505	0.01105177
sp_Q8CPC5_SBCC_STAES__nuclease-404m	0.025081942	0.0051775
sp_Q8FJJ0_ENDPH_ECOL6__nuclease	0.7869704	0.059027858
sp_Q8FJJ0_ENDPH_ECOL6__nuclease-322m	0.07482026	0.010245813
sp_Q8NWV1_SBCC_STAAW__nuclease	0.97591627	0.009572059
sp_Q8NWV1_SBCC_STAAW__nuclease-404m	0.028911043	0.0042152116
sp_Q8Z1E1_ENDP2_SALTI__nuclease	0.7970044	0.057643566
sp_Q8Z1E1_ENDP2_SALTI__nuclease-322m	0.05253206	0.008307415
sp_Q8Z365_ENDP1_SALTI__nuclease	0.70521927	0.05331809
sp_Q8Z365_ENDP1_SALTI__nuclease-322m	0.078527644	0.0101549635
sp_Q8ZMS4_ENDPH_SALTY__nuclease	0.76829296	0.06388738
sp_Q8ZMS4_ENDPH_SALTY__nuclease-324m	0.018899698	0.0032255962
sp_Q97FK1_SBCC_CLOAB__nuclease	0.9845117	0.0044411467
sp_Q97FK1_SBCC_CLOAB__nuclease-466m	0.013634548	0.002245597
sp_Q9CFZ0_SBCC_LACLA__nuclease	0.9772326	0.007971876
sp_Q9CFZ0_SBCC_LACLA__nuclease-419m	0.03292642	0.004720458
sp_Q9FKF0_RTL3_ARATH__nuclease	0.49289197	0.07814558
sp_Q9FKF0_RTL3_ARATH__nuclease-383m	0.027640272	0.0022614412
sp_Q9KM67_SBCC_VIBCH__nuclease	0.97055846	0.010702403
sp_Q9KM67_SBCC_VIBCH__nuclease-406m	0.0056863455	0.0008775178
sp_Q9KNY1_RNR_VIBCH__nuclease	0.98305434	0.0053098863
sp_Q9KNY1_RNR_VIBCH__nuclease-329m	0.024457667	0.0039780876
tr_A0A9E2QZL7_A0A9E2QZL7_UNCPA__Cas12-13	0.9196631	0.015360712
tr_A0A9E2QZL7_A0A9E2QZL7_UNCPA__Cas12-13-458m	0.016378395	0.0027004294
tr_A0AAE3II04_A0AAE3II04_9FIRM__Cas12-13	0.65664214	0.058465958
tr_A0AAE3II04_A0AAE3II04_9FIRM__Cas12-13-326m	0.022198696	0.0040155533
sp_C7NBY4_CS13A_LEPBD__Cas12-13	0.3411004	0.05214097
sp_C7NBY4_CS13A_LEPBD__Cas12-13-464m	0.028182793	0.004229722
sp_P0DOC6_CS13A_LEPSD__Cas12-13	0.30402055	0.09733943
sp_P0DOC6_CS13A_LEPSD__Cas12-13-556m	0.027552411	0.007194224
sp_A0A0H5SJ89_CS13A_HERHM__Cas12-13	0.2578699	0.055503678
sp_A0A0H5SJ89_CS13A_HERHM__Cas12-13-514m	0.08375736	0.010325462
sp_E4T0I2_CS13A_PALPW__Cas12-13	0.52507925	0.12055264
sp_E4T0I2_CS13A_PALPW__Cas12-13-462m	0.022981655	0.003457092
sp_P0DPB7_CS13A_LACNK__Cas12-13	0.70757455	0.049921818
sp_P0DPB7_CS13A_LACNK__Cas12-13-575m	0.044819582	0.008347316
sp_P0DPB8_CS13A_LISSS__Cas12-13	0.3381057	0.052581012
sp_P0DPB8_CS13A_LISSS__Cas12-13-448m	0.029923096	0.0030476688
sp_U2PSH1_CS13A_LEPWF__Cas12-13	0.18922275	0.044393245
sp_U2PSH1_CS13A_LEPWF__Cas12-13-473m	0.056322016	0.017285082
tr_A0A0M6WE53_A0A0M6WE53_9FIRM__Cas12-13	0.30816683	0.07886029
tr_A0A0M6WE53_A0A0M6WE53_9FIRM__Cas12-13-538m	0.047499314	0.009264289
tr_A0A143XUP9_A0A143XUP9_9FIRM__Cas12-13	0.63472384	0.049388878
tr_A0A143XUP9_A0A143XUP9_9FIRM__Cas12-13-550m	0.013166931	0.0028775467
tr_A0A1H9HZ33_A0A1H9HZ33_9FIRM__Cas12-13	0.5233332	0.05990796
tr_A0A1H9HZ33_A0A1H9HZ33_9FIRM__Cas12-13-555m	0.047150366	0.0049414616
tr_A0A1I1CV90_A0A1I1CV90_9FIRM__Cas12-13	0.6747261	0.06587168
tr_A0A1I1CV90_A0A1I1CV90_9FIRM__Cas12-13-538m	0.017082825	0.0022651134
tr_A0A1I3H3H6_A0A1I3H3H6_9FIRM__Cas12-13	0.4805657	0.07325933
tr_A0A1I3H3H6_A0A1I3H3H6_9FIRM__Cas12-13-525m	0.015418151	0.0027598538
tr_A0A1I6JQQ0_A0A1I6JQQ0_9FIRM__Cas12-13	0.38882783	0.07504368
tr_A0A1I6JQQ0_A0A1I6JQQ0_9FIRM__Cas12-13-554m	0.035133276	0.006165897
tr_A0A1M6GDI0_A0A1M6GDI0_9FIRM__Cas12-13	0.7575728	0.043229174
tr_A0A1M6GDI0_A0A1M6GDI0_9FIRM__Cas12-13-490m	0.008309951	0.0024215528
tr_A0A1N7IRW0_A0A1N7IRW0_9PROT__Cas12-13	0.93170404	0.01430876
tr_A0A1N7IRW0_A0A1N7IRW0_9PROT__Cas12-13-433m	0.0190489	0.0026496318
tr_A0A1Q4UPU2_A0A1Q4UPU2_9PROT__Cas12-13	0.35651323	0.09884785
tr_A0A1Q4UPU2_A0A1Q4UPU2_9PROT__Cas12-13-494m	0.03958691	0.005664903
tr_A0A1S7FS97_A0A1S7FS97_9LIST__Cas12-13	0.96705705	0.008023189
tr_A0A1S7FS97_A0A1S7FS97_9LIST__Cas12-13-421m	0.031698428	0.0069653704
tr_A0A1T5MQV2_A0A1T5MQV2_9FIRM__Cas12-13	0.5042557	0.0955674
tr_A0A1T5MQV2_A0A1T5MQV2_9FIRM__Cas12-13-517m	0.030225	0.0030186807
tr_A0A1V0HV90_A0A1V0HV90_RHOS2__Cas12-13	0.56292933	0.12780035
tr_A0A1V0HV90_A0A1V0HV90_RHOS2__Cas12-13-560m	0.029144863	0.002539696
tr_A0A1W9NCH4_A0A1W9NCH4_9SPIO__Cas12-13	0.44819552	0.09454841
tr_A0A1W9NCH4_A0A1W9NCH4_9SPIO__Cas12-13-454m	0.095421106	0.013395728
tr_A0A1Y3W7V2_A0A1Y3W7V2_9FIRM__Cas12-13	0.7025635	0.061968055
tr_A0A1Y3W7V2_A0A1Y3W7V2_9FIRM__Cas12-13-548m	0.015643062	0.0038671738
tr_A0A2D0TCG9_A0A2D0TCG9_9FIRM__Cas12-13	0.5373231	0.05069541
tr_A0A2D0TCG9_A0A2D0TCG9_9FIRM__Cas12-13-576m	0.038255505	0.0042093666
tr_A0A2D0TCH1_A0A2D0TCH1_LACNK__Cas12-13	0.5382193	0.050777253
tr_A0A2D0TCH1_A0A2D0TCH1_LACNK__Cas12-13-576m	0.03841775	0.0038260806
tr_A0A2M6UAU2_A0A2M6UAU2_9BRAD__Cas12-13	0.38539118	0.11328021
tr_A0A2M6UAU2_A0A2M6UAU2_9BRAD__Cas12-13-498m	0.030032918	0.0054245605
tr_A0A2M8UBK0_A0A2M8UBK0_9PROT__Cas12-13	0.36740988	0.04924759
tr_A0A2M8UBK0_A0A2M8UBK0_9PROT__Cas12-13-395m	0.066692695	0.008549625
tr_A0A367XKP0_A0A367XKP0_9PROT__Cas12-13	0.23928793	0.06653605
tr_A0A367XKP0_A0A367XKP0_9PROT__Cas12-13-487m	0.025491843	0.007261682
tr_A0A395V3F6_A0A395V3F6_9FIRM__Cas12-13	0.48484507	0.104386635
tr_A0A395V3F6_A0A395V3F6_9FIRM__Cas12-13-565m	0.01849352	0.0020907964
tr_A0A3E4E9V5_A0A3E4E9V5_9FIRM__Cas12-13	0.31709105	0.063452706
tr_A0A3E4E9V5_A0A3E4E9V5_9FIRM__Cas12-13-553m	0.018433416	0.0026183028
tr_A0A414IQ71_A0A414IQ71_9FIRM__Cas12-13	0.62042344	0.10593972
tr_A0A414IQ71_A0A414IQ71_9FIRM__Cas12-13-508m	0.12754668	0.031591713
tr_A0A4R1YWY2_A0A4R1YWY2_9RHOB__Cas12-13	0.3568362	0.090464324
tr_A0A4R1YWY2_A0A4R1YWY2_9RHOB__Cas12-13-511m	0.025321892	0.003257069
tr_A0A4R5U6G6_A0A4R5U6G6_9HYPH__Cas12-13	0.43895334	0.055844054
tr_A0A4R5U6G6_A0A4R5U6G6_9HYPH__Cas12-13-570m	0.01728931	0.001989876
tr_A0A4V3AST0_A0A4V3AST0_9RHOB__Cas12-13	0.92559654	0.0137503
tr_A0A4V3AST0_A0A4V3AST0_9RHOB__Cas12-13-442m	0.023142448	0.0046016434
tr_A0A510K583_A0A510K583_9FUSO__Cas12-13	0.32983947	0.057756003
tr_A0A510K583_A0A510K583_9FUSO__Cas12-13-465m	0.021184243	0.00422314
tr_A0A510KAE1_A0A510KAE1_9FUSO__Cas12-13	0.5194824	0.0917818
tr_A0A510KAE1_A0A510KAE1_9FUSO__Cas12-13-524m	0.026932329	0.0047092363
tr_A0A5M8P6A6_A0A5M8P6A6_9HYPH__Cas12-13	0.13059577	0.03534365
tr_A0A5M8P6A6_A0A5M8P6A6_9HYPH__Cas12-13-552m	0.011114948	0.0010893542
tr_A0A7C6DAS5_A0A7C6DAS5_9FIRM__Cas12-13	0.4252228	0.0884401
tr_A0A7C6DAS5_A0A7C6DAS5_9FIRM__Cas12-13-500m	0.017742474	0.0030986776
tr_A0A7X0XJF1_A0A7X0XJF1_9LIST__Cas12-13	0.9527426	0.011036255
tr_A0A7X0XJF1_A0A7X0XJF1_9LIST__Cas12-13-420m	0.026759187	0.004333891
tr_A0A7X0YJ22_A0A7X0YJ22_9LIST__Cas12-13	0.9394313	0.014425395
tr_A0A7X0YJ22_A0A7X0YJ22_9LIST__Cas12-13-424m	0.024494406	0.005796048
tr_A0A7X0YZG4_A0A7X0YZG4_9LIST__Cas12-13	0.93451726	0.01590392
tr_A0A7X0YZG4_A0A7X0YZG4_9LIST__Cas12-13-420m	0.022604605	0.0034570564
tr_A0A7X0ZQP4_A0A7X0ZQP4_9LIST__Cas12-13	0.9477361	0.012427048
tr_A0A7X0ZQP4_A0A7X0ZQP4_9LIST__Cas12-13-424m	0.023138722	0.0050458903
tr_A0A7X1D7U5_A0A7X1D7U5_9LIST__Cas12-13	0.9467659	0.013261831
tr_A0A7X1D7U5_A0A7X1D7U5_9LIST__Cas12-13-419m	0.024094371	0.003764822
tr_A0A7X1DLC4_A0A7X1DLC4_9LIST__Cas12-13	0.94584024	0.012826937
tr_A0A7X1DLC4_A0A7X1DLC4_9LIST__Cas12-13-424m	0.022309437	0.0048570484
tr_A0A7X1DPY3_A0A7X1DPY3_9LIST__Cas12-13	0.9491552	0.011418344
tr_A0A7X1DPY3_A0A7X1DPY3_9LIST__Cas12-13-420m	0.019380413	0.0030685046
tr_A0A7X9C4K8_A0A7X9C4K8_9BACT__Cas12-13	0.14980288	0.039744876
tr_A0A7X9C4K8_A0A7X9C4K8_9BACT__Cas12-13-485m	0.0189477	0.0035396104
tr_A0A7Y6YZE7_A0A7Y6YZE7_9HYPH__Cas12-13	0.857979	0.051129602
tr_A0A7Y6YZE7_A0A7Y6YZE7_9HYPH__Cas12-13-458m	0.020478617	0.0036264458
tr_A0A841W1U2_A0A841W1U2_9LIST__Cas12-13	0.9498583	0.01120173
tr_A0A841W1U2_A0A841W1U2_9LIST__Cas12-13-424m	0.023687866	0.0053531285
tr_A0A841WXN5_A0A841WXN5_9LIST__Cas12-13	0.95223695	0.0101248035
tr_A0A841WXN5_A0A841WXN5_9LIST__Cas12-13-420m	0.01806142	0.0028298164
tr_A0A841X599_A0A841X599_9LIST__Cas12-13	0.9282996	0.022276884
tr_A0A841X599_A0A841X599_9LIST__Cas12-13-420m	0.019388584	0.0032937853
tr_A0A841YR91_A0A841YR91_9LIST__Cas12-13	0.94920814	0.012078666
tr_A0A841YR91_A0A841YR91_9LIST__Cas12-13-420m	0.018852688	0.002972217
tr_A0A841YW80_A0A841YW80_9LIST__Cas12-13	0.94099057	0.02067244
tr_A0A841YW80_A0A841YW80_9LIST__Cas12-13-422m	0.11876148	0.02907223
tr_A0A842AJD9_A0A842AJD9_9LIST__Cas12-13	0.8979739	0.022273935
tr_A0A842AJD9_A0A842AJD9_9LIST__Cas12-13-423m	0.020838829	0.004688079
tr_A0A842FH06_A0A842FH06_9LIST__Cas12-13	0.9450135	0.013355915
tr_A0A842FH06_A0A842FH06_9LIST__Cas12-13-422m	0.019897263	0.003377249
tr_A0A842FQ63_A0A842FQ63_9LIST__Cas12-13	0.9477769	0.012325884
tr_A0A842FQ63_A0A842FQ63_9LIST__Cas12-13-424m	0.022917263	0.0049757836
tr_A0A851IW24_A0A851IW24_9FUSO__Cas12-13	0.3928294	0.0503372
tr_A0A851IW24_A0A851IW24_9FUSO__Cas12-13-467m	0.021242049	0.003988118
tr_A0A8B0SFG9_A0A8B0SFG9_9GAMM__Cas12-13	0.26887336	0.07015772
tr_A0A8B0SFG9_A0A8B0SFG9_9GAMM__Cas12-13-483m	0.046050683	0.0059857834
tr_A0A8E3AP48_A0A8E3AP48_9RHOB__Cas12-13	0.53274083	0.15317734
tr_A0A8E3AP48_A0A8E3AP48_9RHOB__Cas12-13-559m	0.035659283	0.0028622206
tr_A0A971EML5_A0A971EML5_9CLOT__Cas12-13	0.47821394	0.04366177
tr_A0A971EML5_A0A971EML5_9CLOT__Cas12-13-440m	0.033276226	0.00757229
tr_A0A9D1WUW9_A0A9D1WUW9_9FIRM__Cas12-13	0.47992444	0.12490166
tr_A0A9D1WUW9_A0A9D1WUW9_9FIRM__Cas12-13-536m	0.017046493	0.003308077
tr_D5AUW0_D5AUW0_RHOCB__Cas12-13	0.6002934	0.09402463
tr_D5AUW0_D5AUW0_RHOCB__Cas12-13-514m	0.08565654	0.01722678
tr_U2PBD1_U2PBD1_LEPWF__Cas12-13	0.35323447	0.06929859
tr_U2PBD1_U2PBD1_LEPWF__Cas12-13-479m	0.03501103	0.00863738
tr_U2PWF1_U2PWF1_LEPWF__Cas12-13	0.30676	0.05197418
tr_U2PWF1_U2PWF1_LEPWF__Cas12-13-461m	0.08146806	0.017319962
tr_U2QH90_U2QH90_9FUSO__Cas12-13	0.32355654	0.10748644
tr_U2QH90_U2QH90_9FUSO__Cas12-13-554m	0.02561237	0.004454035
tr_A0A850QNX9_A0A850QNX9_9BURK__Cas12-13	0.5338554	0.065039754
tr_A0A850QNX9_A0A850QNX9_9BURK__Cas12-13-496m	0.032350753	0.0039383923
tr_A0A9E2NRP4_A0A9E2NRP4_9GAMM__Cas12-13	0.7626802	0.04082289
tr_A0A9E2NRP4_A0A9E2NRP4_9GAMM__Cas12-13-534m	0.05654361	0.010334376
tr_A0A9X9ZA50_A0A9X9ZA50_9BURK__Cas12-13	0.34351248	0.06229339
tr_A0A9X9ZA50_A0A9X9ZA50_9BURK__Cas12-13-524m	0.03113026	0.0036029024
sp_A0Q7Q2_CS12A_FRATN__Cas12-13	0.855365	0.038309634
sp_A0Q7Q2_CS12A_FRATN__Cas12-13-520m	0.012272951	0.0022130208
sp_U2UMQ6_CS12A_ACISB__Cas12-13	0.8456682	0.039657593
sp_U2UMQ6_CS12A_ACISB__Cas12-13-523m	0.01625738	0.001706827
tr_A0A066UMX8_A0A066UMX8_9GAMM__Cas12-13	0.22489437	0.056911115
tr_A0A066UMX8_A0A066UMX8_9GAMM__Cas12-13-550m	0.01068575	0.0009403239
tr_A0A073IR12_A0A073IR12_9BACT__Cas12-13	0.87108785	0.036100123
tr_A0A073IR12_A0A073IR12_9BACT__Cas12-13-504m	0.02579092	0.0026113894
tr_A0A091FHB8_A0A091FHB8_9BACT__Cas12-13	0.62823415	0.090131745
tr_A0A091FHB8_A0A091FHB8_9BACT__Cas12-13-500m	0.032490302	0.0027970716
tr_A0A096CQA3_A0A096CQA3_9BACT__Cas12-13	0.5697806	0.06412899
tr_A0A096CQA3_A0A096CQA3_9BACT__Cas12-13-332m	0.055809516	0.0072452435
tr_A0A0A2FL75_A0A0A2FL75_9PORP__Cas12-13	0.9022328	0.023045698
tr_A0A0A2FL75_A0A0A2FL75_9PORP__Cas12-13-504m	0.019481895	0.0043852706
tr_A0A0A7LCY1_A0A0A7LCY1_9ARCH__Cas12-13	0.84900916	0.041433826
tr_A0A0A7LCY1_A0A0A7LCY1_9ARCH__Cas12-13-496m	0.019841233	0.002372423
tr_A0A0C1NU26_A0A0C1NU26_9BACT__Cas12-13	0.5851897	0.08761468
tr_A0A0C1NU26_A0A0C1NU26_9BACT__Cas12-13-500m	0.029267918	0.0027332895
tr_A0A0D6TKF1_A0A0D6TKF1_9FLAO__Cas12-13	0.75504655	0.068194106
tr_A0A0D6TKF1_A0A0D6TKF1_9FLAO__Cas12-13-510m	0.06859209	0.015212351
tr_A0A0E3UUQ3_A0A0E3UUQ3_9FUSO__Cas12-13	0.8762579	0.020637503
tr_A0A0E3UUQ3_A0A0E3UUQ3_9FUSO__Cas12-13-390m	0.10448916	0.01703229
tr_A0A0G0C7Y9_A0A0G0C7Y9_9BACT__Cas12-13	0.79781157	0.050723393
tr_A0A0G0C7Y9_A0A0G0C7Y9_9BACT__Cas12-13-591m	0.03799696	0.005442457
tr_A0A0G0GYZ0_A0A0G0GYZ0_9BACT__Cas12-13	0.8644296	0.036856856
tr_A0A0G0GYZ0_A0A0G0GYZ0_9BACT__Cas12-13-486m	0.032482147	0.0027102928
tr_A0A0G0JMW0_A0A0G0JMW0_9BACT__Cas12-13	0.764328	0.06899343
tr_A0A0G0JMW0_A0A0G0JMW0_9BACT__Cas12-13-514m	0.043097567	0.006169411
tr_A0A0G1HMT2_A0A0G1HMT2_9BACT__Cas12-13	0.75983715	0.073150046
tr_A0A0G1HMT2_A0A0G1HMT2_9BACT__Cas12-13-541m	0.013411942	0.0012645094
tr_A0A0G1HSW3_A0A0G1HSW3_9BACT__Cas12-13	0.6614701	0.06985905
tr_A0A0G1HSW3_A0A0G1HSW3_9BACT__Cas12-13-533m	0.02195626	0.0016007622
tr_A0A0G9K6E6_A0A0G9K6E6_9BACT__Cas12-13	0.8057476	0.047458142
tr_A0A0G9K6E6_A0A0G9K6E6_9BACT__Cas12-13-400m	0.14196205	0.01954191
tr_A0A0X3TJQ0_A0A0X3TJQ0_9GAMM__Cas12-13	0.78107476	0.053214777
tr_A0A0X3TJQ0_A0A0X3TJQ0_9GAMM__Cas12-13-520m	0.018565075	0.0019339258
tr_A0A133Y4S8_A0A133Y4S8_9BACT__Cas12-13	0.8677085	0.043621298
tr_A0A133Y4S8_A0A133Y4S8_9BACT__Cas12-13-497m	0.0332942	0.0046950364
tr_A0A173RQ21_A0A173RQ21_9FIRM__Cas12-13	0.90454036	0.017727692
tr_A0A173RQ21_A0A173RQ21_9FIRM__Cas12-13-506m	0.04346745	0.008028822
tr_A0A174G7N5_A0A174G7N5_9FIRM__Cas12-13	0.8935019	0.018630043
tr_A0A174G7N5_A0A174G7N5_9FIRM__Cas12-13-506m	0.04789446	0.008402824
tr_A0A174H7D3_A0A174H7D3_9FIRM__Cas12-13	0.88870305	0.020045351
tr_A0A174H7D3_A0A174H7D3_9FIRM__Cas12-13-506m	0.04160713	0.0072856587
tr_A0A174Z7A5_A0A174Z7A5_9FIRM__Cas12-13	0.8256866	0.03445095
tr_A0A174Z7A5_A0A174Z7A5_9FIRM__Cas12-13-513m	0.06676392	0.015126352
tr_A0A182DWE3_A0A182DWE3_9FIRM__Cas12-13	0.5944499	0.12943986
tr_A0A182DWE3_A0A182DWE3_9FIRM__Cas12-13-492m	0.04708688	0.0056012
tr_A0A1B8PW75_A0A1B8PW75_MORLA__Cas12-13	0.33650786	0.053233735
tr_A0A1B8PW75_A0A1B8PW75_MORLA__Cas12-13-506m	0.016953986	0.0014208667
tr_A0A1C5Q7Q5_A0A1C5Q7Q5_9CLOT__Cas12-13	0.8963088	0.036556233
tr_A0A1C5Q7Q5_A0A1C5Q7Q5_9CLOT__Cas12-13-509m	0.094615474	0.029576873
tr_A0A1C5QF09_A0A1C5QF09_9CLOT__Cas12-13	0.7581988	0.04555634
tr_A0A1C5QF09_A0A1C5QF09_9CLOT__Cas12-13-504m	0.02291045	0.0040998403
tr_A0A1D9P5I8_A0A1D9P5I8_9FIRM__Cas12-13	0.63288414	0.088178724
tr_A0A1D9P5I8_A0A1D9P5I8_9FIRM__Cas12-13-507m	0.028913703	0.005029913
tr_A0A1F3JTA5_A0A1F3JTA5_9BACT__Cas12-13	0.77754176	0.05651456
tr_A0A1F3JTA5_A0A1F3JTA5_9BACT__Cas12-13-501m	0.039067253	0.008281032
tr_A0A1F5ENJ2_A0A1F5ENJ2_9BACT__Cas12-13	0.6209749	0.0821962
tr_A0A1F5ENJ2_A0A1F5ENJ2_9BACT__Cas12-13-548m	0.039817322	0.008024888
tr_A0A1F5N4S5_A0A1F5N4S5_9BACT__Cas12-13	0.89056396	0.020191398
tr_A0A1F5N4S5_A0A1F5N4S5_9BACT__Cas12-13-332m	0.06965342	0.012861444
tr_A0A1F5S360_A0A1F5S360_9BACT__Cas12-13	0.7953644	0.054071307
tr_A0A1F5S360_A0A1F5S360_9BACT__Cas12-13-537m	0.02243026	0.0025745472
tr_A0A1G2A9Z1_A0A1G2A9Z1_9BACT__Cas12-13	0.7549922	0.07296595
tr_A0A1G2A9Z1_A0A1G2A9Z1_9BACT__Cas12-13-528m	0.02156539	0.002616085
tr_A0A1G2G724_A0A1G2G724_9BACT__Cas12-13	0.8882265	0.026740374
tr_A0A1G2G724_A0A1G2G724_9BACT__Cas12-13-537m	0.0660035	0.011273611
tr_A0A1G2R4W1_A0A1G2R4W1_9BACT__Cas12-13	0.716776	0.06688973
tr_A0A1G2R4W1_A0A1G2R4W1_9BACT__Cas12-13-556m	0.034857567	0.008146351
tr_A0A1G2X4C9_A0A1G2X4C9_9BACT__Cas12-13	0.79316145	0.03702384
tr_A0A1G2X4C9_A0A1G2X4C9_9BACT__Cas12-13-509m	0.018395785	0.0025300586
tr_A0A1G5RS09_A0A1G5RS09_PSEXY__Cas12-13	0.7294146	0.08715714
tr_A0A1G5RS09_A0A1G5RS09_PSEXY__Cas12-13-483m	0.028594771	0.0057784375
tr_A0A1G6JCV0_A0A1G6JCV0_9FIRM__Cas12-13	0.7046379	0.056662533
tr_A0A1G6JCV0_A0A1G6JCV0_9FIRM__Cas12-13-523m	0.01656321	0.0018859353
tr_A0A1J4TX42_A0A1J4TX42_9BACT__Cas12-13	0.71917194	0.07972635
tr_A0A1J4TX42_A0A1J4TX42_9BACT__Cas12-13-529m	0.025043804	0.0033687616
tr_A0A1J4U637_A0A1J4U637_9BACT__Cas12-13	0.870406	0.027018502
tr_A0A1J4U637_A0A1J4U637_9BACT__Cas12-13-553m	0.030485064	0.0026373353
tr_A0A1M7G246_A0A1M7G246_XYLRU__Cas12-13	0.93151647	0.01632445
tr_A0A1M7G246_A0A1M7G246_XYLRU__Cas12-13-501m	0.04428854	0.012230811
tr_A0A1Q2HSP0_A0A1Q2HSP0_9BACT__Cas12-13	0.82311714	0.049059168
tr_A0A1Q2HSP0_A0A1Q2HSP0_9BACT__Cas12-13-524m	0.012223215	0.0014939388
tr_A0A1Q2MH85_A0A1Q2MH85_9BACT__Cas12-13	0.8664983	0.061089605
tr_A0A1Q2MH85_A0A1Q2MH85_9BACT__Cas12-13-514m	0.036534704	0.005359199
tr_A0A1Q6QK63_A0A1Q6QK63_9FIRM__Cas12-13	0.9333614	0.020472467
tr_A0A1Q6QK63_A0A1Q6QK63_9FIRM__Cas12-13-506m	0.053998955	0.008943357
tr_A0A1T4JZ89_A0A1T4JZ89_9FIRM__Cas12-13	0.66300625	0.052378558
tr_A0A1T4JZ89_A0A1T4JZ89_9FIRM__Cas12-13-505m	0.2472746	0.043029588
tr_A0A1T4KTI7_A0A1T4KTI7_TREPO__Cas12-13	0.781472	0.05381755
tr_A0A1T4KTI7_A0A1T4KTI7_TREPO__Cas12-13-530m	0.053798407	0.007047719
tr_A0A1V4GTC2_A0A1V4GTC2_MORLA__Cas12-13	0.46765575	0.053136628
tr_A0A1V4GTC2_A0A1V4GTC2_MORLA__Cas12-13-501m	0.020320095	0.0044442858
tr_A0A1V5QNR7_A0A1V5QNR7_UNCAD__Cas12-13	0.45439148	0.088331416
tr_A0A1V5QNR7_A0A1V5QNR7_UNCAD__Cas12-13-524m	0.07442105	0.013917411
tr_A0A1V5W081_A0A1V5W081_9SPIR__Cas12-13	0.81666696	0.047428038
tr_A0A1V5W081_A0A1V5W081_9SPIR__Cas12-13-454m	0.05131073	0.01053243
tr_A0A1V5XK53_A0A1V5XK53_9FIRM__Cas12-13	0.9160782	0.021779282
tr_A0A1V5XK53_A0A1V5XK53_9FIRM__Cas12-13-518m	0.058086228	0.016271144
tr_A0A1Y4GSM8_A0A1Y4GSM8_9BACT__Cas12-13	0.91172856	0.023794467
tr_A0A1Y4GSM8_A0A1Y4GSM8_9BACT__Cas12-13-500m	0.015631845	0.0019005709
tr_A0A2G9MBL7_A0A2G9MBL7_9ARCH__Cas12-13	0.9482473	0.016269116
tr_A0A2G9MBL7_A0A2G9MBL7_9ARCH__Cas12-13-526m	0.022746252	0.0022469172
tr_A0A2G9P931_A0A2G9P931_UNCAD__Cas12-13	0.83419096	0.03798021
tr_A0A2G9P931_A0A2G9P931_UNCAD__Cas12-13-574m	0.024678696	0.0069738105
tr_A0A2H0BER8_A0A2H0BER8_UNCKA__Cas12-13	0.6830565	0.047820114
tr_A0A2H0BER8_A0A2H0BER8_UNCKA__Cas12-13-539m	0.029892217	0.005788668
tr_A0A2H0BYR2_A0A2H0BYR2_9BACT__Cas12-13	0.5813142	0.07701019
tr_A0A2H0BYR2_A0A2H0BYR2_9BACT__Cas12-13-587m	0.017164577	0.0019996166
tr_A0A2H0I5F9_A0A2H0I5F9_9BACT__Cas12-13	0.8408872	0.033452466
tr_A0A2H0I5F9_A0A2H0I5F9_9BACT__Cas12-13-532m	0.19989094	0.037079886
tr_A0A2H0KCN3_A0A2H0KCN3_9BACT__Cas12-13	0.87306994	0.024610618
tr_A0A2H0KCN3_A0A2H0KCN3_9BACT__Cas12-13-536m	0.019782798	0.0036466445
tr_A0A2H0KL31_A0A2H0KL31_9BACT__Cas12-13	0.81632346	0.048549417
tr_A0A2H0KL31_A0A2H0KL31_9BACT__Cas12-13-547m	0.019141737	0.003572043
tr_A0A2H0L640_A0A2H0L640_9BACT__Cas12-13	0.34764242	0.07047195
tr_A0A2H0L640_A0A2H0L640_9BACT__Cas12-13-606m	0.019874103	0.002251414
tr_A0A2H0NI76_A0A2H0NI76_9BACT__Cas12-13	0.713575	0.08079451
tr_A0A2H0NI76_A0A2H0NI76_9BACT__Cas12-13-529m	0.025060076	0.0034301768
tr_A0A2H0YLZ4_A0A2H0YLZ4_9BACT__Cas12-13	0.23359117	0.053999916
tr_A0A2H0YLZ4_A0A2H0YLZ4_9BACT__Cas12-13-619m	0.013071653	0.003134204
tr_A0A2H3K8K7_A0A2H3K8K7_9FLAO__Cas12-13	0.67153007	0.07556311
tr_A0A2H3K8K7_A0A2H3K8K7_9FLAO__Cas12-13-533m	0.037679844	0.0032217272
tr_A0A2H6AA12_A0A2H6AA12_UNCXX__Cas12-13	0.9123942	0.019545782
tr_A0A2H6AA12_A0A2H6AA12_UNCXX__Cas12-13-328m	0.081523016	0.014582884
tr_A0A2M6K9N7_A0A2M6K9N7_9BACT__Cas12-13	0.5095814	0.1098212
tr_A0A2M6K9N7_A0A2M6K9N7_9BACT__Cas12-13-541m	0.023053994	0.0020033054
tr_A0A2M6XU94_A0A2M6XU94_9BACT__Cas12-13	0.8738297	0.028542623
tr_A0A2M6XU94_A0A2M6XU94_9BACT__Cas12-13-602m	0.05736389	0.011929973
tr_A0A2M6Z2G0_A0A2M6Z2G0_9BACT__Cas12-13	0.3807776	0.08709341
tr_A0A2M6Z2G0_A0A2M6Z2G0_9BACT__Cas12-13-566m	0.02671259	0.002960278
tr_A0A2M7BTU8_A0A2M7BTU8_9BACT__Cas12-13	0.841431	0.04011356
tr_A0A2M7BTU8_A0A2M7BTU8_9BACT__Cas12-13-547m	0.0180755	0.003386226
tr_A0A2M7EKJ4_A0A2M7EKJ4_9BACT__Cas12-13	0.5951798	0.083198324
tr_A0A2M7EKJ4_A0A2M7EKJ4_9BACT__Cas12-13-372m	0.08245985	0.007555021
tr_A0A2M7IMU6_A0A2M7IMU6_9BACT__Cas12-13	0.8292465	0.044667963
tr_A0A2M7IMU6_A0A2M7IMU6_9BACT__Cas12-13-530m	0.08124429	0.013314778
tr_A0A2M7LK06_A0A2M7LK06_9BACT__Cas12-13	0.82800454	0.04486053
tr_A0A2M7LK06_A0A2M7LK06_9BACT__Cas12-13-547m	0.019516613	0.003774886
tr_A0A2M7XDN6_A0A2M7XDN6_9BACT__Cas12-13	0.85316765	0.03857672
tr_A0A2M7XDN6_A0A2M7XDN6_9BACT__Cas12-13-496m	0.025406906	0.004152702
tr_A0A2M8KVT8_A0A2M8KVT8_9BACT__Cas12-13	0.6650393	0.057046235
tr_A0A2M8KVT8_A0A2M8KVT8_9BACT__Cas12-13-531m	0.021705437	0.0013068081
tr_A0A2N0UJG4_A0A2N0UJG4_9FIRM__Cas12-13	0.7977723	0.056537323
tr_A0A2N0UJG4_A0A2N0UJG4_9FIRM__Cas12-13-498m	0.076280944	0.014311801
tr_A0A2N2WBK1_A0A2N2WBK1_9BACT__Cas12-13	0.7646178	0.055785958
tr_A0A2N2WBK1_A0A2N2WBK1_9BACT__Cas12-13-520m	0.029938856	0.0046502114
tr_A0A2N2ZXB7_A0A2N2ZXB7_9BACT__Cas12-13	0.6312452	0.071685806
tr_A0A2N2ZXB7_A0A2N2ZXB7_9BACT__Cas12-13-516m	0.02415336	0.003626837
tr_A0A2P2E441_A0A2P2E441_9LEPT__Cas12-13	0.90029716	0.036309652
tr_A0A2P2E441_A0A2P2E441_9LEPT__Cas12-13-509m	0.057331137	0.015389457
tr_A0A2S0VW63_A0A2S0VW63_9ALTE__Cas12-13	0.7771471	0.05489908
tr_A0A2S0VW63_A0A2S0VW63_9ALTE__Cas12-13-586m	0.019662004	0.0021476592
tr_A0A2T2QW30_A0A2T2QW30_9BACT__Cas12-13	0.75101906	0.08947809
tr_A0A2T2QW30_A0A2T2QW30_9BACT__Cas12-13-511m	0.03827222	0.004646537
tr_A0A2U7PC60_A0A2U7PC60_9BACT__Cas12-13	0.82183343	0.050797626
tr_A0A2U7PC60_A0A2U7PC60_9BACT__Cas12-13-534m	0.03346096	0.0034724502
tr_A0A2W4IMZ0_A0A2W4IMZ0_9BACT__Cas12-13	0.93061143	0.0141733205
tr_A0A2W4IMZ0_A0A2W4IMZ0_9BACT__Cas12-13-493m	0.032732043	0.007087413
tr_A0A2W4J069_A0A2W4J069_UNCGA__Cas12-13	0.73705006	0.0684165
tr_A0A2W4J069_A0A2W4J069_UNCGA__Cas12-13-546m	0.05492028	0.013012296
tr_A0A2X4PJM6_A0A2X4PJM6_9PORP__Cas12-13	0.9023452	0.02314768
tr_A0A2X4PJM6_A0A2X4PJM6_9PORP__Cas12-13-504m	0.020005437	0.004546436
tr_A0A316P764_A0A316P764_UNCCL__Cas12-13	0.78721136	0.07379719
tr_A0A316P764_A0A316P764_UNCCL__Cas12-13-490m	0.036504477	0.0041353917
tr_A0A328EET9_A0A328EET9_9BACT__Cas12-13	0.73187476	0.08203808
tr_A0A328EET9_A0A328EET9_9BACT__Cas12-13-548m	0.04174818	0.0058362884
tr_A0A328EF35_A0A328EF35_9BACT__Cas12-13	0.86714363	0.038851306
tr_A0A328EF35_A0A328EF35_9BACT__Cas12-13-495m	0.020697743	0.0029731034
tr_A0A328EL15_A0A328EL15_9BACT__Cas12-13	0.87755764	0.036807787
tr_A0A328EL15_A0A328EL15_9BACT__Cas12-13-522m	0.026390925	0.0065447832
tr_A0A348P4Q9_A0A348P4Q9_9FIRM__Cas12-13	0.63865066	0.13090567
tr_A0A348P4Q9_A0A348P4Q9_9FIRM__Cas12-13-505m	0.037349213	0.0031217206
tr_A0A350VWH6_A0A350VWH6_9FIRM__Cas12-13	0.6929286	0.06624163
tr_A0A350VWH6_A0A350VWH6_9FIRM__Cas12-13-526m	0.05643178	0.007078827
tr_A0A351IS13_A0A351IS13_9BACT__Cas12-13	0.15151863	0.049072165
tr_A0A351IS13_A0A351IS13_9BACT__Cas12-13-562m	0.031739675	0.004673567
tr_A0A373KVV0_A0A373KVV0_9FIRM__Cas12-13	0.7801338	0.061771624
tr_A0A373KVV0_A0A373KVV0_9FIRM__Cas12-13-498m	0.058748253	0.009769977
tr_A0A374DM81_A0A374DM81_9FIRM__Cas12-13	0.75659394	0.06640243
tr_A0A374DM81_A0A374DM81_9FIRM__Cas12-13-498m	0.06847828	0.01514813
tr_A0A374FWW8_A0A374FWW8_9FIRM__Cas12-13	0.6962207	0.07403948
tr_A0A374FWW8_A0A374FWW8_9FIRM__Cas12-13-498m	0.061499722	0.008545581
tr_A0A378PH00_A0A378PH00_9GAMM__Cas12-13	0.66353613	0.054934483
tr_A0A378PH00_A0A378PH00_9GAMM__Cas12-13-384m	0.042020924	0.004321324
tr_A0A378PT01_A0A378PT01_MORBO__Cas12-13	0.17053421	0.035880595
tr_A0A378PT01_A0A378PT01_MORBO__Cas12-13-505m	0.029976364	0.0035142652
tr_A0A378QIN5_A0A378QIN5_MORLA__Cas12-13	0.46522945	0.05325128
tr_A0A378QIN5_A0A378QIN5_MORLA__Cas12-13-501m	0.020514837	0.004465446
tr_A0A378QSI1_A0A378QSI1_9GAMM__Cas12-13	0.20385364	0.04675405
tr_A0A378QSI1_A0A378QSI1_9GAMM__Cas12-13-501m	0.017962666	0.0036851498
tr_A0A378QYS8_A0A378QYS8_9GAMM__Cas12-13	0.20835336	0.047067795
tr_A0A378QYS8_A0A378QYS8_9GAMM__Cas12-13-506m	0.017831085	0.002455888
tr_A0A378TA44_A0A378TA44_MORLA__Cas12-13	0.28761417	0.06344829
tr_A0A378TA44_A0A378TA44_MORLA__Cas12-13-505m	0.039025083	0.0050817053
tr_A0A379DK25_A0A379DK25_9PORP__Cas12-13	0.895803	0.027631551
tr_A0A379DK25_A0A379DK25_9PORP__Cas12-13-499m	0.03149865	0.0021366535
tr_A0A388TJB5_A0A388TJB5_9BACT__Cas12-13	0.887225	0.031817343
tr_A0A388TJB5_A0A388TJB5_9BACT__Cas12-13-354m	0.084593266	0.011350786
tr_A0A395ZM57_A0A395ZM57_9FIRM__Cas12-13	0.8824339	0.020554394
tr_A0A395ZM57_A0A395ZM57_9FIRM__Cas12-13-506m	0.040089875	0.007100605
tr_A0A3A4VC07_A0A3A4VC07_9BACT__Cas12-13	0.83914155	0.027973458
tr_A0A3A4VC07_A0A3A4VC07_9BACT__Cas12-13-399m	0.0477461	0.010946711
tr_A0A3A5R7B9_A0A3A5R7B9_9FIRM__Cas12-13	0.9211525	0.016286526
tr_A0A3A5R7B9_A0A3A5R7B9_9FIRM__Cas12-13-340m	0.19510935	0.018565336
tr_A0A3B9V9C3_A0A3B9V9C3_UNCDE__Cas12-13	0.7913925	0.04521463
tr_A0A3B9V9C3_A0A3B9V9C3_UNCDE__Cas12-13-519m	0.011539731	0.001482749
tr_A0A3C1TMF1_A0A3C1TMF1_9BACT__Cas12-13	0.66813815	0.08154002
tr_A0A3C1TMF1_A0A3C1TMF1_9BACT__Cas12-13-404m	0.08997826	0.014560758
tr_A0A3C2D4F4_A0A3C2D4F4_9BACT__Cas12-13	0.7608045	0.075295076
tr_A0A3C2D4F4_A0A3C2D4F4_9BACT__Cas12-13-512m	0.037787084	0.0053835027
tr_A0A3E1EYK1_A0A3E1EYK1_9FLAO__Cas12-13	0.77029926	0.059767917
tr_A0A3E1EYK1_A0A3E1EYK1_9FLAO__Cas12-13-519m	0.01716617	0.0027009028
tr_A0A3E4M560_A0A3E4M560_9FIRM__Cas12-13	0.89362764	0.019125683
tr_A0A3E4M560_A0A3E4M560_9FIRM__Cas12-13-506m	0.04133372	0.008018061
tr_A0A3E4WKP2_A0A3E4WKP2_9BACT__Cas12-13	0.8308355	0.04903143
tr_A0A3E4WKP2_A0A3E4WKP2_9BACT__Cas12-13-498m	0.027968362	0.0014215066
tr_A0A3E5ARN3_A0A3E5ARN3_9FIRM__Cas12-13	0.8988842	0.01857095
tr_A0A3E5ARN3_A0A3E5ARN3_9FIRM__Cas12-13-506m	0.0444437	0.008544708
tr_A0A3G3IGR4_A0A3G3IGR4_9ARCH__Cas12-13	0.94880277	0.020087793
tr_A0A3G3IGR4_A0A3G3IGR4_9ARCH__Cas12-13-491m	0.028113842	0.00398472
tr_A0A3L7ZY20_A0A3L7ZY20_9BACT__Cas12-13	0.808327	0.03832353
tr_A0A3L7ZY20_A0A3L7ZY20_9BACT__Cas12-13-501m	0.025346095	0.005240303
tr_A0A3R5WPV1_A0A3R5WPV1_9FIRM__Cas12-13	0.7820165	0.040196788
tr_A0A3R5WPV1_A0A3R5WPV1_9FIRM__Cas12-13-523m	0.041825037	0.0062882304
tr_A0A3R6QHH5_A0A3R6QHH5_9CLOT__Cas12-13	0.7364697	0.048534643
tr_A0A3R6QHH5_A0A3R6QHH5_9CLOT__Cas12-13-504m	0.023125244	0.004033556
tr_A0A3R6U2T4_A0A3R6U2T4_9FIRM__Cas12-13	0.8730772	0.028863054
tr_A0A3R6U2T4_A0A3R6U2T4_9FIRM__Cas12-13-512m	0.11446349	0.026997123
tr_A0A412DWT9_A0A412DWT9_9FIRM__Cas12-13	0.7549387	0.061227717
tr_A0A412DWT9_A0A412DWT9_9FIRM__Cas12-13-498m	0.05697581	0.008925984
tr_A0A413K8X0_A0A413K8X0_9FIRM__Cas12-13	0.74198043	0.061204944
tr_A0A413K8X0_A0A413K8X0_9FIRM__Cas12-13-498m	0.049776174	0.009565683
tr_A0A413MF24_A0A413MF24_9FIRM__Cas12-13	0.9244294	0.017882735
tr_A0A413MF24_A0A413MF24_9FIRM__Cas12-13-428m	0.08218232	0.02304529
tr_A0A413QB63_A0A413QB63_9FIRM__Cas12-13	0.9028729	0.02286736
tr_A0A413QB63_A0A413QB63_9FIRM__Cas12-13-457m	0.04626676	0.011407005
tr_A0A413R8Q5_A0A413R8Q5_9FIRM__Cas12-13	0.87844527	0.026288548
tr_A0A413R8Q5_A0A413R8Q5_9FIRM__Cas12-13-504m	0.10391034	0.026446383
tr_A0A413RV11_A0A413RV11_9FIRM__Cas12-13	0.8858633	0.025734188
tr_A0A413RV11_A0A413RV11_9FIRM__Cas12-13-504m	0.10432224	0.026301011
tr_A0A413T5P7_A0A413T5P7_9FIRM__Cas12-13	0.9501182	0.013150639
tr_A0A413T5P7_A0A413T5P7_9FIRM__Cas12-13-327m	0.27685323	0.07520047
tr_A0A414G2J9_A0A414G2J9_9BACT__Cas12-13	0.82560664	0.051452063
tr_A0A414G2J9_A0A414G2J9_9BACT__Cas12-13-498m	0.02713336	0.0017160678
tr_A0A414IW66_A0A414IW66_9FIRM__Cas12-13	0.8902052	0.0199043
tr_A0A414IW66_A0A414IW66_9FIRM__Cas12-13-506m	0.038806684	0.0067416537
tr_A0A414R465_A0A414R465_9FIRM__Cas12-13	0.8775815	0.026528366
tr_A0A414R465_A0A414R465_9FIRM__Cas12-13-504m	0.104457095	0.026670218
tr_A0A414RIR8_A0A414RIR8_9BACT__Cas12-13	0.8398781	0.043207455
tr_A0A414RIR8_A0A414RIR8_9BACT__Cas12-13-498m	0.02745752	0.001920413
tr_A0A415GCN6_A0A415GCN6_9BACT__Cas12-13	0.93893796	0.01541546
tr_A0A415GCN6_A0A415GCN6_9BACT__Cas12-13-411m	0.045752436	0.0075479597
tr_A0A415IKQ5_A0A415IKQ5_9FIRM__Cas12-13	0.89157134	0.01982116
tr_A0A415IKQ5_A0A415IKQ5_9FIRM__Cas12-13-506m	0.04018449	0.007761142
tr_A0A415LEH8_A0A415LEH8_9FIRM__Cas12-13	0.87843543	0.026965715
tr_A0A415LEH8_A0A415LEH8_9FIRM__Cas12-13-504m	0.11666509	0.030857194
tr_A0A416EAC0_A0A416EAC0_9CLOT__Cas12-13	0.737673	0.05166452
tr_A0A416EAC0_A0A416EAC0_9CLOT__Cas12-13-504m	0.022153065	0.003574678
tr_A0A416VBR3_A0A416VBR3_9FIRM__Cas12-13	0.75310695	0.04633391
tr_A0A416VBR3_A0A416VBR3_9FIRM__Cas12-13-523m	0.041887004	0.0064518135
tr_A0A496LBF5_A0A496LBF5_UNCBA__Cas12-13	0.7556981	0.074063584
tr_A0A496LBF5_A0A496LBF5_UNCBA__Cas12-13-348m	0.09266162	0.017447803
tr_A0A4P8XWX8_A0A4P8XWX8_9FIRM__Cas12-13	0.7711917	0.050563123
tr_A0A4P8XWX8_A0A4P8XWX8_9FIRM__Cas12-13-512m	0.08151336	0.014237662
tr_A0A4R9C145_A0A4R9C145_9FIRM__Cas12-13	0.72247547	0.05631035
tr_A0A4R9C145_A0A4R9C145_9FIRM__Cas12-13-530m	0.05079155	0.011895588
tr_A0A4R9LNU5_A0A4R9LNU5_9LEPT__Cas12-13	0.54211384	0.10450615
tr_A0A4R9LNU5_A0A4R9LNU5_9LEPT__Cas12-13-625m	0.028198918	0.002861505
tr_A0A4U2Z946_A0A4U2Z946_9BACT__Cas12-13	0.79782605	0.055054374
tr_A0A4U2Z946_A0A4U2Z946_9BACT__Cas12-13-479m	0.020349635	0.002233686
tr_A0A543G1G4_A0A543G1G4_9FLAO__Cas12-13	0.7346713	0.070217505
tr_A0A543G1G4_A0A543G1G4_9FLAO__Cas12-13-528m	0.021658989	0.0023150318
tr_A0A554KD73_A0A554KD73_9BACT__Cas12-13	0.873731	0.030788077
tr_A0A554KD73_A0A554KD73_9BACT__Cas12-13-518m	0.033826824	0.0041708634
tr_A0A5F0K1C5_A0A5F0K1C5_9FIRM__Cas12-13	0.7206798	0.05667807
tr_A0A5F0K1C5_A0A5F0K1C5_9FIRM__Cas12-13-530m	0.0512578	0.012165426
tr_A0A5P6VT62_A0A5P6VT62_PSEXY__Cas12-13	0.57723933	0.17714094
tr_A0A5P6VT62_A0A5P6VT62_PSEXY__Cas12-13-482m	0.058962267	0.017226575
tr_A0A5S4VUB9_A0A5S4VUB9_9FIRM__Cas12-13	0.8968421	0.019328028
tr_A0A5S4VUB9_A0A5S4VUB9_9FIRM__Cas12-13-506m	0.044119332	0.008192738
tr_A0A5S8WF58_A0A5S8WF58_9FIRM__Cas12-13	0.8959588	0.024654986
tr_A0A5S8WF58_A0A5S8WF58_9FIRM__Cas12-13-492m	0.04244623	0.008773684
tr_A0A660MZK4_A0A660MZK4_UNCGA__Cas12-13	0.782099	0.05726602
tr_A0A660MZK4_A0A660MZK4_UNCGA__Cas12-13-478m	0.028663795	0.003828136
tr_A0A6L5T656_A0A6L5T656_9FIRM__Cas12-13	0.8993961	0.018693425
tr_A0A6L5T656_A0A6L5T656_9FIRM__Cas12-13-506m	0.044478666	0.008316024
tr_A0A6L5XAH8_A0A6L5XAH8_9BACT__Cas12-13	0.7689321	0.054437976
tr_A0A6L5XAH8_A0A6L5XAH8_9BACT__Cas12-13-503m	0.024678154	0.004288864
tr_A0A6L9KEV1_A0A6L9KEV1_9BACT__Cas12-13	0.8128418	0.05978067
tr_A0A6L9KEV1_A0A6L9KEV1_9BACT__Cas12-13-517m	0.027152056	0.0031545956
tr_A0A7C4J238_A0A7C4J238_UNCSP__Cas12-13	0.6925956	0.06406295
tr_A0A7C4J238_A0A7C4J238_UNCSP__Cas12-13-514m	0.030703237	0.0037713114
tr_A0A7C6JPC1_A0A7C6JPC1_9BACT__Cas12-13	0.9060966	0.020676928
tr_A0A7C6JPC1_A0A7C6JPC1_9BACT__Cas12-13-543m	0.046529405	0.005905189
tr_A0A7C9H0Z9_A0A7C9H0Z9_9FIRM__Cas12-13	0.84885895	0.03513811
tr_A0A7C9H0Z9_A0A7C9H0Z9_9FIRM__Cas12-13-513m	0.067723535	0.01562558
tr_A0A7T3RDH8_A0A7T3RDH8_9SPIR__Cas12-13	0.82302713	0.049075905
tr_A0A7T3RDH8_A0A7T3RDH8_9SPIR__Cas12-13-534m	0.029980961	0.0061542727
tr_A0A7V6IQ32_A0A7V6IQ32_9CLOT__Cas12-13	0.84313774	0.039441828
tr_A0A7V6IQ32_A0A7V6IQ32_9CLOT__Cas12-13-542m	0.09068059	0.023799138
tr_A0A7V6TK38_A0A7V6TK38_9CLOT__Cas12-13	0.6606104	0.05090888
tr_A0A7V6TK38_A0A7V6TK38_9CLOT__Cas12-13-542m	0.016222062	0.0019328553
tr_A0A7W4HGG7_A0A7W4HGG7_9BACT__Cas12-13	0.73999166	0.05235447
tr_A0A7W4HGG7_A0A7W4HGG7_9BACT__Cas12-13-494m	0.014829132	0.0021469877
tr_A0A7X5JDJ4_A0A7X5JDJ4_9BACT__Cas12-13	0.82214946	0.068032734
tr_A0A7X5JDJ4_A0A7X5JDJ4_9BACT__Cas12-13-512m	0.04256717	0.0067632883
tr_A0A7X7BUP8_A0A7X7BUP8_9GAMM__Cas12-13	0.8498648	0.034717284
tr_A0A7X7BUP8_A0A7X7BUP8_9GAMM__Cas12-13-522m	0.022664156	0.0032135928
tr_A0A7X7MW58_A0A7X7MW58_UNCCL__Cas12-13	0.8898238	0.022524115
tr_A0A7X7MW58_A0A7X7MW58_UNCCL__Cas12-13-379m	0.056604028	0.011993714
tr_A0A7X7P0B2_A0A7X7P0B2_9FIRM__Cas12-13	0.44182873	0.092275985
tr_A0A7X7P0B2_A0A7X7P0B2_9FIRM__Cas12-13-381m	0.029566377	0.006957435
tr_A0A7X8J493_A0A7X8J493_9BACT__Cas12-13	0.6911286	0.077742375
tr_A0A7X8J493_A0A7X8J493_9BACT__Cas12-13-545m	0.038735136	0.005348907
tr_A0A7Y5C4G7_A0A7Y5C4G7_9FLAO__Cas12-13	0.8868433	0.030437045
tr_A0A7Y5C4G7_A0A7Y5C4G7_9FLAO__Cas12-13-544m	0.07992209	0.015887741
tr_A0A7Y7TJ07_A0A7Y7TJ07_UNCBA__Cas12-13	0.763823	0.062724285
tr_A0A7Y7TJ07_A0A7Y7TJ07_UNCBA__Cas12-13-501m	0.025079597	0.0032915876
tr_A0A839JUN2_A0A839JUN2_9BACT__Cas12-13	0.76386416	0.0431703
tr_A0A839JUN2_A0A839JUN2_9BACT__Cas12-13-494m	0.032999177	0.007814262
tr_A0A840SFS7_A0A840SFS7_9SPIR__Cas12-13	0.74087673	0.06745961
tr_A0A840SFS7_A0A840SFS7_9SPIR__Cas12-13-548m	0.031573776	0.0032019434
tr_A0A8I1J0X3_A0A8I1J0X3_9FIRM__Cas12-13	0.795585	0.0480005
tr_A0A8I1J0X3_A0A8I1J0X3_9FIRM__Cas12-13-491m	0.03775529	0.004161208
tr_A0A8T5DKE2_A0A8T5DKE2_UNCAD__Cas12-13	0.66931564	0.070215784
tr_A0A8T5DKE2_A0A8T5DKE2_UNCAD__Cas12-13-524m	0.049228072	0.005997961
tr_A0A927YNR0_A0A927YNR0_9FIRM__Cas12-13	0.8658191	0.031192942
tr_A0A927YNR0_A0A927YNR0_9FIRM__Cas12-13-498m	0.04571895	0.0025391493
tr_A0A928GYF7_A0A928GYF7_9BACT__Cas12-13	0.38432008	0.126621
tr_A0A928GYF7_A0A928GYF7_9BACT__Cas12-13-523m	0.036867805	0.007072132
tr_A0A929SBX7_A0A929SBX7_UNCGA__Cas12-13	0.7557271	0.052372176
tr_A0A929SBX7_A0A929SBX7_UNCGA__Cas12-13-492m	0.06883433	0.009194034
tr_A0A930BC56_A0A930BC56_9FIRM__Cas12-13	0.8186408	0.035126008
tr_A0A930BC56_A0A930BC56_9FIRM__Cas12-13-536m	0.0241259	0.003667157
tr_A0A934E860_A0A934E860_9BACT__Cas12-13	0.7002605	0.11746277
tr_A0A934E860_A0A934E860_9BACT__Cas12-13-514m	0.04327629	0.005777161
tr_A0A935HJX8_A0A935HJX8_9SPHI__Cas12-13	0.799499	0.08673294
tr_A0A935HJX8_A0A935HJX8_9SPHI__Cas12-13-485m	0.020550817	0.0042951126
tr_A0A943XG95_A0A943XG95_CLOSP__Cas12-13	0.9567615	0.010972926
tr_A0A943XG95_A0A943XG95_CLOSP__Cas12-13-438m	0.0628234	0.014924655
tr_A0A944AWY9_A0A944AWY9_9SPIR__Cas12-13	0.5497738	0.064271756
tr_A0A944AWY9_A0A944AWY9_9SPIR__Cas12-13-512m	0.029526282	0.0030612615
tr_A0A944DCC9_A0A944DCC9_UNCGA__Cas12-13	0.8390463	0.0627206
tr_A0A944DCC9_A0A944DCC9_UNCGA__Cas12-13-532m	0.1286107	0.04321825
tr_A0A944G251_A0A944G251_9SPIR__Cas12-13	0.8534026	0.034662277
tr_A0A944G251_A0A944G251_9SPIR__Cas12-13-519m	0.03070254	0.005585794
tr_A0A944GKD6_A0A944GKD6_9BACT__Cas12-13	0.572414	0.08693858
tr_A0A944GKD6_A0A944GKD6_9BACT__Cas12-13-506m	0.047641885	0.005058849
tr_A0A948YCH0_A0A948YCH0_UNCPA__Cas12-13	0.83829165	0.029812701
tr_A0A948YCH0_A0A948YCH0_UNCPA__Cas12-13-520m	0.044173114	0.0059786285
tr_A0A951R656_A0A951R656_UNCPA__Cas12-13	0.7257779	0.053972792
tr_A0A951R656_A0A951R656_UNCPA__Cas12-13-515m	0.029965922	0.0026019549
tr_A0A951ZZ82_A0A951ZZ82_UNCPA__Cas12-13	0.86556864	0.028599976
tr_A0A951ZZ82_A0A951ZZ82_UNCPA__Cas12-13-519m	0.053565048	0.008610807
tr_A0A952AVH5_A0A952AVH5_UNCPA__Cas12-13	0.7628864	0.07719001
tr_A0A952AVH5_A0A952AVH5_UNCPA__Cas12-13-501m	0.0740052	0.010016263
tr_A0A969ZZ01_A0A969ZZ01_9FIRM__Cas12-13	0.79726374	0.07488932
tr_A0A969ZZ01_A0A969ZZ01_9FIRM__Cas12-13-520m	0.023677781	0.0025660633
tr_A0A971MR68_A0A971MR68_UNCFI__Cas12-13	0.5506256	0.11911803
tr_A0A971MR68_A0A971MR68_UNCFI__Cas12-13-371m	0.08605958	0.015416451
tr_A0A9D1RFF1_A0A9D1RFF1_9BACT__Cas12-13	0.93632203	0.017264826
tr_A0A9D1RFF1_A0A9D1RFF1_9BACT__Cas12-13-428m	0.033876292	0.00822532
tr_A0A9D1T1T5_A0A9D1T1T5_9BACT__Cas12-13	0.84309673	0.03538452
tr_A0A9D1T1T5_A0A9D1T1T5_9BACT__Cas12-13-513m	0.01895836	0.004238984
tr_A0A9D2E0I7_A0A9D2E0I7_9BACT__Cas12-13	0.69696087	0.09420456
tr_A0A9D2E0I7_A0A9D2E0I7_9BACT__Cas12-13-489m	0.04617107	0.0128532015
tr_A0A9D2J165_A0A9D2J165_9BACE__Cas12-13	0.76359606	0.079088986
tr_A0A9D2J165_A0A9D2J165_9BACE__Cas12-13-503m	0.01922941	0.0028395832
tr_A0A9D5SBQ4_A0A9D5SBQ4_9BACT__Cas12-13	0.7642078	0.05842589
tr_A0A9D5SBQ4_A0A9D5SBQ4_9BACT__Cas12-13-497m	0.027940655	0.0057953144
tr_A0A9D8IGB0_A0A9D8IGB0_UNCPL__Cas12-13	0.86432564	0.030186113
tr_A0A9D8IGB0_A0A9D8IGB0_UNCPL__Cas12-13-544m	0.02664021	0.0048438637
tr_A0A9D8IGZ7_A0A9D8IGZ7_UNCPL__Cas12-13	0.8541829	0.036404103
tr_A0A9D8IGZ7_A0A9D8IGZ7_UNCPL__Cas12-13-529m	0.026078468	0.00288176
tr_A0A9D8TIK2_A0A9D8TIK2_9BACT__Cas12-13	0.85294247	0.03774564
tr_A0A9D8TIK2_A0A9D8TIK2_9BACT__Cas12-13-522m	0.011921341	0.0011243213
tr_A0A9D8TJA5_A0A9D8TJA5_9BACT__Cas12-13	0.79492205	0.050660137
tr_A0A9D8TJA5_A0A9D8TJA5_9BACT__Cas12-13-507m	0.022900414	0.002744907
tr_A0A9D8WTH5_A0A9D8WTH5_9SPIR__Cas12-13	0.8240528	0.055049997
tr_A0A9D8WTH5_A0A9D8WTH5_9SPIR__Cas12-13-518m	0.07484933	0.016539894
tr_A0A9D9CPV2_A0A9D9CPV2_9BACT__Cas12-13	0.87078077	0.034558147
tr_A0A9D9CPV2_A0A9D9CPV2_9BACT__Cas12-13-485m	0.05945289	0.009602537
tr_A0A9E0V6E4_A0A9E0V6E4_UNCBA__Cas12-13	0.75228417	0.063951425
tr_A0A9E0V6E4_A0A9E0V6E4_UNCBA__Cas12-13-594m	0.020462992	0.0024597603
tr_A0A9E0V828_A0A9E0V828_UNCBA__Cas12-13	0.7265813	0.084345296
tr_A0A9E0V828_A0A9E0V828_UNCBA__Cas12-13-511m	0.056969	0.009530511
tr_A0A9E2I9K5_A0A9E2I9K5_UNCPA__Cas12-13	0.77017343	0.046864256
tr_A0A9E2I9K5_A0A9E2I9K5_UNCPA__Cas12-13-531m	0.035252213	0.005557064
tr_A0A9E3NKD4_A0A9E3NKD4_9FLAO__Cas12-13	0.7623726	0.04836277
tr_A0A9E3NKD4_A0A9E3NKD4_9FLAO__Cas12-13-530m	0.02104801	0.0048545008
tr_A0A9Y2YAH1_A0A9Y2YAH1_9FIRM__Cas12-13	0.6939553	0.122161396
tr_A0A9Y2YAH1_A0A9Y2YAH1_9FIRM__Cas12-13-483m	0.047014933	0.00426535
tr_A0AA37MEL7_A0AA37MEL7_SEGBR__Cas12-13	0.845247	0.043054257
tr_A0AA37MEL7_A0AA37MEL7_SEGBR__Cas12-13-499m	0.037569255	0.0051740794
tr_A0AA92TRX8_A0AA92TRX8_9BACT__Cas12-13	0.8128668	0.049372036
tr_A0AA92TRX8_A0AA92TRX8_9BACT__Cas12-13-510m	0.025716215	0.0050241495
tr_A0AA92W1U3_A0AA92W1U3_9BACT__Cas12-13	0.7784518	0.06056022
tr_A0AA92W1U3_A0AA92W1U3_9BACT__Cas12-13-523m	0.01824608	0.0022061155
tr_A0AAC8PU27_A0AAC8PU27_9GAMM__Cas12-13	0.20724669	0.04936247
tr_A0AAC8PU27_A0AAC8PU27_9GAMM__Cas12-13-505m	0.030402973	0.004959207
tr_A0AAE0T876_A0AAE0T876_9BIVA__Cas12-13	0.8549719	0.03430445
tr_A0AAE0T876_A0AAE0T876_9BIVA__Cas12-13-478m	0.031076279	0.0049195094
tr_A0AAE3A1Z5_A0AAE3A1Z5_9FIRM__Cas12-13	0.7888336	0.04011962
tr_A0AAE3A1Z5_A0AAE3A1Z5_9FIRM__Cas12-13-504m	0.022485258	0.004131727
tr_C4Z1Q1_C4Z1Q1_LACE2__Cas12-13	0.8165234	0.03406475
tr_C4Z1Q1_C4Z1Q1_LACE2__Cas12-13-513m	0.074761465	0.017106546
tr_D7JGI7_D7JGI7_9BACT__Cas12-13	0.819522	0.06255159
tr_D7JGI7_D7JGI7_9BACT__Cas12-13-505m	0.06563358	0.010637624
tr_D8E0G1_D8E0G1_9BACT__Cas12-13	0.8050243	0.040661216
tr_D8E0G1_D8E0G1_9BACT__Cas12-13-503m	0.03941279	0.00588129
tr_E1KQG5_E1KQG5_9BACT__Cas12-13	0.82616746	0.050773963
tr_E1KQG5_E1KQG5_9BACT__Cas12-13-530m	0.019591663	0.0019673593
tr_G2Z495_G2Z495_FLABF__Cas12-13	0.7204154	0.075431876
tr_G2Z495_G2Z495_FLABF__Cas12-13-528m	0.020396408	0.0027161685
tr_H3NP38_H3NP38_9FIRM__Cas12-13	0.7554189	0.060077395
tr_H3NP38_H3NP38_9FIRM__Cas12-13-524m	0.19705603	0.041875813
tr_K2DM42_K2DM42_9BACT__Cas12-13	0.90637654	0.018779483
tr_K2DM42_K2DM42_9BACT__Cas12-13-387m	0.05378834	0.010264488
tr_R6A532_R6A532_9FIRM__Cas12-13	0.8628742	0.024828589
tr_R6A532_R6A532_9FIRM__Cas12-13-513m	0.06996095	0.015005926
tr_R9KJ83_R9KJ83_9FIRM__Cas12-13	0.86472046	0.027068501
tr_R9KJ83_R9KJ83_9FIRM__Cas12-13-492m	0.069076456	0.017332403
tr_V6HCU8_V6HCU8_9LEPT__Cas12-13	0.87576616	0.04789477
tr_V6HCU8_V6HCU8_9LEPT__Cas12-13-506m	0.02423512	0.0035849384
sp_T0D7A2_CS12B_ALIAG__Cas12-13	0.6463617	0.07469768
sp_T0D7A2_CS12B_ALIAG__Cas12-13-452m	0.010736317	0.0027027202
tr_A0A2N5G714_A0A2N5G714_9BACI__Cas12-13	0.8047981	0.03471766
tr_A0A2N5G714_A0A2N5G714_9BACI__Cas12-13-445m	0.056153435	0.0045002
tr_A0A3M8AW67_A0A3M8AW67_9BACL__Cas12-13	0.8894045	0.027959233
tr_A0A3M8AW67_A0A3M8AW67_9BACL__Cas12-13-444m	0.014102297	0.0022803897
tr_A0A3M8BCW8_A0A3M8BCW8_9BACL__Cas12-13	0.7621213	0.05724698
tr_A0A3M8BCW8_A0A3M8BCW8_9BACL__Cas12-13-444m	0.015522438	0.0027496156
tr_A0A6I3SPI6_A0A6I3SPI6_HELMO__Cas12-13	0.43308526	0.07108697
tr_A0A6I3SPI6_A0A6I3SPI6_HELMO__Cas12-13-589m	0.025390154	0.002589645
tr_A0A6M1UF64_A0A6M1UF64_9BACL__Cas12-13	0.8818553	0.03066525
tr_A0A6M1UF64_A0A6M1UF64_9BACL__Cas12-13-436m	0.020884762	0.0018812566
tr_A0A6N9TP17_A0A6N9TP17_DISTH__Cas12-13	0.243174	0.07507156
tr_A0A6N9TP17_A0A6N9TP17_DISTH__Cas12-13-612m	0.023313394	0.006125809
tr_A0A7S6MDR7_A0A7S6MDR7_9BACT__Cas12-13	0.6774337	0.056832187
tr_A0A7S6MDR7_A0A7S6MDR7_9BACT__Cas12-13-584m	0.024009038	0.0038091105
tr_A0A7T5ELD8_A0A7T5ELD8_9BACL__Cas12-13	0.82033396	0.039142314
tr_A0A7T5ELD8_A0A7T5ELD8_9BACL__Cas12-13-444m	0.018136155	0.003557972
tr_A0A7X7KIS4_A0A7X7KIS4_9BACT__Cas12-13	0.75311977	0.046938293
tr_A0A7X7KIS4_A0A7X7KIS4_9BACT__Cas12-13-565m	0.04434406	0.006499339
tr_A0A7X8UMW7_A0A7X8UMW7_UNCPL__Cas12-13	0.76170343	0.05199113
tr_A0A7X8UMW7_A0A7X8UMW7_UNCPL__Cas12-13-604m	0.011461766	0.004451902
tr_A0A7X8X2U5_A0A7X8X2U5_UNCCL__Cas12-13	0.84333247	0.044787206
tr_A0A7X8X2U5_A0A7X8X2U5_UNCCL__Cas12-13-448m	0.05571891	0.012885192
tr_A0A928T6C4_A0A928T6C4_9BACT__Cas12-13	0.6931953	0.05651707
tr_A0A928T6C4_A0A928T6C4_9BACT__Cas12-13-642m	0.0349676	0.003271632
tr_A0A932D685_A0A932D685_UNCVE__Cas12-13	0.84732425	0.0392257
tr_A0A932D685_A0A932D685_UNCVE__Cas12-13-566m	0.028416548	0.0019133107
tr_A0A933JER1_A0A933JER1_UNCEL__Cas12-13	0.8958209	0.028943082
tr_A0A933JER1_A0A933JER1_UNCEL__Cas12-13-592m	0.034325607	0.0029917741
tr_A0A933UAD6_A0A933UAD6_UNCVE__Cas12-13	0.78250444	0.0415271
tr_A0A933UAD6_A0A933UAD6_UNCVE__Cas12-13-701m	0.03409527	0.0037120224
tr_A0A933X5B0_A0A933X5B0_UNCVE__Cas12-13	0.8458355	0.033557013
tr_A0A933X5B0_A0A933X5B0_UNCVE__Cas12-13-592m	0.02640427	0.0020920837
tr_A0A936LT08_A0A936LT08_9BACT__Cas12-13	0.9588728	0.008376887
tr_A0A936LT08_A0A936LT08_9BACT__Cas12-13-590m	0.018114498	0.003047033
tr_A0A939A6Q9_A0A939A6Q9_UNCDE__Cas12-13	0.9575852	0.0080257105
tr_A0A939A6Q9_A0A939A6Q9_UNCDE__Cas12-13-442m	0.106052555	0.01691826
tr_A0A942KPX6_A0A942KPX6_9ACTN__Cas12-13	0.836089	0.038041078
tr_A0A942KPX6_A0A942KPX6_9ACTN__Cas12-13-412m	0.05076323	0.0067723133
tr_A0A952VJP6_A0A952VJP6_9BACT__Cas12-13	0.8416875	0.038672756
tr_A0A952VJP6_A0A952VJP6_9BACT__Cas12-13-673m	0.015128707	0.007862578
tr_A0A952WQY1_A0A952WQY1_9BACT__Cas12-13	0.88216877	0.02764462
tr_A0A952WQY1_A0A952WQY1_9BACT__Cas12-13-671m	0.014969113	0.005123209
tr_A0A954L0L4_A0A954L0L4_9PLAN__Cas12-13	0.4007844	0.09982188
tr_A0A954L0L4_A0A954L0L4_9PLAN__Cas12-13-507m	0.019252812	0.0019816735
tr_A0A960Y2K7_A0A960Y2K7_9LEPT__Cas12-13	0.8284254	0.038493358
tr_A0A960Y2K7_A0A960Y2K7_9LEPT__Cas12-13-534m	0.037285108	0.0075146193
tr_A0A961ANQ0_A0A961ANQ0_9BACT__Cas12-13	0.9064171	0.018671298
tr_A0A961ANQ0_A0A961ANQ0_9BACT__Cas12-13-418m	0.043568242	0.004336292
tr_A0A970QCU8_A0A970QCU8_UNCHY__Cas12-13	0.8179792	0.04537438
tr_A0A970QCU8_A0A970QCU8_UNCHY__Cas12-13-591m	0.02777293	0.002422243
tr_A0A971PHS7_A0A971PHS7_UNCCA__Cas12-13	0.9080146	0.014214213
tr_A0A971PHS7_A0A971PHS7_UNCCA__Cas12-13-570m	0.045116216	0.0059171366
tr_A0A971QJY0_A0A971QJY0_9BACT__Cas12-13	0.87766665	0.023695977
tr_A0A971QJY0_A0A971QJY0_9BACT__Cas12-13-542m	0.019037623	0.0032477851
tr_A0A972PXE1_A0A972PXE1_9ACTN__Cas12-13	0.462179	0.08238399
tr_A0A972PXE1_A0A972PXE1_9ACTN__Cas12-13-610m	0.018041994	0.0038318452
tr_A0A975EKD8_A0A975EKD8_9BACT__Cas12-13	0.8842286	0.020884583
tr_A0A975EKD8_A0A975EKD8_9BACT__Cas12-13-552m	0.026411828	0.0027812154
tr_A0A9D5U9Z2_A0A9D5U9Z2_UNCXX__Cas12-13	0.86165637	0.04199034
tr_A0A9D5U9Z2_A0A9D5U9Z2_UNCXX__Cas12-13-360m	0.0669436	0.009333213
tr_A0A935E689_A0A935E689_9BACT__Cas12-13	0.666883	0.07061288
tr_A0A935E689_A0A935E689_9BACT__Cas12-13-328m	0.05980774	0.010746943
tr_A0A952MEB6_A0A952MEB6_9BACT__Cas12-13	0.5016378	0.06645046
tr_A0A952MEB6_A0A952MEB6_9BACT__Cas12-13-417m	0.025279513	0.0040035155
tr_A0AAF0BAR8_A0AAF0BAR8_PORGN__Cas12-13	0.59820515	0.08117578
tr_A0AAF0BAR8_A0AAF0BAR8_PORGN__Cas12-13-470m	0.01905351	0.0024070558
tr_A0AAF0BDA9_A0AAF0BDA9_PORGN__Cas12-13	0.46813995	0.077187404
tr_A0AAF0BDA9_A0AAF0BDA9_PORGN__Cas12-13-448m	0.012686543	0.0023844927
tr_A0A9X2MGT7_A0A9X2MGT7_9FIRM__Cas12-13	0.18437943	0.043941334
tr_A0A9X2MGT7_A0A9X2MGT7_9FIRM__Cas12-13-445m	0.1071743	0.025165187
UniRef100_A0A414ZPS3__Cas9	0.9935648	0.0025090908
UniRef100_A0A414ZPS3__Cas9-446m	0.034950472	0.0077416045
UniRef100_A0A414ZLT7__Cas9	0.99534273	0.001496725
UniRef100_A0A414ZLT7__Cas9-545m	0.025554264	0.0046638185
UniRef100_A0A3G8Y985__Cas9	0.99679404	0.0010347523
UniRef100_A0A3G8Y985__Cas9-499m	0.016791437	0.0018478163
UniRef100_A0A417PQK5__Cas9	0.9570807	0.011445535
UniRef100_A0A417PQK5__Cas9-553m	0.03394956	0.002602721
UniRef100_A0A1E9DYC7__Cas9	0.993121	0.002154739
UniRef100_A0A1E9DYC7__Cas9-455m	0.02207161	0.0048933974
UniRef100_B6W3J8__Cas9	0.99316806	0.0024702183
UniRef100_B6W3J8__Cas9-602m	0.023077877	0.0023075098
UniRef100_A0A2T5IVF0__Cas9	0.9954395	0.0012586495
UniRef100_A0A2T5IVF0__Cas9-419m	0.012214121	0.0016425864
UniRef100_A0A4Q1A910__Cas9	0.9848647	0.003693814
UniRef100_A0A4Q1A910__Cas9-546m	0.01708888	0.002668136
UniRef100_A0A428GD61__Cas9	0.99533904	0.001525532
UniRef100_A0A428GD61__Cas9-552m	0.025156682	0.0032175034
UniRef100_A0A7Z8WPM5__Cas9	0.99548453	0.0017584618
UniRef100_A0A7Z8WPM5__Cas9-460m	0.03227808	0.0036550118
UniRef100_A0A3R9IHS7__Cas9	0.99495447	0.0016745161
UniRef100_A0A3R9IHS7__Cas9-452m	0.024618462	0.0043746736
UniRef100_A0A414PBF9__Cas9	0.9945199	0.0012242444
UniRef100_A0A414PBF9__Cas9-541m	0.01567171	0.0009855578
UniRef100_A0A6A8DEB7__Cas9	0.9972278	0.00096953334
UniRef100_A0A6A8DEB7__Cas9-553m	0.033928655	0.0043461183
UniRef100_A0A5B0DAS4__Cas9	0.9957272	0.0014418636
UniRef100_A0A5B0DAS4__Cas9-550m	0.015231514	0.0021256935
UniRef100_A0A4R6CQE3__Cas9	0.9955624	0.0012104139
UniRef100_A0A4R6CQE3__Cas9-343m	0.08241399	0.0076233954
UniRef100_A0A0A2YBT2__Cas9	0.99538773	0.0014069155
UniRef100_A0A0A2YBT2__Cas9-414m	0.018941477	0.0025000593
UniRef100_A0A5C4THT2__Cas9	0.9944457	0.0016089014
UniRef100_A0A5C4THT2__Cas9-532m	0.03535595	0.0051520006
UniRef100_A0A285BZY5__Cas9	0.9951065	0.0013505052
UniRef100_A0A285BZY5__Cas9-418m	0.019470468	0.0032000036
UniRef100_A0A428GKX8__Cas9	0.99564993	0.0013522992
UniRef100_A0A428GKX8__Cas9-557m	0.038448796	0.0069942977
UniRef100_A0A1X3DJK4__Cas9	0.99689066	0.0008540094
UniRef100_A0A1X3DJK4__Cas9-432m	0.012671393	0.0017473476
UniRef100_A0A413U935__Cas9	0.99668914	0.0010866801
UniRef100_A0A413U935__Cas9-446m	0.040702857	0.0076386733
UniRef100_A0A3A6E5R1__Cas9	0.9970291	0.0013807698
UniRef100_A0A3A6E5R1__Cas9-434m	0.023856198	0.0034272992
UniRef100_A0A5Z1RQY5__Cas9	0.9897127	0.00242161
UniRef100_A0A5Z1RQY5__Cas9-394m	0.025731329	0.0034131692
UniRef100_A0A5T0EBP6__Cas9	0.98948747	0.0024576392
UniRef100_A0A5T0EBP6__Cas9-394m	0.026077937	0.0034129303
UniRef100_A0A7T9ZFB0__Cas9	0.9969657	0.00094347005
UniRef100_A0A7T9ZFB0__Cas9-546m	0.028560853	0.005822626
UniRef100_A0A8A8L871__Cas9	0.99493074	0.0014573374
UniRef100_A0A8A8L871__Cas9-555m	0.029522007	0.0059609786
UniRef100_A0A6G2JUX2__Cas9	0.99300253	0.0016495341
UniRef100_A0A6G2JUX2__Cas9-420m	0.026916828	0.0060042185
UniRef100_G6AFY6__Cas9	0.99566317	0.0013743523
UniRef100_G6AFY6__Cas9-550m	0.02432562	0.003046048
UniRef100_A0A5Z2N9G7__Cas9	0.99023706	0.0023318806
UniRef100_A0A5Z2N9G7__Cas9-395m	0.011839656	0.0017273094
UniRef100_K2FGU4__Cas9	0.9459499	0.012004598
UniRef100_K2FGU4__Cas9-407m	0.018169805	0.003031719
UniRef100_A0A5T1DHP6__Cas9	0.9898246	0.0024805905
UniRef100_A0A5T1DHP6__Cas9-394m	0.026603675	0.0034718658
UniRef100_A0A6B1ZA56__Cas9	0.9955937	0.0012071278
UniRef100_A0A6B1ZA56__Cas9-535m	0.011092227	0.0022848826
UniRef100_A0A378ZQX4__Cas9	0.9959732	0.0009776456
UniRef100_A0A378ZQX4__Cas9-443m	0.046594225	0.007495717
UniRef100_A0A7X0ZWH5__Cas9	0.9957164	0.0014153305
UniRef100_A0A7X0ZWH5__Cas9-434m	0.017985836	0.002080114
UniRef100_A0A096CIC5__Cas9	0.9850176	0.0033844798
UniRef100_A0A096CIC5__Cas9-594m	0.036614824	0.008042477
UniRef100_A0A246EN17__Cas9	0.99390346	0.0015474671
UniRef100_A0A246EN17__Cas9-603m	0.014321655	0.0009404821
UniRef100_A0A3E0IMR1__Cas9	0.9943428	0.0014998962
UniRef100_A0A3E0IMR1__Cas9-535m	0.008971633	0.001245798
UniRef100_E4ZF34__Cas9	0.9972873	0.0015901988
UniRef100_E4ZF34__Cas9-433m	0.013974537	0.0024136475
UniRef100_A0A174LFF7__Cas9	0.93559283	0.014515425
UniRef100_A0A174LFF7__Cas9-525m	0.03369777	0.0027861241
UniRef100_A0A0E2EGB1__Cas9	0.99656594	0.00091929437
UniRef100_A0A0E2EGB1__Cas9-558m	0.029665146	0.007375171
UniRef100_A0A1P8JCZ1__Cas9	0.9952129	0.0014107325
UniRef100_A0A1P8JCZ1__Cas9-552m	0.027134854	0.00365902
UniRef100_H1GG18__Cas9	0.9953529	0.0010660344
UniRef100_H1GG18__Cas9-535m	0.021367207	0.003595177
UniRef100_A0A173SPI3__Cas9	0.94673955	0.012100651
UniRef100_A0A173SPI3__Cas9-525m	0.031925533	0.003013833
UniRef100_A0A015SZB2__Cas9	0.99594164	0.0015063797
UniRef100_A0A015SZB2__Cas9-575m	0.028584018	0.0056578927
UniRef100_A0A6N7BTN7__Cas9	0.9962586	0.001241696
UniRef100_A0A6N7BTN7__Cas9-539m	0.05222584	0.004315008
UniRef100_A0A424FJZ2__Cas9	0.99699986	0.0015130693
UniRef100_A0A424FJZ2__Cas9-433m	0.0145668555	0.002164529
UniRef100_A0A414SWS9__Cas9	0.991501	0.0018827706
UniRef100_A0A414SWS9__Cas9-456m	0.01607782	0.0032300912
UniRef100_A0A416U192__Cas9	0.9957342	0.0016854533
UniRef100_A0A416U192__Cas9-530m	0.023145791	0.0024323296
UniRef100_A0A1M7FGK0__Cas9	0.99515647	0.0018303604
UniRef100_A0A1M7FGK0__Cas9-616m	0.014475517	0.0014163604
UniRef100_A0A4R2H8P7__Cas9	0.9940106	0.0020227984
UniRef100_A0A4R2H8P7__Cas9-570m	0.030424977	0.004400034
UniRef100_A0A1Y3YN68__Cas9	0.9945158	0.0011042879
UniRef100_A0A1Y3YN68__Cas9-540m	0.01573297	0.0011205493
UniRef100_W1V0U5__Cas9	0.97073615	0.0043148296
UniRef100_W1V0U5__Cas9-564m	0.025501022	0.0026816018
UniRef100_A0A396FJM8__Cas9	0.99351025	0.0025421672
UniRef100_A0A396FJM8__Cas9-448m	0.1055133	0.028430928
UniRef100_A0A3R7ANS9__Cas9	0.9962557	0.0010722121
UniRef100_A0A3R7ANS9__Cas9-543m	0.026686635	0.0026548035
UniRef100_A0A5B3G9X6__Cas9	0.9500163	0.0114404205
UniRef100_A0A5B3G9X6__Cas9-525m	0.033872455	0.0030206714
UniRef100_H0UDA8__Cas9	0.9896771	0.003565763
UniRef100_H0UDA8__Cas9-437m	0.01912788	0.0025666931
UniRef100_A0A496C9Y1__Cas9	0.98584497	0.001812093
UniRef100_A0A496C9Y1__Cas9-608m	0.031811967	0.006378001
UniRef100_A0A2D3PUG5__Cas9	0.99506223	0.0017350072
UniRef100_A0A2D3PUG5__Cas9-547m	0.05907593	0.019641843
UniRef100_A0A3B9U948__Cas9	0.9946343	0.0015712575
UniRef100_A0A3B9U948__Cas9-487m	0.02091248	0.0024231186
UniRef100_A0A2G9VFU1__Cas9	0.99605834	0.0013148951
UniRef100_A0A2G9VFU1__Cas9-552m	0.02277137	0.002903059
UniRef100_A0A6A8DV75__Cas9	0.9962843	0.0010921664
UniRef100_A0A6A8DV75__Cas9-547m	0.040918957	0.0040695816
UniRef100_M2SLU3__Cas9	0.99639285	0.00095622113
UniRef100_M2SLU3__Cas9-558m	0.031012926	0.008471517
UniRef100_A0A363EBL6__Cas9	0.99708164	0.0009697623
UniRef100_A0A363EBL6__Cas9-553m	0.031565607	0.0034938483
UniRef100_A0A1H9APL9__Cas9	0.99452126	0.0016143227
UniRef100_A0A1H9APL9__Cas9-350m	0.022964323	0.0041026357
UniRef100_A0A6L5P7C5__Cas9	0.9968505	0.0009936624
UniRef100_A0A6L5P7C5__Cas9-553m	0.043297224	0.008727467
UniRef100_A0A3E4YGD0__Cas9	0.9941142	0.0018987365
UniRef100_A0A3E4YGD0__Cas9-450m	0.02174632	0.0049480456
UniRef100_A0A7U8ATY6__Cas9	0.9902598	0.0018342534
UniRef100_A0A7U8ATY6__Cas9-401m	0.03877466	0.0043966696
UniRef100_A0A2G2BCZ8__Cas9	0.84096795	0.033154488
UniRef100_A0A2G2BCZ8__Cas9-397m	0.016430898	0.0030657386
UniRef100_A0A264Y3N9__Cas9	0.99497813	0.0013668983
UniRef100_A0A264Y3N9__Cas9-486m	0.023185598	0.0018969334
UniRef100_A0A6L1I4I4__Cas9	0.989045	0.0020830033
UniRef100_A0A6L1I4I4__Cas9-401m	0.034321655	0.0038218237
UniRef100_A0A6A8CY64__Cas9	0.9962983	0.0010870602
UniRef100_A0A6A8CY64__Cas9-547m	0.04065686	0.004040826
UniRef100_A0A133KEN0__Cas9	0.9802435	0.0077126664
UniRef100_A0A133KEN0__Cas9-545m	0.042118475	0.007068054
UniRef100_A0A417PB84__Cas9	0.9950466	0.0012787159
UniRef100_A0A417PB84__Cas9-545m	0.038645823	0.007819882
UniRef100_A0A5P8M4Y6__Cas9	0.99477977	0.0008744651
UniRef100_A0A5P8M4Y6__Cas9-446m	0.021372506	0.002439607
UniRef100_U6RJS5__Cas9	0.9934643	0.0019957002
UniRef100_U6RJS5__Cas9-605m	0.022859927	0.0053591086
UniRef100_A0A417JGI3__Cas9	0.9579054	0.010613208
UniRef100_A0A417JGI3__Cas9-553m	0.034318797	0.0028532364
UniRef100_A0A3S4NP75__Cas9	0.9955572	0.0012420389
UniRef100_A0A3S4NP75__Cas9-549m	0.024491455	0.0028343801
UniRef100_A0A7G1K4Y9__Cas9	0.9958851	0.0011693033
UniRef100_A0A7G1K4Y9__Cas9-549m	0.022636753	0.0027278655
UniRef100_A0A4U9YRI6__Cas9	0.99400645	0.0017114335
UniRef100_A0A4U9YRI6__Cas9-550m	0.016152497	0.002196537
UniRef100_A0A501VR63__Cas9	0.9943299	0.0017890368
UniRef100_A0A501VR63__Cas9-449m	0.030161705	0.0040806746
UniRef100_F9Q210__Cas9	0.99334925	0.00200846
UniRef100_F9Q210__Cas9-454m	0.017953878	0.0022527133
UniRef100_A0A3D8IRW0__Cas9	0.9870161	0.0024328944
UniRef100_A0A3D8IRW0__Cas9-413m	0.018721743	0.0032507905
UniRef100_A0A7X2G4Q4__Cas9	0.9965226	0.0009576966
UniRef100_A0A7X2G4Q4__Cas9-551m	0.027019296	0.0036754147
UniRef100_A0A330LHI1__Cas9	0.9924288	0.0023262925
UniRef100_A0A330LHI1__Cas9-442m	0.01780333	0.0016238271
UniRef100_A0A0C3A2P0__Cas9	0.990697	0.0034403375
UniRef100_A0A0C3A2P0__Cas9-558m	0.021571534	0.005610365
UniRef100_A0A5M0Z0Q6__Cas9	0.9894495	0.0021742813
UniRef100_A0A5M0Z0Q6__Cas9-400m	0.038068954	0.007682624
UniRef100_A0A0A2EHM8__Cas9	0.99432546	0.0017135852
UniRef100_A0A0A2EHM8__Cas9-572m	0.029615227	0.004137531
UniRef100_A0A414FSQ5__Cas9	0.9939295	0.001978485
UniRef100_A0A414FSQ5__Cas9-604m	0.020030612	0.0058231796
UniRef100_A0A1W6N6V9__Cas9	0.9957423	0.0018122693
UniRef100_A0A1W6N6V9__Cas9-542m	0.013464038	0.0015851912
UniRef100_A0A3R6QD81__Cas9	0.9920823	0.0021048195
UniRef100_A0A3R6QD81__Cas9-541m	0.026037836	0.002259795
UniRef100_A0A081Q742__Cas9	0.995625	0.0012103674
UniRef100_A0A081Q742__Cas9-557m	0.034966476	0.0062050926
UniRef100_A0A2D1UCV3__Cas9	0.99217016	0.002299418
UniRef100_A0A2D1UCV3__Cas9-506m	0.021534633	0.002765743
UniRef100_A0A1U7LAN8__Cas9	0.9954901	0.0014965974
UniRef100_A0A1U7LAN8__Cas9-557m	0.027059203	0.0042825798
UniRef100_A0A2K0XL61__Cas9	0.99578905	0.0011195386
UniRef100_A0A2K0XL61__Cas9-488m	0.04444418	0.008995836
UniRef100_A0A1X1GV45__Cas9	0.9906775	0.002822986
UniRef100_A0A1X1GV45__Cas9-568m	0.016301835	0.0021610952
UniRef100_A0A2N0XIB1__Cas9	0.9955307	0.0011891933
UniRef100_A0A2N0XIB1__Cas9-507m	0.012289776	0.0016441175
UniRef100_A0A416XS73__Cas9	0.9955986	0.0017888842
UniRef100_A0A416XS73__Cas9-530m	0.024479847	0.002655248
UniRef100_C6S593__Cas9	0.9971999	0.0014142535
UniRef100_C6S593__Cas9-433m	0.014554245	0.0022403982
UniRef100_A0A5R1LE97__Cas9	0.99008673	0.0015253205
UniRef100_A0A5R1LE97__Cas9-386m	0.04145315	0.0068251686
UniRef100_A0A412ZIC7__Cas9	0.9930116	0.0024890865
UniRef100_A0A412ZIC7__Cas9-602m	0.023885652	0.0025199293
UniRef100_A0A413GCW1__Cas9	0.99300843	0.0024941713
UniRef100_A0A413GCW1__Cas9-602m	0.024844866	0.0024403455
UniRef100_A0A3M0MYC4__Cas9	0.99567735	0.0013652896
UniRef100_A0A3M0MYC4__Cas9-559m	0.030964365	0.0060079996
UniRef100_A0A3R9TK42__Cas9	0.99539995	0.0012698092
UniRef100_A0A3R9TK42__Cas9-557m	0.03762303	0.0075113354
UniRef100_A0A0F2E4R3__Cas9	0.99196017	0.0028166678
UniRef100_A0A0F2E4R3__Cas9-456m	0.028439248	0.0048768544
UniRef100_A0A428D4V9__Cas9	0.99365693	0.0020688362
UniRef100_A0A428D4V9__Cas9-449m	0.034556568	0.004130836
UniRef100_A0A2L1CJ81__Cas9	0.98342067	0.0046553537
UniRef100_A0A2L1CJ81__Cas9-652m	0.032211117	0.0067737955
UniRef100_A0A6I1TVC3__Cas9	0.9937439	0.0019783925
UniRef100_A0A6I1TVC3__Cas9-454m	0.019659407	0.0022469482
UniRef100_UPI001374BA86__Cas9	0.98864067	0.0026132287
UniRef100_UPI001374BA86__Cas9-549m	0.040890343	0.008510723
UniRef100_UPI0013F60F87__Cas9	0.98684007	0.0044224267
UniRef100_UPI0013F60F87__Cas9-574m	0.01728002	0.0021808078
UniRef100_UPI0013F65B7E__Cas9	0.98798877	0.0032898865
UniRef100_UPI0013F65B7E__Cas9-574m	0.020668324	0.0025511906
UniRef100_UPI0013F664D5__Cas9	0.9876822	0.0025357192
UniRef100_UPI0013F664D5__Cas9-569m	0.02264548	0.0035580595
UniRef100_UPI0013F63BB6__Cas9	0.9874756	0.0024900897
UniRef100_UPI0013F63BB6__Cas9-569m	0.022256026	0.003513919
UniRef100_UPI0013F66C54__Cas9	0.9874319	0.0031046139
UniRef100_UPI0013F66C54__Cas9-569m	0.02385841	0.004201028
UniRef100_UPI001374F28B__Cas9	0.9837812	0.0033237045
UniRef100_UPI001374F28B__Cas9-549m	0.05507315	0.014670173
UniRef100_A0A510TST0__Cas9	0.9914271	0.003304637
UniRef100_A0A510TST0__Cas9-442m	0.05220539	0.005129095
UniRef100_A0A4P7CHQ1__Cas9	0.9957255	0.0010714032
UniRef100_A0A4P7CHQ1__Cas9-421m	0.014871781	0.0025048319
UniRef100_A0A133NAH6__Cas9	0.99536693	0.0013771256
UniRef100_A0A133NAH6__Cas9-547m	0.05120477	0.018142724
UniRef100_A0A3A5PFG2__Cas9	0.99238646	0.0030389344
UniRef100_A0A3A5PFG2__Cas9-604m	0.03076986	0.0058190767
UniRef100_A0A378HIZ8__Cas9	0.9963358	0.0013798042
UniRef100_A0A378HIZ8__Cas9-541m	0.021528332	0.0029051143
UniRef100_F5X275__Cas9	0.9954835	0.0014635997
UniRef100_F5X275__Cas9-452m	0.050631978	0.008295707
UniRef100_A0A175A1Y1__Cas9	0.99247503	0.0025537242
UniRef100_A0A175A1Y1__Cas9-526m	0.046037473	0.003940512
UniRef100_A0A5C8H6N4__Cas9	0.99409246	0.002423068
UniRef100_A0A5C8H6N4__Cas9-536m	0.032994777	0.0044432944
UniRef100_A0A1V9B8M7__Cas9	0.9929389	0.0018764299
UniRef100_A0A1V9B8M7__Cas9-435m	0.027854923	0.002569005
UniRef100_A0A1C3SQ53__Cas9	0.99551135	0.0014229374
UniRef100_A0A1C3SQ53__Cas9-452m	0.04430495	0.006487865
UniRef100_A0A7H9FIP2__Cas9	0.9952013	0.0015907183
UniRef100_A0A7H9FIP2__Cas9-550m	0.018969033	0.0021738023
UniRef100_A0A4P6RDP4__Cas9	0.9927904	0.0027873334
UniRef100_A0A4P6RDP4__Cas9-604m	0.03142727	0.006082277
UniRef100_A0A374DD87__Cas9	0.9945041	0.0014065197
UniRef100_A0A374DD87__Cas9-530m	0.030008465	0.002542144
UniRef100_A0A3E4VXZ2__Cas9	0.99336684	0.0023623854
UniRef100_A0A3E4VXZ2__Cas9-492m	0.029112035	0.005375667
UniRef100_A0A4R2GQL6__Cas9	0.9544319	0.011535779
UniRef100_A0A4R2GQL6__Cas9-588m	0.032593198	0.004074674
UniRef100_A0A7M2XH36__Cas9	0.9970768	0.0012436383
UniRef100_A0A7M2XH36__Cas9-427m	0.11082246	0.020251172
UniRef100_T5JDL4__Cas9	0.99297297	0.0031911742
UniRef100_T5JDL4__Cas9-545m	0.023054851	0.0023953463
UniRef100_A0A558NDW2__Cas9	0.99648035	0.0011795826
UniRef100_A0A558NDW2__Cas9-526m	0.05471464	0.007443409
UniRef100_A0A6H1D308__Cas9	0.988917	0.0019790856
UniRef100_A0A6H1D308__Cas9-607m	0.029468134	0.004130236
UniRef100_A0A1Q6S274__Cas9	0.9951149	0.0014366867
UniRef100_A0A1Q6S274__Cas9-438m	0.024209756	0.0054026446
UniRef100_A0A173VVZ1__Cas9	0.99811685	0.00048903935
UniRef100_A0A173VVZ1__Cas9-456m	0.027280113	0.0029109824
UniRef100_A0A1U9MD17__Cas9	0.998082	0.00073050393
UniRef100_A0A1U9MD17__Cas9-437m	0.02521938	0.0027833474
UniRef100_A0A4U3MNP2__Cas9	0.9966242	0.00096066267
UniRef100_A0A4U3MNP2__Cas9-535m	0.01657	0.002304522
UniRef100_A0A373Y0H9__Cas9	0.99362487	0.001258794
UniRef100_A0A373Y0H9__Cas9-531m	0.02890494	0.0028737742
UniRef100_A0A2T4HDZ0__Cas9	0.9932574	0.0019158478
UniRef100_A0A2T4HDZ0__Cas9-584m	0.024899114	0.002685004
UniRef100_A0A0F2D9H7__Cas9	0.99605733	0.0014940739
UniRef100_A0A0F2D9H7__Cas9-550m	0.031319253	0.007816853
UniRef100_A0A414WYG2__Cas9	0.9897889	0.0030885474
UniRef100_A0A414WYG2__Cas9-600m	0.022597086	0.004640588
UniRef100_A0A1U9MIU6__Cas9	0.99831915	0.0005655088
UniRef100_A0A1U9MIU6__Cas9-437m	0.034582894	0.0035373585
UniRef100_A0A095ZV18__Cas9	0.9969102	0.00094780914
UniRef100_A0A095ZV18__Cas9-557m	0.029903576	0.0025208776
UniRef100_A0A1Y4IP47__Cas9	0.9854026	0.001857077
UniRef100_A0A1Y4IP47__Cas9-608m	0.035259254	0.006550156
UniRef100_A0A562Q1X7__Cas9	0.97323453	0.008176925
UniRef100_A0A562Q1X7__Cas9-593m	0.014190246	0.0012150498
UniRef100_A0A7Z7K631__Cas9	0.9959513	0.0014075662
UniRef100_A0A7Z7K631__Cas9-552m	0.030584762	0.0059547313
UniRef100_A0A1X1HCB9__Cas9	0.9938922	0.0019101169
UniRef100_A0A1X1HCB9__Cas9-454m	0.01751389	0.0022117489
UniRef100_A0A7Z7VZG5__Cas9	0.9961027	0.0015194197
UniRef100_A0A7Z7VZG5__Cas9-548m	0.039079994	0.008083239
UniRef100_A0A415T5R8__Cas9	0.9881668	0.003986672
UniRef100_A0A415T5R8__Cas9-600m	0.026226148	0.0024704335
UniRef100_A0A1X1HHH1__Cas9	0.99459684	0.0016861535
UniRef100_A0A1X1HHH1__Cas9-449m	0.055405874	0.010939188
UniRef100_A0A373P3F0__Cas9	0.9953206	0.0018444866
UniRef100_A0A373P3F0__Cas9-530m	0.024769913	0.0022796118
UniRef100_A0A0Q0YQ33__Cas9	0.992309	0.002012458
UniRef100_A0A0Q0YQ33__Cas9-435m	0.022270352	0.0016066742
UniRef100_A0A5C6KLI9__Cas9	0.98505133	0.0019192911
UniRef100_A0A5C6KLI9__Cas9-608m	0.032172788	0.0063490067
UniRef100_A0A292RYC5__Cas9	0.99414146	0.0015784999
UniRef100_A0A292RYC5__Cas9-532m	0.029579544	0.004835721
UniRef100_F9N3Y3__Cas9	0.9493181	0.01116816
UniRef100_F9N3Y3__Cas9-448m	0.015383291	0.0036259873
UniRef100_A7H5P1__Cas9	0.9919249	0.0015608412
UniRef100_A7H5P1__Cas9-394m	0.027069923	0.0034401391
UniRef100_A0A1I4VGF9__Cas9	0.99530995	0.0018355537
UniRef100_A0A1I4VGF9__Cas9-564m	0.033258364	0.0048685367
UniRef100_A0A373Y943__Cas9	0.9951862	0.0014182347
UniRef100_A0A373Y943__Cas9-438m	0.024657717	0.005384801
UniRef100_A0A3E4NYQ9__Cas9	0.98673	0.0017175202
UniRef100_A0A3E4NYQ9__Cas9-608m	0.031619277	0.0063941227
UniRef100_A0A2A7QQH1__Cas9	0.99499923	0.0021422089
UniRef100_A0A2A7QQH1__Cas9-536m	0.034607735	0.003352199
UniRef100_A0A3M0PNE8__Cas9	0.9976145	0.00074836006
UniRef100_A0A3M0PNE8__Cas9-558m	0.024359066	0.003027812
UniRef100_A0A086AYB7__Cas9	0.9956509	0.0013289261
UniRef100_A0A086AYB7__Cas9-565m	0.037412137	0.004381109
UniRef100_J7TMY5__Cas9	0.9947053	0.0024171756
UniRef100_J7TMY5__Cas9-554m	0.053615205	0.008724293
UniRef100_A0A1N7BHN9__Cas9	0.99415857	0.0014848198
UniRef100_A0A1N7BHN9__Cas9-563m	0.0232279	0.004366699
UniRef100_A0A510WL16__Cas9	0.99432135	0.002284906
UniRef100_A0A510WL16__Cas9-544m	0.021474604	0.0026496903
UniRef100_D4KTZ0__Cas9	0.9977398	0.0007468608
UniRef100_D4KTZ0__Cas9-452m	0.0146928	0.002358028
UniRef100_F9HIG7__Cas9	0.9956627	0.0013637458
UniRef100_F9HIG7__Cas9-549m	0.08763251	0.026073555
UniRef100_E0PQK3__Cas9	0.99324906	0.0020800936
UniRef100_E0PQK3__Cas9-454m	0.019653898	0.0024993622
UniRef100_A0A0E2EBU7__Cas9	0.99635065	0.00094973366
UniRef100_A0A0E2EBU7__Cas9-558m	0.031923987	0.008278302
UniRef100_M4R7E0__Cas9	0.9953577	0.0010243712
UniRef100_M4R7E0__Cas9-418m	0.023789175	0.00336688
UniRef100_A0A396MQJ8__Cas9	0.9931221	0.0025309143
UniRef100_A0A396MQJ8__Cas9-546m	0.012877958	0.0015112753
UniRef100_A0A0T7L299__Cas9	0.9969531	0.0015370892
UniRef100_A0A0T7L299__Cas9-433m	0.014659296	0.0022500395
UniRef100_A0A2D8RWN5__Cas9	0.99469185	0.0013426358
UniRef100_A0A2D8RWN5__Cas9-433m	0.022552282	0.0029873492
UniRef100_A0A6N3E6E0__Cas9	0.9929721	0.0021672614
UniRef100_A0A6N3E6E0__Cas9-559m	0.039044987	0.006195942
UniRef100_A0A5Z1EX63__Cas9	0.9901147	0.0023509758
UniRef100_A0A5Z1EX63__Cas9-394m	0.02891171	0.0038536545
UniRef100_M4YX12__Cas9	0.99583644	0.0011603363
UniRef100_M4YX12__Cas9-549m	0.02285759	0.0029355667
UniRef100_A0A450TQE1__Cas9	0.9969341	0.000988685
UniRef100_A0A450TQE1__Cas9-432m	0.011785455	0.0013025831
UniRef100_A0A6A4U0D7__Cas9	0.9960287	0.0013975771
UniRef100_A0A6A4U0D7__Cas9-551m	0.029670108	0.004601329
UniRef100_A0A125S8K2__Cas9	0.9940901	0.0017096588
UniRef100_A0A125S8K2__Cas9-569m	0.013779065	0.0019892324
UniRef100_A0A5T0ILU9__Cas9	0.9896868	0.0023360318
UniRef100_A0A5T0ILU9__Cas9-394m	0.02708501	0.0036758583
UniRef100_A0A5T0YDG4__Cas9	0.98989373	0.0024528094
UniRef100_A0A5T0YDG4__Cas9-394m	0.028278822	0.0037050839
UniRef100_A0A6F9HQD7__Cas9	0.98955977	0.0025355704
UniRef100_A0A6F9HQD7__Cas9-394m	0.027806098	0.0037901783
UniRef100_F6ITQ2__Cas9	0.9933813	0.0029055146
UniRef100_F6ITQ2__Cas9-544m	0.019556854	0.0034403421
UniRef100_A0A6N2Z8E1__Cas9	0.99433947	0.0014676799
UniRef100_A0A6N2Z8E1__Cas9-452m	0.06399783	0.012326044
UniRef100_A0A6N3B2P4__Cas9	0.9967802	0.0015939594
UniRef100_A0A6N3B2P4__Cas9-434m	0.027985897	0.0036543605
UniRef100_A0A6F9MZH9__Cas9	0.9892974	0.0024285177
UniRef100_A0A6F9MZH9__Cas9-395m	0.014377242	0.0022294614
UniRef100_A0A5T0CK64__Cas9	0.9902458	0.002326181
UniRef100_A0A5T0CK64__Cas9-394m	0.028517704	0.0038723059
UniRef100_A0A7U8IPP0__Cas9	0.9957589	0.001313075
UniRef100_A0A7U8IPP0__Cas9-536m	0.023762885	0.002668507
UniRef100_A0A5Y8Y6D4__Cas9	0.9896142	0.0025630814
UniRef100_A0A5Y8Y6D4__Cas9-394m	0.027395284	0.0032472692
UniRef100_A0A5T1F7T9__Cas9	0.98998344	0.002337364
UniRef100_A0A5T1F7T9__Cas9-394m	0.027423311	0.003943068
UniRef100_A0A5T0KPL4__Cas9	0.99046993	0.0023473932
UniRef100_A0A5T0KPL4__Cas9-394m	0.027909953	0.0036463889
UniRef100_A0A5T0Q020__Cas9	0.98959386	0.0024321182
UniRef100_A0A5T0Q020__Cas9-395m	0.014573351	0.002339166
UniRef100_A0A1C5S579__Cas9	0.9920968	0.0024905854
UniRef100_A0A1C5S579__Cas9-550m	0.015863929	0.0023779655
UniRef100_A0A5Z1P226__Cas9	0.9900233	0.0023670255
UniRef100_A0A5Z1P226__Cas9-394m	0.027656183	0.0037988625
UniRef100_A0A5Y8S0A3__Cas9	0.9900196	0.0023772793
UniRef100_A0A5Y8S0A3__Cas9-394m	0.027349755	0.0036288507
UniRef100_A0A5T0D0J5__Cas9	0.98972976	0.0023020974
UniRef100_A0A5T0D0J5__Cas9-395m	0.014286036	0.0022773817
UniRef100_A0A5Y6PB74__Cas9	0.9899373	0.0023366213
UniRef100_A0A5Y6PB74__Cas9-394m	0.027741376	0.0038038916
UniRef100_A0A6C8BAM6__Cas9	0.98947746	0.002486642
UniRef100_A0A6C8BAM6__Cas9-395m	0.015211791	0.0023928187
UniRef100_A0A6N3CLR3__Cas9	0.9722907	0.008324076
UniRef100_A0A6N3CLR3__Cas9-430m	0.018445555	0.004014554
UniRef100_A0A6C7NBS8__Cas9	0.98978966	0.0024225905
UniRef100_A0A6C7NBS8__Cas9-394m	0.026918152	0.0034644327
UniRef100_A0A5Y1PWP5__Cas9	0.9899187	0.002336411
UniRef100_A0A5Y1PWP5__Cas9-394m	0.02722466	0.0038595176
UniRef100_A0A5T0X7Y5__Cas9	0.99033177	0.0023115813
UniRef100_A0A5T0X7Y5__Cas9-394m	0.02901766	0.0038653694
UniRef100_A0A5T1FMJ5__Cas9	0.9900915	0.002341944
UniRef100_A0A5T1FMJ5__Cas9-394m	0.026560724	0.003601323
UniRef100_A0A5T1CW51__Cas9	0.98966473	0.0023720257
UniRef100_A0A5T1CW51__Cas9-395m	0.01430959	0.0022494278
UniRef100_A0A5M2ZAE9__Cas9	0.99606246	0.0009994744
UniRef100_A0A5M2ZAE9__Cas9-534m	0.017090235	0.0030406783
UniRef100_A0A5Y9KKS6__Cas9	0.9895905	0.002338691
UniRef100_A0A5Y9KKS6__Cas9-395m	0.012281034	0.0018039554
UniRef100_A0A5Z1G1Y1__Cas9	0.988815	0.0026637383
UniRef100_A0A5Z1G1Y1__Cas9-395m	0.012549201	0.0020157632
UniRef100_A0A7T8M087__Cas9	0.99684554	0.0009786256
UniRef100_A0A7T8M087__Cas9-547m	0.02821886	0.002652614
UniRef100_A0A6F9IW71__Cas9	0.9901183	0.002338132
UniRef100_A0A6F9IW71__Cas9-394m	0.02580311	0.0034514251
UniRef100_A0A3G6JLM5__Cas9	0.9943622	0.0023254917
UniRef100_A0A3G6JLM5__Cas9-556m	0.04419292	0.006129563
UniRef100_A0A5T0F5E8__Cas9	0.9900443	0.0023736237
UniRef100_A0A5T0F5E8__Cas9-394m	0.027598614	0.0036401597
UniRef100_A0A5T1DLT7__Cas9	0.9899996	0.0024276082
UniRef100_A0A5T1DLT7__Cas9-394m	0.026584545	0.003526442
UniRef100_A0A691BHN9__Cas9	0.9902198	0.0023001109
UniRef100_A0A691BHN9__Cas9-394m	0.030045116	0.003975941
UniRef100_A0A6N0A2I2__Cas9	0.9960519	0.0011183178
UniRef100_A0A6N0A2I2__Cas9-540m	0.012112373	0.001725523
UniRef100_A0A7T9R9S2__Cas9	0.99485254	0.0019925793
UniRef100_A0A7T9R9S2__Cas9-576m	0.027097246	0.0043988954
UniRef100_A0A5T1XYJ8__Cas9	0.98993176	0.002318262
UniRef100_A0A5T1XYJ8__Cas9-394m	0.03419567	0.00488388
UniRef100_A0A7U8FPG9__Cas9	0.9960871	0.0011768531
UniRef100_A0A7U8FPG9__Cas9-536m	0.022014856	0.0052599004
UniRef100_A0A5T1FAC1__Cas9	0.9913287	0.0020063682
UniRef100_A0A5T1FAC1__Cas9-408m	0.037636515	0.005792762
UniRef100_A0A5T1M0Y7__Cas9	0.99004495	0.0024296113
UniRef100_A0A5T1M0Y7__Cas9-395m	0.013239818	0.0019873905
UniRef100_A0A7T8SV63__Cas9	0.9955595	0.0012430449
UniRef100_A0A7T8SV63__Cas9-576m	0.028632194	0.0032596528
UniRef100_A0A6A4U0F4__Cas9	0.99600875	0.0013999913
UniRef100_A0A6A4U0F4__Cas9-551m	0.030682614	0.0049154684
UniRef100_A0A7U3FDR5__Cas9	0.9891219	0.00365443
UniRef100_A0A7U3FDR5__Cas9-460m	0.01753157	0.0018065162
UniRef100_A0A5E5QCR6__Cas9	0.9890197	0.0031098102
UniRef100_A0A5E5QCR6__Cas9-422m	0.022545932	0.0039656954
UniRef100_A0A6F9XM84__Cas9	0.9969223	0.0010264056
UniRef100_A0A6F9XM84__Cas9-541m	0.029252743	0.0042913225
UniRef100_A0A482ZRU2__Cas9	0.99267304	0.0013219059
UniRef100_A0A482ZRU2__Cas9-412m	0.038880657	0.006105931
UniRef100_A0A5E5PVM6__Cas9	0.99004936	0.0029729237
UniRef100_A0A5E5PVM6__Cas9-422m	0.02678735	0.004149632
UniRef100_A0A5Y9M8F7__Cas9	0.98965997	0.002369762
UniRef100_A0A5Y9M8F7__Cas9-394m	0.026814494	0.0037594123
UniRef100_A0A6N2ZAF0__Cas9	0.99422884	0.0022492134
UniRef100_A0A6N2ZAF0__Cas9-537m	0.016684754	0.0045835697
UniRef100_A0A6F9H8E5__Cas9	0.98997986	0.0024067916
UniRef100_A0A6F9H8E5__Cas9-395m	0.015139157	0.0022101474
UniRef100_A0A6C8BQW1__Cas9	0.9896349	0.0024908248
UniRef100_A0A6C8BQW1__Cas9-394m	0.02563334	0.0033162858
UniRef100_A0A7U2NE06__Cas9	0.994717	0.0016538883
UniRef100_A0A7U2NE06__Cas9-542m	0.012392881	0.0016710463
UniRef100_C6SFU3__Cas9	0.9973195	0.0012962613
UniRef100_C6SFU3__Cas9-433m	0.023612775	0.0036454669
UniRef100_A0A6C8A667__Cas9	0.98927164	0.002618778
UniRef100_A0A6C8A667__Cas9-394m	0.024187254	0.003463754
UniRef100_A0A5T0FIE6__Cas9	0.9898513	0.0024059622
UniRef100_A0A5T0FIE6__Cas9-394m	0.026556915	0.0035362549
UniRef100_A0A5E6NWL9__Cas9	0.7793497	0.05073334
UniRef100_A0A5E6NWL9__Cas9-342m	0.0199452	0.003997035
UniRef100_A0A5T1BKI0__Cas9	0.9899294	0.002369247
UniRef100_A0A5T1BKI0__Cas9-394m	0.028825173	0.004046375
UniRef100_A0A3G6JZC2__Cas9	0.99493694	0.0015788244
UniRef100_A0A3G6JZC2__Cas9-449m	0.029276758	0.0037237161
UniRef100_A0A5T2CCX5__Cas9	0.9896433	0.0024031305
UniRef100_A0A5T2CCX5__Cas9-394m	0.025955904	0.0033192656
UniRef100_A0A7T9LHA3__Cas9	0.9875582	0.0029437086
UniRef100_A0A7T9LHA3__Cas9-569m	0.019834	0.0032253878
UniRef100_A0A431G3V8__Cas9	0.9895109	0.002487681
UniRef100_A0A431G3V8__Cas9-395m	0.011401221	0.001966441
UniRef100_A0A7K0FDR1__Cas9	0.9939863	0.0016562565
UniRef100_A0A7K0FDR1__Cas9-451m	0.0198101	0.0032790138
UniRef100_A0A824NQZ1__Cas9	0.9921727	0.0014599354
UniRef100_A0A824NQZ1__Cas9-393m	0.03540342	0.005209881
UniRef100_A0A511IV15__Cas9	0.99747115	0.0007710598
UniRef100_A0A511IV15__Cas9-550m	0.016451173	0.0016931084
UniRef100_W3XVE3__Cas9	0.9933022	0.0019883472
UniRef100_W3XVE3__Cas9-449m	0.024747973	0.0024988118
UniRef100_B0RZQ7__Cas9	0.99632293	0.0011108282
UniRef100_B0RZQ7__Cas9-540m	0.026558096	0.0031682672
UniRef100_A0A3A6V1K6__Cas9	0.98394233	0.0033832977
UniRef100_A0A3A6V1K6__Cas9-549m	0.058981143	0.015684854
UniRef100_A0A3R6LRV1__Cas9	0.99127454	0.0019093433
UniRef100_A0A3R6LRV1__Cas9-456m	0.016449753	0.0032847752
UniRef100_A0A383TH20__Cas9	0.99189377	0.0022732832
UniRef100_A0A383TH20__Cas9-443m	0.031784944	0.0046947403
UniRef100_F9MP31__Cas9	0.9955905	0.0012446825
UniRef100_F9MP31__Cas9-541m	0.022519108	0.002758699
UniRef100_A0A7G3BJ89__Cas9	0.9921384	0.0031574564
UniRef100_A0A7G3BJ89__Cas9-621m	0.038445283	0.0065633175
UniRef100_A0A374Q430__Cas9	0.9926831	0.0023698437
UniRef100_A0A374Q430__Cas9-571m	0.017742656	0.0031713317
UniRef100_A0A447I9V2__Cas9	0.9986356	0.0004134706
UniRef100_A0A447I9V2__Cas9-432m	0.0300302	0.0047003934
UniRef100_A0A173V977__Cas9	0.9976697	0.00077039306
UniRef100_A0A173V977__Cas9-452m	0.014423442	0.002212211
UniRef100_A0A379B864__Cas9	0.99492276	0.00088056485
UniRef100_A0A379B864__Cas9-424m	0.026946465	0.004277329
UniRef100_A0A3R6AUX7__Cas9	0.99133795	0.002031445
UniRef100_A0A3R6AUX7__Cas9-456m	0.016290754	0.0034847923
UniRef100_A0A2J6H6X5__Cas9	0.9941246	0.0019149375
UniRef100_A0A2J6H6X5__Cas9-555m	0.021768553	0.0025624896
UniRef100_A0A3T2AXJ3__Cas9	0.99544144	0.0012279401
UniRef100_A0A3T2AXJ3__Cas9-534m	0.013280029	0.001568339
UniRef100_A0A698TVI8__Cas9	0.9898259	0.00243423
UniRef100_A0A698TVI8__Cas9-394m	0.028582832	0.003747338
UniRef100_A0A5T1UXU0__Cas9	0.9895735	0.0024297375
UniRef100_A0A5T1UXU0__Cas9-394m	0.025589183	0.003252617
UniRef100_A0A697E9A1__Cas9	0.98959005	0.0024167092
UniRef100_A0A697E9A1__Cas9-394m	0.02504445	0.0032746142
UniRef100_A0A5Y8VXR8__Cas9	0.98962086	0.0023793129
UniRef100_A0A5Y8VXR8__Cas9-395m	0.012424965	0.0018401275
UniRef100_A0A6A8U019__Cas9	0.99345	0.0017777014
UniRef100_A0A6A8U019__Cas9-452m	0.029387206	0.005298393
UniRef100_A0A691PJ17__Cas9	0.98960036	0.0024267149
UniRef100_A0A691PJ17__Cas9-394m	0.025112351	0.0031699487
UniRef100_A0A1Y4PQ68__Cas9	0.99302876	0.002486878
UniRef100_A0A1Y4PQ68__Cas9-602m	0.023481328	0.0024408053
UniRef100_A0A6B1NFI9__Cas9	0.9946259	0.002293417
UniRef100_A0A6B1NFI9__Cas9-536m	0.03658665	0.0048938706
UniRef100_A0A6C8D1Z9__Cas9	0.9897955	0.002445783
UniRef100_A0A6C8D1Z9__Cas9-394m	0.026925504	0.0036077546
UniRef100_A0A5T1C839__Cas9	0.98949564	0.0024364004
UniRef100_A0A5T1C839__Cas9-395m	0.014490272	0.0021858173
UniRef100_A0A5T0F0S2__Cas9	0.98965436	0.002493643
UniRef100_A0A5T0F0S2__Cas9-394m	0.025933335	0.0032533698
UniRef100_A0A6W1T6T8__Cas9	0.9899844	0.0024040365
UniRef100_A0A6W1T6T8__Cas9-395m	0.0118645895	0.0018309983
UniRef100_A0A3X8TIB9__Cas9	0.99002874	0.0023223478
UniRef100_A0A3X8TIB9__Cas9-394m	0.027447527	0.0037678417
UniRef100_A0A6H6F6N3__Cas9	0.99012005	0.0023161906
UniRef100_A0A6H6F6N3__Cas9-395m	0.012062597	0.0020393888
UniRef100_A0A5Y6IUR4__Cas9	0.9898403	0.0024261058
UniRef100_A0A5Y6IUR4__Cas9-394m	0.027335718	0.0036421157
UniRef100_A0A5T0ID75__Cas9	0.9897941	0.002456292
UniRef100_A0A5T0ID75__Cas9-394m	0.024206033	0.0032948216
UniRef100_A0A5T1J679__Cas9	0.989806	0.0025325117
UniRef100_A0A5T1J679__Cas9-400m	0.039745986	0.0077020037
UniRef100_A0A626TR30__Cas9	0.98983413	0.0023686588
UniRef100_A0A626TR30__Cas9-394m	0.026628628	0.0034736074
UniRef100_A0A5T1CCT5__Cas9	0.98979473	0.0015703422
UniRef100_A0A5T1CCT5__Cas9-386m	0.040814113	0.006674719
UniRef100_A0A5T0Z6U0__Cas9	0.98889035	0.0027034911
UniRef100_A0A5T0Z6U0__Cas9-394m	0.030096527	0.0041089323
UniRef100_A0A5T0T0M3__Cas9	0.99010515	0.0023203522
UniRef100_A0A5T0T0M3__Cas9-394m	0.028053662	0.0039015997
UniRef100_A0A6N2ZJF4__Cas9	0.99587953	0.0012805556
UniRef100_A0A6N2ZJF4__Cas9-536m	0.023526285	0.0025903902
UniRef100_A0A5T0MQX4__Cas9	0.99253815	0.0019288989
UniRef100_A0A5T0MQX4__Cas9-392m	0.016356401	0.0030102963
UniRef100_A0A5T2D2V9__Cas9	0.9903383	0.0022678426
UniRef100_A0A5T2D2V9__Cas9-395m	0.012097228	0.001971874
UniRef100_A0A5Y8ZXH1__Cas9	0.98912174	0.0026148816
UniRef100_A0A5Y8ZXH1__Cas9-394m	0.02641428	0.0036600833
UniRef100_A0A8B2WTK7__Cas9	0.9970323	0.0014872359
UniRef100_A0A8B2WTK7__Cas9-433m	0.014662126	0.0021718405
UniRef100_A0A5E5PRW0__Cas9	0.99258184	0.0018015024
UniRef100_A0A5E5PRW0__Cas9-409m	0.014660138	0.0027455057
UniRef100_A0A5Y8XP43__Cas9	0.99023706	0.0023462926
UniRef100_A0A5Y8XP43__Cas9-395m	0.012772362	0.0019813206
UniRef100_A0A5T0UFU5__Cas9	0.99020064	0.0023051598
UniRef100_A0A5T0UFU5__Cas9-394m	0.028262138	0.0037897585
UniRef100_A0A5T0G101__Cas9	0.98999536	0.0023309262
UniRef100_A0A5T0G101__Cas9-394m	0.027822148	0.0037982278
UniRef100_A0A691NU33__Cas9	0.98865986	0.0018945903
UniRef100_A0A691NU33__Cas9-386m	0.03947954	0.006381525
UniRef100_A0A401AF54__Cas9	0.9895667	0.0024939633
UniRef100_A0A401AF54__Cas9-394m	0.025021095	0.0031129676
UniRef100_A0A7H0RG19__Cas9	0.99595976	0.0011403735
UniRef100_A0A7H0RG19__Cas9-549m	0.022014197	0.002824115
UniRef100_A0A125S8K3__Cas9	0.99704343	0.0008048745
UniRef100_A0A125S8K3__Cas9-458m	0.02582162	0.0031715545
UniRef100_A0A5Y9NZQ1__Cas9	0.98950386	0.00243189
UniRef100_A0A5Y9NZQ1__Cas9-395m	0.01447171	0.0022435964
UniRef100_A0A1S0Z5C3__Cas9	0.9916375	0.002688248
UniRef100_A0A1S0Z5C3__Cas9-456m	0.016995193	0.0040306277
UniRef100_A0A7U0DMS6__Cas9	0.99511635	0.0014352708
UniRef100_A0A7U0DMS6__Cas9-558m	0.0147316065	0.002946567
UniRef100_G1UFN3__Cas9	0.9867033	0.0032578523
UniRef100_G1UFN3__Cas9-402m	0.033286598	0.0050110864
UniRef100_A0A1C6AKB3__Cas9	0.9916679	0.002942899
UniRef100_A0A1C6AKB3__Cas9-516m	0.021283263	0.0015711554
UniRef100_A0A7U2KVM8__Cas9	0.9933874	0.0010519038
UniRef100_A0A7U2KVM8__Cas9-431m	0.014616047	0.0021464266
UniRef100_A0A6F9H4J0__Cas9	0.98862314	0.0019313297
UniRef100_A0A6F9H4J0__Cas9-386m	0.03735236	0.0060631535
UniRef100_A0A828WX04__Cas9	0.98841906	0.00233202
UniRef100_A0A828WX04__Cas9-428m	0.029341351	0.0036936472
UniRef100_A0A174QZZ8__Cas9	0.9917902	0.002977251
UniRef100_A0A174QZZ8__Cas9-604m	0.037127692	0.009449854
UniRef100_A0A5L3ACR0__Cas9	0.99478704	0.0013899304
UniRef100_A0A5L3ACR0__Cas9-534m	0.011492498	0.0012440607
UniRef100_A0A4T2GRI1__Cas9	0.995773	0.0011892497
UniRef100_A0A4T2GRI1__Cas9-552m	0.028989345	0.0038684478
UniRef100_A0A3B9CNL6__Cas9	0.99455804	0.0012369136
UniRef100_A0A3B9CNL6__Cas9-486m	0.03384231	0.0067356913
UniRef100_A0A374IB81__Cas9	0.9901136	0.0041146274
UniRef100_A0A374IB81__Cas9-442m	0.050703175	0.009813772
UniRef100_A0A7U7CA79__Cas9	0.9948985	0.0015582383
UniRef100_A0A7U7CA79__Cas9-450m	0.020903436	0.0034202614
UniRef100_W3XZF8__Cas9	0.9928676	0.0018990436
UniRef100_W3XZF8__Cas9-452m	0.02377636	0.0040463717
UniRef100_A0A432I6K0__Cas9	0.9833229	0.0046246825
UniRef100_A0A432I6K0__Cas9-422m	0.017027164	0.0020235449
UniRef100_A0A417CXY5__Cas9	0.995072	0.0013350126
UniRef100_A0A417CXY5__Cas9-545m	0.03880003	0.007307768
UniRef100_A0A369TWD8__Cas9	0.9965304	0.0008553688
UniRef100_A0A369TWD8__Cas9-430m	0.0357359	0.0067101056
UniRef100_A0A178TEJ9__Cas9	0.9925066	0.0020295167
UniRef100_A0A178TEJ9__Cas9-435m	0.022252535	0.001545176
UniRef100_A0A6A7JUK4__Cas9	0.99528825	0.0014845962
UniRef100_A0A6A7JUK4__Cas9-568m	0.017857037	0.0012634309
UniRef100_A0A6L6LTB6__Cas9	0.99715984	0.0012064409
UniRef100_A0A6L6LTB6__Cas9-434m	0.027972817	0.0037181797
UniRef100_A0A178KKP5__Cas9	0.995594	0.0014936955
UniRef100_A0A178KKP5__Cas9-550m	0.026939353	0.0036661415
UniRef100_A0A811IFK4__Cas9	0.99493515	0.0015725897
UniRef100_A0A811IFK4__Cas9-449m	0.029933974	0.0037584463
UniRef100_A0A0A6Y3B0__Cas9	0.99280053	0.0024845959
UniRef100_A0A0A6Y3B0__Cas9-574m	0.036688942	0.009044977
UniRef100_A0A7U7C497__Cas9	0.9903571	0.0053372425
UniRef100_A0A7U7C497__Cas9-556m	0.045293696	0.006866262
UniRef100_A0A250FZD3__Cas9	0.9934759	0.0020359396
UniRef100_A0A250FZD3__Cas9-579m	0.018681925	0.00224741
UniRef100_A0A811IH55__Cas9	0.99433786	0.0025059206
UniRef100_A0A811IH55__Cas9-556m	0.044879388	0.0066147875
UniRef100_A0A7U7C619__Cas9	0.99469054	0.0015908851
UniRef100_A0A7U7C619__Cas9-449m	0.02699411	0.003971857
UniRef100_A0A2X3U7E7__Cas9	0.9948934	0.0015773427
UniRef100_A0A2X3U7E7__Cas9-448m	0.031495817	0.0050883647
UniRef100_A0A239Y1P3__Cas9	0.9727745	0.006139472
UniRef100_A0A239Y1P3__Cas9-560m	0.019404352	0.0019937109
UniRef100_A0A7U7CJ22__Cas9	0.99430865	0.0025350202
UniRef100_A0A7U7CJ22__Cas9-556m	0.044014312	0.0063831965
UniRef100_C0WXA2__Cas9	0.9954785	0.0014413322
UniRef100_C0WXA2__Cas9-553m	0.023425337	0.002340217
UniRef100_A0A7J5EKS0__Cas9	0.99369586	0.0017593574
UniRef100_A0A7J5EKS0__Cas9-424m	0.02402478	0.004070993
UniRef100_A0A7G8WYM5__Cas9	0.9829777	0.003970819
UniRef100_A0A7G8WYM5__Cas9-546m	0.018909825	0.0031595116
UniRef100_A0A3D9BEH5__Cas9	0.99521923	0.0013502602
UniRef100_A0A3D9BEH5__Cas9-581m	0.024609122	0.002605887
UniRef100_A0A0F6MNW4__Cas9	0.99624175	0.000997833
UniRef100_A0A0F6MNW4__Cas9-558m	0.034331493	0.010383615
UniRef100_A0A1H8NCE1__Cas9	0.9682865	0.008817866
UniRef100_A0A1H8NCE1__Cas9-378m	0.046912424	0.008524234
UniRef100_A0A150MP45__Cas9	0.99245816	0.00196918
UniRef100_A0A150MP45__Cas9-435m	0.022001855	0.0015910509
UniRef100_A0A0W7TPK7__Cas9	0.99700785	0.0012967694
UniRef100_A0A0W7TPK7__Cas9-434m	0.022832952	0.003547533
UniRef100_A0A415PKT9__Cas9	0.9948475	0.0019843979
UniRef100_A0A415PKT9__Cas9-439m	0.012175165	0.0017693844
UniRef100_A0A415XY12__Cas9	0.95619345	0.011449166
UniRef100_A0A415XY12__Cas9-553m	0.033282533	0.0027559958
UniRef100_A0A7U8DM83__Cas9	0.9953558	0.0010938805
UniRef100_A0A7U8DM83__Cas9-534m	0.014553564	0.0011884475
UniRef100_E0NB23__Cas9	0.99733543	0.0012387404
UniRef100_E0NB23__Cas9-433m	0.011976605	0.0018613798
UniRef100_A0A1V2UL94__Cas9	0.9968931	0.0009918335
UniRef100_A0A1V2UL94__Cas9-532m	0.032006405	0.0035578406
UniRef100_A0A1M4Z653__Cas9	0.99503535	0.0013537782
UniRef100_A0A1M4Z653__Cas9-565m	0.030088818	0.0028859088
UniRef100_A0A6G0CF54__Cas9	0.99441016	0.0021519875
UniRef100_A0A6G0CF54__Cas9-604m	0.038817257	0.008203621
UniRef100_E0PEL3__Cas9	0.9964368	0.0009112377
UniRef100_E0PEL3__Cas9-550m	0.036821764	0.00521547
UniRef100_A0A413AZS6__Cas9	0.9947044	0.0020159748
UniRef100_A0A413AZS6__Cas9-536m	0.027134085	0.0050675143
UniRef100_A0A0E2RF34__Cas9	0.99479264	0.0015325684
UniRef100_A0A0E2RF34__Cas9-448m	0.029005772	0.004377688
UniRef100_A0A3D2ELM2__Cas9	0.9904839	0.0022019893
UniRef100_A0A3D2ELM2__Cas9-542m	0.015762666	0.0041791927
UniRef100_A0A414E5X2__Cas9	0.9955374	0.0012493082
UniRef100_A0A414E5X2__Cas9-531m	0.031631935	0.003842351
UniRef100_A0A417DBS0__Cas9	0.99446213	0.0014416603
UniRef100_A0A417DBS0__Cas9-544m	0.031317983	0.0033242777
UniRef100_A0A1Y5Z391__Cas9	0.98472196	0.0034816666
UniRef100_A0A1Y5Z391__Cas9-434m	0.029132668	0.0041365167
UniRef100_A0A373J2B1__Cas9	0.9925308	0.0025037683
UniRef100_A0A373J2B1__Cas9-602m	0.02418032	0.0027236894
UniRef100_A0A413JZI4__Cas9	0.99381095	0.001700103
UniRef100_A0A413JZI4__Cas9-532m	0.028805727	0.0039481786
UniRef100_E8KVY4__Cas9	0.9928198	0.0019345691
UniRef100_E8KVY4__Cas9-452m	0.026017424	0.0040312205
UniRef100_A0A267HTZ2__Cas9	0.99735963	0.0011023419
UniRef100_A0A267HTZ2__Cas9-449m	0.03342343	0.0071803583
UniRef100_A0A2Z3K5B6__Cas9	0.9966315	0.0011286027
UniRef100_A0A2Z3K5B6__Cas9-560m	0.019354776	0.0040029157
UniRef100_A0A179YJ40__Cas9	0.99674493	0.0010754977
UniRef100_A0A179YJ40__Cas9-546m	0.01919725	0.0029472276
UniRef100_A0A6I3PP62__Cas9	0.9940561	0.0016016269
UniRef100_A0A6I3PP62__Cas9-530m	0.031835604	0.0026558593
UniRef100_A0A412DTV4__Cas9	0.9956443	0.0011751908
UniRef100_A0A412DTV4__Cas9-530m	0.030259069	0.0025935306
UniRef100_A0A412UM29__Cas9	0.9965351	0.0010530819
UniRef100_A0A412UM29__Cas9-460m	0.026029494	0.0045351572
UniRef100_A0A3G6TIH8__Cas9	0.99378747	0.00231337
UniRef100_A0A3G6TIH8__Cas9-562m	0.016486824	0.0013315909
UniRef100_A0A7G1JPQ8__Cas9	0.9952876	0.001294439
UniRef100_A0A7G1JPQ8__Cas9-553m	0.021898417	0.0023188507
UniRef100_A0A4T2GQ30__Cas9	0.85328686	0.02572942
UniRef100_A0A4T2GQ30__Cas9-467m	0.07171825	0.011767996
UniRef100_A0A2N6PM21__Cas9	0.99554443	0.001214859
UniRef100_A0A2N6PM21__Cas9-557m	0.037492715	0.007767965
UniRef100_A0A644X9Q7__Cas9	0.99655306	0.0008831151
UniRef100_A0A644X9Q7__Cas9-427m	0.022205072	0.0038306247
UniRef100_A0A644UI78__Cas9	0.99131936	0.0019832049
UniRef100_A0A644UI78__Cas9-438m	0.015022199	0.001157507
UniRef100_A0A4U7H5M9__Cas9	0.9965885	0.001028135
UniRef100_A0A4U7H5M9__Cas9-548m	0.027457118	0.0047877505
UniRef100_UPI0007E52A05__Cas9	0.9843774	0.0067552663
UniRef100_UPI0007E52A05__Cas9-549m	0.15496331	0.039899226
UniRef100_UPI00065B4609__Cas9	0.99356556	0.0022283897
UniRef100_UPI00065B4609__Cas9-548m	0.015687855	0.0018708977
UniRef100_UPI00077534CF__Cas9	0.91427994	0.026140722
UniRef100_UPI00077534CF__Cas9-653m	0.02459234	0.004091388
UniRef100_UPI000775351F__Cas9	0.91511774	0.026104532
UniRef100_UPI000775351F__Cas9-653m	0.02503487	0.004193459
UniRef100_UPI001292CD0F__Cas9	0.96593744	0.014134813
UniRef100_UPI001292CD0F__Cas9-434m	0.016465245	0.0032660463
UniRef100_UPI0010933737__Cas9	0.9938365	0.0021392591
UniRef100_UPI0010933737__Cas9-371m	0.06451927	0.0097422125
UniRef100_UPI0007AC51B3__Cas9	0.9845902	0.0066610295
UniRef100_UPI0007AC51B3__Cas9-549m	0.16790414	0.042871017
UniRef100_UPI001292CCFE__Cas9	0.98197967	0.008763649
UniRef100_UPI001292CCFE__Cas9-434m	0.017861383	0.004391803
UniRef100_UPI000158B0A1__Cas9	0.9825538	0.005514343
UniRef100_UPI000158B0A1__Cas9-652m	0.03466358	0.00706968
UniRef100_UPI0012318437__Cas9	0.995041	0.0014185065
UniRef100_UPI0012318437__Cas9-548m	0.0303357	0.005646107
UniRef100_A0A386IRG9__Cas9	0.99534667	0.0013674544
UniRef100_A0A386IRG9__Cas9-548m	0.029228475	0.005280182
UniRef100_UPI00077DEF9D__Cas9	0.9815849	0.007282441
UniRef100_UPI00077DEF9D__Cas9-549m	0.1473972	0.03430423
UniRef100_UPI000EFA302E__Cas9	0.9850565	0.006417453
UniRef100_UPI000EFA302E__Cas9-549m	0.058047898	0.014744312
UniRef100_UPI0003F479BB__Cas9	0.9815768	0.007264872
UniRef100_UPI0003F479BB__Cas9-549m	0.16138002	0.03760864
UniRef100_UPI00077DEFD3__Cas9	0.98165846	0.0072375303
UniRef100_UPI00077DEFD3__Cas9-549m	0.15875936	0.03691511
UniRef100_UPI00018554F2__Cas9	0.9827258	0.0047160895
UniRef100_UPI00018554F2__Cas9-652m	0.036527622	0.0076730126
UniRef100_UPI000B4E838A__Cas9	0.99153316	0.0030738348
UniRef100_UPI000B4E838A__Cas9-548m	0.036038943	0.006607544
UniRef100_UPI001292CD1F__Cas9	0.98234427	0.008467687
UniRef100_UPI001292CD1F__Cas9-434m	0.01728518	0.0042188657
UniRef100_UPI001292CCF6__Cas9	0.9651125	0.014947907
UniRef100_UPI001292CCF6__Cas9-434m	0.028432364	0.0046752095
UniRef100_UPI0009B4EBF5__Cas9	0.9927181	0.0017152618
UniRef100_UPI0009B4EBF5__Cas9-334m	0.03486852	0.0081035355
UniRef100_UPI0004DB2150__Cas9	0.9868665	0.0059718834
UniRef100_UPI0004DB2150__Cas9-549m	0.13007025	0.034866456
UniRef100_UPI001658712D__Cas9	0.99455833	0.0014281941
UniRef100_UPI001658712D__Cas9-449m	0.016739804	0.0029836986
UniRef100_UPI0002058F24__Cas9	0.982127	0.004977669
UniRef100_UPI0002058F24__Cas9-652m	0.03236506	0.0061147837
UniRef100_UPI0007E529DE__Cas9	0.9843429	0.0067901253
UniRef100_UPI0007E529DE__Cas9-549m	0.1837618	0.046412632
UniRef100_A0A380JR19__Cas9	0.9966014	0.0010550078
UniRef100_A0A380JR19__Cas9-540m	0.0305565	0.0027269071
UniRef100_A0A1G9K5U8__Cas9	0.995399	0.001316373
UniRef100_A0A1G9K5U8__Cas9-551m	0.025236279	0.0014510863
UniRef100_A0A139QZ91__Cas9	0.9930603	0.0018898885
UniRef100_A0A139QZ91__Cas9-454m	0.017610779	0.0022910368
UniRef100_J4XAP6__Cas9	0.99544793	0.0015351733
UniRef100_J4XAP6__Cas9-575m	0.028700763	0.0034851115
UniRef100_A0A139NVJ1__Cas9	0.99186623	0.002372636
UniRef100_A0A139NVJ1__Cas9-568m	0.015872795	0.002045745
UniRef100_A0A3G3E7S5__Cas9	0.9954033	0.001476313
UniRef100_A0A3G3E7S5__Cas9-553m	0.022979176	0.0023492214
UniRef100_A0A6I6I944__Cas9	0.99525005	0.0013831767
UniRef100_A0A6I6I944__Cas9-551m	0.024477456	0.0015825704
UniRef100_A0A414P8F0__Cas9	0.9901799	0.0044113286
UniRef100_A0A414P8F0__Cas9-537m	0.045808762	0.0080813635
UniRef100_A0A2K2TI60__Cas9	0.99539155	0.0014490633
UniRef100_A0A2K2TI60__Cas9-553m	0.023844121	0.0022994839
UniRef100_A0A291DCL0__Cas9	0.9967185	0.0010773358
UniRef100_A0A291DCL0__Cas9-557m	0.040078804	0.0067756246
UniRef100_A0A1E9G6C3__Cas9	0.9935323	0.001957464
UniRef100_A0A1E9G6C3__Cas9-450m	0.034235395	0.0055485
UniRef100_A0A6I6CAM2__Cas9	0.98983365	0.0023947328
UniRef100_A0A6I6CAM2__Cas9-428m	0.04660238	0.006240099
UniRef100_A0A7D4L0X7__Cas9	0.99319124	0.0023445822
UniRef100_A0A7D4L0X7__Cas9-598m	0.021003464	0.002963842
UniRef100_A0A5P8PWU7__Cas9	0.9947666	0.0015041694
UniRef100_A0A5P8PWU7__Cas9-541m	0.016403109	0.002534813
UniRef100_A0A427YYW6__Cas9	0.9966985	0.0010905049
UniRef100_A0A427YYW6__Cas9-557m	0.041783206	0.0071484554
UniRef100_A0A139PB46__Cas9	0.99183786	0.0024010441
UniRef100_A0A139PB46__Cas9-568m	0.01585287	0.0019532116
UniRef100_A0A2N6QMJ5__Cas9	0.9952318	0.0012862678
UniRef100_A0A2N6QMJ5__Cas9-488m	0.032519586	0.005131851
UniRef100_A0A139NSX3__Cas9	0.9918644	0.0023830417
UniRef100_A0A139NSX3__Cas9-568m	0.01608108	0.0020254469
UniRef100_A0A418JLD8__Cas9	0.99313384	0.0021100643
UniRef100_A0A418JLD8__Cas9-422m	0.018396493	0.0033884055
UniRef100_A0A0R2E213__Cas9	0.9955953	0.0014400162
UniRef100_A0A0R2E213__Cas9-553m	0.028687065	0.0026233427
UniRef100_A0A6N8TPM1__Cas9	0.9833776	0.004002037
UniRef100_A0A6N8TPM1__Cas9-558m	0.022082254	0.002393001
UniRef100_A0A428BXF1__Cas9	0.9958355	0.0012840182
UniRef100_A0A428BXF1__Cas9-549m	0.027113805	0.0026346974
UniRef100_A0A139MDP4__Cas9	0.9936964	0.0018565193
UniRef100_A0A139MDP4__Cas9-449m	0.036456835	0.0037354154
UniRef100_A0A381CZA9__Cas9	0.98871547	0.0024386705
UniRef100_A0A381CZA9__Cas9-381m	0.02531279	0.0020037892
UniRef100_A0A1H0V2M0__Cas9	0.99613905	0.0014705452
UniRef100_A0A1H0V2M0__Cas9-418m	0.021736013	0.00423809
UniRef100_A0A2N8Z428__Cas9	0.9956624	0.0013619025
UniRef100_A0A2N8Z428__Cas9-552m	0.028463641	0.0038145448
UniRef100_A0A2H1YER4__Cas9	0.9924258	0.0019139715
UniRef100_A0A2H1YER4__Cas9-454m	0.023374628	0.0039823647
UniRef100_UPI00004449F5__Cas9	0.9830729	0.0034740553
UniRef100_UPI00004449F5__Cas9-549m	0.05899816	0.01561201
UniRef100_UPI00077DF005__Cas9	0.9813832	0.007387006
UniRef100_UPI00077DF005__Cas9-549m	0.17286411	0.040072445
UniRef100_UPI000158B3C0__Cas9	0.98278713	0.004678845
UniRef100_UPI000158B3C0__Cas9-652m	0.03475724	0.0071058404
UniRef100_UPI00048121A0__Cas9	0.98835677	0.0026328461
UniRef100_UPI00048121A0__Cas9-549m	0.040245976	0.008943897
UniRef100_UPI0004855F4D__Cas9	0.9863545	0.0029180904
UniRef100_UPI0004855F4D__Cas9-549m	0.05292802	0.014454219
UniRef100_UPI00048F7868__Cas9	0.98920584	0.0025975062
UniRef100_UPI00048F7868__Cas9-549m	0.04261995	0.009801519
UniRef100_UPI0005CA9B93__Cas9	0.9837636	0.003344421
UniRef100_UPI0005CA9B93__Cas9-549m	0.058277607	0.015402472
UniRef100_A0A2T4HI56__Cas9	0.9938548	0.0022569566
UniRef100_A0A2T4HI56__Cas9-586m	0.019456927	0.0037526852
UniRef100_A0A4Q1AHA1__Cas9	0.99273396	0.0018325212
UniRef100_A0A4Q1AHA1__Cas9-466m	0.015002194	0.0022540542
UniRef100_Q1JH43__Cas9	0.9966283	0.0010191065
UniRef100_Q1JH43__Cas9-548m	0.027612805	0.004885759
UniRef100_A0A3R6H7I5__Cas9	0.9979181	0.0005750131
UniRef100_A0A3R6H7I5__Cas9-451m	0.01966778	0.0029848397
UniRef100_A0A0D6MWC5__Cas9	0.99727833	0.0014668108
UniRef100_A0A0D6MWC5__Cas9-420m	0.036816083	0.006380247
UniRef100_A0A3P0Y011__Cas9	0.99627846	0.0012804419
UniRef100_A0A3P0Y011__Cas9-548m	0.040807717	0.0074349814
UniRef100_A0A7X4F5I2__Cas9	0.99331933	0.0011931232
UniRef100_A0A7X4F5I2__Cas9-437m	0.02077059	0.003487885
UniRef100_A0A679FPI8__Cas9	0.9914112	0.00210233
UniRef100_A0A679FPI8__Cas9-435m	0.01964036	0.0017827805
UniRef100_A0A0B2XHU2__Cas9	0.99436647	0.0017151566
UniRef100_A0A0B2XHU2__Cas9-548m	0.031065349	0.0030401093
UniRef100_A0A422LAT0__Cas9	0.99478513	0.0018055034
UniRef100_A0A422LAT0__Cas9-545m	0.026626658	0.0034176665
UniRef100_A0A4Y4JYH6__Cas9	0.9935673	0.0020200042
UniRef100_A0A4Y4JYH6__Cas9-548m	0.029982248	0.0027862599
UniRef100_A0A1H4B7Y3__Cas9	0.99574864	0.001116516
UniRef100_A0A1H4B7Y3__Cas9-604m	0.025712464	0.0012893507
UniRef100_E9FPR9__Cas9	0.99575263	0.0014024324
UniRef100_E9FPR9__Cas9-550m	0.034601755	0.0048002154
UniRef100_A0A4V6LN43__Cas9	0.99565876	0.0012876
UniRef100_A0A4V6LN43__Cas9-549m	0.023834016	0.002814894
UniRef100_A0A017N289__Cas9	0.9959382	0.0015253263
UniRef100_A0A017N289__Cas9-575m	0.030362794	0.006091982
UniRef100_I0QHG7__Cas9	0.9929603	0.001922528
UniRef100_I0QHG7__Cas9-454m	0.038235676	0.0058537507
UniRef100_A0A3M0PDZ7__Cas9	0.9966985	0.0010533502
UniRef100_A0A3M0PDZ7__Cas9-558m	0.020140564	0.002696017
UniRef100_A0A373RTM6__Cas9	0.9956973	0.0017406112
UniRef100_A0A373RTM6__Cas9-530m	0.023504226	0.0024734254
UniRef100_A0A7V1WWM4__Cas9	0.99418724	0.0018935222
UniRef100_A0A7V1WWM4__Cas9-555m	0.022465158	0.0026686771
UniRef100_A0A5S4TWQ6__Cas9	0.9957713	0.0011596822
UniRef100_A0A5S4TWQ6__Cas9-549m	0.022327939	0.0028269447
UniRef100_A0A2Z6FEZ5__Cas9	0.99444234	0.0017361586
UniRef100_A0A2Z6FEZ5__Cas9-548m	0.036776327	0.0035858434
UniRef100_A0A7D6HU96__Cas9	0.99263096	0.0019279754
UniRef100_A0A7D6HU96__Cas9-392m	0.016561972	0.0030673465
UniRef100_A0A1B2A6P4__Cas9	0.9939438	0.0019112088
UniRef100_A0A1B2A6P4__Cas9-548m	0.033850413	0.0029009788
UniRef100_C5WH61__Cas9	0.9958898	0.0011658246
UniRef100_C5WH61__Cas9-549m	0.021424748	0.0027312783
UniRef100_A0A7X0EHM8__Cas9	0.99280214	0.0018427906
UniRef100_A0A7X0EHM8__Cas9-435m	0.02668712	0.002348252
UniRef100_A0A385ADN3__Cas9	0.9942584	0.0017537314
UniRef100_A0A385ADN3__Cas9-548m	0.03178174	0.0026980801
UniRef100_A0A4Q5HAA5__Cas9	0.9963471	0.0014033425
UniRef100_A0A4Q5HAA5__Cas9-574m	0.02125394	0.0043146852
UniRef100_A0A0B7IQ14__Cas9	0.9934589	0.0019063024
UniRef100_A0A0B7IQ14__Cas9-572m	0.02042777	0.002293866
UniRef100_A0A5S4TE76__Cas9	0.9958464	0.001110258
UniRef100_A0A5S4TE76__Cas9-549m	0.02415483	0.0031255377
UniRef100_A0A0B7IB79__Cas9	0.9936515	0.0018975227
UniRef100_A0A0B7IB79__Cas9-572m	0.019567681	0.0019424497
UniRef100_A0A2D4ZRZ3__Cas9	0.9891502	0.0026090876
UniRef100_A0A2D4ZRZ3__Cas9-422m	0.014911503	0.0028653746
UniRef100_A0A7X4BXD8__Cas9	0.9778017	0.008587702
UniRef100_A0A7X4BXD8__Cas9-658m	0.020364638	0.0025814788
UniRef100_A0A642MDU6__Cas9	0.99541426	0.0015512669
UniRef100_A0A642MDU6__Cas9-573m	0.014546173	0.0017229795
UniRef100_A0A379B6M0__Cas9	0.99512464	0.00124243
UniRef100_A0A379B6M0__Cas9-425m	0.023734096	0.0021662738
UniRef100_A0A3R6EU27__Cas9	0.9920141	0.0018987331
UniRef100_A0A3R6EU27__Cas9-461m	0.044603873	0.0069752256
UniRef100_A0A412FF55__Cas9	0.9923113	0.0017689876
UniRef100_A0A412FF55__Cas9-461m	0.050087463	0.008224312
UniRef100_A0A3R7CPN3__Cas9	0.9946836	0.0011306928
UniRef100_A0A3R7CPN3__Cas9-530m	0.01356224	0.0011715718
UniRef100_A0A642MLQ5__Cas9	0.99529535	0.001587757
UniRef100_A0A642MLQ5__Cas9-573m	0.014731812	0.0017222152
UniRef100_I0Q2W2__Cas9	0.99614906	0.0011337813
UniRef100_I0Q2W2__Cas9-549m	0.09476224	0.029482175
UniRef100_A0A4Q0D683__Cas9	0.8973276	0.084465794
UniRef100_A0A4Q0D683__Cas9-553m	0.018198522	0.0018713925
UniRef100_A0A380IN75__Cas9	0.9961175	0.0013201477
UniRef100_A0A380IN75__Cas9-548m	0.038242154	0.007390924
UniRef100_I1A5G3__Cas9	0.9939068	0.0017509002
UniRef100_I1A5G3__Cas9-494m	0.042175226	0.010679296
UniRef100_A0A7V3TW42__Cas9	0.9965879	0.00076545845
UniRef100_A0A7V3TW42__Cas9-425m	0.02341057	0.005654583
UniRef100_A0A412B536__Cas9	0.9920292	0.0017038283
UniRef100_A0A412B536__Cas9-461m	0.041543413	0.0066632293
UniRef100_A0A7H8V0N3__Cas9	0.9963622	0.0011760616
UniRef100_A0A7H8V0N3__Cas9-560m	0.044250503	0.005232273
UniRef100_A0A3A6JQD7__Cas9	0.9970137	0.0014050327
UniRef100_A0A3A6JQD7__Cas9-434m	0.025171977	0.0035168808
UniRef100_A0A1X1HQZ5__Cas9	0.99595296	0.0011850257
UniRef100_A0A1X1HQZ5__Cas9-550m	0.016713133	0.003105281
UniRef100_A0A1F0AZ94__Cas9	0.99642247	0.0012541299
UniRef100_A0A1F0AZ94__Cas9-552m	0.020976806	0.0032413378
UniRef100_A0A5L4WX38__Cas9	0.9896587	0.0024030246
UniRef100_A0A5L4WX38__Cas9-394m	0.025383571	0.0032002777
UniRef100_A0A6I4XW76__Cas9	0.9966925	0.00096894946
UniRef100_A0A6I4XW76__Cas9-535m	0.016641986	0.0023554
UniRef100_A0A3G6TK07__Cas9	0.99495524	0.0013313883
UniRef100_A0A3G6TK07__Cas9-572m	0.023865774	0.0028451502
UniRef100_A0A0R1ZP43__Cas9	0.9938661	0.0021869806
UniRef100_A0A0R1ZP43__Cas9-528m	0.018220011	0.0021331469
UniRef100_A0A3S6QW27__Cas9	0.99442863	0.0017696549
UniRef100_A0A3S6QW27__Cas9-468m	0.04567306	0.0075958124
UniRef100_A0A427ZWI0__Cas9	0.995683	0.0013590689
UniRef100_A0A427ZWI0__Cas9-548m	0.013657724	0.0011122486
UniRef100_A0A1E9EMZ9__Cas9	0.9951065	0.001447187
UniRef100_A0A1E9EMZ9__Cas9-547m	0.06637256	0.023070933
UniRef100_A0A495WJ55__Cas9	0.9945434	0.0014259787
UniRef100_A0A495WJ55__Cas9-573m	0.017188316	0.0026028005
UniRef100_A0A5C8GB06__Cas9	0.9956994	0.0011900972
UniRef100_A0A5C8GB06__Cas9-488m	0.038942922	0.0056735487
UniRef100_A0A242IDM5__Cas9	0.9958556	0.0012779937
UniRef100_A0A242IDM5__Cas9-536m	0.021622282	0.002676934
UniRef100_A0A378VHH1__Cas9	0.9980152	0.0006421871
UniRef100_A0A378VHH1__Cas9-428m	0.0091905175	0.0017115821
UniRef100_A0A2X4AIA2__Cas9	0.9964665	0.0011705118
UniRef100_A0A2X4AIA2__Cas9-557m	0.024503307	0.0026872705
UniRef100_A0A7X8I822__Cas9	0.9900467	0.0019961977
UniRef100_A0A7X8I822__Cas9-472m	0.018916234	0.002151137
UniRef100_A0A5D0JYU4__Cas9	0.9803449	0.005104733
UniRef100_A0A5D0JYU4__Cas9-548m	0.017443566	0.0017437495
UniRef100_J9E534__Cas9	0.9902638	0.0033097586
UniRef100_J9E534__Cas9-459m	0.033705417	0.005059484
UniRef100_A0A7V7HNN8__Cas9	0.9872883	0.0027266343
UniRef100_A0A7V7HNN8__Cas9-428m	0.023756282	0.0024723979
UniRef100_A0A0R1TGJ3__Cas9	0.99390477	0.0015981862
UniRef100_A0A0R1TGJ3__Cas9-548m	0.04533363	0.0073707993
UniRef100_V8BZU1__Cas9	0.9945674	0.0013222344
UniRef100_V8BZU1__Cas9-557m	0.021306068	0.0021335762
UniRef100_A0A233WAV8__Cas9	0.9963552	0.0011148781
UniRef100_A0A233WAV8__Cas9-540m	0.024315579	0.0032831363
UniRef100_A0A2A8BNK9__Cas9	0.98726445	0.0028150165
UniRef100_A0A2A8BNK9__Cas9-428m	0.0290473	0.00398711
UniRef100_E5C8Y3__Cas9	0.9959428	0.0015053956
UniRef100_E5C8Y3__Cas9-575m	0.022984045	0.0037307264
UniRef100_A0A4Y3JYX6__Cas9	0.99562216	0.0014693339
UniRef100_A0A4Y3JYX6__Cas9-568m	0.018364929	0.0016348583
UniRef100_K6RXS8__Cas9	0.9945774	0.001989916
UniRef100_K6RXS8__Cas9-547m	0.04823593	0.007074844
UniRef100_A0A1S8KM94__Cas9	0.99593675	0.0013623564
UniRef100_A0A1S8KM94__Cas9-533m	0.057916485	0.013747557
UniRef100_A0A6I0LHY2__Cas9	0.9924285	0.0030256622
UniRef100_A0A6I0LHY2__Cas9-604m	0.034165878	0.006976423
UniRef100_A0A1M6VU50__Cas9	0.9938672	0.0017349662
UniRef100_A0A1M6VU50__Cas9-564m	0.019880112	0.0020607274
UniRef100_A0A7Z0G2B1__Cas9	0.9949995	0.0014827782
UniRef100_A0A7Z0G2B1__Cas9-564m	0.026891166	0.0025621192
UniRef100_A0A5C7W1L1__Cas9	0.9950086	0.0014411196
UniRef100_A0A5C7W1L1__Cas9-413m	0.013385835	0.002300438
UniRef100_A0A414WCI7__Cas9	0.99254483	0.002989824
UniRef100_A0A414WCI7__Cas9-604m	0.03368289	0.006967932
UniRef100_C2G539__Cas9	0.9954192	0.0017403432
UniRef100_C2G539__Cas9-523m	0.014855832	0.0013313855
UniRef100_D1VXP4__Cas9	0.9954497	0.0011370537
UniRef100_D1VXP4__Cas9-488m	0.03962886	0.0072491085
UniRef100_A0A3A6MAE4__Cas9	0.9942237	0.0023025512
UniRef100_A0A3A6MAE4__Cas9-604m	0.040254258	0.008540422
UniRef100_A0A3N7AG78__Cas9	0.99721944	0.00084475736
UniRef100_A0A3N7AG78__Cas9-508m	0.029711891	0.0036102394
UniRef100_A0A4R5NUJ7__Cas9	0.9978565	0.00083628995
UniRef100_A0A4R5NUJ7__Cas9-549m	0.022396922	0.0021904737
UniRef100_A0A7D4KNE5__Cas9	0.9961971	0.0011857533
UniRef100_A0A7D4KNE5__Cas9-540m	0.02676225	0.0033405446
UniRef100_A0A2U9S6V7__Cas9	0.98939055	0.001624086
UniRef100_A0A2U9S6V7__Cas9-430m	0.036249965	0.006350952
UniRef100_A0A233VHR9__Cas9	0.9952198	0.001604572
UniRef100_A0A233VHR9__Cas9-542m	0.022140186	0.0048706704
UniRef100_A0A0D4CLL6__Cas9	0.9924466	0.001582171
UniRef100_A0A0D4CLL6__Cas9-559m	0.02495908	0.004054796
UniRef100_A0A414IGC8__Cas9	0.9927271	0.0023815087
UniRef100_A0A414IGC8__Cas9-571m	0.017878905	0.0032255044
UniRef100_A0A7J5HN35__Cas9	0.99288166	0.0023431077
UniRef100_A0A7J5HN35__Cas9-605m	0.019802617	0.0025518455
UniRef100_A0A4Q1U5Z2__Cas9	0.99465686	0.0015125831
UniRef100_A0A4Q1U5Z2__Cas9-545m	0.036840945	0.0030600158
UniRef100_A0A516GI60__Cas9	0.9955341	0.0014365746
UniRef100_A0A516GI60__Cas9-533m	0.06198103	0.014739552
UniRef100_A0A1Q6ES56__Cas9	0.9914424	0.0038446593
UniRef100_A0A1Q6ES56__Cas9-556m	0.021285493	0.0021147723
UniRef100_A0A2T0GEI7__Cas9	0.99421024	0.0018821792
UniRef100_A0A2T0GEI7__Cas9-453m	0.013538165	0.002926363
UniRef100_A0A1G6VAS2__Cas9	0.9898673	0.0022752297
UniRef100_A0A1G6VAS2__Cas9-428m	0.02587409	0.0023332012
UniRef100_A0A1G3HQ03__Cas9	0.99679166	0.00071575725
UniRef100_A0A1G3HQ03__Cas9-449m	0.019794317	0.0027001821
UniRef100_A0A6N8IHC9__Cas9	0.9967348	0.001085642
UniRef100_A0A6N8IHC9__Cas9-549m	0.039507844	0.0058484566
UniRef100_A0A1F1GZW9__Cas9	0.99725693	0.0011947427
UniRef100_A0A1F1GZW9__Cas9-433m	0.016601738	0.002360018
UniRef100_A0A412QA30__Cas9	0.99268514	0.002518485
UniRef100_A0A412QA30__Cas9-602m	0.021529239	0.0022155028
UniRef100_A0A2X3T3B3__Cas9	0.9966027	0.0010560515
UniRef100_A0A2X3T3B3__Cas9-540m	0.030728683	0.0027549958
UniRef100_A0A414M6F0__Cas9	0.993029	0.0027794999
UniRef100_A0A414M6F0__Cas9-604m	0.042544425	0.006115239
UniRef100_A0A1D2LU44__Cas9	0.9946338	0.0016550437
UniRef100_A0A1D2LU44__Cas9-536m	0.016040418	0.0013761637
UniRef100_A0A3E4W8P5__Cas9	0.9910531	0.0030880044
UniRef100_A0A3E4W8P5__Cas9-604m	0.029579189	0.0071894685
UniRef100_A0A1D2U437__Cas9	0.9954942	0.0007811691
UniRef100_A0A1D2U437__Cas9-453m	0.015535759	0.0030484523
UniRef100_A0A7X9XH94__Cas9	0.99318266	0.0027245358
UniRef100_A0A7X9XH94__Cas9-604m	0.04102521	0.0059305388
UniRef100_A0A7J5RFY7__Cas9	0.99149513	0.0029674529
UniRef100_A0A7J5RFY7__Cas9-604m	0.029793015	0.0071916194
UniRef100_D0W2Z9__Cas9	0.9970185	0.0015675339
UniRef100_D0W2Z9__Cas9-433m	0.012733825	0.001647035
UniRef100_A0A1R4DXK6__Cas9	0.99239856	0.0022425419
UniRef100_A0A1R4DXK6__Cas9-572m	0.021046191	0.002425015
UniRef100_A0A3L7Z734__Cas9	0.9851675	0.0018661282
UniRef100_A0A3L7Z734__Cas9-608m	0.03176353	0.006104226
UniRef100_U2YFI6__Cas9	0.9958924	0.0012280886
UniRef100_U2YFI6__Cas9-538m	0.017223649	0.0015599999
UniRef100_A0A0R2DGS6__Cas9	0.9948443	0.0014495087
UniRef100_A0A0R2DGS6__Cas9-548m	0.021058405	0.0025960433
UniRef100_R5K6G6__Cas9	0.99341184	0.0026904102
UniRef100_R5K6G6__Cas9-604m	0.042051084	0.00620284
UniRef100_A0A413VY27__Cas9	0.9936141	0.0020015216
UniRef100_A0A413VY27__Cas9-605m	0.021897813	0.005100242
UniRef100_A0A374DTD8__Cas9	0.99502766	0.0015028362
UniRef100_A0A374DTD8__Cas9-530m	0.029197711	0.0021899235
UniRef100_A0A1X0WR94__Cas9	0.9914362	0.002745391
UniRef100_A0A1X0WR94__Cas9-452m	0.016720887	0.0023228906
UniRef100_A0A4Q5GQL4__Cas9	0.9934379	0.002682283
UniRef100_A0A4Q5GQL4__Cas9-604m	0.04167346	0.0059249476
UniRef100_A0A1X1FQA2__Cas9	0.99119014	0.0030508125
UniRef100_A0A1X1FQA2__Cas9-456m	0.032504924	0.00666097
UniRef100_A0A250FPT9__Cas9	0.9927844	0.0019011925
UniRef100_A0A250FPT9__Cas9-572m	0.021032223	0.0020671051
UniRef100_A0A415NVW3__Cas9	0.993255	0.0024981892
UniRef100_A0A415NVW3__Cas9-602m	0.023851328	0.002336582
UniRef100_A0A242XNH2__Cas9	0.98321295	0.003471392
UniRef100_A0A242XNH2__Cas9-428m	0.033178497	0.0052373926
UniRef100_A0A5P0XCM9__Cas9	0.994009	0.0014812505
UniRef100_A0A5P0XCM9__Cas9-486m	0.021999214	0.0025592563
UniRef100_A0A7X2W5R0__Cas9	0.9928986	0.0018998613
UniRef100_A0A7X2W5R0__Cas9-452m	0.02745286	0.0048592724
UniRef100_A0A415BMV3__Cas9	0.9928199	0.0025347397
UniRef100_A0A415BMV3__Cas9-602m	0.021163866	0.0020486491
UniRef100_A0A1X1GCS7__Cas9	0.9959383	0.0014830435
UniRef100_A0A1X1GCS7__Cas9-550m	0.033413164	0.006958184
UniRef100_A0A3D3QUT0__Cas9	0.9939538	0.0022443566
UniRef100_A0A3D3QUT0__Cas9-584m	0.02023011	0.00266529
UniRef100_A0A1X1FK70__Cas9	0.99251395	0.0025800162
UniRef100_A0A1X1FK70__Cas9-456m	0.025948334	0.0044605555
UniRef100_F8LWC5__Cas9	0.9948619	0.0016298417
UniRef100_F8LWC5__Cas9-449m	0.032897044	0.004099627
UniRef100_A0A173R3H4__Cas9	0.9946805	0.0019644632
UniRef100_A0A173R3H4__Cas9-550m	0.024545664	0.0022294207
UniRef100_A0A497Z589__Cas9	0.99266493	0.0021132047
UniRef100_A0A497Z589__Cas9-557m	0.031010428	0.00335362
UniRef100_Q1JLZ6__Cas9	0.99652994	0.001046542
UniRef100_Q1JLZ6__Cas9-548m	0.03030992	0.005536686
UniRef100_A0A2A4L9T5__Cas9	0.9898589	0.0022856495
UniRef100_A0A2A4L9T5__Cas9-395m	0.013658198	0.0022788923
UniRef100_A0A562S2Z1__Cas9	0.996428	0.0009871945
UniRef100_A0A562S2Z1__Cas9-558m	0.03219907	0.008935404
UniRef100_L1NKM1__Cas9	0.9926504	0.0022582337
UniRef100_L1NKM1__Cas9-573m	0.015437923	0.0012357602
UniRef100_Q03JI6__Cas9	0.99435836	0.002319209
UniRef100_Q03JI6__Cas9-556m	0.044034764	0.006090756
UniRef100_A0A1S5WDD4__Cas9	0.9951434	0.0014469771
UniRef100_A0A1S5WDD4__Cas9-554m	0.023994973	0.0044090375
UniRef100_A0A379EFL8__Cas9	0.9957692	0.0011370792
UniRef100_A0A379EFL8__Cas9-487m	0.016718784	0.0019981829
UniRef100_A0A6F9ZIS1__Cas9	0.99114907	0.002758711
UniRef100_A0A6F9ZIS1__Cas9-598m	0.022284897	0.0034815653
UniRef100_A0A7W6PYW7__Cas9	0.9976904	0.0011490794
UniRef100_A0A7W6PYW7__Cas9-441m	0.046023704	0.0057196794
UniRef100_A0A646JQU9__Cas9	0.9955891	0.0011706718
UniRef100_A0A646JQU9__Cas9-539m	0.023548821	0.002730322
UniRef100_A0A3M0NPX5__Cas9	0.9948734	0.001544045
UniRef100_A0A3M0NPX5__Cas9-559m	0.023651855	0.0040854504
UniRef100_A0A2M8M9S1__Cas9	0.99502385	0.0015016926
UniRef100_A0A2M8M9S1__Cas9-552m	0.021560121	0.0026090187
UniRef100_A0A5B8TH54__Cas9	0.99469626	0.0016357347
UniRef100_A0A5B8TH54__Cas9-449m	0.0396161	0.0030879853
UniRef100_A0A415CZQ7__Cas9	0.99409056	0.0030206286
UniRef100_A0A415CZQ7__Cas9-561m	0.019659434	0.0030601383
UniRef100_A0A3S4PKW4__Cas9	0.9956443	0.0013273684
UniRef100_A0A3S4PKW4__Cas9-555m	0.01498273	0.0018558817
UniRef100_A0A2D3L7J5__Cas9	0.9953003	0.0013697803
UniRef100_A0A2D3L7J5__Cas9-552m	0.024748031	0.0036308852
UniRef100_A0A7C4P449__Cas9	0.9945151	0.0015470451
UniRef100_A0A7C4P449__Cas9-498m	0.018158492	0.002624146
UniRef100_A0A7G2T8M1__Cas9	0.9947181	0.0014960882
UniRef100_A0A7G2T8M1__Cas9-560m	0.021767039	0.003719417
UniRef100_A0A563CDP1__Cas9	0.99567306	0.0017474851
UniRef100_A0A563CDP1__Cas9-536m	0.031288445	0.0048285923
UniRef100_A0A0R1RRH5__Cas9	0.9944612	0.0016104856
UniRef100_A0A0R1RRH5__Cas9-546m	0.011007289	0.0012131266
UniRef100_A0A5M5PVK4__Cas9	0.99596995	0.0014881549
UniRef100_A0A5M5PVK4__Cas9-575m	0.0271432	0.006152914
UniRef100_A0A380G4J1__Cas9	0.9912838	0.0036859934
UniRef100_A0A380G4J1__Cas9-538m	0.020462342	0.0021623184
UniRef100_A0A3M6Q171__Cas9	0.9980049	0.0004108839
UniRef100_A0A3M6Q171__Cas9-435m	0.034682706	0.0032945697
UniRef100_E1W6G3__Cas9	0.99541247	0.0010121063
UniRef100_E1W6G3__Cas9-421m	0.019052334	0.00356425
UniRef100_L1P954__Cas9	0.9310721	0.010327021
UniRef100_L1P954__Cas9-589m	0.0229646	0.0030082557
UniRef100_A0A5N1GBH1__Cas9	0.99479663	0.0014746562
UniRef100_A0A5N1GBH1__Cas9-555m	0.017373275	0.0026601641
UniRef100_S4F007__Cas9	0.48944896	0.092989326
UniRef100_S4F007__Cas9-516m	0.018345969	0.002066726
UniRef100_A0A2T3G018__Cas9	0.9938712	0.0017159539
UniRef100_A0A2T3G018__Cas9-442m	0.031196386	0.007729297
UniRef100_R7PQD7__Cas9	0.9518979	0.012517
UniRef100_R7PQD7__Cas9-445m	0.035008	0.0054145544
UniRef100_A0A0X3Y1U5__Cas9	0.995127	0.0014618727
UniRef100_A0A0X3Y1U5__Cas9-547m	0.05773229	0.019767724
UniRef100_A0A416FUL5__Cas9	0.99417305	0.0016256137
UniRef100_A0A416FUL5__Cas9-442m	0.03845621	0.009255537
UniRef100_U2QKG2__Cas9	0.9934141	0.0018419896
UniRef100_U2QKG2__Cas9-559m	0.027893052	0.004088406
UniRef100_A0A366SND0__Cas9	0.9931427	0.0018480427
UniRef100_A0A366SND0__Cas9-539m	0.01925929	0.0009285734
UniRef100_A0A418J1M8__Cas9	0.9928132	0.001732985
UniRef100_A0A418J1M8__Cas9-422m	0.017387334	0.003624056
UniRef100_A0A3D9C7Y1__Cas9	0.99416316	0.0017243564
UniRef100_A0A3D9C7Y1__Cas9-591m	0.022206405	0.007211418
UniRef100_A0A2W5BW11__Cas9	0.99682915	0.0010963929
UniRef100_A0A2W5BW11__Cas9-433m	0.06368486	0.00991812
UniRef100_A0A6L8T4B2__Cas9	0.9952461	0.0011187859
UniRef100_A0A6L8T4B2__Cas9-543m	0.010461658	0.00073407457
UniRef100_A0A091BWC6__Cas9	0.9947151	0.0014744346
UniRef100_A0A091BWC6__Cas9-452m	0.054977447	0.008498573
UniRef100_A0A413A3F6__Cas9	0.9926416	0.001999634
UniRef100_A0A413A3F6__Cas9-451m	0.019670382	0.004894987
UniRef100_U1GXL8__Cas9	0.99506074	0.0010723529
UniRef100_U1GXL8__Cas9-452m	0.029030612	0.0048334035
UniRef100_J3TRJ9__Cas9	0.990585	0.0022707235
UniRef100_J3TRJ9__Cas9-508m	0.044014715	0.0110598905
UniRef100_A0A6N4HMP0__Cas9	0.98963755	0.006112025
UniRef100_A0A6N4HMP0__Cas9-546m	0.020535743	0.0025487563
UniRef100_A0A3D4BUF2__Cas9	0.996397	0.0012596372
UniRef100_A0A3D4BUF2__Cas9-486m	0.031481177	0.002964735
UniRef100_A0A7Z8YPG2__Cas9	0.99443805	0.0016579245
UniRef100_A0A7Z8YPG2__Cas9-569m	0.01586946	0.002275833
UniRef100_A0A1F1HP65__Cas9	0.99734414	0.0013582088
UniRef100_A0A1F1HP65__Cas9-433m	0.026206622	0.0032526269
UniRef100_A0A380ZV95__Cas9	0.9938949	0.0018738299
UniRef100_A0A380ZV95__Cas9-572m	0.022846859	0.0023966439
UniRef100_A0A644W5N6__Cas9	0.99442637	0.0016945727
UniRef100_A0A644W5N6__Cas9-574m	0.016156754	0.0019055179
UniRef100_A0A4D7WRR4__Cas9	0.9974569	0.0010725501
UniRef100_A0A4D7WRR4__Cas9-433m	0.01915204	0.0028156228
UniRef100_A0A374AGG3__Cas9	0.898059	0.014563389
UniRef100_A0A374AGG3__Cas9-559m	0.046931148	0.015417417
UniRef100_A0A1X1KW87__Cas9	0.9959046	0.0010583489
UniRef100_A0A1X1KW87__Cas9-557m	0.029977674	0.0050118584
UniRef100_A0A373MT51__Cas9	0.9958339	0.0016817255
UniRef100_A0A373MT51__Cas9-530m	0.023237374	0.0024692519
UniRef100_A0A1X1G0J0__Cas9	0.99209374	0.0020929815
UniRef100_A0A1X1G0J0__Cas9-568m	0.014037969	0.0016329584
UniRef100_A0A2I1YZN8__Cas9	0.9961575	0.001166
UniRef100_A0A2I1YZN8__Cas9-546m	0.039226048	0.003958853
UniRef100_A0A1X0WXP0__Cas9	0.9960562	0.001203939
UniRef100_A0A1X0WXP0__Cas9-553m	0.028144855	0.003273284
UniRef100_A0A1X1GD62__Cas9	0.9962292	0.0011452421
UniRef100_A0A1X1GD62__Cas9-550m	0.020777881	0.0033461803
UniRef100_A0A3R9JM73__Cas9	0.99346066	0.0024256308
UniRef100_A0A3R9JM73__Cas9-457m	0.015061952	0.002310024
UniRef100_A0A1X1GTM7__Cas9	0.99607295	0.0011898318
UniRef100_A0A1X1GTM7__Cas9-549m	0.07542166	0.022172624
UniRef100_A0A1X1JP06__Cas9	0.99588585	0.0011211395
UniRef100_A0A1X1JP06__Cas9-557m	0.030265102	0.005063369
UniRef100_A0A6M9FBA3__Cas9	0.993117	0.0021675352
UniRef100_A0A6M9FBA3__Cas9-454m	0.019206986	0.0024128628
UniRef100_A0A377J007__Cas9	0.9950334	0.0010684985
UniRef100_A0A377J007__Cas9-422m	0.016595613	0.0026038606
UniRef100_A0A2G3NST7__Cas9	0.9954255	0.0014930464
UniRef100_A0A2G3NST7__Cas9-452m	0.039393686	0.005920074
UniRef100_A0A0Q7HTH3__Cas9	0.9769516	0.005716409
UniRef100_A0A0Q7HTH3__Cas9-434m	0.021117855	0.0042357207
UniRef100_A0A0N1EBR4__Cas9	0.9912486	0.0021346384
UniRef100_A0A0N1EBR4__Cas9-420m	0.012427333	0.0022258393
UniRef100_A0A109Q6P7__Cas9	0.9941269	0.0016463101
UniRef100_A0A109Q6P7__Cas9-584m	0.029588848	0.0059612547
UniRef100_A0A1Y3S1F5__Cas9	0.9942498	0.0025576092
UniRef100_A0A1Y3S1F5__Cas9-536m	0.03064678	0.003144954
UniRef100_A0A7X4I744__Cas9	0.9940823	0.0027006152
UniRef100_A0A7X4I744__Cas9-536m	0.043084383	0.006815369
UniRef100_A0A4R5F7V0__Cas9	0.993889	0.0018764051
UniRef100_A0A4R5F7V0__Cas9-614m	0.013350668	0.0023477357
UniRef100_A0A428DL80__Cas9	0.99611837	0.0011623125
UniRef100_A0A428DL80__Cas9-553m	0.029832924	0.0032116284
UniRef100_A0A1X1K6S2__Cas9	0.9954928	0.0013566532
UniRef100_A0A1X1K6S2__Cas9-551m	0.028586123	0.0045061787
UniRef100_A0A2D1KY34__Cas9	0.9955622	0.0012928701
UniRef100_A0A2D1KY34__Cas9-451m	0.039881658	0.009067032
UniRef100_A0A415DF70__Cas9	0.9934909	0.0024205178
UniRef100_A0A415DF70__Cas9-602m	0.023969226	0.0022314677
UniRef100_A0A0F2DF30__Cas9	0.9952504	0.001338228
UniRef100_A0A0F2DF30__Cas9-557m	0.03219088	0.005239926
UniRef100_U7USL1__Cas9	0.9962491	0.00091382203
UniRef100_U7USL1__Cas9-488m	0.035244096	0.006626736
UniRef100_A0A373GQY7__Cas9	0.9958044	0.0016950647
UniRef100_A0A373GQY7__Cas9-530m	0.023625381	0.0024689997
UniRef100_A0A6I6WEX7__Cas9	0.9934928	0.0016958462
UniRef100_A0A6I6WEX7__Cas9-450m	0.014199993	0.0033361039
UniRef100_A0A2D1KTD8__Cas9	0.99255687	0.0019331509
UniRef100_A0A2D1KTD8__Cas9-543m	0.040677626	0.0060753203
UniRef100_A0A6N7XWR3__Cas9	0.99435997	0.0016529894
UniRef100_A0A6N7XWR3__Cas9-541m	0.02634666	0.003401722
UniRef100_A0A7L7L0Y6__Cas9	0.89664495	0.042144116
UniRef100_A0A7L7L0Y6__Cas9-514m	0.03430987	0.0047430163
UniRef100_A0A2N9PDE7__Cas9	0.99131125	0.0024417827
UniRef100_A0A2N9PDE7__Cas9-584m	0.027015794	0.0043311655
UniRef100_A0A2U2MDP8__Cas9	0.9944889	0.0024412214
UniRef100_A0A2U2MDP8__Cas9-536m	0.03230848	0.0031857288
UniRef100_A0A6N7X6N6__Cas9	0.9951972	0.001337105
UniRef100_A0A6N7X6N6__Cas9-548m	0.020567227	0.0025704128
UniRef100_A0A415IT92__Cas9	0.988894	0.003292404
UniRef100_A0A415IT92__Cas9-600m	0.018238015	0.002732787
UniRef100_A0A6N9ISS0__Cas9	0.9950775	0.0017501249
UniRef100_A0A6N9ISS0__Cas9-537m	0.06492032	0.016753286
UniRef100_A0A437UBH1__Cas9	0.99080455	0.0025556793
UniRef100_A0A437UBH1__Cas9-584m	0.02734	0.0045126965
UniRef100_A0A1E9MP00__Cas9	0.99706733	0.0013189269
UniRef100_A0A1E9MP00__Cas9-433m	0.017570723	0.0025417586
UniRef100_E1WNY6__Cas9	0.99594295	0.0015087476
UniRef100_E1WNY6__Cas9-575m	0.028825924	0.005779256
UniRef100_A0A1E5TL62__Cas9	0.99425447	0.0014226385
UniRef100_A0A1E5TL62__Cas9-422m	0.019736696	0.004114241
UniRef100_A0A417S7J7__Cas9	0.99577636	0.0016991937
UniRef100_A0A417S7J7__Cas9-530m	0.022531793	0.0024979603
UniRef100_I8UMX3__Cas9	0.99582607	0.0014088694
UniRef100_I8UMX3__Cas9-580m	0.029276425	0.0057983934
UniRef100_A0A1X7GNL0__Cas9	0.9985684	0.0004131816
UniRef100_A0A1X7GNL0__Cas9-425m	0.02349328	0.0050705774
UniRef100_A0A415D8A2__Cas9	0.98937845	0.004754202
UniRef100_A0A415D8A2__Cas9-537m	0.043332033	0.007161203
UniRef100_A0A7X2QYC3__Cas9	0.99494696	0.0017614104
UniRef100_A0A7X2QYC3__Cas9-548m	0.026995117	0.003646255
UniRef100_A0A1S6E9Z3__Cas9	0.9817606	0.003328851
UniRef100_A0A1S6E9Z3__Cas9-575m	0.0194969	0.0028137828
UniRef100_A0A7X2QGI6__Cas9	0.9937689	0.002354167
UniRef100_A0A7X2QGI6__Cas9-449m	0.027189756	0.0030826747
UniRef100_A0A449AR60__Cas9	0.9937377	0.0017795188
UniRef100_A0A449AR60__Cas9-494m	0.033887845	0.0076974356
UniRef100_A0A015Y7X0__Cas9	0.9960043	0.0014892544
UniRef100_A0A015Y7X0__Cas9-575m	0.028219441	0.0063195
UniRef100_A0A7X2Q3K0__Cas9	0.99382126	0.002333794
UniRef100_A0A7X2Q3K0__Cas9-449m	0.027978662	0.0031656872
UniRef100_A0A0A8GXC3__Cas9	0.9877485	0.003275103
UniRef100_A0A0A8GXC3__Cas9-398m	0.029462138	0.0036868735
UniRef100_A0A4R1JNP8__Cas9	0.993492	0.0018173868
UniRef100_A0A4R1JNP8__Cas9-450m	0.01586127	0.0023045426
UniRef100_A0A1F0BNE0__Cas9	0.9927228	0.0019404576
UniRef100_A0A1F0BNE0__Cas9-452m	0.027195517	0.0048072347
UniRef100_A0A6G6GSS4__Cas9	0.9956275	0.001411964
UniRef100_A0A6G6GSS4__Cas9-568m	0.018126471	0.0016508766
UniRef100_A0A0U5KB17__Cas9	0.9954251	0.0015979217
UniRef100_A0A0U5KB17__Cas9-568m	0.018164223	0.0015093125
UniRef100_A0A2X3BDU5__Cas9	0.81884146	0.046648417
UniRef100_A0A2X3BDU5__Cas9-406m	0.016526973	0.0032397283
UniRef100_A0A2M9SZU9__Cas9	0.99248666	0.001930173
UniRef100_A0A2M9SZU9__Cas9-435m	0.02077338	0.0019734283
UniRef100_A0A3E4LMJ5__Cas9	0.98998594	0.004625562
UniRef100_A0A3E4LMJ5__Cas9-537m	0.043064106	0.007151415
UniRef100_A0A1V0GJQ8__Cas9	0.99329776	0.0018166974
UniRef100_A0A1V0GJQ8__Cas9-452m	0.02692615	0.0042297677
UniRef100_A0A081R6F9__Cas9	0.9933918	0.0019997617
UniRef100_A0A081R6F9__Cas9-454m	0.017328123	0.00238364
UniRef100_UPI0007707204__Cas9	0.98460853	0.0032283186
UniRef100_UPI0007707204__Cas9-549m	0.05582894	0.015107058
UniRef100_UPI0008F49770__Cas9	0.98267853	0.004800412
UniRef100_UPI0008F49770__Cas9-652m	0.034238853	0.00650321
UniRef100_UPI0008FD6C93__Cas9	0.9834837	0.004660252
UniRef100_UPI0008FD6C93__Cas9-652m	0.036806837	0.0074728015
UniRef100_UPI000778347B__Cas9	0.98551214	0.0030757436
UniRef100_UPI000778347B__Cas9-549m	0.04421445	0.008570267
UniRef100_UPI000778102E__Cas9	0.9853967	0.0030484565
UniRef100_UPI000778102E__Cas9-476m	0.030243728	0.0047250693
UniRef100_UPI000777E2F8__Cas9	0.9848579	0.0030958185
UniRef100_UPI000777E2F8__Cas9-549m	0.042499933	0.008197795
UniRef100_UPI0007884AF4__Cas9	0.98907626	0.0026077246
UniRef100_UPI0007884AF4__Cas9-549m	0.042348452	0.009650962
UniRef100_A0A3R6RHI5__Cas9	0.9971698	0.0010561448
UniRef100_A0A3R6RHI5__Cas9-540m	0.0221761	0.0027612236
UniRef100_A0A374FXU4__Cas9	0.9941829	0.0014882651
UniRef100_A0A374FXU4__Cas9-532m	0.031503618	0.0050672814
UniRef100_A0A366KG04__Cas9	0.9948591	0.0014798071
UniRef100_A0A366KG04__Cas9-555m	0.02911822	0.0059416667
UniRef100_A0A689Z9A7__Cas9	0.98995626	0.0026042997
UniRef100_A0A689Z9A7__Cas9-400m	0.031830616	0.0049180626
UniRef100_A0A378WA20__Cas9	0.9974567	0.0011201464
UniRef100_A0A378WA20__Cas9-433m	0.012748691	0.0020023487
UniRef100_V8LSG7__Cas9	0.9942566	0.0025633522
UniRef100_V8LSG7__Cas9-556m	0.045948774	0.0069974624
UniRef100_V8LWT4__Cas9	0.9945344	0.0016415406
UniRef100_V8LWT4__Cas9-449m	0.028784856	0.003763015
UniRef100_A0A7G1JD66__Cas9	0.9964174	0.0011045845
UniRef100_A0A7G1JD66__Cas9-548m	0.029792631	0.0047314465
UniRef100_A0A431PYV0__Cas9	0.8662052	0.024638321
UniRef100_A0A431PYV0__Cas9-386m	0.05328245	0.008605437
UniRef100_A0A2I1TF16__Cas9	0.99342597	0.0019797802
UniRef100_A0A2I1TF16__Cas9-426m	0.02925826	0.0062355245
UniRef100_A0A381J1N1__Cas9	0.9948618	0.0016242847
UniRef100_A0A381J1N1__Cas9-426m	0.03591608	0.005592959
UniRef100_A0A329ZC87__Cas9	0.9879947	0.0023885984
UniRef100_A0A329ZC87__Cas9-403m	0.032460596	0.00514023
UniRef100_A0A174L7S6__Cas9	0.9927963	0.0023995826
UniRef100_A0A174L7S6__Cas9-571m	0.017547831	0.0028480368
UniRef100_A0A5S4TT78__Cas9	0.9967573	0.0009944792
UniRef100_A0A5S4TT78__Cas9-548m	0.03290053	0.0059710774
UniRef100_A0A417JBE8__Cas9	0.8283002	0.029049661
UniRef100_A0A417JBE8__Cas9-574m	0.034496333	0.008901163
UniRef100_A0A395W154__Cas9	0.9943619	0.0022215734
UniRef100_A0A395W154__Cas9-604m	0.037605938	0.0079368595
UniRef100_A0A8B3IXM8__Cas9	0.99345607	0.0019798814
UniRef100_A0A8B3IXM8__Cas9-450m	0.03897422	0.006655021
UniRef100_Q5L8F8__Cas9	0.99598515	0.0015027925
UniRef100_Q5L8F8__Cas9-575m	0.027705783	0.0054115294
UniRef100_A0A6C7K0G1__Cas9	0.98998564	0.0024040744
UniRef100_A0A6C7K0G1__Cas9-394m	0.026327297	0.0034078825
UniRef100_A0A6C2WXF9__Cas9	0.99655926	0.0010461225
UniRef100_A0A6C2WXF9__Cas9-548m	0.031353332	0.0058081076
UniRef100_A0A357LB84__Cas9	0.9957615	0.0023011956
UniRef100_A0A357LB84__Cas9-420m	0.0347978	0.005292179
UniRef100_A0A1L6H8N6__Cas9	0.9966227	0.0010660745
UniRef100_A0A1L6H8N6__Cas9-547m	0.02607562	0.0022216537
UniRef100_A0A654M6H2__Cas9	0.99431	0.001503395
UniRef100_A0A654M6H2__Cas9-452m	0.05308355	0.010211579
UniRef100_E6J3R0__Cas9	0.99426204	0.0017553905
UniRef100_E6J3R0__Cas9-538m	0.013647489	0.0011837642
UniRef100_A0A3R9Q9W4__Cas9	0.99326813	0.00204633
UniRef100_A0A3R9Q9W4__Cas9-449m	0.037189864	0.0037557033
UniRef100_A0A099UFG2__Cas9	0.99094784	0.0020926709
UniRef100_A0A099UFG2__Cas9-415m	0.02518678	0.004611981
UniRef100_A0A4Q5C1A7__Cas9	0.9928695	0.001897687
UniRef100_A0A4Q5C1A7__Cas9-452m	0.02593927	0.0046062036
UniRef100_A0A450SND8__Cas9	0.9975799	0.0006660815
UniRef100_A0A450SND8__Cas9-432m	0.024499029	0.0059564076
UniRef100_A0A5T0ZLN2__Cas9	0.9893268	0.0024341086
UniRef100_A0A5T0ZLN2__Cas9-395m	0.015378704	0.0024377592
UniRef100_A0A5Z1D943__Cas9	0.9899517	0.0024717483
UniRef100_A0A5Z1D943__Cas9-395m	0.012904991	0.0019896168
UniRef100_A0A6C7Y035__Cas9	0.9895854	0.002433916
UniRef100_A0A6C7Y035__Cas9-394m	0.029307723	0.004133036
UniRef100_A0A6F9YHI1__Cas9	0.9969621	0.0010095319
UniRef100_A0A6F9YHI1__Cas9-542m	0.021502987	0.0024207104
UniRef100_A0A6D1SUD3__Cas9	0.98772603	0.00276107
UniRef100_A0A6D1SUD3__Cas9-428m	0.025086254	0.004019657
UniRef100_A0A3Z9MCX3__Cas9	0.9899465	0.0024406898
UniRef100_A0A3Z9MCX3__Cas9-394m	0.028566951	0.0037174197
UniRef100_A0A6L2A3G0__Cas9	0.99001044	0.002602524
UniRef100_A0A6L2A3G0__Cas9-400m	0.033906065	0.0055689374
UniRef100_A0A5Z5AC84__Cas9	0.98992	0.0023271493
UniRef100_A0A5Z5AC84__Cas9-394m	0.027129557	0.0037924452
UniRef100_A0A5T0SBU3__Cas9	0.98654735	0.0059599965
UniRef100_A0A5T0SBU3__Cas9-391m	0.01548708	0.002324011
UniRef100_A0A400RT33__Cas9	0.99003446	0.0024302856
UniRef100_A0A400RT33__Cas9-395m	0.012727064	0.0019333503
UniRef100_L9PS87__Cas9	0.9952322	0.0014705424
UniRef100_L9PS87__Cas9-552m	0.022897955	0.0024666206
UniRef100_A0A125S8K7__Cas9	0.9930477	0.001971822
UniRef100_A0A125S8K7__Cas9-521m	0.017655011	0.002389161
UniRef100_A0A3T2CPT3__Cas9	0.9952094	0.0012648798
UniRef100_A0A3T2CPT3__Cas9-534m	0.012913312	0.0011985612
UniRef100_A0A693BH07__Cas9	0.9899009	0.0024178922
UniRef100_A0A693BH07__Cas9-394m	0.025692055	0.0032427732
UniRef100_A0A690VDT6__Cas9	0.99038947	0.0022028058
UniRef100_A0A690VDT6__Cas9-394m	0.031630818	0.004177665
UniRef100_A0A6C7TG94__Cas9	0.9900578	0.002377237
UniRef100_A0A6C7TG94__Cas9-394m	0.029296327	0.003824206
UniRef100_A0A412G1V1__Cas9	0.9938016	0.0020214168
UniRef100_A0A412G1V1__Cas9-604m	0.022313898	0.0067694033
UniRef100_A0A3X8S912__Cas9	0.98930085	0.0024274038
UniRef100_A0A3X8S912__Cas9-395m	0.01590683	0.002427758
UniRef100_A0A696KHU2__Cas9	0.98961085	0.0024604567
UniRef100_A0A696KHU2__Cas9-395m	0.015100236	0.0023849905
UniRef100_A0A7Z9AWJ0__Cas9	0.9957534	0.0011279037
UniRef100_A0A7Z9AWJ0__Cas9-535m	0.011251966	0.00209203
UniRef100_A0A5C6L8R5__Cas9	0.9958931	0.0015195968
UniRef100_A0A5C6L8R5__Cas9-575m	0.02879406	0.0061060563
UniRef100_A0A3R7W0W7__Cas9	0.9955614	0.001360861
UniRef100_A0A3R7W0W7__Cas9-552m	0.025366068	0.003005146
UniRef100_A0A5Z1R8N9__Cas9	0.9900589	0.0015718155
UniRef100_A0A5Z1R8N9__Cas9-386m	0.04776089	0.0077570635
UniRef100_A0A412KEY2__Cas9	0.9928786	0.0017464763
UniRef100_A0A412KEY2__Cas9-461m	0.059568316	0.0112306485
UniRef100_A0A4Z0FEA5__Cas9	0.9939327	0.0016843979
UniRef100_A0A4Z0FEA5__Cas9-584m	0.029493442	0.005654654
UniRef100_A0A6B2FV80__Cas9	0.9949986	0.0014580683
UniRef100_A0A6B2FV80__Cas9-555m	0.027248	0.0056698304
UniRef100_A0A7Z0VGX1__Cas9	0.99594766	0.0013930113
UniRef100_A0A7Z0VGX1__Cas9-548m	0.03680958	0.0073797386
UniRef100_A0A5Y9CKA2__Cas9	0.99011976	0.0023257723
UniRef100_A0A5Y9CKA2__Cas9-394m	0.027764708	0.0038323589
UniRef100_A0A5T0Y769__Cas9	0.98973405	0.0015300391
UniRef100_A0A5T0Y769__Cas9-391m	0.042818643	0.0046954863
UniRef100_A0A3X9C3P8__Cas9	0.9894514	0.002449021
UniRef100_A0A3X9C3P8__Cas9-394m	0.025807232	0.0035004118
UniRef100_A0A1C5TF27__Cas9	0.9944258	0.0014888962
UniRef100_A0A1C5TF27__Cas9-533m	0.02891322	0.0044835317
UniRef100_A0A1C5U497__Cas9	0.9920247	0.0025708745
UniRef100_A0A1C5U497__Cas9-549m	0.030067828	0.0058816005
UniRef100_A0A400PWM6__Cas9	0.99008256	0.0024083124
UniRef100_A0A400PWM6__Cas9-394m	0.029537255	0.0038197709
UniRef100_A0A640XIQ4__Cas9	0.4589623	0.041046266
UniRef100_A0A640XIQ4__Cas9-532m	0.015738795	0.0013379559
UniRef100_A0A693W2I8__Cas9	0.9902034	0.0023816193
UniRef100_A0A693W2I8__Cas9-395m	0.012332847	0.002046981
UniRef100_A0A823PLU9__Cas9	0.99010134	0.0023496172
UniRef100_A0A823PLU9__Cas9-394m	0.028606022	0.0037646475
UniRef100_A0A5T1E6M7__Cas9	0.9892451	0.0024457455
UniRef100_A0A5T1E6M7__Cas9-394m	0.027550232	0.004016015
UniRef100_A0A639UYU4__Cas9	0.9892052	0.0025309033
UniRef100_A0A639UYU4__Cas9-394m	0.02614499	0.0037294521
UniRef100_A0A5T1W3K9__Cas9	0.99014103	0.0023324618
UniRef100_A0A5T1W3K9__Cas9-394m	0.028457705	0.0038167813
UniRef100_A0A8B1IQU0__Cas9	0.9964994	0.0010850189
UniRef100_A0A8B1IQU0__Cas9-540m	0.0297513	0.0029372047
UniRef100_A0A380KDG6__Cas9	0.9958237	0.0011454091
UniRef100_A0A380KDG6__Cas9-549m	0.02284319	0.002826305
UniRef100_A0A430U4E2__Cas9	0.9901166	0.0023842135
UniRef100_A0A430U4E2__Cas9-395m	0.013138095	0.0020189474
UniRef100_A0A6C7QEE3__Cas9	0.9899313	0.0023253616
UniRef100_A0A6C7QEE3__Cas9-394m	0.028613156	0.004035767
UniRef100_A0A6V8GVH3__Cas9	0.9898952	0.0024532368
UniRef100_A0A6V8GVH3__Cas9-394m	0.028091738	0.0036889666
UniRef100_A0A5Y7DVR5__Cas9	0.9898585	0.0024299677
UniRef100_A0A5Y7DVR5__Cas9-394m	0.027101342	0.003755723
UniRef100_A0A3X8LJN2__Cas9	0.99073523	0.0022183775
UniRef100_A0A3X8LJN2__Cas9-394m	0.02882694	0.0038746435
UniRef100_A0A3X8Y288__Cas9	0.98959625	0.0023983675
UniRef100_A0A3X8Y288__Cas9-395m	0.014314808	0.0022246025
UniRef100_A0A5T2BP52__Cas9	0.98996097	0.0024488163
UniRef100_A0A5T2BP52__Cas9-395m	0.0130054075	0.0019489196
UniRef100_A0A5Y8ZIQ3__Cas9	0.9903633	0.0023146032
UniRef100_A0A5Y8ZIQ3__Cas9-394m	0.027852928	0.003730486
UniRef100_A0A1J6PI62__Cas9	0.9896512	0.0024718482
UniRef100_A0A1J6PI62__Cas9-395m	0.012584666	0.0018850415
UniRef100_A0A1Q6J021__Cas9	0.9921726	0.0028506487
UniRef100_A0A1Q6J021__Cas9-604m	0.0379787	0.009452601
UniRef100_A0A6G3GAG0__Cas9	0.99558735	0.0017445396
UniRef100_A0A6G3GAG0__Cas9-460m	0.029232804	0.0034260969
UniRef100_A0A825QW15__Cas9	0.9899725	0.0024375117
UniRef100_A0A825QW15__Cas9-394m	0.027712962	0.0036392675
UniRef100_A0A5T1ITA9__Cas9	0.98965913	0.002432459
UniRef100_A0A5T1ITA9__Cas9-394m	0.028619047	0.003591418
UniRef100_A0A5T0YMX6__Cas9	0.9898902	0.0024368686
UniRef100_A0A5T0YMX6__Cas9-394m	0.025699452	0.0032900695
UniRef100_A0A2R4CZW2__Cas9	0.98992693	0.00243274
UniRef100_A0A2R4CZW2__Cas9-394m	0.027578264	0.0038688013
UniRef100_A0A5T0NJT2__Cas9	0.99010944	0.0015759555
UniRef100_A0A5T0NJT2__Cas9-386m	0.047196217	0.007625119
UniRef100_A0A5T1VCM2__Cas9	0.98993814	0.0024552308
UniRef100_A0A5T1VCM2__Cas9-395m	0.012774172	0.0019681607
UniRef100_A0A1W5ZFX1__Cas9	0.9924823	0.0020429245
UniRef100_A0A1W5ZFX1__Cas9-456m	0.032793395	0.0057762717
UniRef100_A0A3X9CS74__Cas9	0.9891778	0.0025323315
UniRef100_A0A3X9CS74__Cas9-394m	0.02716367	0.0038436968
UniRef100_A0A5Y4VLH1__Cas9	0.98985654	0.0024470598
UniRef100_A0A5Y4VLH1__Cas9-394m	0.0290686	0.0038367722
UniRef100_A0A5Y6PBJ2__Cas9	0.9887201	0.0018401203
UniRef100_A0A5Y6PBJ2__Cas9-386m	0.03704316	0.006170353
UniRef100_A0A2I1TMU5__Cas9	0.9929713	0.001967582
UniRef100_A0A2I1TMU5__Cas9-451m	0.017937893	0.0017802604
UniRef100_A0A5T1WS49__Cas9	0.98994815	0.0023061347
UniRef100_A0A5T1WS49__Cas9-394m	0.02792294	0.0038917193
UniRef100_A0A5T1DBW7__Cas9	0.98983544	0.0024592844
UniRef100_A0A5T1DBW7__Cas9-394m	0.029007846	0.0037643185
UniRef100_A0A3R5XC31__Cas9	0.98526657	0.0018966146
UniRef100_A0A3R5XC31__Cas9-608m	0.032358166	0.006326201
UniRef100_A0A7U9MFG2__Cas9	0.99535066	0.0012719018
UniRef100_A0A7U9MFG2__Cas9-550m	0.014080058	0.0016969718
UniRef100_A0A5T1VZN7__Cas9	0.99024236	0.0024206804
UniRef100_A0A5T1VZN7__Cas9-394m	0.028334683	0.0037888484
UniRef100_A0A0C9Q7U6__Cas9	0.9944736	0.0016992593
UniRef100_A0A0C9Q7U6__Cas9-546m	0.060723256	0.011935715
UniRef100_A0A5M6A8D8__Cas9	0.99560815	0.0015521302
UniRef100_A0A5M6A8D8__Cas9-574m	0.021784082	0.0045700525
UniRef100_U2DMI6__Cas9	0.99028045	0.0027618934
UniRef100_U2DMI6__Cas9-612m	0.02738973	0.0040393313
UniRef100_A0A1M5G4Q6__Cas9	0.9925271	0.002408315
UniRef100_A0A1M5G4Q6__Cas9-670m	0.015363276	0.0012965276
UniRef100_A0A1H9L9V3__Cas9	0.9953477	0.0013869344
UniRef100_A0A1H9L9V3__Cas9-452m	0.04619978	0.0066511133
UniRef100_A0A369M4E2__Cas9	0.9962064	0.0012753024
UniRef100_A0A369M4E2__Cas9-549m	0.031273358	0.004469276
UniRef100_A0A3P1VI90__Cas9	0.9931024	0.0021812813
UniRef100_A0A3P1VI90__Cas9-449m	0.030828074	0.004129035
UniRef100_A0A139RFX7__Cas9	0.9914018	0.002809683
UniRef100_A0A139RFX7__Cas9-452m	0.017156594	0.0020877966
UniRef100_R6V444__Cas9	0.99441683	0.0019780172
UniRef100_R6V444__Cas9-611m	0.01232734	0.003853663
UniRef100_E5WV33__Cas9	0.99320096	0.00273755
UniRef100_E5WV33__Cas9-604m	0.041343346	0.0061608213
UniRef100_D6LEV9__Cas9	0.9951849	0.0016434321
UniRef100_D6LEV9__Cas9-547m	0.044532586	0.015260199
UniRef100_A0A6G8HXY2__Cas9	0.9953793	0.001447034
UniRef100_A0A6G8HXY2__Cas9-452m	0.051036943	0.009007606
UniRef100_A0A7X4C7L9__Cas9	0.9885632	0.0018175982
UniRef100_A0A7X4C7L9__Cas9-437m	0.023467988	0.0040751034
UniRef100_A0A346MQP0__Cas9	0.9963198	0.0011597096
UniRef100_A0A346MQP0__Cas9-550m	0.030920114	0.0048547173
UniRef100_A0A7U7VV97__Cas9	0.98991764	0.0025773633
UniRef100_A0A7U7VV97__Cas9-400m	0.035283405	0.0053692088
UniRef100_A0A3R9KNY9__Cas9	0.99474365	0.0017888716
UniRef100_A0A3R9KNY9__Cas9-450m	0.033385634	0.004468373
UniRef100_R5WWQ0__Cas9	0.99522877	0.0013458874
UniRef100_R5WWQ0__Cas9-547m	0.05047952	0.01808166
UniRef100_A0A3D9B4V7__Cas9	0.99554193	0.0011117521
UniRef100_A0A3D9B4V7__Cas9-572m	0.03921482	0.004925405
UniRef100_A0A543KVX4__Cas9	0.996731	0.0015023277
UniRef100_A0A543KVX4__Cas9-418m	0.029821912	0.004375356
UniRef100_A0A1H8C6J4__Cas9	0.9950634	0.0015311047
UniRef100_A0A1H8C6J4__Cas9-558m	0.014890788	0.0031433722
UniRef100_A0A7H8Z7P5__Cas9	0.9934618	0.0021350852
UniRef100_A0A7H8Z7P5__Cas9-450m	0.023435403	0.005658565
UniRef100_Q5M542__Cas9	0.9949142	0.0016012683
UniRef100_Q5M542__Cas9-449m	0.020489808	0.0030476488
UniRef100_A0A134B2X0__Cas9	0.99150324	0.0020934304
UniRef100_A0A134B2X0__Cas9-595m	0.01717116	0.0016729835
UniRef100_A0A2S0LB69__Cas9	0.9952544	0.0016107459
UniRef100_A0A2S0LB69__Cas9-583m	0.02722629	0.0047993627
UniRef100_A0A553LQJ1__Cas9	0.9929822	0.0019356754
UniRef100_A0A553LQJ1__Cas9-435m	0.02381427	0.0021036766
UniRef100_A0A496BKX0__Cas9	0.9847249	0.0019192463
UniRef100_A0A496BKX0__Cas9-608m	0.032682233	0.0061676945
UniRef100_A0A367UKE3__Cas9	0.98097277	0.0028607338
UniRef100_A0A367UKE3__Cas9-430m	0.019391702	0.003327198
UniRef100_A0A377JJN5__Cas9	0.99564	0.0008650967
UniRef100_A0A377JJN5__Cas9-422m	0.014388767	0.0024636823
UniRef100_A0A418W0A6__Cas9	0.99873906	0.00031322442
UniRef100_A0A418W0A6__Cas9-426m	0.021796111	0.0040995767
UniRef100_A0A7K3KDI5__Cas9	0.9929986	0.0024111613
UniRef100_A0A7K3KDI5__Cas9-602m	0.026864797	0.0027766505
UniRef100_A0A2T4KGD5__Cas9	0.993948	0.0016230136
UniRef100_A0A2T4KGD5__Cas9-421m	0.02313702	0.0038638338
UniRef100_A0A3M0LVR1__Cas9	0.99579656	0.0013545066
UniRef100_A0A3M0LVR1__Cas9-559m	0.033359576	0.0060622063
UniRef100_E0Q490__Cas9	0.9907533	0.0027549714
UniRef100_E0Q490__Cas9-568m	0.016188225	0.002224968
UniRef100_A0A5Q3TM58__Cas9	0.9884511	0.0022934566
UniRef100_A0A5Q3TM58__Cas9-509m	0.03495332	0.0035737574
UniRef100_M2CIC2__Cas9	0.99653995	0.00091992476
UniRef100_M2CIC2__Cas9-558m	0.029679477	0.0077751554
UniRef100_A0A5N0YUW7__Cas9	0.99639577	0.0010765156
UniRef100_A0A5N0YUW7__Cas9-535m	0.026424363	0.0034129804
UniRef100_A0A377L6V6__Cas9	0.9362089	0.014156532
UniRef100_A0A377L6V6__Cas9-432m	0.029611045	0.0031526363
UniRef100_A0A562K2P5__Cas9	0.99759924	0.0007379494
UniRef100_A0A562K2P5__Cas9-428m	0.03487978	0.0044785677
UniRef100_A0A610JKF6__Cas9	0.99001944	0.002312099
UniRef100_A0A610JKF6__Cas9-395m	0.012226896	0.0020702295
UniRef100_A0A3M0P5H4__Cas9	0.9961298	0.001246537
UniRef100_A0A3M0P5H4__Cas9-557m	0.022738893	0.0024219246
UniRef100_A0A5Q2S6G8__Cas9	0.99547875	0.0013880767
UniRef100_A0A5Q2S6G8__Cas9-546m	0.024482924	0.002828198
UniRef100_A0A829X528__Cas9	0.99417484	0.0017183195
UniRef100_A0A829X528__Cas9-548m	0.02053193	0.0044907155
UniRef100_A0A6M6IHJ7__Cas9	0.9957039	0.0008606403
UniRef100_A0A6M6IHJ7__Cas9-449m	0.019584116	0.0023082444
UniRef100_A0A695ZC83__Cas9	0.9896693	0.0024317736
UniRef100_A0A695ZC83__Cas9-395m	0.0117745	0.0018824312
UniRef100_A0A5Q2S4F8__Cas9	0.99583673	0.0011604601
UniRef100_A0A5Q2S4F8__Cas9-549m	0.022789065	0.0028322467
UniRef100_A0A5C4P760__Cas9	0.9932721	0.0018455051
UniRef100_A0A5C4P760__Cas9-452m	0.028147768	0.0041388627
UniRef100_A0A7U7UPK6__Cas9	0.9886905	0.0019154504
UniRef100_A0A7U7UPK6__Cas9-386m	0.03795299	0.0061053066
UniRef100_A0A5Q2S8X8__Cas9	0.99474657	0.0015803387
UniRef100_A0A5Q2S8X8__Cas9-547m	0.020705463	0.002565807
UniRef100_A0A7U7XKQ9__Cas9	0.9900492	0.0023807394
UniRef100_A0A7U7XKQ9__Cas9-394m	0.02827009	0.0038558384
UniRef100_A0A693DVL6__Cas9	0.9884734	0.0019594757
UniRef100_A0A693DVL6__Cas9-386m	0.037600033	0.0062573855
UniRef100_R9I6A5__Cas9	0.99328536	0.0022601534
UniRef100_R9I6A5__Cas9-602m	0.026800374	0.003007061
UniRef100_A0A250ENI5__Cas9	0.99258405	0.0022100525
UniRef100_A0A250ENI5__Cas9-572m	0.022878109	0.0025203673
UniRef100_A0A6A8M2X5__Cas9	0.9956484	0.002083147
UniRef100_A0A6A8M2X5__Cas9-561m	0.021405242	0.0029971544
UniRef100_E9DN79__Cas9	0.9923088	0.002095063
UniRef100_E9DN79__Cas9-456m	0.025483217	0.0043660933
UniRef100_A0A4S2QB06__Cas9	0.9939517	0.0011416004
UniRef100_A0A4S2QB06__Cas9-422m	0.013313798	0.002378401
UniRef100_A0A5P3I6W6__Cas9	0.9911202	0.0020362877
UniRef100_A0A5P3I6W6__Cas9-506m	0.09749999	0.026347253
UniRef100_A0A369Z1C7__Cas9	0.9951626	0.0009883521
UniRef100_A0A369Z1C7__Cas9-423m	0.024725754	0.002843205
UniRef100_A0A7U7YXZ2__Cas9	0.9895153	0.0024925254
UniRef100_A0A7U7YXZ2__Cas9-394m	0.026060442	0.003433772
UniRef100_A0A1T5BAU6__Cas9	0.9924742	0.0020383326
UniRef100_A0A1T5BAU6__Cas9-608m	0.039556082	0.0032376072
UniRef100_A0A654MME4__Cas9	0.9900101	0.0024341866
UniRef100_A0A654MME4__Cas9-395m	0.012753134	0.0019639279
UniRef100_A0A823S3V8__Cas9	0.9900686	0.0024259118
UniRef100_A0A823S3V8__Cas9-395m	0.012619555	0.0020738349
UniRef100_A0A420ZW23__Cas9	0.99414027	0.0016065768
UniRef100_A0A420ZW23__Cas9-414m	0.012366017	0.0018055872
UniRef100_A0A694VCX7__Cas9	0.9883254	0.0019353079
UniRef100_A0A694VCX7__Cas9-386m	0.03892992	0.006333314
UniRef100_A0A7U8BBQ0__Cas9	0.98870933	0.0019285495
UniRef100_A0A7U8BBQ0__Cas9-386m	0.039917797	0.006364822
UniRef100_A0A4V3RU03__Cas9	0.9931234	0.002361438
UniRef100_A0A4V3RU03__Cas9-602m	0.027032683	0.0028438065
UniRef100_A0A367C9N0__Cas9	0.99640715	0.0011278405
UniRef100_A0A367C9N0__Cas9-534m	0.023860676	0.0039081285
UniRef100_A0A7U9M7C9__Cas9	0.68433535	0.06968063
UniRef100_A0A7U9M7C9__Cas9-532m	0.022065876	0.0021794657
UniRef100_A0A416ZHF4__Cas9	0.9954196	0.0012716703
UniRef100_A0A416ZHF4__Cas9-550m	0.032205395	0.0052074213
UniRef100_A0A3D0CNW0__Cas9	0.9953414	0.00202527
UniRef100_A0A3D0CNW0__Cas9-547m	0.03184805	0.005135215
UniRef100_A0A3D8ZCQ0__Cas9	0.9899963	0.0020658437
UniRef100_A0A3D8ZCQ0__Cas9-534m	0.0112498235	0.0018522923
UniRef100_A0A3E4Q6Q0__Cas9	0.9924798	0.0030016592
UniRef100_A0A3E4Q6Q0__Cas9-604m	0.03481571	0.007120911
UniRef100_A0A6I2UCL7__Cas9	0.996846	0.001424433
UniRef100_A0A6I2UCL7__Cas9-434m	0.022796748	0.0034353945
UniRef100_A0A0C9PBG0__Cas9	0.8365747	0.02250017
UniRef100_A0A0C9PBG0__Cas9-522m	0.02590179	0.004455869
UniRef100_A0A1Q6FLZ7__Cas9	0.9862415	0.001773432
UniRef100_A0A1Q6FLZ7__Cas9-608m	0.031502347	0.006427785
UniRef100_A0A3D5PHV7__Cas9	0.99540156	0.0008588674
UniRef100_A0A3D5PHV7__Cas9-541m	0.01648029	0.002302844
UniRef100_A0A0D8IYR9__Cas9	0.9970455	0.0011499214
UniRef100_A0A0D8IYR9__Cas9-434m	0.024810161	0.0035106167
UniRef100_A0A5S9UY33__Cas9	0.9943652	0.0020063904
UniRef100_A0A5S9UY33__Cas9-454m	0.021156313	0.0025882022
UniRef100_A0A377PZ75__Cas9	0.9940203	0.0018418848
UniRef100_A0A377PZ75__Cas9-414m	0.030446569	0.0046826215
UniRef100_UPI0013F60FDB__Cas9	0.9877963	0.0023961996
UniRef100_UPI0013F60FDB__Cas9-569m	0.021321118	0.0039597247
UniRef100_UPI0013F62B32__Cas9	0.9878686	0.0025010186
UniRef100_UPI0013F62B32__Cas9-569m	0.022857044	0.0036113746
UniRef100_A0A2T4MN97__Cas9	0.99276274	0.0017888668
UniRef100_A0A2T4MN97__Cas9-354m	0.023946108	0.005809217
UniRef100_A0A1C0W3U5__Cas9	0.9939992	0.001785254
UniRef100_A0A1C0W3U5__Cas9-414m	0.045765575	0.009803458
UniRef100_UPI0019047671__Cas9	0.979743	0.004870507
UniRef100_UPI0019047671__Cas9-659m	0.024129312	0.002945271
UniRef100_A0A1V9QLR1__Cas9	0.9941621	0.0027463974
UniRef100_A0A1V9QLR1__Cas9-536m	0.02933615	0.002005993
UniRef100_A0A151A3A4__Cas9	0.9934231	0.0017248471
UniRef100_A0A151A3A4__Cas9-422m	0.021175826	0.004984735
UniRef100_F0FD37__Cas9	0.9957344	0.0014870735
UniRef100_F0FD37__Cas9-548m	0.016381567	0.0011236793
UniRef100_A0A2T4PZB1__Cas9	0.99371445	0.0016854893
UniRef100_A0A2T4PZB1__Cas9-422m	0.021307388	0.0055223587
UniRef100_A0A2M8TN96__Cas9	0.9948951	0.0014610754
UniRef100_A0A2M8TN96__Cas9-552m	0.02151849	0.0020893433
UniRef100_A0A6N7V3M8__Cas9	0.9962009	0.0009351741
UniRef100_A0A6N7V3M8__Cas9-403m	0.020790426	0.0053213546
UniRef100_A0A2J8BBT1__Cas9	0.99475396	0.0015590683
UniRef100_A0A2J8BBT1__Cas9-541m	0.018349394	0.0019766693
UniRef100_A0A5M5X193__Cas9	0.99591863	0.0015183935
UniRef100_A0A5M5X193__Cas9-575m	0.028438747	0.005887672
UniRef100_A0A328K775__Cas9	0.99571115	0.0014527484
UniRef100_A0A328K775__Cas9-533m	0.049463756	0.011032889
UniRef100_A0A2D3NBQ5__Cas9	0.99475384	0.0015867677
UniRef100_A0A2D3NBQ5__Cas9-552m	0.023675522	0.0028485134
UniRef100_A0A2D3LIX5__Cas9	0.99512625	0.0014418262
UniRef100_A0A2D3LIX5__Cas9-552m	0.023715438	0.002556926
UniRef100_A0A2G8IAT9__Cas9	0.99535924	0.0014157612
UniRef100_A0A2G8IAT9__Cas9-552m	0.024240127	0.0028937506
UniRef100_A0A7Y9B1V0__Cas9	0.9931865	0.0020881318
UniRef100_A0A7Y9B1V0__Cas9-571m	0.02080879	0.0026277364
UniRef100_A0A2G9IGK4__Cas9	0.9950849	0.001455727
UniRef100_A0A2G9IGK4__Cas9-552m	0.022018662	0.0022604307
UniRef100_A0A5C6JFZ5__Cas9	0.9958378	0.0015270151
UniRef100_A0A5C6JFZ5__Cas9-575m	0.027379418	0.005324755
UniRef100_A0A2A6EP65__Cas9	0.9949107	0.0015892456
UniRef100_A0A2A6EP65__Cas9-552m	0.024453094	0.003125874
UniRef100_A0A2A4HAP5__Cas9	0.9943654	0.001487222
UniRef100_A0A2A4HAP5__Cas9-534m	0.013397786	0.0022770679
UniRef100_A0A2M8TWD6__Cas9	0.99554425	0.001376068
UniRef100_A0A2M8TWD6__Cas9-552m	0.023388296	0.0028133544
UniRef100_A0A2X2UV58__Cas9	0.99601614	0.0014185176
UniRef100_A0A2X2UV58__Cas9-580m	0.029680142	0.005725608
UniRef100_A8AY02__Cas9	0.9936856	0.0020332127
UniRef100_A8AY02__Cas9-455m	0.026198676	0.004766627
UniRef100_A0A448K7T0__Cas9	0.99510306	0.0011387723
UniRef100_A0A448K7T0__Cas9-423m	0.011732233	0.0017479339
UniRef100_A0A412XVI5__Cas9	0.99573535	0.0015149652
UniRef100_A0A412XVI5__Cas9-575m	0.028020645	0.005138612
UniRef100_A0A2D3M501__Cas9	0.99497384	0.0014246944
UniRef100_A0A2D3M501__Cas9-552m	0.024622345	0.003741867
UniRef100_A0A2X2RBS4__Cas9	0.99419624	0.0018824175
UniRef100_A0A2X2RBS4__Cas9-571m	0.024110815	0.002316002
UniRef100_A0A243MDI9__Cas9	0.9849421	0.0030495322
UniRef100_A0A243MDI9__Cas9-428m	0.028789258	0.00511534
UniRef100_A0A0A2F4C3__Cas9	0.99165976	0.0025074887
UniRef100_A0A0A2F4C3__Cas9-572m	0.021071807	0.0025372372
UniRef100_A0A509DBS2__Cas9	0.99589664	0.0011340141
UniRef100_A0A509DBS2__Cas9-549m	0.022873882	0.0029193717
UniRef100_A0A3R6HER5__Cas9	0.99586546	0.0011137939
UniRef100_A0A3R6HER5__Cas9-484m	0.0161723	0.0023545148
UniRef100_A0A418G6P6__Cas9	0.99553394	0.0013301405
UniRef100_A0A418G6P6__Cas9-555m	0.017133716	0.002366855
UniRef100_R6TGN6__Cas9	0.99471396	0.0017172088
UniRef100_R6TGN6__Cas9-545m	0.030192727	0.009097451
UniRef100_A0A328KW99__Cas9	0.9958216	0.001419996
UniRef100_A0A328KW99__Cas9-533m	0.052971862	0.0122624915
UniRef100_A0A3E4XG58__Cas9	0.9925294	0.0030237243
UniRef100_A0A3E4XG58__Cas9-604m	0.031229561	0.0059120455
UniRef100_A0A4U9ZD76__Cas9	0.9924709	0.0030382688
UniRef100_A0A4U9ZD76__Cas9-538m	0.015382951	0.0013655417
UniRef100_A0A2Z3HJ74__Cas9	0.9965023	0.00117294
UniRef100_A0A2Z3HJ74__Cas9-558m	0.026380088	0.0039119464
UniRef100_A0A1F0DMA4__Cas9	0.9973504	0.0011895294
UniRef100_A0A1F0DMA4__Cas9-433m	0.01813047	0.0027505693
UniRef100_A0A3D5CX64__Cas9	0.9955772	0.001207683
UniRef100_A0A3D5CX64__Cas9-535m	0.011140617	0.0020748035
UniRef100_A0A4U2N415__Cas9	0.9896987	0.0024592963
UniRef100_A0A4U2N415__Cas9-428m	0.02501156	0.002197761
UniRef100_A0A3R6WLA1__Cas9	0.99448663	0.0018437001
UniRef100_A0A3R6WLA1__Cas9-440m	0.023305094	0.0035248455
UniRef100_A0A1S1DIH5__Cas9	0.9942678	0.001599958
UniRef100_A0A1S1DIH5__Cas9-454m	0.020665225	0.002544644
UniRef100_A0A173UVP4__Cas9	0.99401045	0.0024703061
UniRef100_A0A173UVP4__Cas9-536m	0.02474704	0.0029295005
UniRef100_A0A696NCR2__Cas9	0.989505	0.0024302232
UniRef100_A0A696NCR2__Cas9-394m	0.025851643	0.003516504
UniRef100_A0A7I9M921__Cas9	0.9897674	0.0016121767
UniRef100_A0A7I9M921__Cas9-386m	0.039815255	0.006391443
UniRef100_A0A5D3EFX9__Cas9	0.99089324	0.0024250275
UniRef100_A0A5D3EFX9__Cas9-612m	0.03711689	0.0050699804
UniRef100_A0A372WRV1__Cas9	0.99713296	0.0011071524
UniRef100_A0A372WRV1__Cas9-434m	0.026438171	0.0037257217
UniRef100_A0A6N9JZL7__Cas9	0.99158704	0.0026307537
UniRef100_A0A6N9JZL7__Cas9-549m	0.0333234	0.006367771
UniRef100_A0A381CRM8__Cas9	0.9902223	0.0022816414
UniRef100_A0A381CRM8__Cas9-394m	0.028008884	0.0036911871
UniRef100_A0A430VB21__Cas9	0.99067414	0.0022453114
UniRef100_A0A430VB21__Cas9-395m	0.013485077	0.0020571589
UniRef100_A0A2U0QMG7__Cas9	0.9904091	0.00154703
UniRef100_A0A2U0QMG7__Cas9-386m	0.04515042	0.007268973
UniRef100_A0A1F0HBZ7__Cas9	0.9974718	0.0010904334
UniRef100_A0A1F0HBZ7__Cas9-433m	0.031761426	0.0037771177
UniRef100_A0A1Y3ZBY1__Cas9	0.9961956	0.0013195752
UniRef100_A0A1Y3ZBY1__Cas9-572m	0.013843425	0.0021931755
UniRef100_A0A5C4YBX1__Cas9	0.988488	0.0019214147
UniRef100_A0A5C4YBX1__Cas9-386m	0.034894962	0.0056270827
UniRef100_A0A414T266__Cas9	0.95988685	0.010603825
UniRef100_A0A414T266__Cas9-553m	0.034730658	0.0027741531
UniRef100_A0A6L8RYH3__Cas9	0.99186313	0.0024421576
UniRef100_A0A6L8RYH3__Cas9-536m	0.026669452	0.0067461194
UniRef100_A0A4Y9GBC9__Cas9	0.9959167	0.0007943985
UniRef100_A0A4Y9GBC9__Cas9-427m	0.015632944	0.0023966993
UniRef100_A0A6V6Z0W6__Cas9	0.99288034	0.0021561678
UniRef100_A0A6V6Z0W6__Cas9-610m	0.029755881	0.0039840383
UniRef100_A0A6N9EJD4__Cas9	0.9897383	0.0019853
UniRef100_A0A6N9EJD4__Cas9-434m	0.013600102	0.0023683228
UniRef100_A0A7X0X8I8__Cas9	0.995581	0.0011810497
UniRef100_A0A7X0X8I8__Cas9-534m	0.013803817	0.0012094436
UniRef100_S2D876__Cas9	0.9951601	0.0013350791
UniRef100_S2D876__Cas9-542m	0.02148675	0.002389838
UniRef100_J0WLS6__Cas9	0.99261284	0.0022028356
UniRef100_J0WLS6__Cas9-571m	0.025311748	0.0027363189
UniRef100_R7G6K2__Cas9	0.9950361	0.0019561693
UniRef100_R7G6K2__Cas9-437m	0.019396773	0.0035291943
UniRef100_A0A366UCT0__Cas9	0.99573344	0.001152777
UniRef100_A0A366UCT0__Cas9-535m	0.011332349	0.002233293
UniRef100_A0A3D5LKY5__Cas9	0.99214935	0.0022958736
UniRef100_A0A3D5LKY5__Cas9-538m	0.017499847	0.002591954
UniRef100_A0A690ANS8__Cas9	0.9900471	0.0023489923
UniRef100_A0A690ANS8__Cas9-395m	0.017231008	0.0024523416
UniRef100_R5FTM9__Cas9	0.9835989	0.0071114423
UniRef100_R5FTM9__Cas9-604m	0.019386742	0.0023713359
UniRef100_A0A5T0P9Z4__Cas9	0.98938435	0.0024815178
UniRef100_A0A5T0P9Z4__Cas9-394m	0.025648719	0.0034053093
UniRef100_A0A7D7GMQ0__Cas9	0.99521	0.0011561081
UniRef100_A0A7D7GMQ0__Cas9-540m	0.023047911	0.002683185
UniRef100_A0A2U0UFR7__Cas9	0.9932132	0.0018398715
UniRef100_A0A2U0UFR7__Cas9-595m	0.033712517	0.0032037178
UniRef100_A0A7X8C2E1__Cas9	0.99398756	0.002230299
UniRef100_A0A7X8C2E1__Cas9-456m	0.019642234	0.002981607
UniRef100_A0A1S1FE71__Cas9	0.99397886	0.0019925851
UniRef100_A0A1S1FE71__Cas9-450m	0.027264435	0.0035338025
UniRef100_A0A431C1E8__Cas9	0.9896601	0.0022508786
UniRef100_A0A431C1E8__Cas9-395m	0.017626425	0.0028266544
UniRef100_A0A690ZWN1__Cas9	0.9899818	0.0024612155
UniRef100_A0A690ZWN1__Cas9-395m	0.012597768	0.0019321468
UniRef100_A0A426RA83__Cas9	0.99570733	0.0011254973
UniRef100_A0A426RA83__Cas9-515m	0.024646183	0.0016806328
UniRef100_R0P7Y6__Cas9	0.99291384	0.0020768435
UniRef100_R0P7Y6__Cas9-449m	0.030877775	0.0039060125
UniRef100_A0A3X8TXU1__Cas9	0.9897725	0.002470947
UniRef100_A0A3X8TXU1__Cas9-395m	0.011830308	0.0018762809
UniRef100_A0A6H6E990__Cas9	0.9893359	0.0024732195
UniRef100_A0A6H6E990__Cas9-394m	0.025705185	0.0034723338
UniRef100_A0A695HW82__Cas9	0.99016047	0.0023735857
UniRef100_A0A695HW82__Cas9-396m	0.03377193	0.0040819556
UniRef100_A0A3D5LGP9__Cas9	0.991943	0.0017936252
UniRef100_A0A3D5LGP9__Cas9-461m	0.04526833	0.0073516252
UniRef100_A0A5T0PF67__Cas9	0.9888568	0.0018063968
UniRef100_A0A5T0PF67__Cas9-386m	0.03861522	0.0064697345
UniRef100_A0A4Z1BDE9__Cas9	0.9937786	0.0014367631
UniRef100_A0A4Z1BDE9__Cas9-424m	0.024951752	0.0059666927
UniRef100_A0A7K0GA18__Cas9	0.992523	0.002345142
UniRef100_A0A7K0GA18__Cas9-550m	0.017021116	0.0024769278
UniRef100_A0A7I9KXS2__Cas9	0.9900428	0.0023671126
UniRef100_A0A7I9KXS2__Cas9-394m	0.028133666	0.003950199
UniRef100_A0A5C4YDH0__Cas9	0.9906801	0.0021455374
UniRef100_A0A5C4YDH0__Cas9-395m	0.017058633	0.0026295783
UniRef100_A0A823LVW7__Cas9	0.9895092	0.0024725494
UniRef100_A0A823LVW7__Cas9-395m	0.015139887	0.0023939295
UniRef100_A9M1K5__Cas9	0.9972787	0.0012467528
UniRef100_A9M1K5__Cas9-433m	0.013044715	0.0019358359
UniRef100_A0A6I4REG3__Cas9	0.99720573	0.00074475765
UniRef100_A0A6I4REG3__Cas9-549m	0.022834605	0.0034235413
UniRef100_A0A1Q6G4F5__Cas9	0.9909463	0.0022838893
UniRef100_A0A1Q6G4F5__Cas9-605m	0.018368352	0.0038169895
UniRef100_A0A243AJP8__Cas9	0.9875086	0.0025595664
UniRef100_A0A243AJP8__Cas9-428m	0.020523993	0.0021333008
UniRef100_A0A2A2A9T5__Cas9	0.9875735	0.002559451
UniRef100_A0A2A2A9T5__Cas9-422m	0.038310092	0.007661562
UniRef100_A0A395UZ50__Cas9	0.9952523	0.0015160562
UniRef100_A0A395UZ50__Cas9-545m	0.026395831	0.004814082
UniRef100_A0A1F1B9V9__Cas9	0.9978768	0.0010235067
UniRef100_A0A1F1B9V9__Cas9-433m	0.015959209	0.0013909634
UniRef100_A0A4V1QXZ0__Cas9	0.99510336	0.0011421454
UniRef100_A0A4V1QXZ0__Cas9-535m	0.015698906	0.002907269
UniRef100_A0A414A1L7__Cas9	0.9934891	0.0024138414
UniRef100_A0A414A1L7__Cas9-448m	0.10862515	0.029859044
UniRef100_A0A412Q7H4__Cas9	0.99531305	0.0014964588
UniRef100_A0A412Q7H4__Cas9-545m	0.024201931	0.0044290354
UniRef100_A0A396FQL1__Cas9	0.99512947	0.001558164
UniRef100_A0A396FQL1__Cas9-545m	0.02511162	0.004456818
UniRef100_A0A3D5LVE5__Cas9	0.99073946	0.0029530756
UniRef100_A0A3D5LVE5__Cas9-570m	0.045333825	0.007667157
UniRef100_A0A3D6EBI4__Cas9	0.9965949	0.00090943254
UniRef100_A0A3D6EBI4__Cas9-457m	0.027692521	0.005607256
UniRef100_A0A7C9HDC3__Cas9	0.99553955	0.0013084522
UniRef100_A0A7C9HDC3__Cas9-550m	0.024349814	0.0023160346
UniRef100_A0A416UYK7__Cas9	0.9935794	0.00209826
UniRef100_A0A416UYK7__Cas9-607m	0.034522675	0.008578839
UniRef100_A0A1Q6R559__Cas9	0.9942067	0.0022936568
UniRef100_A0A1Q6R559__Cas9-434m	0.019445203	0.0017982301
UniRef100_A0A7L4TPD1__Cas9	0.9932049	0.0020564937
UniRef100_A0A7L4TPD1__Cas9-624m	0.026735723	0.0059593273
UniRef100_A0A1R1I348__Cas9	0.99594814	0.0007294628
UniRef100_A0A1R1I348__Cas9-447m	0.04615179	0.006014502
UniRef100_A0A6M1KZL5__Cas9	0.99660605	0.0010659716
UniRef100_A0A6M1KZL5__Cas9-540m	0.030260995	0.0029058277
UniRef100_A0A134BD56__Cas9	0.99401224	0.001459669
UniRef100_A0A134BD56__Cas9-489m	0.012927969	0.0034328082
UniRef100_A0A1N7HXF3__Cas9	0.9908897	0.0022524104
UniRef100_A0A1N7HXF3__Cas9-564m	0.018771641	0.002151914
UniRef100_A0A415K3Z9__Cas9	0.9935139	0.0025466688
UniRef100_A0A415K3Z9__Cas9-446m	0.03243325	0.0072200783
UniRef100_A0A0R2HDR9__Cas9	0.9960003	0.0013549629
UniRef100_A0A0R2HDR9__Cas9-552m	0.022739805	0.002938169
UniRef100_A0A250EBH2__Cas9	0.99328625	0.0020705073
UniRef100_A0A250EBH2__Cas9-572m	0.022108397	0.002701137
UniRef100_A0A413U2Y1__Cas9	0.9928967	0.0025565343
UniRef100_A0A413U2Y1__Cas9-446m	0.038721852	0.007371047
UniRef100_A0A414HQE9__Cas9	0.99372834	0.0024298215
UniRef100_A0A414HQE9__Cas9-449m	0.026447019	0.008320279
UniRef100_A0A250F2V3__Cas9	0.9930671	0.0023146218
UniRef100_A0A250F2V3__Cas9-571m	0.024246607	0.0029305771
UniRef100_A0A660A3R3__Cas9	0.99596584	0.0011387175
UniRef100_A0A660A3R3__Cas9-549m	0.021981075	0.0028360256
UniRef100_A0A7G1J6S0__Cas9	0.9965769	0.0010331599
UniRef100_A0A7G1J6S0__Cas9-548m	0.02849344	0.004995557
UniRef100_A0A1Q6K968__Cas9	0.99299175	0.0020539938
UniRef100_A0A1Q6K968__Cas9-549m	0.027999137	0.0038514577
UniRef100_A0A2S9W9Q6__Cas9	0.991813	0.003783366
UniRef100_A0A2S9W9Q6__Cas9-545m	0.016506555	0.0022855913
UniRef100_A0A2X3V3P8__Cas9	0.9943768	0.002477713
UniRef100_A0A2X3V3P8__Cas9-556m	0.04386621	0.006234667
UniRef100_A0A239C9W9__Cas9	0.99430597	0.0017838328
UniRef100_A0A239C9W9__Cas9-610m	0.081430174	0.015181279
UniRef100_A0A6B1J593__Cas9	0.99600124	0.0011282786
UniRef100_A0A6B1J593__Cas9-549m	0.021991793	0.0028222108
UniRef100_A0A829ZF41__Cas9	0.9970358	0.0010205841
UniRef100_A0A829ZF41__Cas9-553m	0.037056167	0.00484848
UniRef100_A0A7U7CIH1__Cas9	0.99489975	0.0015879737
UniRef100_A0A7U7CIH1__Cas9-449m	0.020836135	0.00312347
UniRef100_A0A3S5A9U9__Cas9	0.99622554	0.0014713914
UniRef100_A0A3S5A9U9__Cas9-583m	0.017276272	0.002433965
UniRef100_A0A7H1DW46__Cas9	0.9952632	0.001580642
UniRef100_A0A7H1DW46__Cas9-576m	0.03727358	0.0096263215
UniRef100_A0A1I6UWB8__Cas9	0.8887103	0.026306095
UniRef100_A0A1I6UWB8__Cas9-484m	0.033629622	0.004329307
UniRef100_D7IW96__Cas9	0.99591017	0.0015196343
UniRef100_D7IW96__Cas9-570m	0.01625345	0.0025875585
UniRef100_D2EJF1__Cas9	0.9973246	0.0009209889
UniRef100_D2EJF1__Cas9-492m	0.041705925	0.0054760044
UniRef100_A0A7X2B2C7__Cas9	0.9860858	0.0030197669
UniRef100_A0A7X2B2C7__Cas9-428m	0.020835059	0.0019692748
UniRef100_A0A250DVH8__Cas9	0.99229	0.002061981
UniRef100_A0A250DVH8__Cas9-435m	0.020961303	0.0016876349
UniRef100_A0A7X1DES7__Cas9	0.9946653	0.0013455785
UniRef100_A0A7X1DES7__Cas9-534m	0.01792297	0.0017088861
UniRef100_A0A2S9VU59__Cas9	0.99325067	0.003078003
UniRef100_A0A2S9VU59__Cas9-544m	0.021389982	0.0038229916
UniRef100_A0A515ITR1__Cas9	0.9943031	0.0022479675
UniRef100_A0A515ITR1__Cas9-604m	0.03896613	0.008114527
UniRef100_A0A7H0RKT0__Cas9	0.9959895	0.0011360998
UniRef100_A0A7H0RKT0__Cas9-549m	0.022474807	0.0028892586
UniRef100_A0A6N3WP99__Cas9	0.99141634	0.0021651248
UniRef100_A0A6N3WP99__Cas9-435m	0.021887286	0.0018921967
UniRef100_A0A6C2W828__Cas9	0.99664927	0.0010118348
UniRef100_A0A6C2W828__Cas9-548m	0.030600801	0.005439854
UniRef100_A0A316SQN8__Cas9	0.9953561	0.0009218427
UniRef100_A0A316SQN8__Cas9-541m	0.018566487	0.0027746456
UniRef100_A0A250FIA9__Cas9	0.99163187	0.002198024
UniRef100_A0A250FIA9__Cas9-571m	0.0224106	0.002895114
UniRef100_A0A0Q9CTQ5__Cas9	0.99746686	0.0007137982
UniRef100_A0A0Q9CTQ5__Cas9-418m	0.022457013	0.0028877375
UniRef100_A0A378XLB9__Cas9	0.99466914	0.0012305944
UniRef100_A0A378XLB9__Cas9-436m	0.017093966	0.0017459277
UniRef100_A0A2A3N7Z4__Cas9	0.9923607	0.0022732457
UniRef100_A0A2A3N7Z4__Cas9-571m	0.0229038	0.0029728857
UniRef100_A0A1G6G0J4__Cas9	0.99472266	0.0018939694
UniRef100_A0A1G6G0J4__Cas9-604m	0.029712265	0.005604725
UniRef100_A0A380JYP3__Cas9	0.9954773	0.001463948
UniRef100_A0A380JYP3__Cas9-452m	0.043843325	0.006613659
UniRef100_A9HKP2__Cas9	0.9967412	0.001146155
UniRef100_A9HKP2__Cas9-420m	0.056493677	0.0076810685
UniRef100_A0A2J9QDJ7__Cas9	0.9961378	0.0011416124
UniRef100_A0A2J9QDJ7__Cas9-538m	0.017461462	0.0016261947
UniRef100_A0A3C0JET5__Cas9	0.93093574	0.016354103
UniRef100_A0A3C0JET5__Cas9-356m	0.020450562	0.0033700606
UniRef100_A0A412RM41__Cas9	0.9955759	0.001567394
UniRef100_A0A412RM41__Cas9-574m	0.021387298	0.0045407936
UniRef100_A0A1S1DBV4__Cas9	0.9949604	0.0016741684
UniRef100_A0A1S1DBV4__Cas9-550m	0.02595134	0.0041700844
UniRef100_H8MA21__Cas9	0.9957236	0.0011530254
UniRef100_H8MA21__Cas9-458m	0.009677527	0.00150278
UniRef100_A0A510WCH5__Cas9	0.99605894	0.0011799098
UniRef100_A0A510WCH5__Cas9-531m	0.017752653	0.0021236143
UniRef100_A0A416HZK2__Cas9	0.9886385	0.0021776864
UniRef100_A0A416HZK2__Cas9-537m	0.01424436	0.0019364385
UniRef100_S3CB04__Cas9	0.9956546	0.0014925693
UniRef100_S3CB04__Cas9-580m	0.023729105	0.0039276904
UniRef100_A0A249SGB5__Cas9	0.9960162	0.0011957599
UniRef100_A0A249SGB5__Cas9-531m	0.017206132	0.0020640264
UniRef100_A0A5R9BZQ0__Cas9	0.9955468	0.0014495592
UniRef100_A0A5R9BZQ0__Cas9-548m	0.024154793	0.0041092895
UniRef100_A0A449BGR5__Cas9	0.8941714	0.032554522
UniRef100_A0A449BGR5__Cas9-442m	0.14093396	0.03326655
UniRef100_A0A1E3KQ44__Cas9	0.995169	0.0020708588
UniRef100_A0A1E3KQ44__Cas9-544m	0.014995709	0.0018865424
UniRef100_A0A416S075__Cas9	0.99561703	0.0017172965
UniRef100_A0A416S075__Cas9-530m	0.023613097	0.0026106818
UniRef100_A0A3A9HW26__Cas9	0.991495	0.003539603
UniRef100_A0A3A9HW26__Cas9-441m	0.011334018	0.001719826
UniRef100_A0A0F4LMR6__Cas9	0.99641514	0.0011692153
UniRef100_A0A0F4LMR6__Cas9-558m	0.027772661	0.0034965265
UniRef100_A0A496M107__Cas9	0.9959242	0.0012659577
UniRef100_A0A496M107__Cas9-549m	0.02692629	0.0024585004
UniRef100_A0A354QSH8__Cas9	0.99485433	0.0015961301
UniRef100_A0A354QSH8__Cas9-542m	0.024922248	0.0049472516
UniRef100_A0A315BCR7__Cas9	0.9933084	0.0022598167
UniRef100_A0A315BCR7__Cas9-560m	0.012422338	0.0014434145
UniRef100_A0A3R6S0A0__Cas9	0.99692404	0.0011059582
UniRef100_A0A3R6S0A0__Cas9-540m	0.026004013	0.0031313924
UniRef100_A0A3D0CP66__Cas9	0.9947449	0.0015584751
UniRef100_A0A3D0CP66__Cas9-448m	0.027165806	0.0039913566
UniRef100_A0A7H4UGT7__Cas9	0.99400914	0.0026342678
UniRef100_A0A7H4UGT7__Cas9-544m	0.02257408	0.0038538098
UniRef100_A0A368UD41__Cas9	0.99680054	0.00089062826
UniRef100_A0A368UD41__Cas9-548m	0.032934297	0.0040679723
UniRef100_A0A372V3U8__Cas9	0.9970206	0.0013455164
UniRef100_A0A372V3U8__Cas9-434m	0.026345257	0.0036988095
UniRef100_A0A7Z2SHF7__Cas9	0.99523115	0.0020323566
UniRef100_A0A7Z2SHF7__Cas9-544m	0.016800858	0.0019575946
UniRef100_A0A3E2SFG3__Cas9	0.9954688	0.0013278405
UniRef100_A0A3E2SFG3__Cas9-452m	0.040834934	0.008263458
UniRef100_A0A1I7JPD5__Cas9	0.99549305	0.0012727152
UniRef100_A0A1I7JPD5__Cas9-548m	0.018006139	0.0019730364
UniRef100_A0A2S6F9Q4__Cas9	0.98922884	0.0025761812
UniRef100_A0A2S6F9Q4__Cas9-549m	0.04165352	0.009423245
UniRef100_T1ZF93__Cas9	0.9947893	0.0017731065
UniRef100_T1ZF93__Cas9-450m	0.034153514	0.004571692
UniRef100_A0A2T4TGJ0__Cas9	0.9917652	0.0026441293
UniRef100_A0A2T4TGJ0__Cas9-592m	0.021259181	0.0039151083
UniRef100_A0A7U9P958__Cas9	0.9927664	0.002028701
UniRef100_A0A7U9P958__Cas9-435m	0.027638638	0.0024760764
UniRef100_A0A116M370__Cas9	0.99573135	0.0012244438
UniRef100_A0A116M370__Cas9-547m	0.03380622	0.0048924596
UniRef100_A0A116RA22__Cas9	0.99525464	0.0013133874
UniRef100_A0A116RA22__Cas9-553m	0.019552933	0.002538883
UniRef100_A0A829ZAM6__Cas9	0.9926303	0.002145995
UniRef100_A0A829ZAM6__Cas9-528m	0.021072153	0.0027825604
UniRef100_A0A0Z8JWB5__Cas9	0.99565315	0.0012626628
UniRef100_A0A0Z8JWB5__Cas9-553m	0.02222198	0.0027230796
UniRef100_A0A7U7P1J8__Cas9	0.9951891	0.0011506159
UniRef100_A0A7U7P1J8__Cas9-534m	0.014385107	0.0012348472
UniRef100_A0A5K1Q0J7__Cas9	0.99052155	0.00239844
UniRef100_A0A5K1Q0J7__Cas9-538m	0.02437805	0.004244486
UniRef100_J4K985__Cas9	0.99515855	0.0015958828
UniRef100_J4K985__Cas9-550m	0.024210518	0.003087114
UniRef100_A0A111NJ61__Cas9	0.99452245	0.0018565984
UniRef100_A0A111NJ61__Cas9-449m	0.033142857	0.0039693434
UniRef100_A0A116L128__Cas9	0.99585664	0.0011623988
UniRef100_A0A116L128__Cas9-546m	0.040635776	0.0041242
UniRef100_A0A7U8GYG1__Cas9	0.99495476	0.0013459013
UniRef100_A0A7U8GYG1__Cas9-534m	0.0135777015	0.0011237722
UniRef100_A0A1Z4BNN5__Cas9	0.9952382	0.0013594815
UniRef100_A0A1Z4BNN5__Cas9-583m	0.03132461	0.005835051
UniRef100_A0A6I3S820__Cas9	0.9829871	0.0030510712
UniRef100_A0A6I3S820__Cas9-572m	0.06748985	0.0068343384
UniRef100_A0A4V0EAF4__Cas9	0.99587774	0.0014847768
UniRef100_A0A4V0EAF4__Cas9-552m	0.024877848	0.0030678615
UniRef100_A0A6L8MXN1__Cas9	0.9949416	0.0014476503
UniRef100_A0A6L8MXN1__Cas9-547m	0.029085431	0.0032153516
UniRef100_A0A4S2API0__Cas9	0.99109477	0.0024710512
UniRef100_A0A4S2API0__Cas9-556m	0.029379696	0.0034000187
UniRef100_A0A7U7TVC8__Cas9	0.9954525	0.0012908325
UniRef100_A0A7U7TVC8__Cas9-534m	0.012658143	0.0012858754
UniRef100_E0F2V7__Cas9	0.99541014	0.0010596239
UniRef100_E0F2V7__Cas9-422m	0.018756192	0.0025095332
UniRef100_A0A380M9A5__Cas9	0.99416655	0.0018280826
UniRef100_A0A380M9A5__Cas9-538m	0.01432873	0.0012476724
UniRef100_A0A4T2HD20__Cas9	0.9945898	0.0015665536
UniRef100_A0A4T2HD20__Cas9-547m	0.023796167	0.0015985332
UniRef100_A0A6A8MEK5__Cas9	0.9950136	0.0016681149
UniRef100_A0A6A8MEK5__Cas9-568m	0.025161367	0.0035424002
UniRef100_A0A540UXY0__Cas9	0.9955061	0.0012829558
UniRef100_A0A540UXY0__Cas9-553m	0.018919336	0.002021763
UniRef100_A0A6G7ESW6__Cas9	0.9954766	0.0013506718
UniRef100_A0A6G7ESW6__Cas9-537m	0.036241297	0.0040621227
UniRef100_A0A0B7IR20__Cas9	0.9936407	0.0018416736
UniRef100_A0A0B7IR20__Cas9-569m	0.017923163	0.0026408038
UniRef100_A0A2T5XRH2__Cas9	0.99476975	0.0019279183
UniRef100_A0A2T5XRH2__Cas9-583m	0.013901363	0.0024172086
UniRef100_A0A412JRU1__Cas9	0.99258816	0.0029608337
UniRef100_A0A412JRU1__Cas9-604m	0.034820557	0.0071796216
UniRef100_A0A116KAQ7__Cas9	0.9951728	0.0013109221
UniRef100_A0A116KAQ7__Cas9-553m	0.020349707	0.002184909
UniRef100_A0A7C8FGL8__Cas9	0.9981772	0.00058493443
UniRef100_A0A7C8FGL8__Cas9-431m	0.03658891	0.0058281105
UniRef100_A0A2Z4PMQ5__Cas9	0.9948863	0.0014544581
UniRef100_A0A2Z4PMQ5__Cas9-553m	0.012850893	0.0012142708
UniRef100_A0A250G4N4__Cas9	0.99389327	0.0019006489
UniRef100_A0A250G4N4__Cas9-572m	0.021733206	0.0023130486
UniRef100_A0A4V0EBF6__Cas9	0.99526536	0.0012770352
UniRef100_A0A4V0EBF6__Cas9-553m	0.01484443	0.0015267368
UniRef100_A0A6Z2PIJ1__Cas9	0.9951271	0.0013473721
UniRef100_A0A6Z2PIJ1__Cas9-534m	0.018950682	0.0020000425
UniRef100_A0A448U436__Cas9	0.9943098	0.0018440834
UniRef100_A0A448U436__Cas9-576m	0.009041015	0.0013777688
UniRef100_A0A7Y6VEQ1__Cas9	0.9942894	0.0017072249
UniRef100_A0A7Y6VEQ1__Cas9-449m	0.040582158	0.00584171
UniRef100_A0A4R9C2C8__Cas9	0.98746157	0.0037829094
UniRef100_A0A4R9C2C8__Cas9-538m	0.017832492	0.0040701665
UniRef100_A0A0Z8GCN2__Cas9	0.9951073	0.0013998037
UniRef100_A0A0Z8GCN2__Cas9-553m	0.01436158	0.001739719
UniRef100_A0A1B3PSQ7__Cas9	0.99612	0.0011261886
UniRef100_A0A1B3PSQ7__Cas9-548m	0.039679106	0.007193395
UniRef100_A0A096D253__Cas9	0.9915907	0.0020269111
UniRef100_A0A096D253__Cas9-595m	0.017349612	0.0015567786
UniRef100_A0A4Z1DY29__Cas9	0.993295	0.0024841456
UniRef100_A0A4Z1DY29__Cas9-456m	0.020896068	0.003369281
UniRef100_A0A6I6R1W8__Cas9	0.99501246	0.0014735146
UniRef100_A0A6I6R1W8__Cas9-554m	0.022979114	0.0023509364
UniRef100_A0A2X4R1A3__Cas9	0.99457294	0.0014146706
UniRef100_A0A2X4R1A3__Cas9-554m	0.029408896	0.003989603
UniRef100_A0A4P7WJK1__Cas9	0.9964576	0.00091240794
UniRef100_A0A4P7WJK1__Cas9-550m	0.038728207	0.0056825024
UniRef100_A0A4Z0GEH8__Cas9	0.9959707	0.0010809167
UniRef100_A0A4Z0GEH8__Cas9-548m	0.037288867	0.006423119
UniRef100_A0A3Q9V899__Cas9	0.9964512	0.0010836098
UniRef100_A0A3Q9V899__Cas9-550m	0.024611095	0.0035408947
UniRef100_A0A7J5NFJ7__Cas9	0.9949751	0.0014952018
UniRef100_A0A7J5NFJ7__Cas9-554m	0.022872074	0.002379559
UniRef100_A0A369Z3K3__Cas9	0.99546224	0.000940407
UniRef100_A0A369Z3K3__Cas9-422m	0.0129788695	0.002276142
UniRef100_A0A2N2RZT5__Cas9	0.9970363	0.00059869286
UniRef100_A0A2N2RZT5__Cas9-456m	0.013794238	0.0022535415
UniRef100_A0A2I1UN85__Cas9	0.9967066	0.0010783379
UniRef100_A0A2I1UN85__Cas9-557m	0.040476352	0.006838821
UniRef100_F9DDR2__Cas9	0.99329966	0.0016405986
UniRef100_F9DDR2__Cas9-603m	0.014930409	0.0011527049
UniRef100_A0A0M4G8J7__Cas9	0.99315834	0.0021766038
UniRef100_A0A0M4G8J7__Cas9-574m	0.02759721	0.006027742
UniRef100_A0A7U7J083__Cas9	0.99810886	0.000654741
UniRef100_A0A7U7J083__Cas9-422m	0.021596774	0.004029835
UniRef100_A0A7K2BGD8__Cas9	0.99412155	0.0013194247
UniRef100_A0A7K2BGD8__Cas9-368m	0.02601828	0.004891142
UniRef100_A0A6L9GMB2__Cas9	0.99420273	0.0011516252
UniRef100_A0A6L9GMB2__Cas9-422m	0.015763383	0.0026871199
UniRef100_A0A3A6VZU4__Cas9	0.9812487	0.004550911
UniRef100_A0A3A6VZU4__Cas9-559m	0.026601639	0.0031142482
UniRef100_A0A137PP63__Cas9	0.99600494	0.001080129
UniRef100_A0A137PP63__Cas9-548m	0.042572267	0.007204887
UniRef100_A0A1Q6TH32__Cas9	0.9948018	0.0016634513
UniRef100_A0A1Q6TH32__Cas9-532m	0.028588796	0.0038179178
UniRef100_A0A2I1TYJ5__Cas9	0.9961322	0.0009782135
UniRef100_A0A2I1TYJ5__Cas9-557m	0.0467617	0.009607778
UniRef100_A0A2I1UEE6__Cas9	0.9941474	0.0018424611
UniRef100_A0A2I1UEE6__Cas9-449m	0.031743057	0.0040479363
UniRef100_I4ZCD3__Cas9	0.9859191	0.0032881065
UniRef100_I4ZCD3__Cas9-594m	0.036958598	0.00819562
UniRef100_A0A2N3DDI4__Cas9	0.99616873	0.0011410973
UniRef100_A0A2N3DDI4__Cas9-422m	0.026093984	0.003619925
UniRef100_S3KPV3__Cas9	0.99641526	0.00093366933
UniRef100_S3KPV3__Cas9-558m	0.037535824	0.010407013
UniRef100_A0A7L8W4F6__Cas9	0.99443275	0.0018971122
UniRef100_A0A7L8W4F6__Cas9-451m	0.026862305	0.003974458
UniRef100_A0A2D8QFT9__Cas9	0.95157826	0.0099823
UniRef100_A0A2D8QFT9__Cas9-426m	0.02617921	0.0046658968
UniRef100_A0A4R4B4N9__Cas9	0.9861067	0.0030415684
UniRef100_A0A4R4B4N9__Cas9-428m	0.02797857	0.002790987
UniRef100_A0A7H1C4Q0__Cas9	0.9966267	0.00082161766
UniRef100_A0A7H1C4Q0__Cas9-419m	0.017320465	0.0022555557
UniRef100_A0A1B2IX11__Cas9	0.7527479	0.064472616
UniRef100_A0A1B2IX11__Cas9-437m	0.036813505	0.004415827
UniRef100_A0A6L5LPS6__Cas9	0.9832958	0.003504942
UniRef100_A0A6L5LPS6__Cas9-428m	0.024439154	0.0054071406
UniRef100_A0A0V0PNI8__Cas9	0.9906065	0.0034640708
UniRef100_A0A0V0PNI8__Cas9-459m	0.03553926	0.006206614
UniRef100_A0A1E9CQT0__Cas9	0.9944166	0.0020892576
UniRef100_A0A1E9CQT0__Cas9-611m	0.012536946	0.0036875266
UniRef100_Q7NAI2__Cas9	0.9906751	0.0019174335
UniRef100_Q7NAI2__Cas9-508m	0.024357196	0.0033228926
UniRef100_A0A828ZS19__Cas9	0.9958369	0.0012822335
UniRef100_A0A828ZS19__Cas9-536m	0.023344185	0.0025719122
UniRef100_A0A250EXV0__Cas9	0.99381274	0.002219661
UniRef100_A0A250EXV0__Cas9-566m	0.02780961	0.0037238451
UniRef100_A0A416A6F9__Cas9	0.9934989	0.0020205514
UniRef100_A0A416A6F9__Cas9-591m	0.02963145	0.0048508937
UniRef100_A0A417HY10__Cas9	0.99573994	0.0016919151
UniRef100_A0A417HY10__Cas9-530m	0.023943808	0.0027183776
UniRef100_I3TWJ0__Cas9	0.9980205	0.00058300816
UniRef100_I3TWJ0__Cas9-420m	0.01830731	0.003556331
UniRef100_A0A0E2Q4M6__Cas9	0.99465054	0.0015871722
UniRef100_A0A0E2Q4M6__Cas9-449m	0.0284126	0.0037218542
UniRef100_A0A373XMT8__Cas9	0.994417	0.0017972317
UniRef100_A0A373XMT8__Cas9-532m	0.036616884	0.00420563
UniRef100_A0A2S0LIZ8__Cas9	0.9932601	0.0021687236
UniRef100_A0A2S0LIZ8__Cas9-571m	0.021916512	0.002616579
UniRef100_A0A4S2AP11__Cas9	0.9927453	0.002793512
UniRef100_A0A4S2AP11__Cas9-604m	0.035896312	0.0073656742
UniRef100_A0A323UW31__Cas9	0.9951313	0.0018508662
UniRef100_A0A323UW31__Cas9-459m	0.013367049	0.0020193653
UniRef100_A1IQ68__Cas9	0.9970024	0.0014972982
UniRef100_A1IQ68__Cas9-433m	0.014554965	0.0022429053
UniRef100_A0A6H6GQ40__Cas9	0.9893262	0.002540519
UniRef100_A0A6H6GQ40__Cas9-395m	0.011902246	0.0019282376
UniRef100_D7N2B0__Cas9	0.99730855	0.0009946658
UniRef100_D7N2B0__Cas9-436m	0.023162622	0.005243238
UniRef100_A0A6W1V9K0__Cas9	0.99014485	0.0023719722
UniRef100_A0A6W1V9K0__Cas9-394m	0.02970646	0.003975618
UniRef100_A0A3S4QG93__Cas9	0.9927266	0.0019405996
UniRef100_A0A3S4QG93__Cas9-452m	0.025950545	0.0040946095
UniRef100_A0A3P1Z8E7__Cas9	0.99556446	0.0015086192
UniRef100_A0A3P1Z8E7__Cas9-576m	0.020393873	0.0025827049
UniRef100_A0A387B5A8__Cas9	0.9956757	0.0014741824
UniRef100_A0A387B5A8__Cas9-550m	0.031032264	0.004550118
UniRef100_A0A0H3BZZ0__Cas9	0.9966016	0.0010144293
UniRef100_A0A0H3BZZ0__Cas9-548m	0.027714973	0.0046092425
UniRef100_A0A6H8NA36__Cas9	0.9900385	0.0023551523
UniRef100_A0A6H8NA36__Cas9-394m	0.027891528	0.0037968364
sp_A0A0H2UNG0_PULA_STRPN__GH	0.9063524	0.045032814
sp_A0A0H2UNG0_PULA_STRPN__GH-512m	0.76995134	0.2245271
sp_A0A0H2ZL64_PULA_STRP2__GH	0.92780864	0.03101803
sp_A0A0H2ZL64_PULA_STRP2__GH-503m	0.09998601	0.026715906
sp_A1A278_MANA_BIFAA__GH	0.9812776	0.0074220817
sp_A1A278_MANA_BIFAA__GH-401m	0.15354852	0.038030997
sp_A2QAN3_BGALA_ASPNC__GH	0.89818305	0.036466353
sp_A2QAN3_BGALA_ASPNC__GH-403m	0.037236173	0.0046775336
sp_A2VDL6_AT1A2_BOVIN__GH	0.60622543	0.041319136
sp_A2VDL6_AT1A2_BOVIN__GH-408m	0.038138233	0.004854303
sp_A3FEW8_BGAL_ENTAG__GH	0.9556073	0.00887823
sp_A3FEW8_BGAL_ENTAG__GH-412m	0.121481024	0.018036429
sp_A5FB63_CHIA_FLAJ1__GH	0.9065998	0.017151942
sp_A5FB63_CHIA_FLAJ1__GH-632m	0.09423177	0.05305402
sp_A7LXT0_GH31A_BACO1__GH	0.99158657	0.006462263
sp_A7LXT0_GH31A_BACO1__GH-382m	0.12453846	0.023684481
sp_B3TLD6_LNBB_BIFB1__GH	0.9850873	0.006769658
sp_B3TLD6_LNBB_BIFB1__GH-445m	0.10313449	0.023641823
sp_D0TZF0_ISOA1_ORYSJ__GH	0.41202092	0.035064895
sp_D0TZF0_ISOA1_ORYSJ__GH-322m	0.033196427	0.0044002607
sp_D2WL32_GLGB3_ARATH__GH	0.75966865	0.04430898
sp_D2WL32_GLGB3_ARATH__GH-360m	0.029141594	0.0037987535
sp_D5EY15_XYL3A_XYLR2__GH	0.9770161	0.007013088
sp_D5EY15_XYL3A_XYLR2__GH-345m	0.17769833	0.02303871
sp_F4HTM3_GCS1_ARATH__GH	0.773995	0.054284763
sp_F4HTM3_GCS1_ARATH__GH-341m	0.07521195	0.008002486
sp_G4T4R7_AGASK_MEDGN__GH	0.9602524	0.008129449
sp_G4T4R7_AGASK_MEDGN__GH-374m	0.048281543	0.006001741
sp_G5EB30_CHIA1_EMENI__GH	0.6932604	0.10762526
sp_G5EB30_CHIA1_EMENI__GH-385m	0.043853533	0.008779876
sp_M1RNJ8_ATH1_CANGB__GH	0.73954123	0.06261078
sp_M1RNJ8_ATH1_CANGB__GH-485m	0.111999854	0.031561583
sp_N1P212_ATH1_YEASC__GH	0.8138359	0.059446618
sp_N1P212_ATH1_YEASC__GH-485m	0.139515	0.027530037
sp_O00462_MANBA_HUMAN__GH	0.19946846	0.11158378
sp_O00462_MANBA_HUMAN__GH-352m	0.053640753	0.007282798
sp_O00754_MA2B1_HUMAN__GH	0.4328042	0.08489133
sp_O00754_MA2B1_HUMAN__GH-405m	0.036030777	0.0040576383
sp_O09159_MA2B1_MOUSE__GH	0.32594806	0.050087158
sp_O09159_MA2B1_MOUSE__GH-406m	0.022976445	0.0048796423
sp_O18497_MAN2_SPOFR__GH	0.8964137	0.02711787
sp_O18497_MAN2_SPOFR__GH-452m	0.019042116	0.0024117655
sp_O23647_GLGB1_ARATH__GH	0.44416222	0.06549946
sp_O23647_GLGB1_ARATH__GH-344m	0.07786302	0.010904185
sp_O35082_KLOT_MOUSE__GH	0.42961115	0.056002457
sp_O35082_KLOT_MOUSE__GH-406m	0.034913298	0.00225346
sp_O60502_OGA_HUMAN__GH	0.42607537	0.04084501
sp_O60502_OGA_HUMAN__GH-367m	0.058705617	0.00847558
sp_O62653_SUIS_SUNMU__GH	0.5640222	0.16047354
sp_O62653_SUIS_SUNMU__GH-726m	0.15208311	0.08069463
sp_P00722_BGAL_ECOLI__GH	0.95403874	0.008596467
sp_P00722_BGAL_ECOLI__GH-410m	0.0465065	0.004785907
sp_P03726_EXLYS_BPT7__GH	0.9039668	0.025240375
sp_P03726_EXLYS_BPT7__GH-528m	0.01967215	0.0028224434
sp_P06686_AT1A2_RAT__GH	0.6143262	0.042107984
sp_P06686_AT1A2_RAT__GH-408m	0.039157536	0.005183759
sp_P08987_GTFB_STRMU__GH	0.9623729	0.013715238
sp_P08987_GTFB_STRMU__GH-591m	0.042128116	0.0034858715
sp_P0C5Z8_ATL_STAAU__GH	0.8916968	0.02166033
sp_P0C5Z8_ATL_STAAU__GH-502m	0.071905985	0.03425468
sp_P10253_LYAG_HUMAN__GH	0.7839278	0.03503885
sp_P10253_LYAG_HUMAN__GH-381m	0.0452025	0.0071223765
sp_P10477_CELE_ACET2__GH	0.9301957	0.028284937
sp_P10477_CELE_ACET2__GH-326m	0.5373202	0.06445536
sp_P13470_GTFC_STRMU__GH	0.93480635	0.01712241
sp_P13470_GTFC_STRMU__GH-582m	0.06609829	0.01821662
sp_P13656_CHIA_ECOLI__GH	0.9738711	0.0053061196
sp_P13656_CHIA_ECOLI__GH-359m	0.10196801	0.031379096
sp_P21543_AMYB_PAEPO__GH	0.9659669	0.0045039244
sp_P21543_AMYB_PAEPO__GH-479m	0.19979204	0.019896137
sp_P22855_MAN1_YEAST__GH	0.9367669	0.014911246
sp_P22855_MAN1_YEAST__GH-434m	0.08938909	0.0065089855
sp_P26831_NAGH_CLOPE__GH	0.95867413	0.016801393
sp_P26831_NAGH_CLOPE__GH-652m	0.050760545	0.008539729
sp_P27046_MA2A1_MOUSE__GH	0.7226366	0.05859037
sp_P27046_MA2A1_MOUSE__GH-460m	0.02728112	0.0036060358
sp_P28494_MA2A1_RAT__GH	0.69390756	0.08354872
sp_P28494_MA2A1_RAT__GH-460m	0.037383266	0.004644133
sp_P34098_MANA_DICDI__GH	0.7026893	0.05409106
sp_P34098_MANA_DICDI__GH-404m	0.34115663	0.04971375
sp_P35573_GDE_HUMAN__GH	0.24816826	0.045240484
sp_P35573_GDE_HUMAN__GH-613m	0.025750455	0.002868276
sp_P38138_GLU2A_YEAST__GH	0.43539256	0.0601782
sp_P38138_GLU2A_YEAST__GH-382m	0.056733213	0.00605626
sp_P39848_LYTD_BACSU__GH	0.95853597	0.01110424
sp_P39848_LYTD_BACSU__GH-352m	0.1538994	0.022141457
sp_P48016_ATH1_YEAST__GH	0.8138359	0.059446618
sp_P48016_ATH1_YEAST__GH-485m	0.13951501	0.027529983
sp_P49331_GTFD_STRMU__GH	0.930968	0.023482738
sp_P49331_GTFD_STRMU__GH-585m	0.047152203	0.009363682
sp_P49641_MA2A2_HUMAN__GH	0.7477108	0.043568105
sp_P49641_MA2A2_HUMAN__GH-460m	0.024462631	0.0017005774
sp_P49714_FIBER_BPK1E__GH	0.91072875	0.025923975
sp_P49714_FIBER_BPK1E__GH-325m	0.06577825	0.00881958
sp_P50993_AT1A2_HUMAN__GH	0.60013163	0.04226435
sp_P50993_AT1A2_HUMAN__GH-408m	0.03920699	0.005166683
sp_P53008_CWH41_YEAST__GH	0.91026366	0.02048785
sp_P53008_CWH41_YEAST__GH-334m	0.11558785	0.018176937
sp_P53753_ENG1_YEAST__GH	0.25349173	0.03646898
sp_P53753_ENG1_YEAST__GH-447m	0.036203586	0.0051154676
sp_P70699_LYAG_MOUSE__GH	0.7003473	0.037404194
sp_P70699_LYAG_MOUSE__GH-382m	0.07987586	0.01485402
sp_P79403_GANAB_PIG__GH	0.68705714	0.036733452
sp_P79403_GANAB_PIG__GH-378m	0.017334225	0.003031296
sp_P96156_CHID_VIBFU__GH	0.9619355	0.00825762
sp_P96156_CHID_VIBFU__GH-419m	0.052294917	0.008203688
sp_Q01401_GLGB_ORYSJ__GH	0.47574058	0.05183194
sp_Q01401_GLGB_ORYSJ__GH-328m	0.067949966	0.0056167445
sp_Q04830_FIBER_BPK1F__GH	0.9628795	0.010568095
sp_Q04830_FIBER_BPK1F__GH-426m	0.050493013	0.0055712964
sp_Q06625_GDE_YEAST__GH	0.38250467	0.057464972
sp_Q06625_GDE_YEAST__GH-615m	0.023287727	0.0021787279
sp_Q0TR53_OGA_CLOP1__GH	0.95058143	0.020575367
sp_Q0TR53_OGA_CLOP1__GH-401m	0.025217578	0.00391743
sp_Q13724_MOGS_HUMAN__GH	0.5425267	0.066662565
sp_Q13724_MOGS_HUMAN__GH-335m	0.02070864	0.0048639905
sp_Q13733_AT1A4_HUMAN__GH	0.74930966	0.048842672
sp_Q13733_AT1A4_HUMAN__GH-412m	0.019677661	0.002352022
sp_Q14697_GANAB_HUMAN__GH	0.73912305	0.038596768
sp_Q14697_GANAB_HUMAN__GH-378m	0.018117595	0.0030240791
sp_Q16706_MA2A1_HUMAN__GH	0.724165	0.054421555
sp_Q16706_MA2A1_HUMAN__GH-458m	0.0387445	0.002119323
sp_Q24451_MAN2_DROME__GH	0.7742849	0.038307995
sp_Q24451_MAN2_DROME__GH-444m	0.031442694	0.0042897663
sp_Q29444_MANBA_BOVIN__GH	0.091343135	0.08364249
sp_Q29444_MANBA_BOVIN__GH-352m	0.033885114	0.004446181
sp_Q29451_MA2B1_BOVIN__GH	0.6645496	0.060268067
sp_Q29451_MA2B1_BOVIN__GH-400m	0.023080861	0.0034105019
sp_Q2HXL6_EDEM3_MOUSE__GH	0.44780666	0.03837496
sp_Q2HXL6_EDEM3_MOUSE__GH-373m	0.049053144	0.0049564033
sp_Q2UCU3_BGALA_ASPOR__GH	0.8931055	0.037552226
sp_Q2UCU3_BGALA_ASPOR__GH-402m	0.0797993	0.0126353735
sp_Q41058_GLGB1_PEA__GH	0.8147422	0.0670271
sp_Q41058_GLGB1_PEA__GH-369m	0.04172836	0.005955102
sp_Q4R1C4_EBDG_HYPJE__GH	0.8614294	0.044122435
sp_Q4R1C4_EBDG_HYPJE__GH-357m	0.08195593	0.020974796
sp_Q4R4N7_GANAB_MACFA__GH	0.7771945	0.03595915
sp_Q4R4N7_GANAB_MACFA__GH-378m	0.01925191	0.0029708534
sp_Q54468_CHB_SERMA__GH	0.9680721	0.008349517
sp_Q54468_CHB_SERMA__GH-354m	0.03867193	0.007263021
sp_Q56F26_EBDG_AMYOR__GH	0.97915924	0.005896738
sp_Q56F26_EBDG_AMYOR__GH-413m	0.13999692	0.04277814
sp_Q5AAU5_ATC1_CANAL__GH	0.6115835	0.041675296
sp_Q5AAU5_ATC1_CANAL__GH-432m	0.043744974	0.0036526488
sp_Q5AIR7_ENG1_CANAL__GH	0.25793606	0.044513054
sp_Q5AIR7_ENG1_CANAL__GH-458m	0.3607207	0.031683292
sp_Q5M868_GBA2_RAT__GH	0.11851821	0.010715635
sp_Q5M868_GBA2_RAT__GH-365m	0.01596414	0.0024852816
sp_Q64541_AT1A4_RAT__GH	0.752135	0.026510473
sp_Q64541_AT1A4_RAT__GH-412m	0.040547337	0.005499189
sp_Q69ZF3_GBA2_MOUSE__GH	0.08810508	0.011499143
sp_Q69ZF3_GBA2_MOUSE__GH-368m	0.055126466	0.0061009866
sp_Q6GQB9_EDEM3_XENLA__GH	0.40747303	0.046286624
sp_Q6GQB9_EDEM3_XENLA__GH-366m	0.021238264	0.0034454453
sp_Q6P7A9_LYAG_RAT__GH	0.66966546	0.03862245
sp_Q6P7A9_LYAG_RAT__GH-382m	0.047624163	0.0082725
sp_Q6PIE5_AT1A2_MOUSE__GH	0.61432624	0.042107698
sp_Q6PIE5_AT1A2_MOUSE__GH-408m	0.03915753	0.0051837396
sp_Q700S9_BGALA_PENSQ__GH	0.75369847	0.07614499
sp_Q700S9_BGALA_PENSQ__GH-405m	0.07901303	0.0154887065
sp_Q70XJ9_LSC_FRUSA__GH	0.9711892	0.009683269
sp_Q70XJ9_LSC_FRUSA__GH-352m	0.074604474	0.011924019
sp_Q80UM7_MOGS_MOUSE__GH	0.48225594	0.057892315
sp_Q80UM7_MOGS_MOUSE__GH-334m	0.04886971	0.007206112
sp_Q86Z14_KLOTB_HUMAN__GH	0.33984816	0.054331083
sp_Q86Z14_KLOTB_HUMAN__GH-418m	0.037143026	0.004870205
sp_Q873Y0_CHIA1_ASPFM__GH	0.7196924	0.0954746
sp_Q873Y0_CHIA1_ASPFM__GH-330m	0.05537516	0.0142015405
sp_Q8BHN3_GANAB_MOUSE__GH	0.70944023	0.03683486
sp_Q8BHN3_GANAB_MOUSE__GH-378m	0.019268276	0.002686255
sp_Q8BRK9_MA2A2_MOUSE__GH	0.7620982	0.045376416
sp_Q8BRK9_MA2A2_MOUSE__GH-461m	0.021424506	0.002088515
sp_Q8DR60_GH101_STRR6__GH	0.9704878	0.031816464
sp_Q8DR60_GH101_STRR6__GH-707m	0.1313847	0.07080577
sp_Q8GTR4_PULA1_ARATH__GH	0.31002042	0.05442423
sp_Q8GTR4_PULA1_ARATH__GH-386m	0.0623642	0.007418284
sp_Q8K2I4_MANBA_MOUSE__GH	0.12162234	0.08710342
sp_Q8K2I4_MANBA_MOUSE__GH-352m	0.033875346	0.0034522202
sp_Q8L7W8_FUCO2_ARATH__GH	0.4426468	0.063884094
sp_Q8L7W8_FUCO2_ARATH__GH-338m	0.12101456	0.013165704
sp_Q8RXD9_DPE2_ARATH__GH	0.56811154	0.070388995
sp_Q8RXD9_DPE2_ARATH__GH-382m	0.053941406	0.006476794
sp_Q8VIJ5_OGA_RAT__GH	0.41355696	0.040169373
sp_Q8VIJ5_OGA_RAT__GH-367m	0.059295975	0.008371406
sp_Q91W89_MA2C1_MOUSE__GH	0.3655069	0.050840035
sp_Q91W89_MA2C1_MOUSE__GH-416m	0.017855491	0.0032500434
sp_Q94502_GANAB_DICDI__GH	0.92933655	0.015857322
sp_Q94502_GANAB_DICDI__GH-378m	0.22433098	0.05021742
sp_Q94A41_AMY3_ARATH__GH	0.7368028	0.058018126
sp_Q94A41_AMY3_ARATH__GH-355m	0.07667403	0.009060446
sp_Q95327_MANBA_CAPHI__GH	0.13201733	0.09347911
sp_Q95327_MANBA_CAPHI__GH-352m	0.02861546	0.0038738092
sp_Q99N32_KLOTB_MOUSE__GH	0.36736852	0.061405886
sp_Q99N32_KLOTB_MOUSE__GH-418m	0.11601659	0.013785543
sp_Q99Y92_ENDOS_STRP1__GH	0.9770632	0.005405032
sp_Q99Y92_ENDOS_STRP1__GH-398m	0.04698876	0.004479864
sp_Q9BZQ6_EDEM3_HUMAN__GH	0.53324956	0.042299908
sp_Q9BZQ6_EDEM3_HUMAN__GH-373m	0.053269397	0.00816687
sp_Q9C0Y4_AGLU_SCHPO__GH	0.4188506	0.08102978
sp_Q9C0Y4_AGLU_SCHPO__GH-388m	0.1986607	0.047155205
sp_Q9EQQ9_OGA_MOUSE__GH	0.36737713	0.033214815
sp_Q9EQQ9_OGA_MOUSE__GH-367m	0.058740597	0.0074061533
sp_Q9F930_PULA_STREE__GH	0.90400946	0.041623473
sp_Q9F930_PULA_STREE__GH-515m	0.08998345	0.039027877
sp_Q9FN05_PSL5_ARATH__GH	0.58363855	0.060260918
sp_Q9FN05_PSL5_ARATH__GH-369m	0.11969273	0.017075794
sp_Q9HCG7_GBA2_HUMAN__GH	0.15820746	0.01858775
sp_Q9HCG7_GBA2_HUMAN__GH-371m	0.027175987	0.0050038043
sp_Q9LFR0_GMAN2_ARATH__GH	0.7133403	0.04397008
sp_Q9LFR0_GMAN2_ARATH__GH-470m	0.06073953	0.008264225
sp_Q9LZS3_GLGB2_ARATH__GH	0.74347293	0.04997546
sp_Q9LZS3_GLGB2_ARATH__GH-322m	0.09137037	0.0036570653
sp_Q9MYM4_LYAG_BOVIN__GH	0.66273344	0.04889088
sp_Q9MYM4_LYAG_BOVIN__GH-375m	0.054078747	0.009991771
sp_Q9NTJ4_MA2C1_HUMAN__GH	0.36072803	0.05239938
sp_Q9NTJ4_MA2C1_HUMAN__GH-416m	0.034600064	0.005375364
sp_Q9S7Y7_XYL1_ARATH__GH	0.50913346	0.059032697
sp_Q9S7Y7_XYL1_ARATH__GH-366m	0.05900965	0.011135199
sp_Q9UEF7_KLOT_HUMAN__GH	0.46977162	0.057564367
sp_Q9UEF7_KLOT_HUMAN__GH-405m	0.048691936	0.005741076
sp_Q9US55_GLU2A_SCHPO__GH	0.5994719	0.06271687
sp_Q9US55_GLU2A_SCHPO__GH-370m	0.05836899	0.005266602
sp_Q9UT45_ENG1_SCHPO__GH	0.8508955	0.027087443
sp_Q9UT45_ENG1_SCHPO__GH-407m	0.08842485	0.02813143
sp_Q9WV27_AT1A4_MOUSE__GH	0.74708426	0.026292881
sp_Q9WV27_AT1A4_MOUSE__GH-413m	0.04151781	0.0074562505
sp_Q9Y2E5_MA2B2_HUMAN__GH	0.2348257	0.10544439
sp_Q9Y2E5_MA2B2_HUMAN__GH-404m	0.045394123	0.0067456453
sp_Q9Z2Y9_KLOT_RAT__GH	0.54846907	0.037499893
sp_Q9Z2Y9_KLOT_RAT__GH-406m	0.045346934	0.004161551
sp_T1WGN1_ENDS2_STRP9__GH	0.97207177	0.00762454
sp_T1WGN1_ENDS2_STRP9__GH-338m	0.07087388	0.007427696
sp_A0A0A2JP37_LYS12_PENEN__GH	0.69640577	0.04854569
sp_A0A0A2JP37_LYS12_PENEN__GH-600m	0.030761397	0.005775011
sp_A0A191T6Q6_ENDSD_STRDY__GH	0.97525615	0.007587572
sp_A0A191T6Q6_ENDSD_STRDY__GH-339m	0.10921679	0.016030453
sp_A0A1P8AWH8_XYN1_ARATH__GH	0.73224884	0.03989484
sp_A0A1P8AWH8_XYN1_ARATH__GH-378m	0.029958332	0.0046647536
sp_A0P8X0_AAMY_NIACI__GH	0.9624995	0.01107219
sp_A0P8X0_AAMY_NIACI__GH-516m	0.0470124	0.018606452
sp_A1A3T0_BGAC_BIFAA__GH	0.9107386	0.023033857
sp_A1A3T0_BGAC_BIFAA__GH-420m	0.042484276	0.0038542817
sp_A1IGV8_AAGAR_THASX__GH	0.90948516	0.016079402
sp_A1IGV8_AAGAR_THASX__GH-586m	0.733134	0.13663588
sp_A2QA27_XYND_ASPNC__GH	0.9254222	0.020226352
sp_A2QA27_XYND_ASPNC__GH-322m	0.11968343	0.031497072
sp_A2QUQ2_CHIA1_ASPNC__GH	0.6562323	0.123902746
sp_A2QUQ2_CHIA1_ASPNC__GH-503m	0.044361077	0.016300365
sp_A7LXS9_BGH2A_BACO1__GH	0.9714794	0.0045888848
sp_A7LXS9_BGH2A_BACO1__GH-341m	0.06502707	0.011737753
sp_A7X0T9_ATL_STAA1__GH	0.89169693	0.02166051
sp_A7X0T9_ATL_STAA1__GH-502m	0.0719059	0.03425451
sp_A8BQB4_GDE_HORSE__GH	0.17964095	0.039038893
sp_A8BQB4_GDE_HORSE__GH-614m	0.021222144	0.003096407
sp_B3PEE6_OL4AG_CELJU__GH	0.9060343	0.03378826
sp_B3PEE6_OL4AG_CELJU__GH-327m	0.045718506	0.0071586384
sp_B6EY09_XYND_ASPJA__GH	0.341399	0.06164234
sp_B6EY09_XYND_ASPJA__GH-322m	0.06662704	0.019379511
sp_C6CRV0_XYNA1_PAESJ__GH	0.9688252	0.0063458397
sp_C6CRV0_XYNA1_PAESJ__GH-585m	0.10411687	0.014606967
sp_D4AZ24_ENG1_ARTBC__GH	0.74484086	0.056137875
sp_D4AZ24_ENG1_ARTBC__GH-364m	0.11633166	0.011826445
sp_I2C092_MANBB_THETO__GH	0.97818583	0.009213946
sp_I2C092_MANBB_THETO__GH-342m	0.02933616	0.0037047542
sp_O00089_XYND_ASPNG__GH	0.9254225	0.020226339
sp_O00089_XYND_ASPNG__GH-322m	0.11968349	0.031497017
sp_O04931_AGLU_BETVU__GH	0.5293045	0.058875393
sp_O04931_AGLU_BETVU__GH-366m	0.025321951	0.003711517
sp_O14255_GCS1_SCHPO__GH	0.9686678	0.007971804
sp_O14255_GCS1_SCHPO__GH-324m	0.114161134	0.009903064
sp_O31411_SACC_BACL7__GH	0.9355027	0.0144088855
sp_O31411_SACC_BACL7__GH-369m	0.04911507	0.0042627086
sp_O33635_ATL_STAEP__GH	0.8922992	0.021425098
sp_O33635_ATL_STAEP__GH-534m	0.033155806	0.006941547
sp_O46432_MA2B1_FELCA__GH	0.31445888	0.16290271
sp_O46432_MA2B1_FELCA__GH-403m	0.011721571	0.0019004777
sp_O54782_MA2B2_MOUSE__GH	0.5016741	0.08050471
sp_O54782_MA2B2_MOUSE__GH-408m	0.019305103	0.0028560038
sp_O74168_MANBA_ASPAC__GH	0.9586666	0.009511516
sp_O74168_MANBA_ASPAC__GH-375m	0.03462199	0.005817227
sp_O74254_AMYG_CANAL__GH	0.8458476	0.037838254
sp_O74254_AMYG_CANAL__GH-379m	0.0932077	0.019110315
sp_O88941_MOGS_RAT__GH	0.4733785	0.06043715
sp_O88941_MOGS_RAT__GH-334m	0.045132138	0.007876468
sp_P06864_BGA2_ECOLI__GH	0.9506825	0.012710837
sp_P06864_BGA2_ECOLI__GH-412m	0.0328912	0.005391409
sp_P07811_PULA_KLEAE__GH	0.942114	0.0068166307
sp_P07811_PULA_KLEAE__GH-439m	0.059107423	0.008508055
sp_P09805_KTXA_KLULA__GH	0.58008903	0.05171977
sp_P09805_KTXA_KLULA__GH-459m	0.07595201	0.0085435165
sp_P0C2S1_CELK_ACETH__GH	0.9086159	0.036044404
sp_P0C2S1_CELK_ACETH__GH-358m	0.117922865	0.016322939
sp_P0DTR5_AGAL_FLAPL__GH	0.9669902	0.011659231
sp_P0DTR5_AGAL_FLAPL__GH-432m	0.22199123	0.034956068
sp_P0DXE8_GAASE_BIFLL__GH	0.9786892	0.0080770245
sp_P0DXE8_GAASE_BIFLL__GH-455m	0.046433512	0.01295963
sp_P13670_CHB_VIBHA__GH	0.9528183	0.009520637
sp_P13670_CHB_VIBHA__GH-354m	0.24639837	0.046640452
sp_P14090_GUNC_CELFA__GH	0.98279774	0.004458879
sp_P14090_GUNC_CELFA__GH-441m	0.20834756	0.032796934
sp_P16218_GUNH_ACET2__GH	0.9373652	0.022324774
sp_P16218_GUNH_ACET2__GH-360m	0.22057071	0.042711575
sp_P22533_MANB_CALSA__GH	0.9593563	0.008467502
sp_P22533_MANB_CALSA__GH-533m	0.06179108	0.01662923
sp_P22534_GUNA_CALSA__GH	0.5274801	0.22652213
sp_P22534_GUNA_CALSA__GH-697m	0.17529264	0.07126283
sp_P23253_TCNA_TRYCR__GH	0.5279572	0.09405395
sp_P23253_TCNA_TRYCR__GH-465m	0.083484955	0.010479445
sp_P29336_GTFS_STRDO__GH	0.9696371	0.010244663
sp_P29336_GTFS_STRDO__GH-546m	0.07911347	0.021054478
sp_P30924_GLGB_SOLTU__GH	0.61429775	0.0498202
sp_P30924_GLGB_SOLTU__GH-345m	0.032479968	0.0037896074
sp_P32823_CHIA_PSEO7__GH	0.93503	0.012595476
sp_P32823_CHIA_PSEO7__GH-328m	0.14088747	0.0381774
sp_P35574_GDE_RABIT__GH	0.17159294	0.027828723
sp_P35574_GDE_RABIT__GH-622m	0.02596565	0.009667937
sp_P36917_XYNA_THESA__GH	0.9478218	0.009230982
sp_P36917_XYNA_THESA__GH-463m	0.07939076	0.009717629
sp_P38939_APU_THEP3__GH	0.9266634	0.018495616
sp_P38939_APU_THEP3__GH-593m	0.1086882	0.03544928
sp_P39653_DEXT_STRDO__GH	0.9172557	0.030020917
sp_P39653_DEXT_STRDO__GH-535m	0.057014935	0.019867698
sp_P50401_GUXA_CELFA__GH	0.98340005	0.005365304
sp_P50401_GUXA_CELFA__GH-349m	0.14909273	0.038325574
sp_P50899_GUXB_CELFA__GH	0.9777616	0.008294853
sp_P50899_GUXB_CELFA__GH-436m	0.1902812	0.05990914
sp_P54197_CHI2_COCP7__GH	0.6884928	0.10573374
sp_P54197_CHI2_COCP7__GH-342m	0.028924886	0.0059567452
sp_P56526_AGLU_ASPNG__GH	0.3370698	0.074723996
sp_P56526_AGLU_ASPNG__GH-394m	0.04265379	0.0040229564
sp_P62575_NANA_STREE__GH	0.9478868	0.016357195
sp_P62575_NANA_STREE__GH-414m	0.053831406	0.0044378983
sp_P62576_NANA_STRR6__GH	0.9478868	0.016357195
sp_P62576_NANA_STRR6__GH-414m	0.053831406	0.0044378983
sp_P78617_TREA_EMENI__GH	0.50495845	0.09799959
sp_P78617_TREA_EMENI__GH-422m	0.045781363	0.009220505
sp_P81650_BGAL_PSEHA__GH	0.93152016	0.018395783
sp_P81650_BGAL_PSEHA__GH-416m	0.031648785	0.004658648
sp_P82593_EABF_STRCX__GH	0.95899296	0.012789716
sp_P82593_EABF_STRCX__GH-330m	0.112169996	0.02568456
sp_P94078_MANA1_ARATH__GH	0.6602338	0.067083724
sp_P94078_MANA1_ARATH__GH-408m	0.021678206	0.002787874
sp_Q02290_XYNB_NEOPA__GH	0.80598134	0.042065226
sp_Q02290_XYNB_NEOPA__GH-344m	0.063633114	0.0112343775
sp_Q02934_GUNI_ACET2__GH	0.9778732	0.0055522765
sp_Q02934_GUNI_ACET2__GH-355m	0.17220685	0.036084738
sp_Q03174_FRUA_STRMU__GH	0.93987834	0.015687086
sp_Q03174_FRUA_STRMU__GH-570m	0.077138945	0.03339908
sp_Q05884_AMY_STRLI__GH	0.9795343	0.004889439
sp_Q05884_AMY_STRLI__GH-368m	0.045686953	0.0069287214
sp_Q10NX8_BGAL6_ORYSJ__GH	0.61394775	0.044161998
sp_Q10NX8_BGAL6_ORYSJ__GH-344m	0.05543514	0.010433845
sp_Q12205_MNL2_YEAST__GH	0.82740927	0.06575967
sp_Q12205_MNL2_YEAST__GH-340m	0.046439763	0.0052313884
sp_Q1EAR5_CHI2_COCIM__GH	0.7524575	0.12606055
sp_Q1EAR5_CHI2_COCIM__GH-358m	0.060096968	0.0128558865
sp_Q23892_GLUA_DICDI__GH	0.9008299	0.022046633
sp_Q23892_GLUA_DICDI__GH-329m	0.04827929	0.006248789
sp_Q28949_MA2B2_PIG__GH	0.6505764	0.07422019
sp_Q28949_MA2B2_PIG__GH-398m	0.011259815	0.0011450826
sp_Q2FZK7_ATL_STAA8__GH	0.93640345	0.010661745
sp_Q2FZK7_ATL_STAA8__GH-503m	0.68116856	0.20347856
sp_Q2MGH6_GH101_STRPN__GH	0.9688221	0.040753506
sp_Q2MGH6_GH101_STRPN__GH-707m	0.091151156	0.053214256
sp_Q41059_GLGB2_PEA__GH	0.43413	0.0921823
sp_Q41059_GLGB2_PEA__GH-331m	0.11189862	0.007565752
sp_Q4AEG8_XYND_ASPAW__GH	0.9340741	0.017413516
sp_Q4AEG8_XYND_ASPAW__GH-322m	0.100317255	0.024391305
sp_Q4FZV0_MANBA_RAT__GH	0.087745	0.061153397
sp_Q4FZV0_MANBA_RAT__GH-353m	0.027940404	0.003912973
sp_Q4WEP7_CHIA1_ASPFU__GH	0.80931216	0.07164288
sp_Q4WEP7_CHIA1_ASPFU__GH-356m	0.045689262	0.010158533
sp_Q53317_XYND_RUMFL__GH	0.95582867	0.020512428
sp_Q53317_XYND_RUMFL__GH-321m	0.21735033	0.047087017
sp_Q54YC4_MAND_DICDI__GH	0.6446795	0.06544498
sp_Q54YC4_MAND_DICDI__GH-489m	0.08824606	0.019913735
sp_Q55242_LSC_STRSL__GH	0.9524592	0.010865001
sp_Q55242_LSC_STRSL__GH-388m	0.038310863	0.0052690213
sp_Q5AUW5_BGLD_EMENI__GH	0.61183435	0.09412254
sp_Q5AUW5_BGLD_EMENI__GH-325m	0.10981598	0.01919434
sp_Q5AVZ7_EXGD_EMENI__GH	0.73396933	0.047853276
sp_Q5AVZ7_EXGD_EMENI__GH-333m	0.039418317	0.0069149374
sp_Q5AWI5_AGDC_EMENI__GH	0.64295775	0.05410238
sp_Q5AWI5_AGDC_EMENI__GH-358m	0.046484027	0.005751959
sp_Q5BAS1_XYND_EMENI__GH	0.772364	0.0685155
sp_Q5BAS1_XYND_EMENI__GH-322m	0.097713195	0.0137500195
sp_Q5BFG8_BGLB_EMENI__GH	0.9714929	0.013600861
sp_Q5BFG8_BGLB_EMENI__GH-338m	0.027662676	0.0038501888
sp_Q5H7P5_EBM_LILLO__GH	0.7068741	0.084067784
sp_Q5H7P5_EBM_LILLO__GH-382m	0.05477918	0.0071957475
sp_Q5HH31_ATL_STAAC__GH	0.93832886	0.010646728
sp_Q5HH31_ATL_STAAC__GH-503m	0.6534965	0.20774277
sp_Q5HQB9_ATL_STAEQ__GH	0.8922992	0.021425098
sp_Q5HQB9_ATL_STAEQ__GH-534m	0.033155806	0.006941547
sp_Q5KTI5_AGAO_MICTH__GH	0.9471103	0.009063821
sp_Q5KTI5_AGAO_MICTH__GH-470m	0.13098119	0.019789305
sp_Q6GAG0_ATL_STAAS__GH	0.93554056	0.01220609
sp_Q6GAG0_ATL_STAAS__GH-500m	0.24961841	0.10672982
sp_Q6GI31_ATL_STAAR__GH	0.944935	0.010741431
sp_Q6GI31_ATL_STAAR__GH-503m	0.12921031	0.041120976
sp_Q70DK5_XG74_ACETH__GH	0.9598073	0.016495936
sp_Q70DK5_XG74_ACETH__GH-337m	0.35185057	0.06496848
sp_Q75W54_EBM_ARATH__GH	0.93465567	0.028461315
sp_Q75W54_EBM_ARATH__GH-378m	0.04972419	0.005153662
sp_Q76IQ9_CHBP_VIBPR__GH	0.73739976	0.07990324
sp_Q76IQ9_CHBP_VIBPR__GH-321m	0.122154616	0.0159417
sp_Q7KT91_C3390_DROME__GH	0.6001292	0.060505055
sp_Q7KT91_C3390_DROME__GH-380m	0.06640525	0.0087527055
sp_Q7Z9M8_XG74_HYPJQ__GH	0.96062833	0.011261187
sp_Q7Z9M8_XG74_HYPJQ__GH-336m	0.12926881	0.025690384
sp_Q82NR8_EBDG_STRAW__GH	0.9596537	0.012248518
sp_Q82NR8_EBDG_STRAW__GH-362m	0.037179843	0.0073777013
sp_Q8CPQ1_ATL_STAES__GH	0.8936542	0.021122897
sp_Q8CPQ1_ATL_STAES__GH-534m	0.034128956	0.007201745
sp_Q8L735_ISOA2_ARATH__GH	0.16375196	0.029279403
sp_Q8L735_ISOA2_ARATH__GH-353m	0.022205837	0.003677223
sp_Q8LPJ3_MANA2_ARATH__GH	0.41882843	0.14328794
sp_Q8LPJ3_MANA2_ARATH__GH-410m	0.022342192	0.004871484
sp_Q8NX96_ATL_STAAW__GH	0.93905896	0.01053541
sp_Q8NX96_ATL_STAAW__GH-503m	0.6506179	0.20710146
sp_Q8RQU9_CTSZ_SPOGL__GH	0.95088655	0.011434246
sp_Q8RQU9_CTSZ_SPOGL__GH-514m	0.4124938	0.14747176
sp_Q8RQV0_CTSY_SPOGL__GH	0.9507383	0.008941544
sp_Q8RQV0_CTSY_SPOGL__GH-438m	0.08630759	0.02689197
sp_Q8TET4_GANC_HUMAN__GH	0.70581007	0.053456716
sp_Q8TET4_GANC_HUMAN__GH-366m	0.09809259	0.00947903
sp_Q8VHC8_MA2B1_CAVPO__GH	0.53845376	0.054497886
sp_Q8VHC8_MA2B1_CAVPO__GH-403m	0.014022486	0.0024584427
sp_Q8WP17_KLOT_MACFA__GH	0.48620003	0.039467644
sp_Q8WP17_KLOT_MACFA__GH-406m	0.026180249	0.0024141825
sp_Q8XL08_OGA_CLOPE__GH	0.95059025	0.0206814
sp_Q8XL08_OGA_CLOPE__GH-401m	0.028442606	0.0044768
sp_Q92223_CHIA1_EMEND__GH	0.6932604	0.10762526
sp_Q92223_CHIA1_EMEND__GH-385m	0.043853533	0.008779876
sp_Q931U5_ATL_STAAM__GH	0.95262545	0.010367217
sp_Q931U5_ATL_STAAM__GH-500m	0.30999038	0.133183
sp_Q93XK2_STSYN_PEA__GH	0.55679923	0.042872764
sp_Q93XK2_STSYN_PEA__GH-342m	0.046082377	0.005988695
sp_Q99V41_ATL_STAAN__GH	0.95262545	0.010367217
sp_Q99V41_ATL_STAAN__GH-500m	0.30999038	0.133183
sp_Q9FNA3_NAGLU_ARATH__GH	0.5224461	0.078177065
sp_Q9FNA3_NAGLU_ARATH__GH-323m	0.106373474	0.018232064
sp_Q9KG76_ENG1_HALH5__GH	0.9284975	0.025022902
sp_Q9KG76_ENG1_HALH5__GH-408m	0.15535286	0.033624575
sp_Q9LAP7_AAGAR_ALTAG__GH	0.9316761	0.0064401887
sp_Q9LAP7_AAGAR_ALTAG__GH-572m	0.0739331	0.011324469
sp_Q9SCV9_BGAL3_ARATH__GH	0.721045	0.04818169
sp_Q9SCV9_BGAL3_ARATH__GH-343m	0.06440145	0.0117542865
sp_Q9UT61_MAN1_SCHPO__GH	0.90221584	0.03478298
sp_Q9UT61_MAN1_SCHPO__GH-431m	0.057850488	0.0077801207
sp_Q9UUZ3_MANBA_ASPNG__GH	0.79396975	0.04540229
sp_Q9UUZ3_MANBA_ASPNG__GH-373m	0.11626456	0.029998042
sp_A0A0A2J9B0_LYS11_PENEN__GH	0.5632061	0.057295684
sp_A0A0A2J9B0_LYS11_PENEN__GH-447m	0.06371286	0.0051714717
sp_A0A0A2JVV3_LYS18_PENEN__GH	0.054397173	0.016924065
sp_A0A0A2JVV3_LYS18_PENEN__GH-578m	0.085135184	0.01651662
sp_A0A401ETL2_EXGAL_BIFL2__GH	0.871799	0.09171673
sp_A0A401ETL2_EXGAL_BIFL2__GH-606m	0.37864125	0.22125384
sp_A0KQH4_BGAL_AERHH__GH	0.9269128	0.017383866
sp_A0KQH4_BGAL_AERHH__GH-410m	0.08249371	0.0109375985
sp_A1A831_BGAL_ECOK1__GH	0.95144284	0.0078910915
sp_A1A831_BGAL_ECOK1__GH-410m	0.047768272	0.0058908225
sp_A1CA51_BGLI_ASPCL__GH	0.8776391	0.051731214
sp_A1CA51_BGLI_ASPCL__GH-336m	0.04867951	0.010204308
sp_A1CE56_BGALC_ASPCL__GH	0.86897486	0.0581329
sp_A1CE56_BGALC_ASPCL__GH-394m	0.05416558	0.012065106
sp_A1CGA8_MANBB_ASPCL__GH	0.8866054	0.045526166
sp_A1CGA8_MANBB_ASPCL__GH-338m	0.053159267	0.006183533
sp_A1CMH6_BGLE_ASPCL__GH	0.696193	0.061030783
sp_A1CMH6_BGLE_ASPCL__GH-420m	0.12647161	0.0187249
sp_A1CNK4_AGDC_ASPCL__GH	0.6935708	0.061103515
sp_A1CNK4_AGDC_ASPCL__GH-355m	0.045224972	0.005671455
sp_A1CR85_BGLA_ASPCL__GH	0.7757143	0.0778016
sp_A1CR85_BGLA_ASPCL__GH-347m	0.3262535	0.057831436
sp_A1CTI3_EXGD_ASPCL__GH	0.54810864	0.05804139
sp_A1CTI3_EXGD_ASPCL__GH-332m	0.036037423	0.0035966567
sp_A1CTM5_MANBA_ASPCL__GH	0.90800077	0.014566786
sp_A1CTM5_MANBA_ASPCL__GH-373m	0.07509457	0.019107299
sp_A1CUR8_BGLH_ASPCL__GH	0.9296521	0.03368538
sp_A1CUR8_BGLH_ASPCL__GH-332m	0.056456637	0.008762725
sp_A1D199_BGALB_NEOFI__GH	0.90849817	0.026631914
sp_A1D199_BGALB_NEOFI__GH-406m	0.09724966	0.020364324
sp_A1D1E6_AGDC_NEOFI__GH	0.3440011	0.08223455
sp_A1D1E6_AGDC_NEOFI__GH-353m	0.085881166	0.010792266
sp_A1D1Z9_BGALA_NEOFI__GH	0.90755033	0.027345082
sp_A1D1Z9_BGALA_NEOFI__GH-403m	0.10781644	0.022202626
sp_A1D451_BGLA_NEOFI__GH	0.9451828	0.015197304
sp_A1D451_BGLA_NEOFI__GH-350m	0.07508774	0.019409405
sp_A1D911_MANBB_NEOFI__GH	0.9466063	0.023813464
sp_A1D911_MANBB_NEOFI__GH-338m	0.051208477	0.0060260063
sp_A1DC16_BGLG_NEOFI__GH	0.6076027	0.073366165
sp_A1DC16_BGLG_NEOFI__GH-327m	0.30122083	0.07699843
sp_A1DFA8_BGLI_NEOFI__GH	0.8686985	0.065290734
sp_A1DFA8_BGLI_NEOFI__GH-336m	0.06116113	0.011015957
sp_A1DJ58_BGALE_NEOFI__GH	0.9572632	0.007512514
sp_A1DJ58_BGALE_NEOFI__GH-405m	0.03792148	0.0054807235
sp_A1DLJ5_BGLE_NEOFI__GH	0.8006342	0.052434582
sp_A1DLJ5_BGLE_NEOFI__GH-418m	0.029195836	0.002204074
sp_A1DM65_BGALC_NEOFI__GH	0.89914715	0.06530883
sp_A1DM65_BGALC_NEOFI__GH-394m	0.118525624	0.025342925
sp_A1DMR8_BGLF_NEOFI__GH	0.7007411	0.11045791
sp_A1DMR8_BGLF_NEOFI__GH-348m	0.12546685	0.018334504
sp_A1DMT2_MANBA_NEOFI__GH	0.77578545	0.032527015
sp_A1DMT2_MANBA_NEOFI__GH-372m	0.061634682	0.011854378
sp_A1DMX4_EXGD_NEOFI__GH	0.6842588	0.046882756
sp_A1DMX4_EXGD_NEOFI__GH-334m	0.053471606	0.008129203
sp_A1DNN8_BGLJ_NEOFI__GH	0.8858986	0.03493893
sp_A1DNN8_BGLJ_NEOFI__GH-346m	0.03438154	0.0068807187
sp_A1DPG0_BGLH_NEOFI__GH	0.9419897	0.024003636
sp_A1DPG0_BGLH_NEOFI__GH-332m	0.038651004	0.005663837
sp_A1JTC4_BGAL_YERE8__GH	0.92493945	0.017525878
sp_A1JTC4_BGAL_YERE8__GH-420m	0.030261815	0.0033413582
sp_A1SWB8_BGAL_PSYIN__GH	0.8953434	0.030844834
sp_A1SWB8_BGAL_PSYIN__GH-414m	0.03504126	0.004411969
sp_A2QA64_BGALB_ASPNC__GH	0.9466427	0.014345612
sp_A2QA64_BGALB_ASPNC__GH-407m	0.10972959	0.02624312
sp_A2QL84_BGALC_ASPNC__GH	0.8446778	0.060635407
sp_A2QL84_BGALC_ASPNC__GH-398m	0.23831415	0.064559914
sp_A2QWU9_MANBA_ASPNC__GH	0.8150943	0.04403603
sp_A2QWU9_MANBA_ASPNC__GH-373m	0.14405908	0.045310784
sp_A2QX52_EXGD_ASPNC__GH	0.39298764	0.046189472
sp_A2QX52_EXGD_ASPNC__GH-332m	0.08147997	0.008685338
sp_A2R989_BGLI_ASPNC__GH	0.75927657	0.06794444
sp_A2R989_BGLI_ASPNC__GH-328m	0.019178677	0.00416913
sp_A2RAL4_BGLA_ASPNC__GH	0.87717676	0.034167178
sp_A2RAL4_BGLA_ASPNC__GH-344m	0.19533992	0.039788123
sp_A4TLL5_BGAL_YERPP__GH	0.9255608	0.018673142
sp_A4TLL5_BGAL_YERPP__GH-424m	0.059625674	0.009610168
sp_A4W7D2_BGAL_ENT38__GH	0.9505399	0.009684527
sp_A4W7D2_BGAL_ENT38__GH-412m	0.12056676	0.01729038
sp_A5F5U6_BGAL_VIBC3__GH	0.93121517	0.022987656
sp_A5F5U6_BGAL_VIBC3__GH-410m	0.03525815	0.0046035047
sp_A6RPN7_BGALB_BOTFB__GH	0.9097434	0.021160383
sp_A6RPN7_BGALB_BOTFB__GH-403m	0.12542109	0.025414372
sp_A6T8X0_BGAL1_KLEP7__GH	0.9574188	0.012439846
sp_A6T8X0_BGAL1_KLEP7__GH-414m	0.07415169	0.009675172
sp_A6TI29_BGAL2_KLEP7__GH	0.9438597	0.010102167
sp_A6TI29_BGAL2_KLEP7__GH-410m	0.06756167	0.008635582
sp_A6VP15_GLGB_ACTSZ__GH	0.9512345	0.015118298
sp_A6VP15_GLGB_ACTSZ__GH-332m	0.24709928	0.042196967
sp_A7EBU5_BGALB_SCLS1__GH	0.6016153	0.10974482
sp_A7EBU5_BGALB_SCLS1__GH-404m	0.11565913	0.026766956
sp_A7EZS5_BGALC_SCLS1__GH	0.55097806	0.17353907
sp_A7EZS5_BGALC_SCLS1__GH-394m	0.12598342	0.030968238
sp_A7FH78_BGAL_YERP3__GH	0.9251688	0.019571995
sp_A7FH78_BGAL_YERP3__GH-427m	0.024994409	0.0028237652
sp_A7KGA5_BGAL2_KLEPN__GH	0.9474686	0.009149027
sp_A7KGA5_BGAL2_KLEPN__GH-410m	0.059319925	0.007635685
sp_A7MN76_BGAL_CROS8__GH	0.97515804	0.0035479
sp_A7MN76_BGAL_CROS8__GH-418m	0.11173506	0.011876036
sp_A7ZI91_BGAL_ECO24__GH	0.94999665	0.008893613
sp_A7ZI91_BGAL_ECO24__GH-410m	0.041452236	0.0043966235
sp_A7ZWZ1_BGAL_ECOHS__GH	0.9511275	0.00861452
sp_A7ZWZ1_BGAL_ECOHS__GH-410m	0.039221443	0.0042177094
sp_A8AKB8_BGAL_CITK8__GH	0.8391924	0.025159968
sp_A8AKB8_BGAL_CITK8__GH-410m	0.10204693	0.012600166
sp_A8GGN3_BGAL_SERP5__GH	0.97419035	0.007918846
sp_A8GGN3_BGAL_SERP5__GH-412m	0.024086835	0.0035242403
sp_A9MQ82_BGAL_SALAR__GH	0.95768946	0.009985054
sp_A9MQ82_BGAL_SALAR__GH-410m	0.047042258	0.008176842
sp_A9R0J8_BGAL_YERPG__GH	0.78498894	0.04176015
sp_A9R0J8_BGAL_YERPG__GH-420m	0.0646971	0.0077099022
sp_A9WNA0_GH101_RENSM__GH	0.92995703	0.020691963
sp_A9WNA0_GH101_RENSM__GH-604m	0.053707518	0.007919425
sp_B0UU89_GLGB_HISS2__GH	0.9221737	0.022377811
sp_B0UU89_GLGB_HISS2__GH-326m	0.28916606	0.058229703
sp_B0XM94_BGLH_ASPFC__GH	0.932747	0.02612954
sp_B0XM94_BGLH_ASPFC__GH-332m	0.038640697	0.0053713834
sp_B0XMP7_BGALA_ASPFC__GH	0.9300612	0.01893897
sp_B0XMP7_BGALA_ASPFC__GH-403m	0.09788368	0.019509317
sp_B0XNL6_AGDC_ASPFC__GH	0.27284822	0.07928607
sp_B0XNL6_AGDC_ASPFC__GH-353m	0.09559931	0.013852677
sp_B0XNY2_BGALB_ASPFC__GH	0.8713282	0.037142847
sp_B0XNY2_BGALB_ASPFC__GH-406m	0.05459442	0.014548072
sp_B0XPE1_BGLA_ASPFC__GH	0.9459559	0.014253488
sp_B0XPE1_BGLA_ASPFC__GH-350m	0.0876347	0.022555668
sp_B0XXE7_BGALE_ASPFC__GH	0.9577718	0.011396658
sp_B0XXE7_BGALE_ASPFC__GH-405m	0.040400844	0.0063961674
sp_B0Y3M6_BGLI_ASPFC__GH	0.8850702	0.055060126
sp_B0Y3M6_BGLI_ASPFC__GH-336m	0.056884192	0.01095
sp_B0Y752_BGALC_ASPFC__GH	0.8957413	0.06544446
sp_B0Y752_BGALC_ASPFC__GH-394m	0.10687456	0.020539735
sp_B0Y7Q8_BGLF_ASPFC__GH	0.7711012	0.09362393
sp_B0Y7Q8_BGLF_ASPFC__GH-348m	0.11972408	0.017957581
sp_B0Y7S2_MANBA_ASPFC__GH	0.75431883	0.033846572
sp_B0Y7S2_MANBA_ASPFC__GH-371m	0.06344326	0.011369636
sp_B0Y7W2_EXGD_ASPFC__GH	0.6656566	0.047856368
sp_B0Y7W2_EXGD_ASPFC__GH-334m	0.03309862	0.0075003207
sp_B0Y8M8_BGLJ_ASPFC__GH	0.9592331	0.01716097
sp_B0Y8M8_BGLJ_ASPFC__GH-346m	0.021614071	0.005396029
sp_B0YD91_BGLE_ASPFC__GH	0.75053436	0.061813753
sp_B0YD91_BGLE_ASPFC__GH-414m	0.072405264	0.014395974
sp_B1J0T5_BGAL_ECOLC__GH	0.954117	0.009399035
sp_B1J0T5_BGAL_ECOLC__GH-410m	0.043908913	0.004182982
sp_B1JI86_BGAL_YERPY__GH	0.9291363	0.018187413
sp_B1JI86_BGAL_YERPY__GH-427m	0.02333708	0.0026150465
sp_B1LIM9_BGAL_ECOSM__GH	0.954034	0.010035419
sp_B1LIM9_BGAL_ECOSM__GH-410m	0.047869153	0.005346685
sp_B2K6E6_BGAL_YERPB__GH	0.9291363	0.018187413
sp_B2K6E6_BGAL_YERPB__GH-427m	0.02333708	0.0026150465
sp_B2VHN8_BGAL_ERWT9__GH	0.9727354	0.0071989805
sp_B2VHN8_BGAL_ERWT9__GH-411m	0.072816424	0.0123388525
sp_B2W791_BGALB_PYRTR__GH	0.93819225	0.01602639
sp_B2W791_BGALB_PYRTR__GH-404m	0.31594336	0.05578939
sp_B4S2K9_BGAL_ALTMD__GH	0.9612673	0.012114372
sp_B4S2K9_BGAL_ALTMD__GH-417m	0.0375048	0.005207246
sp_B5XQY2_BGAL_KLEP3__GH	0.95203114	0.014459747
sp_B5XQY2_BGAL_KLEP3__GH-414m	0.06337397	0.008274068
sp_B5Z2P7_BGAL_ECO5E__GH	0.94510496	0.010603247
sp_B5Z2P7_BGAL_ECO5E__GH-410m	0.049557813	0.005714146
sp_B6GW04_BGALB_PENRW__GH	0.9432017	0.019786397
sp_B6GW04_BGALB_PENRW__GH-406m	0.09280818	0.027514739
sp_B6H5X9_BGALC_PENRW__GH	0.8842691	0.04083589
sp_B6H5X9_BGALC_PENRW__GH-393m	0.07943916	0.013188748
sp_B6QHA9_BGALC_TALMQ__GH	0.9332957	0.025232127
sp_B6QHA9_BGALC_TALMQ__GH-400m	0.17985353	0.03126637
sp_B6QLF0_BGALB_TALMQ__GH	0.9203275	0.026353315
sp_B6QLF0_BGALB_TALMQ__GH-404m	0.07337299	0.008363312
sp_B7N8Q1_BGAL_ECOLU__GH	0.94838554	0.010087406
sp_B7N8Q1_BGAL_ECOLU__GH-410m	0.05311691	0.005943004
sp_B7UJI9_BGAL_ECO27__GH	0.95295906	0.008762209
sp_B7UJI9_BGAL_ECO27__GH-410m	0.04476005	0.0043615475
sp_B8MZ41_AGDC_ASPFN__GH	0.22131947	0.044379454
sp_B8MZ41_AGDC_ASPFN__GH-351m	0.12399687	0.023984246
sp_B8N2I5_BGALC_ASPFN__GH	0.8779219	0.061389513
sp_B8N2I5_BGALC_ASPFN__GH-394m	0.17551723	0.045700014
sp_B8N6V7_BGALA_ASPFN__GH	0.8931055	0.037552226
sp_B8N6V7_BGALA_ASPFN__GH-402m	0.0797993	0.0126353735
sp_B8NDE2_BGLI_ASPFN__GH	0.8534894	0.06900581
sp_B8NDE2_BGLI_ASPFN__GH-336m	0.04332457	0.0062490245
sp_B8NKI4_BGALB_ASPFN__GH	0.96509916	0.010689954
sp_B8NKI4_BGALB_ASPFN__GH-408m	0.17699456	0.046330582
sp_B8NMR5_BGLG_ASPFN__GH	0.6783675	0.05833319
sp_B8NMR5_BGLG_ASPFN__GH-326m	0.16426632	0.0357318
sp_B8NNK9_EXGD_ASPFN__GH	0.613774	0.051078986
sp_B8NNK9_EXGD_ASPFN__GH-333m	0.05978064	0.00776267
sp_B8NP65_BGLF_ASPFN__GH	0.6855699	0.07644245
sp_B8NP65_BGLF_ASPFN__GH-347m	0.08169976	0.018581575
sp_B8NP78_MANBA_ASPFN__GH	0.6663145	0.06946121
sp_B8NP78_MANBA_ASPFN__GH-366m	0.15649787	0.03341042
sp_B8NPL7_BGLH_ASPFN__GH	0.846937	0.07357808
sp_B8NPL7_BGLH_ASPFN__GH-331m	0.027655642	0.0063250572
sp_B8NRX2_BGLA_ASPFN__GH	0.9208096	0.026497498
sp_B8NRX2_BGLA_ASPFN__GH-345m	0.2585476	0.05004529
sp_B8QGZ3_BGALA_PENEN__GH	0.6772517	0.124615125
sp_B8QGZ3_BGALA_PENEN__GH-405m	0.056017417	0.009760934
sp_B9F676_GLU2A_ORYSJ__GH	0.5631906	0.041129045
sp_B9F676_GLU2A_ORYSJ__GH-368m	0.061651092	0.0068171187
sp_B9K7M6_CBPA_THENN__GH	0.92067087	0.020297857
sp_B9K7M6_CBPA_THENN__GH-326m	0.101544775	0.010456102
sp_C0LRA7_EBDG_HYPVI__GH	0.9252855	0.0226329
sp_C0LRA7_EBDG_HYPVI__GH-356m	0.109313145	0.021285834
sp_C0STH4_XYND_ASPAC__GH	0.3750693	0.045798127
sp_C0STH4_XYND_ASPAC__GH-322m	0.07691054	0.014224327
sp_D0VKF5_BGLA_ASPTE__GH	0.96137893	0.01522148
sp_D0VKF5_BGLA_ASPTE__GH-345m	0.2272751	0.033303875
sp_D4AN50_BGLA_ARTBC__GH	0.84181803	0.036014225
sp_D4AN50_BGLA_ARTBC__GH-328m	0.3226389	0.048292655
sp_D4AUH1_EBDG_ARTBC__GH	0.91478264	0.020304298
sp_D4AUH1_EBDG_ARTBC__GH-353m	0.07206701	0.01064857
sp_D4B0X3_AGD1_ARTBC__GH	0.82639325	0.026073914
sp_D4B0X3_AGD1_ARTBC__GH-346m	0.08332862	0.010391718
sp_D4B5H9_ATC1_ARTBC__GH	0.8473835	0.039245
sp_D4B5H9_ATC1_ARTBC__GH-422m	0.08065134	0.015983768
sp_F4J6T7_XYL2_ARATH__GH	0.40845442	0.0726119
sp_F4J6T7_XYL2_ARATH__GH-348m	0.038777355	0.00703889
sp_H2A0L6_HEX_PINMG__GH	0.81344575	0.03120407
sp_H2A0L6_HEX_PINMG__GH-454m	0.035903573	0.0047952943
sp_O00906_AGLU_TETPY__GH	0.93454486	0.012172898
sp_O00906_AGLU_TETPY__GH-370m	0.04298132	0.004999176
sp_O04893_AGLU_SPIOL__GH	0.49679285	0.051256143
sp_O04893_AGLU_SPIOL__GH-362m	0.053090584	0.008205202
sp_O42814_AGUA_ASPTU__GH	0.42913872	0.08661654
sp_O42814_AGUA_ASPTU__GH-337m	0.037439615	0.007470976
sp_O69230_XYNC_PAEBA__GH	0.9684265	0.008927353
sp_O69230_XYNC_PAEBA__GH-435m	0.092919305	0.01065296
sp_O74851_ADG3_SCHPO__GH	0.52247953	0.07153571
sp_O74851_ADG3_SCHPO__GH-453m	0.04414007	0.008910954
sp_P06219_BGAL1_KLEPN__GH	0.9404458	0.014146212
sp_P06219_BGAL1_KLEPN__GH-414m	0.06371124	0.011046341
sp_P06835_BGLS_WICAO__GH	0.26880234	0.11988956
sp_P06835_BGLS_WICAO__GH-330m	0.037302334	0.0066129607
sp_P07206_PULA_KLEPN__GH	0.9623922	0.0064131673
sp_P07206_PULA_KLEPN__GH-436m	0.059111137	0.008698226
sp_P07337_BGLS_KLUMA__GH	0.9044588	0.06133938
sp_P07337_BGLS_KLUMA__GH-338m	0.038125645	0.005143477
sp_P0C1Y0_BGAL_LACDE__GH	0.96984875	0.008107383
sp_P0C1Y0_BGAL_LACDE__GH-403m	0.03351184	0.0041203927
sp_P0DXG1_AAASE_BIFPS__GH	0.96673614	0.012991368
sp_P0DXG1_AAASE_BIFPS__GH-391m	0.037107028	0.004469055
sp_P10474_GUNB_CALSA__GH	0.9622157	0.01008508
sp_P10474_GUNB_CALSA__GH-416m	0.109977126	0.017305115
sp_P10476_GUNA_CELJU__GH	0.9524995	0.008025789
sp_P10476_GUNA_CELJU__GH-385m	0.13551137	0.028626727
sp_P10478_XYNZ_ACET2__GH	0.9062794	0.02718111
sp_P10478_XYNZ_ACET2__GH-335m	0.15624021	0.01956661
sp_P11001_GTF1_STRDO__GH	0.9123594	0.037209265
sp_P11001_GTF1_STRDO__GH-639m	0.10894446	0.038959358
sp_P16084_BGLS_BUTFI__GH	0.9515008	0.011078137
sp_P16084_BGLS_BUTFI__GH-332m	0.23919842	0.039144777
sp_P16950_APU_THETY__GH	0.9281543	0.017449183
sp_P16950_APU_THETY__GH-590m	0.15120296	0.04463993
sp_P19424_GUN_BACS6__GH	0.96653205	0.010220876
sp_P19424_GUN_BACS6__GH-377m	0.055020235	0.00669085
sp_P21139_MA2C1_RAT__GH	0.40693265	0.051010042
sp_P21139_MA2C1_RAT__GH-416m	0.014818323	0.0028673224
sp_P22506_BGL1_SACFI__GH	0.6010784	0.16895919
sp_P22506_BGL1_SACFI__GH-351m	0.06512988	0.008862802
sp_P22507_BGL2_SACFI__GH	0.781913	0.07924176
sp_P22507_BGL2_SACFI__GH-352m	0.06195267	0.009401479
sp_P22861_AMYG_SCHOC__GH	0.84064084	0.032112304
sp_P22861_AMYG_SCHOC__GH-384m	0.046639938	0.005518659
sp_P23659_GUNZ_THEST__GH	0.896	0.031978454
sp_P23659_GUNZ_THEST__GH-395m	0.050304454	0.008108017
sp_P26221_GUN4_THEFU__GH	0.97349155	0.01109314
sp_P26221_GUN4_THEFU__GH-352m	0.166843	0.03832894
sp_P26225_GUNB_CELFI__GH	0.97600925	0.004086145
sp_P26225_GUNB_CELFI__GH-418m	0.13578834	0.041219514
sp_P27034_BGLS_RHIRD__GH	0.85123605	0.0871015
sp_P27034_BGLS_RHIRD__GH-328m	0.032589693	0.0063105403
sp_P27470_GTF2_STRDO__GH	0.9530285	0.021721395
sp_P27470_GTF2_STRDO__GH-637m	0.051708948	0.015039696
sp_P29064_AGLU_CANTS__GH	0.822152	0.036386557
sp_P29064_AGLU_CANTS__GH-428m	0.126607	0.03156535
sp_P29126_XYNA_RUMFL__GH	0.97508496	0.005632552
sp_P29126_XYNA_RUMFL__GH-382m	0.08249454	0.014470713
sp_P29767_NANH_CLOSE__GH	0.94383943	0.013076732
sp_P29767_NANH_CLOSE__GH-406m	0.08333395	0.009477474
sp_P29853_BGAL_ASPNG__GH	0.7001648	0.09523105
sp_P29853_BGAL_ASPNG__GH-403m	0.06853567	0.007535839
sp_P30269_AMY_BUTFI__GH	0.96167624	0.017866924
sp_P30269_AMY_BUTFI__GH-391m	0.20465212	0.04406187
sp_P36905_APU_THESA__GH	0.9376094	0.016815607
sp_P36905_APU_THESA__GH-512m	0.109336376	0.018941598
sp_P48825_BGL1_ASPAC__GH	0.9342474	0.025111899
sp_P48825_BGL1_ASPAC__GH-344m	0.122099444	0.025927184
sp_P48980_BGAL_SOLLC__GH	0.688392	0.057356134
sp_P48980_BGAL_SOLLC__GH-334m	0.092687175	0.018308997
sp_P49610_STRH_STRPN__GH	0.97149086	0.010529105
sp_P49610_STRH_STRPN__GH-525m	0.09183605	0.016409751
sp_P50900_GUX2_THES1__GH	0.9531186	0.012196324
sp_P50900_GUX2_THES1__GH-366m	0.18728736	0.045762397
sp_P51584_XYNY_ACETH__GH	0.9398616	0.019468958
sp_P51584_XYNY_ACETH__GH-431m	0.034568667	0.004249764
sp_P52494_TREA_CANAX__GH	0.80094945	0.08338147
sp_P52494_TREA_CANAX__GH-363m	0.042050295	0.0056235944
sp_P54746_MNGB_ECOLI__GH	0.9237348	0.018483995
sp_P54746_MNGB_ECOLI__GH-351m	0.06012823	0.007537809
sp_P86956_HEX_PINMA__GH	0.7406391	0.0434045
sp_P86956_HEX_PINMA__GH-452m	0.051934224	0.0066040396
sp_P87076_BGLA_ASPKW__GH	0.9087227	0.029878372
sp_P87076_BGLA_ASPKW__GH-344m	0.16380751	0.03423777
sp_P94286_CTA1_NIACI__GH	0.9382005	0.014900762
sp_P94286_CTA1_NIACI__GH-389m	0.16934708	0.032890778
sp_P9WN15_Y2006_MYCTU__GH	0.9288918	0.013305142
sp_P9WN15_Y2006_MYCTU__GH-531m	0.04691591	0.006498008
sp_Q03WL0_BGAL_LEUMM__GH	0.91995466	0.022979805
sp_Q03WL0_BGAL_LEUMM__GH-415m	0.14536725	0.033716395
sp_Q04786_HEX_VIBVL__GH	0.836685	0.04311401
sp_Q04786_HEX_VIBVL__GH-339m	0.43384165	0.040904306
sp_Q04F24_BGAL_OENOB__GH	0.93277824	0.018530441
sp_Q04F24_BGAL_OENOB__GH-413m	0.3276718	0.047840774
sp_Q09901_YAJ1_SCHPO__GH	0.38652644	0.080734424
sp_Q09901_YAJ1_SCHPO__GH-398m	0.05509125	0.009019216
sp_Q0CAF5_BGLI_ASPTN__GH	0.8914369	0.05738641
sp_Q0CAF5_BGLI_ASPTN__GH-336m	0.029951254	0.005201964
sp_Q0CCA0_MANBB_ASPTN__GH	0.9228056	0.02454955
sp_Q0CCA0_MANBB_ASPTN__GH-338m	0.045866497	0.0047155595
sp_Q0CHZ8_EXGD_ASPTN__GH	0.66851056	0.050621
sp_Q0CHZ8_EXGD_ASPTN__GH-336m	0.030713981	0.005481892
sp_Q0CI48_MANBA_ASPTN__GH	0.62555945	0.057153743
sp_Q0CI48_MANBA_ASPTN__GH-373m	0.13856643	0.04021929
sp_Q0CI67_BGLF_ASPTN__GH	0.871328	0.05863161
sp_Q0CI67_BGLF_ASPTN__GH-347m	0.088010326	0.012779605
sp_Q0CMA7_AGDC_ASPTN__GH	0.26506126	0.045685645
sp_Q0CMA7_AGDC_ASPTN__GH-352m	0.19205895	0.044786043
sp_Q0CMF3_BGALB_ASPTN__GH	0.85582	0.03924992
sp_Q0CMF3_BGALB_ASPTN__GH-409m	0.07327527	0.022661444
sp_Q0CTD7_BGLA_ASPTN__GH	0.9554536	0.01771206
sp_Q0CTD7_BGLA_ASPTN__GH-345m	0.22771314	0.035839655
sp_Q0CUC1_BGLG_ASPTN__GH	0.79233825	0.057472285
sp_Q0CUC1_BGLG_ASPTN__GH-327m	0.29524255	0.062221378
sp_Q0I3H7_GLGB_HISS1__GH	0.9203857	0.02272698
sp_Q0I3H7_GLGB_HISS1__GH-323m	0.1077438	0.00994404
sp_Q0INM3_BGA15_ORYSJ__GH	0.6668679	0.044653855
sp_Q0INM3_BGA15_ORYSJ__GH-368m	0.037837647	0.006945177
sp_Q0IZZ8_BGA12_ORYSJ__GH	0.62343824	0.052895
sp_Q0IZZ8_BGA12_ORYSJ__GH-365m	0.043797173	0.005799561
sp_Q0JRK4_CGLA_PSEVC__GH	0.9388111	0.02715246
sp_Q0JRK4_CGLA_PSEVC__GH-377m	0.0592402	0.0069718496
sp_Q0TKT1_BGAL_ECOL5__GH	0.95359915	0.008081559
sp_Q0TKT1_BGAL_ECOL5__GH-410m	0.05077315	0.0055354293
sp_Q10RB4_BGAL5_ORYSJ__GH	0.60488784	0.05422027
sp_Q10RB4_BGAL5_ORYSJ__GH-337m	0.044803698	0.009358515
sp_Q12558_AGLU_ASPOR__GH	0.47750106	0.058225535
sp_Q12558_AGLU_ASPOR__GH-394m	0.045780487	0.006799758
sp_Q18143_CHITL_CAEEL__GH	0.38827717	0.05349051
sp_Q18143_CHITL_CAEEL__GH-427m	0.056460015	0.0067339633
sp_Q1C6T8_BGAL_YERPA__GH	0.9255608	0.018673142
sp_Q1C6T8_BGAL_YERPA__GH-424m	0.059625674	0.009610168
sp_Q1CI76_BGAL_YERPN__GH	0.9255608	0.018673142
sp_Q1CI76_BGAL_YERPN__GH-424m	0.059625674	0.009610168
sp_Q1G9Z4_BGAL_LACDA__GH	0.9687576	0.008293554
sp_Q1G9Z4_BGAL_LACDA__GH-404m	0.026364457	0.0032045157
sp_Q1RFJ2_BGAL_ECOUT__GH	0.95111656	0.008024567
sp_Q1RFJ2_BGAL_ECOUT__GH-410m	0.051769037	0.0056749666
sp_Q1ZXI8_MANE_DICDI__GH	0.83351725	0.038834848
sp_Q1ZXI8_MANE_DICDI__GH-450m	0.09175156	0.009211801
sp_Q2J6Q9_GLGB_FRACC__GH	0.9421266	0.009957665
sp_Q2J6Q9_GLGB_FRACC__GH-325m	0.081407964	0.022083374
sp_Q2T6R3_GLGB_BURTA__GH	0.8468779	0.039433856
sp_Q2T6R3_GLGB_BURTA__GH-334m	0.06343077	0.013250019
sp_Q2U325_BGLG_ASPOR__GH	0.6783675	0.05833319
sp_Q2U325_BGLG_ASPOR__GH-326m	0.16426632	0.0357318
sp_Q2U6P1_BGALB_ASPOR__GH	0.96719825	0.011324125
sp_Q2U6P1_BGALB_ASPOR__GH-409m	0.073573664	0.008889568
sp_Q2U8Y5_BGLI_ASPOR__GH	0.85385025	0.06948424
sp_Q2U8Y5_BGLI_ASPOR__GH-336m	0.038306184	0.0059963358
sp_Q2U9M7_BGLH_ASPOR__GH	0.8619646	0.06999218
sp_Q2U9M7_BGLH_ASPOR__GH-331m	0.027934656	0.0064017945
sp_Q2UMD5_BGALC_ASPOR__GH	0.87525845	0.06412581
sp_Q2UMD5_BGALC_ASPOR__GH-394m	0.17613071	0.046363186
sp_Q2UMV7_EXGD_ASPOR__GH	0.60862976	0.052425217
sp_Q2UMV7_EXGD_ASPOR__GH-333m	0.06673677	0.009258374
sp_Q2UN00_MANBA_ASPOR__GH	0.6662513	0.06905653
sp_Q2UN00_MANBA_ASPOR__GH-366m	0.16314562	0.035984993
sp_Q2UN12_BGLF_ASPOR__GH	0.687724	0.07715644
sp_Q2UN12_BGLF_ASPOR__GH-347m	0.08284	0.018307738
sp_Q2UQV7_AGDC_ASPOR__GH	0.20848568	0.043817725
sp_Q2UQV7_AGDC_ASPOR__GH-351m	0.12061648	0.023394255
sp_Q2UTX5_BGLE_ASPOR__GH	0.6262404	0.06958486
sp_Q2UTX5_BGLE_ASPOR__GH-420m	0.055610396	0.008798056
sp_Q2UUD6_BGLA_ASPOR__GH	0.91874504	0.027536074
sp_Q2UUD6_BGLA_ASPOR__GH-345m	0.2687101	0.051848877
sp_Q2XQU3_BGAL2_ENTCL__GH	0.96165866	0.0065731807
sp_Q2XQU3_BGAL2_ENTCL__GH-412m	0.064517185	0.010070263
sp_Q32JB6_BGAL_SHIDS__GH	0.9441825	0.011159044
sp_Q32JB6_BGAL_SHIDS__GH-410m	0.059806697	0.007193286
sp_Q3MUH7_XG74_PAESP__GH	0.96596795	0.010812838
sp_Q3MUH7_XG74_PAESP__GH-411m	0.21163027	0.05524414
sp_Q3Z583_BGAL_SHISS__GH	0.89521855	0.011649749
sp_Q3Z583_BGAL_SHISS__GH-410m	0.04446592	0.003928888
sp_Q43763_AGLU_HORVU__GH	0.7198826	0.042423934
sp_Q43763_AGLU_HORVU__GH-351m	0.042703025	0.008106921
sp_Q47077_BGAL1_ENTCL__GH	0.9784458	0.0038131778
sp_Q47077_BGAL1_ENTCL__GH-412m	0.03557057	0.0046349675
sp_Q48727_BGAL_LACLA__GH	0.93583804	0.01819677
sp_Q48727_BGAL_LACLA__GH-400m	0.059248537	0.0065441914
sp_Q4WAH4_MANBB_ASPFU__GH	0.95349824	0.019595694
sp_Q4WAH4_MANBB_ASPFU__GH-338m	0.056672234	0.0055725225
sp_Q4WD56_BGLE_ASPFU__GH	0.75053436	0.061813753
sp_Q4WD56_BGLE_ASPFU__GH-414m	0.072405264	0.014395974
sp_Q4WG05_BGALE_ASPFU__GH	0.9577719	0.011396738
sp_Q4WG05_BGALE_ASPFU__GH-405m	0.040400796	0.0063961265
sp_Q4WJJ3_BGLA_ASPFU__GH	0.9470142	0.014302416
sp_Q4WJJ3_BGLA_ASPFU__GH-350m	0.08809171	0.022766588
sp_Q4WL79_BGLH_ASPFU__GH	0.9358803	0.024652543
sp_Q4WL79_BGLH_ASPFU__GH-332m	0.03883449	0.00540279
sp_Q4WLY1_BGLJ_ASPFU__GH	0.95940685	0.017284308
sp_Q4WLY1_BGLJ_ASPFU__GH-346m	0.020521417	0.0051751416
sp_Q4WMP0_EXGD_ASPFU__GH	0.6656566	0.047856368
sp_Q4WMP0_EXGD_ASPFU__GH-334m	0.03309862	0.0075003207
sp_Q4WMS9_MANBA_ASPFU__GH	0.7656665	0.032203913
sp_Q4WMS9_MANBA_ASPFU__GH-371m	0.06942837	0.012625603
sp_Q4WMU3_BGLF_ASPFU__GH	0.7692501	0.09393674
sp_Q4WMU3_BGLF_ASPFU__GH-348m	0.112608	0.01782077
sp_Q4WNE4_BGALC_ASPFU__GH	0.8957413	0.06544446
sp_Q4WNE4_BGALC_ASPFU__GH-394m	0.10687456	0.020539735
sp_Q4WRD3_BGALB_ASPFU__GH	0.8713282	0.037142847
sp_Q4WRD3_BGALB_ASPFU__GH-406m	0.05459442	0.014548072
sp_Q4WRH9_AGDC_ASPFU__GH	0.27284822	0.07928607
sp_Q4WRH9_AGDC_ASPFU__GH-353m	0.09559931	0.013852677
sp_Q4WS33_BGALA_ASPFU__GH	0.9347043	0.016868377
sp_Q4WS33_BGALA_ASPFU__GH-403m	0.09622501	0.018975815
sp_Q4WU49_BGLI_ASPFU__GH	0.88571376	0.053226136
sp_Q4WU49_BGLI_ASPFU__GH-336m	0.058829106	0.011344503
sp_Q4WW45_AGUA_ASPFU__GH	0.2612207	0.08190291
sp_Q4WW45_AGUA_ASPFU__GH-336m	0.15159898	0.025421908
sp_Q4ZHV7_BGALA_ASPPH__GH	0.88019454	0.044628248
sp_Q4ZHV7_BGALA_ASPPH__GH-403m	0.03944702	0.0048753954
sp_Q54443_DEXT_STRMU__GH	0.6404782	0.046894565
sp_Q54443_DEXT_STRMU__GH-340m	0.098477475	0.011931433
sp_Q54KN4_MANF_DICDI__GH	0.6124623	0.10711188
sp_Q54KN4_MANF_DICDI__GH-398m	0.037236348	0.004420149
sp_Q54YF7_MANB_DICDI__GH	0.7123186	0.049309075
sp_Q54YF7_MANB_DICDI__GH-414m	0.04156278	0.0044499747
sp_Q55ER0_MANC_DICDI__GH	0.37506855	0.12908083
sp_Q55ER0_MANC_DICDI__GH-432m	0.09688596	0.012929572
sp_Q59140_BGAL_ARTSB__GH	0.9713165	0.008085606
sp_Q59140_BGAL_ARTSB__GH-406m	0.53569686	0.08928719
sp_Q5AQZ4_AGUA_EMENI__GH	0.89888096	0.03012069
sp_Q5AQZ4_AGUA_EMENI__GH-339m	0.064645246	0.00800493
sp_Q5AU81_AFCA_EMENI__GH	0.6046798	0.053933084
sp_Q5AU81_AFCA_EMENI__GH-324m	0.39759856	0.041440796
sp_Q5AV15_BGLJ_EMENI__GH	0.87872475	0.027705127
sp_Q5AV15_BGLJ_EMENI__GH-340m	0.07039976	0.010041658
sp_Q5AYH8_BGLE_EMENI__GH	0.86893386	0.03253958
sp_Q5AYH8_BGLE_EMENI__GH-410m	0.07364246	0.00495945
sp_Q5B0F4_BGLG_EMENI__GH	0.9196873	0.021005318
sp_Q5B0F4_BGLG_EMENI__GH-328m	0.14198005	0.022041328
sp_Q5B5S8_BGLA_EMENI__GH	0.9598101	0.009552647
sp_Q5B5S8_BGLA_EMENI__GH-346m	0.05864545	0.011797693
sp_Q5B6C6_BGLF_EMENI__GH	0.5685077	0.07336072
sp_Q5B6C6_BGLF_EMENI__GH-348m	0.06895091	0.010462297
sp_Q5B6C7_BGLH_EMENI__GH	0.9445051	0.018082868
sp_Q5B6C7_BGLH_EMENI__GH-333m	0.062788464	0.008204263
sp_Q5B7W2_MANBB_EMENI__GH	0.87038964	0.038363624
sp_Q5B7W2_MANBB_EMENI__GH-338m	0.053143628	0.007119627
sp_Q5BA18_BGLK_EMENI__GH	0.9158929	0.031622376
sp_Q5BA18_BGLK_EMENI__GH-336m	0.050500195	0.01100483
sp_Q5BB53_BGLI_EMENI__GH	0.90051126	0.037356775
sp_Q5BB53_BGLI_EMENI__GH-336m	0.040982597	0.007747135
sp_Q5BCI8_MANBA_EMENI__GH	0.5753863	0.06534139
sp_Q5BCI8_MANBA_EMENI__GH-376m	0.051546693	0.0074403435
sp_Q5BD38_XGCA_EMENI__GH	0.95124257	0.008260639
sp_Q5BD38_XGCA_EMENI__GH-324m	0.25311083	0.061208393
sp_Q5BEQ0_BGALB_EMENI__GH	0.86452997	0.04115666
sp_Q5BEQ0_BGALB_EMENI__GH-410m	0.12060964	0.020631308
sp_Q5BFC4_BGALA_EMENI__GH	0.73464787	0.0828868
sp_Q5BFC4_BGALA_EMENI__GH-403m	0.08009453	0.011698977
sp_Q5N8X6_BGAL3_ORYSJ__GH	0.6755885	0.051719036
sp_Q5N8X6_BGAL3_ORYSJ__GH-341m	0.065415554	0.012079087
sp_Q5R7A9_LYAG_PONAB__GH	0.83978003	0.02463037
sp_Q5R7A9_LYAG_PONAB__GH-381m	0.04046464	0.0059188684
sp_Q5RDJ3_MA2B2_PONAB__GH	0.24282047	0.11875397
sp_Q5RDJ3_MA2B2_PONAB__GH-404m	0.07300113	0.012639762
sp_Q60037_XYNA_THEMA__GH	0.9831699	0.0038934075
sp_Q60037_XYNA_THEMA__GH-424m	0.27531597	0.037707362
sp_Q60042_XYNA_THENE__GH	0.96720314	0.007660306
sp_Q60042_XYNA_THENE__GH-422m	0.040081106	0.0038280527
sp_Q60HE9_MA2B1_MACFA__GH	0.54488504	0.063698515
sp_Q60HE9_MA2B1_MACFA__GH-405m	0.0198174	0.0034996665
sp_Q63T93_GLGE_BURPS__GH	0.9825243	0.0064634844
sp_Q63T93_GLGE_BURPS__GH-455m	0.042427756	0.0059785857
sp_Q653V7_AGLU_ORYSJ__GH	0.6865314	0.051159028
sp_Q653V7_AGLU_ORYSJ__GH-354m	0.038924597	0.005872258
sp_Q669R9_BGAL_YERPS__GH	0.9291363	0.018187413
sp_Q669R9_BGAL_YERPS__GH-427m	0.02333708	0.0026150465
sp_Q67VU7_BGA10_ORYSJ__GH	0.9104942	0.018917246
sp_Q67VU7_BGA10_ORYSJ__GH-324m	0.07262999	0.015578269
sp_Q69Q02_DPE2_ORYSJ__GH	0.8352343	0.03960804
sp_Q69Q02_DPE2_ORYSJ__GH-379m	0.059767842	0.00810829
sp_Q6D736_BGAL_PECAS__GH	0.96843225	0.0070961183
sp_Q6D736_BGAL_PECAS__GH-416m	0.035023563	0.0031672267
sp_Q6LL68_BGAL_PHOPR__GH	0.9236747	0.01858383
sp_Q6LL68_BGAL_PHOPR__GH-412m	0.0389018	0.0037463785
sp_Q6ZJJ0_BGA11_ORYSJ__GH	0.59130967	0.037800632
sp_Q6ZJJ0_BGA11_ORYSJ__GH-340m	0.064282775	0.011627963
sp_Q7CIZ3_BGAL_YERPE__GH	0.9255608	0.018673142
sp_Q7CIZ3_BGAL_YERPE__GH-424m	0.059625674	0.009610168
sp_Q7G3T8_BGA13_ORYSJ__GH	0.8054603	0.044975422
sp_Q7G3T8_BGA13_ORYSJ__GH-332m	0.065351956	0.01277417
sp_Q7MG04_BGAL_VIBVY__GH	0.95258677	0.012666807
sp_Q7MG04_BGAL_VIBVY__GH-413m	0.038206823	0.00459255
sp_Q7XFK2_BGA14_ORYSJ__GH	0.8687147	0.024093393
sp_Q7XFK2_BGA14_ORYSJ__GH-324m	0.058655906	0.011227662
sp_Q7Y2C9_EXLYS_BPKMV__GH	0.94169694	0.020338371
sp_Q7Y2C9_EXLYS_BPKMV__GH-360m	0.10456183	0.022178262
sp_Q82JF0_GLGB1_STRAW__GH	0.8976196	0.028926931
sp_Q82JF0_GLGB1_STRAW__GH-336m	0.07903157	0.0088452445
sp_Q8BVW0_GANC_MOUSE__GH	0.7993808	0.04480218
sp_Q8BVW0_GANC_MOUSE__GH-360m	0.034008466	0.0038016557
sp_Q8D4H3_BGAL_VIBVU__GH	0.9574529	0.0105868885
sp_Q8D4H3_BGAL_VIBVU__GH-413m	0.023332316	0.0031237325
sp_Q8FKG6_BGAL_ECOL6__GH	0.95140445	0.008145146
sp_Q8FKG6_BGAL_ECOL6__GH-410m	0.053847313	0.00651563
sp_Q8GX69_BGA16_ARATH__GH	0.5578756	0.11176721
sp_Q8GX69_BGA16_ARATH__GH-326m	0.029340422	0.0050066332
sp_Q8J0D2_CBHRE_GEOS1__GH	0.96912825	0.008483164
sp_Q8J0D2_CBHRE_GEOS1__GH-325m	0.1246256	0.026780238
sp_Q8RUV9_BGAL1_ORYSJ__GH	0.8639507	0.027528413
sp_Q8RUV9_BGAL1_ORYSJ__GH-331m	0.14068541	0.021720326
sp_Q8VNN2_BGAL_ECOLX__GH	0.9622022	0.007815556
sp_Q8VNN2_BGAL_ECOLX__GH-412m	0.016511949	0.0019003806
sp_Q8W0A1_BGAL2_ORYSJ__GH	0.63059676	0.039808407
sp_Q8W0A1_BGAL2_ORYSJ__GH-331m	0.044490352	0.0079762535
sp_Q8X685_BGAL_ECO57__GH	0.9454732	0.010461186
sp_Q8X685_BGAL_ECO57__GH-410m	0.049728934	0.005747126
sp_Q92442_AGLU_MUCJA__GH	0.9169998	0.012854501
sp_Q92442_AGLU_MUCJA__GH-346m	0.15934321	0.030270535
sp_Q92AT0_12OLP_LISIN__GH	0.85357606	0.031757727
sp_Q92AT0_12OLP_LISIN__GH-435m	0.087244935	0.008616141
sp_Q93324_MANBA_CAEEL__GH	0.44549984	0.09795418
sp_Q93324_MANBA_CAEEL__GH-360m	0.062655896	0.006787467
sp_Q99024_AGUA_HYPJE__GH	0.8382719	0.021935655
sp_Q99024_AGUA_HYPJE__GH-339m	0.05026074	0.009550845
sp_Q9C105_YKT4_SCHPO__GH	0.13007943	0.07599532
sp_Q9C105_YKT4_SCHPO__GH-495m	0.068215095	0.020778589
sp_Q9FKW9_MANA3_ARATH__GH	0.74959034	0.04272272
sp_Q9FKW9_MANA3_ARATH__GH-419m	0.028875247	0.0037783342
sp_Q9KER1_MNGB_HALH5__GH	0.9790081	0.005765375
sp_Q9KER1_MNGB_HALH5__GH-359m	0.04441418	0.0068667736
sp_Q9P6J6_BGLS_SCHPO__GH	0.7634436	0.10379697
sp_Q9P6J6_BGLS_SCHPO__GH-333m	0.09567171	0.011553185
sp_Q9SCU8_BGA14_ARATH__GH	0.91742814	0.017510232
sp_Q9SCU8_BGA14_ARATH__GH-355m	0.089123644	0.011900596
sp_Q9SCU9_BGA13_ARATH__GH	0.9589659	0.011616606
sp_Q9SCU9_BGA13_ARATH__GH-340m	0.040661357	0.0049212435
sp_Q9SCV1_BGA11_ARATH__GH	0.92468894	0.01566119
sp_Q9SCV1_BGA11_ARATH__GH-338m	0.0677136	0.005835255
sp_Q9SCV3_BGAL9_ARATH__GH	0.8073165	0.04599005
sp_Q9SCV3_BGAL9_ARATH__GH-355m	0.04780415	0.006692374
sp_Q9SCV4_BGAL8_ARATH__GH	0.9515607	0.014198053
sp_Q9SCV4_BGAL8_ARATH__GH-341m	0.084267035	0.00945118
sp_Q9SCV5_BGAL7_ARATH__GH	0.9143165	0.023289975
sp_Q9SCV5_BGAL7_ARATH__GH-331m	0.15604463	0.015206254
sp_Q9SCW1_BGAL1_ARATH__GH	0.77265346	0.040139895
sp_Q9SCW1_BGAL1_ARATH__GH-339m	0.041822173	0.009244908
sp_Q9SYJ4_RFS4_ARATH__GH	0.45438614	0.03756688
sp_Q9SYJ4_RFS4_ARATH__GH-351m	0.07314817	0.006733073
sp_Q9URX4_YFZB_SCHPO__GH	0.81415623	0.035052773
sp_Q9URX4_YFZB_SCHPO__GH-398m	0.06607404	0.013525981
sp_T2KM09_PLH16_FORAG__GH	0.9574469	0.0066828225
sp_T2KM09_PLH16_FORAG__GH-414m	0.079023674	0.009091539
sp_T2KN75_PLH17_FORAG__GH	0.8171588	0.036281906
sp_T2KN75_PLH17_FORAG__GH-393m	0.054474898	0.006222379
sp_T2KNA8_PLH15_FORAG__GH	0.9432995	0.010607743
sp_T2KNA8_PLH15_FORAG__GH-466m	0.01649087	0.0014954061
sp_A1CC12_AGUA_ASPCL__GH	0.8306362	0.042441595
sp_A1CC12_AGUA_ASPCL__GH-336m	0.16668287	0.025380379
sp_A1DD80_AGUA_NEOFI__GH	0.22501591	0.07785651
sp_A1DD80_AGUA_NEOFI__GH-336m	0.18839623	0.027717073
sp_A2QYN2_MANBB_ASPNC__GH	0.59524316	0.08412846
sp_A2QYN2_MANBB_ASPNC__GH-338m	0.041767754	0.0046363547
sp_A2R3X3_AGUA_ASPNC__GH	0.55164826	0.08104958
sp_A2R3X3_AGUA_ASPNC__GH-337m	0.036929294	0.006442269
sp_A3DCH1_CELK_ACET2__GH	0.90933293	0.03597086
sp_A3DCH1_CELK_ACET2__GH-358m	0.11387867	0.01651712
sp_A3DFA0_XG74_ACET2__GH	0.9596059	0.016674813
sp_A3DFA0_XG74_ACET2__GH-337m	0.35057896	0.064595275
sp_A9US33_GHL3_MONBE__GH	0.5920951	0.06507828
sp_A9US33_GHL3_MONBE__GH-477m	0.08932513	0.0056654424
sp_B0Y2K1_AGUA_ASPFC__GH	0.26378402	0.081943594
sp_B0Y2K1_AGUA_ASPFC__GH-336m	0.15026668	0.024781428
sp_B0YBU9_MANBB_ASPFC__GH	0.95472336	0.019029304
sp_B0YBU9_MANBB_ASPFC__GH-338m	0.058229137	0.005584683
sp_B8NGU1_AGUA_ASPFN__GH	0.49097008	0.12362881
sp_B8NGU1_AGUA_ASPFN__GH-336m	0.17476776	0.03816861
sp_B8NW36_MANBB_ASPFN__GH	0.9022454	0.033748228
sp_B8NW36_MANBB_ASPFN__GH-338m	0.083233066	0.008735296
sp_O06458_TRES_THETH__GH	0.9419435	0.042488854
sp_O06458_TRES_THETH__GH-386m	0.03227687	0.0052405605
sp_O33815_BGAL_STAXY__GH	0.7435852	0.058739677
sp_O33815_BGAL_STAXY__GH-398m	0.024944821	0.002730991
sp_O33840_PULA_THEMA__GH	0.9596141	0.008904671
sp_O33840_PULA_THEMA__GH-338m	0.1767994	0.016991014
sp_O52847_BGAL_PRIM3__GH	0.8222597	0.043026585
sp_O52847_BGAL_PRIM3__GH-414m	0.091632865	0.011506686
sp_O80596_XYN2_ARATH__GH	0.69274795	0.06910883
sp_O80596_XYN2_ARATH__GH-426m	0.032494348	0.004258667
sp_O86365_Y584_MYCTU__GH	0.9612204	0.015678152
sp_O86365_Y584_MYCTU__GH-351m	0.072444566	0.012872593
sp_P00723_BGAL_KLULA__GH	0.86121476	0.03631619
sp_P00723_BGAL_KLULA__GH-410m	0.067262575	0.0082348185
sp_P15885_BGLS_RUMAL__GH	0.9722821	0.00684448
sp_P15885_BGLS_RUMAL__GH-379m	0.047346503	0.006763125
sp_P19570_GUN3_EVAC2__GH	0.9205701	0.038145475
sp_P19570_GUN3_EVAC2__GH-330m	0.05183367	0.011290866
sp_P23989_BGAL_STRTR__GH	0.98841095	0.0043172063
sp_P23989_BGAL_STRTR__GH-411m	0.18152985	0.039752804
sp_P24131_BGAL_CLOAT__GH	0.93923664	0.018510712
sp_P24131_BGAL_CLOAT__GH-359m	0.084685355	0.009624178
sp_P35824_SLAP_NIACI__GH	0.96039665	0.014258131
sp_P35824_SLAP_NIACI__GH-647m	0.03130955	0.0050317966
sp_P38535_XYNX_ACETH__GH	0.9735543	0.007795503
sp_P38535_XYNX_ACETH__GH-435m	0.20714688	0.029920368
sp_P45582_BGAL_ASPOF__GH	0.91024196	0.024636917
sp_P45582_BGAL_ASPOF__GH-333m	0.08085891	0.011989325
sp_P48839_AGAA_VIBS7__GH	0.9825554	0.007680597
sp_P48839_AGAA_VIBS7__GH-398m	0.15539265	0.036833033
sp_P48840_AGAB_VIBS7__GH	0.98199177	0.010179751
sp_P48840_AGAB_VIBS7__GH-382m	0.32087764	0.06526944
sp_P49676_BGAL_BRAOL__GH	0.88064766	0.030773798
sp_P49676_BGAL_BRAOL__GH-332m	0.08395183	0.013876561
sp_P70753_BGAL_ACTPL__GH	0.823048	0.03511731
sp_P70753_BGAL_ACTPL__GH-402m	0.021069052	0.0030471513
sp_P70873_CTA2_NIACI__GH	0.92436016	0.020009276
sp_P70873_CTA2_NIACI__GH-386m	0.51313287	0.054539025
sp_P9WN14_Y2006_MYCTO__GH	0.9288918	0.013305142
sp_P9WN14_Y2006_MYCTO__GH-531m	0.04691591	0.006498008
sp_Q04336_YM54_YEAST__GH	0.70867574	0.12720591
sp_Q04336_YM54_YEAST__GH-436m	0.081460565	0.013155726
sp_Q0CJP9_AGUA_ASPTN__GH	0.41941872	0.090877526
sp_Q0CJP9_AGUA_ASPTN__GH-337m	0.06697105	0.013790624
sp_Q2TXB7_MANBB_ASPOR__GH	0.90536964	0.03254722
sp_Q2TXB7_MANBB_ASPOR__GH-338m	0.083660014	0.008807729
sp_Q2UFP4_AGUA_ASPOR__GH	0.42372355	0.12744723
sp_Q2UFP4_AGUA_ASPOR__GH-334m	0.109728836	0.023120489
sp_Q54K67_MANG_DICDI__GH	0.6300419	0.0706144
sp_Q54K67_MANG_DICDI__GH-435m	0.06885435	0.009745689
sp_Q56307_BGAL_THEMA__GH	0.88505495	0.041285
sp_Q56307_BGAL_THEMA__GH-434m	0.1050456	0.014995756
sp_Q59979_DEXT_STRSL__GH	0.8347813	0.043601304
sp_Q59979_DEXT_STRSL__GH-329m	0.03077193	0.0042391703
sp_Q96WX9_AGUA_ASPNG__GH	0.51295435	0.08387014
sp_Q96WX9_AGUA_ASPNG__GH-337m	0.033886388	0.005630187
sp_Q9K9C6_BGAL_HALH5__GH	0.92268306	0.022204155
sp_Q9K9C6_BGAL_HALH5__GH-406m	0.032147773	0.00331377
sp_T2KPJ7_PLH8_FORAG__GH	0.96406716	0.00954373
sp_T2KPJ7_PLH8_FORAG__GH-330m	0.21436891	0.045011703
sp_Q58318_Y908_METJA__GH	0.97112525	0.006991373
sp_Q58318_Y908_METJA__GH-493m	0.04466465	0.007373563
sp_Q9RT44_SBCC_DEIRA__nuclease	0.9884044	0.006215714
sp_Q9RT44_SBCC_DEIRA__nuclease-364m	0.010075381	0.0016905775
UniRef100_A0A7U2SDT5__Cas9	0.994944	0.001546446
UniRef100_A0A7U2SDT5__Cas9-542m	0.012557864	0.0010665698