id,pred_ave,pred_std
sp_A1Z9L3_DHX8_DROME__helicase,0.07527612786181409,0.01313449476805438
sp_A1Z9L3_DHX8_DROME__helicase-497m,0.44443923352294207,0.04584787393055852
sp_A2PYH4_HFM1_HUMAN__helicase,0.2138175968372252,0.03289867858806872
sp_A2PYH4_HFM1_HUMAN__helicase-574m,0.673965566010722,0.052203382130978034
sp_A4K436_RTEL1_BOVIN__helicase,0.46851386487663216,0.0639611084431449
sp_A4K436_RTEL1_BOVIN__helicase-487m,0.08857244265880743,0.021241379455235247
sp_A6ZM04_PIF1_YEAS7__helicase,0.05309607174930521,0.01027254677119857
sp_A6ZM04_PIF1_YEAS7__helicase-344m,0.04121576639967937,0.009472727765367157
sp_B2RR83_YTDC2_MOUSE__helicase,0.05959863957956581,0.01555215067979929
sp_B2RR83_YTDC2_MOUSE__helicase-578m,0.04994586587887807,0.011586061574000732
sp_B4LX81_SPNE_DROVI__helicase,0.6886382661392989,0.06802662904631118
sp_B4LX81_SPNE_DROVI__helicase-574m,0.023525364443971523,0.006520309184172959
sp_B6DMK2_MER3_ORYSJ__helicase,0.8245482704785221,0.04261857661858679
sp_B6DMK2_MER3_ORYSJ__helicase-482m,0.9008496350897287,0.03168779010343377
sp_B6EU02_JBP2_LEITA__helicase,0.04497167805413075,0.009216664484427721
sp_B6EU02_JBP2_LEITA__helicase-440m,0.6020601843428256,0.09383957094464233
sp_B6ZLK2_CHD1_CHICK__helicase,0.17896037790413494,0.026615157444673042
sp_B6ZLK2_CHD1_CHICK__helicase-688m,0.5565053465974528,0.037872794602922956
sp_B9DFG3_ISE2_ARATH__helicase,0.02516565710419954,0.009345837144528352
sp_B9DFG3_ISE2_ARATH__helicase-469m,0.7077168178568007,0.05483202957516307
sp_D1KF50_SRS2L_ARATH__helicase,0.6603003419153637,0.039810877018331685
sp_D1KF50_SRS2L_ARATH__helicase-459m,0.3778513728122451,0.06547569020619043
sp_D3ZVK1_MCM8_RAT__helicase,0.2461821387433767,0.06219890148683135
sp_D3ZVK1_MCM8_RAT__helicase-332m,0.06026772334735593,0.01652168554705647
sp_D4A2Z8_DHX36_RAT__helicase,0.0632861962255971,0.016512903309036646
sp_D4A2Z8_DHX36_RAT__helicase-400m,0.4480523971652649,0.0502480930233227
sp_D4ACP5_RECQ5_RAT__helicase,0.4380850756611837,0.07728858349649079
sp_D4ACP5_RECQ5_RAT__helicase-390m,0.3786700921746998,0.06643739146762973
sp_E1BPX4_MCM8_BOVIN__helicase,0.0514918657583575,0.014843426955893194
sp_E1BPX4_MCM8_BOVIN__helicase-327m,0.05287313263953695,0.010530225360380343
sp_F1M5F3_MCM9_RAT__helicase,0.40589543902148373,0.04808801091464649
sp_F1M5F3_MCM9_RAT__helicase-450m,0.6125064915983103,0.07535758340344662
sp_F1ND48_FBH1_CHICK__helicase,0.33391240557331797,0.05191748167772532
sp_F1ND48_FBH1_CHICK__helicase-405m,0.16249756053039702,0.027963518002527443
sp_F1R345_DDX11_DANRE__helicase,0.12808301603263908,0.03196232932394648
sp_F1R345_DDX11_DANRE__helicase-356m,0.14892427445942263,0.037012364602339
sp_F4HQE2_RTEL1_ARATH__helicase,0.2977203927240954,0.06674248823782843
sp_F4HQE2_RTEL1_ARATH__helicase-416m,0.8069835450622401,0.03300568860331028
sp_F4IDQ6_NIH_ARATH__helicase,0.06506943826793843,0.014699003762031686
sp_F4IDQ6_NIH_ARATH__helicase-631m,0.3978200792789088,0.05155142147845849
sp_F4J9M5_CHR12_ARATH__helicase,0.707510257753127,0.053934116745564295
sp_F4J9M5_CHR12_ARATH__helicase-441m,0.40981462369240484,0.07330728243647663
sp_F4JAA5_SKI2_ARATH__helicase,0.5947535854850521,0.07693341038473472
sp_F4JAA5_SKI2_ARATH__helicase-539m,0.3770153535781062,0.061907530593245656
sp_F4K128_CHR23_ARATH__helicase,0.3705219689353757,0.05451818366971687
sp_F4K128_CHR23_ARATH__helicase-426m,0.03815068410240429,0.012434538417022972
sp_F4K2E9_PRP16_ARATH__helicase,0.1270968560936662,0.023250520977597146
sp_F4K2E9_PRP16_ARATH__helicase-502m,0.9711490167285826,0.007835416120467656
sp_H2KY86_HELQ_CAEEL__helicase,0.09581004288095357,0.020194002321058918
sp_H2KY86_HELQ_CAEEL__helicase-370m,0.0038656063089908084,0.000996780952608521
sp_I0IUP3_MCM8_CHICK__helicase,0.12418184369195442,0.03923602127421028
sp_I0IUP3_MCM8_CHICK__helicase-332m,0.01738051100451056,0.004016457803717929
sp_I0IUP4_MCM9_CHICK__helicase,0.35962424568333995,0.08660236432850912
sp_I0IUP4_MCM9_CHICK__helicase-468m,0.10618505794774846,0.02420637297093017
sp_O13768_ERCC3_SCHPO__helicase,0.012791209801767081,0.0034020616856925067
sp_O13768_ERCC3_SCHPO__helicase-322m,0.08359746505396948,0.029190675661942368
sp_O13799_YE02_SCHPO__helicase,0.16121892782324768,0.03874870709054227
sp_O13799_YE02_SCHPO__helicase-412m,0.7258640397780701,0.06618853185398688
sp_O13983_HRQ1_SCHPO__helicase,0.3692949198008061,0.03562608077953364
sp_O13983_HRQ1_SCHPO__helicase-426m,0.33237287238576874,0.08805748605049221
sp_O14139_HRP3_SCHPO__helicase,0.3029263419940428,0.0515825776094479
sp_O14139_HRP3_SCHPO__helicase-556m,0.10651714248693178,0.015704128181573573
sp_O14147_CHL1_SCHPO__helicase,0.018593564024645272,0.005337168676967326
sp_O14147_CHL1_SCHPO__helicase-338m,0.02434883685874344,0.009022805361222108
sp_O14232_MTR4_SCHPO__helicase,0.12325823468549199,0.03329971675043818
sp_O14232_MTR4_SCHPO__helicase-447m,0.23959484889887195,0.06741121020869553
sp_O14646_CHD1_HUMAN__helicase,0.5613636937312566,0.05125125694282695
sp_O14646_CHD1_HUMAN__helicase-684m,0.4073093885118217,0.03536234534272379
sp_O16102_CHD3_DROME__helicase,0.11310228791596519,0.028089516429098012
sp_O16102_CHD3_DROME__helicase-357m,0.024272111634637626,0.005846878711085225
sp_O18017_BLM_CAEEL__helicase,0.6673218835333447,0.02281608194820013
sp_O18017_BLM_CAEEL__helicase-396m,0.4486878198364182,0.04808026087798441
sp_O30477_DNAB_RHOMR__helicase,0.04466175277176923,0.01232777724364286
sp_O30477_DNAB_RHOMR__helicase-377m,0.3429409713670021,0.07658259332456392
sp_O42861_FFT3_SCHPO__helicase,0.013088311953942297,0.003828001427234211
sp_O42861_FFT3_SCHPO__helicase-369m,0.01402590758075864,0.0030499019916410725
sp_O45244_DHX16_CAEEL__helicase,0.8479942871746294,0.04696388233560407
sp_O45244_DHX16_CAEEL__helicase-404m,0.5384483137343432,0.05532152075610646
sp_O60231_DHX16_HUMAN__helicase,0.4743581382897551,0.06247475729056271
sp_O60231_DHX16_HUMAN__helicase-417m,0.24475025172550852,0.050088793382304875
sp_O60306_AQR_HUMAN__helicase,0.578881311907901,0.058694040730771
sp_O60306_AQR_HUMAN__helicase-594m,0.2507053854084252,0.05337516275049354
sp_O70133_DHX9_MOUSE__helicase,0.24415668459836787,0.039590857866029824
sp_O70133_DHX9_MOUSE__helicase-552m,0.5457977606921383,0.062405487653216685
sp_O74465_HRR1_SCHPO__helicase,0.23755567091973456,0.047948361999009544
sp_O74465_HRR1_SCHPO__helicase-400m,0.4727608632504639,0.04669176853242432
sp_O76743_GLH4_CAEEL__helicase,0.8819130775729723,0.03268087176228356
sp_O76743_GLH4_CAEEL__helicase-463m,0.2822940877689145,0.03988214829341497
sp_O88700_BLM_MOUSE__helicase,0.2765176705725524,0.05263549751340831
sp_O88700_BLM_MOUSE__helicase-567m,0.21845886211773502,0.05189190135525124
sp_O94761_RECQ4_HUMAN__helicase,0.050421879068566045,0.019040383965151012
sp_O94761_RECQ4_HUMAN__helicase-484m,0.12609224033129734,0.03040900219628912
sp_O94762_RECQ5_HUMAN__helicase,0.5822794442316017,0.060949987635738966
sp_O94762_RECQ5_HUMAN__helicase-397m,0.9056422728010712,0.025788707935254878
sp_P07271_PIF1_YEAST__helicase,0.05406374090842423,0.01043177513508263
sp_P07271_PIF1_YEAST__helicase-344m,0.043529127777384075,0.010038973597786084
sp_P12954_SRS2_YEAST__helicase,0.415224684692325,0.06567413082251143
sp_P12954_SRS2_YEAST__helicase-470m,0.9646314747829233,0.0103327470299391
sp_P15938_PRP16_YEAST__helicase,0.027329833535401138,0.009347096636095932
sp_P15938_PRP16_YEAST__helicase-429m,0.10751145708741779,0.01760830154096319
sp_P20095_PRP2_YEAST__helicase,0.0793635727488009,0.016924759025534652
sp_P20095_PRP2_YEAST__helicase-351m,0.0040406098459674095,0.0007741137941107153
sp_P21372_PRP5_YEAST__helicase,0.017998104252608785,0.00538096844031754
sp_P21372_PRP5_YEAST__helicase-340m,0.5022135629988578,0.07303965469392458
sp_P22516_CHL1_YEAST__helicase,0.009629424551114606,0.0028789635382572916
sp_P22516_CHL1_YEAST__helicase-345m,0.01954855388938065,0.0055732959488442296
sp_P23249_MOV10_MOUSE__helicase,0.25701382263548056,0.030467874493408906
sp_P23249_MOV10_MOUSE__helicase-402m,0.5201247494289343,0.06164497210465953
sp_P24384_PRP22_YEAST__helicase,0.4843498620398047,0.06554883072431486
sp_P24384_PRP22_YEAST__helicase-458m,0.0972689984051041,0.03013383235321487
sp_P25439_BRM_DROME__helicase,0.09592247829803927,0.01613165361463879
sp_P25439_BRM_DROME__helicase-656m,0.31621964081670856,0.06407603904521567
sp_P30771_RENT1_YEAST__helicase,0.11025033016645742,0.028539621476358083
sp_P30771_RENT1_YEAST__helicase-389m,0.1417116886008401,0.03617478288650833
sp_P31380_FUN30_YEAST__helicase,0.2430477434512573,0.04989504424329426
sp_P31380_FUN30_YEAST__helicase-453m,0.6767838226253202,0.08540247916794265
sp_P32644_ECM32_YEAST__helicase,0.015634064881603887,0.0019918016625603547
sp_P32644_ECM32_YEAST__helicase-449m,0.4355218458356022,0.04525061718504066
sp_P35187_SGS1_YEAST__helicase,0.07342123119544497,0.015448275082270717
sp_P35187_SGS1_YEAST__helicase-579m,0.23931531449867208,0.03517813463227092
sp_P35207_SKI2_YEAST__helicase,0.715574597584203,0.06069500624051326
sp_P35207_SKI2_YEAST__helicase-515m,0.9248190281290694,0.01630968309679649
sp_P40201_CHD1_MOUSE__helicase,0.4280673588031652,0.049071717784212175
sp_P40201_CHD1_MOUSE__helicase-685m,0.1347738836417498,0.02539549507595349
sp_P40562_MPH1_YEAST__helicase,0.04332128160135827,0.009901041515358646
sp_P40562_MPH1_YEAST__helicase-398m,0.42821453480384364,0.08380573619488836
sp_P42285_MTREX_HUMAN__helicase,0.22220544577837412,0.02902027078331319
sp_P42285_MTREX_HUMAN__helicase-417m,0.08877907628329432,0.02455870602940523
sp_P47047_MTR4_YEAST__helicase,0.2022420323072757,0.04807689717928789
sp_P47047_MTR4_YEAST__helicase-430m,0.23000456675659894,0.053541337884483294
sp_P51979_HFM1_YEAST__helicase,0.01570928817684266,0.003383633213349403
sp_P51979_HFM1_YEAST__helicase-475m,0.05287201987359158,0.008122471733189897
sp_P54132_BLM_HUMAN__helicase,0.36127555728486527,0.05049782799161026
sp_P54132_BLM_HUMAN__helicase-567m,0.8209433082048097,0.04023723294326514
sp_P79051_RHP16_SCHPO__helicase,0.030240764665200887,0.008253892823865211
sp_P79051_RHP16_SCHPO__helicase-345m,0.06760707686072885,0.019973877243157065
sp_P90897_RDE12_CAEEL__helicase,0.037332822169349716,0.007181825028108672
sp_P90897_RDE12_CAEEL__helicase-384m,0.09446537996228968,0.017798044837997455
sp_P9WMR3_DNAB_MYCTU__helicase,0.039065521952030474,0.009881849625702281
sp_P9WMR3_DNAB_MYCTU__helicase-350m,0.07184251468829914,0.016428962864507086
sp_Q00578_RAD25_YEAST__helicase,0.013929847281465093,0.003532273843342773
sp_Q00578_RAD25_YEAST__helicase-338m,0.01816850221527016,0.0039261789054247905
sp_Q04217_DHR1_YEAST__helicase,0.38249544051041534,0.07115656451579025
sp_Q04217_DHR1_YEAST__helicase-507m,0.14548438204382402,0.02975224938159279
sp_Q05471_SWR1_YEAST__helicase,0.30092253509769085,0.061805813521828214
sp_Q05471_SWR1_YEAST__helicase-606m,0.4086588313313218,0.04618790109164486
sp_Q05549_HRQ1_YEAST__helicase,0.06854440413968554,0.026998459678625894
sp_Q05549_HRQ1_YEAST__helicase-431m,0.03556003330207763,0.013245555473558
sp_Q05B79_DHX36_BOVIN__helicase,0.07563145119679995,0.024387960447986395
sp_Q05B79_DHX36_BOVIN__helicase-404m,0.3762031242223359,0.06439195213966428
sp_Q06554_IRC20_YEAST__helicase,0.45424101764751706,0.05903564567796483
sp_Q06554_IRC20_YEAST__helicase-623m,0.22627713028272986,0.0390167910666738
sp_Q08211_DHX9_HUMAN__helicase,0.028431328903980986,0.009253833238760991
sp_Q08211_DHX9_HUMAN__helicase-508m,0.1694164565545223,0.042177958023165776
sp_Q08562_ULS1_YEAST__helicase,0.3480787879109088,0.023408029074169532
sp_Q08562_ULS1_YEAST__helicase-648m,0.29579394910643275,0.03225015561270105
sp_Q09811_HUS2_SCHPO__helicase,0.021835708145964337,0.003929549371826627
sp_Q09811_HUS2_SCHPO__helicase-532m,0.08983952502030099,0.020246375641021764
sp_Q09820_RENT1_SCHPO__helicase,0.21383365787789735,0.06244272293888562
sp_Q09820_RENT1_SCHPO__helicase-370m,0.10735557335047327,0.019147030588646724
sp_Q0V8H6_MOV10_BOVIN__helicase,0.4378629005133014,0.055840029013729836
sp_Q0V8H6_MOV10_BOVIN__helicase-402m,0.3519712554883969,0.06771394294064992
sp_Q0VGM9_RTEL1_MOUSE__helicase,0.5314171777742798,0.07688575677153633
sp_Q0VGM9_RTEL1_MOUSE__helicase-482m,0.5106672628193923,0.06631217750093622
sp_Q12389_DBP10_YEAST__helicase,0.3367787561172054,0.05820101570147663
sp_Q12389_DBP10_YEAST__helicase-398m,0.7516558625521903,0.05713696583531597
sp_Q13206_DDX10_HUMAN__helicase,0.13178940175434178,0.03670167831996978
sp_Q13206_DDX10_HUMAN__helicase-350m,0.1281800088027896,0.03769187291900711
sp_Q14147_DHX34_HUMAN__helicase,0.23008068680083457,0.04409238981882316
sp_Q14147_DHX34_HUMAN__helicase-458m,0.096891162975664,0.016234111020490237
sp_Q14527_HLTF_HUMAN__helicase,0.6967218151791561,0.048631076251329494
sp_Q14527_HLTF_HUMAN__helicase-404m,0.11612906219574085,0.046126830395067125
sp_Q14562_DHX8_HUMAN__helicase,0.7436652646640903,0.05201429733837169
sp_Q14562_DHX8_HUMAN__helicase-488m,0.5491793090942718,0.0511606875982365
sp_Q14BI7_TDRD9_MOUSE__helicase,0.13891947055468593,0.0231541854324146
sp_Q14BI7_TDRD9_MOUSE__helicase-554m,0.3298448824665886,0.05928361733286299
sp_Q19546_WRN_CAEEL__helicase,0.14433653169809754,0.031120771812087375
sp_Q19546_WRN_CAEEL__helicase-423m,0.2156949263256805,0.059181828080832416
sp_Q1XG89_TDR12_BOMMO__helicase,0.530255069844102,0.038525280553412866
sp_Q1XG89_TDR12_BOMMO__helicase-704m,0.4030700695005546,0.025860493762619136
sp_Q21489_CHL1_CAEEL__helicase,0.015429120356808448,0.005662999849689918
sp_Q21489_CHL1_CAEEL__helicase-332m,0.12146467886194397,0.02910091315160227
sp_Q22307_DHX9_CAEEL__helicase,0.028959385472683962,0.008425507711004802
sp_Q22307_DHX9_CAEEL__helicase-521m,0.10109171139835504,0.028009274663335536
sp_Q22516_CHD3_CAEEL__helicase,0.3980496754995532,0.044576318285604176
sp_Q22516_CHD3_CAEEL__helicase-715m,0.5615603478430293,0.058152329779282065
sp_Q28141_DHX9_BOVIN__helicase,0.1273692208230405,0.020230879725414656
sp_Q28141_DHX9_BOVIN__helicase-515m,0.8808427958641429,0.032256556387929826
sp_Q2KHI9_MCM9_MOUSE__helicase,0.7216045544377849,0.039709829713011686
sp_Q2KHI9_MCM9_MOUSE__helicase-454m,0.20495891962492738,0.04633343066096195
sp_Q2VPA6_HELQ_MOUSE__helicase,0.5386022066881855,0.0751026965895658
sp_Q2VPA6_HELQ_MOUSE__helicase-428m,0.3269527375411939,0.07982045730817887
sp_Q381V6_PIF4_TRYB2__helicase,0.1063783230230598,0.022710608208133823
sp_Q381V6_PIF4_TRYB2__helicase-328m,0.003577267626087407,0.001384634725426659
sp_Q384Y0_PIF2_TRYB2__helicase,0.0908141292620829,0.033575800350236884
sp_Q384Y0_PIF2_TRYB2__helicase-420m,0.41200852493398077,0.05723362984082707
sp_Q384Y1_PIF1_TRYB2__helicase,0.609600561453943,0.08546149348370952
sp_Q384Y1_PIF1_TRYB2__helicase-372m,0.03177549034901883,0.006758368315153579
sp_Q3MHU3_TDRD9_RAT__helicase,0.032594537658300754,0.009377679993084276
sp_Q3MHU3_TDRD9_RAT__helicase-554m,0.9517179258446445,0.015701758505527685
sp_Q4TVV3_DDX46_DANRE__helicase,0.8344321414747051,0.03788708057824787
sp_Q4TVV3_DDX46_DANRE__helicase-408m,0.07875083238330091,0.019180704404995207
sp_Q569Z5_DDX46_MOUSE__helicase,0.15170794585398156,0.025749633487041297
sp_Q569Z5_DDX46_MOUSE__helicase-413m,0.18026611589078742,0.031218841978715675
sp_Q57X81_JBP2_TRYB2__helicase,0.9283181508136782,0.017597082144888955
sp_Q57X81_JBP2_TRYB2__helicase-431m,0.45986619534560724,0.0853327505341986
sp_Q580X6_PIF5_TRYB2__helicase,0.34779357712439096,0.06410997129720387
sp_Q580X6_PIF5_TRYB2__helicase-372m,0.3514002405025479,0.04357954583508797
sp_Q59RQ0_PIF1_CANAL__helicase,0.011718354682468873,0.002821132404017974
sp_Q59RQ0_PIF1_CANAL__helicase-363m,0.02989006790655966,0.008235554617183064
sp_Q5BJS0_DHX30_RAT__helicase,0.10124215790920492,0.040722145143675746
sp_Q5BJS0_DHX30_RAT__helicase-478m,0.30856365520937934,0.05798015071236585
sp_Q5D892_MER3_ARATH__helicase,0.23157127482021928,0.054873861868389426
sp_Q5D892_MER3_ARATH__helicase-454m,0.5816504862400522,0.06289262830261391
sp_Q5R874_DHX9_PONAB__helicase,0.021664135545645315,0.006991407387114126
sp_Q5R874_DHX9_PONAB__helicase-508m,0.37387226579084043,0.05774531631498906
sp_Q5RJZ1_RTEL1_RAT__helicase,0.6117890272582535,0.061595916173621396
sp_Q5RJZ1_RTEL1_RAT__helicase-510m,0.1268064681437751,0.026040117317945095
sp_Q60848_HELLS_MOUSE__helicase,0.09064154436827646,0.029801492613506512
sp_Q60848_HELLS_MOUSE__helicase-329m,0.024044489134611536,0.00785755022675236
sp_Q68FK8_DHX9_XENLA__helicase,0.22074260481278882,0.037665698763474226
sp_Q68FK8_DHX9_XENLA__helicase-505m,0.8226629578209088,0.04369468446183249
sp_Q6AXC6_DDX11_MOUSE__helicase,0.059926785343448766,0.018868715832603133
sp_Q6AXC6_DDX11_MOUSE__helicase-363m,0.0677568628958509,0.015267338348821673
sp_Q6H1L8_RTEL1_MUSSP__helicase,0.458895970660392,0.07830366665176168
sp_Q6H1L8_RTEL1_MUSSP__helicase-482m,0.39753427148839865,0.06027521025131877
sp_Q6J5K9_ARMI_DROME__helicase,0.69955892430453,0.03799020358850298
sp_Q6J5K9_ARMI_DROME__helicase-476m,0.25953593136514796,0.06212770814328322
sp_Q6NVF4_HELB_MOUSE__helicase,0.06005185342657467,0.013008442185235877
sp_Q6NVF4_HELB_MOUSE__helicase-430m,0.5055557886832219,0.044083958470135756
sp_Q6P158_DHX57_HUMAN__helicase,0.41026826703036623,0.05950494553433263
sp_Q6P158_DHX57_HUMAN__helicase-555m,0.2564692168304758,0.05018756607123415
sp_Q6PCN7_HLTF_MOUSE__helicase,0.5376190857109908,0.06940925352933494
sp_Q6PCN7_HLTF_MOUSE__helicase-402m,0.03332670615331473,0.006512673165753782
sp_Q75NR7_RECQ4_MOUSE__helicase,0.0185699301088139,0.004842171358406808
sp_Q75NR7_RECQ4_MOUSE__helicase-487m,0.12983912129381953,0.03319072779848771
sp_Q7L014_DDX46_HUMAN__helicase,0.1215537795987475,0.026819958735480067
sp_Q7L014_DDX46_HUMAN__helicase-413m,0.3576025290443008,0.0427004435935623
sp_Q7L2E3_DHX30_HUMAN__helicase,0.06305471388021869,0.025977120800649272
sp_Q7L2E3_DHX30_HUMAN__helicase-478m,0.2914017004223761,0.05518889955173912
sp_Q7Z478_DHX29_HUMAN__helicase,0.29920950078055747,0.042358769321550055
sp_Q7Z478_DHX29_HUMAN__helicase-548m,0.7272876188001625,0.061239457602172316
sp_Q810A7_DDX42_MOUSE__helicase,0.5181273248314838,0.052115337388948045
sp_Q810A7_DDX42_MOUSE__helicase-372m,0.07779900410709002,0.018960812181176318
sp_Q86WJ1_CHD1L_HUMAN__helicase,0.012554817634219523,0.0043006749738254664
sp_Q86WJ1_CHD1L_HUMAN__helicase-359m,0.03572099676322114,0.005136143505261581
sp_Q86XP3_DDX42_HUMAN__helicase,0.6105602598730323,0.06215944341644741
sp_Q86XP3_DDX42_HUMAN__helicase-376m,0.07133677251293823,0.024555644489159652
sp_Q8GYD9_SDE3_ARATH__helicase,0.4655393235731939,0.07028873523279314
sp_Q8GYD9_SDE3_ARATH__helicase-401m,0.11835104363645557,0.029679531738762192
sp_Q8H0U8_RH42_ARATH__helicase,0.11538707555921375,0.025140688056583337
sp_Q8H0U8_RH42_ARATH__helicase-467m,0.23015467182274874,0.0346761907739485
sp_Q8IY21_DDX60_HUMAN__helicase,0.2359379878017705,0.020312334518598082
sp_Q8IY21_DDX60_HUMAN__helicase-685m,0.3395872899270943,0.03426313940771002
sp_Q8IY37_DHX37_HUMAN__helicase,0.048024165394370634,0.02076208553201099
sp_Q8IY37_DHX37_HUMAN__helicase-463m,0.9815725191975708,0.005756660521597766
sp_Q8K2I9_FBH1_MOUSE__helicase,0.027567246904618002,0.009217640818639529
sp_Q8K2I9_FBH1_MOUSE__helicase-417m,0.5503774387461838,0.048325937398769656
sp_Q8L840_RQL4A_ARATH__helicase,0.25335953788638776,0.04444857611882034
sp_Q8L840_RQL4A_ARATH__helicase-476m,0.8461936807122064,0.02957520602604966
sp_Q8NDG6_TDRD9_HUMAN__helicase,0.023526306730039286,0.00275001900127412
sp_Q8NDG6_TDRD9_HUMAN__helicase-553m,0.05778378875174088,0.01463828034246334
sp_Q8NFZ0_FBH1_HUMAN__helicase,0.06908598545009863,0.01301339519656085
sp_Q8NFZ0_FBH1_HUMAN__helicase-418m,0.0323741118169563,0.011268667431583758
sp_Q8NG08_HELB_HUMAN__helicase,0.43755046870662867,0.06849070619848692
sp_Q8NG08_HELB_HUMAN__helicase-435m,0.06792654313202225,0.01960139702098052
sp_Q8R5F7_IFIH1_MOUSE__helicase,0.667605821119543,0.05562237150016189
sp_Q8R5F7_IFIH1_MOUSE__helicase-410m,0.05454234608334284,0.010440059441714436
sp_Q8TDD1_DDX54_HUMAN__helicase,0.11834074592174182,0.023083526845120043
sp_Q8TDD1_DDX54_HUMAN__helicase-353m,0.3819542747677364,0.06955142710926392
sp_Q8TDG4_HELQ_HUMAN__helicase,0.4691543411368796,0.08712261757831852
sp_Q8TDG4_HELQ_HUMAN__helicase-441m,0.12712447721205986,0.04195961005900751
sp_Q8VHK9_DHX36_MOUSE__helicase,0.05855040585446458,0.016151264211745783
sp_Q8VHK9_DHX36_MOUSE__helicase-401m,0.18878505550225122,0.04305487165453427
sp_Q8VID5_RECQ5_MOUSE__helicase,0.4214922730504783,0.06504116503958647
sp_Q8VID5_RECQ5_MOUSE__helicase-393m,0.7390794019273272,0.04282352903123857
sp_Q8VY00_ESP3_ARATH__helicase,0.3487638834662062,0.05641044420102587
sp_Q8VY00_ESP3_ARATH__helicase-418m,0.07760609467406529,0.014969947333400837
sp_Q92355_SEN1_SCHPO__helicase,0.6428018150207858,0.026103517030874702
sp_Q92355_SEN1_SCHPO__helicase-675m,0.1909664513042227,0.025350503819162356
sp_Q92620_PRP16_HUMAN__helicase,0.16411337832679082,0.03378003674933639
sp_Q92620_PRP16_HUMAN__helicase-491m,0.09235297059478909,0.023001296162498425
sp_Q93575_RTEL1_CAEEL__helicase,0.7053713744398902,0.07972568556373151
sp_Q93575_RTEL1_CAEEL__helicase-398m,0.13683146136956242,0.0505888351528343
sp_Q95216_HLTF_RABIT__helicase,0.7236259883798033,0.0341160550662311
sp_Q95216_HLTF_RABIT__helicase-402m,0.0754709501275488,0.028301789263982694
sp_Q966L9_GLH2_CAEEL__helicase,0.3700854361456805,0.058317397641175064
sp_Q966L9_GLH2_CAEEL__helicase-390m,0.24069297072920698,0.037088857370567024
sp_Q96FC9_DDX11_HUMAN__helicase,0.44237442447754116,0.08145139838587438
sp_Q96FC9_DDX11_HUMAN__helicase-388m,0.41651603613956584,0.07554567832423717
sp_Q99MV5_M10L1_MOUSE__helicase,0.6969252999635303,0.0616331823075188
sp_Q99MV5_M10L1_MOUSE__helicase-475m,0.15305372295845981,0.03656864597552858
sp_Q99NG0_ARIP4_MOUSE__helicase,0.5952829314565402,0.046921190392276435
sp_Q99NG0_ARIP4_MOUSE__helicase-587m,0.012646803900781833,0.0027910377702474063
sp_Q99PU8_DHX30_MOUSE__helicase,0.10254055230233991,0.015558705837155138
sp_Q99PU8_DHX30_MOUSE__helicase-487m,0.25666216236683714,0.051682564200995824
sp_Q9BUQ8_DDX23_HUMAN__helicase,0.1073719222870995,0.029348455437262368
sp_Q9BUQ8_DDX23_HUMAN__helicase-328m,0.1542560223439672,0.03307415546824966
sp_Q9BXT6_M10L1_HUMAN__helicase,0.8438805378218136,0.03058367023165852
sp_Q9BXT6_M10L1_HUMAN__helicase-485m,0.6084208258570448,0.054324313923194464
sp_Q9BYX4_IFIH1_HUMAN__helicase,0.7783964366712443,0.05683841474710837
sp_Q9BYX4_IFIH1_HUMAN__helicase-410m,0.19422077314833364,0.035766488894304976
sp_Q9CWU0_TDR12_MOUSE__helicase,0.7163244192958411,0.04320755999483198
sp_Q9CWU0_TDR12_MOUSE__helicase-486m,0.0365990514791631,0.010263764023156803
sp_Q9CWV1_MCM8_MOUSE__helicase,0.25352579448184637,0.07437660546486051
sp_Q9CWV1_MCM8_MOUSE__helicase-334m,0.05606814214326776,0.019666441758317228
sp_Q9CXF7_CHD1L_MOUSE__helicase,0.01950643413999211,0.0037512795862572525
sp_Q9CXF7_CHD1L_MOUSE__helicase-360m,0.07624298519658407,0.012552344174010948
sp_Q9CZU3_MTREX_MOUSE__helicase,0.6679560982107046,0.07379275538245095
sp_Q9CZU3_MTREX_MOUSE__helicase-416m,0.23255455799329253,0.05545737972844574
sp_Q9DEY9_BLM_XENLA__helicase,0.2612301676378582,0.06608730802729067
sp_Q9DEY9_BLM_XENLA__helicase-546m,0.2797065189676157,0.049099564749133205
sp_Q9FT70_RQL4B_ARATH__helicase,0.2817335300266731,0.07164257937530473
sp_Q9FT70_RQL4B_ARATH__helicase-460m,0.7169274110695836,0.06285339750563508
sp_Q9H2U1_DHX36_HUMAN__helicase,0.19139145792473555,0.04382358937142051
sp_Q9H2U1_DHX36_HUMAN__helicase-404m,0.08733897041929929,0.025639307187214744
sp_Q9H6S0_YTDC2_HUMAN__helicase,0.29166355440880815,0.03053428865801519
sp_Q9H6S0_YTDC2_HUMAN__helicase-572m,0.7737766551364486,0.04901665476771621
sp_Q9H8H2_DDX31_HUMAN__helicase,0.2794981229213423,0.07171093196426453
sp_Q9H8H2_DDX31_HUMAN__helicase-341m,0.014246588395039006,0.0057827530381512875
sp_Q9HCE1_MOV10_HUMAN__helicase,0.3446272422187914,0.0720108658643403
sp_Q9HCE1_MOV10_HUMAN__helicase-402m,0.2771962556912205,0.07163679387409401
sp_Q9I920_BLM_CHICK__helicase,0.6394050000141134,0.09871910219741754
sp_Q9I920_BLM_CHICK__helicase-474m,0.6452238031808986,0.08054910877166827
sp_Q9JIK5_DDX21_MOUSE__helicase,0.06558171888548178,0.017217221813052606
sp_Q9JIK5_DDX21_MOUSE__helicase-341m,0.01820954377387203,0.006032481201785477
sp_Q9JJY4_DDX20_MOUSE__helicase,0.04136250908687682,0.009612635493692286
sp_Q9JJY4_DDX20_MOUSE__helicase-330m,0.03477914334670035,0.01108234639736697
sp_Q9NRZ9_HELLS_HUMAN__helicase,0.31686051020678596,0.06692302855667587
sp_Q9NRZ9_HELLS_HUMAN__helicase-336m,0.05003502029516058,0.013797530632825192
sp_Q9NXL9_MCM9_HUMAN__helicase,0.7059811222607092,0.060152651029120506
sp_Q9NXL9_MCM9_HUMAN__helicase-458m,0.6867569335145789,0.060713238345816364
sp_Q9NZ71_RTEL1_HUMAN__helicase,0.6320917267864634,0.0830435508549001
sp_Q9NZ71_RTEL1_HUMAN__helicase-488m,0.8743718685638229,0.03162622980984376
sp_Q9P7C7_PRP11_SCHPO__helicase,0.474288167866015,0.05241322946803995
sp_Q9P7C7_PRP11_SCHPO__helicase-406m,0.019249205787686775,0.003871527745193761
sp_Q9SF37_MCM8_ARATH__helicase,0.08193568117988143,0.025104106311580093
sp_Q9SF37_MCM8_ARATH__helicase-321m,0.002314363826633802,0.000589083729945581
sp_Q9UHI6_DDX20_HUMAN__helicase,0.018599169409764665,0.00429389161436431
sp_Q9UHI6_DDX20_HUMAN__helicase-330m,0.013233687900677662,0.004950043229798443
sp_Q9UJA3_MCM8_HUMAN__helicase,0.35394285955503146,0.0854882441214383
sp_Q9UJA3_MCM8_HUMAN__helicase-336m,0.004278423731657434,0.0010906857265232945
sp_Q9US25_HRP1_SCHPO__helicase,0.14048823408367506,0.02832013225767027
sp_Q9US25_HRP1_SCHPO__helicase-550m,0.36475438972342944,0.07366463265805757
sp_Q9USU3_FBH1_SCHPO__helicase,0.06318435458400345,0.016703726658076897
sp_Q9USU3_FBH1_SCHPO__helicase-352m,0.027196347862767777,0.009194559383521836
sp_Q9UT23_MPH1_SCHPO__helicase,0.13319534586959855,0.029221667948928373
sp_Q9UT23_MPH1_SCHPO__helicase-334m,0.11502017158409136,0.020609724516708224
sp_Q9UUA2_PIF1_SCHPO__helicase,0.011782436212108753,0.002780084527187343
sp_Q9UUA2_PIF1_SCHPO__helicase-322m,0.07753285622201668,0.022212577496108703
sp_Q9VDA0_FANCM_DROME__helicase,0.35804431022378724,0.053013141064327834
sp_Q9VDA0_FANCM_DROME__helicase-596m,0.13002357155084712,0.022110150560213537
sp_Q9VF26_SPNE_DROME__helicase,0.6100069673033385,0.05866658257617186
sp_Q9VF26_SPNE_DROME__helicase-574m,0.04491406920679029,0.011583088426709938
sp_Q9VGI8_BLM_DROME__helicase,0.18662540351408374,0.03219952784964275
sp_Q9VGI8_BLM_DROME__helicase-595m,0.32740683479426597,0.06494816651469829
sp_Q9VSE2_HELQ_DROME__helicase,0.9184771823474058,0.021941525772261293
sp_Q9VSE2_HELQ_DROME__helicase-421m,0.5831644998835782,0.0655457359451441
sp_Q9W484_RTEL1_DROME__helicase,0.5479415088017554,0.05157776726025577
sp_Q9W484_RTEL1_DROME__helicase-394m,0.0341882053315125,0.009317471698961846
sp_Q9XIF2_MTR4_ARATH__helicase,0.05794970270600101,0.0144083197245463
sp_Q9XIF2_MTR4_ARATH__helicase-396m,0.12376404273025765,0.012097175578501538
sp_Q9Y4B4_ARIP4_HUMAN__helicase,0.7212248226385138,0.04779976639330043
sp_Q9Y4B4_ARIP4_HUMAN__helicase-587m,0.06127187465530047,0.0123133464199224
sp_Q9ZVW2_HEN2_ARATH__helicase,0.49268884325013457,0.059009222688368106
sp_Q9ZVW2_HEN2_ARATH__helicase-398m,0.6655763406665534,0.07018206762300484
sp_A0A0P0V4R0_RTEL1_ORYSJ__helicase,0.07545566320443922,0.02380447839337411
sp_A0A0P0V4R0_RTEL1_ORYSJ__helicase-406m,0.04783511364208495,0.009868202793923801
sp_A1D8E4_CHL1_NEOFI__helicase,0.04516750145309125,0.009035311055256037
sp_A1D8E4_CHL1_NEOFI__helicase-345m,0.1068723275000488,0.02532808046440865
sp_A2A4P0_DHX8_MOUSE__helicase,0.7100055248408025,0.0485065237212892
sp_A2A4P0_DHX8_MOUSE__helicase-498m,0.2955982766524009,0.06206706278258739
sp_A2Q8R2_MPH1_ASPNC__helicase,0.24418400428162362,0.05153678468586326
sp_A2Q8R2_MPH1_ASPNC__helicase-450m,0.6136678355424006,0.06519540044185558
sp_A2QY22_CHL1_ASPNC__helicase,0.02647484359028106,0.00753308856717495
sp_A2QY22_CHL1_ASPNC__helicase-350m,0.013926732184609793,0.003716750540002269
sp_A3LN13_CHL1_PICST__helicase,0.036516583552921256,0.00926114512296887
sp_A3LN13_CHL1_PICST__helicase-334m,0.004320495088525625,0.0011852333656444233
sp_A4H7G5_JBP2_LEIBR__helicase,0.10647388433388909,0.01929545668019405
sp_A4H7G5_JBP2_LEIBR__helicase-440m,0.6122370299541326,0.08770578020100991
sp_A4HVU6_JBP2_LEIIN__helicase,0.06350951805924174,0.014705012479038635
sp_A4HVU6_JBP2_LEIIN__helicase-440m,0.34515021954512204,0.09241691364683526
sp_A5DNW6_CHL1_PICGU__helicase,0.04342072271924548,0.010285689924833833
sp_A5DNW6_CHL1_PICGU__helicase-330m,0.007010558382586603,0.0012760033357825903
sp_A5DUW8_CHL1_LODEL__helicase,0.728334415679375,0.07465610654660648
sp_A5DUW8_CHL1_LODEL__helicase-357m,0.06449251127171197,0.016721473787399743
sp_A6ZWN8_CHL1_YEAS7__helicase,0.009506200342396538,0.0029212680061217354
sp_A6ZWN8_CHL1_YEAS7__helicase-345m,0.02014224959533852,0.00570194932239489
sp_A8MPP1_D11L8_HUMAN__helicase,0.037371240068289575,0.010627903453130685
sp_A8MPP1_D11L8_HUMAN__helicase-363m,0.02412909891944657,0.005779055532200372
sp_A8WS58_RTEL1_CAEBR__helicase,0.6034618894565195,0.06640555803297978
sp_A8WS58_RTEL1_CAEBR__helicase-398m,0.5065053634033416,0.09147899309969197
sp_A9X4T1_CHD1_BOMMO__helicase,0.030711988092411702,0.005723988088595417
sp_A9X4T1_CHD1_BOMMO__helicase-546m,0.473228965380102,0.05250338126340801
sp_B3M383_SPNE_DROAN__helicase,0.03687734833402771,0.006909564466418045
sp_B3M383_SPNE_DROAN__helicase-572m,0.028683856122606675,0.007529504309228874
sp_B3MSG8_RTEL1_DROAN__helicase,0.3656093521238562,0.0695777072346934
sp_B3MSG8_RTEL1_DROAN__helicase-398m,0.37148995159917136,0.060050887972872925
sp_B3NSW1_RTEL1_DROER__helicase,0.6412727864650377,0.050600668606312155
sp_B3NSW1_RTEL1_DROER__helicase-394m,0.02568136964616703,0.007447741733762185
sp_B3P3W1_SPNE_DROER__helicase,0.06566314004606352,0.010638167719433097
sp_B3P3W1_SPNE_DROER__helicase-573m,0.2885697902965013,0.04157818803430633
sp_B4GEU5_SPNE_DROPE__helicase,0.45031624270582327,0.05090145741267024
sp_B4GEU5_SPNE_DROPE__helicase-574m,0.3326439219665258,0.05807544916730915
sp_B4GU19_RTEL1_DROPE__helicase,0.44518654483885073,0.07695422484008
sp_B4GU19_RTEL1_DROPE__helicase-404m,0.014152390184744864,0.00459194687645907
sp_B4HLH4_SPNE_DROSE__helicase,0.5953013938697251,0.049599002909611875
sp_B4HLH4_SPNE_DROSE__helicase-574m,0.08050310471117725,0.02153493147805371
sp_B4I0K4_RTEL1_DROSE__helicase,0.18437579527115633,0.041929237613871774
sp_B4I0K4_RTEL1_DROSE__helicase-387m,0.3461279377300467,0.06431636989976262
sp_B4JNS2_RTEL1_DROGR__helicase,0.5541166136038005,0.06784799859568968
sp_B4JNS2_RTEL1_DROGR__helicase-395m,0.08447298766906826,0.022333865943209023
sp_B4K5R2_SPNE_DROMO__helicase,0.775746514563977,0.041189597750693814
sp_B4K5R2_SPNE_DROMO__helicase-573m,0.08328588435690146,0.010127987514688068
sp_B4L1Z2_RTEL1_DROMO__helicase,0.549837108355993,0.0867101478989462
sp_B4L1Z2_RTEL1_DROMO__helicase-406m,0.29136708188192123,0.05966843053622483
sp_B4M891_RTEL1_DROVI__helicase,0.670564307926185,0.07303165592851929
sp_B4M891_RTEL1_DROVI__helicase-402m,0.27990175140234674,0.05373994101786752
sp_B4NBB0_SPNE_DROWI__helicase,0.19983812063294892,0.047214302518474166
sp_B4NBB0_SPNE_DROWI__helicase-573m,0.17692250403324244,0.04655106395650057
sp_B4NDG5_RTEL1_DROWI__helicase,0.4397887225771984,0.09764208858824376
sp_B4NDG5_RTEL1_DROWI__helicase-400m,0.13166146218463287,0.02662531906619394
sp_B4PRJ9_SPNE_DROYA__helicase,0.11649959659774674,0.023556254168268412
sp_B4PRJ9_SPNE_DROYA__helicase-575m,0.13281199555823828,0.03215995673884248
sp_B4PZB4_RTEL1_DROYA__helicase,0.646920926526944,0.05423838354384811
sp_B4PZB4_RTEL1_DROYA__helicase-394m,0.05544820474625928,0.014385373820853323
sp_B6SFA4_MAA3_ARATH__helicase,0.00357344244331029,0.0011325697681846898
sp_B6SFA4_MAA3_ARATH__helicase-328m,0.11943141252457316,0.027623490076011552
sp_B8A4F4_TDRD9_DANRE__helicase,0.17357525632014162,0.04018119081358964
sp_B8A4F4_TDRD9_DANRE__helicase-537m,0.5841736950883389,0.07927734232976076
sp_D3Z4R1_HFM1_MOUSE__helicase,0.2638531712511877,0.04335759470382161
sp_D3Z4R1_HFM1_MOUSE__helicase-574m,0.8424213232188695,0.030513736037659167
sp_F1N2W9_MCM9_BOVIN__helicase,0.1476399649383215,0.03227024597349617
sp_F1N2W9_MCM9_BOVIN__helicase-456m,0.7016820504857132,0.030450516086996622
sp_F4IJV4_DEAH6_ARATH__helicase,0.17701039002827829,0.04263857738626255
sp_F4IJV4_DEAH6_ARATH__helicase-418m,0.04700306822052474,0.01054828854900768
sp_F4INA9_RECG_ARATH__helicase,0.17028380635813076,0.02725695387676733
sp_F4INA9_RECG_ARATH__helicase-390m,0.04184062575967908,0.011233545314896579
sp_I3XHK1_FANCM_ARATH__helicase,0.33327437116025527,0.05163787215868183
sp_I3XHK1_FANCM_ARATH__helicase-538m,0.0679786007819168,0.019913199521920825
sp_O13559_YRF14_YEAST__helicase,0.2976093322139092,0.05951080527090983
sp_O13559_YRF14_YEAST__helicase-553m,0.43003253198490066,0.05954315061607569
sp_O13682_SWR1_SCHPO__helicase,0.21517827215756768,0.04316454717481597
sp_O13682_SWR1_SCHPO__helicase-516m,0.058827542259969334,0.018016407185893184
sp_O13762_YF2C_SCHPO__helicase,0.07220226596365943,0.018059803262252358
sp_O13762_YF2C_SCHPO__helicase-359m,0.2259778981953377,0.03957305908173031
sp_O42643_PRP22_SCHPO__helicase,0.20248042577745679,0.03782250131147544
sp_O42643_PRP22_SCHPO__helicase-468m,0.011881673140692429,0.0032880119849260643
sp_O46072_KZ_DROME__helicase,0.5553225674773697,0.0815719659000997
sp_O46072_KZ_DROME__helicase-477m,0.5451338990836899,0.06410379794885541
sp_O51767_HRPA_BORBU__helicase,0.014129585469673364,0.003605322236655619
sp_O51767_HRPA_BORBU__helicase-330m,0.00268493592605952,0.0010605744813577444
sp_O60177_YG42_SCHPO__helicase,0.2155559348275271,0.02839817713501377
sp_O60177_YG42_SCHPO__helicase-416m,0.20166708726737226,0.04408037505488562
sp_O74842_FFT2_SCHPO__helicase,0.005613528998405624,0.0008829836872240694
sp_O74842_FFT2_SCHPO__helicase-514m,0.6664345111689339,0.08348640621904921
sp_P0C928_RTEL1_DANRE__helicase,0.7478147037832004,0.05639025523461121
sp_P0C928_RTEL1_DANRE__helicase-471m,0.09511087576210676,0.02339966213267096
sp_P0CX20_YRF11_YEAST__helicase,0.45316213747553125,0.036356691823332975
sp_P0CX20_YRF11_YEAST__helicase-719m,0.6706600541967138,0.020116698230950945
sp_P24307_HELI_NPVAC__helicase,0.4957696163610817,0.0747451924137984
sp_P24307_HELI_NPVAC__helicase-489m,0.03844134944396841,0.011835723028343487
sp_P34498_MOG1_CAEEL__helicase,0.08183742853525472,0.020319279019083127
sp_P34498_MOG1_CAEEL__helicase-453m,0.06871342060990203,0.01180967080291278
sp_P40105_YRF12_YEAST__helicase,0.2946583972206842,0.0377642342725737
sp_P40105_YRF12_YEAST__helicase-673m,0.8315485413088759,0.034995725794061745
sp_P43329_HRPA_ECOLI__helicase,0.2815206890678175,0.05513465839115909
sp_P43329_HRPA_ECOLI__helicase-520m,0.035588568859365996,0.012163229099351776
sp_P43610_IRC5_YEAST__helicase,0.03803282672172162,0.012307910686880068
sp_P43610_IRC5_YEAST__helicase-342m,0.05551307629452003,0.012751967757233702
sp_P59966_DNAB_MYCBO__helicase,0.04165751916096907,0.010779402821684351
sp_P59966_DNAB_MYCBO__helicase-350m,0.06550570965858324,0.0147022319486521
sp_P87114_FFT1_SCHPO__helicase,0.1542822014223517,0.04004110431545758
sp_P87114_FFT1_SCHPO__helicase-378m,0.1067195678922632,0.025647600463000388
sp_Q08995_YP204_YEAST__helicase,0.5498356700071363,0.08374257663044414
sp_Q08995_YP204_YEAST__helicase-413m,0.3294632588390404,0.06645710229899623
sp_Q09530_MOG5_CAEEL__helicase,0.1685167698275309,0.04328331603789934
sp_Q09530_MOG5_CAEEL__helicase-480m,0.9605251217739719,0.010180389310821571
sp_Q09719_DBP10_SCHPO__helicase,0.053226058670232355,0.01911130911465714
sp_Q09719_DBP10_SCHPO__helicase-340m,0.0031411386817102732,0.001080322030267989
sp_Q0V9Q6_MCM8_XENTR__helicase,0.4453776992904288,0.08465366657514795
sp_Q0V9Q6_MCM8_XENTR__helicase-338m,0.014624831285827995,0.005457389423979928
sp_Q0WVW7_RQL5_ARATH__helicase,0.02507804747327977,0.0052421641076837505
sp_Q0WVW7_RQL5_ARATH__helicase-365m,0.009560069377496632,0.001802333247253209
sp_Q10213_SRS2_SCHPO__helicase,0.00485343810294827,0.001266057788509918
sp_Q10213_SRS2_SCHPO__helicase-355m,0.004890327726095043,0.001135521487347812
sp_Q10332_YBMA_SCHPO__helicase,0.0022153131875983197,0.0005364439097756782
sp_Q10332_YBMA_SCHPO__helicase-332m,0.029703095998963636,0.008865409549752599
sp_Q10752_CDC28_SCHPO__helicase,0.166208900530961,0.04506604227335813
sp_Q10752_CDC28_SCHPO__helicase-422m,0.576310034081097,0.07481014886929271
sp_Q16X92_RTEL1_AEDAE__helicase,0.3549631095210434,0.057829543424375955
sp_Q16X92_RTEL1_AEDAE__helicase-404m,0.5945929473852809,0.06408226281738784
sp_Q17R09_PRP16_BOVIN__helicase,0.0948897146947496,0.021314717921197022
sp_Q17R09_PRP16_BOVIN__helicase-491m,0.10361186740144541,0.026295180844658657
sp_Q2NKY8_DHX30_BOVIN__helicase,0.9250183619718946,0.019913365897337925
sp_Q2NKY8_DHX30_BOVIN__helicase-488m,0.02239843372251182,0.0048097672100244175
sp_Q2URJ5_MPH1_ASPOR__helicase,0.2570002790958557,0.06076974766162168
sp_Q2URJ5_MPH1_ASPOR__helicase-452m,0.19723851127395364,0.04198713159998689
sp_Q383A1_PIF3_TRYB2__helicase,0.02902093093254344,0.009383356942626634
sp_Q383A1_PIF3_TRYB2__helicase-325m,0.015507999720858822,0.004410663549660334
sp_Q38953_DEAH5_ARATH__helicase,0.6807509449806022,0.0385914529091618
sp_Q38953_DEAH5_ARATH__helicase-468m,0.18516750629763218,0.05449776591096915
sp_Q3B7N1_CHD1L_BOVIN__helicase,0.007674563863068527,0.0021676200286192934
sp_Q3B7N1_CHD1L_BOVIN__helicase-359m,0.06325337255268108,0.009434593526638438
sp_Q4DCH3_JBP2_TRYCC__helicase,0.41414230725599577,0.036232245827804405
sp_Q4DCH3_JBP2_TRYCC__helicase-435m,0.4048099372030015,0.06941269673905262
sp_Q4QFY1_JBP2_LEIMA__helicase,0.09709011693087996,0.019157572729377726
sp_Q4QFY1_JBP2_LEIMA__helicase-440m,0.5048780827046849,0.11210028019323398
sp_Q54MA9_KU70_DICDI__helicase,0.27147476289629174,0.06155602989336825
sp_Q54MA9_KU70_DICDI__helicase-364m,0.057001576180082426,0.00961474770860164
sp_Q553B1_DDX46_DICDI__helicase,0.2650146390676484,0.042503463197555144
sp_Q553B1_DDX46_DICDI__helicase-461m,0.00983671678231826,0.003088612466882585
sp_Q55418_DNAB_SYNY3__helicase,0.0812478011264679,0.02153233695476398
sp_Q55418_DNAB_SYNY3__helicase-349m,0.05124595927030882,0.009096109210231493
sp_Q57YG0_PIF7_TRYB2__helicase,0.3385915053155659,0.08142766962966692
sp_Q57YG0_PIF7_TRYB2__helicase-397m,0.7219768897805098,0.06003562091232754
sp_Q580W5_XPB_TRYB2__helicase,0.07820706788071005,0.012374577012792964
sp_Q580W5_XPB_TRYB2__helicase-376m,0.20222254390182792,0.0551754155279581
sp_Q58524_HELS_METJA__helicase,0.7599435558183958,0.047737324634135374
sp_Q58524_HELS_METJA__helicase-478m,0.21727635801225928,0.027313977142940354
sp_Q587J7_TDR12_HUMAN__helicase,0.4305054323679592,0.04895378839689313
sp_Q587J7_TDR12_HUMAN__helicase-471m,0.4283043772502433,0.05843631797233907
sp_Q59U81_SWR1_CANAL__helicase,0.29785662100521104,0.05278456907680369
sp_Q59U81_SWR1_CANAL__helicase-657m,0.5578241178291096,0.04515769752759223
sp_Q5AD67_CHL1_CANAL__helicase,0.10442049365145192,0.022960482156063902
sp_Q5AD67_CHL1_CANAL__helicase-337m,0.024767645635561664,0.0073489433612257534
sp_Q5F310_MCM8_XENLA__helicase,0.03525921018824903,0.01109021922120326
sp_Q5F310_MCM8_XENLA__helicase-333m,0.04493697038932394,0.013278713561004445
sp_Q5F485_DDX42_CHICK__helicase,0.6346864787889224,0.06255130959296434
sp_Q5F485_DDX42_CHICK__helicase-378m,0.08098605251631738,0.012892922239069394
sp_Q5H9U9_DDX6L_HUMAN__helicase,0.46708284625121044,0.05763168569232944
sp_Q5H9U9_DDX6L_HUMAN__helicase-683m,0.5426062795352729,0.04799998344670275
sp_Q5JGV6_HELS_THEKO__helicase,0.5006373235572654,0.0388684186889538
sp_Q5JGV6_HELS_THEKO__helicase-450m,0.04343999845654415,0.006865904003733727
sp_Q5R607_DHX30_PONAB__helicase,0.07842982332706191,0.03299010674352656
sp_Q5R607_DHX30_PONAB__helicase-478m,0.3210951927274935,0.05800900393383411
sp_Q5R6D8_DDX46_PONAB__helicase,0.1081108552104538,0.018049383988863084
sp_Q5R6D8_DDX46_PONAB__helicase-413m,0.1050156768541836,0.01999382257253281
sp_Q5R746_YTDC2_PONAB__helicase,0.27895412969243305,0.029185597847405657
sp_Q5R746_YTDC2_PONAB__helicase-572m,0.7539291303626315,0.053585602007654026
sp_Q5R7D1_DDX42_PONAB__helicase,0.5319026407239569,0.0692165318947933
sp_Q5R7D1_DDX42_PONAB__helicase-377m,0.12335125931644846,0.025974665198995512
sp_Q5RC67_DDX23_PONAB__helicase,0.11025783750887608,0.029709804410102684
sp_Q5RC67_DDX23_PONAB__helicase-328m,0.1459994485354384,0.030942267403419405
sp_Q5RE34_RTEL1_PONAB__helicase,0.27303304711545834,0.05756464636841915
sp_Q5RE34_RTEL1_PONAB__helicase-521m,0.1798170873721888,0.03798491757448603
sp_Q5ZI74_DHX30_CHICK__helicase,0.672566703555067,0.06551271834448179
sp_Q5ZI74_DHX30_CHICK__helicase-493m,0.021969569792478313,0.005488018008924891
sp_Q5ZKD7_MOV10_CHICK__helicase,0.03928801587146605,0.012597837854237208
sp_Q5ZKD7_MOV10_CHICK__helicase-387m,0.29383033726741065,0.05128536148176073
sp_Q60EX7_CHR19_ORYSJ__helicase,0.8187036640791318,0.0617426900344725
sp_Q60EX7_CHR19_ORYSJ__helicase-452m,0.0467284185385902,0.0146806690962863
sp_Q62780_DDX46_RAT__helicase,0.17092767991081875,0.025844429317766923
sp_Q62780_DDX46_RAT__helicase-413m,0.1465526654247193,0.027852615838958455
sp_Q67724_RDRP_HASV__helicase,0.3397899324010198,0.03739127932400431
sp_Q67724_RDRP_HASV__helicase-682m,0.25711408484953435,0.037568412120011045
sp_Q6CA87_SWR1_YARLI__helicase,0.3642281374844975,0.026722871200240562
sp_Q6CA87_SWR1_YARLI__helicase-709m,0.4008495399626451,0.045199487963050226
sp_Q6FPQ3_MPH1_CANGA__helicase,0.2660959764186822,0.0691210667977526
sp_Q6FPQ3_MPH1_CANGA__helicase-421m,0.5264354079704122,0.07363415977616099
sp_Q6NRM6_MCM9_XENLA__helicase,0.41170384249506553,0.05338006910307546
sp_Q6NRM6_MCM9_XENLA__helicase-458m,0.3195658103217455,0.04034773879188539
sp_Q6P5D3_DHX57_MOUSE__helicase,0.08524646181730199,0.029590800904426125
sp_Q6P5D3_DHX57_MOUSE__helicase-556m,0.4643144427133715,0.08349418783807122
sp_Q6PGC1_DHX29_MOUSE__helicase,0.5950559036910406,0.0480198304238504
sp_Q6PGC1_DHX29_MOUSE__helicase-546m,0.022088235257798277,0.004927077816340156
sp_Q759G7_SWR1_EREGS__helicase,0.066197478577523,0.016492077537627086
sp_Q759G7_SWR1_EREGS__helicase-595m,0.11684753954365437,0.03351890404648178
sp_Q75AA7_MPH1_EREGS__helicase,0.48096754566648026,0.07474166384811869
sp_Q75AA7_MPH1_EREGS__helicase-431m,0.16254346950797366,0.022884198982613176
sp_Q767K6_DHX16_PIG__helicase,0.5849778929016332,0.03943914947575626
sp_Q767K6_DHX16_PIG__helicase-418m,0.487704520989032,0.0774277652841795
sp_Q7QEI1_RTEL1_ANOGA__helicase,0.3262717436492977,0.04987063900082338
sp_Q7QEI1_RTEL1_ANOGA__helicase-397m,0.4921142486974217,0.04650605770172713
sp_Q7YR39_DHX16_PANTR__helicase,0.23946213560378432,0.06213745676208153
sp_Q7YR39_DHX16_PANTR__helicase-418m,0.017794859239070406,0.004092321857364244
sp_Q7ZU90_CHD1L_DANRE__helicase,0.3043981973823473,0.04480319312200346
sp_Q7ZU90_CHD1L_DANRE__helicase-411m,0.29082635802297274,0.06017408693465347
sp_Q80Y44_DDX10_MOUSE__helicase,0.2020471162247997,0.03775819928487974
sp_Q80Y44_DDX10_MOUSE__helicase-350m,0.04109591134623762,0.014208438885908234
sp_Q86B47_Y8611_DROME__helicase,0.2616996274516413,0.048952327894169145
sp_Q86B47_Y8611_DROME__helicase-390m,0.058938763324470254,0.020623969939023847
sp_Q8CFQ3_AQR_MOUSE__helicase,0.5176042275434715,0.05875835517047264
sp_Q8CFQ3_AQR_MOUSE__helicase-593m,0.10156954329748533,0.01634889290748011
sp_Q8IBN8_DDX31_PLAF7__helicase,0.10628944409011983,0.025001074336168366
sp_Q8IBN8_DDX31_PLAF7__helicase-360m,0.016200618109992466,0.004525513729273602
sp_Q8K4L0_DDX54_MOUSE__helicase,0.39121095264295347,0.07767644326837406
sp_Q8K4L0_DDX54_MOUSE__helicase-350m,0.0430097454415614,0.011554035468652591
sp_Q8YZA1_DNAB_NOSS1__helicase,0.09012466159660186,0.01840505424460747
sp_Q8YZA1_DNAB_NOSS1__helicase-352m,0.028308203368609203,0.007822090479669466
sp_Q92771_DDX12_HUMAN__helicase,0.7657887303345225,0.05223921624043121
sp_Q92771_DDX12_HUMAN__helicase-380m,0.061925626274662124,0.009253204938757115
sp_Q94BR5_CHR28_ARATH__helicase,0.06202837834263444,0.007714799708872997
sp_Q94BR5_CHR28_ARATH__helicase-393m,0.13687937144564521,0.01845534002236774
sp_Q9DBV3_DHX34_MOUSE__helicase,0.1439692935768575,0.05015527978336331
sp_Q9DBV3_DHX34_MOUSE__helicase-458m,0.06960427126002601,0.01830937792420517
sp_Q9FT69_RQSIM_ARATH__helicase,0.046590639330247326,0.007771035889126785
sp_Q9FT69_RQSIM_ARATH__helicase-344m,0.021646832571198732,0.006416575992534393
sp_Q9GZR7_DDX24_HUMAN__helicase,0.12734727002579532,0.03516207510280507
sp_Q9GZR7_DDX24_HUMAN__helicase-344m,0.11090054557932902,0.016055904254295268
sp_Q9LHE4_CHR27_ARATH__helicase,0.09444748666249339,0.01725924737849779
sp_Q9LHE4_CHR27_ARATH__helicase-419m,0.5315144717532301,0.08021508767505728
sp_Q9P774_PRP16_SCHPO__helicase,0.20394950473469678,0.03621885709326443
sp_Q9P774_PRP16_SCHPO__helicase-470m,0.4799778132904483,0.061287033925671204
sp_Q9VL52_SOYB_DROME__helicase,0.7222941650858333,0.06267445854420993
sp_Q9VL52_SOYB_DROME__helicase-591m,0.20677544709069196,0.03969801683169009
sp_Q9VNP5_BOYB_DROME__helicase,0.06916861502932281,0.017360756413346307
sp_Q9VNP5_BOYB_DROME__helicase-424m,0.9023192612817915,0.022901029078016548
sp_A1CNV8_DRS1_ASPCL__helicase,0.3907308605972183,0.0716208094223158
sp_A1CNV8_DRS1_ASPCL__helicase-331m,0.046084802236510326,0.009935607460082544
sp_A1CQA9_PRP5_ASPCL__helicase,0.503897453293051,0.05895864568955467
sp_A1CQA9_PRP5_ASPCL__helicase-477m,0.6331107666121002,0.04655617363125592
sp_A1CS00_MPH1_ASPCL__helicase,0.09809000729869174,0.02478785414929515
sp_A1CS00_MPH1_ASPCL__helicase-448m,0.47253218684302567,0.0708528552524356
sp_A1CTZ2_DBP4_ASPCL__helicase,0.011471208008514876,0.004016232286444175
sp_A1CTZ2_DBP4_ASPCL__helicase-330m,0.04465264457945923,0.009776364342709329
sp_A1CTZ6_DBP10_ASPCL__helicase,0.06934419188715817,0.01384293379927213
sp_A1CTZ6_DBP10_ASPCL__helicase-374m,0.03557544557973861,0.00933798719755512
sp_A1D1R8_DRS1_NEOFI__helicase,0.08418291522912683,0.02174557160158384
sp_A1D1R8_DRS1_NEOFI__helicase-328m,0.0383387596415158,0.009575057649196696
sp_A1D373_PRP5_NEOFI__helicase,0.3931840124396458,0.09326163684575947
sp_A1D373_PRP5_NEOFI__helicase-478m,0.22443333164071308,0.036917157231864256
sp_A1D4V5_MPH1_NEOFI__helicase,0.3646790303068771,0.07898776574867955
sp_A1D4V5_MPH1_NEOFI__helicase-445m,0.01653021370542245,0.003522381394276315
sp_A1DNF9_DBP4_NEOFI__helicase,0.03670771054739911,0.012800229688936493
sp_A1DNF9_DBP4_NEOFI__helicase-324m,0.08233401980006584,0.024554317020283
sp_A1DNG2_DBP10_NEOFI__helicase,0.02768874847759732,0.007229492215686463
sp_A1DNG2_DBP10_NEOFI__helicase-374m,0.17058369388802572,0.0412015905077627
sp_A2QAX7_DRS1_ASPNC__helicase,0.43708966123558907,0.044023356203937096
sp_A2QAX7_DRS1_ASPNC__helicase-330m,0.14354527258222524,0.021239330054035017
sp_A2QIL2_PRP28_ASPNC__helicase,0.020386192219981454,0.004639601840657044
sp_A2QIL2_PRP28_ASPNC__helicase-324m,0.03944209159407859,0.011040640176119516
sp_A2QQA8_PRP5_ASPNC__helicase,0.2748211868792346,0.05591645483320657
sp_A2QQA8_PRP5_ASPNC__helicase-472m,0.4668147427323527,0.07702472569223498
sp_A2QRY2_DBP10_ASPNC__helicase,0.013912581501534993,0.004686165591442477
sp_A2QRY2_DBP10_ASPNC__helicase-373m,0.14727909962697208,0.02592572550368335
sp_A2QS00_DBP4_ASPNC__helicase,0.01656301633206059,0.006082122854926311
sp_A2QS00_DBP4_ASPNC__helicase-321m,0.07132022239245323,0.021203483720886884
sp_A2RUV5_HFM1_XENTR__helicase,0.17932408631820945,0.0335049256859032
sp_A2RUV5_HFM1_XENTR__helicase-535m,0.05663264194364929,0.020272981337921235
sp_A2XVF7_RH13_ORYSI__helicase,0.010573306148205277,0.004323007459437108
sp_A2XVF7_RH13_ORYSI__helicase-333m,0.01182944171942501,0.002949345147326162
sp_A2YV85_RH29_ORYSI__helicase,0.4773604537661102,0.07325485988851174
sp_A2YV85_RH29_ORYSI__helicase-341m,0.036727687545217526,0.007663675248495749
sp_A3BT52_RH29_ORYSJ__helicase,0.45216400690826725,0.0678508506956471
sp_A3BT52_RH29_ORYSJ__helicase-341m,0.041418352133867374,0.008732936352641883
sp_A3GG51_MAK5_PICST__helicase,0.11550031702695326,0.02990671000315474
sp_A3GG51_MAK5_PICST__helicase-335m,0.05240762141600983,0.01441232355308011
sp_A3GH78_MPH1_PICST__helicase,0.01215803789661583,0.0032982149569020652
sp_A3GH78_MPH1_PICST__helicase-420m,0.6438157607795596,0.03316236592939519
sp_A3KMI0_DHX29_XENLA__helicase,0.6233212765962304,0.06944604162207503
sp_A3KMI0_DHX29_XENLA__helicase-545m,0.3584710659696389,0.04225595324901428
sp_A3LQ55_PRP5_PICST__helicase,0.12081552595107761,0.02173580900023107
sp_A3LQ55_PRP5_PICST__helicase-350m,0.07144931783524813,0.014077497322985922
sp_A3LZT3_DBP10_PICST__helicase,0.030129347575992355,0.009861219451292124
sp_A3LZT3_DBP10_PICST__helicase-373m,0.02904343127795095,0.008595947798448075
sp_A4IHD2_ARIP4_XENTR__helicase,0.9123476956781653,0.017406830022301503
sp_A4IHD2_ARIP4_XENTR__helicase-559m,0.042888542905199015,0.010119292185997579
sp_A4QX49_DBP7_PYRO7__helicase,0.01788507848829597,0.004094739356327573
sp_A4QX49_DBP7_PYRO7__helicase-330m,0.046491891010776346,0.013584015502606907
sp_A4R5B8_DBP10_PYRO7__helicase,0.015742063850095495,0.005241988694690289
sp_A4R5B8_DBP10_PYRO7__helicase-366m,0.06829316117897113,0.010983822679650137
sp_A4RN08_MPH1_PYRO7__helicase,0.3796690083789383,0.07174955299826317
sp_A4RN08_MPH1_PYRO7__helicase-441m,0.3656002317407076,0.061649360784032624
sp_A4RN46_PRP5_PYRO7__helicase,0.16005657725745884,0.030651159166239898
sp_A4RN46_PRP5_PYRO7__helicase-405m,0.957497930761002,0.010836695038101866
sp_A5DDF4_PRP5_PICGU__helicase,0.18873224367357627,0.0417831298822144
sp_A5DDF4_PRP5_PICGU__helicase-345m,0.0772413666924398,0.02668103009045542
sp_A5DLR3_DBP10_PICGU__helicase,0.02612553346003655,0.006113416049988831
sp_A5DLR3_DBP10_PICGU__helicase-366m,0.06998528682599942,0.019950892165128933
sp_A5DUB2_MAK5_LODEL__helicase,0.03857785830797396,0.010815385564772632
sp_A5DUB2_MAK5_LODEL__helicase-342m,0.1887735322974899,0.06209032530617947
sp_A5DZT7_DBP10_LODEL__helicase,0.12190947768407409,0.028227938283608735
sp_A5DZT7_DBP10_LODEL__helicase-380m,0.16335218070963564,0.04485349377686024
sp_A5E058_PRP5_LODEL__helicase,0.08358839919658184,0.03506489536149069
sp_A5E058_PRP5_LODEL__helicase-398m,0.4757742914680584,0.046445169751278007
sp_A6QUM7_DBP10_AJECN__helicase,0.008833662209167403,0.002452557226022712
sp_A6QUM7_DBP10_AJECN__helicase-360m,0.04800145652096613,0.010204635828567264
sp_A6RIS1_MPH1_BOTFB__helicase,0.38750626752729184,0.10961155333848599
sp_A6RIS1_MPH1_BOTFB__helicase-492m,0.7683640253604833,0.07216708737790614
sp_A6RJA2_PRP28_BOTFB__helicase,0.02101399666157153,0.005918993699890892
sp_A6RJA2_PRP28_BOTFB__helicase-327m,0.06425195811017236,0.016609149876964303
sp_A6RSH5_DBP7_BOTFB__helicase,0.011021584587201195,0.004507667903240726
sp_A6RSH5_DBP7_BOTFB__helicase-351m,0.045986461928426224,0.014476983317770817
sp_A6RUH2_DRS1_BOTFB__helicase,0.21020789201100065,0.03596393248843416
sp_A6RUH2_DRS1_BOTFB__helicase-321m,0.0830783716161217,0.021628564633014366
sp_A6RW79_PRP5_BOTFB__helicase,0.6538452542041585,0.06519664063230121
sp_A6RW79_PRP5_BOTFB__helicase-472m,0.9697983650777164,0.009388813334253086
sp_A6ZLH6_PRP5_YEAS7__helicase,0.018575538409716697,0.005371671976516866
sp_A6ZLH6_PRP5_YEAS7__helicase-340m,0.53328670214461,0.06647953357413901
sp_A6ZVS0_MPH1_YEAS7__helicase,0.038375440925179305,0.008873035599655054
sp_A6ZVS0_MPH1_YEAS7__helicase-398m,0.39699845662254374,0.0836430572392571
sp_A6ZXU0_DBP10_YEAS7__helicase,0.3384918829985647,0.05821744402010158
sp_A6ZXU0_DBP10_YEAS7__helicase-398m,0.753387344031444,0.05667917160851011
sp_A7EFH4_MPH1_SCLS1__helicase,0.32070637585453693,0.07543904723285622
sp_A7EFH4_MPH1_SCLS1__helicase-494m,0.059690329800349495,0.017171128513629858
sp_A7EGG4_PRP28_SCLS1__helicase,0.0784780529214258,0.02171547917476714
sp_A7EGG4_PRP28_SCLS1__helicase-327m,0.03881056132418007,0.007466344075742703
sp_A7ENE0_PRP5_SCLS1__helicase,0.6239854471773272,0.05707667179824378
sp_A7ENE0_PRP5_SCLS1__helicase-446m,0.28047599866396483,0.02821842213929457
sp_A7ERG1_CHL1_SCLS1__helicase,0.09710207752455782,0.03050311802847583
sp_A7ERG1_CHL1_SCLS1__helicase-361m,0.017334964997186477,0.006723866146819545
sp_A7ESL7_DBP10_SCLS1__helicase,0.07329689944977422,0.028027431425562337
sp_A7ESL7_DBP10_SCLS1__helicase-368m,0.09965702187286427,0.012059904856533016
sp_A7ESL8_DBP4_SCLS1__helicase,0.0264663937988363,0.007379479518648297
sp_A7ESL8_DBP4_SCLS1__helicase-324m,0.06202350977478682,0.017742725443324347
sp_A7F4L5_DRS1_SCLS1__helicase,0.2807738281507316,0.04496839223851038
sp_A7F4L5_DRS1_SCLS1__helicase-321m,0.10664692867357076,0.02461504410600196
sp_A7F8V8_DBP7_SCLS1__helicase,0.005982492204520289,0.0024417416109126294
sp_A7F8V8_DBP7_SCLS1__helicase-351m,0.0348481946566108,0.010812710015983704
sp_A7TGW7_DBP10_VANPO__helicase,0.15020852487173306,0.038905869054079015
sp_A7TGW7_DBP10_VANPO__helicase-391m,0.11275145385712308,0.034779653044322435
sp_A7TJK8_PRP5_VANPO__helicase,0.06038888887346713,0.016237172867633844
sp_A7TJK8_PRP5_VANPO__helicase-349m,0.07640105456082977,0.017913990543542885
sp_A7TSV4_MPH1_VANPO__helicase,0.021157633118140666,0.005071212583370008
sp_A7TSV4_MPH1_VANPO__helicase-405m,0.211112641044584,0.041479957167402076
sp_A7TTL0_CHL1_VANPO__helicase,0.009728999992465601,0.0035699382904450733
sp_A7TTL0_CHL1_VANPO__helicase-332m,0.08257152938167629,0.022592036127572435
sp_A7UXD4_CHL1_NEUCR__helicase,0.8961553853998099,0.03133923410424637
sp_A7UXD4_CHL1_NEUCR__helicase-428m,0.2613703021489567,0.03805409467368289
sp_B0W9F4_RTEL1_CULQU__helicase,0.4768616078597037,0.07375157588755678
sp_B0W9F4_RTEL1_CULQU__helicase-392m,0.07265509882175608,0.01517136260396053
sp_B0XDC4_SPNE_CULQU__helicase,0.2858647743260738,0.04769211105852447
sp_B0XDC4_SPNE_CULQU__helicase-559m,0.2120326340999862,0.04876741911883387
sp_B0XMV6_MPH1_ASPFC__helicase,0.7334076024983386,0.07496256412176833
sp_B0XMV6_MPH1_ASPFC__helicase-441m,0.05601034422743713,0.020754833203719996
sp_B4JT42_SPNE_DROGR__helicase,0.9108687131808779,0.013920965425979816
sp_B4JT42_SPNE_DROGR__helicase-574m,0.2285278127480604,0.03758786616075348
sp_F1QDI9_MCM9_DANRE__helicase,0.3426114393602506,0.04969973073537721
sp_F1QDI9_MCM9_DANRE__helicase-454m,0.12034033484192633,0.02521518886309525
sp_F4HYJ7_DEXH3_ARATH__helicase,0.05104863974680672,0.010664106688569618
sp_F4HYJ7_DEXH3_ARATH__helicase-479m,0.8335774824654483,0.05296053461638355
sp_F4I9Q5_DEXH7_ARATH__helicase,0.5969272859451678,0.0630926176249253
sp_F4I9Q5_DEXH7_ARATH__helicase-584m,0.09720556637846606,0.0211317666742253
sp_F4ILR7_DEXH1_ARATH__helicase,0.23129541891205552,0.05375247214865353
sp_F4ILR7_DEXH1_ARATH__helicase-398m,0.877010612043488,0.025563248371762545
sp_F4IM84_DEXH5_ARATH__helicase,0.01822278951855929,0.008105933834131019
sp_F4IM84_DEXH5_ARATH__helicase-446m,0.430797650241856,0.08354107080755216
sp_F4INY4_HVT1_ARATH__helicase,0.6607432859538823,0.061133688559011475
sp_F4INY4_HVT1_ARATH__helicase-520m,0.25966197127924007,0.04464120539046416
sp_F4IV45_CHR10_ARATH__helicase,0.04078111312775381,0.010282683417844411
sp_F4IV45_CHR10_ARATH__helicase-351m,0.018452582395164552,0.0059151461331873635
sp_F4JFJ3_Y3206_ARATH__helicase,0.013506630899903962,0.004166506644142011
sp_F4JFJ3_Y3206_ARATH__helicase-330m,0.07339313089934793,0.022788124290439762
sp_F4JMJ3_DEAH8_ARATH__helicase,0.017165847260382762,0.003863581623915425
sp_F4JMJ3_DEAH8_ARATH__helicase-354m,0.025671261354809856,0.007685902104457823
sp_F4KGU4_DEAHC_ARATH__helicase,0.4779162807513865,0.03982724063235028
sp_F4KGU4_DEAHC_ARATH__helicase-710m,0.34128349901026805,0.04685719823807875
sp_F5HEN8_HELI_HCMVM__helicase,0.37808229899657514,0.107018470863488
sp_F5HEN8_HELI_HCMVM__helicase-383m,0.12551933731333448,0.029935529724153205
sp_F6RIX4_MCM9_XENTR__helicase,0.48357571183919196,0.056999032092425704
sp_F6RIX4_MCM9_XENTR__helicase-447m,0.026466882082737758,0.005253278264608006
sp_O22243_C3H31_ARATH__helicase,0.010466472780910865,0.0033020825225314474
sp_O22243_C3H31_ARATH__helicase-406m,0.3088593660860765,0.07891348437069669
sp_O49289_RH29_ARATH__helicase,0.015150962663680722,0.004578014577576084
sp_O49289_RH29_ARATH__helicase-338m,0.09195584075614946,0.017756714760217507
sp_O59801_SKI2_SCHPO__helicase,0.5313047096863646,0.06531998506415236
sp_O59801_SKI2_SCHPO__helicase-486m,0.12095053930962085,0.024391202292306326
sp_O60114_YG65_SCHPO__helicase,0.18427588030093195,0.04054433687010072
sp_O60114_YG65_SCHPO__helicase-572m,0.054585376319223076,0.011017058353702276
sp_O94536_UCP12_SCHPO__helicase,0.4188945901530209,0.05158258753259949
sp_O94536_UCP12_SCHPO__helicase-531m,0.21267285862325322,0.04099905880025981
sp_P03214_HELI_EBVB9__helicase,0.0158035077761177,0.005785155787664488
sp_P03214_HELI_EBVB9__helicase-324m,0.056154642292922864,0.018923373614144857
sp_P0C2N8_DRS1_NEUCR__helicase,0.20102647989398242,0.051350900467744535
sp_P0C2N8_DRS1_NEUCR__helicase-332m,0.06740670544895641,0.01288925575425452
sp_P0C9A2_H962L_ASFP4__helicase,0.1982746325984738,0.0677612094909362
sp_P0C9A2_H962L_ASFP4__helicase-385m,0.0463737609512788,0.012310988951652096
sp_P0C9A3_H962L_ASFWA__helicase,0.16493779641525172,0.05783582582506602
sp_P0C9A3_H962L_ASFWA__helicase-385m,0.04080458657038643,0.010807540382844585
sp_P0C9A4_H962L_ASFK5__helicase,0.21757793673551298,0.06677040269987157
sp_P0C9A4_H962L_ASFK5__helicase-386m,0.06679112166396362,0.012317180744967817
sp_P0CE10_DEAHB_ARATH__helicase,0.42878052545075185,0.03513700126764255
sp_P0CE10_DEAHB_ARATH__helicase-715m,0.0841077726782177,0.01584986036451446
sp_P0CO19_SWR1_CRYNB__helicase,0.45659890454742136,0.05835638537936443
sp_P0CO19_SWR1_CRYNB__helicase-499m,0.32143901000727915,0.04530808185065527
sp_P0CQ82_DBP4_CRYNJ__helicase,0.02981201321052518,0.006443762935984382
sp_P0CQ82_DBP4_CRYNJ__helicase-343m,0.0793271682437824,0.012250220191035846
sp_P0CQ83_DBP4_CRYNB__helicase,0.13056992106995352,0.03768454812195587
sp_P0CQ83_DBP4_CRYNB__helicase-344m,0.16798808615473124,0.03789048164887504
sp_P0CQ93_DRS1_CRYNB__helicase,0.025758237780006066,0.006740496332301229
sp_P0CQ93_DRS1_CRYNB__helicase-324m,0.29115780537722713,0.06748492612834443
sp_P0CQ94_DBP7_CRYNJ__helicase,0.08985793730445195,0.02394716048142893
sp_P0CQ94_DBP7_CRYNJ__helicase-380m,0.09443945273635908,0.03245729809792632
sp_P0CQ98_PRP5_CRYNJ__helicase,0.727562217208175,0.07092272518615764
sp_P0CQ98_PRP5_CRYNJ__helicase-429m,0.18247131084877424,0.053664836727793076
sp_P0CR06_DBP10_CRYNJ__helicase,0.00975836366284375,0.001925466486619814
sp_P0CR06_DBP10_CRYNJ__helicase-321m,0.19183034667210927,0.044622496059309374
sp_P10189_HELI_HHV11__helicase,0.07636947626467007,0.01828258511130796
sp_P10189_HELI_HHV11__helicase-353m,0.09663215095343605,0.02603845387270809
sp_P16736_HELI_HCMVA__helicase,0.36578593263928727,0.10547871774999741
sp_P16736_HELI_HCMVA__helicase-383m,0.11922570536157259,0.02855219943949401
sp_P28934_HELI_EHV1B__helicase,0.18292453989993662,0.04400478716239839
sp_P28934_HELI_EHV1B__helicase-353m,0.13446787616628608,0.03990019192806793
sp_P30015_LHR_ECOLI__helicase,0.16844001703805483,0.027829420805424415
sp_P30015_LHR_ECOLI__helicase-616m,0.17187474073451034,0.022648706077060862
sp_P34305_RHA2_CAEEL__helicase,0.6907846656806298,0.08199188845702728
sp_P34305_RHA2_CAEEL__helicase-460m,0.18434882515717693,0.06248956527924684
sp_P37024_HRPB_ECOLI__helicase,0.1153313354221096,0.026241381829376416
sp_P37024_HRPB_ECOLI__helicase-324m,0.08437439993800687,0.02430970425632422
sp_P40434_YIR7_YEAST__helicase,0.4284145767931101,0.03896418557425165
sp_P40434_YIR7_YEAST__helicase-704m,0.4179800208236954,0.04314690194799807
sp_P40889_YJW5_YEAST__helicase,0.4345691053951263,0.03996192731758669
sp_P40889_YJW5_YEAST__helicase-704m,0.41754858137938883,0.04334510651157043
sp_P47264_Y018_MYCGE__helicase,0.22153062962104308,0.04527649649497862
sp_P47264_Y018_MYCGE__helicase-413m,0.728726562700863,0.06014687826163407
sp_P94593_YWQA_BACSU__helicase,0.6302295218796526,0.048114157458249186
sp_P94593_YWQA_BACSU__helicase-369m,0.16431923451100228,0.029777524790793333
sp_P9WMR1_HELY_MYCTU__helicase,0.027475254236952035,0.008320439702413725
sp_P9WMR1_HELY_MYCTU__helicase-363m,0.14255371663465946,0.0320041821704211
sp_Q03099_YMN3_YEAST__helicase,0.567790176478193,0.0683847884350291
sp_Q03099_YMN3_YEAST__helicase-550m,0.36894315768030694,0.03941745821274849
sp_Q05983_RDRP_RBDVR__helicase,0.3830946342460096,0.06154365353153816
sp_Q05983_RDRP_RBDVR__helicase-678m,0.22913089282352123,0.026683325920041804
sp_Q06698_YL419_YEAST__helicase,0.2667757666314105,0.04260079974184025
sp_Q06698_YL419_YEAST__helicase-574m,0.4996985820642396,0.05203286205658371
sp_Q07888_YL067_YEAST__helicase,0.5308448399802812,0.05432439929762755
sp_Q07888_YL067_YEAST__helicase-550m,0.10370517620395592,0.01736811465422834
sp_Q09475_YP93_CAEEL__helicase,0.3823277625034066,0.04029997498365643
sp_Q09475_YP93_CAEEL__helicase-686m,0.1290427585509517,0.02245215888963171
sp_Q0CMM5_DBP4_ASPTN__helicase,0.04453435308265809,0.011811233134642217
sp_Q0CMM5_DBP4_ASPTN__helicase-322m,0.1055721094411474,0.027155533628443487
sp_Q0CMM8_DBP10_ASPTN__helicase,0.08767997775621987,0.02360180741168743
sp_Q0CMM8_DBP10_ASPTN__helicase-372m,0.3708993835556194,0.035712565062463474
sp_Q0CWI2_MPH1_ASPTN__helicase,0.04024190996893266,0.009123768744136328
sp_Q0CWI2_MPH1_ASPTN__helicase-440m,0.18037805753805966,0.03903482468996377
sp_Q0CZN5_DRS1_ASPTN__helicase,0.14997683558963631,0.039085180245597186
sp_Q0CZN5_DRS1_ASPTN__helicase-329m,0.379378733687635,0.07916351880001098
sp_Q0D1K3_PRP5_ASPTN__helicase,0.5445560532806171,0.057716267467633406
sp_Q0D1K3_PRP5_ASPTN__helicase-473m,0.8243027779061525,0.05682973364092941
sp_Q0INC5_RH28_ORYSJ__helicase,0.013150668793918721,0.003337775968184667
sp_Q0INC5_RH28_ORYSJ__helicase-321m,0.401396435587273,0.09528755867747206
sp_Q0J7Y8_RH45_ORYSJ__helicase,0.015980731285590757,0.006853740746826705
sp_Q0J7Y8_RH45_ORYSJ__helicase-379m,0.6114341808521261,0.08467655524404158
sp_Q0U6X2_MAK5_PHANO__helicase,0.06221620660083995,0.010477123547659374
sp_Q0U6X2_MAK5_PHANO__helicase-327m,0.07814001260441492,0.0206069643815092
sp_Q0UHM7_DBP7_PHANO__helicase,0.0657352251207447,0.018243120107406544
sp_Q0UHM7_DBP7_PHANO__helicase-333m,0.07508452118715356,0.02587339102209289
sp_Q0UMB6_DBP10_PHANO__helicase,0.08934950838085243,0.0204478596758747
sp_Q0UMB6_DBP10_PHANO__helicase-352m,0.0395485719231066,0.011974229993567986
sp_Q0UMB9_DBP4_PHANO__helicase,0.014074600975851665,0.004539696552517329
sp_Q0UMB9_DBP4_PHANO__helicase-322m,0.04505115387675852,0.012181472476085305
sp_Q0UN57_PRP5_PHANO__helicase,0.35386111343495885,0.06789387786254497
sp_Q0UN57_PRP5_PHANO__helicase-474m,0.1947016055620835,0.05551162047212981
sp_Q0V1Z7_DRS1_PHANO__helicase,0.19786949722158326,0.033742669840761526
sp_Q0V1Z7_DRS1_PHANO__helicase-324m,0.2642717754750383,0.06665554745395962
sp_Q16JS8_SPNE_AEDAE__helicase,0.3390482544834128,0.05967048185113566
sp_Q16JS8_SPNE_AEDAE__helicase-550m,0.1115744060463364,0.025465289263788812
sp_Q1DHB2_PRP5_COCIM__helicase,0.20060677044401434,0.057579819419028476
sp_Q1DHB2_PRP5_COCIM__helicase-479m,0.3368703575795067,0.08065101828770432
sp_Q1DMX8_PRP28_COCIM__helicase,0.07656139907663281,0.023704686376405028
sp_Q1DMX8_PRP28_COCIM__helicase-328m,0.11672810001154857,0.035147166020163344
sp_Q1DY43_MPH1_COCIM__helicase,0.014590252334377884,0.002727455536079873
sp_Q1DY43_MPH1_COCIM__helicase-444m,0.9159938954310283,0.026591119075991137
sp_Q1E2B2_DRS1_COCIM__helicase,0.09734221979876082,0.019905871669745993
sp_Q1E2B2_DRS1_COCIM__helicase-336m,0.019785572204474265,0.005020254813366858
sp_Q1E5T3_CHL1_COCIM__helicase,0.09069484516446288,0.02128553549029566
sp_Q1E5T3_CHL1_COCIM__helicase-345m,0.26957206793651106,0.06703612742863808
sp_Q1EB31_DBP4_COCIM__helicase,0.029661025780733742,0.008150998498038813
sp_Q1EB31_DBP4_COCIM__helicase-323m,0.08140796702035794,0.01573965198339875
sp_Q1EB38_DBP10_COCIM__helicase,0.03448529360570414,0.008612693942375039
sp_Q1EB38_DBP10_COCIM__helicase-371m,0.1666980631055835,0.017936822773945486
sp_Q1LXK4_M10B1_DANRE__helicase,0.010055317156677786,0.002196778417782514
sp_Q1LXK4_M10B1_DANRE__helicase-406m,0.06842087998587551,0.015143423950502981
sp_Q1LXK5_M10B2_DANRE__helicase,0.10523262686025311,0.016224508240183462
sp_Q1LXK5_M10B2_DANRE__helicase-406m,0.025350391845523772,0.007585821516675833
sp_Q296Q5_SPNE_DROPS__helicase,0.4050347136828842,0.04347568448700032
sp_Q296Q5_SPNE_DROPS__helicase-574m,0.4932261551909979,0.09569653340081283
sp_Q29FS3_RTEL1_DROPS__helicase,0.43080608059428516,0.07419090419983154
sp_Q29FS3_RTEL1_DROPS__helicase-404m,0.013873582005461954,0.004471268067250499
sp_Q2GZU7_DBP7_CHAGB__helicase,0.09715482923059962,0.027473239865082637
sp_Q2GZU7_DBP7_CHAGB__helicase-323m,0.0323807734522593,0.008153204231290916
sp_Q2H2J1_DBP4_CHAGB__helicase,0.07371665153160636,0.020739939885304644
sp_Q2H2J1_DBP4_CHAGB__helicase-330m,0.04235878783394103,0.012255637112974649
sp_Q2HAD8_PRP5_CHAGB__helicase,0.23801165693660903,0.055551451193293556
sp_Q2HAD8_PRP5_CHAGB__helicase-426m,0.44903019806947153,0.06029186629989857
sp_Q2HG76_MPH1_CHAGB__helicase,0.6256699554004859,0.04761044193347328
sp_Q2HG76_MPH1_CHAGB__helicase-454m,0.6894483273618099,0.06745550204779721
sp_Q2U2J6_PRP5_ASPOR__helicase,0.5482695104452103,0.06618384719233351
sp_Q2U2J6_PRP5_ASPOR__helicase-475m,0.08967279634653691,0.015418389956463304
sp_Q2UH00_PRP28_ASPOR__helicase,0.02316741242176666,0.007092012445603901
sp_Q2UH00_PRP28_ASPOR__helicase-322m,0.010620432300526148,0.0036913748724507647
sp_Q2UHC1_DBP10_ASPOR__helicase,0.08083281875482143,0.013255130897634752
sp_Q2UHC1_DBP10_ASPOR__helicase-372m,0.23347527954373995,0.029768371196422384
sp_Q2UQI6_DRS1_ASPOR__helicase,0.5108642074444718,0.07164025017185925
sp_Q2UQI6_DRS1_ASPOR__helicase-328m,0.049613163622885134,0.01101738978784281
sp_Q3E7X8_YE077_YEAST__helicase,0.5858087853760494,0.053345968607792206
sp_Q3E7X8_YE077_YEAST__helicase-511m,0.549410213040379,0.05994784332740102
sp_Q4HZ42_DBP10_GIBZE__helicase,0.020994299966001252,0.005384651863304239
sp_Q4HZ42_DBP10_GIBZE__helicase-359m,0.26979100395902983,0.04010741366559431
sp_Q4IAK7_SWR1_GIBZE__helicase,0.2534677472621305,0.03546452428793034
sp_Q4IAK7_SWR1_GIBZE__helicase-677m,0.23593486915263165,0.02191672240462893
sp_Q4IP34_PRP5_GIBZE__helicase,0.11043989162396892,0.02704839653771362
sp_Q4IP34_PRP5_GIBZE__helicase-477m,0.9448485700554068,0.012616679730927073
sp_Q4P0Y5_DBP7_USTMA__helicase,0.08329941305923291,0.021565164248045932
sp_Q4P0Y5_DBP7_USTMA__helicase-390m,0.45721416739596704,0.06505544088022833
sp_Q4P3W3_DBP10_USTMA__helicase,0.03357618319134776,0.01208356642481589
sp_Q4P3W3_DBP10_USTMA__helicase-462m,0.9728721662608806,0.006911559747957973
sp_Q4P5U4_DBP4_USTMA__helicase,0.02417891185039966,0.007822387630144605
sp_Q4P5U4_DBP4_USTMA__helicase-367m,0.28366674090954924,0.04594584679254473
sp_Q4P9P3_DRS1_USTMA__helicase,0.03577341791845909,0.01077722035690238
sp_Q4P9P3_DRS1_USTMA__helicase-373m,0.24685325030218763,0.0482382959147756
sp_Q4PFD9_PRP5_USTMA__helicase,0.3147182903012803,0.08010129075130068
sp_Q4PFD9_PRP5_USTMA__helicase-463m,0.06749550767362616,0.017210201164601552
sp_Q4WAS9_SWR1_ASPFU__helicase,0.48107521046016277,0.057008730942183054
sp_Q4WAS9_SWR1_ASPFU__helicase-678m,0.22121188225024824,0.038675852279041106
sp_Q4WRV2_DRS1_ASPFU__helicase,0.06326601287800651,0.021320575247551394
sp_Q4WRV2_DRS1_ASPFU__helicase-332m,0.06529291731272671,0.013433329518578663
sp_Q4WT99_PRP5_ASPFU__helicase,0.17351019577025112,0.04849537546131299
sp_Q4WT99_PRP5_ASPFU__helicase-485m,0.8719528425366843,0.027341809607900936
sp_Q54CD8_DDX54_DICDI__helicase,0.15166346754838103,0.0308603101883146
sp_Q54CD8_DDX54_DICDI__helicase-437m,0.016289156481293622,0.0032879469342302027
sp_Q54F05_DHX8_DICDI__helicase,0.1771082220110709,0.025805894127493793
sp_Q54F05_DHX8_DICDI__helicase-464m,0.501721838926172,0.029571253887019
sp_Q54IV3_DDX42_DICDI__helicase,0.8480030236162373,0.034800260225958383
sp_Q54IV3_DDX42_DICDI__helicase-395m,0.19933563731526477,0.04374793700578542
sp_Q54MH3_DHX16_DICDI__helicase,0.29846853859600486,0.07369603664910208
sp_Q54MH3_DHX16_DICDI__helicase-443m,0.23180160025231986,0.04101308084923933
sp_Q54Q94_DDX10_DICDI__helicase,0.022656771236595853,0.004478285427569539
sp_Q54Q94_DDX10_DICDI__helicase-352m,0.1441535707694535,0.01716402649194904
sp_Q54TD7_DDX24_DICDI__helicase,0.030644532247561095,0.008478554232766201
sp_Q54TD7_DDX24_DICDI__helicase-376m,0.12984989082824067,0.021466227829946952
sp_Q54Y81_DDX23_DICDI__helicase,0.005706528447321229,0.0012788415958227368
sp_Q54Y81_DDX23_DICDI__helicase-334m,0.07191958037167087,0.02063026676259435
sp_Q54ZI9_DDX20_DICDI__helicase,0.07818995521930386,0.02311464428532385
sp_Q54ZI9_DDX20_DICDI__helicase-340m,0.047517950101531634,0.01650594397033202
sp_Q55681_RECG_SYNY3__helicase,0.045345890413483,0.0171119838728856
sp_Q55681_RECG_SYNY3__helicase-333m,0.005667403594862633,0.0015207824370714628
sp_Q5A1A0_MPH1_CANAL__helicase,0.07053709104337436,0.014056066490733201
sp_Q5A1A0_MPH1_CANAL__helicase-475m,0.5332059795947467,0.0257710091633693
sp_Q5ADL0_PRP5_CANAL__helicase,0.027000601518908755,0.010695724352879384
sp_Q5ADL0_PRP5_CANAL__helicase-354m,0.015330285364747079,0.0030079421911925835
sp_Q5ANB2_DBP10_CANAL__helicase,0.031416258069396255,0.008456049956134514
sp_Q5ANB2_DBP10_CANAL__helicase-364m,0.13914087496758873,0.036554210383404825
sp_Q5ARK3_SWR1_EMENI__helicase,0.8039149221207543,0.026246009549469235
sp_Q5ARK3_SWR1_EMENI__helicase-680m,0.5370623515783324,0.04022957334259195
sp_Q5BDW4_PRP5_EMENI__helicase,0.41845245237207684,0.0708183494712092
sp_Q5BDW4_PRP5_EMENI__helicase-470m,0.04035899742637343,0.011296188226760836
sp_Q5BFU1_DBP4_EMENI__helicase,0.014279214052393999,0.002758950354119965
sp_Q5BFU1_DBP4_EMENI__helicase-325m,0.0498146823483804,0.00957655891572415
sp_Q5BFU7_DBP10_EMENI__helicase,0.06896890764051991,0.020992733842466176
sp_Q5BFU7_DBP10_EMENI__helicase-375m,0.4936087365263888,0.07086416740043801
sp_Q5RDL2_DDX24_PONAB__helicase,0.1500383600862859,0.038739551800042564
sp_Q5RDL2_DDX24_PONAB__helicase-344m,0.16451200427521986,0.023310270036396078
sp_Q5UQU2_YR350_MIMIV__helicase,0.01211312365619115,0.004009553657189078
sp_Q5UQU2_YR350_MIMIV__helicase-327m,0.02493333934320973,0.006849597158430789
sp_Q5ZJF6_DDX10_CHICK__helicase,0.01650844762265933,0.004492091679046683
sp_Q5ZJF6_DDX10_CHICK__helicase-350m,0.08781540757215041,0.027003521025529765
sp_Q6BKC2_SWR1_DEBHA__helicase,0.30040757747584435,0.02009960100511719
sp_Q6BKC2_SWR1_DEBHA__helicase-647m,0.7014656855496453,0.032928567525524546
sp_Q6BL34_DBP10_DEBHA__helicase,0.01797112173612626,0.004343292097581283
sp_Q6BL34_DBP10_DEBHA__helicase-373m,0.1580357568446191,0.04578979863668101
sp_Q6BML1_PRP5_DEBHA__helicase,0.17981596766034239,0.03413218281343313
sp_Q6BML1_PRP5_DEBHA__helicase-366m,0.016483167426238763,0.004148287941153646
sp_Q6BRF0_MPH1_DEBHA__helicase,0.12444954069614064,0.04308213805755275
sp_Q6BRF0_MPH1_DEBHA__helicase-442m,0.06439873553297228,0.014937227221279529
sp_Q6BZD9_CHL1_DEBHA__helicase,0.09431310704179685,0.017765510559096042
sp_Q6BZD9_CHL1_DEBHA__helicase-328m,0.023252409042401962,0.0079684818805968
sp_Q6C7X8_DBP10_YARLI__helicase,0.05727964837207282,0.010440727536476175
sp_Q6C7X8_DBP10_YARLI__helicase-371m,0.3376067525408642,0.04981565627050224
sp_Q6CAX3_CHL1_YARLI__helicase,0.12262646256532281,0.033064670300852424
sp_Q6CAX3_CHL1_YARLI__helicase-322m,0.005062403626920757,0.0015334037870361856
sp_Q6CCZ1_PRP5_YARLI__helicase,0.32289188548545267,0.0508863433698191
sp_Q6CCZ1_PRP5_YARLI__helicase-390m,0.08601994804260382,0.016442007347413582
sp_Q6CIF0_CHL1_KLULA__helicase,0.027184324118826108,0.008498487395046007
sp_Q6CIF0_CHL1_KLULA__helicase-323m,0.006607113908962811,0.0012504587405839877
sp_Q6CIR0_DBP10_KLULA__helicase,0.8722673167818323,0.035879781275507526
sp_Q6CIR0_DBP10_KLULA__helicase-390m,0.045633980123001835,0.010777798907804358
sp_Q6CJ38_SWR1_KLULA__helicase,0.10880365974674407,0.02213841264572365
sp_Q6CJ38_SWR1_KLULA__helicase-629m,0.7930954154872639,0.0311215760121791
sp_Q6CKI1_PRP5_KLULA__helicase,0.02778402964583926,0.00765228677080386
sp_Q6CKI1_PRP5_KLULA__helicase-325m,0.07135280545646769,0.014277879441400014
sp_Q6CQX2_MPH1_KLULA__helicase,0.23234873590709268,0.04566706752492684
sp_Q6CQX2_MPH1_KLULA__helicase-401m,0.7438964224410594,0.04172100119385333
sp_Q6FK48_SWR1_CANGA__helicase,0.17360866629261867,0.03758027682313198
sp_Q6FK48_SWR1_CANGA__helicase-580m,0.22719827719208188,0.03567150241654476
sp_Q6FKT4_CHL1_CANGA__helicase,0.05647390873263978,0.01879652039091422
sp_Q6FKT4_CHL1_CANGA__helicase-332m,0.43388333612574287,0.07690502605076704
sp_Q6FML5_PRP5_CANGA__helicase,0.08743272691535252,0.025173789559725015
sp_Q6FML5_PRP5_CANGA__helicase-327m,0.004070567476514087,0.0008792765224891053
sp_Q6FNA2_DBP10_CANGA__helicase,0.22741763792044156,0.060723087152955796
sp_Q6FNA2_DBP10_CANGA__helicase-388m,0.7242700694227846,0.034065530427531666
sp_Q6K7R9_RH48_ORYSJ__helicase,0.041182924614654025,0.012762412105164794
sp_Q6K7R9_RH48_ORYSJ__helicase-325m,0.05332886680317382,0.010822651423712575
sp_Q750G3_CHL1_EREGS__helicase,0.017859073889825505,0.003847652814814648
sp_Q750G3_CHL1_EREGS__helicase-321m,0.02842259302496299,0.011551218015174508
sp_Q754U8_PRP5_EREGS__helicase,0.1047074095449225,0.02284571268036147
sp_Q754U8_PRP5_EREGS__helicase-342m,0.0567317497391876,0.01650199746869737
sp_Q757U8_DBP10_EREGS__helicase,0.07785773083127635,0.017063437049123383
sp_Q757U8_DBP10_EREGS__helicase-384m,0.18988366822609262,0.04158100277295405
sp_Q7QCW2_SPNE_ANOGA__helicase,0.11930898903860068,0.03208899486676564
sp_Q7QCW2_SPNE_ANOGA__helicase-586m,0.01325105499248774,0.0032645974135886713
sp_Q7RZ35_DBP4_NEUCR__helicase,0.010148282424573255,0.004578902304033731
sp_Q7RZ35_DBP4_NEUCR__helicase-330m,0.10723059420249759,0.022271700018355912
sp_Q7RZH4_MAK5_NEUCR__helicase,0.0353564501885553,0.012865757799599937
sp_Q7RZH4_MAK5_NEUCR__helicase-322m,0.03716262959367511,0.011322013695538445
sp_Q7S873_DBP7_NEUCR__helicase,0.0120255092684847,0.003686895646277152
sp_Q7S873_DBP7_NEUCR__helicase-326m,0.03742352256199784,0.009827913513221225
sp_Q7S9J4_DBP10_NEUCR__helicase,0.15233389262704872,0.044434991177135306
sp_Q7S9J4_DBP10_NEUCR__helicase-374m,0.09902671330155909,0.020355807832935165
sp_Q7SDF3_MPH1_NEUCR__helicase,0.039303819933335336,0.008316799359979175
sp_Q7SDF3_MPH1_NEUCR__helicase-468m,0.30095514264153034,0.05714602752318929
sp_Q7SH33_PRP5_NEUCR__helicase,0.8850711842298636,0.026406626950184225
sp_Q7SH33_PRP5_NEUCR__helicase-478m,0.0671563689608737,0.02029356367744288
sp_Q7ZY47_DDX42_XENLA__helicase,0.1510164116334177,0.03148502623822148
sp_Q7ZY47_DDX42_XENLA__helicase-379m,0.6508242468294718,0.05284880739123451
sp_Q84UQ1_RH42_ORYSJ__helicase,0.2948532766910884,0.047197804599931954
sp_Q84UQ1_RH42_ORYSJ__helicase-420m,0.32670414231315104,0.05860778290274104
sp_Q869P0_DDX31_DICDI__helicase,0.19440665985686081,0.03831102016413879
sp_Q869P0_DDX31_DICDI__helicase-364m,0.07700205546923357,0.01728862812438822
sp_Q86AS0_Y4399_DICDI__helicase,0.4066175868034998,0.05570264189193492
sp_Q86AS0_Y4399_DICDI__helicase-387m,0.26163292006786765,0.0689617522320752
sp_Q89443_H962L_ASFB7__helicase,0.19840068657160617,0.0693540279535513
sp_Q89443_H962L_ASFB7__helicase-385m,0.041181052823387264,0.011243872065650891
sp_Q8NJM2_DBP10_ASPFU__helicase,0.0037623653778981756,0.0008285770534779035
sp_Q8NJM2_DBP10_ASPFU__helicase-348m,0.2341553138574169,0.04904680590231661
sp_Q8V9U2_H962L_ASFM2__helicase,0.2562005428527404,0.07530701540235192
sp_Q8V9U2_H962L_ASFM2__helicase-386m,0.08536806237294936,0.017929222487371135
sp_Q93Y39_RH13_ARATH__helicase,0.0715674389918183,0.013937501007593311
sp_Q93Y39_RH13_ARATH__helicase-331m,0.07670569043117972,0.019444369035347242
sp_Q99208_YL066_YEAST__helicase,0.6112884561871413,0.06682194008641341
sp_Q99208_YL066_YEAST__helicase-550m,0.3589615845005941,0.03698385369215903
sp_Q9C6G0_DEXH4_ARATH__helicase,0.5197963584990538,0.10133909344617903
sp_Q9C6G0_DEXH4_ARATH__helicase-567m,0.31842330406837355,0.06868617114261075
sp_Q9C813_DEAHD_ARATH__helicase,0.23230847183844255,0.06258560883798393
sp_Q9C813_DEAHD_ARATH__helicase-495m,0.5111547032142494,0.07609168746200141
sp_Q9ESV0_DDX24_MOUSE__helicase,0.349550065109025,0.06976620226548035
sp_Q9ESV0_DDX24_MOUSE__helicase-343m,0.2366610086733636,0.04420388838827428
sp_Q9FNM7_RH26_ARATH__helicase,0.21310195005259294,0.049857930253783475
sp_Q9FNM7_RH26_ARATH__helicase-340m,0.024457076447026625,0.006173752041255213
sp_Q9HDY4_YK16_SCHPO__helicase,0.47850394237520116,0.06253125665650927
sp_Q9HDY4_YK16_SCHPO__helicase-474m,0.853272039536057,0.03181854158939348
sp_Q9P7T8_YIW2_SCHPO__helicase,0.36881087061481427,0.04536928871083777
sp_Q9P7T8_YIW2_SCHPO__helicase-687m,0.3840789853886722,0.03274425479981256
sp_Q9SF41_RH45_ARATH__helicase,0.533270395071005,0.06611149326676492
sp_Q9SF41_RH45_ARATH__helicase-396m,0.07281205053997612,0.01863031552147574
sp_Q9SQV1_RH40_ARATH__helicase,0.022669298213049915,0.0036112332872706844
sp_Q9SQV1_RH40_ARATH__helicase-436m,0.807102347403742,0.05694034736452059
sp_Q9UTL9_YIV5_SCHPO__helicase,0.45515006444173656,0.0626198930271543
sp_Q9UTL9_YIV5_SCHPO__helicase-550m,0.0845819635816972,0.02032115077704108
sp_A4KX71_HELI1_HVAVE__helicase,0.592157900240243,0.07245895298249841
sp_A4KX71_HELI1_HVAVE__helicase-378m,0.029284001345114618,0.011064109235080704
sp_F5HIG1_HEPA_HCMVM__helicase,0.08398463967684586,0.013893864678240329
sp_F5HIG1_HEPA_HCMVM__helicase-350m,0.007863049134979943,0.0024789352039195386
sp_O27830_HELX_METTH__helicase,0.021178407612219237,0.005965238425624886
sp_O27830_HELX_METTH__helicase-345m,0.12737836577931624,0.017692808547039536
sp_O55768_VF184_IIV6__helicase,0.06695636214170075,0.009924418953487286
sp_O55768_VF184_IIV6__helicase-389m,0.08255387926449002,0.020343077658539037
sp_O80792_RH33_ARATH__helicase,0.03771800548040887,0.010869609648348679
sp_O80792_RH33_ARATH__helicase-338m,0.06947088338837856,0.011872600675559397
sp_P09303_HELI_VZVD__helicase,0.03332205255403432,0.0052525716332398305
sp_P09303_HELI_VZVD__helicase-353m,0.015702009210339967,0.0046777552012763485
sp_P0C7L7_YUM14_USTMA__helicase,0.3663835589960737,0.02999335971340885
sp_P0C7L7_YUM14_USTMA__helicase-627m,0.8457558257651933,0.02620187588150878
sp_P0C8H0_VF859_ASFK5__helicase,0.018141128740843927,0.003830317167592835
sp_P0C8H0_VF859_ASFK5__helicase-344m,0.015085879808290292,0.00358565264848257
sp_P0C8H1_VF859_ASFM2__helicase,0.03335311406811618,0.0057508811041250925
sp_P0C8H1_VF859_ASFM2__helicase-344m,0.013378549199716695,0.0031356869765281296
sp_P0C8H2_VF859_ASFP4__helicase,0.035785420152264255,0.0069375333774448645
sp_P0C8H2_VF859_ASFP4__helicase-344m,0.023925723334365073,0.005633549537110817
sp_P0C8H3_VF859_ASFWA__helicase,0.03811564080313781,0.007304620156855969
sp_P0C8H3_VF859_ASFWA__helicase-344m,0.025657583624297743,0.005895656605401965
sp_P0CA09_PRIM_ASFWA__helicase,0.03304620434404681,0.008207825014979651
sp_P0CA09_PRIM_ASFWA__helicase-421m,0.21699444605246168,0.039208993290391514
sp_P0CA10_PRIM_ASFK5__helicase,0.0078088756424140055,0.0019237516745122594
sp_P0CA10_PRIM_ASFK5__helicase-420m,0.043326002719716906,0.0095664901078991
sp_P0CA11_PRIM_ASFP4__helicase,0.025903279483960217,0.006425137355580504
sp_P0CA11_PRIM_ASFP4__helicase-421m,0.1967755706465352,0.03525576994575744
sp_P0CA12_PRIM_ASFM2__helicase,0.006725527441330083,0.0025043237322267893
sp_P0CA12_PRIM_ASFM2__helicase-441m,0.3245202183929924,0.06940351611673047
sp_P16827_HEPA_HCMVA__helicase,0.09190756288092965,0.013425530933706334
sp_P16827_HEPA_HCMVA__helicase-350m,0.008209855015841276,0.002587134646567274
sp_P28277_HELI_HHV2H__helicase,0.15260202140386725,0.03793084456305664
sp_P28277_HELI_HHV2H__helicase-353m,0.0770177521142414,0.017934901555605093
sp_P45018_HRPA_HAEIN__helicase,0.34701486211269117,0.04867532461103064
sp_P45018_HRPA_HAEIN__helicase-522m,0.2758375853166567,0.03032111212104849
sp_P47386_Y140_MYCGE__helicase,0.06261301453152288,0.012530523136363847
sp_P47386_Y140_MYCGE__helicase-446m,0.41338468052665006,0.09555802207333984
sp_P52356_HELI_HHV6U__helicase,0.002507582464739778,0.0005057426102202006
sp_P52356_HELI_HHV6U__helicase-330m,0.02993557363086987,0.008152984411776754
sp_P52357_HELI_HHV7J__helicase,0.02724901033763214,0.010299029240141498
sp_P52357_HELI_HHV7J__helicase-328m,0.23309345996629918,0.06079343612358147
sp_P52450_HELI_HHV6Z__helicase,0.0020891097358330607,0.0004340993693908824
sp_P52450_HELI_HHV6Z__helicase-330m,0.02933436607401676,0.007960261477956629
sp_P75033_Y153_MYCPN__helicase,0.03039612305584648,0.007505602315778258
sp_P75033_Y153_MYCPN__helicase-446m,0.46887532504540996,0.10814623726969325
sp_P75093_Y020_MYCPN__helicase,0.08462708749430584,0.02591286118006091
sp_P75093_Y020_MYCPN__helicase-412m,0.09391834210378744,0.02091550731773877
sp_P95949_HELX_SACS2__helicase,0.014757414165699149,0.0025094983516946267
sp_P95949_HELX_SACS2__helicase-350m,0.029217237564797015,0.010531684641368699
sp_Q06VC2_HELI1_TNAVC__helicase,0.49119452007716824,0.06336155908094755
sp_Q06VC2_HELI1_TNAVC__helicase-390m,0.42932177663087384,0.07553101209249272
sp_Q09449_YQ12_CAEEL__helicase,0.42846010384196537,0.06683038965000364
sp_Q09449_YQ12_CAEEL__helicase-610m,0.40385860352092157,0.05417438780718558
sp_Q0E592_HELI1_SFAVA__helicase,0.16958182269349456,0.03649096758824305
sp_Q0E592_HELI1_SFAVA__helicase-392m,0.3627983238520245,0.053445232501888804
sp_Q196T9_VF184_IIV3__helicase,0.05780237652589889,0.01031181947356244
sp_Q196T9_VF184_IIV3__helicase-377m,0.0879133502969438,0.022081541974797683
sp_Q196X3_VF022_IIV3__helicase,0.5632132427199706,0.05396862131415328
sp_Q196X3_VF022_IIV3__helicase-392m,0.29694892443541654,0.08198263977798734
sp_Q54XN7_Y8827_DICDI__helicase,0.3344610530455015,0.03524045548426255
sp_Q54XN7_Y8827_DICDI__helicase-727m,0.30519174731159665,0.040406027111993384
sp_Q57742_HELX_METJA__helicase,0.019642664858798762,0.004958655360444375
sp_Q57742_HELX_METJA__helicase-337m,0.059264746938151834,0.014031515858617376
sp_Q58796_Y1401_METJA__helicase,0.06982268507041355,0.02637886975509076
sp_Q58796_Y1401_METJA__helicase-324m,0.0795734974438502,0.019205446812909782
sp_Q5UP58_YR592_MIMIV__helicase,0.03919577512866666,0.017755330413675833
sp_Q5UP58_YR592_MIMIV__helicase-337m,0.019813945031745075,0.005185003886223866
sp_Q5UP79_YR008_MIMIV__helicase,0.03822949948980348,0.008041414644900149
sp_Q5UP79_YR008_MIMIV__helicase-421m,0.11092239860096764,0.030874171940774874
sp_Q5UPJ4_YL115_MIMIV__helicase,0.40971878058893363,0.060122934516607385
sp_Q5UPJ4_YL115_MIMIV__helicase-499m,0.25912949041239297,0.037569377128432474
sp_Q5UQ22_YL207_MIMIV__helicase,0.031029249392602515,0.007747171753523448
sp_Q5UQ22_YL207_MIMIV__helicase-384m,0.43862032084489994,0.0822759366629997
sp_Q5UQW0_YL377_MIMIV__helicase,0.813764701321649,0.04920621759125999
sp_Q5UQW0_YL377_MIMIV__helicase-459m,0.3578958232469204,0.07383388287213974
sp_Q5UR20_YR366_MIMIV__helicase,0.2750562760697482,0.034252978544763155
sp_Q5UR20_YR366_MIMIV__helicase-707m,0.31884439309914797,0.031052954608642797
sp_Q65143_VF859_ASFB7__helicase,0.027762080089417173,0.004624098734834286
sp_Q65143_VF859_ASFB7__helicase-344m,0.017414158980349825,0.004137384371705925
sp_Q65146_PRIM_ASFB7__helicase,0.04155857728271461,0.011026277019646943
sp_Q65146_PRIM_ASFB7__helicase-422m,0.07591313880087389,0.02031386600006139
sp_Q6GZV3_O22R_FRG3G__helicase,0.08704283161257848,0.02111509181823298
sp_Q6GZV3_O22R_FRG3G__helicase-390m,0.35036932803353704,0.06101108101479724
sp_Q6GZW6_009L_FRG3G__helicase,0.09645098154578377,0.028806227736747566
sp_Q6GZW6_009L_FRG3G__helicase-380m,0.1467653842102636,0.04766783102490723
sp_Q6S6U7_HELI_EHV1V__helicase,0.18979088718089548,0.04546113410863971
sp_Q6S6U7_HELI_EHV1V__helicase-353m,0.12919887667941973,0.03838079355602154
sp_Q6UDG9_HELI_PSHV1__helicase,0.023311878399952735,0.0041397660767531624
sp_Q6UDG9_HELI_PSHV1__helicase-342m,0.1951468662858104,0.04135988507447651
sp_Q83950_V143_NPVOP__helicase,0.11398914821276485,0.033370426231969494
sp_Q83950_V143_NPVOP__helicase-490m,0.24266926249679935,0.030540423982795013
sp_Q9E6R1_HELI_GAHVM__helicase,0.08034815307079164,0.022464065697717035
sp_Q9E6R1_HELI_GAHVM__helicase-344m,0.14615162412412885,0.02976133802728546
sp_Q9J3N5_HELI_VZVO__helicase,0.031703915764596524,0.0046018862883066515
sp_Q9J3N5_HELI_VZVO__helicase-353m,0.015395829108534658,0.004527885720592766
sp_Q9QSK4_VF022_IIV6__helicase,0.4618102482895067,0.0801381454541856
sp_Q9QSK4_VF022_IIV6__helicase-469m,0.033904315900479445,0.00804852351275265
sp_Q9ZBD8_HELY_MYCLE__helicase,0.016193576091206762,0.004403299268587141
sp_Q9ZBD8_HELY_MYCLE__helicase-368m,0.30844488129309416,0.05677885857739457
sp_A0R152_RNE_MYCS2__nuclease,0.3361436101676634,0.08473878620844312
sp_A0R152_RNE_MYCS2__nuclease-415m,0.12313964145473714,0.023084297143753894
sp_A1ZAW0_DCR2_DROME__nuclease,0.1814795382350993,0.028624805435285377
sp_A1ZAW0_DCR2_DROME__nuclease-689m,0.37637762198496033,0.036355807206449396
sp_A7LFZ6_DCL4_ORYSJ__nuclease,0.12818014320639767,0.014167466744671705
sp_A7LFZ6_DCL4_ORYSJ__nuclease-663m,0.0687973640309334,0.007967958483650586
sp_B1WC58_CTIP_RAT__nuclease,0.1109019622349809,0.01895607170560112
sp_B1WC58_CTIP_RAT__nuclease-358m,0.026423095676511094,0.004088222325524791
sp_D2HNY3_FAN1_AILME__nuclease,0.3734201856292263,0.039093224123273984
sp_D2HNY3_FAN1_AILME__nuclease-410m,0.32734692657588904,0.05626885668506181
sp_F1NQJ3_PMS2_CHICK__nuclease,0.015180963924705226,0.0063759935992721666
sp_F1NQJ3_PMS2_CHICK__nuclease-348m,0.42925766571052887,0.08047479091117646
sp_F4IV66_RNE_ARATH__nuclease,0.6603786887442198,0.08852122140276622
sp_F4IV66_RNE_ARATH__nuclease-401m,0.5923207867008692,0.09318280427110316
sp_H9T8G6_CDIA9_BURPE__nuclease,0.03804463972177074,0.008578254188709668
sp_H9T8G6_CDIA9_BURPE__nuclease-523m,0.07293041710150099,0.014954443765641664
sp_O01326_RNC_CAEEL__nuclease,0.39896663574683705,0.07037090142933258
sp_O01326_RNC_CAEEL__nuclease-435m,0.19749769244109658,0.038727490797075104
sp_O14040_DI3L2_SCHPO__nuclease,0.20779888754430303,0.02769739464094602
sp_O14040_DI3L2_SCHPO__nuclease-371m,0.3058586691906017,0.05177874655138787
sp_P08956_T1RK_ECOLI__nuclease,0.15879040723471738,0.061299191733696655
sp_P08956_T1RK_ECOLI__nuclease-468m,0.07628406529327111,0.022021320987201484
sp_P10486_T1R1_ECOLX__nuclease,0.4665683244461977,0.07142376750880208
sp_P10486_T1R1_ECOLX__nuclease-416m,0.43025457689969626,0.06930609273538464
sp_P13458_SBCC_ECOLI__nuclease,0.17581630079855684,0.03482169532998922
sp_P13458_SBCC_ECOLI__nuclease-420m,0.3373792311517665,0.056208418077506
sp_P21499_RNR_ECOLI__nuclease,0.050691594713470775,0.013757037285687671
sp_P21499_RNR_ECOLI__nuclease-326m,0.03650985078950949,0.012815577749412645
sp_P21513_RNE_ECOLI__nuclease,0.1612204941616334,0.031335706538602924
sp_P21513_RNE_ECOLI__nuclease-425m,0.025417775288024542,0.007462347077348664
sp_P22147_XRN1_YEAST__nuclease,0.16804871586321712,0.03646576315593359
sp_P22147_XRN1_YEAST__nuclease-612m,0.3204212110653198,0.03899755871508509
sp_P31384_CCR4_YEAST__nuclease,0.027622054927984713,0.007058395671891029
sp_P31384_CCR4_YEAST__nuclease-335m,0.1151224478821973,0.021341038552939628
sp_P34607_MUT7_CAEEL__nuclease,0.017231013249114933,0.006734491326537098
sp_P34607_MUT7_CAEEL__nuclease-364m,0.04041906088213627,0.012750222378236817
sp_P37202_DIS3_SCHPO__nuclease,0.23576366324517695,0.06428972579236755
sp_P37202_DIS3_SCHPO__nuclease-388m,0.6042371123633388,0.06762133762744844
sp_P39112_DSS1_YEAST__nuclease,0.036646977552264204,0.0081602422505009
sp_P39112_DSS1_YEAST__nuclease-388m,0.48522495779937413,0.07636184910361293
sp_P40383_XRN1_SCHPO__nuclease,0.4022850222417251,0.05216570286671001
sp_P40383_XRN1_SCHPO__nuclease-532m,0.02539936708530034,0.005557547153994927
sp_P40848_XRN2_SCHPO__nuclease,0.6955443094418483,0.06860646363573324
sp_P40848_XRN2_SCHPO__nuclease-397m,0.629019214700849,0.04104950816180196
sp_P54278_PMS2_HUMAN__nuclease,0.0007957318370182407,0.00022499308509621894
sp_P54278_PMS2_HUMAN__nuclease-345m,0.021967926515996317,0.006177607018011006
sp_P54279_PMS2_MOUSE__nuclease,0.0010044562287289578,0.00039826585302020864
sp_P54279_PMS2_MOUSE__nuclease-344m,0.012775746111217881,0.0032095990404549138
sp_P54602_YHCR_BACSU__nuclease,0.13443722352810078,0.042198230921391855
sp_P54602_YHCR_BACSU__nuclease-487m,0.3461912419358168,0.0423765342841208
sp_P71629_CAS10_MYCTU__nuclease,0.02128086707600982,0.007577610015289187
sp_P71629_CAS10_MYCTU__nuclease-324m,0.18223491855298452,0.02949596288287096
sp_P71905_RNE_MYCTU__nuclease,0.28709818418870814,0.04398155691520668
sp_P71905_RNE_MYCTU__nuclease-382m,0.09318497155904001,0.021408519830908544
sp_P90740_FAN1_CAEEL__nuclease,0.0075658520097141605,0.0019001097123536835
sp_P90740_FAN1_CAEEL__nuclease-346m,0.004860699527166118,0.001092004709382013
sp_P97789_XRN1_MOUSE__nuclease,0.736219250797532,0.033286185785349545
sp_P97789_XRN1_MOUSE__nuclease-688m,0.29468569616970897,0.03778717906270085
sp_Q02773_RPM2_YEAST__nuclease,0.20039412900709008,0.04695893103873654
sp_Q02773_RPM2_YEAST__nuclease-481m,0.916387180337348,0.02754428273220831
sp_Q02792_XRN2_YEAST__nuclease,0.5377429397320184,0.07720434932907651
sp_Q02792_XRN2_YEAST__nuclease-403m,0.6247206979071352,0.09484969767019424
sp_Q08162_RRP44_YEAST__nuclease,0.18162793364061863,0.033768155539107204
sp_Q08162_RRP44_YEAST__nuclease-401m,0.16655690255846023,0.04053224406050113
sp_Q17RS7_GEN_HUMAN__nuclease,0.15874756519101896,0.031556054384354486
sp_Q17RS7_GEN_HUMAN__nuclease-364m,0.061299770269277645,0.019167792592919206
sp_Q1LWH4_FAN1_DANRE__nuclease,0.3804645168759332,0.07497885378740046
sp_Q1LWH4_FAN1_DANRE__nuclease-396m,0.05014605383806771,0.013104785552045613
sp_Q24087_XPF_DROME__nuclease,0.007184402416742034,0.0029490870792718694
sp_Q24087_XPF_DROME__nuclease-385m,0.22655647092908224,0.05399480003790839
sp_Q3EBC8_DCL2_ARATH__nuclease,0.34697860126126545,0.07162855851097201
sp_Q3EBC8_DCL2_ARATH__nuclease-556m,0.36186892362083345,0.05686458367838343
sp_Q5HZJ0_RNC_MOUSE__nuclease,0.1282856714539593,0.046683401921899306
sp_Q5HZJ0_RNC_MOUSE__nuclease-550m,0.3638939103956,0.07453853828823348
sp_Q66X93_SND1_RAT__nuclease,0.003757399257448978,0.0008100409797530537
sp_Q66X93_SND1_RAT__nuclease-364m,0.04451366081135168,0.009461141137284631
sp_Q69ZT1_FAN1_MOUSE__nuclease,0.5280727051181667,0.07515573196029965
sp_Q69ZT1_FAN1_MOUSE__nuclease-408m,0.19608693979848146,0.047520096142574776
sp_Q6GNV6_CTIP_XENLA__nuclease,0.1934139860428064,0.03730192293881376
sp_Q6GNV6_CTIP_XENLA__nuclease-343m,0.14119213482268683,0.03609549055915393
sp_Q6NQJ6_RNR1_ARATH__nuclease,0.035545367655701855,0.01078515070100712
sp_Q6NQJ6_RNR1_ARATH__nuclease-322m,0.0343129694942521,0.013324600564101464
sp_Q78PY7_SND1_MOUSE__nuclease,0.07703094641345899,0.020349790871254634
sp_Q78PY7_SND1_MOUSE__nuclease-364m,0.03325551324344385,0.0079292020055616
sp_Q7KZF4_SND1_HUMAN__nuclease,0.0663546991176484,0.017124187987984634
sp_Q7KZF4_SND1_HUMAN__nuclease-364m,0.039524499596965294,0.00922910560169095
sp_Q80YR6_CTIP_MOUSE__nuclease,0.05727163034997619,0.011736371595033126
sp_Q80YR6_CTIP_MOUSE__nuclease-358m,0.03252576268600095,0.005410984830186409
sp_Q84W56_RNJ_ARATH__nuclease,0.3276497389412724,0.06912383093821775
sp_Q84W56_RNJ_ARATH__nuclease-365m,0.06108360637537752,0.015988360107839536
sp_Q8CI75_DI3L2_MOUSE__nuclease,0.10080559705712959,0.03615786161881809
sp_Q8CI75_DI3L2_MOUSE__nuclease-348m,0.03440691536784314,0.008856442855786779
sp_Q8IYB7_DI3L2_HUMAN__nuclease,0.07653329784298932,0.019260067095389955
sp_Q8IYB7_DI3L2_HUMAN__nuclease-354m,0.07069365958819804,0.019233679314642226
sp_Q8IZH2_XRN1_HUMAN__nuclease,0.8037328552431713,0.03226857744676867
sp_Q8IZH2_XRN1_HUMAN__nuclease-683m,0.3898040505929833,0.038006024024281646
sp_Q8N1G1_REXO1_HUMAN__nuclease,0.6750548196416528,0.04783776286921512
sp_Q8N1G1_REXO1_HUMAN__nuclease-489m,0.2810779052409996,0.05341900612260316
sp_Q8TF46_DI3L1_HUMAN__nuclease,0.05923077306299035,0.021769252894426
sp_Q8TF46_DI3L1_HUMAN__nuclease-422m,0.5328544601058101,0.08249007335513234
sp_Q8VZG7_TSN1_ARATH__nuclease,0.14441732581294336,0.03733690987256801
sp_Q8VZG7_TSN1_ARATH__nuclease-397m,0.42901430264694207,0.044408037372589665
sp_Q92889_XPF_HUMAN__nuclease,0.028886720157865135,0.007672355104038979
sp_Q92889_XPF_HUMAN__nuclease-367m,0.017177674033801875,0.007332526229428916
sp_Q99708_CTIP_HUMAN__nuclease,0.17364070383001345,0.03367602846074702
sp_Q99708_CTIP_HUMAN__nuclease-359m,0.006753846919069729,0.0023806958568871176
sp_Q9CSH3_RRP44_MOUSE__nuclease,0.24762886565239536,0.0557514605566153
sp_Q9CSH3_RRP44_MOUSE__nuclease-384m,0.37840545129404535,0.06963413974214389
sp_Q9DBR1_XRN2_MOUSE__nuclease,0.06721893276068873,0.018397816784748288
sp_Q9DBR1_XRN2_MOUSE__nuclease-381m,0.1744808898725152,0.026565850968287494
sp_Q9FLT0_TSN2_ARATH__nuclease,0.2641728953454586,0.045924969085740244
sp_Q9FLT0_TSN2_ARATH__nuclease-394m,0.4059844289405884,0.06745474060773984
sp_Q9FQ02_XRN2_ARATH__nuclease,0.3223308086989468,0.04014080386463378
sp_Q9FQ02_XRN2_ARATH__nuclease-405m,0.38854111275348746,0.06855401956713422
sp_Q9FQ03_XRN3_ARATH__nuclease,0.09978090280955496,0.024049274657982053
sp_Q9FQ03_XRN3_ARATH__nuclease-408m,0.9514489186048687,0.01713329765370265
sp_Q9FQ04_XRN4_ARATH__nuclease,0.3808630880097741,0.055795223755741814
sp_Q9FQ04_XRN4_ARATH__nuclease-379m,0.5032598177484552,0.07022585464377845
sp_Q9H0D6_XRN2_HUMAN__nuclease,0.0851813002830262,0.020538502315746884
sp_Q9H0D6_XRN2_HUMAN__nuclease-380m,0.08499858074175011,0.025707128057653537
sp_Q9LKI5_XPF_ARATH__nuclease,0.14598915414478042,0.0199519074131827
sp_Q9LKI5_XPF_ARATH__nuclease-383m,0.048337878396786334,0.015761242522098783
sp_Q9LXW7_DCL3_ARATH__nuclease,0.3206679987325311,0.04125335361832132
sp_Q9LXW7_DCL3_ARATH__nuclease-632m,0.30396655485078383,0.042860093218812
sp_Q9NRR4_RNC_HUMAN__nuclease,0.11468256671879673,0.03370456681225576
sp_Q9NRR4_RNC_HUMAN__nuclease-550m,0.0819801932855872,0.013095102373724592
sp_Q9QYM7_XPF_CRIGR__nuclease,0.013759533618297742,0.004087319305933519
sp_Q9QYM7_XPF_CRIGR__nuclease-366m,0.039556459836194734,0.013068831458221403
sp_Q9QZ11_EXO1_MOUSE__nuclease,0.04337595752688679,0.01167012172680447
sp_Q9QZ11_EXO1_MOUSE__nuclease-335m,0.014546323223272423,0.004505831135609035
sp_Q9QZD4_XPF_MOUSE__nuclease,0.06793597841800005,0.01044192993852192
sp_Q9QZD4_XPF_MOUSE__nuclease-367m,0.0073145909744145865,0.0018852434169163818
sp_Q9SHL7_RP44A_ARATH__nuclease,0.018260994224823513,0.005480524014631275
sp_Q9SHL7_RP44A_ARATH__nuclease-374m,0.028316961247939483,0.005543748646260345
sp_Q9U299_XRN2_CAEEL__nuclease,0.24855232980556136,0.05697482395094983
sp_Q9U299_XRN2_CAEEL__nuclease-390m,0.0888929845165874,0.021548596692983212
sp_Q9UQ84_EXO1_HUMAN__nuclease,0.01345048987800634,0.00403946068711667
sp_Q9UQ84_EXO1_HUMAN__nuclease-339m,0.044947696596061924,0.01519392659025229
sp_Q9VM71_XRN2_DROME__nuclease,0.3237945582446634,0.03925013771503315
sp_Q9VM71_XRN2_DROME__nuclease-364m,0.06288014043843779,0.018264560741719418
sp_Q9W0S7_SND1_DROME__nuclease,0.009083025325325261,0.002093356644214201
sp_Q9W0S7_SND1_DROME__nuclease-371m,0.1831063323136219,0.02294143229708886
sp_Q9Y2L1_RRP44_HUMAN__nuclease,0.24408149998579692,0.050216921512362955
sp_Q9Y2L1_RRP44_HUMAN__nuclease-384m,0.4231785104490905,0.07206643182058835
sp_Q9Y2M0_FAN1_HUMAN__nuclease,0.5570063424203474,0.07026820776583544
sp_Q9Y2M0_FAN1_HUMAN__nuclease-407m,0.5469249907385516,0.07488277079414461
sp_H9T8G4_CDIA8_BURPE__nuclease,0.053606992225593966,0.008712730511639068
sp_H9T8G4_CDIA8_BURPE__nuclease-508m,0.6960803156236043,0.07024500579824602
sp_P0DM58_DI3L2_ARATH__nuclease,0.018587309245655787,0.005428611923129436
sp_P0DM58_DI3L2_ARATH__nuclease-422m,0.6153369496158991,0.10568157629747493
sp_P15032_RECE_ECOLI__nuclease,0.2609456610978637,0.06804706154148189
sp_P15032_RECE_ECOLI__nuclease-347m,0.09382738250006215,0.027759585467437037
sp_P30851_RNR_SHIFL__nuclease,0.052423446335112464,0.014129231274743886
sp_P30851_RNR_SHIFL__nuclease-326m,0.03632392295282395,0.012722677877175036
sp_P36159_RNZ_YEAST__nuclease,0.053202009688719874,0.009425716713022014
sp_P36159_RNZ_YEAST__nuclease-336m,0.021862103512383612,0.00724320445679417
sp_P44443_RNE_HAEIN__nuclease,0.03286698543202482,0.008840466793341297
sp_P44443_RNE_HAEIN__nuclease-374m,0.1406241506500674,0.031788817092758624
sp_Q09568_DI3L2_CAEEL__nuclease,0.03589133022105127,0.011164509956444708
sp_Q09568_DI3L2_CAEEL__nuclease-340m,0.050926059257953606,0.011575052531645992
sp_Q10124_PQE1_CAEEL__nuclease,0.2687599346950057,0.028596199930705682
sp_Q10124_PQE1_CAEEL__nuclease-659m,0.28764276079377793,0.03615761455346109
sp_Q10155_RNZ1_SCHPO__nuclease,0.05160236617895082,0.016052304744400645
sp_Q10155_RNZ1_SCHPO__nuclease-324m,0.05925366467301344,0.01856568265809856
sp_Q17632_RRP44_CAEEL__nuclease,0.27607028265775446,0.051564941343991394
sp_Q17632_RRP44_CAEEL__nuclease-385m,0.1019165195429856,0.02839041492679043
sp_Q53W19_CAS10_THET8__nuclease,0.020704542005285216,0.006877922729815742
sp_Q53W19_CAS10_THET8__nuclease-322m,0.06715030292810613,0.023782154742435314
sp_Q5AMG5_XRN2_CANAL__nuclease,0.34696973979958556,0.06377476589442188
sp_Q5AMG5_XRN2_CANAL__nuclease-388m,0.30749320684460063,0.05787928708247687
sp_Q5HYM0_ZC12B_HUMAN__nuclease,0.03705405891418488,0.012893713317724487
sp_Q5HYM0_ZC12B_HUMAN__nuclease-335m,0.03505175160691591,0.007674743343439209
sp_Q5N870_DCL3A_ORYSJ__nuclease,0.26384576217266503,0.03665330630275604
sp_Q5N870_DCL3A_ORYSJ__nuclease-661m,0.4665831970168116,0.03895917796800821
sp_Q5SNL7_FAN1_ORYSJ__nuclease,0.4303223619160891,0.07216241471790683
sp_Q5SNL7_FAN1_ORYSJ__nuclease-386m,0.031382175481909295,0.009517711431705902
sp_Q5U2P0_DI3L1_RAT__nuclease,0.018495892498387685,0.006288229140911692
sp_Q5U2P0_DI3L1_RAT__nuclease-422m,0.7877523784233611,0.06393324268200669
sp_Q5XVJ4_FAN1_ARATH__nuclease,0.005301459361248506,0.0015418414241621377
sp_Q5XVJ4_FAN1_ARATH__nuclease-357m,0.044874272677322274,0.011866336152097676
sp_Q61XX9_RNC_CAEBR__nuclease,0.16284289370102828,0.03786618298360232
sp_Q61XX9_RNC_CAEBR__nuclease-425m,0.44880903816086687,0.07214725717633055
sp_Q6C961_XRN2_YARLI__nuclease,0.05239067799055865,0.005428066042745867
sp_Q6C961_XRN2_YARLI__nuclease-404m,0.7259272807204116,0.037912799108798745
sp_Q6FKN6_XRN2_CANGA__nuclease,0.17614397070906168,0.0384688178491154
sp_Q6FKN6_XRN2_CANGA__nuclease-408m,0.2341970809170916,0.04235000623593651
sp_Q6FRT2_CCR4_CANGA__nuclease,0.006269571744460854,0.0018057516357888272
sp_Q6FRT2_CCR4_CANGA__nuclease-350m,0.026260377542441406,0.01053291156296088
sp_Q6GGV4_DING_STAAR__nuclease,0.1326728581619587,0.0315346024772403
sp_Q6GGV4_DING_STAAR__nuclease-359m,0.03888636558339269,0.006520162561462381
sp_Q74ZA0_XRN2_EREGS__nuclease,0.28233640825224987,0.053070561929060955
sp_Q74ZA0_XRN2_EREGS__nuclease-378m,0.10503470588876156,0.034323627466686206
sp_Q7TT28_REXO1_MOUSE__nuclease,0.6169888866087376,0.0913849158351161
sp_Q7TT28_REXO1_MOUSE__nuclease-486m,0.8115490852383818,0.03620282904465855
sp_Q7XD96_DCL3B_ORYSJ__nuclease,0.2654660263633648,0.037892795093291805
sp_Q7XD96_DCL3B_ORYSJ__nuclease-655m,0.11618597849357455,0.016104836319645065
sp_Q863B3_SND1_BOVIN__nuclease,0.05776077755913497,0.01536596624691686
sp_Q863B3_SND1_BOVIN__nuclease-364m,0.08170045352067459,0.01836406643314478
sp_Q8BMI4_GEN_MOUSE__nuclease,0.07896130362985755,0.025623016325239657
sp_Q8BMI4_GEN_MOUSE__nuclease-364m,0.03974953466776884,0.012285860765781764
sp_Q8C0S1_DI3L1_MOUSE__nuclease,0.036850964550470586,0.013509338185676165
sp_Q8C0S1_DI3L1_MOUSE__nuclease-422m,0.011306147217142263,0.0038140097475810914
sp_Q8N9H8_MUT7_HUMAN__nuclease,0.010742262199764197,0.0038590683480797154
sp_Q8N9H8_MUT7_HUMAN__nuclease-351m,0.07162814382200158,0.017614286122463362
sp_Q8WZX5_XRN2_NEUCR__nuclease,0.6390121682614446,0.05674926718373782
sp_Q8WZX5_XRN2_NEUCR__nuclease-429m,0.32289292477664666,0.0585515246335022
sp_Q9C0D7_ZC12C_HUMAN__nuclease,0.03481822655603546,0.014079265031301975
sp_Q9C0D7_ZC12C_HUMAN__nuclease-354m,0.01061666585086479,0.002433666373274827
sp_A0A0H3B0B8_CDIA_YERPY__nuclease,0.8171477116751525,0.04363599784669015
sp_A0A0H3B0B8_CDIA_YERPY__nuclease-431m,0.956307099549651,0.014763801793967935
sp_A0JN80_DI3L1_BOVIN__nuclease,0.047181344574499365,0.020963030960377445
sp_A0JN80_DI3L1_BOVIN__nuclease-422m,0.01609326623629629,0.004798986971595308
sp_A2RV18_DI3L1_DANRE__nuclease,0.03753023865316726,0.015335428807665703
sp_A2RV18_DI3L1_DANRE__nuclease-423m,0.7023020188392113,0.050972628054580214
sp_A6QGP8_SBCC_STAAE__nuclease,0.10895801025365467,0.023169232930416693
sp_A6QGP8_SBCC_STAAE__nuclease-404m,0.10047940820374687,0.023613935849146006
sp_A7HAB8_MUTS2_ANADF__nuclease,0.5320975475570642,0.061738996113942235
sp_A7HAB8_MUTS2_ANADF__nuclease-322m,0.017779668378295768,0.004196185438863621
sp_A8WZU5_FAN1_CAEBR__nuclease,0.02848971412292623,0.008964523737104806
sp_A8WZU5_FAN1_CAEBR__nuclease-352m,0.039956043797718735,0.008645041580618906
sp_B1MXB4_MUTS2_LEUCK__nuclease,0.1739338581896262,0.045285415784268625
sp_B1MXB4_MUTS2_LEUCK__nuclease-321m,0.07278025623783266,0.016821830394296182
sp_C1A4A9_MUTS2_GEMAT__nuclease,0.04612718306608643,0.012346702522866803
sp_C1A4A9_MUTS2_GEMAT__nuclease-328m,0.07268578538085242,0.013285526334890073
sp_E0SAK8_RHSA_DICD3__nuclease,0.2003200415476975,0.03401340154209433
sp_E0SAK8_RHSA_DICD3__nuclease-574m,0.13352557837515516,0.02860656587256292
sp_E0SGL7_RHSC_DICD3__nuclease,0.5419752838531066,0.056987571199664216
sp_E0SGL7_RHSC_DICD3__nuclease-664m,0.1768516321381644,0.021648407676826655
sp_E0SIS2_RHSB_DICD3__nuclease,0.2351501338991273,0.03888409632392461
sp_E0SIS2_RHSB_DICD3__nuclease-575m,0.014355001893221952,0.004467014837240637
sp_F6SNN2_CTIP_XENTR__nuclease,0.1691626177627737,0.038761229356567284
sp_F6SNN2_CTIP_XENTR__nuclease-347m,0.00765585702301923,0.0019994323909697815
sp_O06714_SBCC_BACSU__nuclease,0.17157180087634785,0.04989350622502808
sp_O06714_SBCC_BACSU__nuclease-452m,0.054848793391951624,0.012773363555759377
sp_O68032_SBCC_RHOCB__nuclease,0.6870023758442554,0.04505279954744475
sp_O68032_SBCC_RHOCB__nuclease-496m,0.3409577884054028,0.06601600474636192
sp_P0CL88_XRN2_CRYNJ__nuclease,0.6615862912433943,0.046753373190900754
sp_P0CL88_XRN2_CRYNJ__nuclease-451m,0.42029584534348025,0.03277257290195409
sp_P0CL89_XRN2_CRYNB__nuclease,0.6139996225730522,0.0677171741703541
sp_P0CL89_XRN2_CRYNB__nuclease-452m,0.3571223770465958,0.07410601865681325
sp_P40611_RNR_VIBPA__nuclease,0.09804829072767524,0.022258616786313485
sp_P40611_RNR_VIBPA__nuclease-334m,0.010343531356977242,0.002527114437293498
sp_P54394_DING_BACSU__nuclease,0.06312666718359844,0.01726859120090642
sp_P54394_DING_BACSU__nuclease-373m,0.41498473974435707,0.09129461574013444
sp_P57429_RNE_BUCAI__nuclease,0.09062226217503452,0.02287018144733905
sp_P57429_RNE_BUCAI__nuclease-361m,0.06428360568689154,0.018548335120760272
sp_P73625_MUTS2_SYNY3__nuclease,0.06427701433642677,0.0205456859788493
sp_P73625_MUTS2_SYNY3__nuclease-329m,0.04107876370722797,0.01291169347700738
sp_Q07736_T1RA_ECOLX__nuclease,0.045552859740995676,0.0105340865620081
sp_Q07736_T1RA_ECOLX__nuclease-324m,0.0564669477224103,0.014143790318181797
sp_Q0V9R3_DI3L2_XENTR__nuclease,0.038285242048964864,0.015865195343880107
sp_Q0V9R3_DI3L2_XENTR__nuclease-334m,0.03759054527413283,0.009766845522914265
sp_Q10HL3_DCL2A_ORYSJ__nuclease,0.06022542468200368,0.017516074350723766
sp_Q10HL3_DCL2A_ORYSJ__nuclease-564m,0.219191175623875,0.036603507597057654
sp_Q1MTN7_RPM1_SCHPO__nuclease,0.05906003630201699,0.01590578312592986
sp_Q1MTN7_RPM1_SCHPO__nuclease-383m,0.04678856395050315,0.00921874148777453
sp_Q2FGY5_DING_STAA3__nuclease,0.13496320551733948,0.031248527373126337
sp_Q2FGY5_DING_STAA3__nuclease-359m,0.03854133955640657,0.006263672761283912
sp_Q2FYT3_SBCC_STAA8__nuclease,0.11452121272076146,0.024827117935303095
sp_Q2FYT3_SBCC_STAA8__nuclease-404m,0.10867757328213112,0.02650335137951635
sp_Q2GNZ6_XRN2_CHAGB__nuclease,0.2071521767264608,0.042880841418030065
sp_Q2GNZ6_XRN2_CHAGB__nuclease-416m,0.8414172816796315,0.033405081852776713
sp_Q2UCP5_XRN2_ASPOR__nuclease,0.137328962506164,0.03890761494090208
sp_Q2UCP5_XRN2_ASPOR__nuclease-414m,0.7665292194961455,0.049265291920748126
sp_Q2YXX0_SBCC_STAAB__nuclease,0.10712394639124531,0.024235067769246433
sp_Q2YXX0_SBCC_STAAB__nuclease-404m,0.1239820165077862,0.027002228664567474
sp_Q2YY51_DING_STAAB__nuclease,0.13945458133696337,0.031585464914865295
sp_Q2YY51_DING_STAAB__nuclease-359m,0.039563352495038305,0.006573761682863826
sp_Q47281_T1RE_ECOLX__nuclease,0.02276543981476729,0.007514262960961103
sp_Q47281_T1RE_ECOLX__nuclease-326m,0.019226201572805527,0.006092070428445742
sp_Q49XR1_DING_STAS1__nuclease,0.14257394847317975,0.03734270820912906
sp_Q49XR1_DING_STAS1__nuclease-360m,0.08011212878005856,0.026872489909035062
sp_Q4A127_HSDR_STAS1__nuclease,0.03469142318891061,0.007957669887659691
sp_Q4A127_HSDR_STAS1__nuclease-372m,0.032474146312804666,0.0124729256782154
sp_Q4HWE2_XRN2_GIBZE__nuclease,0.48783507209169485,0.05197922562329429
sp_Q4HWE2_XRN2_GIBZE__nuclease-392m,0.4763677684368154,0.08271449791050088
sp_Q4IPN9_YSH1_GIBZE__nuclease,0.03285121874390247,0.00493833108781598
sp_Q4IPN9_YSH1_GIBZE__nuclease-334m,0.07167879088841066,0.016481682347901188
sp_Q4L6F9_DING_STAHJ__nuclease,0.060954093464415174,0.015891522671850265
sp_Q4L6F9_DING_STAHJ__nuclease-360m,0.24140602662812877,0.07235256581336381
sp_Q4P149_XRN2_USTMA__nuclease,0.7573650331050971,0.0568304529421993
sp_Q4P149_XRN2_USTMA__nuclease-494m,0.042242523151257656,0.009022320731430312
sp_Q4PEJ3_YSH1_USTMA__nuclease,0.010840329893412114,0.001952813981240722
sp_Q4PEJ3_YSH1_USTMA__nuclease-352m,0.6318277784394469,0.05273360178723086
sp_Q4WRC2_YSH1_ASPFU__nuclease,0.00834293435428667,0.0015998735264057622
sp_Q4WRC2_YSH1_ASPFU__nuclease-349m,0.0415599456633504,0.011844252405730303
sp_Q54ED2_EXO1_DICDI__nuclease,0.600811960440154,0.05864600139962678
sp_Q54ED2_EXO1_DICDI__nuclease-419m,0.3536471005108444,0.060720228841365693
sp_Q54PN5_XPF_DICDI__nuclease,0.054267929810137505,0.01033690950201069
sp_Q54PN5_XPF_DICDI__nuclease-386m,0.05121895883793901,0.007952916427034001
sp_Q551H0_MUS81_DICDI__nuclease,0.003186165240992233,0.000507330387619132
sp_Q551H0_MUS81_DICDI__nuclease-368m,0.0775991040077317,0.016271243288531266
sp_Q55FW8_FAN1_DICDI__nuclease,0.05537539300040732,0.011777378272738642
sp_Q55FW8_FAN1_DICDI__nuclease-435m,0.16757897886816736,0.023601745467207145
sp_Q59P50_YSH1_CANAL__nuclease,0.12579932718183492,0.03418934890348586
sp_Q59P50_YSH1_CANAL__nuclease-348m,0.04268207685637153,0.012490121706266462
sp_Q5BEP0_YSH1_EMENI__nuclease,0.02312743345030229,0.004906548172139054
sp_Q5BEP0_YSH1_EMENI__nuclease-354m,0.16620433893282574,0.032337036745729845
sp_Q5BFH3_XRN2_EMENI__nuclease,0.36092151006508266,0.04078012747773079
sp_Q5BFH3_XRN2_EMENI__nuclease-413m,0.44116264097909774,0.05474514844901899
sp_Q5DTV4_ZC12C_MOUSE__nuclease,0.03913585453227653,0.009031586492175914
sp_Q5DTV4_ZC12C_MOUSE__nuclease-354m,0.021556746703377747,0.004739872740462526
sp_Q5HJH8_HSDR_STAAC__nuclease,0.047840215504887776,0.011182596652849517
sp_Q5HJH8_HSDR_STAAC__nuclease-372m,0.05302696528779478,0.01341802350676527
sp_Q5HK76_HSDR_STAEQ__nuclease,0.11018178897111774,0.026894082588047607
sp_Q5HK76_HSDR_STAEQ__nuclease-372m,0.6796229946863389,0.06396752697232556
sp_Q5HP88_DING_STAEQ__nuclease,0.05499829428719547,0.01480457675342081
sp_Q5HP88_DING_STAEQ__nuclease-361m,0.07348251652614878,0.014543802985210706
sp_Q5R4L5_XRN2_PONAB__nuclease,0.07746769173239046,0.016958673479269045
sp_Q5R4L5_XRN2_PONAB__nuclease-380m,0.09114821941900143,0.027535351252130188
sp_Q5R5N8_DI3L1_PONAB__nuclease,0.07948857142250801,0.026634861385705137
sp_Q5R5N8_DI3L1_PONAB__nuclease-422m,0.5100226964168854,0.08360540668559521
sp_Q5REU4_SND1_PONAB__nuclease,0.05876491260346837,0.01528857495124407
sp_Q5REU4_SND1_PONAB__nuclease-364m,0.03989932806748413,0.009338272551698355
sp_Q5ZIP4_XRN2_CHICK__nuclease,0.2858627506036887,0.04318530735735914
sp_Q5ZIP4_XRN2_CHICK__nuclease-380m,0.09319193751660257,0.02900238453681362
sp_Q60295_T1RH_METJA__nuclease,0.28007171313025714,0.04477093069463699
sp_Q60295_T1RH_METJA__nuclease-417m,0.11151088478937203,0.028954417681184605
sp_Q60GC1_EXO1_ORYSJ__nuclease,0.012186691277716086,0.004538555449390744
sp_Q60GC1_EXO1_ORYSJ__nuclease-335m,0.036822344511769314,0.013251060917611846
sp_Q60SG7_XRN2_CAEBR__nuclease,0.06469836874082524,0.017858798534372725
sp_Q60SG7_XRN2_CAEBR__nuclease-391m,0.6586682880124872,0.06682561796649926
sp_Q69LX2_DCL2B_ORYSJ__nuclease,0.11347727638222169,0.027312121430911347
sp_Q69LX2_DCL2B_ORYSJ__nuclease-551m,0.2834404155931797,0.04141704141976462
sp_Q6BMM5_CCR4_DEBHA__nuclease,0.05321929142800626,0.018131851139790493
sp_Q6BMM5_CCR4_DEBHA__nuclease-333m,0.006122151590082189,0.001713194274603891
sp_Q6BMW3_YSH1_DEBHA__nuclease,0.06854014404451733,0.020085636431653075
sp_Q6BMW3_YSH1_DEBHA__nuclease-326m,0.015076235733558721,0.004775150426951311
sp_Q6BNU7_XRN2_DEBHA__nuclease,0.18994642430707795,0.03357275054117334
sp_Q6BNU7_XRN2_DEBHA__nuclease-402m,0.2485892841437297,0.059291481043544106
sp_Q6C2Z7_YSH1_YARLI__nuclease,0.026195151652819958,0.005849738904823778
sp_Q6C2Z7_YSH1_YARLI__nuclease-331m,0.062088563615210535,0.014874298246710735
sp_Q6CKX0_XRN2_KLULA__nuclease,0.4574752934635521,0.0723976876714512
sp_Q6CKX0_XRN2_KLULA__nuclease-397m,0.6424768471687425,0.06816787874692098
sp_Q6G9A7_DING_STAAS__nuclease,0.13564761120642127,0.03148913463304228
sp_Q6G9A7_DING_STAAS__nuclease-359m,0.03867611688163007,0.006343349618502508
sp_Q6GCT1_HSDR_STAAS__nuclease,0.04419255260853257,0.010893026193347663
sp_Q6GCT1_HSDR_STAAS__nuclease-372m,0.05104520869310475,0.012622096978122523
sp_Q6GKB1_HSDR_STAAR__nuclease,0.048283587156647365,0.011422682756472891
sp_Q6GKB1_HSDR_STAAR__nuclease-372m,0.05550233534513899,0.013721550913605825
sp_Q6GN11_DI3L1_XENLA__nuclease,0.4064690292797974,0.07033219427205721
sp_Q6GN11_DI3L1_XENLA__nuclease-416m,0.524585227388801,0.04722670623599731
sp_Q73MQ8_MUTS2_TREDE__nuclease,0.1507503416736436,0.03140998035458416
sp_Q73MQ8_MUTS2_TREDE__nuclease-328m,0.05774732824204935,0.015189429766582559
sp_Q7A801_HSDR_STAAN__nuclease,0.05335950758260355,0.012335233109009549
sp_Q7A801_HSDR_STAAN__nuclease-372m,0.049532617895538054,0.012680944768130545
sp_Q7ZT42_SND1_DANRE__nuclease,0.011949469640117342,0.001521192066114771
sp_Q7ZT42_SND1_DANRE__nuclease-359m,0.1363526385273739,0.028837973745082488
sp_Q803U7_EXO1_DANRE__nuclease,0.015994188388678547,0.005703840424406907
sp_Q803U7_EXO1_DANRE__nuclease-323m,0.04815702384301577,0.016814445689811632
sp_Q8K9J9_RNE_BUCAP__nuclease,0.1923480226542121,0.04533429476300893
sp_Q8K9J9_RNE_BUCAP__nuclease-388m,0.15622929785381096,0.03976760684437985
sp_Q8TFZ1_XRN2_ASPFU__nuclease,0.13235510335949585,0.023278182762071872
sp_Q8TFZ1_XRN2_ASPFU__nuclease-424m,0.7791091975506814,0.039999812010789136
sp_Q8WZS6_YSH1_NEUCR__nuclease,0.022865919179120647,0.005200938470173531
sp_Q8WZS6_YSH1_NEUCR__nuclease-340m,0.5539254400083102,0.054446223732827474
sp_Q9CH00_RNR1_LACLA__nuclease,0.026499038966003037,0.006792261143840029
sp_Q9CH00_RNR1_LACLA__nuclease-327m,0.07084557884184227,0.015931393561009016
sp_Q9HWB8_SBCC_PSEAE__nuclease,0.4943502613322823,0.07112173303939646
sp_Q9HWB8_SBCC_PSEAE__nuclease-485m,0.3617154933519027,0.05296507992367766
sp_Q9Y7U7_SND1_SCHPO__nuclease,0.09297653886497328,0.016461406220446007
sp_Q9Y7U7_SND1_SCHPO__nuclease-352m,0.041594093962207,0.007465910324830134
sp_A5ISM9_SBCC_STAA9__nuclease,0.11275837246417712,0.023931662730761114
sp_A5ISM9_SBCC_STAA9__nuclease-404m,0.1025419531270401,0.02325367521974033
sp_O05052_T1RH_HAEIN__nuclease,0.07084630795703603,0.016193350289679623
sp_O05052_T1RH_HAEIN__nuclease-422m,0.5262143459706954,0.09828786102261781
sp_O83635_SBCC_TREPA__nuclease,0.20824947192680154,0.026680434975806834
sp_O83635_SBCC_TREPA__nuclease-419m,0.09027187780164622,0.025853127817578498
sp_O94525_YBU1_SCHPO__nuclease,0.5640495494119226,0.05686318018771793
sp_O94525_YBU1_SCHPO__nuclease-463m,0.29150445480116494,0.056375134724260575
sp_P21312_ENDOR_ECOLX__nuclease,0.02322643202305992,0.007080432902826249
sp_P21312_ENDOR_ECOLX__nuclease-346m,0.08990713048116153,0.018659192461875043
sp_Q0P4R5_DI3L1_XENTR__nuclease,0.01731242001673909,0.004943822359598079
sp_Q0P4R5_DI3L1_XENTR__nuclease-416m,0.6895373859819458,0.07569527245040075
sp_Q2FH88_SBCC_STAA3__nuclease,0.10856057013626885,0.022925687453322564
sp_Q2FH88_SBCC_STAA3__nuclease-404m,0.10023862552150006,0.023613714904828945
sp_Q323T3_ENDPH_SHIBS__nuclease,0.010400830168917916,0.002972031958853893
sp_Q323T3_ENDPH_SHIBS__nuclease-322m,0.15836371552102158,0.0414410865491248
sp_Q49XE1_SBCC_STAS1__nuclease,0.07238501304821049,0.018894150654929366
sp_Q49XE1_SBCC_STAS1__nuclease-404m,0.3062226892912862,0.07542262745524263
sp_Q4L655_SBCC_STAHJ__nuclease,0.6018849082551375,0.0699512554011139
sp_Q4L655_SBCC_STAHJ__nuclease-405m,0.6955727633288694,0.06429027839587947
sp_Q57588_T1R1_METJA__nuclease,0.5165115620192634,0.07653974816017406
sp_Q57588_T1R1_METJA__nuclease-430m,0.04307534637078015,0.010632229917723942
sp_Q58611_T1R2_METJA__nuclease,0.1258556113849941,0.02518275665254811
sp_Q58611_T1R2_METJA__nuclease-408m,0.06599675051222126,0.01925989163632645
sp_Q5HPJ3_SBCC_STAEQ__nuclease,0.189455850892437,0.035465385101617904
sp_Q5HPJ3_SBCC_STAEQ__nuclease-404m,0.3126136327697272,0.0659762910145675
sp_Q6G9L2_SBCC_STAAS__nuclease,0.11348392377603285,0.02537725513132223
sp_Q6G9L2_SBCC_STAAS__nuclease-404m,0.10137402506703212,0.02390276959726006
sp_Q6GH60_SBCC_STAAR__nuclease,0.11855222871624402,0.023200390617906595
sp_Q6GH60_SBCC_STAAR__nuclease-404m,0.10459905687058453,0.02711002666940129
sp_Q8CPC5_SBCC_STAES__nuclease,0.17144573714099237,0.03263258111749191
sp_Q8CPC5_SBCC_STAES__nuclease-404m,0.2608536001582336,0.058780114190164254
sp_Q8FJJ0_ENDPH_ECOL6__nuclease,0.00670299537070594,0.0018984219693296226
sp_Q8FJJ0_ENDPH_ECOL6__nuclease-322m,0.12275890216842514,0.028267151428209302
sp_Q8NWV1_SBCC_STAAW__nuclease,0.10744939371746207,0.023646138359707886
sp_Q8NWV1_SBCC_STAAW__nuclease-404m,0.09872203011213504,0.022471575617326073
sp_Q8Z1E1_ENDP2_SALTI__nuclease,0.09330817479466845,0.028253606603021484
sp_Q8Z1E1_ENDP2_SALTI__nuclease-322m,0.06293876503521502,0.012763149841208427
sp_Q8Z365_ENDP1_SALTI__nuclease,0.0038878539277471215,0.0010077119538491807
sp_Q8Z365_ENDP1_SALTI__nuclease-322m,0.12516438018748843,0.03037110335192523
sp_Q8ZMS4_ENDPH_SALTY__nuclease,0.040263717328291954,0.013752675209233156
sp_Q8ZMS4_ENDPH_SALTY__nuclease-324m,0.18815175762288344,0.04583289387190873
sp_Q97FK1_SBCC_CLOAB__nuclease,0.8063194651862228,0.049772138932392636
sp_Q97FK1_SBCC_CLOAB__nuclease-466m,0.08778123256316399,0.02198511422714615
sp_Q9CFZ0_SBCC_LACLA__nuclease,0.20791254026870315,0.032759604271847785
sp_Q9CFZ0_SBCC_LACLA__nuclease-419m,0.014729399744696541,0.0062025311773452815
sp_Q9FKF0_RTL3_ARATH__nuclease,0.6892445856370728,0.060715133819338366
sp_Q9FKF0_RTL3_ARATH__nuclease-383m,0.029212559603093435,0.007894482361879085
sp_Q9KM67_SBCC_VIBCH__nuclease,0.16699877054298015,0.030315556664565372
sp_Q9KM67_SBCC_VIBCH__nuclease-406m,0.13846926333477985,0.028070414071744803
sp_Q9KNY1_RNR_VIBCH__nuclease,0.07236544275621401,0.016725741070493214
sp_Q9KNY1_RNR_VIBCH__nuclease-329m,0.027251274927546386,0.009843376327107823
tr_A0A9E2QZL7_A0A9E2QZL7_UNCPA__Cas12-13,0.1238233889129371,0.020665010546563424
tr_A0A9E2QZL7_A0A9E2QZL7_UNCPA__Cas12-13-458m,0.015380648315464266,0.004746118702835931
tr_A0AAE3II04_A0AAE3II04_9FIRM__Cas12-13,0.048922106031928855,0.017380989461253226
tr_A0AAE3II04_A0AAE3II04_9FIRM__Cas12-13-326m,0.1464559734113443,0.050598753334676526
sp_C7NBY4_CS13A_LEPBD__Cas12-13,0.4879743330605515,0.06912150829837203
sp_C7NBY4_CS13A_LEPBD__Cas12-13-464m,0.17001628253947582,0.022708103207101246
sp_P0DOC6_CS13A_LEPSD__Cas12-13,0.10384497719931236,0.021447059283122124
sp_P0DOC6_CS13A_LEPSD__Cas12-13-556m,0.5893135819873112,0.10021886688644494
sp_A0A0H5SJ89_CS13A_HERHM__Cas12-13,0.5014705090128151,0.06117403939749966
sp_A0A0H5SJ89_CS13A_HERHM__Cas12-13-514m,0.2307281765350299,0.02846731220331204
sp_E4T0I2_CS13A_PALPW__Cas12-13,0.06057088240756562,0.019808396487509983
sp_E4T0I2_CS13A_PALPW__Cas12-13-462m,0.8334973139333922,0.030906463361207732
sp_P0DPB7_CS13A_LACNK__Cas12-13,0.8126118373070332,0.017864140772277215
sp_P0DPB7_CS13A_LACNK__Cas12-13-575m,0.12888907615813028,0.025879179823040395
sp_P0DPB8_CS13A_LISSS__Cas12-13,0.22921759813879589,0.04338508626609675
sp_P0DPB8_CS13A_LISSS__Cas12-13-448m,0.43871725580651455,0.08334452249363933
sp_U2PSH1_CS13A_LEPWF__Cas12-13,0.1711923650940465,0.028378230550648986
sp_U2PSH1_CS13A_LEPWF__Cas12-13-473m,0.07044997604175232,0.011452197934129438
tr_A0A0M6WE53_A0A0M6WE53_9FIRM__Cas12-13,0.3576410313634773,0.08804058892230195
tr_A0A0M6WE53_A0A0M6WE53_9FIRM__Cas12-13-538m,0.33575392028180606,0.06385440475844385
tr_A0A143XUP9_A0A143XUP9_9FIRM__Cas12-13,0.5454552485516521,0.072888342674724
tr_A0A143XUP9_A0A143XUP9_9FIRM__Cas12-13-550m,0.40871971563464315,0.028681081847002056
tr_A0A1H9HZ33_A0A1H9HZ33_9FIRM__Cas12-13,0.6161859895526198,0.04875286336544014
tr_A0A1H9HZ33_A0A1H9HZ33_9FIRM__Cas12-13-555m,0.14699438517181498,0.035196994713395845
tr_A0A1I1CV90_A0A1I1CV90_9FIRM__Cas12-13,0.5435032653503564,0.03711563053978914
tr_A0A1I1CV90_A0A1I1CV90_9FIRM__Cas12-13-538m,0.20096285890704152,0.03859645668947223
tr_A0A1I3H3H6_A0A1I3H3H6_9FIRM__Cas12-13,0.1370627762097702,0.016312124577303966
tr_A0A1I3H3H6_A0A1I3H3H6_9FIRM__Cas12-13-525m,0.017210826662862024,0.00291496085145684
tr_A0A1I6JQQ0_A0A1I6JQQ0_9FIRM__Cas12-13,0.4296875558567785,0.06256481883369112
tr_A0A1I6JQQ0_A0A1I6JQQ0_9FIRM__Cas12-13-554m,0.499626555679446,0.05048645988836434
tr_A0A1M6GDI0_A0A1M6GDI0_9FIRM__Cas12-13,0.7490603142027801,0.04253267446871592
tr_A0A1M6GDI0_A0A1M6GDI0_9FIRM__Cas12-13-490m,0.2452305237181931,0.0355641258085061
tr_A0A1N7IRW0_A0A1N7IRW0_9PROT__Cas12-13,0.43219419861462754,0.08955132705782923
tr_A0A1N7IRW0_A0A1N7IRW0_9PROT__Cas12-13-433m,0.27861540710607,0.06550475186508829
tr_A0A1Q4UPU2_A0A1Q4UPU2_9PROT__Cas12-13,0.6266369860016623,0.07243063522050817
tr_A0A1Q4UPU2_A0A1Q4UPU2_9PROT__Cas12-13-494m,0.7507558514754917,0.0477609645155881
tr_A0A1S7FS97_A0A1S7FS97_9LIST__Cas12-13,0.039192437346809876,0.008874790723671293
tr_A0A1S7FS97_A0A1S7FS97_9LIST__Cas12-13-421m,0.0987627462776714,0.022083340171222834
tr_A0A1T5MQV2_A0A1T5MQV2_9FIRM__Cas12-13,0.21170646821614686,0.04431945147886401
tr_A0A1T5MQV2_A0A1T5MQV2_9FIRM__Cas12-13-517m,0.2414864018156601,0.05284411592903499
tr_A0A1V0HV90_A0A1V0HV90_RHOS2__Cas12-13,0.7892871051790112,0.028933045891329837
tr_A0A1V0HV90_A0A1V0HV90_RHOS2__Cas12-13-560m,0.4286674709868875,0.05391497332761702
tr_A0A1W9NCH4_A0A1W9NCH4_9SPIO__Cas12-13,0.20246800016618244,0.05710694489642974
tr_A0A1W9NCH4_A0A1W9NCH4_9SPIO__Cas12-13-454m,0.43387877325354207,0.07722579643646486
tr_A0A1Y3W7V2_A0A1Y3W7V2_9FIRM__Cas12-13,0.7176958707984896,0.031094362456415364
tr_A0A1Y3W7V2_A0A1Y3W7V2_9FIRM__Cas12-13-548m,0.04703213622881226,0.007134586094185322
tr_A0A2D0TCG9_A0A2D0TCG9_9FIRM__Cas12-13,0.4702386033240459,0.07730871446173909
tr_A0A2D0TCG9_A0A2D0TCG9_9FIRM__Cas12-13-576m,0.3595124183359904,0.06251492360828033
tr_A0A2D0TCH1_A0A2D0TCH1_LACNK__Cas12-13,0.47019864560052227,0.07798211281200454
tr_A0A2D0TCH1_A0A2D0TCH1_LACNK__Cas12-13-576m,0.3221053400062677,0.05946400621760006
tr_A0A2M6UAU2_A0A2M6UAU2_9BRAD__Cas12-13,0.7907471148255336,0.04101713406606478
tr_A0A2M6UAU2_A0A2M6UAU2_9BRAD__Cas12-13-498m,0.29543320719566357,0.04879350970074091
tr_A0A2M8UBK0_A0A2M8UBK0_9PROT__Cas12-13,0.09776091189494589,0.027486735083753166
tr_A0A2M8UBK0_A0A2M8UBK0_9PROT__Cas12-13-395m,0.5018663272897123,0.07280481684635921
tr_A0A367XKP0_A0A367XKP0_9PROT__Cas12-13,0.32023527224135806,0.058916343788534845
tr_A0A367XKP0_A0A367XKP0_9PROT__Cas12-13-487m,0.2242690331196,0.04195933580606916
tr_A0A395V3F6_A0A395V3F6_9FIRM__Cas12-13,0.5632390385543213,0.04937551920203928
tr_A0A395V3F6_A0A395V3F6_9FIRM__Cas12-13-565m,0.4057428673288559,0.06745360617097713
tr_A0A3E4E9V5_A0A3E4E9V5_9FIRM__Cas12-13,0.6608457860723906,0.04539985057148496
tr_A0A3E4E9V5_A0A3E4E9V5_9FIRM__Cas12-13-553m,0.15767860142854162,0.03324327745906831
tr_A0A414IQ71_A0A414IQ71_9FIRM__Cas12-13,0.07272550337603417,0.013831904337926604
tr_A0A414IQ71_A0A414IQ71_9FIRM__Cas12-13-508m,0.3130904160343351,0.055797144455101456
tr_A0A4R1YWY2_A0A4R1YWY2_9RHOB__Cas12-13,0.2924518202755738,0.053443682247000905
tr_A0A4R1YWY2_A0A4R1YWY2_9RHOB__Cas12-13-511m,0.33172316620523895,0.06720790120020043
tr_A0A4R5U6G6_A0A4R5U6G6_9HYPH__Cas12-13,0.13385735484991626,0.025265771052553412
tr_A0A4R5U6G6_A0A4R5U6G6_9HYPH__Cas12-13-570m,0.7407213697809996,0.054097108376899405
tr_A0A4V3AST0_A0A4V3AST0_9RHOB__Cas12-13,0.038254990434165755,0.010543128354458147
tr_A0A4V3AST0_A0A4V3AST0_9RHOB__Cas12-13-442m,0.4237721868829623,0.046547656412191954
tr_A0A510K583_A0A510K583_9FUSO__Cas12-13,0.09638817878409069,0.017904447587302953
tr_A0A510K583_A0A510K583_9FUSO__Cas12-13-465m,0.20462574693823515,0.0756163604517531
tr_A0A510KAE1_A0A510KAE1_9FUSO__Cas12-13,0.03980599630563181,0.006792313350059512
tr_A0A510KAE1_A0A510KAE1_9FUSO__Cas12-13-524m,0.029473754016699612,0.004528495533926848
tr_A0A5M8P6A6_A0A5M8P6A6_9HYPH__Cas12-13,0.40538441178827744,0.07462563082542566
tr_A0A5M8P6A6_A0A5M8P6A6_9HYPH__Cas12-13-552m,0.4881806286910071,0.05157895140140703
tr_A0A7C6DAS5_A0A7C6DAS5_9FIRM__Cas12-13,0.16750750434579526,0.03864836834985286
tr_A0A7C6DAS5_A0A7C6DAS5_9FIRM__Cas12-13-500m,0.2826350759557915,0.04336886421091477
tr_A0A7X0XJF1_A0A7X0XJF1_9LIST__Cas12-13,0.048132461141466354,0.011899394699061447
tr_A0A7X0XJF1_A0A7X0XJF1_9LIST__Cas12-13-420m,0.020462267628583795,0.006962043711885159
tr_A0A7X0YJ22_A0A7X0YJ22_9LIST__Cas12-13,0.18275169378887973,0.048000699463970176
tr_A0A7X0YJ22_A0A7X0YJ22_9LIST__Cas12-13-424m,0.0581642730478199,0.011217398037392428
tr_A0A7X0YZG4_A0A7X0YZG4_9LIST__Cas12-13,0.05790767816496534,0.015200079809958982
tr_A0A7X0YZG4_A0A7X0YZG4_9LIST__Cas12-13-420m,0.032534806799849,0.01022351300191282
tr_A0A7X0ZQP4_A0A7X0ZQP4_9LIST__Cas12-13,0.1536886963617708,0.04310002400531221
tr_A0A7X0ZQP4_A0A7X0ZQP4_9LIST__Cas12-13-424m,0.026761120924552618,0.005412005885132912
tr_A0A7X1D7U5_A0A7X1D7U5_9LIST__Cas12-13,0.17107427118643953,0.039113515683915995
tr_A0A7X1D7U5_A0A7X1D7U5_9LIST__Cas12-13-419m,0.2992068058537197,0.05754190155021847
tr_A0A7X1DLC4_A0A7X1DLC4_9LIST__Cas12-13,0.15443341297386232,0.045310805190168724
tr_A0A7X1DLC4_A0A7X1DLC4_9LIST__Cas12-13-424m,0.022991925414560136,0.004541077867962153
tr_A0A7X1DPY3_A0A7X1DPY3_9LIST__Cas12-13,0.10100064014823265,0.024894720192802946
tr_A0A7X1DPY3_A0A7X1DPY3_9LIST__Cas12-13-420m,0.01529244034801,0.0055407653726531735
tr_A0A7X9C4K8_A0A7X9C4K8_9BACT__Cas12-13,0.3088254208030975,0.08392104175166178
tr_A0A7X9C4K8_A0A7X9C4K8_9BACT__Cas12-13-485m,0.6011057785145368,0.04670256697594029
tr_A0A7Y6YZE7_A0A7Y6YZE7_9HYPH__Cas12-13,0.1416928417725552,0.031209193362105953
tr_A0A7Y6YZE7_A0A7Y6YZE7_9HYPH__Cas12-13-458m,0.3045598504942496,0.08122169608531675
tr_A0A841W1U2_A0A841W1U2_9LIST__Cas12-13,0.22330186135938535,0.056800921563872175
tr_A0A841W1U2_A0A841W1U2_9LIST__Cas12-13-424m,0.04138067146948003,0.009013998173522424
tr_A0A841WXN5_A0A841WXN5_9LIST__Cas12-13,0.15221162385907538,0.037237880991959134
tr_A0A841WXN5_A0A841WXN5_9LIST__Cas12-13-420m,0.011968270368720899,0.004512753597198001
tr_A0A841X599_A0A841X599_9LIST__Cas12-13,0.1545395117008188,0.04073097337928011
tr_A0A841X599_A0A841X599_9LIST__Cas12-13-420m,0.015263499808471298,0.00606905159994011
tr_A0A841YR91_A0A841YR91_9LIST__Cas12-13,0.09561038616618674,0.02443533083848712
tr_A0A841YR91_A0A841YR91_9LIST__Cas12-13-420m,0.018652691528956215,0.005652554666812988
tr_A0A841YW80_A0A841YW80_9LIST__Cas12-13,0.10253818552322183,0.02011340168477554
tr_A0A841YW80_A0A841YW80_9LIST__Cas12-13-422m,0.08872494957031347,0.022321898703774587
tr_A0A842AJD9_A0A842AJD9_9LIST__Cas12-13,0.32000396228779626,0.029825620350035845
tr_A0A842AJD9_A0A842AJD9_9LIST__Cas12-13-423m,0.08849412175810353,0.007576877388659609
tr_A0A842FH06_A0A842FH06_9LIST__Cas12-13,0.2091914991529058,0.048388300209725885
tr_A0A842FH06_A0A842FH06_9LIST__Cas12-13-422m,0.0777453569477192,0.02649560301984422
tr_A0A842FQ63_A0A842FQ63_9LIST__Cas12-13,0.15099595085836623,0.042775928916760894
tr_A0A842FQ63_A0A842FQ63_9LIST__Cas12-13-424m,0.02588039430740497,0.005260771099943704
tr_A0A851IW24_A0A851IW24_9FUSO__Cas12-13,0.4597935787313617,0.06818944604608829
tr_A0A851IW24_A0A851IW24_9FUSO__Cas12-13-467m,0.12278354630433885,0.024463464146850855
tr_A0A8B0SFG9_A0A8B0SFG9_9GAMM__Cas12-13,0.838260345109682,0.04177279409685306
tr_A0A8B0SFG9_A0A8B0SFG9_9GAMM__Cas12-13-483m,0.7522700031060902,0.08490419920677804
tr_A0A8E3AP48_A0A8E3AP48_9RHOB__Cas12-13,0.7294203303595959,0.061649396614949746
tr_A0A8E3AP48_A0A8E3AP48_9RHOB__Cas12-13-559m,0.6666522455637144,0.04356102127237906
tr_A0A971EML5_A0A971EML5_9CLOT__Cas12-13,0.028845622015323723,0.009037794656900348
tr_A0A971EML5_A0A971EML5_9CLOT__Cas12-13-440m,0.1636101929226304,0.031242642871473287
tr_A0A9D1WUW9_A0A9D1WUW9_9FIRM__Cas12-13,0.12650852148803876,0.04663727140557907
tr_A0A9D1WUW9_A0A9D1WUW9_9FIRM__Cas12-13-536m,0.04772667462517401,0.013127536861519497
tr_D5AUW0_D5AUW0_RHOCB__Cas12-13,0.029808431927519106,0.009807509242371467
tr_D5AUW0_D5AUW0_RHOCB__Cas12-13-514m,0.03188221511816429,0.010480496357095371
tr_U2PBD1_U2PBD1_LEPWF__Cas12-13,0.47602589892888236,0.05112834783926948
tr_U2PBD1_U2PBD1_LEPWF__Cas12-13-479m,0.467939745989354,0.05190098064508256
tr_U2PWF1_U2PWF1_LEPWF__Cas12-13,0.14532738663297884,0.022362639764932846
tr_U2PWF1_U2PWF1_LEPWF__Cas12-13-461m,0.2128535686409095,0.05603377098709331
tr_U2QH90_U2QH90_9FUSO__Cas12-13,0.05421744414371767,0.011214736617819453
tr_U2QH90_U2QH90_9FUSO__Cas12-13-554m,0.5049017292605881,0.07158720052673953
tr_A0A850QNX9_A0A850QNX9_9BURK__Cas12-13,0.7833903065328007,0.07082972094553092
tr_A0A850QNX9_A0A850QNX9_9BURK__Cas12-13-496m,0.8201453693617703,0.04113876428571993
tr_A0A9E2NRP4_A0A9E2NRP4_9GAMM__Cas12-13,0.16382032698300036,0.039489689015348564
tr_A0A9E2NRP4_A0A9E2NRP4_9GAMM__Cas12-13-534m,0.07746120316725133,0.014115052619028992
tr_A0A9X9ZA50_A0A9X9ZA50_9BURK__Cas12-13,0.3627230725719742,0.07034588883318865
tr_A0A9X9ZA50_A0A9X9ZA50_9BURK__Cas12-13-524m,0.005366946195012528,0.0015444516282686054
sp_A0Q7Q2_CS12A_FRATN__Cas12-13,0.2148798601909688,0.07694492002090812
sp_A0Q7Q2_CS12A_FRATN__Cas12-13-520m,0.5297926697137314,0.08359429047148473
sp_U2UMQ6_CS12A_ACISB__Cas12-13,0.14007094570836473,0.021396700267962282
sp_U2UMQ6_CS12A_ACISB__Cas12-13-523m,0.4784463965330231,0.08317089062119375
tr_A0A066UMX8_A0A066UMX8_9GAMM__Cas12-13,0.5645750684718301,0.0743247390005297
tr_A0A066UMX8_A0A066UMX8_9GAMM__Cas12-13-550m,0.27672469040869535,0.05943067595234342
tr_A0A073IR12_A0A073IR12_9BACT__Cas12-13,0.03649401505889323,0.009884625477796333
tr_A0A073IR12_A0A073IR12_9BACT__Cas12-13-504m,0.2713352847019759,0.03934214960027212
tr_A0A091FHB8_A0A091FHB8_9BACT__Cas12-13,0.07165766868599646,0.026088438967788844
tr_A0A091FHB8_A0A091FHB8_9BACT__Cas12-13-500m,0.21843057435905994,0.028172147974619838
tr_A0A096CQA3_A0A096CQA3_9BACT__Cas12-13,0.09187890480779538,0.014316382924840623
tr_A0A096CQA3_A0A096CQA3_9BACT__Cas12-13-332m,0.01577666735461084,0.003108621421018702
tr_A0A0A2FL75_A0A0A2FL75_9PORP__Cas12-13,0.25429845720862626,0.05008659822453645
tr_A0A0A2FL75_A0A0A2FL75_9PORP__Cas12-13-504m,0.016180862782905602,0.0030383123368024467
tr_A0A0A7LCY1_A0A0A7LCY1_9ARCH__Cas12-13,0.5770992703621158,0.056321915495257384
tr_A0A0A7LCY1_A0A0A7LCY1_9ARCH__Cas12-13-496m,0.08409018658761232,0.018694583311781327
tr_A0A0C1NU26_A0A0C1NU26_9BACT__Cas12-13,0.09419777907615266,0.03553198239642558
tr_A0A0C1NU26_A0A0C1NU26_9BACT__Cas12-13-500m,0.208646539030777,0.028987707002213634
tr_A0A0D6TKF1_A0A0D6TKF1_9FLAO__Cas12-13,0.07517909116365405,0.01721583138271067
tr_A0A0D6TKF1_A0A0D6TKF1_9FLAO__Cas12-13-510m,0.21699971229450948,0.05258582178651283
tr_A0A0E3UUQ3_A0A0E3UUQ3_9FUSO__Cas12-13,0.10601240252001358,0.02640414390317928
tr_A0A0E3UUQ3_A0A0E3UUQ3_9FUSO__Cas12-13-390m,0.1812779220155509,0.04400545425935418
tr_A0A0G0C7Y9_A0A0G0C7Y9_9BACT__Cas12-13,0.19096312137677246,0.04183987765541278
tr_A0A0G0C7Y9_A0A0G0C7Y9_9BACT__Cas12-13-591m,0.06515348590000584,0.015634539719042207
tr_A0A0G0GYZ0_A0A0G0GYZ0_9BACT__Cas12-13,0.056830711509614176,0.012142558607902237
tr_A0A0G0GYZ0_A0A0G0GYZ0_9BACT__Cas12-13-486m,0.058368631524755785,0.014514184884281014
tr_A0A0G0JMW0_A0A0G0JMW0_9BACT__Cas12-13,0.04783258535525246,0.006896987304989129
tr_A0A0G0JMW0_A0A0G0JMW0_9BACT__Cas12-13-514m,0.08151153723944315,0.013652879038103983
tr_A0A0G1HMT2_A0A0G1HMT2_9BACT__Cas12-13,0.6143542743139025,0.08764290113953078
tr_A0A0G1HMT2_A0A0G1HMT2_9BACT__Cas12-13-541m,0.41155987665519794,0.05376754434052014
tr_A0A0G1HSW3_A0A0G1HSW3_9BACT__Cas12-13,0.9683774699940585,0.009861190768757308
tr_A0A0G1HSW3_A0A0G1HSW3_9BACT__Cas12-13-533m,0.46115647875998445,0.039791328739705464
tr_A0A0G9K6E6_A0A0G9K6E6_9BACT__Cas12-13,0.6960754592208052,0.08731227760481419
tr_A0A0G9K6E6_A0A0G9K6E6_9BACT__Cas12-13-400m,0.4819609920407878,0.05893551805934373
tr_A0A0X3TJQ0_A0A0X3TJQ0_9GAMM__Cas12-13,0.7799055894332583,0.03738022770329085
tr_A0A0X3TJQ0_A0A0X3TJQ0_9GAMM__Cas12-13-520m,0.8136000582614097,0.03745696402241015
tr_A0A133Y4S8_A0A133Y4S8_9BACT__Cas12-13,0.095413764740402,0.02043462113924059
tr_A0A133Y4S8_A0A133Y4S8_9BACT__Cas12-13-497m,0.04939870036817234,0.013962360516157235
tr_A0A173RQ21_A0A173RQ21_9FIRM__Cas12-13,0.6590687325162977,0.08376730806437897
tr_A0A173RQ21_A0A173RQ21_9FIRM__Cas12-13-506m,0.03903212347226043,0.011881784125295296
tr_A0A174G7N5_A0A174G7N5_9FIRM__Cas12-13,0.5937348624110829,0.09211584936926825
tr_A0A174G7N5_A0A174G7N5_9FIRM__Cas12-13-506m,0.04960233664461357,0.015609946349506876
tr_A0A174H7D3_A0A174H7D3_9FIRM__Cas12-13,0.670864707054272,0.07425491724111527
tr_A0A174H7D3_A0A174H7D3_9FIRM__Cas12-13-506m,0.034940500725851906,0.010848100574268448
tr_A0A174Z7A5_A0A174Z7A5_9FIRM__Cas12-13,0.33279358555815286,0.06855429229262272
tr_A0A174Z7A5_A0A174Z7A5_9FIRM__Cas12-13-513m,0.054649290515167835,0.013593911295349979
tr_A0A182DWE3_A0A182DWE3_9FIRM__Cas12-13,0.493941721013483,0.07263809452244546
tr_A0A182DWE3_A0A182DWE3_9FIRM__Cas12-13-492m,0.30366319802309283,0.07743670206419091
tr_A0A1B8PW75_A0A1B8PW75_MORLA__Cas12-13,0.7274516447064634,0.0637011782578471
tr_A0A1B8PW75_A0A1B8PW75_MORLA__Cas12-13-506m,0.2161749940454797,0.03432669619024193
tr_A0A1C5Q7Q5_A0A1C5Q7Q5_9CLOT__Cas12-13,0.37271622580420977,0.05619226697862252
tr_A0A1C5Q7Q5_A0A1C5Q7Q5_9CLOT__Cas12-13-509m,0.6438651663502462,0.0553792045920202
tr_A0A1C5QF09_A0A1C5QF09_9CLOT__Cas12-13,0.48357873811513025,0.07454693488131646
tr_A0A1C5QF09_A0A1C5QF09_9CLOT__Cas12-13-504m,0.5271870727027881,0.06336331209409832
tr_A0A1D9P5I8_A0A1D9P5I8_9FIRM__Cas12-13,0.2839460097311822,0.06749592486767317
tr_A0A1D9P5I8_A0A1D9P5I8_9FIRM__Cas12-13-507m,0.47639179123232206,0.04739254878420053
tr_A0A1F3JTA5_A0A1F3JTA5_9BACT__Cas12-13,0.15921886445931288,0.038297652017630475
tr_A0A1F3JTA5_A0A1F3JTA5_9BACT__Cas12-13-501m,0.02182071274845654,0.006104160102514599
tr_A0A1F5ENJ2_A0A1F5ENJ2_9BACT__Cas12-13,0.16302601694022295,0.03542005907831494
tr_A0A1F5ENJ2_A0A1F5ENJ2_9BACT__Cas12-13-548m,0.765536988707199,0.049167256418345774
tr_A0A1F5N4S5_A0A1F5N4S5_9BACT__Cas12-13,0.044536875001449136,0.011405917467473457
tr_A0A1F5N4S5_A0A1F5N4S5_9BACT__Cas12-13-332m,0.037217862190881676,0.013020694551932114
tr_A0A1F5S360_A0A1F5S360_9BACT__Cas12-13,0.32703710162534794,0.04160610336186371
tr_A0A1F5S360_A0A1F5S360_9BACT__Cas12-13-537m,0.034403883607042066,0.009741492692346362
tr_A0A1G2A9Z1_A0A1G2A9Z1_9BACT__Cas12-13,0.5568279447915205,0.09411255277569737
tr_A0A1G2A9Z1_A0A1G2A9Z1_9BACT__Cas12-13-528m,0.43905337576274917,0.0956391179480033
tr_A0A1G2G724_A0A1G2G724_9BACT__Cas12-13,0.037108658739613935,0.009865244614969878
tr_A0A1G2G724_A0A1G2G724_9BACT__Cas12-13-537m,0.07807826263705371,0.013837069147773103
tr_A0A1G2R4W1_A0A1G2R4W1_9BACT__Cas12-13,0.16010926164981265,0.024899334688733156
tr_A0A1G2R4W1_A0A1G2R4W1_9BACT__Cas12-13-556m,0.08573370065345523,0.020633777688327245
tr_A0A1G2X4C9_A0A1G2X4C9_9BACT__Cas12-13,0.8826079079855024,0.02886768476279598
tr_A0A1G2X4C9_A0A1G2X4C9_9BACT__Cas12-13-509m,0.09775331912527396,0.017773546706044044
tr_A0A1G5RS09_A0A1G5RS09_PSEXY__Cas12-13,0.8712577072642169,0.03099021547305796
tr_A0A1G5RS09_A0A1G5RS09_PSEXY__Cas12-13-483m,0.05149234479743975,0.013246684179817812
tr_A0A1G6JCV0_A0A1G6JCV0_9FIRM__Cas12-13,0.34909808753689076,0.08753952329463635
tr_A0A1G6JCV0_A0A1G6JCV0_9FIRM__Cas12-13-523m,0.31771852919089,0.04498694991392153
tr_A0A1J4TX42_A0A1J4TX42_9BACT__Cas12-13,0.020452345909959112,0.005992685096585273
tr_A0A1J4TX42_A0A1J4TX42_9BACT__Cas12-13-529m,0.012901458122113307,0.004658795086744249
tr_A0A1J4U637_A0A1J4U637_9BACT__Cas12-13,0.15214623651407172,0.04168628081112915
tr_A0A1J4U637_A0A1J4U637_9BACT__Cas12-13-553m,0.6111661931364042,0.07461664334730546
tr_A0A1M7G246_A0A1M7G246_XYLRU__Cas12-13,0.5057315075454428,0.053603820946971775
tr_A0A1M7G246_A0A1M7G246_XYLRU__Cas12-13-501m,0.2935186026531892,0.055893881555413895
tr_A0A1Q2HSP0_A0A1Q2HSP0_9BACT__Cas12-13,0.08612785715787355,0.023381857934799903
tr_A0A1Q2HSP0_A0A1Q2HSP0_9BACT__Cas12-13-524m,0.9566420476945853,0.013902302753794303
tr_A0A1Q2MH85_A0A1Q2MH85_9BACT__Cas12-13,0.10408422336085751,0.02743953270972013
tr_A0A1Q2MH85_A0A1Q2MH85_9BACT__Cas12-13-514m,0.4915815108125412,0.04089592659280114
tr_A0A1Q6QK63_A0A1Q6QK63_9FIRM__Cas12-13,0.4384576872276589,0.06256474483795955
tr_A0A1Q6QK63_A0A1Q6QK63_9FIRM__Cas12-13-506m,0.24445321966869474,0.03923777435198084
tr_A0A1T4JZ89_A0A1T4JZ89_9FIRM__Cas12-13,0.04380380774785846,0.006387935200484765
tr_A0A1T4JZ89_A0A1T4JZ89_9FIRM__Cas12-13-505m,0.594313771521907,0.07641480860863187
tr_A0A1T4KTI7_A0A1T4KTI7_TREPO__Cas12-13,0.44747057784617505,0.07564464021458342
tr_A0A1T4KTI7_A0A1T4KTI7_TREPO__Cas12-13-530m,0.06852495439302812,0.014132305704125379
tr_A0A1V4GTC2_A0A1V4GTC2_MORLA__Cas12-13,0.6261518148685743,0.059634642376987165
tr_A0A1V4GTC2_A0A1V4GTC2_MORLA__Cas12-13-501m,0.7242686198202694,0.04358171890281151
tr_A0A1V5QNR7_A0A1V5QNR7_UNCAD__Cas12-13,0.6704390692416322,0.04608632168919338
tr_A0A1V5QNR7_A0A1V5QNR7_UNCAD__Cas12-13-524m,0.10411339650665541,0.010931161650179112
tr_A0A1V5W081_A0A1V5W081_9SPIR__Cas12-13,0.0828184139335184,0.02471021143937936
tr_A0A1V5W081_A0A1V5W081_9SPIR__Cas12-13-454m,0.05474855520045428,0.01585184690464387
tr_A0A1V5XK53_A0A1V5XK53_9FIRM__Cas12-13,0.024893208383202133,0.007902739742709589
tr_A0A1V5XK53_A0A1V5XK53_9FIRM__Cas12-13-518m,0.3085530388667187,0.038038911266558575
tr_A0A1Y4GSM8_A0A1Y4GSM8_9BACT__Cas12-13,0.38264104725078496,0.0567122981667432
tr_A0A1Y4GSM8_A0A1Y4GSM8_9BACT__Cas12-13-500m,0.5187388534145597,0.04699516403623342
tr_A0A2G9MBL7_A0A2G9MBL7_9ARCH__Cas12-13,0.4889058473879575,0.05557836429516156
tr_A0A2G9MBL7_A0A2G9MBL7_9ARCH__Cas12-13-526m,0.10061017913911736,0.017406038899386418
tr_A0A2G9P931_A0A2G9P931_UNCAD__Cas12-13,0.355085878150294,0.04838309455288427
tr_A0A2G9P931_A0A2G9P931_UNCAD__Cas12-13-574m,0.23537268923057866,0.046645862611849956
tr_A0A2H0BER8_A0A2H0BER8_UNCKA__Cas12-13,0.3230059177445866,0.06443188770535584
tr_A0A2H0BER8_A0A2H0BER8_UNCKA__Cas12-13-539m,0.16939463592818405,0.0396994800462135
tr_A0A2H0BYR2_A0A2H0BYR2_9BACT__Cas12-13,0.784979764336628,0.01912002361004283
tr_A0A2H0BYR2_A0A2H0BYR2_9BACT__Cas12-13-587m,0.03243537284743493,0.005919670063033419
tr_A0A2H0I5F9_A0A2H0I5F9_9BACT__Cas12-13,0.08768713231099878,0.02145889282371665
tr_A0A2H0I5F9_A0A2H0I5F9_9BACT__Cas12-13-532m,0.2574032585684099,0.054643558387379706
tr_A0A2H0KCN3_A0A2H0KCN3_9BACT__Cas12-13,0.11565259894836326,0.029805491635582243
tr_A0A2H0KCN3_A0A2H0KCN3_9BACT__Cas12-13-536m,0.1942147970268506,0.04352807278930342
tr_A0A2H0KL31_A0A2H0KL31_9BACT__Cas12-13,0.2971574576245547,0.04151745287495661
tr_A0A2H0KL31_A0A2H0KL31_9BACT__Cas12-13-547m,0.06719645507126451,0.011982278799425507
tr_A0A2H0L640_A0A2H0L640_9BACT__Cas12-13,0.09901957435214416,0.023452222038863463
tr_A0A2H0L640_A0A2H0L640_9BACT__Cas12-13-606m,0.1342926861259515,0.026367512895482247
tr_A0A2H0NI76_A0A2H0NI76_9BACT__Cas12-13,0.01990622396956121,0.0058933104259000215
tr_A0A2H0NI76_A0A2H0NI76_9BACT__Cas12-13-529m,0.013250623744285515,0.004662254397907284
tr_A0A2H0YLZ4_A0A2H0YLZ4_9BACT__Cas12-13,0.0932777842319749,0.0224548633916213
tr_A0A2H0YLZ4_A0A2H0YLZ4_9BACT__Cas12-13-619m,0.0755202666465282,0.016151564398435195
tr_A0A2H3K8K7_A0A2H3K8K7_9FLAO__Cas12-13,0.2092205229837812,0.05767252218043432
tr_A0A2H3K8K7_A0A2H3K8K7_9FLAO__Cas12-13-533m,0.20396587640757152,0.03932792871561688
tr_A0A2H6AA12_A0A2H6AA12_UNCXX__Cas12-13,0.034912850022434876,0.013046416738790872
tr_A0A2H6AA12_A0A2H6AA12_UNCXX__Cas12-13-328m,0.032835296383053526,0.008403209147486703
tr_A0A2M6K9N7_A0A2M6K9N7_9BACT__Cas12-13,0.14643286238591574,0.030661248868002783
tr_A0A2M6K9N7_A0A2M6K9N7_9BACT__Cas12-13-541m,0.16097775186444124,0.04090551544069069
tr_A0A2M6XU94_A0A2M6XU94_9BACT__Cas12-13,0.1990998460380912,0.03005536770977249
tr_A0A2M6XU94_A0A2M6XU94_9BACT__Cas12-13-602m,0.10855293244000024,0.02187047694983769
tr_A0A2M6Z2G0_A0A2M6Z2G0_9BACT__Cas12-13,0.25571576896349196,0.05066471134275115
tr_A0A2M6Z2G0_A0A2M6Z2G0_9BACT__Cas12-13-566m,0.2712862312547272,0.05346834465529812
tr_A0A2M7BTU8_A0A2M7BTU8_9BACT__Cas12-13,0.2863585817893235,0.038330204153269515
tr_A0A2M7BTU8_A0A2M7BTU8_9BACT__Cas12-13-547m,0.06208228297237421,0.01058332073545592
tr_A0A2M7EKJ4_A0A2M7EKJ4_9BACT__Cas12-13,0.19654870876802794,0.035045782430873286
tr_A0A2M7EKJ4_A0A2M7EKJ4_9BACT__Cas12-13-372m,0.16202764372288606,0.04767747493765137
tr_A0A2M7IMU6_A0A2M7IMU6_9BACT__Cas12-13,0.05630422070733944,0.01692162901297107
tr_A0A2M7IMU6_A0A2M7IMU6_9BACT__Cas12-13-530m,0.6702822985097131,0.07770829270055532
tr_A0A2M7LK06_A0A2M7LK06_9BACT__Cas12-13,0.28437669919370157,0.039108696694076
tr_A0A2M7LK06_A0A2M7LK06_9BACT__Cas12-13-547m,0.06009094323127616,0.009978451633369401
tr_A0A2M7XDN6_A0A2M7XDN6_9BACT__Cas12-13,0.11766616633069742,0.03437357909004426
tr_A0A2M7XDN6_A0A2M7XDN6_9BACT__Cas12-13-496m,0.703220176649305,0.049593724636952934
tr_A0A2M8KVT8_A0A2M8KVT8_9BACT__Cas12-13,0.6847903762575489,0.07270916651951236
tr_A0A2M8KVT8_A0A2M8KVT8_9BACT__Cas12-13-531m,0.008597770850162037,0.0028559188329150605
tr_A0A2N0UJG4_A0A2N0UJG4_9FIRM__Cas12-13,0.24342897927592516,0.037876684206879126
tr_A0A2N0UJG4_A0A2N0UJG4_9FIRM__Cas12-13-498m,0.5049874108344066,0.05114937542300079
tr_A0A2N2WBK1_A0A2N2WBK1_9BACT__Cas12-13,0.28709197672366893,0.06017990985605504
tr_A0A2N2WBK1_A0A2N2WBK1_9BACT__Cas12-13-520m,0.0680228471220524,0.014091657347520277
tr_A0A2N2ZXB7_A0A2N2ZXB7_9BACT__Cas12-13,0.0962668004616173,0.029762731074809184
tr_A0A2N2ZXB7_A0A2N2ZXB7_9BACT__Cas12-13-516m,0.1343475979934461,0.02152752184379566
tr_A0A2P2E441_A0A2P2E441_9LEPT__Cas12-13,0.2251374210300366,0.04594303953409092
tr_A0A2P2E441_A0A2P2E441_9LEPT__Cas12-13-509m,0.05863998990542972,0.01620538794155007
tr_A0A2S0VW63_A0A2S0VW63_9ALTE__Cas12-13,0.4532436092753674,0.04897625862688913
tr_A0A2S0VW63_A0A2S0VW63_9ALTE__Cas12-13-586m,0.08628824156920577,0.02604222093671693
tr_A0A2T2QW30_A0A2T2QW30_9BACT__Cas12-13,0.6091277077773312,0.061218632400047025
tr_A0A2T2QW30_A0A2T2QW30_9BACT__Cas12-13-511m,0.2677103072686912,0.0585991234376226
tr_A0A2U7PC60_A0A2U7PC60_9BACT__Cas12-13,0.47327817733653416,0.08134690676115904
tr_A0A2U7PC60_A0A2U7PC60_9BACT__Cas12-13-534m,0.18323935467622052,0.04790533530680221
tr_A0A2W4IMZ0_A0A2W4IMZ0_9BACT__Cas12-13,0.038166560977393134,0.009099340107685953
tr_A0A2W4IMZ0_A0A2W4IMZ0_9BACT__Cas12-13-493m,0.49548899168991223,0.06846224569576143
tr_A0A2W4J069_A0A2W4J069_UNCGA__Cas12-13,0.8793877624919713,0.009970412523206993
tr_A0A2W4J069_A0A2W4J069_UNCGA__Cas12-13-546m,0.21341517041856237,0.03720860743745583
tr_A0A2X4PJM6_A0A2X4PJM6_9PORP__Cas12-13,0.2543165578008339,0.050212770015768474
tr_A0A2X4PJM6_A0A2X4PJM6_9PORP__Cas12-13-504m,0.014971157754022921,0.002872013471270577
tr_A0A316P764_A0A316P764_UNCCL__Cas12-13,0.32590737332975656,0.07498773899431686
tr_A0A316P764_A0A316P764_UNCCL__Cas12-13-490m,0.9380059906516991,0.02345274365804332
tr_A0A328EET9_A0A328EET9_9BACT__Cas12-13,0.5859094291905187,0.06169328294940477
tr_A0A328EET9_A0A328EET9_9BACT__Cas12-13-548m,0.07108303365741042,0.01430424745076512
tr_A0A328EF35_A0A328EF35_9BACT__Cas12-13,0.3790045719786301,0.05965583266673053
tr_A0A328EF35_A0A328EF35_9BACT__Cas12-13-495m,0.5618461839347109,0.06681302887331322
tr_A0A328EL15_A0A328EL15_9BACT__Cas12-13,0.4186219950179118,0.0674819925186341
tr_A0A328EL15_A0A328EL15_9BACT__Cas12-13-522m,0.31201635121180293,0.07845936973918831
tr_A0A348P4Q9_A0A348P4Q9_9FIRM__Cas12-13,0.4048026456610197,0.09997304171358867
tr_A0A348P4Q9_A0A348P4Q9_9FIRM__Cas12-13-505m,0.37583761730092685,0.07330279153868587
tr_A0A350VWH6_A0A350VWH6_9FIRM__Cas12-13,0.061057160630321086,0.01896812047764076
tr_A0A350VWH6_A0A350VWH6_9FIRM__Cas12-13-526m,0.18338331962523077,0.0376014166013854
tr_A0A351IS13_A0A351IS13_9BACT__Cas12-13,0.37564453453018204,0.093545611779126
tr_A0A351IS13_A0A351IS13_9BACT__Cas12-13-562m,0.3606166452571514,0.0910712991238186
tr_A0A373KVV0_A0A373KVV0_9FIRM__Cas12-13,0.2332871972831186,0.04346901255801012
tr_A0A373KVV0_A0A373KVV0_9FIRM__Cas12-13-498m,0.6821410886487158,0.04631012428798248
tr_A0A374DM81_A0A374DM81_9FIRM__Cas12-13,0.24582333618247362,0.04646266550447533
tr_A0A374DM81_A0A374DM81_9FIRM__Cas12-13-498m,0.47272747710179897,0.05988275527245355
tr_A0A374FWW8_A0A374FWW8_9FIRM__Cas12-13,0.18463023427097908,0.03904580253017576
tr_A0A374FWW8_A0A374FWW8_9FIRM__Cas12-13-498m,0.4700738299196985,0.055269200653247336
tr_A0A378PH00_A0A378PH00_9GAMM__Cas12-13,0.25261319180541064,0.059308389352244945
tr_A0A378PH00_A0A378PH00_9GAMM__Cas12-13-384m,0.249897107443035,0.03570181806513755
tr_A0A378PT01_A0A378PT01_MORBO__Cas12-13,0.7366335250438464,0.027725426897332005
tr_A0A378PT01_A0A378PT01_MORBO__Cas12-13-505m,0.16373232684818845,0.05082191587154507
tr_A0A378QIN5_A0A378QIN5_MORLA__Cas12-13,0.6283394157269064,0.0593954667182795
tr_A0A378QIN5_A0A378QIN5_MORLA__Cas12-13-501m,0.7233101570751925,0.043300854222284885
tr_A0A378QSI1_A0A378QSI1_9GAMM__Cas12-13,0.4562376886488906,0.05964565210859064
tr_A0A378QSI1_A0A378QSI1_9GAMM__Cas12-13-501m,0.6132395802249468,0.05050362906150318
tr_A0A378QYS8_A0A378QYS8_9GAMM__Cas12-13,0.44799808257060925,0.07849518042999461
tr_A0A378QYS8_A0A378QYS8_9GAMM__Cas12-13-506m,0.30569045540144224,0.0495374089214683
tr_A0A378TA44_A0A378TA44_MORLA__Cas12-13,0.6095771500186038,0.05283036222596451
tr_A0A378TA44_A0A378TA44_MORLA__Cas12-13-505m,0.5765506265852851,0.08131382037849968
tr_A0A379DK25_A0A379DK25_9PORP__Cas12-13,0.5723337455243521,0.0770772851426771
tr_A0A379DK25_A0A379DK25_9PORP__Cas12-13-499m,0.7191272032327217,0.04804014168860158
tr_A0A388TJB5_A0A388TJB5_9BACT__Cas12-13,0.057395911298334844,0.02100272270402703
tr_A0A388TJB5_A0A388TJB5_9BACT__Cas12-13-354m,0.010925560886294027,0.0032828282752563522
tr_A0A395ZM57_A0A395ZM57_9FIRM__Cas12-13,0.7333557772967078,0.06993480697506621
tr_A0A395ZM57_A0A395ZM57_9FIRM__Cas12-13-506m,0.046149477608485465,0.013497247395323849
tr_A0A3A4VC07_A0A3A4VC07_9BACT__Cas12-13,0.2677388267531592,0.06269209644393677
tr_A0A3A4VC07_A0A3A4VC07_9BACT__Cas12-13-399m,0.19708625451262007,0.04066830100105458
tr_A0A3A5R7B9_A0A3A5R7B9_9FIRM__Cas12-13,0.3667640545156526,0.0672380297012663
tr_A0A3A5R7B9_A0A3A5R7B9_9FIRM__Cas12-13-340m,0.07251118190706665,0.019302189086279994
tr_A0A3B9V9C3_A0A3B9V9C3_UNCDE__Cas12-13,0.21671747154058388,0.038620555525689125
tr_A0A3B9V9C3_A0A3B9V9C3_UNCDE__Cas12-13-519m,0.6451283050047236,0.055678020256109385
tr_A0A3C1TMF1_A0A3C1TMF1_9BACT__Cas12-13,0.6272567508387783,0.04811304023946218
tr_A0A3C1TMF1_A0A3C1TMF1_9BACT__Cas12-13-404m,0.07778693704349555,0.016506390618564785
tr_A0A3C2D4F4_A0A3C2D4F4_9BACT__Cas12-13,0.41283725242910296,0.06088031172103553
tr_A0A3C2D4F4_A0A3C2D4F4_9BACT__Cas12-13-512m,0.29504115942010023,0.049737674641843754
tr_A0A3E1EYK1_A0A3E1EYK1_9FLAO__Cas12-13,0.41990625626448963,0.05412331738884586
tr_A0A3E1EYK1_A0A3E1EYK1_9FLAO__Cas12-13-519m,0.3805785555713159,0.06087976456370562
tr_A0A3E4M560_A0A3E4M560_9FIRM__Cas12-13,0.6740601926515422,0.07961781860395391
tr_A0A3E4M560_A0A3E4M560_9FIRM__Cas12-13-506m,0.04193507257225072,0.013559484834046018
tr_A0A3E4WKP2_A0A3E4WKP2_9BACT__Cas12-13,0.09776416344969423,0.011725233565257433
tr_A0A3E4WKP2_A0A3E4WKP2_9BACT__Cas12-13-498m,0.1809129151427117,0.04446204384036398
tr_A0A3E5ARN3_A0A3E5ARN3_9FIRM__Cas12-13,0.680212012873289,0.07867718172160477
tr_A0A3E5ARN3_A0A3E5ARN3_9FIRM__Cas12-13-506m,0.04929347652359997,0.014426261386134486
tr_A0A3G3IGR4_A0A3G3IGR4_9ARCH__Cas12-13,0.3481263244248056,0.08879526302788492
tr_A0A3G3IGR4_A0A3G3IGR4_9ARCH__Cas12-13-491m,0.32351696981441697,0.06998822022811883
tr_A0A3L7ZY20_A0A3L7ZY20_9BACT__Cas12-13,0.10378301931198852,0.012250979983789934
tr_A0A3L7ZY20_A0A3L7ZY20_9BACT__Cas12-13-501m,0.06099854289581931,0.010561356067673059
tr_A0A3R5WPV1_A0A3R5WPV1_9FIRM__Cas12-13,0.16598753934789892,0.041737612072981815
tr_A0A3R5WPV1_A0A3R5WPV1_9FIRM__Cas12-13-523m,0.4817493923188613,0.05286483208280236
tr_A0A3R6QHH5_A0A3R6QHH5_9CLOT__Cas12-13,0.47352042336767086,0.07663854330440759
tr_A0A3R6QHH5_A0A3R6QHH5_9CLOT__Cas12-13-504m,0.5355384409978774,0.06162997568103939
tr_A0A3R6U2T4_A0A3R6U2T4_9FIRM__Cas12-13,0.5637870791258144,0.07583599507895503
tr_A0A3R6U2T4_A0A3R6U2T4_9FIRM__Cas12-13-512m,0.39718551272194585,0.05311586594852762
tr_A0A412DWT9_A0A412DWT9_9FIRM__Cas12-13,0.2750178514021112,0.046772734695279
tr_A0A412DWT9_A0A412DWT9_9FIRM__Cas12-13-498m,0.49351654300613623,0.05864415058543637
tr_A0A413K8X0_A0A413K8X0_9FIRM__Cas12-13,0.2661870854200236,0.049528468208509764
tr_A0A413K8X0_A0A413K8X0_9FIRM__Cas12-13-498m,0.6270035130535384,0.05213339040913895
tr_A0A413MF24_A0A413MF24_9FIRM__Cas12-13,0.6933062123693908,0.08612297041358612
tr_A0A413MF24_A0A413MF24_9FIRM__Cas12-13-428m,0.4965232822802121,0.062378357847305825
tr_A0A413QB63_A0A413QB63_9FIRM__Cas12-13,0.04959353907662452,0.009032828377723748
tr_A0A413QB63_A0A413QB63_9FIRM__Cas12-13-457m,0.45325383665123714,0.06244239737934131
tr_A0A413R8Q5_A0A413R8Q5_9FIRM__Cas12-13,0.3835393936820334,0.10979554164727692
tr_A0A413R8Q5_A0A413R8Q5_9FIRM__Cas12-13-504m,0.396397755114058,0.05986153515198373
tr_A0A413RV11_A0A413RV11_9FIRM__Cas12-13,0.20906257589433846,0.0695980220776826
tr_A0A413RV11_A0A413RV11_9FIRM__Cas12-13-504m,0.4501922423019257,0.06113899108494149
tr_A0A413T5P7_A0A413T5P7_9FIRM__Cas12-13,0.09239770878522967,0.02897609473454091
tr_A0A413T5P7_A0A413T5P7_9FIRM__Cas12-13-327m,0.02865280073887818,0.012775126682470663
tr_A0A414G2J9_A0A414G2J9_9BACT__Cas12-13,0.12393986022918664,0.014683178437986479
tr_A0A414G2J9_A0A414G2J9_9BACT__Cas12-13-498m,0.2713039726321822,0.056488396997747346
tr_A0A414IW66_A0A414IW66_9FIRM__Cas12-13,0.7153449286247214,0.07336695378046618
tr_A0A414IW66_A0A414IW66_9FIRM__Cas12-13-506m,0.052609171831984526,0.016520440335955143
tr_A0A414R465_A0A414R465_9FIRM__Cas12-13,0.3783901079396399,0.10970827314260911
tr_A0A414R465_A0A414R465_9FIRM__Cas12-13-504m,0.39439110812249734,0.0600517240447957
tr_A0A414RIR8_A0A414RIR8_9BACT__Cas12-13,0.09733400470642259,0.00998445240281387
tr_A0A414RIR8_A0A414RIR8_9BACT__Cas12-13-498m,0.3862209854767352,0.06603443207782732
tr_A0A415GCN6_A0A415GCN6_9BACT__Cas12-13,0.10609711830012376,0.01855855136594583
tr_A0A415GCN6_A0A415GCN6_9BACT__Cas12-13-411m,0.5310659161414824,0.08745398214530505
tr_A0A415IKQ5_A0A415IKQ5_9FIRM__Cas12-13,0.6744718376684682,0.08025097158312573
tr_A0A415IKQ5_A0A415IKQ5_9FIRM__Cas12-13-506m,0.03899357781909907,0.012229055025352221
tr_A0A415LEH8_A0A415LEH8_9FIRM__Cas12-13,0.29941515030821303,0.09332858504553897
tr_A0A415LEH8_A0A415LEH8_9FIRM__Cas12-13-504m,0.5244746455673632,0.06635828843177627
tr_A0A416EAC0_A0A416EAC0_9CLOT__Cas12-13,0.4375803261365688,0.07612292803556502
tr_A0A416EAC0_A0A416EAC0_9CLOT__Cas12-13-504m,0.532862598624725,0.060277549654442084
tr_A0A416VBR3_A0A416VBR3_9FIRM__Cas12-13,0.15429437772380208,0.0390340419076885
tr_A0A416VBR3_A0A416VBR3_9FIRM__Cas12-13-523m,0.5140817904388275,0.053359229108811565
tr_A0A496LBF5_A0A496LBF5_UNCBA__Cas12-13,0.02060334319052071,0.006075008695032858
tr_A0A496LBF5_A0A496LBF5_UNCBA__Cas12-13-348m,0.060235852578213,0.017701494206947853
tr_A0A4P8XWX8_A0A4P8XWX8_9FIRM__Cas12-13,0.5745397726614319,0.06651320082276974
tr_A0A4P8XWX8_A0A4P8XWX8_9FIRM__Cas12-13-512m,0.2180223380855706,0.0465017668915445
tr_A0A4R9C145_A0A4R9C145_9FIRM__Cas12-13,0.5021569294858046,0.0475802987992423
tr_A0A4R9C145_A0A4R9C145_9FIRM__Cas12-13-530m,0.23378951125870445,0.044453223565694144
tr_A0A4R9LNU5_A0A4R9LNU5_9LEPT__Cas12-13,0.4159748246600413,0.05582518046989328
tr_A0A4R9LNU5_A0A4R9LNU5_9LEPT__Cas12-13-625m,0.10274138305804421,0.02704158224550938
tr_A0A4U2Z946_A0A4U2Z946_9BACT__Cas12-13,0.4012582161965474,0.08512580881499525
tr_A0A4U2Z946_A0A4U2Z946_9BACT__Cas12-13-479m,0.4682197224395739,0.07411260629145942
tr_A0A543G1G4_A0A543G1G4_9FLAO__Cas12-13,0.08256428145751082,0.016543345015826088
tr_A0A543G1G4_A0A543G1G4_9FLAO__Cas12-13-528m,0.21004254527949154,0.036384368776393575
tr_A0A554KD73_A0A554KD73_9BACT__Cas12-13,0.08956548620424634,0.035261078558981813
tr_A0A554KD73_A0A554KD73_9BACT__Cas12-13-518m,0.1466323467219411,0.03490787193149993
tr_A0A5F0K1C5_A0A5F0K1C5_9FIRM__Cas12-13,0.5033898856977166,0.0481350924015711
tr_A0A5F0K1C5_A0A5F0K1C5_9FIRM__Cas12-13-530m,0.24220303489579303,0.04494941659007551
tr_A0A5P6VT62_A0A5P6VT62_PSEXY__Cas12-13,0.34294270725141096,0.046211340162220955
tr_A0A5P6VT62_A0A5P6VT62_PSEXY__Cas12-13-482m,0.5640805735641771,0.09926190092043737
tr_A0A5S4VUB9_A0A5S4VUB9_9FIRM__Cas12-13,0.6688812904375389,0.07756625781328157
tr_A0A5S4VUB9_A0A5S4VUB9_9FIRM__Cas12-13-506m,0.04118785161382094,0.011510755692238644
tr_A0A5S8WF58_A0A5S8WF58_9FIRM__Cas12-13,0.5709008791526682,0.09081366555292376
tr_A0A5S8WF58_A0A5S8WF58_9FIRM__Cas12-13-492m,0.12374879562686647,0.029555483467750734
tr_A0A660MZK4_A0A660MZK4_UNCGA__Cas12-13,0.22272368092252437,0.05353054782594008
tr_A0A660MZK4_A0A660MZK4_UNCGA__Cas12-13-478m,0.39843558973722454,0.035056611087293535
tr_A0A6L5T656_A0A6L5T656_9FIRM__Cas12-13,0.6592050244174643,0.08236079604112369
tr_A0A6L5T656_A0A6L5T656_9FIRM__Cas12-13-506m,0.04379397046644726,0.013575545547013587
tr_A0A6L5XAH8_A0A6L5XAH8_9BACT__Cas12-13,0.444688206062116,0.052535419574814404
tr_A0A6L5XAH8_A0A6L5XAH8_9BACT__Cas12-13-503m,0.22498099933493734,0.05811451678413917
tr_A0A6L9KEV1_A0A6L9KEV1_9BACT__Cas12-13,0.09639556087963792,0.021490380960153266
tr_A0A6L9KEV1_A0A6L9KEV1_9BACT__Cas12-13-517m,0.11403963973738854,0.024052801138472392
tr_A0A7C4J238_A0A7C4J238_UNCSP__Cas12-13,0.16194316707730277,0.035812262704653305
tr_A0A7C4J238_A0A7C4J238_UNCSP__Cas12-13-514m,0.09346815614498657,0.022119487791176444
tr_A0A7C6JPC1_A0A7C6JPC1_9BACT__Cas12-13,0.3756303794531274,0.0707977879741428
tr_A0A7C6JPC1_A0A7C6JPC1_9BACT__Cas12-13-543m,0.7106387883348605,0.047080842214581524
tr_A0A7C9H0Z9_A0A7C9H0Z9_9FIRM__Cas12-13,0.35225304678178,0.07270351821658722
tr_A0A7C9H0Z9_A0A7C9H0Z9_9FIRM__Cas12-13-513m,0.05175404297321834,0.01154179148118543
tr_A0A7T3RDH8_A0A7T3RDH8_9SPIR__Cas12-13,0.17145716840599193,0.04111857509768299
tr_A0A7T3RDH8_A0A7T3RDH8_9SPIR__Cas12-13-534m,0.4860881918517176,0.07852549178457872
tr_A0A7V6IQ32_A0A7V6IQ32_9CLOT__Cas12-13,0.2929243211151005,0.05761159800378909
tr_A0A7V6IQ32_A0A7V6IQ32_9CLOT__Cas12-13-542m,0.14970095367900355,0.037828542093163595
tr_A0A7V6TK38_A0A7V6TK38_9CLOT__Cas12-13,0.26906911458161265,0.05063224631876089
tr_A0A7V6TK38_A0A7V6TK38_9CLOT__Cas12-13-542m,0.3415179326327999,0.0511197861313668
tr_A0A7W4HGG7_A0A7W4HGG7_9BACT__Cas12-13,0.3503561259559608,0.06496173485551368
tr_A0A7W4HGG7_A0A7W4HGG7_9BACT__Cas12-13-494m,0.5465042361881014,0.09181880797177044
tr_A0A7X5JDJ4_A0A7X5JDJ4_9BACT__Cas12-13,0.6684894596777603,0.048245660772925365
tr_A0A7X5JDJ4_A0A7X5JDJ4_9BACT__Cas12-13-512m,0.3580394044674852,0.060871800878881256
tr_A0A7X7BUP8_A0A7X7BUP8_9GAMM__Cas12-13,0.26759496904664715,0.06100880806276717
tr_A0A7X7BUP8_A0A7X7BUP8_9GAMM__Cas12-13-522m,0.20957201097851183,0.03819050889110562
tr_A0A7X7MW58_A0A7X7MW58_UNCCL__Cas12-13,0.03724976820839002,0.009192232962539562
tr_A0A7X7MW58_A0A7X7MW58_UNCCL__Cas12-13-379m,0.4342619901623589,0.09546178398164279
tr_A0A7X7P0B2_A0A7X7P0B2_9FIRM__Cas12-13,0.1164682715690982,0.020771459060762474
tr_A0A7X7P0B2_A0A7X7P0B2_9FIRM__Cas12-13-381m,0.2200245470240577,0.07072377637746756
tr_A0A7X8J493_A0A7X8J493_9BACT__Cas12-13,0.10075268854185937,0.024938472788164717
tr_A0A7X8J493_A0A7X8J493_9BACT__Cas12-13-545m,0.6138543989841414,0.06687534652265448
tr_A0A7Y5C4G7_A0A7Y5C4G7_9FLAO__Cas12-13,0.37579755408940196,0.04243744605386178
tr_A0A7Y5C4G7_A0A7Y5C4G7_9FLAO__Cas12-13-544m,0.10519682138148409,0.02116436231602179
tr_A0A7Y7TJ07_A0A7Y7TJ07_UNCBA__Cas12-13,0.5612370942042706,0.07767668360327186
tr_A0A7Y7TJ07_A0A7Y7TJ07_UNCBA__Cas12-13-501m,0.28146122287642045,0.05506677600045813
tr_A0A839JUN2_A0A839JUN2_9BACT__Cas12-13,0.37714822406379683,0.07234748942532399
tr_A0A839JUN2_A0A839JUN2_9BACT__Cas12-13-494m,0.17647270220929984,0.04804570824457074
tr_A0A840SFS7_A0A840SFS7_9SPIR__Cas12-13,0.08133216390532925,0.01881040757133979
tr_A0A840SFS7_A0A840SFS7_9SPIR__Cas12-13-548m,0.28319830832926607,0.06595716739172461
tr_A0A8I1J0X3_A0A8I1J0X3_9FIRM__Cas12-13,0.14702356056868257,0.03739965556407922
tr_A0A8I1J0X3_A0A8I1J0X3_9FIRM__Cas12-13-491m,0.5811458467694506,0.07676409640232643
tr_A0A8T5DKE2_A0A8T5DKE2_UNCAD__Cas12-13,0.5189948203835699,0.08080955766265721
tr_A0A8T5DKE2_A0A8T5DKE2_UNCAD__Cas12-13-524m,0.08593628355209196,0.02672342072136614
tr_A0A927YNR0_A0A927YNR0_9FIRM__Cas12-13,0.7760080044329057,0.04602291671284468
tr_A0A927YNR0_A0A927YNR0_9FIRM__Cas12-13-498m,0.635123059154697,0.04001574097926887
tr_A0A928GYF7_A0A928GYF7_9BACT__Cas12-13,0.076053547981181,0.014815046072629753
tr_A0A928GYF7_A0A928GYF7_9BACT__Cas12-13-523m,0.250664603174534,0.05534154163538864
tr_A0A929SBX7_A0A929SBX7_UNCGA__Cas12-13,0.3379734234719983,0.08308637424048744
tr_A0A929SBX7_A0A929SBX7_UNCGA__Cas12-13-492m,0.26445943293264496,0.04545260303179794
tr_A0A930BC56_A0A930BC56_9FIRM__Cas12-13,0.08629149808201221,0.017762788740366613
tr_A0A930BC56_A0A930BC56_9FIRM__Cas12-13-536m,0.13547805179713693,0.027753270927448087
tr_A0A934E860_A0A934E860_9BACT__Cas12-13,0.6677195317636972,0.06091399386503184
tr_A0A934E860_A0A934E860_9BACT__Cas12-13-514m,0.7660449568950434,0.043151976890247065
tr_A0A935HJX8_A0A935HJX8_9SPHI__Cas12-13,0.5528220232693534,0.07245101618789895
tr_A0A935HJX8_A0A935HJX8_9SPHI__Cas12-13-485m,0.0652674871282164,0.021297567167259234
tr_A0A943XG95_A0A943XG95_CLOSP__Cas12-13,0.09151913964051997,0.015055274836021445
tr_A0A943XG95_A0A943XG95_CLOSP__Cas12-13-438m,0.38633403105169795,0.05115570155880033
tr_A0A944AWY9_A0A944AWY9_9SPIR__Cas12-13,0.5704489876323786,0.07284830225053954
tr_A0A944AWY9_A0A944AWY9_9SPIR__Cas12-13-512m,0.15189614006892854,0.02833921441101515
tr_A0A944DCC9_A0A944DCC9_UNCGA__Cas12-13,0.2507192682707371,0.058635572477247586
tr_A0A944DCC9_A0A944DCC9_UNCGA__Cas12-13-532m,0.13003137325833805,0.03237552929455758
tr_A0A944G251_A0A944G251_9SPIR__Cas12-13,0.287151103886129,0.061904354055929305
tr_A0A944G251_A0A944G251_9SPIR__Cas12-13-519m,0.06278011076421497,0.010266942366554859
tr_A0A944GKD6_A0A944GKD6_9BACT__Cas12-13,0.4704060807624167,0.058304592396741434
tr_A0A944GKD6_A0A944GKD6_9BACT__Cas12-13-506m,0.20091322467554348,0.0384278284749827
tr_A0A948YCH0_A0A948YCH0_UNCPA__Cas12-13,0.1229321820255073,0.024880402946325854
tr_A0A948YCH0_A0A948YCH0_UNCPA__Cas12-13-520m,0.07538717969841716,0.01714006206744899
tr_A0A951R656_A0A951R656_UNCPA__Cas12-13,0.2861006424515417,0.0583092523276371
tr_A0A951R656_A0A951R656_UNCPA__Cas12-13-515m,0.6196912643992525,0.05199734469312159
tr_A0A951ZZ82_A0A951ZZ82_UNCPA__Cas12-13,0.5224170443882886,0.07795700422433774
tr_A0A951ZZ82_A0A951ZZ82_UNCPA__Cas12-13-519m,0.2755404598403543,0.05865162567336125
tr_A0A952AVH5_A0A952AVH5_UNCPA__Cas12-13,0.43018991009711155,0.07164926463925095
tr_A0A952AVH5_A0A952AVH5_UNCPA__Cas12-13-501m,0.04779596469353762,0.006998783183014703
tr_A0A969ZZ01_A0A969ZZ01_9FIRM__Cas12-13,0.7445757761751595,0.05044615439559581
tr_A0A969ZZ01_A0A969ZZ01_9FIRM__Cas12-13-520m,0.34777427125597843,0.046003678441648675
tr_A0A971MR68_A0A971MR68_UNCFI__Cas12-13,0.30807533154706573,0.04854717454328474
tr_A0A971MR68_A0A971MR68_UNCFI__Cas12-13-371m,0.08881742615149928,0.013878962175048125
tr_A0A9D1RFF1_A0A9D1RFF1_9BACT__Cas12-13,0.1626312503618667,0.026591677045905166
tr_A0A9D1RFF1_A0A9D1RFF1_9BACT__Cas12-13-428m,0.3217558486573508,0.05508471028940694
tr_A0A9D1T1T5_A0A9D1T1T5_9BACT__Cas12-13,0.5009228705930134,0.0709844853716347
tr_A0A9D1T1T5_A0A9D1T1T5_9BACT__Cas12-13-513m,0.8582284519188679,0.03409215710361247
tr_A0A9D2E0I7_A0A9D2E0I7_9BACT__Cas12-13,0.2884173135541398,0.05858209601748209
tr_A0A9D2E0I7_A0A9D2E0I7_9BACT__Cas12-13-489m,0.7433801431837146,0.038478666459538506
tr_A0A9D2J165_A0A9D2J165_9BACE__Cas12-13,0.6088826511978619,0.07303080979238614
tr_A0A9D2J165_A0A9D2J165_9BACE__Cas12-13-503m,0.3650175636153091,0.060026492948478144
tr_A0A9D5SBQ4_A0A9D5SBQ4_9BACT__Cas12-13,0.44234374489954253,0.05607246417866821
tr_A0A9D5SBQ4_A0A9D5SBQ4_9BACT__Cas12-13-497m,0.373930864167077,0.06067601545316863
tr_A0A9D8IGB0_A0A9D8IGB0_UNCPL__Cas12-13,0.7337504368710179,0.06071501963695577
tr_A0A9D8IGB0_A0A9D8IGB0_UNCPL__Cas12-13-544m,0.12821219048183513,0.022788479686105863
tr_A0A9D8IGZ7_A0A9D8IGZ7_UNCPL__Cas12-13,0.3829959725552007,0.05157000093108208
tr_A0A9D8IGZ7_A0A9D8IGZ7_UNCPL__Cas12-13-529m,0.32859007661937467,0.06917555200746175
tr_A0A9D8TIK2_A0A9D8TIK2_9BACT__Cas12-13,0.29889786717595285,0.06990184157150324
tr_A0A9D8TIK2_A0A9D8TIK2_9BACT__Cas12-13-522m,0.07411879290966293,0.02132401582350544
tr_A0A9D8TJA5_A0A9D8TJA5_9BACT__Cas12-13,0.013315742387028415,0.0031179290440599694
tr_A0A9D8TJA5_A0A9D8TJA5_9BACT__Cas12-13-507m,0.1832067764370526,0.031447827866071136
tr_A0A9D8WTH5_A0A9D8WTH5_9SPIR__Cas12-13,0.37741915476073085,0.0347584795246013
tr_A0A9D8WTH5_A0A9D8WTH5_9SPIR__Cas12-13-518m,0.5129688822999404,0.05098256729837923
tr_A0A9D9CPV2_A0A9D9CPV2_9BACT__Cas12-13,0.06538005754679191,0.018072030700613667
tr_A0A9D9CPV2_A0A9D9CPV2_9BACT__Cas12-13-485m,0.43657824161198666,0.0750108332918347
tr_A0A9E0V6E4_A0A9E0V6E4_UNCBA__Cas12-13,0.3442928943070655,0.04023299158373295
tr_A0A9E0V6E4_A0A9E0V6E4_UNCBA__Cas12-13-594m,0.07974750119055828,0.017334737762700524
tr_A0A9E0V828_A0A9E0V828_UNCBA__Cas12-13,0.0692512597431835,0.01535707704112822
tr_A0A9E0V828_A0A9E0V828_UNCBA__Cas12-13-511m,0.4037820571889192,0.07518815459840647
tr_A0A9E2I9K5_A0A9E2I9K5_UNCPA__Cas12-13,0.20062432289137327,0.03522658823016681
tr_A0A9E2I9K5_A0A9E2I9K5_UNCPA__Cas12-13-531m,0.09674065434220065,0.027314251005785054
tr_A0A9E3NKD4_A0A9E3NKD4_9FLAO__Cas12-13,0.6963622956564399,0.044560049383997
tr_A0A9E3NKD4_A0A9E3NKD4_9FLAO__Cas12-13-530m,0.14113643143056614,0.02952979966567382
tr_A0A9Y2YAH1_A0A9Y2YAH1_9FIRM__Cas12-13,0.5553114136280869,0.038238210907915
tr_A0A9Y2YAH1_A0A9Y2YAH1_9FIRM__Cas12-13-483m,0.1301452527889092,0.03431855091141161
tr_A0AA37MEL7_A0AA37MEL7_SEGBR__Cas12-13,0.45476065728905857,0.053444138624825624
tr_A0AA37MEL7_A0AA37MEL7_SEGBR__Cas12-13-499m,0.2739003861312133,0.04875356411252841
tr_A0AA92TRX8_A0AA92TRX8_9BACT__Cas12-13,0.06681546280395949,0.013830042310129662
tr_A0AA92TRX8_A0AA92TRX8_9BACT__Cas12-13-510m,0.13903663635547103,0.033211274287698385
tr_A0AA92W1U3_A0AA92W1U3_9BACT__Cas12-13,0.09682907565802126,0.034416164308968676
tr_A0AA92W1U3_A0AA92W1U3_9BACT__Cas12-13-523m,0.1387563565140578,0.028340853828180176
tr_A0AAC8PU27_A0AAC8PU27_9GAMM__Cas12-13,0.7841839049268742,0.027310366973586776
tr_A0AAC8PU27_A0AAC8PU27_9GAMM__Cas12-13-505m,0.26013119908794335,0.061425034709823904
tr_A0AAE0T876_A0AAE0T876_9BIVA__Cas12-13,0.6769392868620941,0.06040720422364902
tr_A0AAE0T876_A0AAE0T876_9BIVA__Cas12-13-478m,0.023576628319909948,0.0036698333995494738
tr_A0AAE3A1Z5_A0AAE3A1Z5_9FIRM__Cas12-13,0.3908821512709927,0.07903214490508202
tr_A0AAE3A1Z5_A0AAE3A1Z5_9FIRM__Cas12-13-504m,0.4843692333164773,0.06226721356146999
tr_C4Z1Q1_C4Z1Q1_LACE2__Cas12-13,0.24516740754600558,0.06287487175992346
tr_C4Z1Q1_C4Z1Q1_LACE2__Cas12-13-513m,0.04151858569672933,0.010059107553818803
tr_D7JGI7_D7JGI7_9BACT__Cas12-13,0.1488732107238157,0.03482856970655074
tr_D7JGI7_D7JGI7_9BACT__Cas12-13-505m,0.9407262935842823,0.021538052637820132
tr_D8E0G1_D8E0G1_9BACT__Cas12-13,0.16909539631070497,0.05913429841399661
tr_D8E0G1_D8E0G1_9BACT__Cas12-13-503m,0.5716519155458337,0.07174222994749581
tr_E1KQG5_E1KQG5_9BACT__Cas12-13,0.5862055051305088,0.05087538527992182
tr_E1KQG5_E1KQG5_9BACT__Cas12-13-530m,0.4025068518950617,0.08628754215584077
tr_G2Z495_G2Z495_FLABF__Cas12-13,0.07040539137021726,0.01704686443099974
tr_G2Z495_G2Z495_FLABF__Cas12-13-528m,0.19548569121548603,0.03329596818578031
tr_H3NP38_H3NP38_9FIRM__Cas12-13,0.06539634712671627,0.02017969012556942
tr_H3NP38_H3NP38_9FIRM__Cas12-13-524m,0.1579034570290752,0.03780241569330887
tr_K2DM42_K2DM42_9BACT__Cas12-13,0.1849098000744365,0.05025851627460844
tr_K2DM42_K2DM42_9BACT__Cas12-13-387m,0.09044509450445926,0.020805127503367073
tr_R6A532_R6A532_9FIRM__Cas12-13,0.34136071124730816,0.06811586534144298
tr_R6A532_R6A532_9FIRM__Cas12-13-513m,0.04429734633034301,0.011919382863074866
tr_R9KJ83_R9KJ83_9FIRM__Cas12-13,0.29867676106199037,0.05356088509694113
tr_R9KJ83_R9KJ83_9FIRM__Cas12-13-492m,0.19782997875486277,0.026437172036993042
tr_V6HCU8_V6HCU8_9LEPT__Cas12-13,0.35872378250362036,0.03588266243489017
tr_V6HCU8_V6HCU8_9LEPT__Cas12-13-506m,0.17800245677161736,0.032910729753030755
sp_T0D7A2_CS12B_ALIAG__Cas12-13,0.03031322420797681,0.011166734922674034
sp_T0D7A2_CS12B_ALIAG__Cas12-13-452m,0.07453385963571789,0.019241232272140106
tr_A0A2N5G714_A0A2N5G714_9BACI__Cas12-13,0.38341891208930357,0.08646989625894513
tr_A0A2N5G714_A0A2N5G714_9BACI__Cas12-13-445m,0.41475613821380397,0.057070134879408624
tr_A0A3M8AW67_A0A3M8AW67_9BACL__Cas12-13,0.035466610031479696,0.006532870867434581
tr_A0A3M8AW67_A0A3M8AW67_9BACL__Cas12-13-444m,0.15263205147911355,0.03134459852652923
tr_A0A3M8BCW8_A0A3M8BCW8_9BACL__Cas12-13,0.01402304759126606,0.0018260294060081787
tr_A0A3M8BCW8_A0A3M8BCW8_9BACL__Cas12-13-444m,0.27405754271165544,0.07525881551789054
tr_A0A6I3SPI6_A0A6I3SPI6_HELMO__Cas12-13,0.2331802356235059,0.037922018699451554
tr_A0A6I3SPI6_A0A6I3SPI6_HELMO__Cas12-13-589m,0.3634140056442511,0.048557094915057594
tr_A0A6M1UF64_A0A6M1UF64_9BACL__Cas12-13,0.13701046432049474,0.025058684824689145
tr_A0A6M1UF64_A0A6M1UF64_9BACL__Cas12-13-436m,0.42680913768803724,0.09130865300588356
tr_A0A6N9TP17_A0A6N9TP17_DISTH__Cas12-13,0.31293177721580634,0.041584763198378526
tr_A0A6N9TP17_A0A6N9TP17_DISTH__Cas12-13-612m,0.22302210581372944,0.03844388248735634
tr_A0A7S6MDR7_A0A7S6MDR7_9BACT__Cas12-13,0.30883139770398904,0.04822092695384247
tr_A0A7S6MDR7_A0A7S6MDR7_9BACT__Cas12-13-584m,0.6248402170188901,0.05682443708811068
tr_A0A7T5ELD8_A0A7T5ELD8_9BACL__Cas12-13,0.1016085419710008,0.026508816822865596
tr_A0A7T5ELD8_A0A7T5ELD8_9BACL__Cas12-13-444m,0.3579079738424015,0.06035721818730606
tr_A0A7X7KIS4_A0A7X7KIS4_9BACT__Cas12-13,0.07657634626105839,0.012444392523259075
tr_A0A7X7KIS4_A0A7X7KIS4_9BACT__Cas12-13-565m,0.5609322642861463,0.04879075536521095
tr_A0A7X8UMW7_A0A7X8UMW7_UNCPL__Cas12-13,0.49013847176327713,0.06731218973360445
tr_A0A7X8UMW7_A0A7X8UMW7_UNCPL__Cas12-13-604m,0.3553022504225645,0.05039545932299374
tr_A0A7X8X2U5_A0A7X8X2U5_UNCCL__Cas12-13,0.20384243770799637,0.03240130099812536
tr_A0A7X8X2U5_A0A7X8X2U5_UNCCL__Cas12-13-448m,0.1298653385888518,0.04162751117362474
tr_A0A928T6C4_A0A928T6C4_9BACT__Cas12-13,0.2466131578599433,0.031980837581363934
tr_A0A928T6C4_A0A928T6C4_9BACT__Cas12-13-642m,0.11048347255431609,0.02458023803615689
tr_A0A932D685_A0A932D685_UNCVE__Cas12-13,0.46126143723614754,0.05572034154710835
tr_A0A932D685_A0A932D685_UNCVE__Cas12-13-566m,0.22445730232346434,0.03574059756946552
tr_A0A933JER1_A0A933JER1_UNCEL__Cas12-13,0.1417283424154595,0.025925069113958518
tr_A0A933JER1_A0A933JER1_UNCEL__Cas12-13-592m,0.3261664865612244,0.054732802841219855
tr_A0A933UAD6_A0A933UAD6_UNCVE__Cas12-13,0.36156810083059104,0.026266411661904597
tr_A0A933UAD6_A0A933UAD6_UNCVE__Cas12-13-701m,0.4748026325339322,0.044912708324194826
tr_A0A933X5B0_A0A933X5B0_UNCVE__Cas12-13,0.5537403177502264,0.048982465004145555
tr_A0A933X5B0_A0A933X5B0_UNCVE__Cas12-13-592m,0.8895071540740744,0.022188460222514285
tr_A0A936LT08_A0A936LT08_9BACT__Cas12-13,0.11754567704036956,0.030528047863755636
tr_A0A936LT08_A0A936LT08_9BACT__Cas12-13-590m,0.7059825448604188,0.04821980845655248
tr_A0A939A6Q9_A0A939A6Q9_UNCDE__Cas12-13,0.8164412720874831,0.03981472612780396
tr_A0A939A6Q9_A0A939A6Q9_UNCDE__Cas12-13-442m,0.5989730875465599,0.0788141278289885
tr_A0A942KPX6_A0A942KPX6_9ACTN__Cas12-13,0.365388913882142,0.07443006793480145
tr_A0A942KPX6_A0A942KPX6_9ACTN__Cas12-13-412m,0.3275790611134053,0.09166885310882342
tr_A0A952VJP6_A0A952VJP6_9BACT__Cas12-13,0.4415460234479938,0.0593819257995313
tr_A0A952VJP6_A0A952VJP6_9BACT__Cas12-13-673m,0.2727566518606603,0.02021923576720195
tr_A0A952WQY1_A0A952WQY1_9BACT__Cas12-13,0.4169435877535844,0.02351913395238942
tr_A0A952WQY1_A0A952WQY1_9BACT__Cas12-13-671m,0.4651937556102005,0.047793388377121056
tr_A0A954L0L4_A0A954L0L4_9PLAN__Cas12-13,0.8896756718497258,0.0410352135496348
tr_A0A954L0L4_A0A954L0L4_9PLAN__Cas12-13-507m,0.1223660808625668,0.028347489047262593
tr_A0A960Y2K7_A0A960Y2K7_9LEPT__Cas12-13,0.07892012479637359,0.017166309789736572
tr_A0A960Y2K7_A0A960Y2K7_9LEPT__Cas12-13-534m,0.26530487881654363,0.047420987788934776
tr_A0A961ANQ0_A0A961ANQ0_9BACT__Cas12-13,0.2961630638118888,0.06481521532853965
tr_A0A961ANQ0_A0A961ANQ0_9BACT__Cas12-13-418m,0.1179098546879254,0.02586548885010419
tr_A0A970QCU8_A0A970QCU8_UNCHY__Cas12-13,0.07883977636341774,0.016693799697257976
tr_A0A970QCU8_A0A970QCU8_UNCHY__Cas12-13-591m,0.4792626489661379,0.06413456488091522
tr_A0A971PHS7_A0A971PHS7_UNCCA__Cas12-13,0.40426131003593574,0.0554944156023877
tr_A0A971PHS7_A0A971PHS7_UNCCA__Cas12-13-570m,0.9240194191170579,0.01716040654980914
tr_A0A971QJY0_A0A971QJY0_9BACT__Cas12-13,0.4647561369634651,0.057090696868641544
tr_A0A971QJY0_A0A971QJY0_9BACT__Cas12-13-542m,0.1822295176496817,0.028742963959193915
tr_A0A972PXE1_A0A972PXE1_9ACTN__Cas12-13,0.28372572374969146,0.04953268918222459
tr_A0A972PXE1_A0A972PXE1_9ACTN__Cas12-13-610m,0.028577908700526046,0.005695733268374224
tr_A0A975EKD8_A0A975EKD8_9BACT__Cas12-13,0.46105027823042183,0.05531478897059918
tr_A0A975EKD8_A0A975EKD8_9BACT__Cas12-13-552m,0.14946418170233433,0.035444384540415236
tr_A0A9D5U9Z2_A0A9D5U9Z2_UNCXX__Cas12-13,0.25088624469589105,0.04684124742970384
tr_A0A9D5U9Z2_A0A9D5U9Z2_UNCXX__Cas12-13-360m,0.6056529019675654,0.05916878878009027
tr_A0A935E689_A0A935E689_9BACT__Cas12-13,0.024426518212306403,0.009360650133712439
tr_A0A935E689_A0A935E689_9BACT__Cas12-13-328m,0.012117095036629975,0.0034300598768143955
tr_A0A952MEB6_A0A952MEB6_9BACT__Cas12-13,0.09693140573031872,0.030508568048455344
tr_A0A952MEB6_A0A952MEB6_9BACT__Cas12-13-417m,0.0215476084641933,0.004792222459686351
tr_A0AAF0BAR8_A0AAF0BAR8_PORGN__Cas12-13,0.6435221297820923,0.04619894867216733
tr_A0AAF0BAR8_A0AAF0BAR8_PORGN__Cas12-13-470m,0.14785809824882493,0.028947657333370604
tr_A0AAF0BDA9_A0AAF0BDA9_PORGN__Cas12-13,0.47751163263167323,0.06980705872564316
tr_A0AAF0BDA9_A0AAF0BDA9_PORGN__Cas12-13-448m,0.6075328498585653,0.059016450952233894
tr_A0A9X2MGT7_A0A9X2MGT7_9FIRM__Cas12-13,0.16532334480926275,0.042676409062201125
tr_A0A9X2MGT7_A0A9X2MGT7_9FIRM__Cas12-13-445m,0.5480970958808499,0.043499076837169755
UniRef100_A0A414ZPS3__Cas9,0.9550681962235542,0.03048990929831759
UniRef100_A0A414ZPS3__Cas9-446m,0.11749860857832606,0.07400108332042177
UniRef100_A0A414ZLT7__Cas9,0.8869665560214889,0.05151763190864609
UniRef100_A0A414ZLT7__Cas9-545m,0.056170720505959545,0.03877397982602914
UniRef100_A0A3G8Y985__Cas9,0.9314774674979196,0.01743317449207174
UniRef100_A0A3G8Y985__Cas9-499m,0.2980964204059847,0.04378735344462828
UniRef100_A0A417PQK5__Cas9,0.9380854235528471,0.05492214823256583
UniRef100_A0A417PQK5__Cas9-553m,0.0639917701161929,0.046559383134750665
UniRef100_A0A1E9DYC7__Cas9,0.9510042709619034,0.0239303747249944
UniRef100_A0A1E9DYC7__Cas9-455m,0.13036168161989262,0.026713276335552205
UniRef100_B6W3J8__Cas9,0.9644504854012197,0.024051762625823495
UniRef100_B6W3J8__Cas9-602m,0.03784746264097046,0.02924952082718242
UniRef100_A0A2T5IVF0__Cas9,0.8124282460911237,0.06549668085893998
UniRef100_A0A2T5IVF0__Cas9-419m,0.2395871157444298,0.06734697825159461
UniRef100_A0A4Q1A910__Cas9,0.15967728488057184,0.0370508836375281
UniRef100_A0A4Q1A910__Cas9-546m,0.7885423509528855,0.03441252647459297
UniRef100_A0A428GD61__Cas9,0.925305194151762,0.013679022089904673
UniRef100_A0A428GD61__Cas9-552m,0.08880033948757177,0.012165890632684188
UniRef100_A0A7Z8WPM5__Cas9,0.18075124977035956,0.053778839474276925
UniRef100_A0A7Z8WPM5__Cas9-460m,0.02903760624803753,0.0035934069418520195
UniRef100_A0A3R9IHS7__Cas9,0.9670246938047837,0.005331085862793611
UniRef100_A0A3R9IHS7__Cas9-452m,0.043080280767301304,0.010133414782780448
UniRef100_A0A414PBF9__Cas9,0.9095947703334584,0.04616114881636051
UniRef100_A0A414PBF9__Cas9-541m,0.5747313389015672,0.09941519941524084
UniRef100_A0A6A8DEB7__Cas9,0.9711760599268391,0.003835020959419823
UniRef100_A0A6A8DEB7__Cas9-553m,0.047663865446756534,0.0357760552480979
UniRef100_A0A5B0DAS4__Cas9,0.7805117906864254,0.03207321735791788
UniRef100_A0A5B0DAS4__Cas9-550m,0.4161083776806597,0.061846988409657695
UniRef100_A0A4R6CQE3__Cas9,0.5714893807814079,0.1348597088284174
UniRef100_A0A4R6CQE3__Cas9-343m,0.013973688827976501,0.005065937409296321
UniRef100_A0A0A2YBT2__Cas9,0.8974605892728885,0.06430880633443266
UniRef100_A0A0A2YBT2__Cas9-414m,0.0403731444464898,0.00910799652838567
UniRef100_A0A5C4THT2__Cas9,0.9702139718893559,0.00518696827636543
UniRef100_A0A5C4THT2__Cas9-532m,0.15701548980213767,0.03460497141717762
UniRef100_A0A285BZY5__Cas9,0.9013524781807387,0.04776151556131991
UniRef100_A0A285BZY5__Cas9-418m,0.08109068762443793,0.05239519467802596
UniRef100_A0A428GKX8__Cas9,0.9891900332120066,0.0017528055664350695
UniRef100_A0A428GKX8__Cas9-557m,0.12455415904698011,0.06363374554489895
UniRef100_A0A1X3DJK4__Cas9,0.9267955843475413,0.04699801734143662
UniRef100_A0A1X3DJK4__Cas9-432m,0.10651655096929062,0.07360124041258334
UniRef100_A0A413U935__Cas9,0.7905674969005724,0.08586003781271659
UniRef100_A0A413U935__Cas9-446m,0.6764901449949029,0.04889467106684741
UniRef100_A0A3A6E5R1__Cas9,0.9668616537036954,0.018719475291960445
UniRef100_A0A3A6E5R1__Cas9-434m,0.057428420979704006,0.02713400829054208
UniRef100_A0A5Z1RQY5__Cas9,0.9154081091805389,0.05217042225149162
UniRef100_A0A5Z1RQY5__Cas9-394m,0.07860555960250375,0.025365287278223507
UniRef100_A0A5T0EBP6__Cas9,0.9173652138043638,0.04963560714292656
UniRef100_A0A5T0EBP6__Cas9-394m,0.09840701848399566,0.032208147505153696
UniRef100_A0A7T9ZFB0__Cas9,0.9856525433223003,0.002208964489314745
UniRef100_A0A7T9ZFB0__Cas9-546m,0.20045764221238677,0.046222861834772276
UniRef100_A0A8A8L871__Cas9,0.8860187121821884,0.034289419837949794
UniRef100_A0A8A8L871__Cas9-555m,0.26955620649490647,0.1023570372312401
UniRef100_A0A6G2JUX2__Cas9,0.939431563763053,0.01520412409294013
UniRef100_A0A6G2JUX2__Cas9-420m,0.6699686644574592,0.09541681027102696
UniRef100_G6AFY6__Cas9,0.9694689688653477,0.0056336543576341
UniRef100_G6AFY6__Cas9-550m,0.040456905573047604,0.009307502176296837
UniRef100_A0A5Z2N9G7__Cas9,0.9406548523972793,0.04011022599911526
UniRef100_A0A5Z2N9G7__Cas9-395m,0.2047624793414135,0.050009926010792495
UniRef100_K2FGU4__Cas9,0.3532749170400191,0.0792346082604691
UniRef100_K2FGU4__Cas9-407m,0.5833146273271057,0.04235731056860194
UniRef100_A0A5T1DHP6__Cas9,0.9312444004968421,0.04886006421430268
UniRef100_A0A5T1DHP6__Cas9-394m,0.07595123512075713,0.02873393579154662
UniRef100_A0A6B1ZA56__Cas9,0.9623290911210185,0.025603907041445037
UniRef100_A0A6B1ZA56__Cas9-535m,0.03846776043931397,0.009450049173315935
UniRef100_A0A378ZQX4__Cas9,0.8327244386656935,0.01622836663488803
UniRef100_A0A378ZQX4__Cas9-443m,0.1434496550428155,0.04007966783380047
UniRef100_A0A7X0ZWH5__Cas9,0.9190908637664228,0.03184339671741729
UniRef100_A0A7X0ZWH5__Cas9-434m,0.03527964890696897,0.0064100098948522925
UniRef100_A0A096CIC5__Cas9,0.9784011722528817,0.004558787835867796
UniRef100_A0A096CIC5__Cas9-594m,0.011172224209462088,0.0016289635280978118
UniRef100_A0A246EN17__Cas9,0.9627138067348993,0.00622767504072476
UniRef100_A0A246EN17__Cas9-603m,0.058795535558638146,0.012752289989078899
UniRef100_A0A3E0IMR1__Cas9,0.9014293184518605,0.07258819490359768
UniRef100_A0A3E0IMR1__Cas9-535m,0.05201213912409867,0.027740929499785075
UniRef100_E4ZF34__Cas9,0.9618762218976279,0.032364480878934745
UniRef100_E4ZF34__Cas9-433m,0.06347438841341997,0.010866118109477066
UniRef100_A0A174LFF7__Cas9,0.5783797912513157,0.1341685213755754
UniRef100_A0A174LFF7__Cas9-525m,0.03649167434683377,0.02859664774393027
UniRef100_A0A0E2EGB1__Cas9,0.8686092421219083,0.10870849395288695
UniRef100_A0A0E2EGB1__Cas9-558m,0.3695310761389508,0.12757235169056338
UniRef100_A0A1P8JCZ1__Cas9,0.9672111236501146,0.005376821632413645
UniRef100_A0A1P8JCZ1__Cas9-552m,0.009793320772363974,0.0017490230768885337
UniRef100_H1GG18__Cas9,0.3660035446789884,0.052328995910171025
UniRef100_H1GG18__Cas9-535m,0.12512587298844716,0.02617571307635598
UniRef100_A0A173SPI3__Cas9,0.6313510063981167,0.13503933996463677
UniRef100_A0A173SPI3__Cas9-525m,0.04815829496815528,0.03512112888901445
UniRef100_A0A015SZB2__Cas9,0.9669120511260907,0.005036244825340842
UniRef100_A0A015SZB2__Cas9-575m,0.02658143611719165,0.0067241831132981034
UniRef100_A0A6N7BTN7__Cas9,0.9542849623051148,0.017384464743901224
UniRef100_A0A6N7BTN7__Cas9-539m,0.3404047335511063,0.047108690890634713
UniRef100_A0A424FJZ2__Cas9,0.958611690420368,0.0430101497418776
UniRef100_A0A424FJZ2__Cas9-433m,0.033510066563214,0.006618216886008943
UniRef100_A0A414SWS9__Cas9,0.6229666660917669,0.09486909598302395
UniRef100_A0A414SWS9__Cas9-456m,0.008677044811363912,0.003257730879579536
UniRef100_A0A416U192__Cas9,0.9006918369862777,0.05298288253412511
UniRef100_A0A416U192__Cas9-530m,0.0761939305301944,0.035886867432913236
UniRef100_A0A1M7FGK0__Cas9,0.9719736202901972,0.004694786638268804
UniRef100_A0A1M7FGK0__Cas9-616m,0.2236138595115019,0.025752854970868974
UniRef100_A0A4R2H8P7__Cas9,0.9808341809375148,0.0036670960885073272
UniRef100_A0A4R2H8P7__Cas9-570m,0.4006915185268463,0.07036531438858537
UniRef100_A0A1Y3YN68__Cas9,0.8526166371730441,0.04819459472379786
UniRef100_A0A1Y3YN68__Cas9-540m,0.10724211876981538,0.024765577954460223
UniRef100_W1V0U5__Cas9,0.0905635710474991,0.02700649954447869
UniRef100_W1V0U5__Cas9-564m,0.1102487183592197,0.017273509839663408
UniRef100_A0A396FJM8__Cas9,0.9353695431678167,0.04470055290446688
UniRef100_A0A396FJM8__Cas9-448m,0.12931652065829607,0.029503400790962305
UniRef100_A0A3R7ANS9__Cas9,0.8816028004980367,0.05193941755903878
UniRef100_A0A3R7ANS9__Cas9-543m,0.23451645692647172,0.10251740213300839
UniRef100_A0A5B3G9X6__Cas9,0.6257473135186914,0.13708044521321017
UniRef100_A0A5B3G9X6__Cas9-525m,0.05053334801661842,0.03752795257808907
UniRef100_H0UDA8__Cas9,0.9787586966146208,0.0032191515990151387
UniRef100_H0UDA8__Cas9-437m,0.01975934175251925,0.006075739993372035
UniRef100_A0A496C9Y1__Cas9,0.9708588833294856,0.008837350131142438
UniRef100_A0A496C9Y1__Cas9-608m,0.06015704979786028,0.05650599729998908
UniRef100_A0A2D3PUG5__Cas9,0.9592517686554283,0.011555640225371325
UniRef100_A0A2D3PUG5__Cas9-547m,0.17584197437398058,0.11578737744601594
UniRef100_A0A3B9U948__Cas9,0.8081838117496172,0.04128170445591182
UniRef100_A0A3B9U948__Cas9-487m,0.6510311649976346,0.03812723927204149
UniRef100_A0A2G9VFU1__Cas9,0.9884205110237042,0.002209105933803525
UniRef100_A0A2G9VFU1__Cas9-552m,0.5939325062048859,0.14874377426860058
UniRef100_A0A6A8DV75__Cas9,0.9624945898680215,0.006264220029154277
UniRef100_A0A6A8DV75__Cas9-547m,0.06772585850520997,0.010909660951755409
UniRef100_M2SLU3__Cas9,0.8632762421717836,0.10925429981066836
UniRef100_M2SLU3__Cas9-558m,0.39854385348265015,0.12415557310637693
UniRef100_A0A363EBL6__Cas9,0.9725051371726581,0.003605073332725234
UniRef100_A0A363EBL6__Cas9-553m,0.09476995386114317,0.06264676010037688
UniRef100_A0A1H9APL9__Cas9,0.3565317557384913,0.05715944228891067
UniRef100_A0A1H9APL9__Cas9-350m,0.11992845105116967,0.030489565420792498
UniRef100_A0A6L5P7C5__Cas9,0.9388757223064973,0.009583551970100381
UniRef100_A0A6L5P7C5__Cas9-553m,0.0650815110483447,0.04342658115282379
UniRef100_A0A3E4YGD0__Cas9,0.9821913471526539,0.007769433319075686
UniRef100_A0A3E4YGD0__Cas9-450m,0.24499337675550334,0.16316389594918065
UniRef100_A0A7U8ATY6__Cas9,0.8358884033992092,0.03297014718720361
UniRef100_A0A7U8ATY6__Cas9-401m,0.11867793939983988,0.03192630239969495
UniRef100_A0A2G2BCZ8__Cas9,0.1358923089920266,0.029401368183182636
UniRef100_A0A2G2BCZ8__Cas9-397m,0.18546719516137464,0.031958282230290035
UniRef100_A0A264Y3N9__Cas9,0.9777297591024402,0.004611967492404003
UniRef100_A0A264Y3N9__Cas9-486m,0.10883163381574745,0.031252914792587176
UniRef100_A0A6L1I4I4__Cas9,0.8643944232264387,0.02608029081204885
UniRef100_A0A6L1I4I4__Cas9-401m,0.13464588644971465,0.03377815112115989
UniRef100_A0A6A8CY64__Cas9,0.9618066872583263,0.006616390662977271
UniRef100_A0A6A8CY64__Cas9-547m,0.06685235564279335,0.012323001008308188
UniRef100_A0A133KEN0__Cas9,0.8225074387046943,0.07336177301151733
UniRef100_A0A133KEN0__Cas9-545m,0.04519094074065087,0.023185972757741403
UniRef100_A0A417PB84__Cas9,0.9804802197383513,0.00964710457529146
UniRef100_A0A417PB84__Cas9-545m,0.04644233197403884,0.012577898106213377
UniRef100_A0A5P8M4Y6__Cas9,0.6465578834049942,0.05561538051714015
UniRef100_A0A5P8M4Y6__Cas9-446m,0.014604789758890967,0.0039706334740759516
UniRef100_U6RJS5__Cas9,0.9638267637824915,0.006234794861992461
UniRef100_U6RJS5__Cas9-605m,0.07088006542978519,0.014826485021958472
UniRef100_A0A417JGI3__Cas9,0.9290481903868721,0.06237680771149553
UniRef100_A0A417JGI3__Cas9-553m,0.07512763398239766,0.0526720691437044
UniRef100_A0A3S4NP75__Cas9,0.9695062128375442,0.005637076274284783
UniRef100_A0A3S4NP75__Cas9-549m,0.13718066816212057,0.12289311581875763
UniRef100_A0A7G1K4Y9__Cas9,0.9747373675096928,0.0041783331681022945
UniRef100_A0A7G1K4Y9__Cas9-549m,0.144774101940559,0.12085136029630938
UniRef100_A0A4U9YRI6__Cas9,0.9859238834815753,0.00248085091160583
UniRef100_A0A4U9YRI6__Cas9-550m,0.10880792903081885,0.032897470038439035
UniRef100_A0A501VR63__Cas9,0.9871406801577913,0.005987577960734485
UniRef100_A0A501VR63__Cas9-449m,0.05790252709671412,0.030314945411829164
UniRef100_F9Q210__Cas9,0.8861667226297645,0.0457542921744623
UniRef100_F9Q210__Cas9-454m,0.38162886365392235,0.05234500648644467
UniRef100_A0A3D8IRW0__Cas9,0.9878852825170318,0.0024298736837514313
UniRef100_A0A3D8IRW0__Cas9-413m,0.03124332237438292,0.007301964072017977
UniRef100_A0A7X2G4Q4__Cas9,0.8921513330407089,0.024144992702233328
UniRef100_A0A7X2G4Q4__Cas9-551m,0.012951606825739415,0.0033794495318214012
UniRef100_A0A330LHI1__Cas9,0.9562149181326284,0.01899093007158616
UniRef100_A0A330LHI1__Cas9-442m,0.012962880292950318,0.009927369964195524
UniRef100_A0A0C3A2P0__Cas9,0.8616843371582688,0.027109853950312218
UniRef100_A0A0C3A2P0__Cas9-558m,0.2391762712408927,0.0496295358028969
UniRef100_A0A5M0Z0Q6__Cas9,0.8089627120480923,0.044428391886499066
UniRef100_A0A5M0Z0Q6__Cas9-400m,0.4267958399204367,0.08312056874211694
UniRef100_A0A0A2EHM8__Cas9,0.4634028009772056,0.07952295701143892
UniRef100_A0A0A2EHM8__Cas9-572m,0.1853073903389974,0.04252205238518624
UniRef100_A0A414FSQ5__Cas9,0.8663272819786304,0.06718881813356353
UniRef100_A0A414FSQ5__Cas9-604m,0.0914881346300451,0.03195472095182057
UniRef100_A0A1W6N6V9__Cas9,0.9321919116736759,0.013904390084495425
UniRef100_A0A1W6N6V9__Cas9-542m,0.20525228181711536,0.03491526908380037
UniRef100_A0A3R6QD81__Cas9,0.9620804162051236,0.027134848488359682
UniRef100_A0A3R6QD81__Cas9-541m,0.019922050159713274,0.0061961305127148855
UniRef100_A0A081Q742__Cas9,0.9876088344097862,0.0028079967988685617
UniRef100_A0A081Q742__Cas9-557m,0.14896728984548463,0.08560059568127872
UniRef100_A0A2D1UCV3__Cas9,0.7810521489120259,0.09934843390443886
UniRef100_A0A2D1UCV3__Cas9-506m,0.3745550164818937,0.07930602963557379
UniRef100_A0A1U7LAN8__Cas9,0.8571463566146125,0.052205764298823135
UniRef100_A0A1U7LAN8__Cas9-557m,0.08087036698308783,0.04988299009150101
UniRef100_A0A2K0XL61__Cas9,0.6104851813292802,0.12421462093385637
UniRef100_A0A2K0XL61__Cas9-488m,0.08538217387031263,0.05497095748988389
UniRef100_A0A1X1GV45__Cas9,0.966990015924889,0.014900451580140393
UniRef100_A0A1X1GV45__Cas9-568m,0.07370385762013179,0.010793186033960069
UniRef100_A0A2N0XIB1__Cas9,0.9604934799876235,0.010833090869304134
UniRef100_A0A2N0XIB1__Cas9-507m,0.0819172391230085,0.01846389002630237
UniRef100_A0A416XS73__Cas9,0.9139968291392091,0.04846917892199314
UniRef100_A0A416XS73__Cas9-530m,0.10443911587109807,0.04308064644019313
UniRef100_C6S593__Cas9,0.9655707802548059,0.035720291329829845
UniRef100_C6S593__Cas9-433m,0.045088277331093975,0.008517502511767873
UniRef100_A0A5R1LE97__Cas9,0.9587531376364646,0.003968771061204818
UniRef100_A0A5R1LE97__Cas9-386m,0.20527351808396582,0.08724499305753665
UniRef100_A0A412ZIC7__Cas9,0.9650725615256641,0.024834001396311575
UniRef100_A0A412ZIC7__Cas9-602m,0.040806339352978456,0.03162967176049106
UniRef100_A0A413GCW1__Cas9,0.96415061586587,0.02904301890699
UniRef100_A0A413GCW1__Cas9-602m,0.05826228274664175,0.04848441466850888
UniRef100_A0A3M0MYC4__Cas9,0.956954072685812,0.03342087783026919
UniRef100_A0A3M0MYC4__Cas9-559m,0.0384469228286448,0.021776499242583645
UniRef100_A0A3R9TK42__Cas9,0.9803239429058037,0.004170264516552658
UniRef100_A0A3R9TK42__Cas9-557m,0.16475435364641333,0.09872413506528503
UniRef100_A0A0F2E4R3__Cas9,0.9141858632528723,0.020354265889747206
UniRef100_A0A0F2E4R3__Cas9-456m,0.013302215952595588,0.004010285344254467
UniRef100_A0A428D4V9__Cas9,0.9822694954456287,0.00815534598066064
UniRef100_A0A428D4V9__Cas9-449m,0.02697400802331708,0.016187165915630405
UniRef100_A0A2L1CJ81__Cas9,0.9349192106138776,0.06775213910812546
UniRef100_A0A2L1CJ81__Cas9-652m,0.04132226390192466,0.0246928952747004
UniRef100_A0A6I1TVC3__Cas9,0.9563401100034545,0.01760308645210994
UniRef100_A0A6I1TVC3__Cas9-454m,0.16203713614299317,0.029981796108977925
UniRef100_UPI001374BA86__Cas9,0.34146145567828323,0.06926005565371679
UniRef100_UPI001374BA86__Cas9-549m,0.05683039719313465,0.011158883508310067
UniRef100_UPI0013F60F87__Cas9,0.11721387315922387,0.021464853517226778
UniRef100_UPI0013F60F87__Cas9-574m,0.4271607344427137,0.07666367392396256
UniRef100_UPI0013F65B7E__Cas9,0.1360604860595614,0.0356851036149289
UniRef100_UPI0013F65B7E__Cas9-574m,0.8728657733010452,0.02621875443269158
UniRef100_UPI0013F664D5__Cas9,0.13087640290374528,0.01767913803728516
UniRef100_UPI0013F664D5__Cas9-569m,0.07485332853526405,0.016134257618204306
UniRef100_UPI0013F63BB6__Cas9,0.13044459484756105,0.018182477991895072
UniRef100_UPI0013F63BB6__Cas9-569m,0.07477985346248868,0.016062553491452997
UniRef100_UPI0013F66C54__Cas9,0.16702301695507338,0.023931864729540352
UniRef100_UPI0013F66C54__Cas9-569m,0.06598885636106525,0.01616200839343205
UniRef100_UPI001374F28B__Cas9,0.4303603775893845,0.0717065775516349
UniRef100_UPI001374F28B__Cas9-549m,0.07199490621626414,0.016476051010922022
UniRef100_A0A510TST0__Cas9,0.9220157047275865,0.02317379788057101
UniRef100_A0A510TST0__Cas9-442m,0.020125389283424198,0.00728193708208452
UniRef100_A0A4P7CHQ1__Cas9,0.8034141484872779,0.057250967690170726
UniRef100_A0A4P7CHQ1__Cas9-421m,0.2688454618781888,0.050347558933354374
UniRef100_A0A133NAH6__Cas9,0.9395163257916467,0.011755418895254107
UniRef100_A0A133NAH6__Cas9-547m,0.11346552046844946,0.10945527583840702
UniRef100_A0A3A5PFG2__Cas9,0.9793592841728846,0.00394468761062995
UniRef100_A0A3A5PFG2__Cas9-604m,0.06065223187874504,0.008445459396979051
UniRef100_A0A378HIZ8__Cas9,0.9738086701953937,0.013191418096227947
UniRef100_A0A378HIZ8__Cas9-541m,0.11439546530433445,0.033164129754546294
UniRef100_F5X275__Cas9,0.9711412740052232,0.016706043865590568
UniRef100_F5X275__Cas9-452m,0.07127447326237751,0.016501892553310915
UniRef100_A0A175A1Y1__Cas9,0.4788191086921529,0.09629411768489302
UniRef100_A0A175A1Y1__Cas9-526m,0.17286569475242358,0.027345081199272425
UniRef100_A0A5C8H6N4__Cas9,0.9644134006216136,0.011191501441005242
UniRef100_A0A5C8H6N4__Cas9-536m,0.04379610860561202,0.0043953034002780144
UniRef100_A0A1V9B8M7__Cas9,0.991870003595522,0.002630200524019665
UniRef100_A0A1V9B8M7__Cas9-435m,0.011163247204489102,0.004134139664762171
UniRef100_A0A1C3SQ53__Cas9,0.962342283196598,0.022877635441210003
UniRef100_A0A1C3SQ53__Cas9-452m,0.05010779129612978,0.007774269338688839
UniRef100_A0A7H9FIP2__Cas9,0.9306185887720563,0.023325020112231545
UniRef100_A0A7H9FIP2__Cas9-550m,0.045661044558958516,0.004978673111834752
UniRef100_A0A4P6RDP4__Cas9,0.9729114528689236,0.004933557821967559
UniRef100_A0A4P6RDP4__Cas9-604m,0.048238386972601965,0.007251226880768907
UniRef100_A0A374DD87__Cas9,0.7546040598760293,0.11141409767829275
UniRef100_A0A374DD87__Cas9-530m,0.1527902275365135,0.10284335659451194
UniRef100_A0A3E4VXZ2__Cas9,0.7975209196003562,0.05927836697224891
UniRef100_A0A3E4VXZ2__Cas9-492m,0.7299129891679168,0.047795463620107524
UniRef100_A0A4R2GQL6__Cas9,0.3668424170456371,0.05612834758324418
UniRef100_A0A4R2GQL6__Cas9-588m,0.2384631325454428,0.06589662124775611
UniRef100_A0A7M2XH36__Cas9,0.9811889485682531,0.003518286484055276
UniRef100_A0A7M2XH36__Cas9-427m,0.09036702043974859,0.04043477990756859
UniRef100_T5JDL4__Cas9,0.966354670376183,0.009895201790055664
UniRef100_T5JDL4__Cas9-545m,0.2074513011556057,0.04330219734938756
UniRef100_A0A558NDW2__Cas9,0.4143254157866253,0.11960248203545124
UniRef100_A0A558NDW2__Cas9-526m,0.0837528720712983,0.012226863339141596
UniRef100_A0A6H1D308__Cas9,0.9334558501266492,0.014122588185890293
UniRef100_A0A6H1D308__Cas9-607m,0.07462648975755404,0.014825974725688511
UniRef100_A0A1Q6S274__Cas9,0.9624331778878699,0.013015184305461723
UniRef100_A0A1Q6S274__Cas9-438m,0.5753243644919294,0.022448608292392595
UniRef100_A0A173VVZ1__Cas9,0.8658421954326023,0.02600372498545865
UniRef100_A0A173VVZ1__Cas9-456m,0.050239968081285925,0.013571925785556313
UniRef100_A0A1U9MD17__Cas9,0.7079884425660543,0.08877456170011953
UniRef100_A0A1U9MD17__Cas9-437m,0.15244734873634141,0.08355192421217143
UniRef100_A0A4U3MNP2__Cas9,0.9697797430988251,0.0041905294428522775
UniRef100_A0A4U3MNP2__Cas9-535m,0.024679612131678415,0.006642722381513174
UniRef100_A0A373Y0H9__Cas9,0.8670294933126665,0.06474479409319557
UniRef100_A0A373Y0H9__Cas9-531m,0.047403559936756864,0.011520467331288317
UniRef100_A0A2T4HDZ0__Cas9,0.9704322450264197,0.006963106331106709
UniRef100_A0A2T4HDZ0__Cas9-584m,0.03655808310006693,0.00818184646172454
UniRef100_A0A0F2D9H7__Cas9,0.9857143345266663,0.003500789945523186
UniRef100_A0A0F2D9H7__Cas9-550m,0.1084387114516698,0.022263884789860026
UniRef100_A0A414WYG2__Cas9,0.9649511762107309,0.02531701753275295
UniRef100_A0A414WYG2__Cas9-600m,0.06711580359916611,0.007582801049639002
UniRef100_A0A1U9MIU6__Cas9,0.8587068450401804,0.06632210365852916
UniRef100_A0A1U9MIU6__Cas9-437m,0.06760139640199463,0.05300010879292319
UniRef100_A0A095ZV18__Cas9,0.9624198248614022,0.02223286432165516
UniRef100_A0A095ZV18__Cas9-557m,0.3680308260470967,0.12363575432386256
UniRef100_A0A1Y4IP47__Cas9,0.9736376618518656,0.008626297913658591
UniRef100_A0A1Y4IP47__Cas9-608m,0.053948923967766606,0.05224194552047391
UniRef100_A0A562Q1X7__Cas9,0.37652759309038236,0.08643267408269832
UniRef100_A0A562Q1X7__Cas9-593m,0.6892385753929646,0.06005627681331584
UniRef100_A0A7Z7K631__Cas9,0.985766780806342,0.0029761218083291067
UniRef100_A0A7Z7K631__Cas9-552m,0.02363982139696946,0.0050820737717926865
UniRef100_A0A1X1HCB9__Cas9,0.8822961851174613,0.04171487884303116
UniRef100_A0A1X1HCB9__Cas9-454m,0.22499366694379835,0.04039899057764838
UniRef100_A0A7Z7VZG5__Cas9,0.994139236184747,0.0009939147360452938
UniRef100_A0A7Z7VZG5__Cas9-548m,0.03764619076081093,0.004099077558228237
UniRef100_A0A415T5R8__Cas9,0.9678602665007799,0.011479344800473851
UniRef100_A0A415T5R8__Cas9-600m,0.03431115092932671,0.0075344216144245385
UniRef100_A0A1X1HHH1__Cas9,0.9375239887856603,0.028669327527775415
UniRef100_A0A1X1HHH1__Cas9-449m,0.1597395690161128,0.035902582552670946
UniRef100_A0A373P3F0__Cas9,0.9201422464433184,0.04959936084826976
UniRef100_A0A373P3F0__Cas9-530m,0.03940425522065845,0.01652019078847181
UniRef100_A0A0Q0YQ33__Cas9,0.989453789688438,0.0033204585361910443
UniRef100_A0A0Q0YQ33__Cas9-435m,0.016664645842119363,0.00505547814123922
UniRef100_A0A5C6KLI9__Cas9,0.9688277673887227,0.00999971423115604
UniRef100_A0A5C6KLI9__Cas9-608m,0.06686764918068067,0.06318209340298163
UniRef100_A0A292RYC5__Cas9,0.749776809974769,0.09626672450267855
UniRef100_A0A292RYC5__Cas9-532m,0.13467751217372476,0.02152554665892868
UniRef100_F9N3Y3__Cas9,0.13740752725670627,0.034392987273388076
UniRef100_F9N3Y3__Cas9-448m,0.058562984352837764,0.013849531890440822
UniRef100_A7H5P1__Cas9,0.8742292712558639,0.016912904080093286
UniRef100_A7H5P1__Cas9-394m,0.4488481345606406,0.06129914047010033
UniRef100_A0A1I4VGF9__Cas9,0.9812426964934444,0.005386795653957504
UniRef100_A0A1I4VGF9__Cas9-564m,0.014828841131762157,0.004132178325097374
UniRef100_A0A373Y943__Cas9,0.9547937723185654,0.014748965783103064
UniRef100_A0A373Y943__Cas9-438m,0.5443824642165088,0.0340376624472857
UniRef100_A0A3E4NYQ9__Cas9,0.9691608332075031,0.009858407215356644
UniRef100_A0A3E4NYQ9__Cas9-608m,0.06462963413649253,0.06043775768047629
UniRef100_A0A2A7QQH1__Cas9,0.9309804680484373,0.022822948202196533
UniRef100_A0A2A7QQH1__Cas9-536m,0.04554370023638487,0.003662813129928975
UniRef100_A0A3M0PNE8__Cas9,0.9599611408323799,0.00674907685017583
UniRef100_A0A3M0PNE8__Cas9-558m,0.02668071718270303,0.0061626481067081
UniRef100_A0A086AYB7__Cas9,0.8735921435356018,0.030488387925563576
UniRef100_A0A086AYB7__Cas9-565m,0.29961394254383017,0.054476092058049284
UniRef100_J7TMY5__Cas9,0.9669152541451383,0.006213757423699126
UniRef100_J7TMY5__Cas9-554m,0.07586553859958049,0.019507412274501222
UniRef100_A0A1N7BHN9__Cas9,0.9784459093815359,0.00992032313193958
UniRef100_A0A1N7BHN9__Cas9-563m,0.0520380712252838,0.019046723665666877
UniRef100_A0A510WL16__Cas9,0.9627395455635535,0.008727892103691548
UniRef100_A0A510WL16__Cas9-544m,0.3065736342118141,0.046100039755996254
UniRef100_D4KTZ0__Cas9,0.4571181378933885,0.03718779602196295
UniRef100_D4KTZ0__Cas9-452m,0.8682021944267829,0.04148212097139716
UniRef100_F9HIG7__Cas9,0.9918193643763658,0.0013230417811635996
UniRef100_F9HIG7__Cas9-549m,0.10519835419798959,0.07559924401945914
UniRef100_E0PQK3__Cas9,0.9054636033686874,0.03529306159435485
UniRef100_E0PQK3__Cas9-454m,0.23838721335645036,0.0444272624733235
UniRef100_A0A0E2EBU7__Cas9,0.886928278990406,0.08906013212818858
UniRef100_A0A0E2EBU7__Cas9-558m,0.2597050135584709,0.11750652229807125
UniRef100_M4R7E0__Cas9,0.8582146685649248,0.08791999615497137
UniRef100_M4R7E0__Cas9-418m,0.03490628646709602,0.008474117576649206
UniRef100_A0A396MQJ8__Cas9,0.9257181020732901,0.06112829051649342
UniRef100_A0A396MQJ8__Cas9-546m,0.007026848417374336,0.0021226358447025335
UniRef100_A0A0T7L299__Cas9,0.9609425715315373,0.040391029540112984
UniRef100_A0A0T7L299__Cas9-433m,0.03697340081705849,0.006964491233710138
UniRef100_A0A2D8RWN5__Cas9,0.968175947064559,0.003916843666098838
UniRef100_A0A2D8RWN5__Cas9-433m,0.04347307976422968,0.009345773428046112
UniRef100_A0A6N3E6E0__Cas9,0.95061843309742,0.02795389379351115
UniRef100_A0A6N3E6E0__Cas9-559m,0.6248502857937812,0.08577056078841351
UniRef100_A0A5Z1EX63__Cas9,0.9326716053717694,0.04550665503219478
UniRef100_A0A5Z1EX63__Cas9-394m,0.060461483311288165,0.020658553902352692
UniRef100_M4YX12__Cas9,0.9686232245980755,0.0042666077172298705
UniRef100_M4YX12__Cas9-549m,0.1412118642339732,0.11821929397309479
UniRef100_A0A450TQE1__Cas9,0.8421665085751997,0.035351701553558934
UniRef100_A0A450TQE1__Cas9-432m,0.7783320490006727,0.040788843489373144
UniRef100_A0A6A4U0D7__Cas9,0.9716607806916338,0.00385218887291028
UniRef100_A0A6A4U0D7__Cas9-551m,0.13235265173258984,0.0814392569224392
UniRef100_A0A125S8K2__Cas9,0.8583565334490306,0.08450888538483474
UniRef100_A0A125S8K2__Cas9-569m,0.10322123314351103,0.07698399069963346
UniRef100_A0A5T0ILU9__Cas9,0.8289492403071822,0.08871167357822544
UniRef100_A0A5T0ILU9__Cas9-394m,0.054610999665162606,0.01867331749942307
UniRef100_A0A5T0YDG4__Cas9,0.9351136741047646,0.044709895693646265
UniRef100_A0A5T0YDG4__Cas9-394m,0.06473171739511288,0.02287476164783687
UniRef100_A0A6F9HQD7__Cas9,0.8829821522412631,0.06696235909532788
UniRef100_A0A6F9HQD7__Cas9-394m,0.10883959998336046,0.034728034568424514
UniRef100_F6ITQ2__Cas9,0.9545895013513063,0.020736348043242255
UniRef100_F6ITQ2__Cas9-544m,0.021108140537218364,0.002664810129298725
UniRef100_A0A6N2Z8E1__Cas9,0.9736155368898727,0.0058971782715258915
UniRef100_A0A6N2Z8E1__Cas9-452m,0.04018414151335857,0.019086480693010492
UniRef100_A0A6N3B2P4__Cas9,0.9649914664223281,0.020277733639739032
UniRef100_A0A6N3B2P4__Cas9-434m,0.06537636464050411,0.031064239696237755
UniRef100_A0A6F9MZH9__Cas9,0.8404892634322942,0.06822486309777659
UniRef100_A0A6F9MZH9__Cas9-395m,0.11799147021145051,0.02603992759404736
UniRef100_A0A5T0CK64__Cas9,0.9371552379786469,0.04302265716890129
UniRef100_A0A5T0CK64__Cas9-394m,0.056543164144514546,0.01957006877037726
UniRef100_A0A7U8IPP0__Cas9,0.9712064289974162,0.00980664508549283
UniRef100_A0A7U8IPP0__Cas9-536m,0.038140190058929754,0.007873278471088143
UniRef100_A0A5Y8Y6D4__Cas9,0.9490998953476881,0.033532508677771154
UniRef100_A0A5Y8Y6D4__Cas9-394m,0.05608346027928544,0.01991992706358004
UniRef100_A0A5T1F7T9__Cas9,0.917417855390984,0.050126022534842
UniRef100_A0A5T1F7T9__Cas9-394m,0.056492618021671714,0.018827912636571183
UniRef100_A0A5T0KPL4__Cas9,0.9364098600470973,0.04419666885543432
UniRef100_A0A5T0KPL4__Cas9-394m,0.06880791168277064,0.0255115371335594
UniRef100_A0A5T0Q020__Cas9,0.8940796026040984,0.055355806492597456
UniRef100_A0A5T0Q020__Cas9-395m,0.10349677985447744,0.02285294921872979
UniRef100_A0A1C5S579__Cas9,0.9433371406964787,0.06265093659764424
UniRef100_A0A1C5S579__Cas9-550m,0.22646639951332936,0.11691771288280384
UniRef100_A0A5Z1P226__Cas9,0.941984707798578,0.03879115576914634
UniRef100_A0A5Z1P226__Cas9-394m,0.04984083044699044,0.016802690348419417
UniRef100_A0A5Y8S0A3__Cas9,0.9127794720905393,0.05785459840702357
UniRef100_A0A5Y8S0A3__Cas9-394m,0.06091131973236462,0.019962471360959435
UniRef100_A0A5T0D0J5__Cas9,0.8572929514597055,0.06025087395111838
UniRef100_A0A5T0D0J5__Cas9-395m,0.1597140367316258,0.03822818271348491
UniRef100_A0A5Y6PB74__Cas9,0.8990237266205042,0.06306597133879877
UniRef100_A0A5Y6PB74__Cas9-394m,0.04973214593708999,0.015193738584521995
UniRef100_A0A6C8BAM6__Cas9,0.8993909549897579,0.051154997443869546
UniRef100_A0A6C8BAM6__Cas9-395m,0.1019447952960362,0.022324787272852937
UniRef100_A0A6N3CLR3__Cas9,0.6369739603206985,0.05323859294250729
UniRef100_A0A6N3CLR3__Cas9-430m,0.9494512958192537,0.01220494113739451
UniRef100_A0A6C7NBS8__Cas9,0.9128902062845328,0.05459851262490936
UniRef100_A0A6C7NBS8__Cas9-394m,0.07184439963875128,0.025472435629770872
UniRef100_A0A5Y1PWP5__Cas9,0.8738744127609677,0.0691242277456211
UniRef100_A0A5Y1PWP5__Cas9-394m,0.07906221243391623,0.024176468869008438
UniRef100_A0A5T0X7Y5__Cas9,0.9330956185080053,0.0417790675935832
UniRef100_A0A5T0X7Y5__Cas9-394m,0.06451345066218933,0.025583181333934026
UniRef100_A0A5T1FMJ5__Cas9,0.9357062470043147,0.04333361396977738
UniRef100_A0A5T1FMJ5__Cas9-394m,0.0607575408172243,0.0211864037492458
UniRef100_A0A5T1CW51__Cas9,0.8773057484075553,0.05968206394223953
UniRef100_A0A5T1CW51__Cas9-395m,0.11553997908592603,0.02524864255002207
UniRef100_A0A5M2ZAE9__Cas9,0.9842911387229971,0.0031711098556234593
UniRef100_A0A5M2ZAE9__Cas9-534m,0.035300458143390015,0.004118226404159837
UniRef100_A0A5Y9KKS6__Cas9,0.8938633386076973,0.06144328948679066
UniRef100_A0A5Y9KKS6__Cas9-395m,0.1450278740010015,0.031239607609983098
UniRef100_A0A5Z1G1Y1__Cas9,0.8842020692741384,0.06383892687798635
UniRef100_A0A5Z1G1Y1__Cas9-395m,0.14401329005087263,0.038875148238262824
UniRef100_A0A7T8M087__Cas9,0.9642813918048679,0.009190041217435354
UniRef100_A0A7T8M087__Cas9-547m,0.04891463517604686,0.014420063187125262
UniRef100_A0A6F9IW71__Cas9,0.9301785258570019,0.04528169999401886
UniRef100_A0A6F9IW71__Cas9-394m,0.055162729655579126,0.018829447986509547
UniRef100_A0A3G6JLM5__Cas9,0.967047575648172,0.006675394846136296
UniRef100_A0A3G6JLM5__Cas9-556m,0.07113028032137107,0.017201255221683764
UniRef100_A0A5T0F5E8__Cas9,0.9415349836912018,0.040093584030711414
UniRef100_A0A5T0F5E8__Cas9-394m,0.060777402199821515,0.021170314899836257
UniRef100_A0A5T1DLT7__Cas9,0.9496962170470027,0.036475446061782824
UniRef100_A0A5T1DLT7__Cas9-394m,0.07606578216712326,0.026034818875991506
UniRef100_A0A691BHN9__Cas9,0.935661603726029,0.04390418347211916
UniRef100_A0A691BHN9__Cas9-394m,0.057686269736635265,0.019423547942523017
UniRef100_A0A6N0A2I2__Cas9,0.9744068293128599,0.0018073582757900028
UniRef100_A0A6N0A2I2__Cas9-540m,0.042768135887604024,0.02852093645900996
UniRef100_A0A7T9R9S2__Cas9,0.9317007713029188,0.05189313601697224
UniRef100_A0A7T9R9S2__Cas9-576m,0.1524826912924901,0.06701885091496781
UniRef100_A0A5T1XYJ8__Cas9,0.9187415177064338,0.05164148823340195
UniRef100_A0A5T1XYJ8__Cas9-394m,0.07997213496787016,0.025492141105175004
UniRef100_A0A7U8FPG9__Cas9,0.9279822821507313,0.0191605392568976
UniRef100_A0A7U8FPG9__Cas9-536m,0.8381897175401043,0.023822843355748982
UniRef100_A0A5T1FAC1__Cas9,0.8658691746958128,0.055422541666407824
UniRef100_A0A5T1FAC1__Cas9-408m,0.914942521814552,0.0235971978681662
UniRef100_A0A5T1M0Y7__Cas9,0.9445426726618239,0.03741528873002475
UniRef100_A0A5T1M0Y7__Cas9-395m,0.23144705438954785,0.05923253152777412
UniRef100_A0A7T8SV63__Cas9,0.9849528064534541,0.0033378287815794337
UniRef100_A0A7T8SV63__Cas9-576m,0.3998019660352433,0.05839965253503924
UniRef100_A0A6A4U0F4__Cas9,0.971487567428925,0.003923784121140723
UniRef100_A0A6A4U0F4__Cas9-551m,0.15745185709526646,0.09063930229158099
UniRef100_A0A7U3FDR5__Cas9,0.9951475696357889,0.001707691564656878
UniRef100_A0A7U3FDR5__Cas9-460m,0.04372298909457683,0.018197863007285518
UniRef100_A0A5E5QCR6__Cas9,0.7252304479407212,0.1663790468095928
UniRef100_A0A5E5QCR6__Cas9-422m,0.06693349809099938,0.023132605688642383
UniRef100_A0A6F9XM84__Cas9,0.8151229448148906,0.04042611491891527
UniRef100_A0A6F9XM84__Cas9-541m,0.0930692385755777,0.02687647522901162
UniRef100_A0A482ZRU2__Cas9,0.9886467399129344,0.005338990037828601
UniRef100_A0A482ZRU2__Cas9-412m,0.09966882947758024,0.01992655214377901
UniRef100_A0A5E5PVM6__Cas9,0.6965122153499228,0.16907954794756885
UniRef100_A0A5E5PVM6__Cas9-422m,0.06224290890568916,0.02047118151546464
UniRef100_A0A5Y9M8F7__Cas9,0.9066224103305567,0.05067855770918671
UniRef100_A0A5Y9M8F7__Cas9-394m,0.0823942842456874,0.02403152326892422
UniRef100_A0A6N2ZAF0__Cas9,0.9524937133759576,0.028649425293719177
UniRef100_A0A6N2ZAF0__Cas9-537m,0.10089223805988298,0.054841064626806206
UniRef100_A0A6F9H8E5__Cas9,0.9146872315131873,0.04680146358858557
UniRef100_A0A6F9H8E5__Cas9-395m,0.15242568933383824,0.037872658530063816
UniRef100_A0A6C8BQW1__Cas9,0.9252589870961032,0.04864941422529614
UniRef100_A0A6C8BQW1__Cas9-394m,0.08555738970163539,0.03261053011066509
UniRef100_A0A7U2NE06__Cas9,0.968218081532229,0.0015939234907872118
UniRef100_A0A7U2NE06__Cas9-542m,0.05091457580356236,0.017923154770289926
UniRef100_C6SFU3__Cas9,0.9360152949956276,0.043260710639170856
UniRef100_C6SFU3__Cas9-433m,0.5549559840939995,0.07664969508060494
UniRef100_A0A6C8A667__Cas9,0.9080493922606321,0.04697856430154231
UniRef100_A0A6C8A667__Cas9-394m,0.10160838601544556,0.02969466707310947
UniRef100_A0A5T0FIE6__Cas9,0.928904344072761,0.04862664640958544
UniRef100_A0A5T0FIE6__Cas9-394m,0.07006136878434452,0.024989395693409897
UniRef100_A0A5E6NWL9__Cas9,0.13345932914685404,0.03126472700746042
UniRef100_A0A5E6NWL9__Cas9-342m,0.04220072012736484,0.014341769535878826
UniRef100_A0A5T1BKI0__Cas9,0.923216412771243,0.048855022080714475
UniRef100_A0A5T1BKI0__Cas9-394m,0.04588331744281388,0.014173593659982366
UniRef100_A0A3G6JZC2__Cas9,0.8907996864435667,0.06152857314561392
UniRef100_A0A3G6JZC2__Cas9-449m,0.03394112762975346,0.0018503538736297442
UniRef100_A0A5T2CCX5__Cas9,0.9152405040519842,0.051092485229743266
UniRef100_A0A5T2CCX5__Cas9-394m,0.08940924774747952,0.030615000650079185
UniRef100_A0A7T9LHA3__Cas9,0.16608263744382884,0.022894944514591186
UniRef100_A0A7T9LHA3__Cas9-569m,0.04026799097169271,0.010615754746833296
UniRef100_A0A431G3V8__Cas9,0.8536601378945718,0.07690733354295619
UniRef100_A0A431G3V8__Cas9-395m,0.2826315745842172,0.05772298605278122
UniRef100_A0A7K0FDR1__Cas9,0.9875957271924699,0.003033588852309657
UniRef100_A0A7K0FDR1__Cas9-451m,0.0744204371894732,0.008379557725244072
UniRef100_A0A824NQZ1__Cas9,0.8874628807021814,0.017067394616878524
UniRef100_A0A824NQZ1__Cas9-393m,0.3734679888559752,0.06632839092362024
UniRef100_A0A511IV15__Cas9,0.9687459183666622,0.013000150936062613
UniRef100_A0A511IV15__Cas9-550m,0.10169208728620782,0.08890682371825377
UniRef100_W3XVE3__Cas9,0.9181276289578463,0.04397751367252766
UniRef100_W3XVE3__Cas9-449m,0.04207082412441014,0.019595817780469926
UniRef100_B0RZQ7__Cas9,0.6678775851034214,0.07656131227052933
UniRef100_B0RZQ7__Cas9-540m,0.11644437243766406,0.031109035613640024
UniRef100_A0A3A6V1K6__Cas9,0.4183507000749186,0.067954627834781
UniRef100_A0A3A6V1K6__Cas9-549m,0.07728369872483395,0.018746696452750216
UniRef100_A0A3R6LRV1__Cas9,0.5915259005023669,0.09967597156020523
UniRef100_A0A3R6LRV1__Cas9-456m,0.009290666070426407,0.0034828124578296237
UniRef100_A0A383TH20__Cas9,0.9918555135214477,0.0024468007266770383
UniRef100_A0A383TH20__Cas9-443m,0.030395277265478405,0.011177314709359447
UniRef100_F9MP31__Cas9,0.6266158811046242,0.07776120908652731
UniRef100_F9MP31__Cas9-541m,0.5372891951527341,0.053052213905835574
UniRef100_A0A7G3BJ89__Cas9,0.8388785086765285,0.031160964186686086
UniRef100_A0A7G3BJ89__Cas9-621m,0.043571108554997504,0.01284509560769871
UniRef100_A0A374Q430__Cas9,0.9360556768033946,0.014338346611986621
UniRef100_A0A374Q430__Cas9-571m,0.13307999323309577,0.027577748072462178
UniRef100_A0A447I9V2__Cas9,0.9799590792946763,0.0031754308149468113
UniRef100_A0A447I9V2__Cas9-432m,0.0729670819522706,0.06796149311786204
UniRef100_A0A173V977__Cas9,0.4248664305585999,0.042422429395242336
UniRef100_A0A173V977__Cas9-452m,0.8936919535925479,0.035259319675132204
UniRef100_A0A379B864__Cas9,0.9637378539577541,0.011531656004958805
UniRef100_A0A379B864__Cas9-424m,0.05357906005543382,0.011284685765889346
UniRef100_A0A3R6AUX7__Cas9,0.5523117122128453,0.09945830075593955
UniRef100_A0A3R6AUX7__Cas9-456m,0.009090568566200287,0.0035597745271241134
UniRef100_A0A2J6H6X5__Cas9,0.9994799908451883,0.001022880595520641
UniRef100_A0A2J6H6X5__Cas9-555m,0.04541141306098355,0.0065140266401736225
UniRef100_A0A3T2AXJ3__Cas9,0.9932602871480251,0.002104824261135112
UniRef100_A0A3T2AXJ3__Cas9-534m,0.025591334955836764,0.0025835539516099876
UniRef100_A0A698TVI8__Cas9,0.915308664110065,0.06153154184936956
UniRef100_A0A698TVI8__Cas9-394m,0.06774410776041527,0.02354394845256279
UniRef100_A0A5T1UXU0__Cas9,0.9005253203303241,0.06002956537081091
UniRef100_A0A5T1UXU0__Cas9-394m,0.10327722776824204,0.033547498905149235
UniRef100_A0A697E9A1__Cas9,0.9065584035046491,0.0531911263327131
UniRef100_A0A697E9A1__Cas9-394m,0.0851389310574167,0.027691528843459733
UniRef100_A0A5Y8VXR8__Cas9,0.8954149713411163,0.0618812994557387
UniRef100_A0A5Y8VXR8__Cas9-395m,0.14751975937561962,0.0316118178034452
UniRef100_A0A6A8U019__Cas9,0.5617276012206173,0.05958694472812108
UniRef100_A0A6A8U019__Cas9-452m,0.07344929881712726,0.01906818806015485
UniRef100_A0A691PJ17__Cas9,0.8921455465080335,0.06246759240618777
UniRef100_A0A691PJ17__Cas9-394m,0.09383921274287252,0.029746601920793207
UniRef100_A0A1Y4PQ68__Cas9,0.9640008599544799,0.025538046768946228
UniRef100_A0A1Y4PQ68__Cas9-602m,0.04232005143077806,0.03233577632522054
UniRef100_A0A6B1NFI9__Cas9,0.9663131158378511,0.005100698300507703
UniRef100_A0A6B1NFI9__Cas9-536m,0.034967353663151665,0.0030974969998686197
UniRef100_A0A6C8D1Z9__Cas9,0.938722341826646,0.04066893789444385
UniRef100_A0A6C8D1Z9__Cas9-394m,0.07161441461203204,0.025552163163888697
UniRef100_A0A5T1C839__Cas9,0.8576438982637183,0.06456333148147911
UniRef100_A0A5T1C839__Cas9-395m,0.11875630778382221,0.02604699186616748
UniRef100_A0A5T0F0S2__Cas9,0.9351816605045687,0.04257786069896266
UniRef100_A0A5T0F0S2__Cas9-394m,0.07240315862699474,0.02531225496938733
UniRef100_A0A6W1T6T8__Cas9,0.9385975250139854,0.040975114780363746
UniRef100_A0A6W1T6T8__Cas9-395m,0.17320814283857128,0.042011137583627546
UniRef100_A0A3X8TIB9__Cas9,0.9280447103783225,0.04628046225626025
UniRef100_A0A3X8TIB9__Cas9-394m,0.06308429803536104,0.022286373265424514
UniRef100_A0A6H6F6N3__Cas9,0.8309422684446094,0.06023327322613461
UniRef100_A0A6H6F6N3__Cas9-395m,0.051129855886789234,0.010530321838198712
UniRef100_A0A5Y6IUR4__Cas9,0.9337719314435112,0.045629062911286315
UniRef100_A0A5Y6IUR4__Cas9-394m,0.06546400193521376,0.023492662069723565
UniRef100_A0A5T0ID75__Cas9,0.9386541777377598,0.03955082195982921
UniRef100_A0A5T0ID75__Cas9-394m,0.08898264343595755,0.026688626519987137
UniRef100_A0A5T1J679__Cas9,0.964697334181308,0.021167040851772123
UniRef100_A0A5T1J679__Cas9-400m,0.048877383118235994,0.034042935508787606
UniRef100_A0A626TR30__Cas9,0.9082000707776491,0.06131397052020103
UniRef100_A0A626TR30__Cas9-394m,0.06188694551126116,0.020060315429058014
UniRef100_A0A5T1CCT5__Cas9,0.9673461322084174,0.004144434632460451
UniRef100_A0A5T1CCT5__Cas9-386m,0.22742590353471992,0.09687726259570079
UniRef100_A0A5T0Z6U0__Cas9,0.8854621575627822,0.06091124739120683
UniRef100_A0A5T0Z6U0__Cas9-394m,0.08638134944378835,0.025948088817253075
UniRef100_A0A5T0T0M3__Cas9,0.929810678211026,0.047406280249865325
UniRef100_A0A5T0T0M3__Cas9-394m,0.06312273178565585,0.021642288574751332
UniRef100_A0A6N2ZJF4__Cas9,0.9717001011009959,0.00973398713888635
UniRef100_A0A6N2ZJF4__Cas9-536m,0.037964486565070746,0.007896614643218792
UniRef100_A0A5T0MQX4__Cas9,0.7134666288865168,0.07186765960341757
UniRef100_A0A5T0MQX4__Cas9-392m,0.06222197315515994,0.012980217565073877
UniRef100_A0A5T2D2V9__Cas9,0.947702755280177,0.03588074409637924
UniRef100_A0A5T2D2V9__Cas9-395m,0.14544549236873677,0.035579180733581926
UniRef100_A0A5Y8ZXH1__Cas9,0.8773764890839629,0.06660415014740605
UniRef100_A0A5Y8ZXH1__Cas9-394m,0.09597785758496617,0.031598152946561694
UniRef100_A0A8B2WTK7__Cas9,0.9569639595245982,0.044136319928162984
UniRef100_A0A8B2WTK7__Cas9-433m,0.03207184948547908,0.006211544744716945
UniRef100_A0A5E5PRW0__Cas9,0.9663611209571918,0.008899799452244443
UniRef100_A0A5E5PRW0__Cas9-409m,0.03903086255195054,0.006977718286184113
UniRef100_A0A5Y8XP43__Cas9,0.9365776018412311,0.04009148847860632
UniRef100_A0A5Y8XP43__Cas9-395m,0.1568917197927518,0.03805884471444063
UniRef100_A0A5T0UFU5__Cas9,0.9313496426728542,0.04596164990226482
UniRef100_A0A5T0UFU5__Cas9-394m,0.05991843558615435,0.02051211222682037
UniRef100_A0A5T0G101__Cas9,0.9326722698964925,0.04269905862572536
UniRef100_A0A5T0G101__Cas9-394m,0.06310885784906464,0.022196032651242252
UniRef100_A0A691NU33__Cas9,0.9657408443317511,0.0036409257324550655
UniRef100_A0A691NU33__Cas9-386m,0.1781981497585546,0.08320369682770161
UniRef100_A0A401AF54__Cas9,0.8929864427933012,0.061557726751737915
UniRef100_A0A401AF54__Cas9-394m,0.08288998281625877,0.026990288277696884
UniRef100_A0A7H0RG19__Cas9,0.9745119653677522,0.0035443105654270994
UniRef100_A0A7H0RG19__Cas9-549m,0.1595199766285628,0.12322895664100342
UniRef100_A0A125S8K3__Cas9,0.9249727108343787,0.02925615802462721
UniRef100_A0A125S8K3__Cas9-458m,0.02056827443537259,0.006551485977146862
UniRef100_A0A5Y9NZQ1__Cas9,0.8693296210002751,0.06124478390812664
UniRef100_A0A5Y9NZQ1__Cas9-395m,0.12557855368826898,0.027324601904739218
UniRef100_A0A1S0Z5C3__Cas9,0.949468720475498,0.007717759791321542
UniRef100_A0A1S0Z5C3__Cas9-456m,0.3671232162818488,0.07799398183625332
UniRef100_A0A7U0DMS6__Cas9,0.987086572761459,0.0052300822813639075
UniRef100_A0A7U0DMS6__Cas9-558m,0.02186004397414787,0.007140969109340619
UniRef100_G1UFN3__Cas9,0.9041077977163081,0.033150178321557464
UniRef100_G1UFN3__Cas9-402m,0.39369255703208655,0.03429559776129208
UniRef100_A0A1C6AKB3__Cas9,0.5344596284325288,0.07542412724618679
UniRef100_A0A1C6AKB3__Cas9-516m,0.21545044537174035,0.05201955234934257
UniRef100_A0A7U2KVM8__Cas9,0.9004962368185913,0.042223682301287216
UniRef100_A0A7U2KVM8__Cas9-431m,0.18994665588105158,0.11078870763230611
UniRef100_A0A6F9H4J0__Cas9,0.9753282645210991,0.002805250664306727
UniRef100_A0A6F9H4J0__Cas9-386m,0.14697232637712615,0.07817219098573515
UniRef100_A0A828WX04__Cas9,0.9674213458188943,0.006852127122187211
UniRef100_A0A828WX04__Cas9-428m,0.06209652349003929,0.02210562286992331
UniRef100_A0A174QZZ8__Cas9,0.9883189740956932,0.002518679578735463
UniRef100_A0A174QZZ8__Cas9-604m,0.04745243867917613,0.009492611811100839
UniRef100_A0A5L3ACR0__Cas9,0.9917285554827133,0.0026670881373272743
UniRef100_A0A5L3ACR0__Cas9-534m,0.034450364003249426,0.0025291840783710075
UniRef100_A0A4T2GRI1__Cas9,0.9912085235707474,0.0016215519629446582
UniRef100_A0A4T2GRI1__Cas9-552m,0.07191889224803646,0.012957039521454723
UniRef100_A0A3B9CNL6__Cas9,0.944902821500732,0.04227244514028585
UniRef100_A0A3B9CNL6__Cas9-486m,0.039438008272738925,0.010862593596322058
UniRef100_A0A374IB81__Cas9,0.9584343106333924,0.010929115499468489
UniRef100_A0A374IB81__Cas9-442m,0.0558142950253621,0.012973144988917155
UniRef100_A0A7U7CA79__Cas9,0.8706401974534256,0.06728925820304875
UniRef100_A0A7U7CA79__Cas9-450m,0.12819341687917343,0.02410017548873914
UniRef100_W3XZF8__Cas9,0.42317685133425664,0.06031727439497524
UniRef100_W3XZF8__Cas9-452m,0.07565766806045532,0.020386414943714893
UniRef100_A0A432I6K0__Cas9,0.4126987726602092,0.12471259890636933
UniRef100_A0A432I6K0__Cas9-422m,0.0869468165212238,0.06066742820272163
UniRef100_A0A417CXY5__Cas9,0.9798578717603619,0.008650178735870538
UniRef100_A0A417CXY5__Cas9-545m,0.02340554640707958,0.006644880830361507
UniRef100_A0A369TWD8__Cas9,0.9708712163052716,0.004994571058047357
UniRef100_A0A369TWD8__Cas9-430m,0.03946076837681274,0.01024494448352908
UniRef100_A0A178TEJ9__Cas9,0.9880613211346704,0.003860993179352959
UniRef100_A0A178TEJ9__Cas9-435m,0.014509056004568333,0.004411170478023273
UniRef100_A0A6A7JUK4__Cas9,0.473495386215088,0.04908203699364276
UniRef100_A0A6A7JUK4__Cas9-568m,0.2122529594811286,0.03827981822421111
UniRef100_A0A6L6LTB6__Cas9,0.9520737906528867,0.025483630702963365
UniRef100_A0A6L6LTB6__Cas9-434m,0.06078384890398638,0.030298689542168255
UniRef100_A0A178KKP5__Cas9,0.9826225851321292,0.004597744765390146
UniRef100_A0A178KKP5__Cas9-550m,0.07750371195449077,0.020372177729265903
UniRef100_A0A811IFK4__Cas9,0.8761347687640484,0.06567277547534198
UniRef100_A0A811IFK4__Cas9-449m,0.030052429975608974,0.001859885821906555
UniRef100_A0A0A6Y3B0__Cas9,0.947111382103458,0.037088963540757615
UniRef100_A0A0A6Y3B0__Cas9-574m,0.07368492840515115,0.01116861009883645
UniRef100_A0A7U7C497__Cas9,0.9744156150493944,0.004809279728696385
UniRef100_A0A7U7C497__Cas9-556m,0.05592915977153824,0.01543858649867143
UniRef100_A0A250FZD3__Cas9,0.9731641102379017,0.008174900123834962
UniRef100_A0A250FZD3__Cas9-579m,0.0258236016491308,0.00736080964672813
UniRef100_A0A811IH55__Cas9,0.9667191133435565,0.00674112825406772
UniRef100_A0A811IH55__Cas9-556m,0.06961383348628561,0.016677477988240853
UniRef100_A0A7U7C619__Cas9,0.9006349924499698,0.05917670583110577
UniRef100_A0A7U7C619__Cas9-449m,0.017201844091996203,0.0010400737510617322
UniRef100_A0A2X3U7E7__Cas9,0.9214927029548805,0.04056251287421515
UniRef100_A0A2X3U7E7__Cas9-448m,0.4090111618250244,0.07351712136163514
UniRef100_A0A239Y1P3__Cas9,0.87039500320951,0.08500588740042866
UniRef100_A0A239Y1P3__Cas9-560m,0.45789682554599337,0.058380063440281356
UniRef100_A0A7U7CJ22__Cas9,0.9725452465208694,0.00570680673110188
UniRef100_A0A7U7CJ22__Cas9-556m,0.07213320278934657,0.018537815847991378
UniRef100_C0WXA2__Cas9,0.4730766547089253,0.05228695013874327
UniRef100_C0WXA2__Cas9-553m,0.7202789943460324,0.05734221681941942
UniRef100_A0A7J5EKS0__Cas9,0.9937035026755912,0.002329928127659994
UniRef100_A0A7J5EKS0__Cas9-424m,0.6211585309243703,0.06662070121130045
UniRef100_A0A7G8WYM5__Cas9,0.1656542144154869,0.03778450377421033
UniRef100_A0A7G8WYM5__Cas9-546m,0.6897353837377154,0.04357035411069732
UniRef100_A0A3D9BEH5__Cas9,0.9652172151921056,0.004530159984298979
UniRef100_A0A3D9BEH5__Cas9-581m,0.10062266041677956,0.02047547321134261
UniRef100_A0A0F6MNW4__Cas9,0.8728801826602487,0.1048398537343475
UniRef100_A0A0F6MNW4__Cas9-558m,0.36443344077659484,0.1233937332377069
UniRef100_A0A1H8NCE1__Cas9,0.11058590218002973,0.026121717453301635
UniRef100_A0A1H8NCE1__Cas9-378m,0.012033765314945108,0.0026835492946838827
UniRef100_A0A150MP45__Cas9,0.9889661274218973,0.003536337245525986
UniRef100_A0A150MP45__Cas9-435m,0.016057541129176324,0.004880926783633103
UniRef100_A0A0W7TPK7__Cas9,0.9371933253168219,0.02985977451139883
UniRef100_A0A0W7TPK7__Cas9-434m,0.04324649020729915,0.024145128979620095
UniRef100_A0A415PKT9__Cas9,0.6346051506152544,0.1177138971707545
UniRef100_A0A415PKT9__Cas9-439m,0.2891091225839745,0.11244608943014042
UniRef100_A0A415XY12__Cas9,0.9375378135846475,0.05633984971915859
UniRef100_A0A415XY12__Cas9-553m,0.06594460963077856,0.04797658466988684
UniRef100_A0A7U8DM83__Cas9,0.9885533710655396,0.0038138024711265807
UniRef100_A0A7U8DM83__Cas9-534m,0.04092925001702652,0.006394526752576913
UniRef100_E0NB23__Cas9,0.963226255727213,0.03740062770498289
UniRef100_E0NB23__Cas9-433m,0.025829668192911093,0.005586994051085254
UniRef100_A0A1V2UL94__Cas9,0.9774478850621298,0.002035617868554758
UniRef100_A0A1V2UL94__Cas9-532m,0.009952398554175264,0.0018766996545379034
UniRef100_A0A1M4Z653__Cas9,0.868048670678198,0.02888507050061838
UniRef100_A0A1M4Z653__Cas9-565m,0.4048722502840015,0.06553780126032889
UniRef100_A0A6G0CF54__Cas9,0.9577076490150234,0.022064357336583358
UniRef100_A0A6G0CF54__Cas9-604m,0.03962336431755358,0.016598916127526113
UniRef100_E0PEL3__Cas9,0.9026279288252612,0.026658778295489995
UniRef100_E0PEL3__Cas9-550m,0.07242186783353158,0.02225799255742217
UniRef100_A0A413AZS6__Cas9,0.9316675260850719,0.05001518276545648
UniRef100_A0A413AZS6__Cas9-536m,0.05342312679209723,0.03680610730009567
UniRef100_A0A0E2RF34__Cas9,0.9120965820174607,0.04629487818900749
UniRef100_A0A0E2RF34__Cas9-448m,0.3446610306749831,0.07180723770075971
UniRef100_A0A3D2ELM2__Cas9,0.9846005233395596,0.01301098977864142
UniRef100_A0A3D2ELM2__Cas9-542m,0.012436962912140569,0.0020184209139451057
UniRef100_A0A414E5X2__Cas9,0.8550719353275656,0.06755684199513382
UniRef100_A0A414E5X2__Cas9-531m,0.023752263858462946,0.005414487009920767
UniRef100_A0A417DBS0__Cas9,0.9665610745828225,0.01574183648969137
UniRef100_A0A417DBS0__Cas9-544m,0.020016297751655233,0.003890249284791189
UniRef100_A0A1Y5Z391__Cas9,0.8444923647077374,0.05812087416482602
UniRef100_A0A1Y5Z391__Cas9-434m,0.41534023716031426,0.07074677788379513
UniRef100_A0A373J2B1__Cas9,0.9621998968700985,0.030106068201741658
UniRef100_A0A373J2B1__Cas9-602m,0.05195213365554695,0.04392748756340572
UniRef100_A0A413JZI4__Cas9,0.7991472328081681,0.0787904313707586
UniRef100_A0A413JZI4__Cas9-532m,0.11659784030829141,0.019756207292158174
UniRef100_E8KVY4__Cas9,0.5786431852469094,0.06064155616437159
UniRef100_E8KVY4__Cas9-452m,0.05068701825698507,0.014108545414712079
UniRef100_A0A267HTZ2__Cas9,0.8387095423316934,0.07666259897476589
UniRef100_A0A267HTZ2__Cas9-449m,0.7516808274231005,0.0792377314061077
UniRef100_A0A2Z3K5B6__Cas9,0.9523606328158211,0.011111550760048878
UniRef100_A0A2Z3K5B6__Cas9-560m,0.06727294408420455,0.010543855579675592
UniRef100_A0A179YJ40__Cas9,0.9843214786236789,0.003223171078168832
UniRef100_A0A179YJ40__Cas9-546m,0.06421155721595799,0.013086824747931358
UniRef100_A0A6I3PP62__Cas9,0.7334704770901465,0.11819446629060387
UniRef100_A0A6I3PP62__Cas9-530m,0.12984283541997463,0.09516562623732655
UniRef100_A0A412DTV4__Cas9,0.7842936229762554,0.10583923595020907
UniRef100_A0A412DTV4__Cas9-530m,0.16021496895436543,0.10665032390623685
UniRef100_A0A412UM29__Cas9,0.7762495112331202,0.08417900443029198
UniRef100_A0A412UM29__Cas9-460m,0.7311200237919054,0.05636116945713305
UniRef100_A0A3G6TIH8__Cas9,0.9930059716267865,0.0013290652257140101
UniRef100_A0A3G6TIH8__Cas9-562m,0.20216070242079107,0.03307141178037995
UniRef100_A0A7G1JPQ8__Cas9,0.9396290422166833,0.02840918087596178
UniRef100_A0A7G1JPQ8__Cas9-553m,0.059842579537587925,0.012445380695356193
UniRef100_A0A4T2GQ30__Cas9,0.3870404106782609,0.05879638395867019
UniRef100_A0A4T2GQ30__Cas9-467m,0.4012670994165758,0.04958633258821843
UniRef100_A0A2N6PM21__Cas9,0.982413834963781,0.00328157014008387
UniRef100_A0A2N6PM21__Cas9-557m,0.17741548086793862,0.10176740996059468
UniRef100_A0A644X9Q7__Cas9,0.9756336126375802,0.006754266032616499
UniRef100_A0A644X9Q7__Cas9-427m,0.043953472828778005,0.012409160508232441
UniRef100_A0A644UI78__Cas9,0.8913404666426914,0.04816442089267605
UniRef100_A0A644UI78__Cas9-438m,0.07492312176581731,0.05689510579248121
UniRef100_A0A4U7H5M9__Cas9,0.9790891377316828,0.0033916969209070924
UniRef100_A0A4U7H5M9__Cas9-548m,0.1123319901812895,0.04527797882928023
UniRef100_UPI0007E52A05__Cas9,0.5555525854531822,0.06358665126318865
UniRef100_UPI0007E52A05__Cas9-549m,0.09325974709016731,0.015891978431491947
UniRef100_UPI00065B4609__Cas9,0.9564859053921492,0.0064594014035892515
UniRef100_UPI00065B4609__Cas9-548m,0.24726709198251062,0.04018204961112521
UniRef100_UPI00077534CF__Cas9,0.26300758052144896,0.04433157220862877
UniRef100_UPI00077534CF__Cas9-653m,0.14767383497729286,0.029125683103069153
UniRef100_UPI000775351F__Cas9,0.2566470692143119,0.04408141982618136
UniRef100_UPI000775351F__Cas9-653m,0.15856331628978054,0.03112827014980998
UniRef100_UPI001292CD0F__Cas9,0.9173073267263494,0.027613512592584148
UniRef100_UPI001292CD0F__Cas9-434m,0.12544311528232865,0.04545881712447113
UniRef100_UPI0010933737__Cas9,0.7308962837993743,0.08073381504905552
UniRef100_UPI0010933737__Cas9-371m,0.08589888559506872,0.022272094025509687
UniRef100_UPI0007AC51B3__Cas9,0.5536203866863659,0.06424936485404324
UniRef100_UPI0007AC51B3__Cas9-549m,0.0933813498271246,0.016536071602282168
UniRef100_UPI001292CCFE__Cas9,0.9164847992270362,0.027826401146920733
UniRef100_UPI001292CCFE__Cas9-434m,0.1143951644640601,0.04064742486646709
UniRef100_UPI000158B0A1__Cas9,0.9179796701811405,0.07808417359520622
UniRef100_UPI000158B0A1__Cas9-652m,0.04859705497407775,0.030834714425988608
UniRef100_UPI0012318437__Cas9,0.9825374198440425,0.003013761134341784
UniRef100_UPI0012318437__Cas9-548m,0.11811392507327804,0.04688698961399699
UniRef100_A0A386IRG9__Cas9,0.979298688371588,0.0035455746204349427
UniRef100_A0A386IRG9__Cas9-548m,0.11559412591244315,0.04574168720091364
UniRef100_UPI00077DEF9D__Cas9,0.5444708902840997,0.06382972381334538
UniRef100_UPI00077DEF9D__Cas9-549m,0.09266566650276323,0.015712735823079433
UniRef100_UPI000EFA302E__Cas9,0.5958651288444978,0.06466280668056784
UniRef100_UPI000EFA302E__Cas9-549m,0.08669262898578423,0.015264433566016306
UniRef100_UPI0003F479BB__Cas9,0.5355714283026287,0.06421514474282812
UniRef100_UPI0003F479BB__Cas9-549m,0.09220517380371282,0.016329148969321486
UniRef100_UPI00077DEFD3__Cas9,0.5425569342569585,0.06451493687012828
UniRef100_UPI00077DEFD3__Cas9-549m,0.09277915662978624,0.016340283484638948
UniRef100_UPI00018554F2__Cas9,0.9286334781221083,0.07673199236409707
UniRef100_UPI00018554F2__Cas9-652m,0.0465797552478384,0.0317139361153395
UniRef100_UPI000B4E838A__Cas9,0.8969042736342085,0.02302802396034753
UniRef100_UPI000B4E838A__Cas9-548m,0.5541221457442413,0.042351351332403094
UniRef100_UPI001292CD1F__Cas9,0.9195157405834958,0.026880058013121582
UniRef100_UPI001292CD1F__Cas9-434m,0.11103693536909505,0.040831735075259626
UniRef100_UPI001292CCF6__Cas9,0.9318320711249459,0.02412767675999672
UniRef100_UPI001292CCF6__Cas9-434m,0.13676233223247086,0.044107109762483984
UniRef100_UPI0009B4EBF5__Cas9,0.19593960971532667,0.031530036598300365
UniRef100_UPI0009B4EBF5__Cas9-334m,0.007550965269608674,0.0022207073427527417
UniRef100_UPI0004DB2150__Cas9,0.5539388795390847,0.06415265748766438
UniRef100_UPI0004DB2150__Cas9-549m,0.08335026430427613,0.014909595632497058
UniRef100_UPI001658712D__Cas9,0.718597288102885,0.06084567324471847
UniRef100_UPI001658712D__Cas9-449m,0.1973397369999061,0.05243471102010844
UniRef100_UPI0002058F24__Cas9,0.9256831820640686,0.07880020741697123
UniRef100_UPI0002058F24__Cas9-652m,0.043784092910384036,0.028454350070860078
UniRef100_UPI0007E529DE__Cas9,0.5451350172328779,0.0639136698195451
UniRef100_UPI0007E529DE__Cas9-549m,0.08375759905876784,0.015381379457010076
UniRef100_A0A380JR19__Cas9,0.9720084261042133,0.008310923868071798
UniRef100_A0A380JR19__Cas9-540m,0.035118083647630756,0.005413391430087766
UniRef100_A0A1G9K5U8__Cas9,0.9851335180007453,0.001816659584997543
UniRef100_A0A1G9K5U8__Cas9-551m,0.047026677118998175,0.008200327405107637
UniRef100_A0A139QZ91__Cas9,0.9196077556323093,0.030007004467379715
UniRef100_A0A139QZ91__Cas9-454m,0.19661563691955536,0.03887601978109806
UniRef100_J4XAP6__Cas9,0.9134520198214979,0.019416426457500892
UniRef100_J4XAP6__Cas9-575m,0.32121701382430273,0.06255537739208956
UniRef100_A0A139NVJ1__Cas9,0.9826952770402693,0.006380923495255415
UniRef100_A0A139NVJ1__Cas9-568m,0.08926271943016327,0.01810947779259068
UniRef100_A0A3G3E7S5__Cas9,0.46350942730480965,0.049654302049459476
UniRef100_A0A3G3E7S5__Cas9-553m,0.7066881308609034,0.06044459941450833
UniRef100_A0A6I6I944__Cas9,0.983705242371211,0.0020110079351544027
UniRef100_A0A6I6I944__Cas9-551m,0.047121850584915095,0.0074635705518666185
UniRef100_A0A414P8F0__Cas9,0.9724089677591392,0.003693851313239921
UniRef100_A0A414P8F0__Cas9-537m,0.040515272190471956,0.009763147024077951
UniRef100_A0A2K2TI60__Cas9,0.4803341624029117,0.04877789366642632
UniRef100_A0A2K2TI60__Cas9-553m,0.654242932815375,0.06252942509904968
UniRef100_A0A291DCL0__Cas9,0.9851221872398399,0.002724569377178353
UniRef100_A0A291DCL0__Cas9-557m,0.13277405197308734,0.07826676554739775
UniRef100_A0A1E9G6C3__Cas9,0.9242445856210372,0.03165129479996467
UniRef100_A0A1E9G6C3__Cas9-450m,0.11655546419089013,0.12031484356018536
UniRef100_A0A6I6CAM2__Cas9,0.9617740526338066,0.014985313037450895
UniRef100_A0A6I6CAM2__Cas9-428m,0.03157209907637632,0.002040033210965141
UniRef100_A0A7D4L0X7__Cas9,0.9550328455088206,0.013041394436919252
UniRef100_A0A7D4L0X7__Cas9-598m,0.03134083586296843,0.004520897106828071
UniRef100_A0A5P8PWU7__Cas9,0.9643803841426623,0.007143449352208787
UniRef100_A0A5P8PWU7__Cas9-541m,0.1400533263989689,0.029800362580629187
UniRef100_A0A427YYW6__Cas9,0.9851107702441189,0.002664439305870708
UniRef100_A0A427YYW6__Cas9-557m,0.14361334454430258,0.08427011747055745
UniRef100_A0A139PB46__Cas9,0.9828750583123018,0.006312753032253321
UniRef100_A0A139PB46__Cas9-568m,0.08478667082029404,0.0172253414946212
UniRef100_A0A2N6QMJ5__Cas9,0.5649138384515184,0.1273740575537673
UniRef100_A0A2N6QMJ5__Cas9-488m,0.13168544367014473,0.070848401950992
UniRef100_A0A139NSX3__Cas9,0.9826913833943577,0.006390517883902962
UniRef100_A0A139NSX3__Cas9-568m,0.08656899570795339,0.017596571756619713
UniRef100_A0A418JLD8__Cas9,0.940947224198009,0.022965003893758145
UniRef100_A0A418JLD8__Cas9-422m,0.12287250240889451,0.05463747113215033
UniRef100_A0A0R2E213__Cas9,0.4748653267129204,0.05161353295965255
UniRef100_A0A0R2E213__Cas9-553m,0.6944657227176421,0.05653168449556887
UniRef100_A0A6N8TPM1__Cas9,0.9166972393436943,0.04449074458675646
UniRef100_A0A6N8TPM1__Cas9-558m,0.062013305593359457,0.02321031864144092
UniRef100_A0A428BXF1__Cas9,0.9766097196242113,0.004841269903604826
UniRef100_A0A428BXF1__Cas9-549m,0.08107815470347302,0.02704287915487896
UniRef100_A0A139MDP4__Cas9,0.9699647753165443,0.011722357129063027
UniRef100_A0A139MDP4__Cas9-449m,0.013910142248765878,0.006896635077611363
UniRef100_A0A381CZA9__Cas9,0.8408536841152486,0.07494244657693266
UniRef100_A0A381CZA9__Cas9-381m,0.09890724626212263,0.023137538117171827
UniRef100_A0A1H0V2M0__Cas9,0.173271637350333,0.04909616443612536
UniRef100_A0A1H0V2M0__Cas9-418m,0.0028659892891342038,0.0006784853246754504
UniRef100_A0A2N8Z428__Cas9,0.9678333025822987,0.0057589627442410805
UniRef100_A0A2N8Z428__Cas9-552m,0.03629849405117379,0.009842971118445983
UniRef100_A0A2H1YER4__Cas9,0.778849366961772,0.06631980364633955
UniRef100_A0A2H1YER4__Cas9-454m,0.9038464617168616,0.021968028544923742
UniRef100_UPI00004449F5__Cas9,0.431185360524631,0.07030341433710119
UniRef100_UPI00004449F5__Cas9-549m,0.07431700112442031,0.018015437010180362
UniRef100_UPI00077DF005__Cas9,0.5339823953992568,0.06414770512542464
UniRef100_UPI00077DF005__Cas9-549m,0.08340520698658467,0.014808183678457598
UniRef100_UPI000158B3C0__Cas9,0.9162196919248599,0.08513559489278921
UniRef100_UPI000158B3C0__Cas9-652m,0.052406440130520274,0.03367347522800712
UniRef100_UPI00048121A0__Cas9,0.3068563016737413,0.06289143885424331
UniRef100_UPI00048121A0__Cas9-549m,0.06525793135065465,0.014053355078242732
UniRef100_UPI0004855F4D__Cas9,0.40261890699458525,0.06851633758267144
UniRef100_UPI0004855F4D__Cas9-549m,0.0745649886894416,0.0172785028956127
UniRef100_UPI00048F7868__Cas9,0.3408558729956751,0.06533021584881857
UniRef100_UPI00048F7868__Cas9-549m,0.06658388306861561,0.013189329174920217
UniRef100_UPI0005CA9B93__Cas9,0.43972174372850975,0.07176700386281065
UniRef100_UPI0005CA9B93__Cas9-549m,0.08620617147497649,0.021499790942101218
UniRef100_A0A2T4HI56__Cas9,0.9632184673482168,0.006595069838121561
UniRef100_A0A2T4HI56__Cas9-586m,0.22737923351109363,0.06054526466006744
UniRef100_A0A4Q1AHA1__Cas9,0.8712827206160505,0.034110528261760344
UniRef100_A0A4Q1AHA1__Cas9-466m,0.45216318049045945,0.08551947220508928
UniRef100_Q1JH43__Cas9,0.9810470360987387,0.002891610788274384
UniRef100_Q1JH43__Cas9-548m,0.10909360772258754,0.04189549909702681
UniRef100_A0A3R6H7I5__Cas9,0.6984485495158778,0.03794196009446469
UniRef100_A0A3R6H7I5__Cas9-451m,0.37738668803636727,0.06457554701474419
UniRef100_A0A0D6MWC5__Cas9,0.9722458170778786,0.0032188055921749266
UniRef100_A0A0D6MWC5__Cas9-420m,0.04135944010236594,0.01728202584338786
UniRef100_A0A3P0Y011__Cas9,0.9903128762981765,0.0017217887449947047
UniRef100_A0A3P0Y011__Cas9-548m,0.04850304682430853,0.006105252867980664
UniRef100_A0A7X4F5I2__Cas9,0.9666531088325188,0.008097373386969045
UniRef100_A0A7X4F5I2__Cas9-437m,0.10995949440848715,0.06996328016723927
UniRef100_A0A679FPI8__Cas9,0.9930570129333391,0.002003313184088975
UniRef100_A0A679FPI8__Cas9-435m,0.009773830597849776,0.002104374480698453
UniRef100_A0A0B2XHU2__Cas9,0.9728429290029202,0.004058429394720505
UniRef100_A0A0B2XHU2__Cas9-548m,0.06272126630025014,0.006757146257684983
UniRef100_A0A422LAT0__Cas9,0.963079148527464,0.0059546891193876655
UniRef100_A0A422LAT0__Cas9-545m,0.2417599363350206,0.04948421214185783
UniRef100_A0A4Y4JYH6__Cas9,0.979029074846024,0.002313326722926523
UniRef100_A0A4Y4JYH6__Cas9-548m,0.05241477529526758,0.008570543258718281
UniRef100_A0A1H4B7Y3__Cas9,0.9362885961712193,0.0646661471070113
UniRef100_A0A1H4B7Y3__Cas9-604m,0.040812877428182355,0.01759251553186809
UniRef100_E9FPR9__Cas9,0.9682557150129304,0.006747471042144451
UniRef100_E9FPR9__Cas9-550m,0.07940148271114185,0.019387389480299343
UniRef100_A0A4V6LN43__Cas9,0.957512737837857,0.007602458819008221
UniRef100_A0A4V6LN43__Cas9-549m,0.20713548502627352,0.1484068462871133
UniRef100_A0A017N289__Cas9,0.9663334354546654,0.004636874465609777
UniRef100_A0A017N289__Cas9-575m,0.014915693005584135,0.003989284179023729
UniRef100_I0QHG7__Cas9,0.6374898028096434,0.0727238546854545
UniRef100_I0QHG7__Cas9-454m,0.14860715991566076,0.05034082096752996
UniRef100_A0A3M0PDZ7__Cas9,0.925189589502778,0.022861746143028775
UniRef100_A0A3M0PDZ7__Cas9-558m,0.056185508064936066,0.015004716770753414
UniRef100_A0A373RTM6__Cas9,0.9110993357986334,0.04766425088394782
UniRef100_A0A373RTM6__Cas9-530m,0.07667942078836129,0.03147400082138183
UniRef100_A0A7V1WWM4__Cas9,0.9994691869285652,0.0010436304876310677
UniRef100_A0A7V1WWM4__Cas9-555m,0.045720538459896695,0.0063929353091719725
UniRef100_A0A5S4TWQ6__Cas9,0.9691087812368266,0.004750455642545029
UniRef100_A0A5S4TWQ6__Cas9-549m,0.14038656964122803,0.11928365950341997
UniRef100_A0A2Z6FEZ5__Cas9,0.9779625974824235,0.0035196337632035068
UniRef100_A0A2Z6FEZ5__Cas9-548m,0.06528598334480686,0.006207318511491802
UniRef100_A0A7D6HU96__Cas9,0.721088727176173,0.07114479406178323
UniRef100_A0A7D6HU96__Cas9-392m,0.0644140561527395,0.013596580124500544
UniRef100_A0A1B2A6P4__Cas9,0.9738987001458528,0.0033122692328777636
UniRef100_A0A1B2A6P4__Cas9-548m,0.05104030403753899,0.007136771466486646
UniRef100_C5WH61__Cas9,0.969454091445827,0.004589241886266331
UniRef100_C5WH61__Cas9-549m,0.1374203044293774,0.11744555849991137
UniRef100_A0A7X0EHM8__Cas9,0.9877415962468014,0.0038981177022486178
UniRef100_A0A7X0EHM8__Cas9-435m,0.012619476942636538,0.004740376053168726
UniRef100_A0A385ADN3__Cas9,0.9736246373996925,0.003727429399640863
UniRef100_A0A385ADN3__Cas9-548m,0.05999421223374103,0.0068315847839099395
UniRef100_A0A4Q5HAA5__Cas9,0.9773666489571667,0.006195555800861002
UniRef100_A0A4Q5HAA5__Cas9-574m,0.02284396980089485,0.004960390954940075
UniRef100_A0A0B7IQ14__Cas9,0.9869429107756252,0.003963555263525794
UniRef100_A0A0B7IQ14__Cas9-572m,0.01680863113413434,0.004901851088192056
UniRef100_A0A5S4TE76__Cas9,0.9489436259383949,0.006412309231483265
UniRef100_A0A5S4TE76__Cas9-549m,0.14590921384116293,0.12236281547343336
UniRef100_A0A0B7IB79__Cas9,0.9926604587988231,0.002026359021943514
UniRef100_A0A0B7IB79__Cas9-572m,0.012846574631108179,0.00367350910030853
UniRef100_A0A2D4ZRZ3__Cas9,0.9191463184530935,0.027113520794240804
UniRef100_A0A2D4ZRZ3__Cas9-422m,0.4593124281454699,0.08089339578365523
UniRef100_A0A7X4BXD8__Cas9,0.699797638365295,0.155356988703039
UniRef100_A0A7X4BXD8__Cas9-658m,0.05088822448616519,0.029845849559715098
UniRef100_A0A642MDU6__Cas9,0.984540001608471,0.0032169458121902817
UniRef100_A0A642MDU6__Cas9-573m,0.04254796696809238,0.025231507523527024
UniRef100_A0A379B6M0__Cas9,0.9586892134162273,0.013008435580841525
UniRef100_A0A379B6M0__Cas9-425m,0.09100801633524455,0.02085008317503252
UniRef100_A0A3R6EU27__Cas9,0.42139584727921237,0.12470560666828472
UniRef100_A0A3R6EU27__Cas9-461m,0.039269891591788224,0.0043977350596996825
UniRef100_A0A412FF55__Cas9,0.4114317601430991,0.12089851686182525
UniRef100_A0A412FF55__Cas9-461m,0.037426360707756186,0.004336737981120409
UniRef100_A0A3R7CPN3__Cas9,0.6498154808280132,0.13822150314114512
UniRef100_A0A3R7CPN3__Cas9-530m,0.0780397632938014,0.06567731746993402
UniRef100_A0A642MLQ5__Cas9,0.9810054988944483,0.004213359402613251
UniRef100_A0A642MLQ5__Cas9-573m,0.043258584429957045,0.023759411471435246
UniRef100_I0Q2W2__Cas9,0.9868100672073892,0.0022230594100820576
UniRef100_I0Q2W2__Cas9-549m,0.21560856238100995,0.11605013897160484
UniRef100_A0A4Q0D683__Cas9,0.31873112921740915,0.059709308356931556
UniRef100_A0A4Q0D683__Cas9-553m,0.20562605615983665,0.036286905261616584
UniRef100_A0A380IN75__Cas9,0.9937245007708861,0.0013636633090926863
UniRef100_A0A380IN75__Cas9-548m,0.0691414846043806,0.008814432237132092
UniRef100_I1A5G3__Cas9,0.8103851227883222,0.0637960784471954
UniRef100_I1A5G3__Cas9-494m,0.2449063291425096,0.1311174757392778
UniRef100_A0A7V3TW42__Cas9,0.8338547278821891,0.06553136529516178
UniRef100_A0A7V3TW42__Cas9-425m,0.3202804222655371,0.12929616463475133
UniRef100_A0A412B536__Cas9,0.3736018275576306,0.1133183576035492
UniRef100_A0A412B536__Cas9-461m,0.03944215226784696,0.004242614262875259
UniRef100_A0A7H8V0N3__Cas9,0.5529517201851263,0.04460612618935204
UniRef100_A0A7H8V0N3__Cas9-560m,0.537843017884262,0.08801854330581184
UniRef100_A0A3A6JQD7__Cas9,0.964349334548929,0.02022731146741081
UniRef100_A0A3A6JQD7__Cas9-434m,0.04655731753299565,0.023731278824244043
UniRef100_A0A1X1HQZ5__Cas9,0.8956881886320517,0.044717700720132286
UniRef100_A0A1X1HQZ5__Cas9-550m,0.07346901712809421,0.013920712370073746
UniRef100_A0A1F0AZ94__Cas9,0.9639949427237043,0.01621167005718834
UniRef100_A0A1F0AZ94__Cas9-552m,0.3417242258954511,0.1305958172488933
UniRef100_A0A5L4WX38__Cas9,0.8922283671726344,0.06248200336244723
UniRef100_A0A5L4WX38__Cas9-394m,0.09336579444976606,0.029615615556866745
UniRef100_A0A6I4XW76__Cas9,0.9680590033576475,0.004739076731766378
UniRef100_A0A6I4XW76__Cas9-535m,0.02388113507171625,0.006677392775526882
UniRef100_A0A3G6TK07__Cas9,0.9670090236506473,0.0035758931267173676
UniRef100_A0A3G6TK07__Cas9-572m,0.03750450064125759,0.005494822126425095
UniRef100_A0A0R1ZP43__Cas9,0.3778442312981827,0.08000282124104344
UniRef100_A0A0R1ZP43__Cas9-528m,0.06685256856984431,0.012851948798313867
UniRef100_A0A3S6QW27__Cas9,0.9675331291443383,0.014638437540902823
UniRef100_A0A3S6QW27__Cas9-468m,0.47008342861555247,0.12331552976108166
UniRef100_A0A427ZWI0__Cas9,0.9550278585873204,0.010924841013513674
UniRef100_A0A427ZWI0__Cas9-548m,0.017667114692502643,0.00502192264837715
UniRef100_A0A1E9EMZ9__Cas9,0.9705445112463325,0.00675834961812403
UniRef100_A0A1E9EMZ9__Cas9-547m,0.08862414860661685,0.09239814032529056
UniRef100_A0A495WJ55__Cas9,0.9804057898790208,0.003141133262210521
UniRef100_A0A495WJ55__Cas9-573m,0.02308815423996857,0.0052522296520272705
UniRef100_A0A5C8GB06__Cas9,0.5530866990756278,0.12061728121130118
UniRef100_A0A5C8GB06__Cas9-488m,0.1087802922834662,0.0601727056625881
UniRef100_A0A242IDM5__Cas9,0.9692749975649575,0.010430751470396581
UniRef100_A0A242IDM5__Cas9-536m,0.03960827124103942,0.007187889012115688
UniRef100_A0A378VHH1__Cas9,0.5967661021220416,0.06661960654301499
UniRef100_A0A378VHH1__Cas9-428m,0.3884825132886577,0.08589364497256236
UniRef100_A0A2X4AIA2__Cas9,0.9500198283024162,0.00738551820409613
UniRef100_A0A2X4AIA2__Cas9-557m,0.07645588518512395,0.013336253653592771
UniRef100_A0A7X8I822__Cas9,0.4207244830457473,0.08314384986242815
UniRef100_A0A7X8I822__Cas9-472m,0.6053459716300769,0.09957450614653855
UniRef100_A0A5D0JYU4__Cas9,0.12134084880656719,0.02522819252619569
UniRef100_A0A5D0JYU4__Cas9-548m,0.08901346257004666,0.024599901698382907
UniRef100_J9E534__Cas9,0.9658432655751434,0.008745493893231964
UniRef100_J9E534__Cas9-459m,0.07201836105838669,0.0522377354673778
UniRef100_A0A7V7HNN8__Cas9,0.9703488333414422,0.006322189313927113
UniRef100_A0A7V7HNN8__Cas9-428m,0.054703784002557654,0.020136862321328327
UniRef100_A0A0R1TGJ3__Cas9,0.9685108689389423,0.011532363911813427
UniRef100_A0A0R1TGJ3__Cas9-548m,0.09011506494154785,0.0487743174331244
UniRef100_V8BZU1__Cas9,0.9725116428956898,0.005297841342985334
UniRef100_V8BZU1__Cas9-557m,0.17248648264915345,0.08067098865532206
UniRef100_A0A233WAV8__Cas9,0.6969281751745564,0.07164184757120222
UniRef100_A0A233WAV8__Cas9-540m,0.14118174912112716,0.03383944376230381
UniRef100_A0A2A8BNK9__Cas9,0.9607310608805595,0.008326608769422384
UniRef100_A0A2A8BNK9__Cas9-428m,0.06337829463827149,0.022456319150752645
UniRef100_E5C8Y3__Cas9,0.9747690859695523,0.0025820823766955093
UniRef100_E5C8Y3__Cas9-575m,0.053274145307112254,0.012552477617064432
UniRef100_A0A4Y3JYX6__Cas9,0.42378651423872454,0.05352532628812379
UniRef100_A0A4Y3JYX6__Cas9-568m,0.23336674463904106,0.040123736428559174
UniRef100_K6RXS8__Cas9,0.9560832452277752,0.010286416693060785
UniRef100_K6RXS8__Cas9-547m,0.26373380836375443,0.06337226141654492
UniRef100_A0A1S8KM94__Cas9,0.9693361212734894,0.009448467840417194
UniRef100_A0A1S8KM94__Cas9-533m,0.03559196382204469,0.01584080994496446
UniRef100_A0A6I0LHY2__Cas9,0.9808975103243192,0.0036107711851198505
UniRef100_A0A6I0LHY2__Cas9-604m,0.05346316560735163,0.007451694900560097
UniRef100_A0A1M6VU50__Cas9,0.9715305470248244,0.01349813758115201
UniRef100_A0A1M6VU50__Cas9-564m,0.1567540595457873,0.09311547575790832
UniRef100_A0A7Z0G2B1__Cas9,0.9622270159095647,0.023742905231562406
UniRef100_A0A7Z0G2B1__Cas9-564m,0.16580804369643293,0.12264998172869708
UniRef100_A0A5C7W1L1__Cas9,0.8293418462602273,0.02994271239064896
UniRef100_A0A5C7W1L1__Cas9-413m,0.4583484570722331,0.05775271490955445
UniRef100_A0A414WCI7__Cas9,0.9751732288532123,0.0044612373820100675
UniRef100_A0A414WCI7__Cas9-604m,0.053758654392923336,0.007814103155702164
UniRef100_C2G539__Cas9,0.8117322910631597,0.07253892354790321
UniRef100_C2G539__Cas9-523m,0.7501158098644947,0.05847183335593773
UniRef100_D1VXP4__Cas9,0.6444181699918522,0.12671466420050873
UniRef100_D1VXP4__Cas9-488m,0.138722625151827,0.08404388453926911
UniRef100_A0A3A6MAE4__Cas9,0.9606154018588645,0.020781279347676145
UniRef100_A0A3A6MAE4__Cas9-604m,0.04109503245436632,0.01623105966804954
UniRef100_A0A3N7AG78__Cas9,0.9652033322922305,0.006323466947046889
UniRef100_A0A3N7AG78__Cas9-508m,0.04119546434237447,0.004520925198397251
UniRef100_A0A4R5NUJ7__Cas9,0.9574126861780206,0.020390032750066785
UniRef100_A0A4R5NUJ7__Cas9-549m,0.03020073633485689,0.01685640325051668
UniRef100_A0A7D4KNE5__Cas9,0.6617493099946028,0.07348361030939553
UniRef100_A0A7D4KNE5__Cas9-540m,0.1366820543516539,0.03441845135386931
UniRef100_A0A2U9S6V7__Cas9,0.7787039951784684,0.05556516148880012
UniRef100_A0A2U9S6V7__Cas9-430m,0.15520201549020665,0.036794888920847334
UniRef100_A0A233VHR9__Cas9,0.7866034638830033,0.05163660982228019
UniRef100_A0A233VHR9__Cas9-542m,0.013658312773150636,0.004729684322146112
UniRef100_A0A0D4CLL6__Cas9,0.6739009515930031,0.06947286014147772
UniRef100_A0A0D4CLL6__Cas9-559m,0.2740648124290259,0.04415110883262665
UniRef100_A0A414IGC8__Cas9,0.9323014535462641,0.015163690447221878
UniRef100_A0A414IGC8__Cas9-571m,0.1333069025965205,0.02752306222190198
UniRef100_A0A7J5HN35__Cas9,0.9434297998846564,0.01051759973963378
UniRef100_A0A7J5HN35__Cas9-605m,0.08860268781862606,0.01912882500280307
UniRef100_A0A4Q1U5Z2__Cas9,0.986985313244612,0.003585057131174908
UniRef100_A0A4Q1U5Z2__Cas9-545m,0.15600839238938002,0.03797710550207224
UniRef100_A0A516GI60__Cas9,0.9641340529788556,0.00982915712123203
UniRef100_A0A516GI60__Cas9-533m,0.043220313539768095,0.016841119224597786
UniRef100_A0A1Q6ES56__Cas9,0.9705359102824149,0.0050381565772933505
UniRef100_A0A1Q6ES56__Cas9-556m,0.3866182009497628,0.0542780577918251
UniRef100_A0A2T0GEI7__Cas9,0.9818847761545738,0.004848981890090937
UniRef100_A0A2T0GEI7__Cas9-453m,0.6996975087262997,0.06022593013418859
UniRef100_A0A1G6VAS2__Cas9,0.9614204843842241,0.0069975292050570796
UniRef100_A0A1G6VAS2__Cas9-428m,0.04188373118845088,0.018357677774679313
UniRef100_A0A1G3HQ03__Cas9,0.8496097851548727,0.0361500639993667
UniRef100_A0A1G3HQ03__Cas9-449m,0.7535705897631575,0.06156883104049593
UniRef100_A0A6N8IHC9__Cas9,0.9683944663232452,0.010659410923486606
UniRef100_A0A6N8IHC9__Cas9-549m,0.035993380295357896,0.005227791413301225
UniRef100_A0A1F1GZW9__Cas9,0.8960706901356869,0.0416767688795584
UniRef100_A0A1F1GZW9__Cas9-433m,0.02505678997056887,0.00680206181725988
UniRef100_A0A412QA30__Cas9,0.961119687690838,0.028396637360913586
UniRef100_A0A412QA30__Cas9-602m,0.043048006302723575,0.03309341533482809
UniRef100_A0A2X3T3B3__Cas9,0.971774398791128,0.008333744022342694
UniRef100_A0A2X3T3B3__Cas9-540m,0.036245385026008124,0.005216325270644646
UniRef100_A0A414M6F0__Cas9,0.972951787205788,0.004561545674629668
UniRef100_A0A414M6F0__Cas9-604m,0.029532571267825613,0.012068322458677047
UniRef100_A0A1D2LU44__Cas9,0.6270764965582147,0.1481570211562819
UniRef100_A0A1D2LU44__Cas9-536m,0.04372218886908322,0.01294280094788278
UniRef100_A0A3E4W8P5__Cas9,0.9913057333376736,0.001768908660203632
UniRef100_A0A3E4W8P5__Cas9-604m,0.03133612008547419,0.0075073748081498064
UniRef100_A0A1D2U437__Cas9,0.9251955413298433,0.03476842530676477
UniRef100_A0A1D2U437__Cas9-453m,0.21864193580797758,0.02164933322006682
UniRef100_A0A7X9XH94__Cas9,0.9725321851691247,0.004676442621216384
UniRef100_A0A7X9XH94__Cas9-604m,0.030262059273636073,0.012474248289219439
UniRef100_A0A7J5RFY7__Cas9,0.9909824818175444,0.0019084661495622295
UniRef100_A0A7J5RFY7__Cas9-604m,0.032238471577070854,0.007906802490383832
UniRef100_D0W2Z9__Cas9,0.9429501508957656,0.05011638852879405
UniRef100_D0W2Z9__Cas9-433m,0.09736869818220065,0.01727950349017385
UniRef100_A0A1R4DXK6__Cas9,0.9488384656049627,0.03850502641908475
UniRef100_A0A1R4DXK6__Cas9-572m,0.05020878113681382,0.01016887804181871
UniRef100_A0A3L7Z734__Cas9,0.9737274292096668,0.008407875285773159
UniRef100_A0A3L7Z734__Cas9-608m,0.06316596221811385,0.058752147323201595
UniRef100_U2YFI6__Cas9,0.9947725932780289,0.0011632665679898017
UniRef100_U2YFI6__Cas9-538m,0.02110061169053245,0.0029920786562535997
UniRef100_A0A0R2DGS6__Cas9,0.962843619952143,0.030167687519737585
UniRef100_A0A0R2DGS6__Cas9-548m,0.049515794111673395,0.030249173516949137
UniRef100_R5K6G6__Cas9,0.9718125532668763,0.004440668114695474
UniRef100_R5K6G6__Cas9-604m,0.030645994186702046,0.012594829306620805
UniRef100_A0A413VY27__Cas9,0.9648134692474077,0.006124417338758665
UniRef100_A0A413VY27__Cas9-605m,0.07087723552965397,0.014465220304856013
UniRef100_A0A374DTD8__Cas9,0.7309161249861887,0.12170504125721018
UniRef100_A0A374DTD8__Cas9-530m,0.10892889668203105,0.07937451207019966
UniRef100_A0A1X0WR94__Cas9,0.9486271123961272,0.007539973550924989
UniRef100_A0A1X0WR94__Cas9-452m,0.7349693847267155,0.06974727932380598
UniRef100_A0A4Q5GQL4__Cas9,0.970838681677211,0.004036804668492588
UniRef100_A0A4Q5GQL4__Cas9-604m,0.03043416533330125,0.011479274783212465
UniRef100_A0A1X1FQA2__Cas9,0.9017019990313695,0.023043743707083366
UniRef100_A0A1X1FQA2__Cas9-456m,0.014570371243737492,0.004656846372839202
UniRef100_A0A250FPT9__Cas9,0.6601684516040012,0.06590561471186598
UniRef100_A0A250FPT9__Cas9-572m,0.3663564498730295,0.05509912636951203
UniRef100_A0A415NVW3__Cas9,0.9592313484406724,0.03232207325510718
UniRef100_A0A415NVW3__Cas9-602m,0.062351569568724965,0.05119592981015449
UniRef100_A0A242XNH2__Cas9,0.9019558753614915,0.03381734274031783
UniRef100_A0A242XNH2__Cas9-428m,0.04679114718244864,0.011119752372516804
UniRef100_A0A5P0XCM9__Cas9,0.9775195203685498,0.0036195757888945316
UniRef100_A0A5P0XCM9__Cas9-486m,0.04208796257407001,0.013359304254855714
UniRef100_A0A7X2W5R0__Cas9,0.5132344303760273,0.06047890466876269
UniRef100_A0A7X2W5R0__Cas9-452m,0.0862696590358866,0.0220323605086794
UniRef100_A0A415BMV3__Cas9,0.9659784640902469,0.024205990366828408
UniRef100_A0A415BMV3__Cas9-602m,0.048123161028991224,0.03703441414355088
UniRef100_A0A1X1GCS7__Cas9,0.980292773466682,0.0038750870585181492
UniRef100_A0A1X1GCS7__Cas9-550m,0.12038838516485535,0.02401823177627856
UniRef100_A0A3D3QUT0__Cas9,0.9785249462031805,0.005663243704609486
UniRef100_A0A3D3QUT0__Cas9-584m,0.44644402642784237,0.05314504009679871
UniRef100_A0A1X1FK70__Cas9,0.9046295881047073,0.022584506083179988
UniRef100_A0A1X1FK70__Cas9-456m,0.014389854224981888,0.003754887079331445
UniRef100_F8LWC5__Cas9,0.8941302733620642,0.05848957099416446
UniRef100_F8LWC5__Cas9-449m,0.031222964222137984,0.002058983669219126
UniRef100_A0A173R3H4__Cas9,0.9047701740496639,0.023247767844786237
UniRef100_A0A173R3H4__Cas9-550m,0.04612141611756708,0.009135212488023708
UniRef100_A0A497Z589__Cas9,0.8671380552141196,0.09522501187064374
UniRef100_A0A497Z589__Cas9-557m,0.0378978753333343,0.009295303588747288
UniRef100_Q1JLZ6__Cas9,0.9782745092080294,0.003280879893386751
UniRef100_Q1JLZ6__Cas9-548m,0.11477774942554993,0.045085949857823625
UniRef100_A0A2A4L9T5__Cas9,0.8372883265390433,0.06202291114807631
UniRef100_A0A2A4L9T5__Cas9-395m,0.06120705711763226,0.013060992229059726
UniRef100_A0A562S2Z1__Cas9,0.8812263669214364,0.07613584178701877
UniRef100_A0A562S2Z1__Cas9-558m,0.24826358147415686,0.09951171052815255
UniRef100_L1NKM1__Cas9,0.9344335299517994,0.029424645413059784
UniRef100_L1NKM1__Cas9-573m,0.0547887181616105,0.009405710946476176
UniRef100_Q03JI6__Cas9,0.9738271312262018,0.005291356927525864
UniRef100_Q03JI6__Cas9-556m,0.07063343733394013,0.017373750326354298
UniRef100_A0A1S5WDD4__Cas9,0.9834577561791809,0.002603115479554015
UniRef100_A0A1S5WDD4__Cas9-554m,0.26176469279723114,0.06255454710841127
UniRef100_A0A379EFL8__Cas9,0.8785140675438745,0.09522064588424166
UniRef100_A0A379EFL8__Cas9-487m,0.08000577704185124,0.044066047323111444
UniRef100_A0A6F9ZIS1__Cas9,0.9541833719032045,0.040970576164336574
UniRef100_A0A6F9ZIS1__Cas9-598m,0.08912216601476067,0.0820748553211736
UniRef100_A0A7W6PYW7__Cas9,0.9104656101807608,0.026101300602285347
UniRef100_A0A7W6PYW7__Cas9-441m,0.2703756793495215,0.05214928937414691
UniRef100_A0A646JQU9__Cas9,0.8917176358708095,0.07695696636820584
UniRef100_A0A646JQU9__Cas9-539m,0.20154381792521395,0.10939676914217315
UniRef100_A0A3M0NPX5__Cas9,0.9818842189471357,0.013435794634832174
UniRef100_A0A3M0NPX5__Cas9-559m,0.030658073760933196,0.013775636816169678
UniRef100_A0A2M8M9S1__Cas9,0.9659965162125129,0.006543676967831911
UniRef100_A0A2M8M9S1__Cas9-552m,0.03176380374402278,0.00600029635406934
UniRef100_A0A5B8TH54__Cas9,0.9744845774314077,0.005487106678422436
UniRef100_A0A5B8TH54__Cas9-449m,0.06265694515782856,0.015805389392120048
UniRef100_A0A415CZQ7__Cas9,0.970939728163516,0.006530282282380611
UniRef100_A0A415CZQ7__Cas9-561m,0.057638471355565754,0.050702745041890436
UniRef100_A0A3S4PKW4__Cas9,0.9788429950562054,0.002929127640985005
UniRef100_A0A3S4PKW4__Cas9-555m,0.10268056500764122,0.02285471877099685
UniRef100_A0A2D3L7J5__Cas9,0.973325022722071,0.004213621431865881
UniRef100_A0A2D3L7J5__Cas9-552m,0.01482655398219716,0.0033978058947069785
UniRef100_A0A7C4P449__Cas9,0.9245299941344403,0.014077436304937834
UniRef100_A0A7C4P449__Cas9-498m,0.2836990537006244,0.1398785845359756
UniRef100_A0A7G2T8M1__Cas9,0.9759381384121774,0.004855684583170124
UniRef100_A0A7G2T8M1__Cas9-560m,0.43566667832126005,0.07564308487402045
UniRef100_A0A563CDP1__Cas9,0.83832693339103,0.059078662312353515
UniRef100_A0A563CDP1__Cas9-536m,0.3370689968473,0.1027344136132501
UniRef100_A0A0R1RRH5__Cas9,0.9756398457142815,0.0043414329983580205
UniRef100_A0A0R1RRH5__Cas9-546m,0.10423749295098875,0.018123468100084465
UniRef100_A0A5M5PVK4__Cas9,0.9658632340786065,0.0051115861709788
UniRef100_A0A5M5PVK4__Cas9-575m,0.022500772618723373,0.005779478153116891
UniRef100_A0A380G4J1__Cas9,0.7303397158472107,0.038620441370979156
UniRef100_A0A380G4J1__Cas9-538m,0.7244494411486879,0.050924261267615394
UniRef100_A0A3M6Q171__Cas9,0.08776764292092275,0.02410324364207397
UniRef100_A0A3M6Q171__Cas9-435m,0.0341144619759825,0.011754239596415528
UniRef100_E1W6G3__Cas9,0.6957994885327947,0.04999352511370763
UniRef100_E1W6G3__Cas9-421m,0.4566646614074553,0.07625833154687227
UniRef100_L1P954__Cas9,0.26319092778680314,0.059186637983657815
UniRef100_L1P954__Cas9-589m,0.4321801357310645,0.03421970843525436
UniRef100_A0A5N1GBH1__Cas9,0.9845142087549374,0.0022942692569653247
UniRef100_A0A5N1GBH1__Cas9-555m,0.18587123688489854,0.04809351916781449
UniRef100_S4F007__Cas9,0.4035691952923902,0.055636746838940654
UniRef100_S4F007__Cas9-516m,0.1889055306277692,0.03193007555466807
UniRef100_A0A2T3G018__Cas9,0.90891871401538,0.03594580991397252
UniRef100_A0A2T3G018__Cas9-442m,0.051977779163195126,0.020712828525841914
UniRef100_R7PQD7__Cas9,0.05272503294925397,0.015227837240425776
UniRef100_R7PQD7__Cas9-445m,0.015842491267075026,0.0023987515510614952
UniRef100_A0A0X3Y1U5__Cas9,0.9627414478788354,0.008862816717402478
UniRef100_A0A0X3Y1U5__Cas9-547m,0.1485958505781205,0.12826001104475104
UniRef100_A0A416FUL5__Cas9,0.9094042691749712,0.03477404501079421
UniRef100_A0A416FUL5__Cas9-442m,0.09624314372823028,0.031118162903342825
UniRef100_U2QKG2__Cas9,0.9435980900354698,0.01671917455150633
UniRef100_U2QKG2__Cas9-559m,0.13600688134642264,0.03283794052028896
UniRef100_A0A366SND0__Cas9,0.8206893956714081,0.05788337389457309
UniRef100_A0A366SND0__Cas9-539m,0.08446336688760984,0.013217682545047618
UniRef100_A0A418J1M8__Cas9,0.7984798045452642,0.06022484457603411
UniRef100_A0A418J1M8__Cas9-422m,0.049798610245652936,0.01732331155664968
UniRef100_A0A3D9C7Y1__Cas9,0.9508856616203574,0.008393671411172563
UniRef100_A0A3D9C7Y1__Cas9-591m,0.04115472133500497,0.0078061819672759405
UniRef100_A0A2W5BW11__Cas9,0.9938607055764301,0.001273716019696561
UniRef100_A0A2W5BW11__Cas9-433m,0.06539059663036105,0.014402679626753838
UniRef100_A0A6L8T4B2__Cas9,0.9627047203388266,0.008447602739732073
UniRef100_A0A6L8T4B2__Cas9-543m,0.1575734754669132,0.020607586423469264
UniRef100_A0A091BWC6__Cas9,0.9286318691511053,0.033312779893818735
UniRef100_A0A091BWC6__Cas9-452m,0.08219556683762383,0.025811950073846582
UniRef100_A0A413A3F6__Cas9,0.561075419819121,0.0619874135769134
UniRef100_A0A413A3F6__Cas9-451m,0.17918028581423517,0.045199666727806585
UniRef100_U1GXL8__Cas9,0.6774436571736118,0.08542429649539192
UniRef100_U1GXL8__Cas9-452m,0.5616119297746889,0.03277308425486519
UniRef100_J3TRJ9__Cas9,0.9014891867966399,0.04734013487209577
UniRef100_J3TRJ9__Cas9-508m,0.01296787528038038,0.003045112900830136
UniRef100_A0A6N4HMP0__Cas9,0.9220631458736271,0.07076230314454349
UniRef100_A0A6N4HMP0__Cas9-546m,0.21582758983634603,0.11436671753321337
UniRef100_A0A3D4BUF2__Cas9,0.95095897312231,0.04143379893705689
UniRef100_A0A3D4BUF2__Cas9-486m,0.0319206620857649,0.005167709819344827
UniRef100_A0A7Z8YPG2__Cas9,0.9898644472622145,0.0031939423038036888
UniRef100_A0A7Z8YPG2__Cas9-569m,0.025261184286451483,0.004205606958673337
UniRef100_A0A1F1HP65__Cas9,0.8540878867128716,0.08047533665367974
UniRef100_A0A1F1HP65__Cas9-433m,0.691352950438119,0.06841175099424562
UniRef100_A0A380ZV95__Cas9,0.9851494304738679,0.004311461814887835
UniRef100_A0A380ZV95__Cas9-572m,0.00785305094287927,0.002204750613397359
UniRef100_A0A644W5N6__Cas9,0.8238039413783896,0.027185536138720708
UniRef100_A0A644W5N6__Cas9-574m,0.028388378058739654,0.006405771104756341
UniRef100_A0A4D7WRR4__Cas9,0.8557291866599817,0.05528469024221259
UniRef100_A0A4D7WRR4__Cas9-433m,0.026747050034663412,0.007203903996853754
UniRef100_A0A374AGG3__Cas9,0.24062501069434789,0.06008363179041779
UniRef100_A0A374AGG3__Cas9-559m,0.6519864730157062,0.06987447198646204
UniRef100_A0A1X1KW87__Cas9,0.9842558827626308,0.002550665771868417
UniRef100_A0A1X1KW87__Cas9-557m,0.10267283287204639,0.06940498457471092
UniRef100_A0A373MT51__Cas9,0.9204437293825943,0.04537612855906782
UniRef100_A0A373MT51__Cas9-530m,0.07344398670757038,0.03217500932771782
UniRef100_A0A1X1G0J0__Cas9,0.9667088953862544,0.013766415888727932
UniRef100_A0A1X1G0J0__Cas9-568m,0.12467342193936097,0.017710039550896572
UniRef100_A0A2I1YZN8__Cas9,0.8772116442078286,0.02593567654154728
UniRef100_A0A2I1YZN8__Cas9-546m,0.4673308367359388,0.066958227491791
UniRef100_A0A1X0WXP0__Cas9,0.9854132740341652,0.004342202535199225
UniRef100_A0A1X0WXP0__Cas9-553m,0.1797078179982337,0.05736992711256456
UniRef100_A0A1X1GD62__Cas9,0.9596002908852107,0.02088523914902391
UniRef100_A0A1X1GD62__Cas9-550m,0.09976382290905104,0.017677367442046628
UniRef100_A0A3R9JM73__Cas9,0.1292499375025402,0.04405416051730191
UniRef100_A0A3R9JM73__Cas9-457m,0.24770132741144207,0.049100226394480785
UniRef100_A0A1X1GTM7__Cas9,0.9940059186241607,0.000766972044925378
UniRef100_A0A1X1GTM7__Cas9-549m,0.14023377337218879,0.08662799108896342
UniRef100_A0A1X1JP06__Cas9,0.974932679547422,0.004297344261329882
UniRef100_A0A1X1JP06__Cas9-557m,0.1429438970823542,0.09059626715395716
UniRef100_A0A6M9FBA3__Cas9,0.9633947549222934,0.014591975036091717
UniRef100_A0A6M9FBA3__Cas9-454m,0.2183355650396134,0.03332466624075185
UniRef100_A0A377J007__Cas9,0.9304727657774915,0.03717786728214682
UniRef100_A0A377J007__Cas9-422m,0.6084425989331615,0.058350501233264185
UniRef100_A0A2G3NST7__Cas9,0.9545725108332798,0.028515403328910626
UniRef100_A0A2G3NST7__Cas9-452m,0.06769536320580187,0.010472678470234401
UniRef100_A0A0Q7HTH3__Cas9,0.8835877559620926,0.030523073511910567
UniRef100_A0A0Q7HTH3__Cas9-434m,0.08204837294002576,0.024551819721256522
UniRef100_A0A0N1EBR4__Cas9,0.9652260592569147,0.008698730588949318
UniRef100_A0A0N1EBR4__Cas9-420m,0.1144801712297699,0.040135274676202246
UniRef100_A0A109Q6P7__Cas9,0.916781893410675,0.05074987281640348
UniRef100_A0A109Q6P7__Cas9-584m,0.13245955182462346,0.02744215128701009
UniRef100_A0A1Y3S1F5__Cas9,0.9718149781832391,0.010242013626012856
UniRef100_A0A1Y3S1F5__Cas9-536m,0.03948566164319482,0.0027056331412188147
UniRef100_A0A7X4I744__Cas9,0.9803491239568428,0.002349612664006076
UniRef100_A0A7X4I744__Cas9-536m,0.038490669114659995,0.002326948031466575
UniRef100_A0A4R5F7V0__Cas9,0.9859149185231487,0.0011795038059326446
UniRef100_A0A4R5F7V0__Cas9-614m,0.09126074444130125,0.017433092464169103
UniRef100_A0A428DL80__Cas9,0.9670523111714058,0.008958177558341102
UniRef100_A0A428DL80__Cas9-553m,0.09008806948186428,0.03172302413176909
UniRef100_A0A1X1K6S2__Cas9,0.9736798132302041,0.003080444575613229
UniRef100_A0A1X1K6S2__Cas9-551m,0.041424972087440184,0.009278458255267956
UniRef100_A0A2D1KY34__Cas9,0.71257004935956,0.09799072009363577
UniRef100_A0A2D1KY34__Cas9-451m,0.20290920088065265,0.055742377237376836
UniRef100_A0A415DF70__Cas9,0.9587524612393036,0.03255682574192728
UniRef100_A0A415DF70__Cas9-602m,0.059668834038922126,0.04979344704022591
UniRef100_A0A0F2DF30__Cas9,0.9756896462170793,0.004077726122026188
UniRef100_A0A0F2DF30__Cas9-557m,0.15182237283778344,0.09386422272072352
UniRef100_U7USL1__Cas9,0.541904702223039,0.12008234669947111
UniRef100_U7USL1__Cas9-488m,0.05233081162084165,0.035565877112278876
UniRef100_A0A373GQY7__Cas9,0.9211516483544007,0.04507208732361557
UniRef100_A0A373GQY7__Cas9-530m,0.07330668263503241,0.03184806058796171
UniRef100_A0A6I6WEX7__Cas9,0.9138445324656368,0.06414626958095267
UniRef100_A0A6I6WEX7__Cas9-450m,0.08910913357261646,0.024692001110209846
UniRef100_A0A2D1KTD8__Cas9,0.8938266783928782,0.0650380724370594
UniRef100_A0A2D1KTD8__Cas9-543m,0.20238712514571106,0.08484400758925724
UniRef100_A0A6N7XWR3__Cas9,0.9691342163981215,0.00644395730079776
UniRef100_A0A6N7XWR3__Cas9-541m,0.025651392723694766,0.00697784613123329
UniRef100_A0A7L7L0Y6__Cas9,0.026775516352429817,0.00485790999000959
UniRef100_A0A7L7L0Y6__Cas9-514m,0.3102850718326697,0.0603031407628643
UniRef100_A0A2N9PDE7__Cas9,0.9040259369172089,0.06640288345677721
UniRef100_A0A2N9PDE7__Cas9-584m,0.05768773583622757,0.010032754973772512
UniRef100_A0A2U2MDP8__Cas9,0.9478610507565701,0.01356359227911513
UniRef100_A0A2U2MDP8__Cas9-536m,0.021962314150249233,0.002632719600285145
UniRef100_A0A6N7X6N6__Cas9,0.96747441174656,0.005555237712061343
UniRef100_A0A6N7X6N6__Cas9-548m,0.098535761901718,0.017690804945729374
UniRef100_A0A415IT92__Cas9,0.9672391822569397,0.024691949452950515
UniRef100_A0A415IT92__Cas9-600m,0.053888759617974805,0.006550200404064259
UniRef100_A0A6N9ISS0__Cas9,0.9105719009311437,0.016667627324418486
UniRef100_A0A6N9ISS0__Cas9-537m,0.14834485579598566,0.024812086306874596
UniRef100_A0A437UBH1__Cas9,0.90792719677699,0.06393431119688026
UniRef100_A0A437UBH1__Cas9-584m,0.06052534632997858,0.010729082976006029
UniRef100_A0A1E9MP00__Cas9,0.869048101596175,0.05985098064498602
UniRef100_A0A1E9MP00__Cas9-433m,0.027807737892052754,0.008008792755865114
UniRef100_E1WNY6__Cas9,0.9663793306398395,0.005143554898774195
UniRef100_E1WNY6__Cas9-575m,0.0273813797796506,0.007015732195332982
UniRef100_A0A1E5TL62__Cas9,0.6979583878587564,0.10149237341257554
UniRef100_A0A1E5TL62__Cas9-422m,0.019860546755757193,0.007117029724455682
UniRef100_A0A417S7J7__Cas9,0.9074423849148111,0.05122560644693809
UniRef100_A0A417S7J7__Cas9-530m,0.06896762022044575,0.029751735337507194
UniRef100_I8UMX3__Cas9,0.9654275052814164,0.006843932291012411
UniRef100_I8UMX3__Cas9-580m,0.06923852446415749,0.04449992667973731
UniRef100_A0A1X7GNL0__Cas9,0.9251987198644125,0.02220624401888229
UniRef100_A0A1X7GNL0__Cas9-425m,0.5856328220617757,0.07627528037170427
UniRef100_A0A415D8A2__Cas9,0.969039230353211,0.004209646283855551
UniRef100_A0A415D8A2__Cas9-537m,0.03143260175021155,0.00705769752363848
UniRef100_A0A7X2QYC3__Cas9,0.9820125434928773,0.006519728543996067
UniRef100_A0A7X2QYC3__Cas9-548m,0.04928954063865656,0.02051405869879532
UniRef100_A0A1S6E9Z3__Cas9,0.3951151612803864,0.041969768974890694
UniRef100_A0A1S6E9Z3__Cas9-575m,0.040196866999527736,0.006313619529880675
UniRef100_A0A7X2QGI6__Cas9,0.9690173539315878,0.008738290456542052
UniRef100_A0A7X2QGI6__Cas9-449m,0.02249610920317146,0.0025959093624516546
UniRef100_A0A449AR60__Cas9,0.826044029401422,0.061838206961273755
UniRef100_A0A449AR60__Cas9-494m,0.26021633932079075,0.13598870341238048
UniRef100_A0A015Y7X0__Cas9,0.9641969556226417,0.005603756147279317
UniRef100_A0A015Y7X0__Cas9-575m,0.02392659506558325,0.006023879492412667
UniRef100_A0A7X2Q3K0__Cas9,0.9711164963350594,0.00789641323167582
UniRef100_A0A7X2Q3K0__Cas9-449m,0.026179683963723832,0.0027966338102957647
UniRef100_A0A0A8GXC3__Cas9,0.933513441838725,0.027626220548078128
UniRef100_A0A0A8GXC3__Cas9-398m,0.1294511354595451,0.047515019310473285
UniRef100_A0A4R1JNP8__Cas9,0.979843575411534,0.0035531701672875476
UniRef100_A0A4R1JNP8__Cas9-450m,0.16378239257928826,0.043294797962035135
UniRef100_A0A1F0BNE0__Cas9,0.49116357611607453,0.04941165325726143
UniRef100_A0A1F0BNE0__Cas9-452m,0.04881838690459324,0.012743474320815636
UniRef100_A0A6G6GSS4__Cas9,0.36640948452361216,0.044565111767334915
UniRef100_A0A6G6GSS4__Cas9-568m,0.2953011993711161,0.05293956400031383
UniRef100_A0A0U5KB17__Cas9,0.4387768506050607,0.047773557738860266
UniRef100_A0A0U5KB17__Cas9-568m,0.21063916733439175,0.034222197290381964
UniRef100_A0A2X3BDU5__Cas9,0.11913576262519612,0.03470547819866635
UniRef100_A0A2X3BDU5__Cas9-406m,0.5328762146810421,0.04776273145752389
UniRef100_A0A2M9SZU9__Cas9,0.9877053232071953,0.0038362903123598997
UniRef100_A0A2M9SZU9__Cas9-435m,0.012575333635076933,0.003906723855093108
UniRef100_A0A3E4LMJ5__Cas9,0.9665686061327647,0.004522589475820176
UniRef100_A0A3E4LMJ5__Cas9-537m,0.031210667171111834,0.007429686488538766
UniRef100_A0A1V0GJQ8__Cas9,0.5734565857530718,0.055243810020908446
UniRef100_A0A1V0GJQ8__Cas9-452m,0.0976651944185215,0.025265426042861264
UniRef100_A0A081R6F9__Cas9,0.8696981730291213,0.04746532028156791
UniRef100_A0A081R6F9__Cas9-454m,0.20668203694309026,0.0385810127700088
UniRef100_UPI0007707204__Cas9,0.39907845968771183,0.06818640957462516
UniRef100_UPI0007707204__Cas9-549m,0.08042875740803433,0.018752867602792968
UniRef100_UPI0008F49770__Cas9,0.9234482084003741,0.07950839856623698
UniRef100_UPI0008F49770__Cas9-652m,0.04498288866747246,0.029571491598303235
UniRef100_UPI0008FD6C93__Cas9,0.9323212948143829,0.07069137026678067
UniRef100_UPI0008FD6C93__Cas9-652m,0.04023179033025569,0.024228744248805126
UniRef100_UPI000778347B__Cas9,0.3971556397779802,0.06916672255755707
UniRef100_UPI000778347B__Cas9-549m,0.0752198694121196,0.017235935687073094
UniRef100_UPI000778102E__Cas9,0.6816558909259919,0.06402574111682038
UniRef100_UPI000778102E__Cas9-476m,0.8705892358862556,0.02035782989929693
UniRef100_UPI000777E2F8__Cas9,0.4059951183731629,0.06968831890100838
UniRef100_UPI000777E2F8__Cas9-549m,0.07275721575302052,0.016505623313758364
UniRef100_UPI0007884AF4__Cas9,0.3588046460861582,0.06659724842747257
UniRef100_UPI0007884AF4__Cas9-549m,0.06563540099508951,0.012757782943669672
UniRef100_A0A3R6RHI5__Cas9,0.9829932913064832,0.005528071835352428
UniRef100_A0A3R6RHI5__Cas9-540m,0.043390528728642616,0.01368107479282464
UniRef100_A0A374FXU4__Cas9,0.5968922573702719,0.10965271191926394
UniRef100_A0A374FXU4__Cas9-532m,0.11441463366926903,0.021256938970467976
UniRef100_A0A366KG04__Cas9,0.8810233932604028,0.03503433845243818
UniRef100_A0A366KG04__Cas9-555m,0.25084697329696065,0.09857217216170194
UniRef100_A0A689Z9A7__Cas9,0.9377064140697093,0.03358635531066354
UniRef100_A0A689Z9A7__Cas9-400m,0.0655658958187378,0.041875774857156864
UniRef100_A0A378WA20__Cas9,0.9305536420687799,0.06478642341746348
UniRef100_A0A378WA20__Cas9-433m,0.02804735819454961,0.0054901782319475385
UniRef100_V8LSG7__Cas9,0.9681989508385346,0.006485508862345176
UniRef100_V8LSG7__Cas9-556m,0.07004261795764732,0.016716666093726816
UniRef100_V8LWT4__Cas9,0.8886259306877247,0.06307976694680488
UniRef100_V8LWT4__Cas9-449m,0.034490261932577246,0.0017470660657949925
UniRef100_A0A7G1JD66__Cas9,0.9786180491395559,0.003641091576050609
UniRef100_A0A7G1JD66__Cas9-548m,0.10764465975675905,0.04090930127735146
UniRef100_A0A431PYV0__Cas9,0.014865330018447854,0.005766513459772469
UniRef100_A0A431PYV0__Cas9-386m,0.3222840705456077,0.07488154889371142
UniRef100_A0A2I1TF16__Cas9,0.9730757316892037,0.00899673798177405
UniRef100_A0A2I1TF16__Cas9-426m,0.03756959730553332,0.01628467554459469
UniRef100_A0A381J1N1__Cas9,0.8605419765607814,0.05143200937765763
UniRef100_A0A381J1N1__Cas9-426m,0.7462848464261909,0.07066170747143535
UniRef100_A0A329ZC87__Cas9,0.9525099649107366,0.009589510043136176
UniRef100_A0A329ZC87__Cas9-403m,0.14300384755223255,0.048956329567534214
UniRef100_A0A174L7S6__Cas9,0.9343451324070017,0.014517966056288944
UniRef100_A0A174L7S6__Cas9-571m,0.17936424559009867,0.035124683885155716
UniRef100_A0A5S4TT78__Cas9,0.973278316322881,0.004514752032169304
UniRef100_A0A5S4TT78__Cas9-548m,0.17640966692343646,0.058630463038122124
UniRef100_A0A417JBE8__Cas9,0.44535148732075774,0.06066912482294838
UniRef100_A0A417JBE8__Cas9-574m,0.04597073536631135,0.010533212998331324
UniRef100_A0A395W154__Cas9,0.9655633213081923,0.018243864400890677
UniRef100_A0A395W154__Cas9-604m,0.046607334681386094,0.018012984428857414
UniRef100_A0A8B3IXM8__Cas9,0.9447837580486608,0.022838152932073582
UniRef100_A0A8B3IXM8__Cas9-450m,0.1265326995895055,0.12702192113027594
UniRef100_Q5L8F8__Cas9,0.966796722466172,0.0051437450332149776
UniRef100_Q5L8F8__Cas9-575m,0.02595735575681806,0.006515776756759512
UniRef100_A0A6C7K0G1__Cas9,0.9394503204939797,0.04328067177037427
UniRef100_A0A6C7K0G1__Cas9-394m,0.06742747224331352,0.024181975386280665
UniRef100_A0A6C2WXF9__Cas9,0.9781335320226777,0.0032899828675745776
UniRef100_A0A6C2WXF9__Cas9-548m,0.11908527064069885,0.0460151555680784
UniRef100_A0A357LB84__Cas9,0.9653533545853102,0.017392718837018845
UniRef100_A0A357LB84__Cas9-420m,0.04130541716251409,0.010481741678174035
UniRef100_A0A1L6H8N6__Cas9,0.969387781268629,0.005204745227826971
UniRef100_A0A1L6H8N6__Cas9-547m,0.07066263603728774,0.020437691252502825
UniRef100_A0A654M6H2__Cas9,0.9745528591207415,0.005871590600799934
UniRef100_A0A654M6H2__Cas9-452m,0.04979456940404301,0.02307701650156663
UniRef100_E6J3R0__Cas9,0.9948271238258355,0.0012006923997310273
UniRef100_E6J3R0__Cas9-538m,0.03332985378161557,0.004551661464340746
UniRef100_A0A3R9Q9W4__Cas9,0.9757585647682449,0.010563120869977806
UniRef100_A0A3R9Q9W4__Cas9-449m,0.017068250811313926,0.00864312197464306
UniRef100_A0A099UFG2__Cas9,0.375787735067939,0.050655622342560866
UniRef100_A0A099UFG2__Cas9-415m,0.2992883409685009,0.06630077544106303
UniRef100_A0A4Q5C1A7__Cas9,0.4551808011814333,0.058719060066110884
UniRef100_A0A4Q5C1A7__Cas9-452m,0.08656754961363854,0.022242591178101855
UniRef100_A0A450SND8__Cas9,0.9640828142645688,0.025844897601871985
UniRef100_A0A450SND8__Cas9-432m,0.055134963819503925,0.007441495682370322
UniRef100_A0A5T0ZLN2__Cas9,0.8820118440706499,0.05767973252633179
UniRef100_A0A5T0ZLN2__Cas9-395m,0.1031241935628338,0.02371558710368317
UniRef100_A0A5Z1D943__Cas9,0.9253665542792717,0.046707500679219104
UniRef100_A0A5Z1D943__Cas9-395m,0.24883048049495038,0.06301782856601473
UniRef100_A0A6C7Y035__Cas9,0.87575736142024,0.06649518203932758
UniRef100_A0A6C7Y035__Cas9-394m,0.1106973146118446,0.03502988179103727
UniRef100_A0A6F9YHI1__Cas9,0.8210429255572537,0.034988730084340065
UniRef100_A0A6F9YHI1__Cas9-542m,0.03135295708676687,0.009121211647492104
UniRef100_A0A6D1SUD3__Cas9,0.9859164764985957,0.005333570604746292
UniRef100_A0A6D1SUD3__Cas9-428m,0.15266198257824481,0.032829509572074575
UniRef100_A0A3Z9MCX3__Cas9,0.9339385269398235,0.04564523711221383
UniRef100_A0A3Z9MCX3__Cas9-394m,0.06549920685035891,0.023367772911706455
UniRef100_A0A6L2A3G0__Cas9,0.9469064558353774,0.029022962491281584
UniRef100_A0A6L2A3G0__Cas9-400m,0.0758523510397594,0.04893630850792082
UniRef100_A0A5Z5AC84__Cas9,0.8811934157216165,0.06350613994140822
UniRef100_A0A5Z5AC84__Cas9-394m,0.07601875371590035,0.022649218330649475
UniRef100_A0A5T0SBU3__Cas9,0.4878754882838227,0.08757345878743353
UniRef100_A0A5T0SBU3__Cas9-391m,0.4468445937332494,0.08813073760503154
UniRef100_A0A400RT33__Cas9,0.9348768186118679,0.0435487723744776
UniRef100_A0A400RT33__Cas9-395m,0.2332485881020409,0.05898656186854035
UniRef100_L9PS87__Cas9,0.9695190281906216,0.006188659978663294
UniRef100_L9PS87__Cas9-552m,0.013611740824189944,0.003291712750016746
UniRef100_A0A125S8K7__Cas9,0.8627910198911986,0.08724336229208916
UniRef100_A0A125S8K7__Cas9-521m,0.07332414467064932,0.04873161955852006
UniRef100_A0A3T2CPT3__Cas9,0.9849084525944403,0.004933303918364056
UniRef100_A0A3T2CPT3__Cas9-534m,0.03194369729903072,0.0031465436266559163
UniRef100_A0A693BH07__Cas9,0.9331619884049239,0.04439284587156757
UniRef100_A0A693BH07__Cas9-394m,0.07307225553688007,0.026404522287853026
UniRef100_A0A690VDT6__Cas9,0.8938971016549259,0.05853444471956801
UniRef100_A0A690VDT6__Cas9-394m,0.07865264813015088,0.025924378364879694
UniRef100_A0A6C7TG94__Cas9,0.9372078442033421,0.04142511571798317
UniRef100_A0A6C7TG94__Cas9-394m,0.057268457797635786,0.019493640288015215
UniRef100_A0A412G1V1__Cas9,0.8711389773588891,0.06775140772383595
UniRef100_A0A412G1V1__Cas9-604m,0.09673637704495916,0.033555913984684035
UniRef100_A0A3X8S912__Cas9,0.8805618352513405,0.056629862537975334
UniRef100_A0A3X8S912__Cas9-395m,0.09141125920577883,0.021284855087069943
UniRef100_A0A696KHU2__Cas9,0.8962417883233883,0.054044061762679355
UniRef100_A0A696KHU2__Cas9-395m,0.10292963681296534,0.02273151783084146
UniRef100_A0A7Z9AWJ0__Cas9,0.9554955692016716,0.03128317417356941
UniRef100_A0A7Z9AWJ0__Cas9-535m,0.03265273607948189,0.0073412404462577865
UniRef100_A0A5C6L8R5__Cas9,0.9615644855172208,0.00569059792522665
UniRef100_A0A5C6L8R5__Cas9-575m,0.022436531598707368,0.005459290277355012
UniRef100_A0A3R7W0W7__Cas9,0.9727746398855552,0.0038099925772054695
UniRef100_A0A3R7W0W7__Cas9-552m,0.01501914677781262,0.0031288550993814578
UniRef100_A0A5Z1R8N9__Cas9,0.963957577974633,0.0035250614415354106
UniRef100_A0A5Z1R8N9__Cas9-386m,0.1726672235973848,0.08882933662262509
UniRef100_A0A412KEY2__Cas9,0.43887002211793175,0.12536001825650578
UniRef100_A0A412KEY2__Cas9-461m,0.033708195980263686,0.0031087817717311158
UniRef100_A0A4Z0FEA5__Cas9,0.9166843632115258,0.0512543123729189
UniRef100_A0A4Z0FEA5__Cas9-584m,0.1312501057390977,0.026823999601656254
UniRef100_A0A6B2FV80__Cas9,0.9083788801966826,0.03186967313295509
UniRef100_A0A6B2FV80__Cas9-555m,0.23430580387059835,0.10020933078787829
UniRef100_A0A7Z0VGX1__Cas9,0.9960559969585617,0.0007890172362681978
UniRef100_A0A7Z0VGX1__Cas9-548m,0.04307532722609056,0.006149279810996268
UniRef100_A0A5Y9CKA2__Cas9,0.9318578069079372,0.046829215000324914
UniRef100_A0A5Y9CKA2__Cas9-394m,0.05682173955908441,0.018992809151152885
UniRef100_A0A5T0Y769__Cas9,0.9680923807181772,0.004899090970564892
UniRef100_A0A5T0Y769__Cas9-391m,0.6531894213701372,0.04483778227489418
UniRef100_A0A3X9C3P8__Cas9,0.9025476020643917,0.05425878964723649
UniRef100_A0A3X9C3P8__Cas9-394m,0.09978521758241796,0.02984435952917454
UniRef100_A0A1C5TF27__Cas9,0.7320209169045336,0.05904986445508485
UniRef100_A0A1C5TF27__Cas9-533m,0.013099995747056017,0.002457920450340714
UniRef100_A0A1C5U497__Cas9,0.6231309927353823,0.07406156864074695
UniRef100_A0A1C5U497__Cas9-549m,0.23756961038509972,0.057771170953313876
UniRef100_A0A400PWM6__Cas9,0.9376484932036883,0.04291372198614318
UniRef100_A0A400PWM6__Cas9-394m,0.06918964438441465,0.02467680621724343
UniRef100_A0A640XIQ4__Cas9,0.05487934897092621,0.010840853003471042
UniRef100_A0A640XIQ4__Cas9-532m,0.238156110280014,0.05005854762884439
UniRef100_A0A693W2I8__Cas9,0.9354813773624471,0.043973186691686136
UniRef100_A0A693W2I8__Cas9-395m,0.1310465278277377,0.03753082637147103
UniRef100_A0A823PLU9__Cas9,0.938234119672798,0.04058422814155047
UniRef100_A0A823PLU9__Cas9-394m,0.05614050477854501,0.01876875016111311
UniRef100_A0A5T1E6M7__Cas9,0.8616072278427204,0.07594452345201848
UniRef100_A0A5T1E6M7__Cas9-394m,0.08002641205124353,0.023701265744677853
UniRef100_A0A639UYU4__Cas9,0.8892323871557677,0.05937036870564145
UniRef100_A0A639UYU4__Cas9-394m,0.1208087851419681,0.03587297590120541
UniRef100_A0A5T1W3K9__Cas9,0.9340357578820815,0.044852304055730985
UniRef100_A0A5T1W3K9__Cas9-394m,0.057859352854448945,0.01999600422236283
UniRef100_A0A8B1IQU0__Cas9,0.9655201217648136,0.009416417927086557
UniRef100_A0A8B1IQU0__Cas9-540m,0.039126318132230706,0.0070274671931524705
UniRef100_A0A380KDG6__Cas9,0.9693522055195318,0.0047646997183935285
UniRef100_A0A380KDG6__Cas9-549m,0.14204400037280662,0.12138396342589719
UniRef100_A0A430U4E2__Cas9,0.9387691894616956,0.03862902193192211
UniRef100_A0A430U4E2__Cas9-395m,0.169086174971607,0.039415094292149455
UniRef100_A0A6C7QEE3__Cas9,0.9278422366083383,0.04731977035904882
UniRef100_A0A6C7QEE3__Cas9-394m,0.05865847422994532,0.01808576226200642
UniRef100_A0A6V8GVH3__Cas9,0.9368544926335811,0.043509130734397265
UniRef100_A0A6V8GVH3__Cas9-394m,0.0672104017855997,0.02396272388713091
UniRef100_A0A5Y7DVR5__Cas9,0.9408668652892518,0.04204415892713716
UniRef100_A0A5Y7DVR5__Cas9-394m,0.07677750026361427,0.026258329388812677
UniRef100_A0A3X8LJN2__Cas9,0.9454471744827032,0.03948618284718141
UniRef100_A0A3X8LJN2__Cas9-394m,0.05133590951769198,0.0183360477017849
UniRef100_A0A3X8Y288__Cas9,0.8718249089471636,0.06042540695755854
UniRef100_A0A3X8Y288__Cas9-395m,0.11440818700982243,0.025095027305153613
UniRef100_A0A5T2BP52__Cas9,0.9356498223955925,0.0430826626035712
UniRef100_A0A5T2BP52__Cas9-395m,0.23564535076289123,0.05936936143908641
UniRef100_A0A5Y8ZIQ3__Cas9,0.9423096520122767,0.0376367033667609
UniRef100_A0A5Y8ZIQ3__Cas9-394m,0.06129688611691923,0.023968574511073266
UniRef100_A0A1J6PI62__Cas9,0.8967005065967248,0.06408605618815921
UniRef100_A0A1J6PI62__Cas9-395m,0.2004264710701426,0.05231285755173539
UniRef100_A0A1Q6J021__Cas9,0.9909645958027079,0.0019721960595761078
UniRef100_A0A1Q6J021__Cas9-604m,0.03778810315527304,0.00829473219658985
UniRef100_A0A6G3GAG0__Cas9,0.33156130126531924,0.09573594219109152
UniRef100_A0A6G3GAG0__Cas9-460m,0.040645409309279526,0.0032712859094457454
UniRef100_A0A825QW15__Cas9,0.9282744984385054,0.04776138598422307
UniRef100_A0A825QW15__Cas9-394m,0.059015654877118774,0.02073891531513975
UniRef100_A0A5T1ITA9__Cas9,0.9298355192977684,0.044016584824971006
UniRef100_A0A5T1ITA9__Cas9-394m,0.05993183482736447,0.02272385750256374
UniRef100_A0A5T0YMX6__Cas9,0.9383219447839484,0.039990262729613424
UniRef100_A0A5T0YMX6__Cas9-394m,0.08024205789894905,0.02676819200654718
UniRef100_A0A2R4CZW2__Cas9,0.9408313503530618,0.041568312752277
UniRef100_A0A2R4CZW2__Cas9-394m,0.061565390799658795,0.01988654880753865
UniRef100_A0A5T0NJT2__Cas9,0.9585537786328666,0.006187653208634749
UniRef100_A0A5T0NJT2__Cas9-386m,0.23317033036028495,0.09712498677481265
UniRef100_A0A5T1VCM2__Cas9,0.9396749950354473,0.04132700051242759
UniRef100_A0A5T1VCM2__Cas9-395m,0.24392393672884136,0.06256838134023943
UniRef100_A0A1W5ZFX1__Cas9,0.5007711223981776,0.06661251824537869
UniRef100_A0A1W5ZFX1__Cas9-456m,0.11450046015188593,0.02481778693793613
UniRef100_A0A3X9CS74__Cas9,0.8643770964678172,0.07026770187356518
UniRef100_A0A3X9CS74__Cas9-394m,0.09922761813149673,0.03143044164892318
UniRef100_A0A5Y4VLH1__Cas9,0.9068165642685109,0.0584398651341505
UniRef100_A0A5Y4VLH1__Cas9-394m,0.05802942139083143,0.02009882389225085
UniRef100_A0A5Y6PBJ2__Cas9,0.9610570407448822,0.005154177242902333
UniRef100_A0A5Y6PBJ2__Cas9-386m,0.13582546761101927,0.0648089601757616
UniRef100_A0A2I1TMU5__Cas9,0.6301223321648195,0.06436871336571118
UniRef100_A0A2I1TMU5__Cas9-451m,0.15273542759109268,0.04593065417702705
UniRef100_A0A5T1WS49__Cas9,0.9082546607030718,0.059454459148663354
UniRef100_A0A5T1WS49__Cas9-394m,0.053695286991948865,0.01642993389894061
UniRef100_A0A5T1DBW7__Cas9,0.933717812223437,0.04841678373860506
UniRef100_A0A5T1DBW7__Cas9-394m,0.06664862057944583,0.02493561338313107
UniRef100_A0A3R5XC31__Cas9,0.9683000776434951,0.01024154696179476
UniRef100_A0A3R5XC31__Cas9-608m,0.06568840976692686,0.06166848564405403
UniRef100_A0A7U9MFG2__Cas9,0.9974354921039922,0.0018928650064849604
UniRef100_A0A7U9MFG2__Cas9-550m,0.0342886401382493,0.005047872233519358
UniRef100_A0A5T1VZN7__Cas9,0.9000930829490692,0.05435378505092757
UniRef100_A0A5T1VZN7__Cas9-394m,0.07813401959603496,0.0254588762988965
UniRef100_A0A0C9Q7U6__Cas9,0.9198284774355143,0.015535856881918149
UniRef100_A0A0C9Q7U6__Cas9-546m,0.12222714555670625,0.028677743931953173
UniRef100_A0A5M6A8D8__Cas9,0.9896756614686298,0.002900580356236145
UniRef100_A0A5M6A8D8__Cas9-574m,0.017450419508903563,0.004114582921749186
UniRef100_U2DMI6__Cas9,0.9725708121252158,0.010313223193190463
UniRef100_U2DMI6__Cas9-612m,0.06536069692466534,0.01209507926549717
UniRef100_A0A1M5G4Q6__Cas9,0.8846575171568671,0.14995094022484806
UniRef100_A0A1M5G4Q6__Cas9-670m,0.028481258834215418,0.020027041678545108
UniRef100_A0A1H9L9V3__Cas9,0.9632087077647288,0.013433761044309888
UniRef100_A0A1H9L9V3__Cas9-452m,0.05549457840371268,0.01605443226757281
UniRef100_A0A369M4E2__Cas9,0.9507545996292915,0.01165255987456959
UniRef100_A0A369M4E2__Cas9-549m,0.042441188213491236,0.007861684314539014
UniRef100_A0A3P1VI90__Cas9,0.9894604029633817,0.005221215263321798
UniRef100_A0A3P1VI90__Cas9-449m,0.0335364034237693,0.016062945686010004
UniRef100_A0A139RFX7__Cas9,0.9699953913064728,0.005423440171873016
UniRef100_A0A139RFX7__Cas9-452m,0.8679188731145597,0.04220203261876132
UniRef100_R6V444__Cas9,0.971082563551836,0.006707597099162617
UniRef100_R6V444__Cas9-611m,0.08423959595555285,0.07462926848947465
UniRef100_E5WV33__Cas9,0.9741502261666746,0.004136468070468265
UniRef100_E5WV33__Cas9-604m,0.028648532220939826,0.011677953928044509
UniRef100_D6LEV9__Cas9,0.8988534188043331,0.02439652833681732
UniRef100_D6LEV9__Cas9-547m,0.20631130615943033,0.11378427453031627
UniRef100_A0A6G8HXY2__Cas9,0.9530229803254201,0.02399826526613598
UniRef100_A0A6G8HXY2__Cas9-452m,0.07988762389469804,0.02452932284758251
UniRef100_A0A7X4C7L9__Cas9,0.9673435192106987,0.008485233999371995
UniRef100_A0A7X4C7L9__Cas9-437m,0.09151571820446894,0.056219063571858
UniRef100_A0A346MQP0__Cas9,0.9460192860169425,0.032276026483962945
UniRef100_A0A346MQP0__Cas9-550m,0.045521322779098095,0.010798159295143234
UniRef100_A0A7U7VV97__Cas9,0.9630462095272657,0.02215782040478165
UniRef100_A0A7U7VV97__Cas9-400m,0.04592006639568652,0.03363599502007946
UniRef100_A0A3R9KNY9__Cas9,0.9609628670633107,0.013621271900054112
UniRef100_A0A3R9KNY9__Cas9-450m,0.14522069181395303,0.043360900787664386
UniRef100_R5WWQ0__Cas9,0.940832958168803,0.01179400182626987
UniRef100_R5WWQ0__Cas9-547m,0.08362259992093024,0.08691489670182728
UniRef100_A0A3D9B4V7__Cas9,0.9345691300553292,0.011189611277950283
UniRef100_A0A3D9B4V7__Cas9-572m,0.1158512499531538,0.022356650558334284
UniRef100_A0A543KVX4__Cas9,0.9479166873794119,0.037767822525319836
UniRef100_A0A543KVX4__Cas9-418m,0.06374470937941147,0.023486457335655193
UniRef100_A0A1H8C6J4__Cas9,0.9874771426735487,0.005308357138698825
UniRef100_A0A1H8C6J4__Cas9-558m,0.01772239665355505,0.0064868813055139205
UniRef100_A0A7H8Z7P5__Cas9,0.9836637996291586,0.007825039281482211
UniRef100_A0A7H8Z7P5__Cas9-450m,0.19846806981272122,0.15880469996604435
UniRef100_Q5M542__Cas9,0.9373517164391858,0.02547076320238212
UniRef100_Q5M542__Cas9-449m,0.08768117447550573,0.02005813931987327
UniRef100_A0A134B2X0__Cas9,0.9796094295576323,0.017877359823369937
UniRef100_A0A134B2X0__Cas9-595m,0.03265828095738759,0.010060913867285783
UniRef100_A0A2S0LB69__Cas9,0.9452185725205965,0.007997856382364948
UniRef100_A0A2S0LB69__Cas9-583m,0.009777851507538569,0.0030872410497991714
UniRef100_A0A553LQJ1__Cas9,0.9945289172610566,0.0016555890964360736
UniRef100_A0A553LQJ1__Cas9-435m,0.008619609663506429,0.002832799233129799
UniRef100_A0A496BKX0__Cas9,0.971053688673079,0.009323931723219435
UniRef100_A0A496BKX0__Cas9-608m,0.06917439714025661,0.06374355505028438
UniRef100_A0A367UKE3__Cas9,0.7545998882902097,0.12566007923761122
UniRef100_A0A367UKE3__Cas9-430m,0.028442594284293465,0.004543404109970194
UniRef100_A0A377JJN5__Cas9,0.9542570477783812,0.027952239568275968
UniRef100_A0A377JJN5__Cas9-422m,0.08440414625836028,0.03317676941835929
UniRef100_A0A418W0A6__Cas9,0.9647387459973487,0.009426155464760817
UniRef100_A0A418W0A6__Cas9-426m,0.05405051006469337,0.017270389466708905
UniRef100_A0A7K3KDI5__Cas9,0.9691315287754116,0.020421614215074733
UniRef100_A0A7K3KDI5__Cas9-602m,0.04523057368844698,0.03173281827100323
UniRef100_A0A2T4KGD5__Cas9,0.9519126830853354,0.027105386527767613
UniRef100_A0A2T4KGD5__Cas9-421m,0.041482180856410394,0.0017868837777223227
UniRef100_A0A3M0LVR1__Cas9,0.936092479360946,0.04289665339769434
UniRef100_A0A3M0LVR1__Cas9-559m,0.04862678840191666,0.02237097404387871
UniRef100_E0Q490__Cas9,0.9635575193034713,0.015965007001520762
UniRef100_E0Q490__Cas9-568m,0.07874842081679757,0.012401092724929971
UniRef100_A0A5Q3TM58__Cas9,0.6250152662756328,0.07432402687120428
UniRef100_A0A5Q3TM58__Cas9-509m,0.03470130394854443,0.008504578357915106
UniRef100_M2CIC2__Cas9,0.9022636934552839,0.07936591153965256
UniRef100_M2CIC2__Cas9-558m,0.271657778728059,0.11917658944561765
UniRef100_A0A5N0YUW7__Cas9,0.9823675201825651,0.002994454371093497
UniRef100_A0A5N0YUW7__Cas9-535m,0.02071775120900419,0.0037907518601140067
UniRef100_A0A377L6V6__Cas9,0.14362685469388664,0.04011987373625943
UniRef100_A0A377L6V6__Cas9-432m,0.7138759645255925,0.04404381173956118
UniRef100_A0A562K2P5__Cas9,0.9926052699704533,0.001583209202854109
UniRef100_A0A562K2P5__Cas9-428m,0.02181450826036071,0.005546789071357706
UniRef100_A0A610JKF6__Cas9,0.9165669696545506,0.05454319485244183
UniRef100_A0A610JKF6__Cas9-395m,0.1471681470102793,0.03793149119462946
UniRef100_A0A3M0P5H4__Cas9,0.9699821420440251,0.012972697450658705
UniRef100_A0A3M0P5H4__Cas9-557m,0.138262579286057,0.029737662312557017
UniRef100_A0A5Q2S6G8__Cas9,0.9688565000532016,0.00398773713214565
UniRef100_A0A5Q2S6G8__Cas9-546m,0.178467966000852,0.08260738662254452
UniRef100_A0A829X528__Cas9,0.9676217196296877,0.003428129416974784
UniRef100_A0A829X528__Cas9-548m,0.10061828213762987,0.07836543706293797
UniRef100_A0A6M6IHJ7__Cas9,0.9771449554486923,0.01454604441232404
UniRef100_A0A6M6IHJ7__Cas9-449m,0.09313214323855015,0.046796395258150505
UniRef100_A0A695ZC83__Cas9,0.9016285107764809,0.05747623106773562
UniRef100_A0A695ZC83__Cas9-395m,0.18002435189444685,0.04531283306523568
UniRef100_A0A5Q2S4F8__Cas9,0.9678644212837669,0.004765372823712219
UniRef100_A0A5Q2S4F8__Cas9-549m,0.15471828418085254,0.12437500398492139
UniRef100_A0A5C4P760__Cas9,0.5429055113518418,0.05766646508632733
UniRef100_A0A5C4P760__Cas9-452m,0.04494075600758786,0.014054266858433494
UniRef100_A0A7U7UPK6__Cas9,0.9727800440925458,0.0032436560201073356
UniRef100_A0A7U7UPK6__Cas9-386m,0.18475120446624915,0.08882612292236855
UniRef100_A0A5Q2S8X8__Cas9,0.9710465122874267,0.006143356357261188
UniRef100_A0A5Q2S8X8__Cas9-547m,0.04723937286741124,0.024687595172621188
UniRef100_A0A7U7XKQ9__Cas9,0.9385847481577294,0.04269397643029411
UniRef100_A0A7U7XKQ9__Cas9-394m,0.05995546684853882,0.020439770921614194
UniRef100_A0A693DVL6__Cas9,0.9586328716791158,0.00580836628791071
UniRef100_A0A693DVL6__Cas9-386m,0.1957214311078937,0.08734547027424443
UniRef100_R9I6A5__Cas9,0.9656833374700511,0.022469138467523554
UniRef100_R9I6A5__Cas9-602m,0.04426024709181963,0.03213493139448216
UniRef100_A0A250ENI5__Cas9,0.9903180872429853,0.002919201115275653
UniRef100_A0A250ENI5__Cas9-572m,0.009969751342999881,0.0026732783893194715
UniRef100_A0A6A8M2X5__Cas9,0.9745355249681614,0.0040936016174717
UniRef100_A0A6A8M2X5__Cas9-561m,0.15928088599245804,0.08865108021705925
UniRef100_E9DN79__Cas9,0.6239320257883232,0.06737248726280387
UniRef100_E9DN79__Cas9-456m,0.10989643157833522,0.024655888367062173
UniRef100_A0A4S2QB06__Cas9,0.9351111815722029,0.03463974825515386
UniRef100_A0A4S2QB06__Cas9-422m,0.024350001070192508,0.006292213827707775
UniRef100_A0A5P3I6W6__Cas9,0.9320356183665192,0.017649711115279756
UniRef100_A0A5P3I6W6__Cas9-506m,0.5167681438609522,0.09267653155879603
UniRef100_A0A369Z1C7__Cas9,0.8035023682687255,0.07549944682917106
UniRef100_A0A369Z1C7__Cas9-423m,0.022654525084586475,0.006193552936939879
UniRef100_A0A7U7YXZ2__Cas9,0.9185236703334153,0.04998421936070408
UniRef100_A0A7U7YXZ2__Cas9-394m,0.09164043597905684,0.03064006486017007
UniRef100_A0A1T5BAU6__Cas9,0.992821163290205,0.0014345013989372712
UniRef100_A0A1T5BAU6__Cas9-608m,0.11293765268071917,0.025273282231716147
UniRef100_A0A654MME4__Cas9,0.9400764544812331,0.041575599758782986
UniRef100_A0A654MME4__Cas9-395m,0.2058168626434255,0.05409732367117537
UniRef100_A0A823S3V8__Cas9,0.9517485185972859,0.03273739351396183
UniRef100_A0A823S3V8__Cas9-395m,0.17703945565830143,0.04763691194915099
UniRef100_A0A420ZW23__Cas9,0.899510956914787,0.02866918340612791
UniRef100_A0A420ZW23__Cas9-414m,0.10755213661179899,0.016473585718177728
UniRef100_A0A694VCX7__Cas9,0.9552105989734473,0.005656191098360345
UniRef100_A0A694VCX7__Cas9-386m,0.22920288430248914,0.0917121274287562
UniRef100_A0A7U8BBQ0__Cas9,0.9661387078431941,0.003705200341152387
UniRef100_A0A7U8BBQ0__Cas9-386m,0.20620462720151905,0.09043013214735478
UniRef100_A0A4V3RU03__Cas9,0.9670857861333602,0.02206521944792751
UniRef100_A0A4V3RU03__Cas9-602m,0.04604687045392846,0.03307580705453916
UniRef100_A0A367C9N0__Cas9,0.9748213711746632,0.0035521286133772573
UniRef100_A0A367C9N0__Cas9-534m,0.01669693929646851,0.004929203810368355
UniRef100_A0A7U9M7C9__Cas9,0.7459999428545246,0.03883178755030096
UniRef100_A0A7U9M7C9__Cas9-532m,0.1746700279901556,0.026074855550730965
UniRef100_A0A416ZHF4__Cas9,0.6794763153778693,0.10576566566529196
UniRef100_A0A416ZHF4__Cas9-550m,0.3642727967236747,0.03915904744991434
UniRef100_A0A3D0CNW0__Cas9,0.9618985970294748,0.0076307697149245474
UniRef100_A0A3D0CNW0__Cas9-547m,0.1637873564151459,0.05103574533544109
UniRef100_A0A3D8ZCQ0__Cas9,0.9723835764958864,0.0021477440972028417
UniRef100_A0A3D8ZCQ0__Cas9-534m,0.05388248090588653,0.032500015936795815
UniRef100_A0A3E4Q6Q0__Cas9,0.9811905769505465,0.003565196579219438
UniRef100_A0A3E4Q6Q0__Cas9-604m,0.05697189207998832,0.007683776938039912
UniRef100_A0A6I2UCL7__Cas9,0.9252301260956362,0.03263574114067254
UniRef100_A0A6I2UCL7__Cas9-434m,0.04275229301659909,0.022790997896105645
UniRef100_A0A0C9PBG0__Cas9,0.017662884924137538,0.004157126212694546
UniRef100_A0A0C9PBG0__Cas9-522m,0.09230311636889856,0.021309203100959937
UniRef100_A0A1Q6FLZ7__Cas9,0.969747862646922,0.009630448509929848
UniRef100_A0A1Q6FLZ7__Cas9-608m,0.06424107926975683,0.05966706667849021
UniRef100_A0A3D5PHV7__Cas9,0.9746493150507046,0.006219660523196251
UniRef100_A0A3D5PHV7__Cas9-541m,0.025547796674238944,0.008693740577296577
UniRef100_A0A0D8IYR9__Cas9,0.940363673422884,0.031003817541278258
UniRef100_A0A0D8IYR9__Cas9-434m,0.07045709610412024,0.033060587282479584
UniRef100_A0A5S9UY33__Cas9,0.9750362674610484,0.0021885134231404697
UniRef100_A0A5S9UY33__Cas9-454m,0.03408212736262804,0.004530748302374381
UniRef100_A0A377PZ75__Cas9,0.9549705239119639,0.005149883493627755
UniRef100_A0A377PZ75__Cas9-414m,0.037905885849133084,0.006786813651387689
UniRef100_UPI0013F60FDB__Cas9,0.1617334133576928,0.020654480140134258
UniRef100_UPI0013F60FDB__Cas9-569m,0.037796813376850785,0.009401439210347773
UniRef100_UPI0013F62B32__Cas9,0.1320760846706441,0.01802229916009967
UniRef100_UPI0013F62B32__Cas9-569m,0.07486809870580946,0.0161782168682203
UniRef100_A0A2T4MN97__Cas9,0.5968257980564639,0.08774686594142743
UniRef100_A0A2T4MN97__Cas9-354m,0.12936287836400368,0.024780661990245163
UniRef100_A0A1C0W3U5__Cas9,0.9513800102422809,0.009353789396735661
UniRef100_A0A1C0W3U5__Cas9-414m,0.011012115198965295,0.002702622958733999
UniRef100_UPI0019047671__Cas9,0.749718068100652,0.06580555461541347
UniRef100_UPI0019047671__Cas9-659m,0.3695922741521248,0.045288754050751986
UniRef100_A0A1V9QLR1__Cas9,0.9467741752160668,0.01502686893313636
UniRef100_A0A1V9QLR1__Cas9-536m,0.021811126484776316,0.001884650523285199
UniRef100_A0A151A3A4__Cas9,0.5544933571088027,0.08189985148248025
UniRef100_A0A151A3A4__Cas9-422m,0.025846968443172517,0.009600756350657871
UniRef100_F0FD37__Cas9,0.9398205141632661,0.013869234335590268
UniRef100_F0FD37__Cas9-548m,0.00850647196758729,0.0020953518086287534
UniRef100_A0A2T4PZB1__Cas9,0.9693734267165756,0.020385559201278023
UniRef100_A0A2T4PZB1__Cas9-422m,0.051464895450063976,0.019778203626575643
UniRef100_A0A2M8TN96__Cas9,0.9639773135178297,0.006634489429510737
UniRef100_A0A2M8TN96__Cas9-552m,0.021082949392395835,0.004348428656544656
UniRef100_A0A6N7V3M8__Cas9,0.7932571310978225,0.0711600308569548
UniRef100_A0A6N7V3M8__Cas9-403m,0.06380733237576597,0.013134324382592037
UniRef100_A0A2J8BBT1__Cas9,0.6198825453120024,0.07835989583447746
UniRef100_A0A2J8BBT1__Cas9-541m,0.5684433294238861,0.0538025931884003
UniRef100_A0A5M5X193__Cas9,0.9617369181630933,0.005833369987503589
UniRef100_A0A5M5X193__Cas9-575m,0.024076660850347698,0.005880999358944859
UniRef100_A0A328K775__Cas9,0.9725694384239849,0.007319479723106565
UniRef100_A0A328K775__Cas9-533m,0.04495181410313196,0.01917955833450677
UniRef100_A0A2D3NBQ5__Cas9,0.9676162670118682,0.006508913627049156
UniRef100_A0A2D3NBQ5__Cas9-552m,0.03592800738814156,0.00678998340983971
UniRef100_A0A2D3LIX5__Cas9,0.9600672346903693,0.006345682939600451
UniRef100_A0A2D3LIX5__Cas9-552m,0.025036506902520166,0.00476506572793787
UniRef100_A0A2G8IAT9__Cas9,0.9589484144336309,0.006837037349728423
UniRef100_A0A2G8IAT9__Cas9-552m,0.016314069265318185,0.003328038489069385
UniRef100_A0A7Y9B1V0__Cas9,0.946329518176578,0.03342174426320351
UniRef100_A0A7Y9B1V0__Cas9-571m,0.05977673609611549,0.04034788498319805
UniRef100_A0A2G9IGK4__Cas9,0.9659951633601682,0.004440557444352479
UniRef100_A0A2G9IGK4__Cas9-552m,0.021075914125354048,0.0044645293837975225
UniRef100_A0A5C6JFZ5__Cas9,0.9631718380945504,0.0054912160859029065
UniRef100_A0A5C6JFZ5__Cas9-575m,0.026623875820496558,0.006704423288513267
UniRef100_A0A2A6EP65__Cas9,0.9603424392383406,0.005452219364327723
UniRef100_A0A2A6EP65__Cas9-552m,0.025985714960290514,0.004686534743568102
UniRef100_A0A2A4HAP5__Cas9,0.958195284886407,0.0035052011832216526
UniRef100_A0A2A4HAP5__Cas9-534m,0.08529747259896571,0.03357389820996489
UniRef100_A0A2M8TWD6__Cas9,0.9599975605664417,0.007323510870718867
UniRef100_A0A2M8TWD6__Cas9-552m,0.03398183219968377,0.00759991022887096
UniRef100_A0A2X2UV58__Cas9,0.933682854006973,0.01395433253650504
UniRef100_A0A2X2UV58__Cas9-580m,0.06925753636744882,0.0401437120603157
UniRef100_A8AY02__Cas9,0.9503794745772496,0.022289804995714643
UniRef100_A8AY02__Cas9-455m,0.11380814494637122,0.02516300584999197
UniRef100_A0A448K7T0__Cas9,0.9808021927467342,0.0035421446187714942
UniRef100_A0A448K7T0__Cas9-423m,0.07695775775891722,0.021420143177039365
UniRef100_A0A412XVI5__Cas9,0.9893449035368512,0.0015779457420907676
UniRef100_A0A412XVI5__Cas9-575m,0.019731566385090004,0.005728021712781857
UniRef100_A0A2D3M501__Cas9,0.9636573902522434,0.006130413230707547
UniRef100_A0A2D3M501__Cas9-552m,0.011433641141050513,0.0026447122692776683
UniRef100_A0A2X2RBS4__Cas9,0.9451296661020046,0.031654298616975836
UniRef100_A0A2X2RBS4__Cas9-571m,0.06098851086588534,0.03892423749925552
UniRef100_A0A243MDI9__Cas9,0.9738696349358034,0.005421119219221452
UniRef100_A0A243MDI9__Cas9-428m,0.03282604867372702,0.01154513505056864
UniRef100_A0A0A2F4C3__Cas9,0.9578755822650553,0.0314831443348138
UniRef100_A0A0A2F4C3__Cas9-572m,0.09335569757869948,0.01304499853952288
UniRef100_A0A509DBS2__Cas9,0.970923126765648,0.004275126137780071
UniRef100_A0A509DBS2__Cas9-549m,0.1576193272512699,0.1276489212278064
UniRef100_A0A3R6HER5__Cas9,0.9404273079863303,0.015759334468964332
UniRef100_A0A3R6HER5__Cas9-484m,0.0970681181199362,0.030029803130564504
UniRef100_A0A418G6P6__Cas9,0.9873824443537474,0.0016905813178528949
UniRef100_A0A418G6P6__Cas9-555m,0.13930156430629465,0.03192326001230972
UniRef100_R6TGN6__Cas9,0.8448461928229325,0.06801957578624843
UniRef100_R6TGN6__Cas9-545m,0.054212340981144726,0.03283772638989123
UniRef100_A0A328KW99__Cas9,0.9720775023747027,0.007622438912895762
UniRef100_A0A328KW99__Cas9-533m,0.04106802275694273,0.018067252362359662
UniRef100_A0A3E4XG58__Cas9,0.976209488477582,0.004208359636312987
UniRef100_A0A3E4XG58__Cas9-604m,0.05482475637873352,0.007205393275555829
UniRef100_A0A4U9ZD76__Cas9,0.9940991430449259,0.0013160539468533735
UniRef100_A0A4U9ZD76__Cas9-538m,0.02749681645576548,0.004143578442783089
UniRef100_A0A2Z3HJ74__Cas9,0.9696085999472726,0.005264583623367033
UniRef100_A0A2Z3HJ74__Cas9-558m,0.01849102628763876,0.005155645262074645
UniRef100_A0A1F0DMA4__Cas9,0.8081122505983112,0.07249223293650199
UniRef100_A0A1F0DMA4__Cas9-433m,0.027920478218630012,0.00830556007546062
UniRef100_A0A3D5CX64__Cas9,0.9571166666579545,0.03029028200289981
UniRef100_A0A3D5CX64__Cas9-535m,0.030725834262900938,0.00732054069804733
UniRef100_A0A4U2N415__Cas9,0.9434267624387674,0.010791818476131993
UniRef100_A0A4U2N415__Cas9-428m,0.05742185750186722,0.024815875316332146
UniRef100_A0A3R6WLA1__Cas9,0.55538018293593,0.1123364544521356
UniRef100_A0A3R6WLA1__Cas9-440m,0.08366388158384162,0.04617414026124381
UniRef100_A0A1S1DIH5__Cas9,0.893731213387218,0.037901997848174065
UniRef100_A0A1S1DIH5__Cas9-454m,0.35094022502753963,0.05613372370423735
UniRef100_A0A173UVP4__Cas9,0.9883882709285114,0.003058157477027703
UniRef100_A0A173UVP4__Cas9-536m,0.022220106895148358,0.007368239376291452
UniRef100_A0A696NCR2__Cas9,0.907707431687896,0.053137163945372996
UniRef100_A0A696NCR2__Cas9-394m,0.1037407074605523,0.030555068747959786
UniRef100_A0A7I9M921__Cas9,0.9638635046754193,0.005703668846725557
UniRef100_A0A7I9M921__Cas9-386m,0.1749031846354373,0.08576781400972366
UniRef100_A0A5D3EFX9__Cas9,0.9639574338467352,0.03011315364054361
UniRef100_A0A5D3EFX9__Cas9-612m,0.07126285661877478,0.061116193793303436
UniRef100_A0A372WRV1__Cas9,0.9355826418474763,0.030032036419941815
UniRef100_A0A372WRV1__Cas9-434m,0.07029031724071241,0.035346223917864544
UniRef100_A0A6N9JZL7__Cas9,0.5806948184799365,0.08030026890905993
UniRef100_A0A6N9JZL7__Cas9-549m,0.28646923855984696,0.06565874845269272
UniRef100_A0A381CRM8__Cas9,0.9440014918223906,0.03841588587967982
UniRef100_A0A381CRM8__Cas9-394m,0.055635317474450184,0.017130062496156864
UniRef100_A0A430VB21__Cas9,0.9432144678273218,0.035344450489383124
UniRef100_A0A430VB21__Cas9-395m,0.15915599176954223,0.03659123968122821
UniRef100_A0A2U0QMG7__Cas9,0.9564523344766108,0.004999908082107885
UniRef100_A0A2U0QMG7__Cas9-386m,0.24618710119083045,0.10233317547218879
UniRef100_A0A1F0HBZ7__Cas9,0.8641158390011343,0.08338512723843255
UniRef100_A0A1F0HBZ7__Cas9-433m,0.6013479200897962,0.06173299221580051
UniRef100_A0A1Y3ZBY1__Cas9,0.965733771230029,0.007043355177965332
UniRef100_A0A1Y3ZBY1__Cas9-572m,0.18073934415098358,0.03435586961020036
UniRef100_A0A5C4YBX1__Cas9,0.939526266145814,0.007517938265559185
UniRef100_A0A5C4YBX1__Cas9-386m,0.23060670310597092,0.09206013844892906
UniRef100_A0A414T266__Cas9,0.9313063771688672,0.0537386998509962
UniRef100_A0A414T266__Cas9-553m,0.06842184895835882,0.04868602421631197
UniRef100_A0A6L8RYH3__Cas9,0.49602322560205503,0.07729553583714253
UniRef100_A0A6L8RYH3__Cas9-536m,0.44660101693109777,0.051193456959520926
UniRef100_A0A4Y9GBC9__Cas9,0.9782944862273842,0.0016507293289674291
UniRef100_A0A4Y9GBC9__Cas9-427m,0.2267921820675054,0.11689270797385226
UniRef100_A0A6V6Z0W6__Cas9,0.9486013752349212,0.00787934976179123
UniRef100_A0A6V6Z0W6__Cas9-610m,0.2302828161006286,0.023473186652412163
UniRef100_A0A6N9EJD4__Cas9,0.9687274661031301,0.012002565430304802
UniRef100_A0A6N9EJD4__Cas9-434m,0.005597071721659077,0.0008263359591947391
UniRef100_A0A7X0X8I8__Cas9,0.9873038450422162,0.0034980151270325483
UniRef100_A0A7X0X8I8__Cas9-534m,0.01742498072808075,0.0020540520358036355
UniRef100_S2D876__Cas9,0.9574871162899259,0.0065600235240088145
UniRef100_S2D876__Cas9-542m,0.11049885576243464,0.02742528975958303
UniRef100_J0WLS6__Cas9,0.9419595224595513,0.04345803941350138
UniRef100_J0WLS6__Cas9-571m,0.05038020738686709,0.03353848638259643
UniRef100_R7G6K2__Cas9,0.7549386129306705,0.04908136608450694
UniRef100_R7G6K2__Cas9-437m,0.6149302978817767,0.05218860840757303
UniRef100_A0A366UCT0__Cas9,0.9575663909113127,0.030550998712599822
UniRef100_A0A366UCT0__Cas9-535m,0.027783161252836818,0.006294126288590102
UniRef100_A0A3D5LKY5__Cas9,0.7619862110592498,0.13062307327416478
UniRef100_A0A3D5LKY5__Cas9-538m,0.06341156584925542,0.05496504945467523
UniRef100_A0A690ANS8__Cas9,0.855990621664086,0.05680970026454258
UniRef100_A0A690ANS8__Cas9-395m,0.11371067117923953,0.02508710101257577
UniRef100_R5FTM9__Cas9,0.7215709148396094,0.1060067703338909
UniRef100_R5FTM9__Cas9-604m,0.24833591758404377,0.04603352366803977
UniRef100_A0A5T0P9Z4__Cas9,0.9198960439153596,0.04944020355009622
UniRef100_A0A5T0P9Z4__Cas9-394m,0.10705572308340086,0.035130238253163346
UniRef100_A0A7D7GMQ0__Cas9,0.8101794415219032,0.08192997336691063
UniRef100_A0A7D7GMQ0__Cas9-540m,0.24538502595307676,0.09089599751435709
UniRef100_A0A2U0UFR7__Cas9,0.9063026247946981,0.0209635318683417
UniRef100_A0A2U0UFR7__Cas9-595m,0.07842777245582258,0.02218988787148657
UniRef100_A0A7X8C2E1__Cas9,0.40473385598964684,0.10632803991060918
UniRef100_A0A7X8C2E1__Cas9-456m,0.8449036777037893,0.06360443537177382
UniRef100_A0A1S1FE71__Cas9,0.9619010265555801,0.013397504520694936
UniRef100_A0A1S1FE71__Cas9-450m,0.1629390523082479,0.04342857949533579
UniRef100_A0A431C1E8__Cas9,0.8888820313780504,0.049110427446800574
UniRef100_A0A431C1E8__Cas9-395m,0.12701017899569594,0.026546826755481336
UniRef100_A0A690ZWN1__Cas9,0.9340109010668233,0.0443434017803971
UniRef100_A0A690ZWN1__Cas9-395m,0.24206998735645396,0.061023095336741336
UniRef100_A0A426RA83__Cas9,0.9328679218002085,0.017734613961689016
UniRef100_A0A426RA83__Cas9-515m,0.38963382920095196,0.09491197534768181
UniRef100_R0P7Y6__Cas9,0.9604148740599351,0.019897023949969714
UniRef100_R0P7Y6__Cas9-449m,0.045902099285283035,0.027087540637153892
UniRef100_A0A3X8TXU1__Cas9,0.9450619728868975,0.03818914189543331
UniRef100_A0A3X8TXU1__Cas9-395m,0.15974847211733773,0.04454408283710778
UniRef100_A0A6H6E990__Cas9,0.9213027919282603,0.04961544436208602
UniRef100_A0A6H6E990__Cas9-394m,0.0818413574658918,0.02654549684990859
UniRef100_A0A695HW82__Cas9,0.8900156401649815,0.05303146001590219
UniRef100_A0A695HW82__Cas9-396m,0.7669830641498814,0.04692862125401529
UniRef100_A0A3D5LGP9__Cas9,0.3799016236019717,0.11529400527207281
UniRef100_A0A3D5LGP9__Cas9-461m,0.03764236238679198,0.004184979484345078
UniRef100_A0A5T0PF67__Cas9,0.960860717929908,0.006509072314275473
UniRef100_A0A5T0PF67__Cas9-386m,0.1777972681133591,0.08494826756145198
UniRef100_A0A4Z1BDE9__Cas9,0.9042795397566465,0.011213048260874353
UniRef100_A0A4Z1BDE9__Cas9-424m,0.010192080037225382,0.0031780613713332548
UniRef100_A0A7K0GA18__Cas9,0.9528898112778073,0.05166968069440782
UniRef100_A0A7K0GA18__Cas9-550m,0.22204507990698824,0.11794979690847933
UniRef100_A0A7I9KXS2__Cas9,0.9435762684918318,0.039198921317001735
UniRef100_A0A7I9KXS2__Cas9-394m,0.06369684580759122,0.02103014035802991
UniRef100_A0A5C4YDH0__Cas9,0.8403766789317908,0.06083332695633955
UniRef100_A0A5C4YDH0__Cas9-395m,0.09570794764219766,0.020705230979673396
UniRef100_A0A823LVW7__Cas9,0.8908818791714392,0.05282087566562602
UniRef100_A0A823LVW7__Cas9-395m,0.13727063976136894,0.03172784543141508
UniRef100_A9M1K5__Cas9,0.9578393775800416,0.04045609747530086
UniRef100_A9M1K5__Cas9-433m,0.029520703112414604,0.005792973142475379
UniRef100_A0A6I4REG3__Cas9,0.9757994266038598,0.0038951664945330853
UniRef100_A0A6I4REG3__Cas9-549m,0.034759999044698606,0.005798604256474464
UniRef100_A0A1Q6G4F5__Cas9,0.9259132587458524,0.039026420603854195
UniRef100_A0A1Q6G4F5__Cas9-605m,0.22367853407170632,0.1245272490168906
UniRef100_A0A243AJP8__Cas9,0.9700431580357762,0.006456908832228723
UniRef100_A0A243AJP8__Cas9-428m,0.09053729802321896,0.0329155563317275
UniRef100_A0A2A2A9T5__Cas9,0.8768567706413396,0.038246727695655874
UniRef100_A0A2A2A9T5__Cas9-422m,0.10638944730232247,0.04338336416337239
UniRef100_A0A395UZ50__Cas9,0.8788794621238658,0.055159275502607436
UniRef100_A0A395UZ50__Cas9-545m,0.05936805322603038,0.04061076921842472
UniRef100_A0A1F1B9V9__Cas9,0.9379944495317784,0.0482542064451679
UniRef100_A0A1F1B9V9__Cas9-433m,0.022379380427656696,0.006384938377011973
UniRef100_A0A4V1QXZ0__Cas9,0.7126532946345387,0.0986161617159249
UniRef100_A0A4V1QXZ0__Cas9-535m,0.08577731318075522,0.056388227888742794
UniRef100_A0A414A1L7__Cas9,0.9593225396003298,0.029739962293425747
UniRef100_A0A414A1L7__Cas9-448m,0.19101387948510434,0.0399258130587194
UniRef100_A0A412Q7H4__Cas9,0.8766446845702985,0.05595205736046247
UniRef100_A0A412Q7H4__Cas9-545m,0.06435893057637652,0.044337889381719744
UniRef100_A0A396FQL1__Cas9,0.8446897684348891,0.06749954500617633
UniRef100_A0A396FQL1__Cas9-545m,0.05728561688220181,0.03825554353844798
UniRef100_A0A3D5LVE5__Cas9,0.8809554769988758,0.03149154245529875
UniRef100_A0A3D5LVE5__Cas9-570m,0.20607164309494225,0.02942073500537627
UniRef100_A0A3D6EBI4__Cas9,0.8024786780213627,0.07936834368109376
UniRef100_A0A3D6EBI4__Cas9-457m,0.060473697004073436,0.004857518263161498
UniRef100_A0A7C9HDC3__Cas9,0.9607286627767785,0.0025103518377915437
UniRef100_A0A7C9HDC3__Cas9-550m,0.02636339096011423,0.005977634624563673
UniRef100_A0A416UYK7__Cas9,0.7528729468688645,0.03324203214606
UniRef100_A0A416UYK7__Cas9-607m,0.09857584527107285,0.01796825848586175
UniRef100_A0A1Q6R559__Cas9,0.9414379898201897,0.017139527046002093
UniRef100_A0A1Q6R559__Cas9-434m,0.06661504806565534,0.01609460935729537
UniRef100_A0A7L4TPD1__Cas9,0.9752376547084417,0.00337454203648662
UniRef100_A0A7L4TPD1__Cas9-624m,0.030767275958060846,0.0063730653124163695
UniRef100_A0A1R1I348__Cas9,0.9540778677500275,0.014056032144305402
UniRef100_A0A1R1I348__Cas9-447m,0.07673064507597568,0.01705481880845977
UniRef100_A0A6M1KZL5__Cas9,0.9708298138235241,0.008134207180325453
UniRef100_A0A6M1KZL5__Cas9-540m,0.040043461353616694,0.006728299457161371
UniRef100_A0A134BD56__Cas9,0.8606920992724747,0.10200385344752413
UniRef100_A0A134BD56__Cas9-489m,0.0747639357833562,0.054079660785958814
UniRef100_A0A1N7HXF3__Cas9,0.9725945740767861,0.010279081025689071
UniRef100_A0A1N7HXF3__Cas9-564m,0.2947415583437435,0.1195586394516813
UniRef100_A0A415K3Z9__Cas9,0.9514168363951457,0.03361005088892753
UniRef100_A0A415K3Z9__Cas9-446m,0.12332457091989309,0.08033966516354263
UniRef100_A0A0R2HDR9__Cas9,0.9873655670419648,0.0023411931223439666
UniRef100_A0A0R2HDR9__Cas9-552m,0.5895453033262358,0.15044304560084107
UniRef100_A0A250EBH2__Cas9,0.9610283045468313,0.0106934561605352
UniRef100_A0A250EBH2__Cas9-572m,0.01677309049580763,0.004084329432231643
UniRef100_A0A413U2Y1__Cas9,0.8954054761128303,0.03365120046748574
UniRef100_A0A413U2Y1__Cas9-446m,0.4529716769798721,0.042749334735847334
UniRef100_A0A414HQE9__Cas9,0.9381433826731944,0.04408917307626544
UniRef100_A0A414HQE9__Cas9-449m,0.6650506053780083,0.07132485842132963
UniRef100_A0A250F2V3__Cas9,0.9634807162122205,0.028738089902625583
UniRef100_A0A250F2V3__Cas9-571m,0.058591163016642654,0.043199524391585455
UniRef100_A0A660A3R3__Cas9,0.9751234233293976,0.0033652409347054327
UniRef100_A0A660A3R3__Cas9-549m,0.15969529090706214,0.12294013021003428
UniRef100_A0A7G1J6S0__Cas9,0.9797581693259054,0.003098824135188397
UniRef100_A0A7G1J6S0__Cas9-548m,0.09634268438651375,0.03793189484404539
UniRef100_A0A1Q6K968__Cas9,0.5272111124685381,0.08452898684624646
UniRef100_A0A1Q6K968__Cas9-549m,0.24647606372619277,0.063024625101432
UniRef100_A0A2S9W9Q6__Cas9,0.977283551206806,0.005472005555765313
UniRef100_A0A2S9W9Q6__Cas9-545m,0.10789579421657972,0.025559377148335016
UniRef100_A0A2X3V3P8__Cas9,0.9664455832476839,0.0068470105105136025
UniRef100_A0A2X3V3P8__Cas9-556m,0.06851399678876179,0.016616895497764284
UniRef100_A0A239C9W9__Cas9,0.9893078034771368,0.002589760947921765
UniRef100_A0A239C9W9__Cas9-610m,0.028509084956284764,0.006890136270270954
UniRef100_A0A6B1J593__Cas9,0.9744777597337488,0.0035745707099956747
UniRef100_A0A6B1J593__Cas9-549m,0.15936748970052866,0.12288177616825542
UniRef100_A0A829ZF41__Cas9,0.9750022326478953,0.0037683809201126536
UniRef100_A0A829ZF41__Cas9-553m,0.044730445735110244,0.03524736250698623
UniRef100_A0A7U7CIH1__Cas9,0.9212334555073596,0.03098206711657154
UniRef100_A0A7U7CIH1__Cas9-449m,0.10385895421328983,0.024519848639932718
UniRef100_A0A3S5A9U9__Cas9,0.9513528681639818,0.006913895025523382
UniRef100_A0A3S5A9U9__Cas9-583m,0.040008217458966294,0.01041744836610682
UniRef100_A0A7H1DW46__Cas9,0.9816647341432956,0.00265419309408737
UniRef100_A0A7H1DW46__Cas9-576m,0.0428297239452914,0.029717368552625627
UniRef100_A0A1I6UWB8__Cas9,0.7059900635764399,0.039035206338081815
UniRef100_A0A1I6UWB8__Cas9-484m,0.2690542045092862,0.043500459537757094
UniRef100_D7IW96__Cas9,0.9728128758525176,0.003922553180326346
UniRef100_D7IW96__Cas9-570m,0.04607752995827517,0.02200861262366757
UniRef100_D2EJF1__Cas9,0.9777862482477918,0.0038294171271790337
UniRef100_D2EJF1__Cas9-492m,0.38925067123805224,0.05629518879497236
UniRef100_A0A7X2B2C7__Cas9,0.9071296307669169,0.016374165588724794
UniRef100_A0A7X2B2C7__Cas9-428m,0.07986798003452769,0.02746652498996803
UniRef100_A0A250DVH8__Cas9,0.9902508369075328,0.0031474178217375396
UniRef100_A0A250DVH8__Cas9-435m,0.010337247263536955,0.0031085866027933274
UniRef100_A0A7X1DES7__Cas9,0.9899562752391233,0.0036409263254070052
UniRef100_A0A7X1DES7__Cas9-534m,0.05063143654777593,0.005521137452678299
UniRef100_A0A2S9VU59__Cas9,0.9513569068594487,0.023222476970369266
UniRef100_A0A2S9VU59__Cas9-544m,0.022841613932104224,0.002736041684105234
UniRef100_A0A515ITR1__Cas9,0.9618069474518783,0.020402265358494324
UniRef100_A0A515ITR1__Cas9-604m,0.04969325215616222,0.019364794083592932
UniRef100_A0A7H0RKT0__Cas9,0.9757243543131683,0.0035489744300338058
UniRef100_A0A7H0RKT0__Cas9-549m,0.1674572615272281,0.1250858434524369
UniRef100_A0A6N3WP99__Cas9,0.9935339504114232,0.001873558032960195
UniRef100_A0A6N3WP99__Cas9-435m,0.008793981220526454,0.00200972856462634
UniRef100_A0A6C2W828__Cas9,0.9752112363208933,0.0036656091399867494
UniRef100_A0A6C2W828__Cas9-548m,0.09270482081043674,0.034704831884849734
UniRef100_A0A316SQN8__Cas9,0.9741296071744794,0.006732067067603875
UniRef100_A0A316SQN8__Cas9-541m,0.03170636111659746,0.010039742952187583
UniRef100_A0A250FIA9__Cas9,0.9599090071201163,0.029275432192544134
UniRef100_A0A250FIA9__Cas9-571m,0.060969385188343286,0.04368318691263734
UniRef100_A0A0Q9CTQ5__Cas9,0.851034536575231,0.08518772074666386
UniRef100_A0A0Q9CTQ5__Cas9-418m,0.20589689930355518,0.051198129047619924
UniRef100_A0A378XLB9__Cas9,0.83518532325295,0.0831430062654456
UniRef100_A0A378XLB9__Cas9-436m,0.026884380645934496,0.00718373064992304
UniRef100_A0A2A3N7Z4__Cas9,0.9497480262270918,0.03703677376366603
UniRef100_A0A2A3N7Z4__Cas9-571m,0.067115351792809,0.04737864587820768
UniRef100_A0A1G6G0J4__Cas9,0.9768709717675099,0.004341802403785573
UniRef100_A0A1G6G0J4__Cas9-604m,0.05662750300236358,0.014242798798165517
UniRef100_A0A380JYP3__Cas9,0.958767493244196,0.024750482678917857
UniRef100_A0A380JYP3__Cas9-452m,0.06666379023244903,0.01030586333140021
UniRef100_A9HKP2__Cas9,0.9060438567440094,0.028732971169847927
UniRef100_A9HKP2__Cas9-420m,0.31734380840081255,0.04507073888631357
UniRef100_A0A2J9QDJ7__Cas9,0.9933734273176429,0.0010023490860743781
UniRef100_A0A2J9QDJ7__Cas9-538m,0.04597099609574311,0.025127237259048085
UniRef100_A0A3C0JET5__Cas9,0.1127680258405533,0.039615019059136676
UniRef100_A0A3C0JET5__Cas9-356m,0.04242747721628957,0.007938940732985298
UniRef100_A0A412RM41__Cas9,0.9857303432695051,0.00392222140453959
UniRef100_A0A412RM41__Cas9-574m,0.016583326441644647,0.0036964796430015248
UniRef100_A0A1S1DBV4__Cas9,0.935255635522703,0.018218339376275466
UniRef100_A0A1S1DBV4__Cas9-550m,0.08145295647320386,0.014746134669192123
UniRef100_H8MA21__Cas9,0.9600254835207167,0.010597689794761654
UniRef100_H8MA21__Cas9-458m,0.2650123330131442,0.05591232543436333
UniRef100_A0A510WCH5__Cas9,0.9672403312222327,0.01276392425814902
UniRef100_A0A510WCH5__Cas9-531m,0.0006323254361130135,0.0001513393518637108
UniRef100_A0A416HZK2__Cas9,0.9501390421848386,0.00713773740279843
UniRef100_A0A416HZK2__Cas9-537m,0.24218296084079377,0.10008487933440463
UniRef100_S3CB04__Cas9,0.9563784644061858,0.006070617730613124
UniRef100_S3CB04__Cas9-580m,0.157185249752475,0.07039564035240338
UniRef100_A0A249SGB5__Cas9,0.9650760095112181,0.013938195875588222
UniRef100_A0A249SGB5__Cas9-531m,0.0006221584661266,0.0001469627905215013
UniRef100_A0A5R9BZQ0__Cas9,0.9360133038653669,0.021517908024188407
UniRef100_A0A5R9BZQ0__Cas9-548m,0.0496815328930406,0.013285923419886665
UniRef100_A0A449BGR5__Cas9,0.4877211233393875,0.0903462059006764
UniRef100_A0A449BGR5__Cas9-442m,0.009473887805050003,0.003196032133301695
UniRef100_A0A1E3KQ44__Cas9,0.9721782705028265,0.0051593476969746714
UniRef100_A0A1E3KQ44__Cas9-544m,0.032879531180771054,0.010573981143079638
UniRef100_A0A416S075__Cas9,0.8995421194430859,0.057167325140749195
UniRef100_A0A416S075__Cas9-530m,0.06373750594945167,0.0280225723245548
UniRef100_A0A3A9HW26__Cas9,0.9558740986711525,0.022915461677760002
UniRef100_A0A3A9HW26__Cas9-441m,0.2500456731606088,0.1270969653559118
UniRef100_A0A0F4LMR6__Cas9,0.9651829630042024,0.006612878184711933
UniRef100_A0A0F4LMR6__Cas9-558m,0.009308466139195278,0.0021909116638106365
UniRef100_A0A496M107__Cas9,0.9791545875882601,0.003881703597195107
UniRef100_A0A496M107__Cas9-549m,0.09060689852718952,0.03216906647064918
UniRef100_A0A354QSH8__Cas9,0.9894081669045596,0.004358991081325572
UniRef100_A0A354QSH8__Cas9-542m,0.08242382930222764,0.019967750628924315
UniRef100_A0A315BCR7__Cas9,0.9933745732123247,0.0015686184762918854
UniRef100_A0A315BCR7__Cas9-560m,0.04487526984810848,0.012060152908288732
UniRef100_A0A3R6S0A0__Cas9,0.9691764337239572,0.011627154642549358
UniRef100_A0A3R6S0A0__Cas9-540m,0.041311807536770086,0.014207794027374923
UniRef100_A0A3D0CP66__Cas9,0.9255416872666709,0.03858894763182594
UniRef100_A0A3D0CP66__Cas9-448m,0.33377546257484464,0.07454704790008812
UniRef100_A0A7H4UGT7__Cas9,0.9657240493274998,0.014381325522244855
UniRef100_A0A7H4UGT7__Cas9-544m,0.024311781979201606,0.003001425728091942
UniRef100_A0A368UD41__Cas9,0.9660642281203724,0.005191313783679863
UniRef100_A0A368UD41__Cas9-548m,0.0039037507728923128,0.0011957713585932983
UniRef100_A0A372V3U8__Cas9,0.9634070732650386,0.019876771608345327
UniRef100_A0A372V3U8__Cas9-434m,0.07116319946035866,0.034428843387259066
UniRef100_A0A7Z2SHF7__Cas9,0.9764557328658947,0.004271032995619553
UniRef100_A0A7Z2SHF7__Cas9-544m,0.0418098693949842,0.013304081733776498
UniRef100_A0A3E2SFG3__Cas9,0.9623058391789984,0.017336803986901
UniRef100_A0A3E2SFG3__Cas9-452m,0.06488537262961211,0.012546129403743724
UniRef100_A0A1I7JPD5__Cas9,0.9720997397912555,0.0038298026239950923
UniRef100_A0A1I7JPD5__Cas9-548m,0.14920470440714204,0.02944030622345205
UniRef100_A0A2S6F9Q4__Cas9,0.3402456837703075,0.0652992947610146
UniRef100_A0A2S6F9Q4__Cas9-549m,0.06699803393222506,0.013168931620766995
UniRef100_T1ZF93__Cas9,0.9605273958044762,0.013359189009620935
UniRef100_T1ZF93__Cas9-450m,0.13460485020261098,0.04133221339053121
UniRef100_A0A2T4TGJ0__Cas9,0.979031784797637,0.003710014953246436
UniRef100_A0A2T4TGJ0__Cas9-592m,0.09682196655739965,0.050833682811321945
UniRef100_A0A7U9P958__Cas9,0.9947442889905549,0.001602792055497922
UniRef100_A0A7U9P958__Cas9-435m,0.008882131653620215,0.0027747720250816633
UniRef100_A0A116M370__Cas9,0.9424775229683361,0.03968748445528211
UniRef100_A0A116M370__Cas9-547m,0.04406913291022662,0.006647091728419117
UniRef100_A0A116RA22__Cas9,0.9389178727880063,0.02919316723481142
UniRef100_A0A116RA22__Cas9-553m,0.0556670569656106,0.009575445395292977
UniRef100_A0A829ZAM6__Cas9,0.6881948411020387,0.08081449518277507
UniRef100_A0A829ZAM6__Cas9-528m,0.1906344528332658,0.12527810770391273
UniRef100_A0A0Z8JWB5__Cas9,0.93915534839711,0.027338610399675552
UniRef100_A0A0Z8JWB5__Cas9-553m,0.059966716119729035,0.011978964231990404
UniRef100_A0A7U7P1J8__Cas9,0.9905231140731999,0.0033815298381003433
UniRef100_A0A7U7P1J8__Cas9-534m,0.069322731288963,0.005126194374160474
UniRef100_A0A5K1Q0J7__Cas9,0.7467644054280425,0.03894680522423888
UniRef100_A0A5K1Q0J7__Cas9-538m,0.36634447020502686,0.06699608634444186
UniRef100_J4K985__Cas9,0.9516838367703979,0.017553424858561036
UniRef100_J4K985__Cas9-550m,0.048173831806797185,0.007045632153510468
UniRef100_A0A111NJ61__Cas9,0.9900299917976388,0.00468972845872569
UniRef100_A0A111NJ61__Cas9-449m,0.05428218672349128,0.030502429014987714
UniRef100_A0A116L128__Cas9,0.9612240750435792,0.009742700613366228
UniRef100_A0A116L128__Cas9-546m,0.7304681877628455,0.061081639733135094
UniRef100_A0A7U8GYG1__Cas9,0.9921293820069905,0.0024461224251335107
UniRef100_A0A7U8GYG1__Cas9-534m,0.06119928980540336,0.005514838546052576
UniRef100_A0A1Z4BNN5__Cas9,0.9692843474736754,0.005887652432396113
UniRef100_A0A1Z4BNN5__Cas9-583m,0.022266101132493096,0.006786818027314157
UniRef100_A0A6I3S820__Cas9,0.17058922451862793,0.04323979405117873
UniRef100_A0A6I3S820__Cas9-572m,0.3803041060556087,0.05305850695124882
UniRef100_A0A4V0EAF4__Cas9,0.9513400029702905,0.009419469203051757
UniRef100_A0A4V0EAF4__Cas9-552m,0.07186980634634235,0.016834220164448136
UniRef100_A0A6L8MXN1__Cas9,0.9861981616542387,0.008948802607623024
UniRef100_A0A6L8MXN1__Cas9-547m,0.049934692418782387,0.006556094045941678
UniRef100_A0A4S2API0__Cas9,0.9653598881093561,0.011853560368736785
UniRef100_A0A4S2API0__Cas9-556m,0.057312258994650034,0.05199247009411026
UniRef100_A0A7U7TVC8__Cas9,0.9920997315481188,0.0026078427768389564
UniRef100_A0A7U7TVC8__Cas9-534m,0.037264874983292756,0.0033790490388992383
UniRef100_E0F2V7__Cas9,0.9909220270071579,0.003419280263865922
UniRef100_E0F2V7__Cas9-422m,0.07525639477344219,0.008142811120751598
UniRef100_A0A380M9A5__Cas9,0.9946994808686481,0.001229899822281169
UniRef100_A0A380M9A5__Cas9-538m,0.03257499438565683,0.004465091029305598
UniRef100_A0A4T2HD20__Cas9,0.9808276702065829,0.0036447461684995285
UniRef100_A0A4T2HD20__Cas9-547m,0.05005407195268942,0.01559839597378457
UniRef100_A0A6A8MEK5__Cas9,0.8506086894761433,0.07038090306292588
UniRef100_A0A6A8MEK5__Cas9-568m,0.07265608876708972,0.012551134404406842
UniRef100_A0A540UXY0__Cas9,0.9380658408285166,0.02944453717821366
UniRef100_A0A540UXY0__Cas9-553m,0.0392129510956505,0.007873525705945038
UniRef100_A0A6G7ESW6__Cas9,0.9312206666801629,0.01977669512682354
UniRef100_A0A6G7ESW6__Cas9-537m,0.029099871293323594,0.00570832476726226
UniRef100_A0A0B7IR20__Cas9,0.9870266782325554,0.0037887836208325915
UniRef100_A0A0B7IR20__Cas9-569m,0.0379207620624607,0.005815631273404217
UniRef100_A0A2T5XRH2__Cas9,0.9233679695445334,0.01733644460641178
UniRef100_A0A2T5XRH2__Cas9-583m,0.04568239939670708,0.012711200280665011
UniRef100_A0A412JRU1__Cas9,0.9753606888695678,0.004322069366129272
UniRef100_A0A412JRU1__Cas9-604m,0.05752476770853052,0.007722746183241468
UniRef100_A0A116KAQ7__Cas9,0.9339355096931193,0.031168035352111212
UniRef100_A0A116KAQ7__Cas9-553m,0.06032506687549971,0.01285350859455347
UniRef100_A0A7C8FGL8__Cas9,0.9956841320032392,0.0015778487378719514
UniRef100_A0A7C8FGL8__Cas9-431m,0.6472067705937862,0.075303734500046
UniRef100_A0A2Z4PMQ5__Cas9,0.9631469902376619,0.0164312857489347
UniRef100_A0A2Z4PMQ5__Cas9-553m,0.05358485666989364,0.010728524942598357
UniRef100_A0A250G4N4__Cas9,0.9914583148942334,0.002387729889691885
UniRef100_A0A250G4N4__Cas9-572m,0.02314223998596129,0.007188163886225861
UniRef100_A0A4V0EBF6__Cas9,0.8679588822049995,0.044605813019420994
UniRef100_A0A4V0EBF6__Cas9-553m,0.11799099493760785,0.023247786864822144
UniRef100_A0A6Z2PIJ1__Cas9,0.9865645665673778,0.003710914610119828
UniRef100_A0A6Z2PIJ1__Cas9-534m,0.017199819498750653,0.0018125192510846078
UniRef100_A0A448U436__Cas9,0.9820054105445646,0.004843137106859989
UniRef100_A0A448U436__Cas9-576m,0.04597408605618341,0.010005272358583657
UniRef100_A0A7Y6VEQ1__Cas9,0.9554787391119806,0.029778981613501523
UniRef100_A0A7Y6VEQ1__Cas9-449m,0.14025986781422034,0.08260011827443225
UniRef100_A0A4R9C2C8__Cas9,0.8939953535717413,0.08527498990241139
UniRef100_A0A4R9C2C8__Cas9-538m,0.06570901044117669,0.03409640606112397
UniRef100_A0A0Z8GCN2__Cas9,0.9594652554565639,0.016856405238619587
UniRef100_A0A0Z8GCN2__Cas9-553m,0.044417611934000525,0.00863361990023909
UniRef100_A0A1B3PSQ7__Cas9,0.8988719103729649,0.036184430454618145
UniRef100_A0A1B3PSQ7__Cas9-548m,0.1819803123174623,0.028481147321288564
UniRef100_A0A096D253__Cas9,0.9678214089515714,0.027512224318572403
UniRef100_A0A096D253__Cas9-595m,0.030836301057261307,0.009412446480656967
UniRef100_A0A4Z1DY29__Cas9,0.9423087055113545,0.014762342470343064
UniRef100_A0A4Z1DY29__Cas9-456m,0.01328638620312203,0.0038764553817499797
UniRef100_A0A6I6R1W8__Cas9,0.8254341750435137,0.0736608616995109
UniRef100_A0A6I6R1W8__Cas9-554m,0.0412730810286918,0.021315277872649467
UniRef100_A0A2X4R1A3__Cas9,0.8523864720152743,0.031838981929490924
UniRef100_A0A2X4R1A3__Cas9-554m,0.050810097373854016,0.00835951272437228
UniRef100_A0A4P7WJK1__Cas9,0.9017360636523033,0.026630926045528913
UniRef100_A0A4P7WJK1__Cas9-550m,0.0826375852562394,0.0252952904145443
UniRef100_A0A4Z0GEH8__Cas9,0.9124861814961474,0.027665520554245416
UniRef100_A0A4Z0GEH8__Cas9-548m,0.19801643906878988,0.032419334974931026
UniRef100_A0A3Q9V899__Cas9,0.937263586485505,0.03470774278064131
UniRef100_A0A3Q9V899__Cas9-550m,0.039951711230786204,0.010311263626082343
UniRef100_A0A7J5NFJ7__Cas9,0.8304404502931998,0.07148667349811054
UniRef100_A0A7J5NFJ7__Cas9-554m,0.04027395255582337,0.020268408136118393
UniRef100_A0A369Z3K3__Cas9,0.9367475261586591,0.03460033034532974
UniRef100_A0A369Z3K3__Cas9-422m,0.13044803302844485,0.04410922824838656
UniRef100_A0A2N2RZT5__Cas9,0.7531431454831365,0.05180504263552932
UniRef100_A0A2N2RZT5__Cas9-456m,0.7792178466917663,0.02317112257587116
UniRef100_A0A2I1UN85__Cas9,0.9856159919837643,0.002596825277459183
UniRef100_A0A2I1UN85__Cas9-557m,0.13285341150300317,0.07859957543358309
UniRef100_F9DDR2__Cas9,0.9592117748343589,0.007175606250082044
UniRef100_F9DDR2__Cas9-603m,0.050383932289913835,0.010540185915163246
UniRef100_A0A0M4G8J7__Cas9,0.9425204546271194,0.03810737655638482
UniRef100_A0A0M4G8J7__Cas9-574m,0.05381414151372262,0.00887082729700643
UniRef100_A0A7U7J083__Cas9,0.9356622515316193,0.04105704294960178
UniRef100_A0A7U7J083__Cas9-422m,0.08931661291802881,0.03869329129497219
UniRef100_A0A7K2BGD8__Cas9,0.8156674348499783,0.03342079326505423
UniRef100_A0A7K2BGD8__Cas9-368m,0.6011197402063452,0.050470301091420394
UniRef100_A0A6L9GMB2__Cas9,0.8995381093764513,0.04747237975237845
UniRef100_A0A6L9GMB2__Cas9-422m,0.04677110710600751,0.009292364283514749
UniRef100_A0A3A6VZU4__Cas9,0.9334029130410133,0.018044553706812114
UniRef100_A0A3A6VZU4__Cas9-559m,0.16637936964615954,0.0241684765779538
UniRef100_A0A137PP63__Cas9,0.8912562779455149,0.036761925844955745
UniRef100_A0A137PP63__Cas9-548m,0.19668744725217896,0.028574973290740182
UniRef100_A0A1Q6TH32__Cas9,0.549594210762506,0.1238116591243359
UniRef100_A0A1Q6TH32__Cas9-532m,0.0565452816711486,0.014502497962508106
UniRef100_A0A2I1TYJ5__Cas9,0.9861792655782924,0.003321899220188239
UniRef100_A0A2I1TYJ5__Cas9-557m,0.26447782374256296,0.11814599548021072
UniRef100_A0A2I1UEE6__Cas9,0.9877285423213371,0.005567532169174565
UniRef100_A0A2I1UEE6__Cas9-449m,0.05137465795138692,0.027410648044836682
UniRef100_I4ZCD3__Cas9,0.9805193028363087,0.0040889044997341455
UniRef100_I4ZCD3__Cas9-594m,0.01119455718248696,0.0016498414794122438
UniRef100_A0A2N3DDI4__Cas9,0.9798626771426413,0.003649264385005212
UniRef100_A0A2N3DDI4__Cas9-422m,0.17531204688565832,0.08377662404252578
UniRef100_S3KPV3__Cas9,0.9052929100080467,0.0847729086698308
UniRef100_S3KPV3__Cas9-558m,0.3239396783144408,0.12160829683850005
UniRef100_A0A7L8W4F6__Cas9,0.9879805110844568,0.002649098398701587
UniRef100_A0A7L8W4F6__Cas9-451m,0.460668612798049,0.0910411804300339
UniRef100_A0A2D8QFT9__Cas9,0.11041563697878878,0.03400346948505008
UniRef100_A0A2D8QFT9__Cas9-426m,0.13791118317120055,0.03721311822182116
UniRef100_A0A4R4B4N9__Cas9,0.9680768238346348,0.005763593913637091
UniRef100_A0A4R4B4N9__Cas9-428m,0.07329900161458813,0.02559842088715527
UniRef100_A0A7H1C4Q0__Cas9,0.8941310809930609,0.07569969440544501
UniRef100_A0A7H1C4Q0__Cas9-419m,0.3714047365715202,0.09715393630723893
UniRef100_A0A1B2IX11__Cas9,0.6633150345929627,0.09902551719388028
UniRef100_A0A1B2IX11__Cas9-437m,0.23710023433040378,0.03902978899939459
UniRef100_A0A6L5LPS6__Cas9,0.9095085322210569,0.03730826955466889
UniRef100_A0A6L5LPS6__Cas9-428m,0.03920851075036176,0.007394895049794297
UniRef100_A0A0V0PNI8__Cas9,0.9707487867499406,0.007311955755705863
UniRef100_A0A0V0PNI8__Cas9-459m,0.0748981951689153,0.053938103362962876
UniRef100_A0A1E9CQT0__Cas9,0.9715764878148965,0.006534501688977608
UniRef100_A0A1E9CQT0__Cas9-611m,0.08482828162322018,0.07585901116534557
UniRef100_Q7NAI2__Cas9,0.8413951654582569,0.05997797550854767
UniRef100_Q7NAI2__Cas9-508m,0.6415111966216663,0.0620816693032692
UniRef100_A0A828ZS19__Cas9,0.9712589957339819,0.009875102417976147
UniRef100_A0A828ZS19__Cas9-536m,0.03778028344143095,0.00783336203227724
UniRef100_A0A250EXV0__Cas9,0.9559802042644959,0.025590665091723
UniRef100_A0A250EXV0__Cas9-566m,0.08893089289909431,0.07219012376765459
UniRef100_A0A416A6F9__Cas9,0.793492570143382,0.026734394928140445
UniRef100_A0A416A6F9__Cas9-591m,0.25396178360521954,0.04038722272971555
UniRef100_A0A417HY10__Cas9,0.912367686291659,0.05429712624336784
UniRef100_A0A417HY10__Cas9-530m,0.046125255480109026,0.021701779864895847
UniRef100_I3TWJ0__Cas9,0.9792277767108171,0.003834091073776028
UniRef100_I3TWJ0__Cas9-420m,0.02341645228705268,0.002838587208530206
UniRef100_A0A0E2Q4M6__Cas9,0.8897295444938885,0.0619368977021991
UniRef100_A0A0E2Q4M6__Cas9-449m,0.0296190506323575,0.0017286842176802509
UniRef100_A0A373XMT8__Cas9,0.8749406126599887,0.024811207742572425
UniRef100_A0A373XMT8__Cas9-532m,0.09768715183494858,0.028457823195017523
UniRef100_A0A2S0LIZ8__Cas9,0.9465152332913005,0.03139712538933397
UniRef100_A0A2S0LIZ8__Cas9-571m,0.06597841925952955,0.04572257840082649
UniRef100_A0A4S2AP11__Cas9,0.9727460454930341,0.004866048106121325
UniRef100_A0A4S2AP11__Cas9-604m,0.05021157235908754,0.007080790314603084
UniRef100_A0A323UW31__Cas9,0.39118651858668463,0.11076622733493756
UniRef100_A0A323UW31__Cas9-459m,0.08610785169010696,0.043440303228950344
UniRef100_A1IQ68__Cas9,0.9607984941801722,0.040910851320027475
UniRef100_A1IQ68__Cas9-433m,0.035274759745951276,0.006716540614748639
UniRef100_A0A6H6GQ40__Cas9,0.9253097114965728,0.047045598247096206
UniRef100_A0A6H6GQ40__Cas9-395m,0.24583630767848944,0.06364108837007561
UniRef100_D7N2B0__Cas9,0.41721951848851724,0.06737594759297433
UniRef100_D7N2B0__Cas9-436m,0.0071004002351842625,0.001659542181017983
UniRef100_A0A6W1V9K0__Cas9,0.944748374154407,0.0374120944799963
UniRef100_A0A6W1V9K0__Cas9-394m,0.06446488457227952,0.02312469211743428
UniRef100_A0A3S4QG93__Cas9,0.5986015574100672,0.058633500058880614
UniRef100_A0A3S4QG93__Cas9-452m,0.05043129482639243,0.01407508477214924
UniRef100_A0A3P1Z8E7__Cas9,0.9659350814860421,0.004191845726495744
UniRef100_A0A3P1Z8E7__Cas9-576m,0.018948664478281255,0.00481579842241919
UniRef100_A0A387B5A8__Cas9,0.9777710608556518,0.005595641581709363
UniRef100_A0A387B5A8__Cas9-550m,0.07767909823647742,0.0214160619348962
UniRef100_A0A0H3BZZ0__Cas9,0.9752224235558575,0.004187049332976476
UniRef100_A0A0H3BZZ0__Cas9-548m,0.1156700893972626,0.04083856172400278
UniRef100_A0A6H8NA36__Cas9,0.8986612772885529,0.0637786287458369
UniRef100_A0A6H8NA36__Cas9-394m,0.05795528736674467,0.018795901368845676
sp_A0A0H2UNG0_PULA_STRPN__GH,0.1593423608577237,0.03975946135165863
sp_A0A0H2UNG0_PULA_STRPN__GH-512m,0.08231551029911445,0.01732637228664864
sp_A0A0H2ZL64_PULA_STRP2__GH,0.24817873660026996,0.05539681299548838
sp_A0A0H2ZL64_PULA_STRP2__GH-503m,0.351606943014782,0.041986504693753465
sp_A1A278_MANA_BIFAA__GH,0.3207666287716652,0.06107899991282585
sp_A1A278_MANA_BIFAA__GH-401m,0.2730243514553723,0.057896590939456455
sp_A2QAN3_BGALA_ASPNC__GH,0.22961834120927316,0.051053971138507015
sp_A2QAN3_BGALA_ASPNC__GH-403m,0.02902483314330363,0.008281936573552211
sp_A2VDL6_AT1A2_BOVIN__GH,0.6285028206758481,0.05525503644459055
sp_A2VDL6_AT1A2_BOVIN__GH-408m,0.4345293412668775,0.05672716909703038
sp_A3FEW8_BGAL_ENTAG__GH,0.0915687365055751,0.0246352715506113
sp_A3FEW8_BGAL_ENTAG__GH-412m,0.2007630344880897,0.047012394367180375
sp_A5FB63_CHIA_FLAJ1__GH,0.3176529982523883,0.02489905949607401
sp_A5FB63_CHIA_FLAJ1__GH-632m,0.5985129018265933,0.05604487198116495
sp_A7LXT0_GH31A_BACO1__GH,0.08272798932796067,0.018404801954004263
sp_A7LXT0_GH31A_BACO1__GH-382m,0.017212937240328317,0.00438655041242334
sp_B3TLD6_LNBB_BIFB1__GH,0.17456266958167535,0.0443383478466381
sp_B3TLD6_LNBB_BIFB1__GH-445m,0.09099959312342833,0.014315907232386649
sp_D0TZF0_ISOA1_ORYSJ__GH,0.017428151516024396,0.005054595089073245
sp_D0TZF0_ISOA1_ORYSJ__GH-322m,0.05248380379129104,0.015507821599111214
sp_D2WL32_GLGB3_ARATH__GH,0.07343912028364512,0.013140762022025965
sp_D2WL32_GLGB3_ARATH__GH-360m,0.035087688223227435,0.007166338165149378
sp_D5EY15_XYL3A_XYLR2__GH,0.04118874319797391,0.010215407868491915
sp_D5EY15_XYL3A_XYLR2__GH-345m,0.01698746802651057,0.0051900364465914195
sp_F4HTM3_GCS1_ARATH__GH,0.04891943552213802,0.012776976101952681
sp_F4HTM3_GCS1_ARATH__GH-341m,0.12656056857320258,0.036361416048687714
sp_G4T4R7_AGASK_MEDGN__GH,0.055466551061466786,0.01830152873435156
sp_G4T4R7_AGASK_MEDGN__GH-374m,0.3055407492078551,0.06292687457470696
sp_G5EB30_CHIA1_EMENI__GH,0.31439051862030293,0.049389714507038995
sp_G5EB30_CHIA1_EMENI__GH-385m,0.008557140662965798,0.0025401096290686375
sp_M1RNJ8_ATH1_CANGB__GH,0.4590257581865586,0.0873781755965295
sp_M1RNJ8_ATH1_CANGB__GH-485m,0.04078771879942257,0.012326111916514452
sp_N1P212_ATH1_YEASC__GH,0.2513454638235221,0.05875632387586753
sp_N1P212_ATH1_YEASC__GH-485m,0.0068349687753383615,0.0022966723851397808
sp_O00462_MANBA_HUMAN__GH,0.25177879574335993,0.05170758685849145
sp_O00462_MANBA_HUMAN__GH-352m,0.032368473164280244,0.012421687833601378
sp_O00754_MA2B1_HUMAN__GH,0.41120569357878817,0.07562669806424965
sp_O00754_MA2B1_HUMAN__GH-405m,0.15024447820485512,0.04238009181552457
sp_O09159_MA2B1_MOUSE__GH,0.30709213117837797,0.07831048177583326
sp_O09159_MA2B1_MOUSE__GH-406m,0.08942707473281727,0.01717725672686417
sp_O18497_MAN2_SPOFR__GH,0.667741147731377,0.04549172464102857
sp_O18497_MAN2_SPOFR__GH-452m,0.07211919629866854,0.022107914178186854
sp_O23647_GLGB1_ARATH__GH,0.03387227833119983,0.007591527139091928
sp_O23647_GLGB1_ARATH__GH-344m,0.28488526235133854,0.08051073263919449
sp_O35082_KLOT_MOUSE__GH,0.019797735972959106,0.004803665595191536
sp_O35082_KLOT_MOUSE__GH-406m,0.050895842135888346,0.016594914699829183
sp_O60502_OGA_HUMAN__GH,0.014012565022619102,0.0039938782737271
sp_O60502_OGA_HUMAN__GH-367m,0.21093890786120265,0.03510653482488742
sp_O62653_SUIS_SUNMU__GH,0.3468905868509414,0.036408555666600284
sp_O62653_SUIS_SUNMU__GH-726m,0.5602593529005623,0.03698161475304004
sp_P00722_BGAL_ECOLI__GH,0.02206158353907111,0.004903838047329795
sp_P00722_BGAL_ECOLI__GH-410m,0.8144145065462893,0.04598090062323434
sp_P03726_EXLYS_BPT7__GH,0.3203581042569168,0.05401329303134288
sp_P03726_EXLYS_BPT7__GH-528m,0.050604726654534304,0.013436980927682902
sp_P06686_AT1A2_RAT__GH,0.5791674373498596,0.0635997149087963
sp_P06686_AT1A2_RAT__GH-408m,0.4760035903561529,0.05712000582443537
sp_P08987_GTFB_STRMU__GH,0.26562946725265746,0.02434824768532126
sp_P08987_GTFB_STRMU__GH-591m,0.19907938447721732,0.0328002821226017
sp_P0C5Z8_ATL_STAAU__GH,0.46560871558696093,0.059155858314298766
sp_P0C5Z8_ATL_STAAU__GH-502m,0.15109414697212914,0.03979785684542223
sp_P10253_LYAG_HUMAN__GH,0.03491808726833636,0.008898339436234512
sp_P10253_LYAG_HUMAN__GH-381m,0.3095060861581234,0.054814266872597335
sp_P10477_CELE_ACET2__GH,0.012818274017603066,0.003781700805721106
sp_P10477_CELE_ACET2__GH-326m,0.04473769486811683,0.006600290356571209
sp_P13470_GTFC_STRMU__GH,0.061637011756784196,0.011140038983552163
sp_P13470_GTFC_STRMU__GH-582m,0.07080760642121313,0.008650946631258781
sp_P13656_CHIA_ECOLI__GH,0.1558419127393717,0.02791876902529063
sp_P13656_CHIA_ECOLI__GH-359m,0.013163534285488568,0.002782201172366969
sp_P21543_AMYB_PAEPO__GH,0.5533208436730521,0.08137395851647752
sp_P21543_AMYB_PAEPO__GH-479m,0.07736543086269967,0.016970647473831015
sp_P22855_MAN1_YEAST__GH,0.41701690278719444,0.050757254535228086
sp_P22855_MAN1_YEAST__GH-434m,0.12437117327342759,0.044433868269859476
sp_P26831_NAGH_CLOPE__GH,0.45813680105735355,0.045122883088824284
sp_P26831_NAGH_CLOPE__GH-652m,0.47296865533139965,0.04516973403671425
sp_P27046_MA2A1_MOUSE__GH,0.2992175723891715,0.050301643296048984
sp_P27046_MA2A1_MOUSE__GH-460m,0.12458557940978843,0.029929522239689765
sp_P28494_MA2A1_RAT__GH,0.2493861463180597,0.040131895829485585
sp_P28494_MA2A1_RAT__GH-460m,0.13389316870752677,0.032512073452259406
sp_P34098_MANA_DICDI__GH,0.2165976656308663,0.03306395677127859
sp_P34098_MANA_DICDI__GH-404m,0.023176743856003535,0.005944378902387146
sp_P35573_GDE_HUMAN__GH,0.2417173721847722,0.04712005321547611
sp_P35573_GDE_HUMAN__GH-613m,0.10533041641415157,0.015958334572064237
sp_P38138_GLU2A_YEAST__GH,0.014081579042536698,0.003595702013201188
sp_P38138_GLU2A_YEAST__GH-382m,0.8800998472153291,0.03413995241713501
sp_P39848_LYTD_BACSU__GH,0.10284987381442146,0.03121753080503731
sp_P39848_LYTD_BACSU__GH-352m,0.06858076493692654,0.02235032374731107
sp_P48016_ATH1_YEAST__GH,0.2513454638235221,0.05875632387586753
sp_P48016_ATH1_YEAST__GH-485m,0.0068349687753383615,0.0022966723851397808
sp_P49331_GTFD_STRMU__GH,0.14100501284085368,0.02310762593788537
sp_P49331_GTFD_STRMU__GH-585m,0.2806417085114662,0.04353195722907251
sp_P49641_MA2A2_HUMAN__GH,0.25842083201571586,0.034661953405746335
sp_P49641_MA2A2_HUMAN__GH-460m,0.2828701233042453,0.06727033581731101
sp_P49714_FIBER_BPK1E__GH,0.02738627677003862,0.011647333250547674
sp_P49714_FIBER_BPK1E__GH-325m,0.022434941244635825,0.004306816677499882
sp_P50993_AT1A2_HUMAN__GH,0.671892138445631,0.05350244999124628
sp_P50993_AT1A2_HUMAN__GH-408m,0.4866288287992234,0.05566543984231897
sp_P53008_CWH41_YEAST__GH,0.21617420294845333,0.04638971495095014
sp_P53008_CWH41_YEAST__GH-334m,0.027666802075372587,0.00494793357152757
sp_P53753_ENG1_YEAST__GH,0.03871939798795311,0.0058393077950055555
sp_P53753_ENG1_YEAST__GH-447m,0.06105638550885264,0.011000396449332667
sp_P70699_LYAG_MOUSE__GH,0.02893791548223722,0.0056569147792742795
sp_P70699_LYAG_MOUSE__GH-382m,0.09986746240204455,0.021977734800471382
sp_P79403_GANAB_PIG__GH,0.2602645231765867,0.04965935164478602
sp_P79403_GANAB_PIG__GH-378m,0.30493825619810216,0.06037509493293156
sp_P96156_CHID_VIBFU__GH,0.3652342564128469,0.03533647308437407
sp_P96156_CHID_VIBFU__GH-419m,0.020533991037980426,0.004895450539415909
sp_Q01401_GLGB_ORYSJ__GH,0.10952862465456889,0.029955340815236604
sp_Q01401_GLGB_ORYSJ__GH-328m,0.025105368979048127,0.006021385110691635
sp_Q04830_FIBER_BPK1F__GH,0.33941338856605646,0.05294718832011819
sp_Q04830_FIBER_BPK1F__GH-426m,0.06229649692320666,0.016549883445285428
sp_Q06625_GDE_YEAST__GH,0.1706925840688511,0.02631069090373311
sp_Q06625_GDE_YEAST__GH-615m,0.461772672533169,0.06316766817315807
sp_Q0TR53_OGA_CLOP1__GH,0.3256118181833975,0.045510154015009484
sp_Q0TR53_OGA_CLOP1__GH-401m,0.5031881484466264,0.05076613118275863
sp_Q13724_MOGS_HUMAN__GH,0.11760380342047672,0.031014402735999983
sp_Q13724_MOGS_HUMAN__GH-335m,0.12499510926554176,0.027169843874371918
sp_Q13733_AT1A4_HUMAN__GH,0.19052736163585923,0.02294035163913744
sp_Q13733_AT1A4_HUMAN__GH-412m,0.051924070623921646,0.016061265832824696
sp_Q14697_GANAB_HUMAN__GH,0.1044027072242267,0.019797352745828348
sp_Q14697_GANAB_HUMAN__GH-378m,0.18419241972868458,0.04172630133643439
sp_Q16706_MA2A1_HUMAN__GH,0.04781057756117039,0.01339386621353512
sp_Q16706_MA2A1_HUMAN__GH-458m,0.29254191275846086,0.03680913062882528
sp_Q24451_MAN2_DROME__GH,0.03249952392443885,0.00940739921329205
sp_Q24451_MAN2_DROME__GH-444m,0.14508768395495458,0.06557053601630772
sp_Q29444_MANBA_BOVIN__GH,0.05086712989637655,0.014853565602328433
sp_Q29444_MANBA_BOVIN__GH-352m,0.06574452978241399,0.01595041190027356
sp_Q29451_MA2B1_BOVIN__GH,0.28353009638927607,0.05690995127047201
sp_Q29451_MA2B1_BOVIN__GH-400m,0.1645516240522697,0.03268598544501525
sp_Q2HXL6_EDEM3_MOUSE__GH,0.04153824098865262,0.007505044514526357
sp_Q2HXL6_EDEM3_MOUSE__GH-373m,0.5001683219801988,0.06178740016126801
sp_Q2UCU3_BGALA_ASPOR__GH,0.1479421753472905,0.032467779237800455
sp_Q2UCU3_BGALA_ASPOR__GH-402m,0.5094683115389016,0.06737174755304325
sp_Q41058_GLGB1_PEA__GH,0.20318884338948506,0.059233657494079925
sp_Q41058_GLGB1_PEA__GH-369m,0.24232363842355037,0.04866810028894346
sp_Q4R1C4_EBDG_HYPJE__GH,0.22593710255319666,0.04349501960737884
sp_Q4R1C4_EBDG_HYPJE__GH-357m,0.1011087085783581,0.02575513435943671
sp_Q4R4N7_GANAB_MACFA__GH,0.09152970496103095,0.01893886191334068
sp_Q4R4N7_GANAB_MACFA__GH-378m,0.21855300085409995,0.04659686678847827
sp_Q54468_CHB_SERMA__GH,0.10655492292998732,0.017924000524236233
sp_Q54468_CHB_SERMA__GH-354m,0.031568026088523896,0.010959013068923969
sp_Q56F26_EBDG_AMYOR__GH,0.3196390930822766,0.07050807284552787
sp_Q56F26_EBDG_AMYOR__GH-413m,0.14479957483109407,0.04211290905598487
sp_Q5AAU5_ATC1_CANAL__GH,0.14473349055778856,0.040125832105605275
sp_Q5AAU5_ATC1_CANAL__GH-432m,0.7044161922243213,0.06384852769681805
sp_Q5AIR7_ENG1_CANAL__GH,0.037393991671780674,0.008396485585752013
sp_Q5AIR7_ENG1_CANAL__GH-458m,0.08034748951117515,0.02444681327031872
sp_Q5M868_GBA2_RAT__GH,0.019009056120467514,0.0054476516794683405
sp_Q5M868_GBA2_RAT__GH-365m,0.08743246756423842,0.01387799791250209
sp_Q64541_AT1A4_RAT__GH,0.47593047846643904,0.0857569900931661
sp_Q64541_AT1A4_RAT__GH-412m,0.9249189948602481,0.02183917099977356
sp_Q69ZF3_GBA2_MOUSE__GH,0.044542461741600405,0.015043414726114457
sp_Q69ZF3_GBA2_MOUSE__GH-368m,0.11969604385046553,0.018492655576370393
sp_Q6GQB9_EDEM3_XENLA__GH,0.16056901052273692,0.04003802472903593
sp_Q6GQB9_EDEM3_XENLA__GH-366m,0.029653889125884986,0.008438695819864008
sp_Q6P7A9_LYAG_RAT__GH,0.02401542240827767,0.005362015085401554
sp_Q6P7A9_LYAG_RAT__GH-382m,0.06972284906357853,0.014539605346617898
sp_Q6PIE5_AT1A2_MOUSE__GH,0.5791674373498596,0.0635997149087963
sp_Q6PIE5_AT1A2_MOUSE__GH-408m,0.4760035903561529,0.05712000582443537
sp_Q700S9_BGALA_PENSQ__GH,0.3621797495217035,0.04528031059570382
sp_Q700S9_BGALA_PENSQ__GH-405m,0.0763686836631681,0.02104269733366233
sp_Q70XJ9_LSC_FRUSA__GH,0.054548522347762564,0.01210896639991373
sp_Q70XJ9_LSC_FRUSA__GH-352m,0.16947254314752866,0.04135162789337723
sp_Q80UM7_MOGS_MOUSE__GH,0.01258694368257629,0.002913351120941526
sp_Q80UM7_MOGS_MOUSE__GH-334m,0.17367093385327498,0.053554377432818275
sp_Q86Z14_KLOTB_HUMAN__GH,0.33450752552860497,0.06196587933640841
sp_Q86Z14_KLOTB_HUMAN__GH-418m,0.04049602542865695,0.013024355043687258
sp_Q873Y0_CHIA1_ASPFM__GH,0.09499494407065794,0.01758175389430451
sp_Q873Y0_CHIA1_ASPFM__GH-330m,0.010268335288092052,0.003247943650940233
sp_Q8BHN3_GANAB_MOUSE__GH,0.06459765141981025,0.015423003369844068
sp_Q8BHN3_GANAB_MOUSE__GH-378m,0.12350628624855084,0.0282572906814594
sp_Q8BRK9_MA2A2_MOUSE__GH,0.4637804919138972,0.050818163870448074
sp_Q8BRK9_MA2A2_MOUSE__GH-461m,0.5558209184568274,0.07473832243494913
sp_Q8DR60_GH101_STRR6__GH,0.4227341685455762,0.030505040788046892
sp_Q8DR60_GH101_STRR6__GH-707m,0.3877839191489404,0.03675395267744822
sp_Q8GTR4_PULA1_ARATH__GH,0.6713885093823494,0.05886918681868902
sp_Q8GTR4_PULA1_ARATH__GH-386m,0.23812364239066364,0.03898828578790838
sp_Q8K2I4_MANBA_MOUSE__GH,0.17029770410869907,0.04639500621503649
sp_Q8K2I4_MANBA_MOUSE__GH-352m,0.0917379115974071,0.03283353271491972
sp_Q8L7W8_FUCO2_ARATH__GH,0.019229591672647,0.004780717672730795
sp_Q8L7W8_FUCO2_ARATH__GH-338m,0.006837480027027816,0.0017219104949637199
sp_Q8RXD9_DPE2_ARATH__GH,0.3366091092484488,0.0666953150229501
sp_Q8RXD9_DPE2_ARATH__GH-382m,0.5313005860253869,0.09770654039373318
sp_Q8VIJ5_OGA_RAT__GH,0.011868715784620986,0.0032374692149675483
sp_Q8VIJ5_OGA_RAT__GH-367m,0.21923327810133125,0.03800295109892478
sp_Q91W89_MA2C1_MOUSE__GH,0.6638460964089034,0.0801538208114179
sp_Q91W89_MA2C1_MOUSE__GH-416m,0.09042121535253206,0.03140091238278949
sp_Q94502_GANAB_DICDI__GH,0.29074077257663644,0.05041516677006561
sp_Q94502_GANAB_DICDI__GH-378m,0.005748339834385602,0.001541527262016441
sp_Q94A41_AMY3_ARATH__GH,0.02943424382380211,0.00917003991641731
sp_Q94A41_AMY3_ARATH__GH-355m,0.004526275219189648,0.0008615799253475241
sp_Q95327_MANBA_CAPHI__GH,0.10312643097816739,0.02947187004092803
sp_Q95327_MANBA_CAPHI__GH-352m,0.13914616189553,0.030893023776215986
sp_Q99N32_KLOTB_MOUSE__GH,0.1803392737557882,0.06252566345754258
sp_Q99N32_KLOTB_MOUSE__GH-418m,0.07871572130197403,0.019102786743914985
sp_Q99Y92_ENDOS_STRP1__GH,0.21746431719776255,0.04976899446787638
sp_Q99Y92_ENDOS_STRP1__GH-398m,0.23982991655841018,0.0509889317263244
sp_Q9BZQ6_EDEM3_HUMAN__GH,0.19003918803688818,0.04520430854299909
sp_Q9BZQ6_EDEM3_HUMAN__GH-373m,0.1380662311260758,0.029165225186952873
sp_Q9C0Y4_AGLU_SCHPO__GH,0.31397694976985346,0.05279590164773605
sp_Q9C0Y4_AGLU_SCHPO__GH-388m,0.06011365380953082,0.016319030498747104
sp_Q9EQQ9_OGA_MOUSE__GH,0.018084616682399773,0.004897196709781602
sp_Q9EQQ9_OGA_MOUSE__GH-367m,0.26243655438507474,0.0439802656819854
sp_Q9F930_PULA_STREE__GH,0.1611236266876404,0.04869803618990243
sp_Q9F930_PULA_STREE__GH-515m,0.5180906645960716,0.09577155334190968
sp_Q9FN05_PSL5_ARATH__GH,0.042019419329105384,0.009994701622552815
sp_Q9FN05_PSL5_ARATH__GH-369m,0.19018144566947442,0.06447537041850879
sp_Q9HCG7_GBA2_HUMAN__GH,0.031501791237723786,0.010893391842785958
sp_Q9HCG7_GBA2_HUMAN__GH-371m,0.06055762697123146,0.01533234592632139
sp_Q9LFR0_GMAN2_ARATH__GH,0.17935441846412858,0.06500950364435053
sp_Q9LFR0_GMAN2_ARATH__GH-470m,0.29900216482068853,0.03374055166212818
sp_Q9LZS3_GLGB2_ARATH__GH,0.02498994369356592,0.005650130380011703
sp_Q9LZS3_GLGB2_ARATH__GH-322m,0.008179314581995169,0.002290738531418903
sp_Q9MYM4_LYAG_BOVIN__GH,0.08238791100214157,0.020139711573505043
sp_Q9MYM4_LYAG_BOVIN__GH-375m,0.034756658603867105,0.009167820737301198
sp_Q9NTJ4_MA2C1_HUMAN__GH,0.3318710387841699,0.045959006500161034
sp_Q9NTJ4_MA2C1_HUMAN__GH-416m,0.31823480846294716,0.06301511918496118
sp_Q9S7Y7_XYL1_ARATH__GH,0.3598756091139893,0.05550061391159865
sp_Q9S7Y7_XYL1_ARATH__GH-366m,0.009312254940005501,0.0029103507179054386
sp_Q9UEF7_KLOT_HUMAN__GH,0.043742987181541744,0.011449156547627563
sp_Q9UEF7_KLOT_HUMAN__GH-405m,0.8547898119769044,0.020948612956896467
sp_Q9US55_GLU2A_SCHPO__GH,0.24359735774732244,0.051482086426789725
sp_Q9US55_GLU2A_SCHPO__GH-370m,0.05551352092995317,0.012131719017879058
sp_Q9UT45_ENG1_SCHPO__GH,0.8724064040336561,0.019349768269334492
sp_Q9UT45_ENG1_SCHPO__GH-407m,0.022614101865439072,0.004886166231816502
sp_Q9WV27_AT1A4_MOUSE__GH,0.24579292128894217,0.04651224869032048
sp_Q9WV27_AT1A4_MOUSE__GH-413m,0.35594553124581013,0.08057914097199874
sp_Q9Y2E5_MA2B2_HUMAN__GH,0.02681797826929418,0.009066699632195516
sp_Q9Y2E5_MA2B2_HUMAN__GH-404m,0.361267155994038,0.07201581628487191
sp_Q9Z2Y9_KLOT_RAT__GH,0.008558456928419032,0.001766055357627062
sp_Q9Z2Y9_KLOT_RAT__GH-406m,0.07296346311118872,0.020824273019645137
sp_T1WGN1_ENDS2_STRP9__GH,0.057843278019839,0.016888636945849248
sp_T1WGN1_ENDS2_STRP9__GH-338m,0.08657431600035129,0.01838433537293368
sp_A0A0A2JP37_LYS12_PENEN__GH,0.43223455822533924,0.0495674373743272
sp_A0A0A2JP37_LYS12_PENEN__GH-600m,0.040226519603532816,0.008532685314874756
sp_A0A191T6Q6_ENDSD_STRDY__GH,0.04548036863463962,0.01304868241478375
sp_A0A191T6Q6_ENDSD_STRDY__GH-339m,0.03310935392223341,0.011025608927579875
sp_A0A1P8AWH8_XYN1_ARATH__GH,0.03371186631712415,0.007896382323425868
sp_A0A1P8AWH8_XYN1_ARATH__GH-378m,0.33142898543886434,0.03370661890872538
sp_A0P8X0_AAMY_NIACI__GH,0.5771748686764353,0.07513890116788335
sp_A0P8X0_AAMY_NIACI__GH-516m,0.697603432706621,0.05281564713330753
sp_A1A3T0_BGAC_BIFAA__GH,0.40811050375187763,0.07792385946963222
sp_A1A3T0_BGAC_BIFAA__GH-420m,0.2361436894063808,0.03605897700739011
sp_A1IGV8_AAGAR_THASX__GH,0.48217919744749754,0.05052324522059307
sp_A1IGV8_AAGAR_THASX__GH-586m,0.43647414141226726,0.03520744499106929
sp_A2QA27_XYND_ASPNC__GH,0.03823117611321593,0.010115391019434624
sp_A2QA27_XYND_ASPNC__GH-322m,0.0870341485805567,0.018444724635599746
sp_A2QUQ2_CHIA1_ASPNC__GH,0.8391433338788747,0.025135119960041478
sp_A2QUQ2_CHIA1_ASPNC__GH-503m,0.05112713294350605,0.009217650399092402
sp_A7LXS9_BGH2A_BACO1__GH,0.08152920940374439,0.02825580187239841
sp_A7LXS9_BGH2A_BACO1__GH-341m,0.04530189232957961,0.009700976568312333
sp_A7X0T9_ATL_STAA1__GH,0.46560871558696093,0.059155858314298766
sp_A7X0T9_ATL_STAA1__GH-502m,0.15109414697212914,0.03979785684542223
sp_A8BQB4_GDE_HORSE__GH,0.37365204006833913,0.055769611791754985
sp_A8BQB4_GDE_HORSE__GH-614m,0.31099214262518654,0.031905380474729995
sp_B3PEE6_OL4AG_CELJU__GH,0.016040723892769882,0.004319118122309251
sp_B3PEE6_OL4AG_CELJU__GH-327m,0.08094917776593619,0.02485534636816996
sp_B6EY09_XYND_ASPJA__GH,0.10704827820960292,0.03311084231545536
sp_B6EY09_XYND_ASPJA__GH-322m,0.06885348596676193,0.02106705864341137
sp_C6CRV0_XYNA1_PAESJ__GH,0.45813290716842775,0.06075248083215951
sp_C6CRV0_XYNA1_PAESJ__GH-585m,0.14015688995988493,0.029396666343710205
sp_D4AZ24_ENG1_ARTBC__GH,0.3876470710873435,0.06343735525574819
sp_D4AZ24_ENG1_ARTBC__GH-364m,0.5219034129024703,0.057757030518323524
sp_I2C092_MANBB_THETO__GH,0.13106018765687588,0.016815417172868278
sp_I2C092_MANBB_THETO__GH-342m,0.03770620631510773,0.007311869388294168
sp_O00089_XYND_ASPNG__GH,0.03823117611321593,0.010115391019434624
sp_O00089_XYND_ASPNG__GH-322m,0.0870341485805567,0.018444724635599746
sp_O04931_AGLU_BETVU__GH,0.05811833372626486,0.011215596769479768
sp_O04931_AGLU_BETVU__GH-366m,0.15890260325060127,0.04089119134537763
sp_O14255_GCS1_SCHPO__GH,0.09696787449988578,0.0326858417873306
sp_O14255_GCS1_SCHPO__GH-324m,0.01157669007892037,0.004324257129112536
sp_O31411_SACC_BACL7__GH,0.5667677637031943,0.06841197435495307
sp_O31411_SACC_BACL7__GH-369m,0.15190082383947753,0.02516718898777108
sp_O33635_ATL_STAEP__GH,0.7355619061567,0.04887842570505964
sp_O33635_ATL_STAEP__GH-534m,0.2725491867155637,0.04051960235419724
sp_O46432_MA2B1_FELCA__GH,0.18720228688477092,0.02578034990336066
sp_O46432_MA2B1_FELCA__GH-403m,0.05735521021702579,0.015946270071898458
sp_O54782_MA2B2_MOUSE__GH,0.153062956059893,0.021281939622147215
sp_O54782_MA2B2_MOUSE__GH-408m,0.6514607798576072,0.030899179367584146
sp_O74168_MANBA_ASPAC__GH,0.04348461828338777,0.010659226502730223
sp_O74168_MANBA_ASPAC__GH-375m,0.06705322099499925,0.012667834300931897
sp_O74254_AMYG_CANAL__GH,0.35541632980366294,0.05618396996660972
sp_O74254_AMYG_CANAL__GH-379m,0.03279983121066431,0.00524063221472533
sp_O88941_MOGS_RAT__GH,0.005316342085060372,0.0016986863175030844
sp_O88941_MOGS_RAT__GH-334m,0.22942261232908273,0.06720639583466109
sp_P06864_BGA2_ECOLI__GH,0.019820101803877894,0.005438831246755159
sp_P06864_BGA2_ECOLI__GH-412m,0.34917416890711755,0.0553107881294635
sp_P07811_PULA_KLEAE__GH,0.3162593087565091,0.061762855983184775
sp_P07811_PULA_KLEAE__GH-439m,0.1285919408260987,0.023642243537558137
sp_P09805_KTXA_KLULA__GH,0.20055461309149814,0.052921493667895385
sp_P09805_KTXA_KLULA__GH-459m,0.21175986769283922,0.05093861324996569
sp_P0C2S1_CELK_ACETH__GH,0.014969796886271583,0.005034937368174297
sp_P0C2S1_CELK_ACETH__GH-358m,0.16698419994043068,0.031067853226707163
sp_P0DTR5_AGAL_FLAPL__GH,0.21874354698380963,0.05554673817567583
sp_P0DTR5_AGAL_FLAPL__GH-432m,0.16030632689386481,0.03181327400110266
sp_P0DXE8_GAASE_BIFLL__GH,0.08264908768960713,0.01999129808372508
sp_P0DXE8_GAASE_BIFLL__GH-455m,0.6879516275059021,0.04545788451087083
sp_P13670_CHB_VIBHA__GH,0.4170115626410129,0.06398353019122276
sp_P13670_CHB_VIBHA__GH-354m,0.020570250780837313,0.009633652934440906
sp_P14090_GUNC_CELFA__GH,0.38680162708452215,0.0814646973512117
sp_P14090_GUNC_CELFA__GH-441m,0.9849062446169279,0.005990169090073662
sp_P16218_GUNH_ACET2__GH,0.027425673465848583,0.007710130287938192
sp_P16218_GUNH_ACET2__GH-360m,0.03797150478449357,0.009658588408881024
sp_P22533_MANB_CALSA__GH,0.05870514227290582,0.02286469013643506
sp_P22533_MANB_CALSA__GH-533m,0.06761712465686756,0.016602971860742156
sp_P22534_GUNA_CALSA__GH,0.5349708571467755,0.0506163296886731
sp_P22534_GUNA_CALSA__GH-697m,0.6626597773067466,0.02309175986690097
sp_P23253_TCNA_TRYCR__GH,0.6476399122252309,0.050100646662886154
sp_P23253_TCNA_TRYCR__GH-465m,0.30651124171441374,0.06469381460474026
sp_P29336_GTFS_STRDO__GH,0.21012481898713342,0.04220204142707118
sp_P29336_GTFS_STRDO__GH-546m,0.5835573399395452,0.06067461401615994
sp_P30924_GLGB_SOLTU__GH,0.052430661956842387,0.014893034254950217
sp_P30924_GLGB_SOLTU__GH-345m,0.18990210595010118,0.051747312511552845
sp_P32823_CHIA_PSEO7__GH,0.00916193640753515,0.002508802056140441
sp_P32823_CHIA_PSEO7__GH-328m,0.05099625203387348,0.017308048330183238
sp_P35574_GDE_RABIT__GH,0.09445867476987711,0.019346224994183644
sp_P35574_GDE_RABIT__GH-622m,0.29716689506907523,0.07088795458087217
sp_P36917_XYNA_THESA__GH,0.5368035455705609,0.10172369080387153
sp_P36917_XYNA_THESA__GH-463m,0.05651497269061919,0.015815853305291727
sp_P38939_APU_THEP3__GH,0.39913409822372103,0.04762846272069314
sp_P38939_APU_THEP3__GH-593m,0.13848830997655517,0.029099812382401783
sp_P39653_DEXT_STRDO__GH,0.035482025524386215,0.010010288945293983
sp_P39653_DEXT_STRDO__GH-535m,0.17290407797183566,0.01721767792087765
sp_P50401_GUXA_CELFA__GH,0.4553438224864692,0.07764057721322738
sp_P50401_GUXA_CELFA__GH-349m,0.1385129985597277,0.030427250038458635
sp_P50899_GUXB_CELFA__GH,0.1263695851383808,0.039345510167249326
sp_P50899_GUXB_CELFA__GH-436m,0.16914485898196568,0.04734007723344826
sp_P54197_CHI2_COCP7__GH,0.06045177110115024,0.013337519273085147
sp_P54197_CHI2_COCP7__GH-342m,0.029611537078935806,0.007121810207514579
sp_P56526_AGLU_ASPNG__GH,0.23749696411447316,0.051824664557427715
sp_P56526_AGLU_ASPNG__GH-394m,0.04959817342038113,0.012924061942598031
sp_P62575_NANA_STREE__GH,0.5739412876051255,0.06593432823186636
sp_P62575_NANA_STREE__GH-414m,0.25573665849328686,0.03491223475213192
sp_P62576_NANA_STRR6__GH,0.5739412876051255,0.06593432823186636
sp_P62576_NANA_STRR6__GH-414m,0.25573665849328686,0.03491223475213192
sp_P78617_TREA_EMENI__GH,0.4838140620759777,0.06124255381737209
sp_P78617_TREA_EMENI__GH-422m,0.06978681677490309,0.023190372216433032
sp_P81650_BGAL_PSEHA__GH,0.18051795281640562,0.0187022840605048
sp_P81650_BGAL_PSEHA__GH-416m,0.108042045037986,0.026564370227078554
sp_P82593_EABF_STRCX__GH,0.0075340889827479355,0.00260115574658664
sp_P82593_EABF_STRCX__GH-330m,0.054357244622857626,0.023337215211991922
sp_P94078_MANA1_ARATH__GH,0.056256783940275376,0.016172193048137298
sp_P94078_MANA1_ARATH__GH-408m,0.10834842178633712,0.02601432814227423
sp_Q02290_XYNB_NEOPA__GH,0.0995583238330988,0.029947504402891935
sp_Q02290_XYNB_NEOPA__GH-344m,0.011122787587248762,0.0034865626082377344
sp_Q02934_GUNI_ACET2__GH,0.1523796060266908,0.02241885387644944
sp_Q02934_GUNI_ACET2__GH-355m,0.028661289405242645,0.006418068361724114
sp_Q03174_FRUA_STRMU__GH,0.26227910214895156,0.05530576171155467
sp_Q03174_FRUA_STRMU__GH-570m,0.03134940712455863,0.005291146480106737
sp_Q05884_AMY_STRLI__GH,0.35351212114613545,0.035437951292381836
sp_Q05884_AMY_STRLI__GH-368m,0.09555631430142025,0.019435449243652408
sp_Q10NX8_BGAL6_ORYSJ__GH,0.06775674371367565,0.01850567699438436
sp_Q10NX8_BGAL6_ORYSJ__GH-344m,0.1629679110318151,0.050994875997685825
sp_Q12205_MNL2_YEAST__GH,0.021508389842600277,0.003855786735015737
sp_Q12205_MNL2_YEAST__GH-340m,0.10698438633165774,0.022505327892253613
sp_Q1EAR5_CHI2_COCIM__GH,0.1159047751007644,0.026856769045412104
sp_Q1EAR5_CHI2_COCIM__GH-358m,0.013001660433724655,0.0038185982993994448
sp_Q23892_GLUA_DICDI__GH,0.12575876223087384,0.02571599694965723
sp_Q23892_GLUA_DICDI__GH-329m,0.07173987569222794,0.018301078087487883
sp_Q28949_MA2B2_PIG__GH,0.5129004065769924,0.06484766238602582
sp_Q28949_MA2B2_PIG__GH-398m,0.05849854566159688,0.013829039295678977
sp_Q2FZK7_ATL_STAA8__GH,0.6250155300259073,0.04112562448692762
sp_Q2FZK7_ATL_STAA8__GH-503m,0.7588213399197066,0.04463181651031039
sp_Q2MGH6_GH101_STRPN__GH,0.42836919706176557,0.029095023771905634
sp_Q2MGH6_GH101_STRPN__GH-707m,0.38442863233289015,0.035343380904841605
sp_Q41059_GLGB2_PEA__GH,0.1031226435929585,0.025338813788188936
sp_Q41059_GLGB2_PEA__GH-331m,0.11337806189126867,0.033782608120983555
sp_Q4AEG8_XYND_ASPAW__GH,0.03489365029237128,0.01003950446000381
sp_Q4AEG8_XYND_ASPAW__GH-322m,0.07602612232566112,0.01640979043371013
sp_Q4FZV0_MANBA_RAT__GH,0.12350411994111513,0.030411020411280222
sp_Q4FZV0_MANBA_RAT__GH-353m,0.011190812180370194,0.0022787503498634494
sp_Q4WEP7_CHIA1_ASPFU__GH,0.1581836021909028,0.04921785310521562
sp_Q4WEP7_CHIA1_ASPFU__GH-356m,0.07229330983739694,0.021529927021389228
sp_Q53317_XYND_RUMFL__GH,0.029210362800577483,0.012959432875709592
sp_Q53317_XYND_RUMFL__GH-321m,0.006638294180323573,0.0018656179841896841
sp_Q54YC4_MAND_DICDI__GH,0.07141843980162087,0.015424466361988827
sp_Q54YC4_MAND_DICDI__GH-489m,0.028750712809705613,0.006731205323788871
sp_Q55242_LSC_STRSL__GH,0.7390096213491104,0.0591020110020447
sp_Q55242_LSC_STRSL__GH-388m,0.13973238175360705,0.040771291268965434
sp_Q5AUW5_BGLD_EMENI__GH,0.46019829816295293,0.08348310999531669
sp_Q5AUW5_BGLD_EMENI__GH-325m,0.010406929342887394,0.001205995451969781
sp_Q5AVZ7_EXGD_EMENI__GH,0.008031396988526366,0.0012137659251025706
sp_Q5AVZ7_EXGD_EMENI__GH-333m,0.08052596087755708,0.015263752563799828
sp_Q5AWI5_AGDC_EMENI__GH,0.06218084689472907,0.017519404301944135
sp_Q5AWI5_AGDC_EMENI__GH-358m,0.2591318521871496,0.04195684061972483
sp_Q5BAS1_XYND_EMENI__GH,0.0156236214863473,0.003299889319554891
sp_Q5BAS1_XYND_EMENI__GH-322m,0.05565417989776118,0.013712751956203058
sp_Q5BFG8_BGLB_EMENI__GH,0.11989131542755563,0.025688000190295907
sp_Q5BFG8_BGLB_EMENI__GH-338m,0.15895363180760974,0.026080988535057394
sp_Q5H7P5_EBM_LILLO__GH,0.12032717774981701,0.02427307568307122
sp_Q5H7P5_EBM_LILLO__GH-382m,0.12302800365930369,0.025147630807035155
sp_Q5HH31_ATL_STAAC__GH,0.6181833359271182,0.041926951469681596
sp_Q5HH31_ATL_STAAC__GH-503m,0.7565470864441399,0.04614469130245346
sp_Q5HQB9_ATL_STAEQ__GH,0.7355619061567,0.04887842570505964
sp_Q5HQB9_ATL_STAEQ__GH-534m,0.2725491867155637,0.04051960235419724
sp_Q5KTI5_AGAO_MICTH__GH,0.891681330666421,0.024993792310906395
sp_Q5KTI5_AGAO_MICTH__GH-470m,0.9717315863716415,0.008959439734119355
sp_Q6GAG0_ATL_STAAS__GH,0.6469646517912915,0.06732431376304081
sp_Q6GAG0_ATL_STAAS__GH-500m,0.6863453085529165,0.03877216032114182
sp_Q6GI31_ATL_STAAR__GH,0.6530361304274339,0.06953392119675302
sp_Q6GI31_ATL_STAAR__GH-503m,0.44280044735957613,0.04798656524678155
sp_Q70DK5_XG74_ACETH__GH,0.009736666569485682,0.0025037844217418526
sp_Q70DK5_XG74_ACETH__GH-337m,0.3897777385178033,0.07384349217296605
sp_Q75W54_EBM_ARATH__GH,0.2602270464140892,0.06482620069788553
sp_Q75W54_EBM_ARATH__GH-378m,0.08157496160644298,0.0285171311703087
sp_Q76IQ9_CHBP_VIBPR__GH,0.04807310295414676,0.013091039840958047
sp_Q76IQ9_CHBP_VIBPR__GH-321m,0.017590968695885244,0.006293634296103083
sp_Q7KT91_C3390_DROME__GH,0.2170893200239165,0.05202835983247385
sp_Q7KT91_C3390_DROME__GH-380m,0.1271114639029121,0.03195010418471761
sp_Q7Z9M8_XG74_HYPJQ__GH,0.02347427137472634,0.008241450875030408
sp_Q7Z9M8_XG74_HYPJQ__GH-336m,0.047012931283883126,0.013070287173870801
sp_Q82NR8_EBDG_STRAW__GH,0.062123715883249456,0.014536881574666616
sp_Q82NR8_EBDG_STRAW__GH-362m,0.045527057447832864,0.009738945207513148
sp_Q8CPQ1_ATL_STAES__GH,0.731469767678188,0.049797485525704795
sp_Q8CPQ1_ATL_STAES__GH-534m,0.2751048221009917,0.04050124812600721
sp_Q8L735_ISOA2_ARATH__GH,0.007629148710939472,0.001965578259515542
sp_Q8L735_ISOA2_ARATH__GH-353m,0.11519402699512593,0.023227889237527034
sp_Q8LPJ3_MANA2_ARATH__GH,0.4835446529425035,0.05339716266331283
sp_Q8LPJ3_MANA2_ARATH__GH-410m,0.09567964440836862,0.022849925249590723
sp_Q8NX96_ATL_STAAW__GH,0.6391051520267237,0.04046213265722599
sp_Q8NX96_ATL_STAAW__GH-503m,0.766623190576882,0.04415550958290402
sp_Q8RQU9_CTSZ_SPOGL__GH,0.9224236034770051,0.02233156060844583
sp_Q8RQU9_CTSZ_SPOGL__GH-514m,0.5232975786028771,0.06940770882381192
sp_Q8RQV0_CTSY_SPOGL__GH,0.23292553729799043,0.05871388120458471
sp_Q8RQV0_CTSY_SPOGL__GH-438m,0.12965363717473893,0.02621035553599457
sp_Q8TET4_GANC_HUMAN__GH,0.09558148334611802,0.02983875558974236
sp_Q8TET4_GANC_HUMAN__GH-366m,0.09856601566496657,0.024115559686605958
sp_Q8VHC8_MA2B1_CAVPO__GH,0.62579488110538,0.09841318015584757
sp_Q8VHC8_MA2B1_CAVPO__GH-403m,0.2805101099755842,0.057483993424276875
sp_Q8WP17_KLOT_MACFA__GH,0.03662178797019992,0.008453637564910155
sp_Q8WP17_KLOT_MACFA__GH-406m,0.019593382484780004,0.004434694299526404
sp_Q8XL08_OGA_CLOPE__GH,0.3519742504265165,0.04286484789101157
sp_Q8XL08_OGA_CLOPE__GH-401m,0.4875719896265128,0.043203255939689225
sp_Q92223_CHIA1_EMEND__GH,0.31439051862030293,0.049389714507038995
sp_Q92223_CHIA1_EMEND__GH-385m,0.008557140662965798,0.0025401096290686375
sp_Q931U5_ATL_STAAM__GH,0.5576368780825914,0.04964757737729066
sp_Q931U5_ATL_STAAM__GH-500m,0.38023251437888705,0.057232368394594925
sp_Q93XK2_STSYN_PEA__GH,0.05854594019846197,0.01831640805225427
sp_Q93XK2_STSYN_PEA__GH-342m,0.2146013169166216,0.03711224652489201
sp_Q99V41_ATL_STAAN__GH,0.5576368780825914,0.04964757737729066
sp_Q99V41_ATL_STAAN__GH-500m,0.38023251437888705,0.057232368394594925
sp_Q9FNA3_NAGLU_ARATH__GH,0.006618176121532661,0.0017592097848143143
sp_Q9FNA3_NAGLU_ARATH__GH-323m,0.0027453854095023204,0.0007552436869299596
sp_Q9KG76_ENG1_HALH5__GH,0.7964585811936582,0.05371327380799405
sp_Q9KG76_ENG1_HALH5__GH-408m,0.37583568951031954,0.08655325546023891
sp_Q9LAP7_AAGAR_ALTAG__GH,0.45754132651085727,0.05064387613831315
sp_Q9LAP7_AAGAR_ALTAG__GH-572m,0.6043060956450488,0.06324246916027998
sp_Q9SCV9_BGAL3_ARATH__GH,0.13100230229317283,0.030476661636471555
sp_Q9SCV9_BGAL3_ARATH__GH-343m,0.017389522718896856,0.005162674114095068
sp_Q9UT61_MAN1_SCHPO__GH,0.5898979348921991,0.08660152368175258
sp_Q9UT61_MAN1_SCHPO__GH-431m,0.6634288433748331,0.08496511278150934
sp_Q9UUZ3_MANBA_ASPNG__GH,0.16235255515319297,0.04779806567267893
sp_Q9UUZ3_MANBA_ASPNG__GH-373m,0.028846937356944054,0.007110029355513231
sp_A0A0A2J9B0_LYS11_PENEN__GH,0.19725292922822443,0.03984196113545766
sp_A0A0A2J9B0_LYS11_PENEN__GH-447m,0.35847425271074845,0.056755114685364615
sp_A0A0A2JVV3_LYS18_PENEN__GH,0.3104000358109148,0.043947455669357045
sp_A0A0A2JVV3_LYS18_PENEN__GH-578m,0.5508643520661017,0.05544860628503566
sp_A0A401ETL2_EXGAL_BIFL2__GH,0.21265468288360578,0.0430529501881997
sp_A0A401ETL2_EXGAL_BIFL2__GH-606m,0.8700199546424601,0.01900745302106485
sp_A0KQH4_BGAL_AERHH__GH,0.7051413133282234,0.0621715664560194
sp_A0KQH4_BGAL_AERHH__GH-410m,0.16874137463536606,0.03610052438800088
sp_A1A831_BGAL_ECOK1__GH,0.02395244139087311,0.004945224850948139
sp_A1A831_BGAL_ECOK1__GH-410m,0.8276096428159398,0.04464923724106079
sp_A1CA51_BGLI_ASPCL__GH,0.039101857357045036,0.009615547871191125
sp_A1CA51_BGLI_ASPCL__GH-336m,0.09117008143962547,0.019808631173426464
sp_A1CE56_BGALC_ASPCL__GH,0.16019204518030467,0.03364061164719789
sp_A1CE56_BGALC_ASPCL__GH-394m,0.38520901168308364,0.09496655459080318
sp_A1CGA8_MANBB_ASPCL__GH,0.2827815573542849,0.06868143119378729
sp_A1CGA8_MANBB_ASPCL__GH-338m,0.06847318968038843,0.01444407654247018
sp_A1CMH6_BGLE_ASPCL__GH,0.07895887142826394,0.02021081319741299
sp_A1CMH6_BGLE_ASPCL__GH-420m,0.2924686594343001,0.05172316842211257
sp_A1CNK4_AGDC_ASPCL__GH,0.4744362502734097,0.06478061621752572
sp_A1CNK4_AGDC_ASPCL__GH-355m,0.01960392107699404,0.007082753380719512
sp_A1CR85_BGLA_ASPCL__GH,0.06445321736268914,0.019330216310667364
sp_A1CR85_BGLA_ASPCL__GH-347m,0.02446950472101538,0.007078813528544376
sp_A1CTI3_EXGD_ASPCL__GH,0.08677211879329852,0.017887636137821454
sp_A1CTI3_EXGD_ASPCL__GH-332m,0.017860742503532458,0.003485038757585873
sp_A1CTM5_MANBA_ASPCL__GH,0.026118713044848602,0.006034607517348356
sp_A1CTM5_MANBA_ASPCL__GH-373m,0.16203895270992646,0.0414117072253412
sp_A1CUR8_BGLH_ASPCL__GH,0.016095422819755144,0.003060349003105934
sp_A1CUR8_BGLH_ASPCL__GH-332m,0.011058173320347578,0.002778963393652541
sp_A1D199_BGALB_NEOFI__GH,0.41376923964939216,0.05989254430293141
sp_A1D199_BGALB_NEOFI__GH-406m,0.068857261643692,0.018570283573568783
sp_A1D1E6_AGDC_NEOFI__GH,0.2945628133314644,0.05269307937617021
sp_A1D1E6_AGDC_NEOFI__GH-353m,0.3143856390576477,0.0764943818914003
sp_A1D1Z9_BGALA_NEOFI__GH,0.13347160800269792,0.02476040218999756
sp_A1D1Z9_BGALA_NEOFI__GH-403m,0.1255119667126237,0.02481292179799212
sp_A1D451_BGLA_NEOFI__GH,0.178649222715625,0.03222624054410785
sp_A1D451_BGLA_NEOFI__GH-350m,0.04748695176717569,0.009174592465999139
sp_A1D911_MANBB_NEOFI__GH,0.30727934486688013,0.07397702868644522
sp_A1D911_MANBB_NEOFI__GH-338m,0.10162381946645263,0.02181901755811537
sp_A1DC16_BGLG_NEOFI__GH,0.033840903923762676,0.013683716314123866
sp_A1DC16_BGLG_NEOFI__GH-327m,0.08315521321522064,0.01922073273408778
sp_A1DFA8_BGLI_NEOFI__GH,0.02766034800390189,0.004988395326448483
sp_A1DFA8_BGLI_NEOFI__GH-336m,0.18152605230248434,0.043020534330812495
sp_A1DJ58_BGALE_NEOFI__GH,0.032217971357791565,0.007446805694721643
sp_A1DJ58_BGALE_NEOFI__GH-405m,0.008894681141036708,0.00364362305673214
sp_A1DLJ5_BGLE_NEOFI__GH,0.38138995861275504,0.09250023719437483
sp_A1DLJ5_BGLE_NEOFI__GH-418m,0.09149951237003753,0.02794456379877881
sp_A1DM65_BGALC_NEOFI__GH,0.13870977198477177,0.03626935165021183
sp_A1DM65_BGALC_NEOFI__GH-394m,0.11088596514549305,0.027371575546950282
sp_A1DMR8_BGLF_NEOFI__GH,0.18793760558200762,0.04468346408935709
sp_A1DMR8_BGLF_NEOFI__GH-348m,0.21056805703571632,0.03678461306109643
sp_A1DMT2_MANBA_NEOFI__GH,0.1832721445730539,0.04032332497453406
sp_A1DMT2_MANBA_NEOFI__GH-372m,0.03916384576437173,0.012263115030712583
sp_A1DMX4_EXGD_NEOFI__GH,0.07669478767377866,0.028942756169787268
sp_A1DMX4_EXGD_NEOFI__GH-334m,0.05285100957864429,0.010467183716077945
sp_A1DNN8_BGLJ_NEOFI__GH,0.0366542015212358,0.012623102928068097
sp_A1DNN8_BGLJ_NEOFI__GH-346m,0.1669967710792748,0.021887766387406634
sp_A1DPG0_BGLH_NEOFI__GH,0.010518976072260848,0.0016572443445413787
sp_A1DPG0_BGLH_NEOFI__GH-332m,0.005429163217344516,0.0010829146327231477
sp_A1JTC4_BGAL_YERE8__GH,0.1641909362515917,0.04209774785090609
sp_A1JTC4_BGAL_YERE8__GH-420m,0.2456700818836608,0.05101895297144048
sp_A1SWB8_BGAL_PSYIN__GH,0.08930539354019681,0.024047372339191398
sp_A1SWB8_BGAL_PSYIN__GH-414m,0.5509314389423224,0.06731436258936299
sp_A2QA64_BGALB_ASPNC__GH,0.3252430008711483,0.06831267603145966
sp_A2QA64_BGALB_ASPNC__GH-407m,0.2887338642370759,0.08232150229285554
sp_A2QL84_BGALC_ASPNC__GH,0.09812279531879911,0.0202523667633561
sp_A2QL84_BGALC_ASPNC__GH-398m,0.17553220619101012,0.02783588961026014
sp_A2QWU9_MANBA_ASPNC__GH,0.18617736935313803,0.05256286533071807
sp_A2QWU9_MANBA_ASPNC__GH-373m,0.02356707585925233,0.005016069673711637
sp_A2QX52_EXGD_ASPNC__GH,0.0061760237775248545,0.0017236366681947473
sp_A2QX52_EXGD_ASPNC__GH-332m,0.007918611587575975,0.0021445116131029473
sp_A2R989_BGLI_ASPNC__GH,0.03532979964891218,0.010831832293742075
sp_A2R989_BGLI_ASPNC__GH-328m,0.03539442597438032,0.009005634999353475
sp_A2RAL4_BGLA_ASPNC__GH,0.6206305094817163,0.06543557654133769
sp_A2RAL4_BGLA_ASPNC__GH-344m,0.14289412918886227,0.036727759609229284
sp_A4TLL5_BGAL_YERPP__GH,0.2501997739396063,0.0615864415002263
sp_A4TLL5_BGAL_YERPP__GH-424m,0.7126394319728094,0.07912996588913303
sp_A4W7D2_BGAL_ENT38__GH,0.07247912007162294,0.019256386603729973
sp_A4W7D2_BGAL_ENT38__GH-412m,0.22970876826945447,0.04762340594752697
sp_A5F5U6_BGAL_VIBC3__GH,0.0622767999962587,0.01614685496363636
sp_A5F5U6_BGAL_VIBC3__GH-410m,0.4664963665443298,0.09225591836836822
sp_A6RPN7_BGALB_BOTFB__GH,0.17974509494658858,0.051545450319162016
sp_A6RPN7_BGALB_BOTFB__GH-403m,0.45294338559401737,0.06136854044231372
sp_A6T8X0_BGAL1_KLEP7__GH,0.04065611629436401,0.012319911536935922
sp_A6T8X0_BGAL1_KLEP7__GH-414m,0.11591120119658807,0.045392369631734146
sp_A6TI29_BGAL2_KLEP7__GH,0.03266740422083651,0.009045670392788427
sp_A6TI29_BGAL2_KLEP7__GH-410m,0.7788720034656192,0.05503693388269484
sp_A6VP15_GLGB_ACTSZ__GH,0.024113968741538806,0.008474300058409477
sp_A6VP15_GLGB_ACTSZ__GH-332m,0.35204501912720787,0.060047411949865584
sp_A7EBU5_BGALB_SCLS1__GH,0.24342345526854792,0.04903957349738724
sp_A7EBU5_BGALB_SCLS1__GH-404m,0.4506571032861683,0.07766851277799026
sp_A7EZS5_BGALC_SCLS1__GH,0.09696883361718578,0.017306334262706526
sp_A7EZS5_BGALC_SCLS1__GH-394m,0.4081243540157353,0.07015344427612137
sp_A7FH78_BGAL_YERP3__GH,0.15017418226357615,0.04461637454464962
sp_A7FH78_BGAL_YERP3__GH-427m,0.23842233131957466,0.05446509044931461
sp_A7KGA5_BGAL2_KLEPN__GH,0.030584188121158817,0.008089016798777285
sp_A7KGA5_BGAL2_KLEPN__GH-410m,0.782243238894685,0.05604122112651732
sp_A7MN76_BGAL_CROS8__GH,0.12325636164476013,0.036806488580544375
sp_A7MN76_BGAL_CROS8__GH-418m,0.5020475256315599,0.06678154752987066
sp_A7ZI91_BGAL_ECO24__GH,0.02437836801960604,0.004974289690068112
sp_A7ZI91_BGAL_ECO24__GH-410m,0.815717136882353,0.04775304100147459
sp_A7ZWZ1_BGAL_ECOHS__GH,0.023527457771253875,0.004757943642298053
sp_A7ZWZ1_BGAL_ECOHS__GH-410m,0.8199403683259749,0.04627824119832102
sp_A8AKB8_BGAL_CITK8__GH,0.0659796564020668,0.01977199311982661
sp_A8AKB8_BGAL_CITK8__GH-410m,0.13462786744672522,0.043880390347786666
sp_A8GGN3_BGAL_SERP5__GH,0.29911817851320477,0.05247119541108245
sp_A8GGN3_BGAL_SERP5__GH-412m,0.8582584996522089,0.03345353037594009
sp_A9MQ82_BGAL_SALAR__GH,0.2535941919446522,0.04384415972807778
sp_A9MQ82_BGAL_SALAR__GH-410m,0.397455335198074,0.0811051275807512
sp_A9R0J8_BGAL_YERPG__GH,0.13435644301648714,0.02622809445099139
sp_A9R0J8_BGAL_YERPG__GH-420m,0.47106688708438255,0.058926929224605636
sp_A9WNA0_GH101_RENSM__GH,0.512559985962184,0.05417135663240159
sp_A9WNA0_GH101_RENSM__GH-604m,0.35676414479830143,0.04559744027064366
sp_B0UU89_GLGB_HISS2__GH,0.04593351873008167,0.011777832751426688
sp_B0UU89_GLGB_HISS2__GH-326m,0.029017310098916938,0.007453069326328928
sp_B0XM94_BGLH_ASPFC__GH,0.009288101787210842,0.0016323794867876883
sp_B0XM94_BGLH_ASPFC__GH-332m,0.003982786067586686,0.0008400236465922054
sp_B0XMP7_BGALA_ASPFC__GH,0.24226724180470366,0.04314184774750926
sp_B0XMP7_BGALA_ASPFC__GH-403m,0.10650974976538088,0.02314729306414237
sp_B0XNL6_AGDC_ASPFC__GH,0.34157282268413863,0.05781689616021058
sp_B0XNL6_AGDC_ASPFC__GH-353m,0.31867152342592053,0.07459179336940933
sp_B0XNY2_BGALB_ASPFC__GH,0.2917695574980175,0.04401385401981202
sp_B0XNY2_BGALB_ASPFC__GH-406m,0.0643089389870675,0.01699523590731966
sp_B0XPE1_BGLA_ASPFC__GH,0.16312834574566,0.028228192526676334
sp_B0XPE1_BGLA_ASPFC__GH-350m,0.041025493098219824,0.00846930445035634
sp_B0XXE7_BGALE_ASPFC__GH,0.03608514515126023,0.008075385125431938
sp_B0XXE7_BGALE_ASPFC__GH-405m,0.05653176866776788,0.016616714092016885
sp_B0Y3M6_BGLI_ASPFC__GH,0.0259558869297015,0.0052529696395026085
sp_B0Y3M6_BGLI_ASPFC__GH-336m,0.11145767677892726,0.028845276736287073
sp_B0Y752_BGALC_ASPFC__GH,0.1380784155633154,0.03178587305344903
sp_B0Y752_BGALC_ASPFC__GH-394m,0.1415844542684582,0.04116376569140473
sp_B0Y7Q8_BGLF_ASPFC__GH,0.12817459476613494,0.03155264700776715
sp_B0Y7Q8_BGLF_ASPFC__GH-348m,0.2774304440050473,0.04270379982701555
sp_B0Y7S2_MANBA_ASPFC__GH,0.07533353887669035,0.015285305805097314
sp_B0Y7S2_MANBA_ASPFC__GH-371m,0.09597754815915571,0.018329424651622774
sp_B0Y7W2_EXGD_ASPFC__GH,0.09118905556122606,0.026295570824777497
sp_B0Y7W2_EXGD_ASPFC__GH-334m,0.010374561158914847,0.002805389514269761
sp_B0Y8M8_BGLJ_ASPFC__GH,0.032516956163072555,0.008558191318450674
sp_B0Y8M8_BGLJ_ASPFC__GH-346m,0.32853812824906903,0.05343474289327515
sp_B0YD91_BGLE_ASPFC__GH,0.2971564947388371,0.06362967929889096
sp_B0YD91_BGLE_ASPFC__GH-414m,0.4387881928407994,0.08383422641123335
sp_B1J0T5_BGAL_ECOLC__GH,0.021827952910938347,0.004955540077548358
sp_B1J0T5_BGAL_ECOLC__GH-410m,0.817974290567261,0.043301072079774273
sp_B1JI86_BGAL_YERPY__GH,0.1596870615880213,0.04718514941367996
sp_B1JI86_BGAL_YERPY__GH-427m,0.2338561520139542,0.05485279724113693
sp_B1LIM9_BGAL_ECOSM__GH,0.041221116432597196,0.008376975479066724
sp_B1LIM9_BGAL_ECOSM__GH-410m,0.7951774351612132,0.048020399957860636
sp_B2K6E6_BGAL_YERPB__GH,0.1596870615880213,0.04718514941367996
sp_B2K6E6_BGAL_YERPB__GH-427m,0.2338561520139542,0.05485279724113693
sp_B2VHN8_BGAL_ERWT9__GH,0.08115717489747112,0.027418097554738854
sp_B2VHN8_BGAL_ERWT9__GH-411m,0.01317954304408045,0.0030346865598182772
sp_B2W791_BGALB_PYRTR__GH,0.9100000775321557,0.0221679830766361
sp_B2W791_BGALB_PYRTR__GH-404m,0.09061508424768214,0.020356506282682506
sp_B4S2K9_BGAL_ALTMD__GH,0.1212430292455114,0.029269189530997844
sp_B4S2K9_BGAL_ALTMD__GH-417m,0.07744207015401071,0.015438468071120781
sp_B5XQY2_BGAL_KLEP3__GH,0.048369226871580726,0.014929573762063416
sp_B5XQY2_BGAL_KLEP3__GH-414m,0.08084736159997993,0.02956230492213431
sp_B5Z2P7_BGAL_ECO5E__GH,0.05319359609270967,0.011525471607744055
sp_B5Z2P7_BGAL_ECO5E__GH-410m,0.8619383677024913,0.042045698900826656
sp_B6GW04_BGALB_PENRW__GH,0.12207972216587452,0.043139542950493506
sp_B6GW04_BGALB_PENRW__GH-406m,0.3527091222750534,0.0719242266850364
sp_B6H5X9_BGALC_PENRW__GH,0.025146788737437455,0.006846493304883657
sp_B6H5X9_BGALC_PENRW__GH-393m,0.6558225932722983,0.06120433164326907
sp_B6QHA9_BGALC_TALMQ__GH,0.00837209067498035,0.0019797689942038345
sp_B6QHA9_BGALC_TALMQ__GH-400m,0.2999733571792652,0.07094492000303002
sp_B6QLF0_BGALB_TALMQ__GH,0.004701597964918323,0.0012451153070583735
sp_B6QLF0_BGALB_TALMQ__GH-404m,0.05024357135627226,0.01021549631392032
sp_B7N8Q1_BGAL_ECOLU__GH,0.03471467788402642,0.008282202586016736
sp_B7N8Q1_BGAL_ECOLU__GH-410m,0.7853083622993026,0.047157572631861946
sp_B7UJI9_BGAL_ECO27__GH,0.05369293368993573,0.010523104263855087
sp_B7UJI9_BGAL_ECO27__GH-410m,0.8447391457679174,0.042050478499500984
sp_B8MZ41_AGDC_ASPFN__GH,0.017716219950526912,0.004655219381204918
sp_B8MZ41_AGDC_ASPFN__GH-351m,0.12860204727858185,0.03502460392950025
sp_B8N2I5_BGALC_ASPFN__GH,0.04443826772737704,0.011551761735730916
sp_B8N2I5_BGALC_ASPFN__GH-394m,0.4360907230155032,0.05561323191845664
sp_B8N6V7_BGALA_ASPFN__GH,0.1479421753472905,0.032467779237800455
sp_B8N6V7_BGALA_ASPFN__GH-402m,0.5094683115389016,0.06737174755304325
sp_B8NDE2_BGLI_ASPFN__GH,0.012230615983963567,0.002367619007662488
sp_B8NDE2_BGLI_ASPFN__GH-336m,0.16545255713920967,0.039922932531088265
sp_B8NKI4_BGALB_ASPFN__GH,0.09298306876034652,0.030021594679614783
sp_B8NKI4_BGALB_ASPFN__GH-408m,0.19304221125493246,0.030805890402737405
sp_B8NMR5_BGLG_ASPFN__GH,0.006636860817306564,0.002015620642263651
sp_B8NMR5_BGLG_ASPFN__GH-326m,0.1541514299119046,0.0273648120026639
sp_B8NNK9_EXGD_ASPFN__GH,0.0036324388563878695,0.00063577660015285
sp_B8NNK9_EXGD_ASPFN__GH-333m,0.01970477646829884,0.00613053638124826
sp_B8NP65_BGLF_ASPFN__GH,0.05541120900235326,0.008880014357750292
sp_B8NP65_BGLF_ASPFN__GH-347m,0.09272599309938848,0.01934903409935873
sp_B8NP78_MANBA_ASPFN__GH,0.03447850701051659,0.0080007100065284
sp_B8NP78_MANBA_ASPFN__GH-366m,0.06947198908788055,0.016327318135376107
sp_B8NPL7_BGLH_ASPFN__GH,0.006400800904226826,0.0015150509484909457
sp_B8NPL7_BGLH_ASPFN__GH-331m,0.023248300989975,0.006510084217603126
sp_B8NRX2_BGLA_ASPFN__GH,0.1469557962216847,0.0424403259736217
sp_B8NRX2_BGLA_ASPFN__GH-345m,0.18939107067544228,0.04319794282680935
sp_B8QGZ3_BGALA_PENEN__GH,0.5245268411814881,0.05628085328307017
sp_B8QGZ3_BGALA_PENEN__GH-405m,0.08620090052404493,0.01835857233889188
sp_B9F676_GLU2A_ORYSJ__GH,0.2841462053677099,0.03399513312801495
sp_B9F676_GLU2A_ORYSJ__GH-368m,0.1562627899234486,0.02134712239366597
sp_B9K7M6_CBPA_THENN__GH,0.06003650605605809,0.012880912835204813
sp_B9K7M6_CBPA_THENN__GH-326m,0.021868337873028287,0.004971930447599524
sp_C0LRA7_EBDG_HYPVI__GH,0.04291976623385883,0.012438074441782939
sp_C0LRA7_EBDG_HYPVI__GH-356m,0.04539557129598333,0.009874773331935857
sp_C0STH4_XYND_ASPAC__GH,0.06062466185910591,0.015604175589129209
sp_C0STH4_XYND_ASPAC__GH-322m,0.022600480448258548,0.008739927392494897
sp_D0VKF5_BGLA_ASPTE__GH,0.23247550334214379,0.05053417491748597
sp_D0VKF5_BGLA_ASPTE__GH-345m,0.13276081948576313,0.037450037845598354
sp_D4AN50_BGLA_ARTBC__GH,0.06527531197535683,0.015876392745708297
sp_D4AN50_BGLA_ARTBC__GH-328m,0.05684608944191627,0.012194284540790357
sp_D4AUH1_EBDG_ARTBC__GH,0.2053739423995034,0.06118996523773947
sp_D4AUH1_EBDG_ARTBC__GH-353m,0.03512320867973127,0.009763401578763795
sp_D4B0X3_AGD1_ARTBC__GH,0.1698512843222327,0.06270907578861322
sp_D4B0X3_AGD1_ARTBC__GH-346m,0.00418219523108725,0.0005597501117364953
sp_D4B5H9_ATC1_ARTBC__GH,0.6711762168640161,0.06553592439833597
sp_D4B5H9_ATC1_ARTBC__GH-422m,0.3281561669705131,0.07236854437077761
sp_F4J6T7_XYL2_ARATH__GH,0.14788983140862527,0.03264360788198018
sp_F4J6T7_XYL2_ARATH__GH-348m,0.04119970937440265,0.008470621432988924
sp_H2A0L6_HEX_PINMG__GH,0.1295861141381183,0.023713430051654952
sp_H2A0L6_HEX_PINMG__GH-454m,0.04634889162384039,0.009525122717982941
sp_O00906_AGLU_TETPY__GH,0.010907589702579792,0.002680585586663315
sp_O00906_AGLU_TETPY__GH-370m,0.0113210223824678,0.0037049735507490547
sp_O04893_AGLU_SPIOL__GH,0.044686021924063374,0.010683512339916932
sp_O04893_AGLU_SPIOL__GH-362m,0.033897390660556595,0.008554187784816281
sp_O42814_AGUA_ASPTU__GH,0.009765251898983156,0.0028785847156616294
sp_O42814_AGUA_ASPTU__GH-337m,0.16684951756358282,0.039985211670820336
sp_O69230_XYNC_PAEBA__GH,0.6242148050000785,0.06388679303928112
sp_O69230_XYNC_PAEBA__GH-435m,0.8412912394728187,0.041095120750200886
sp_O74851_ADG3_SCHPO__GH,0.8750823205200164,0.021863881687746577
sp_O74851_ADG3_SCHPO__GH-453m,0.034052978693337996,0.006648236851386699
sp_P06219_BGAL1_KLEPN__GH,0.2675215976266897,0.06927740510585566
sp_P06219_BGAL1_KLEPN__GH-414m,0.5851127136358317,0.07958894305560385
sp_P06835_BGLS_WICAO__GH,0.018356650140133317,0.00471292555149242
sp_P06835_BGLS_WICAO__GH-330m,0.1727466529109732,0.04924201002458869
sp_P07206_PULA_KLEPN__GH,0.066402866678795,0.01681219500489654
sp_P07206_PULA_KLEPN__GH-436m,0.02103588401983978,0.006426164254181881
sp_P07337_BGLS_KLUMA__GH,0.019964273169599606,0.006350893214760666
sp_P07337_BGLS_KLUMA__GH-338m,0.07516348165734937,0.014231436395724826
sp_P0C1Y0_BGAL_LACDE__GH,0.5773625630965447,0.04206821315894719
sp_P0C1Y0_BGAL_LACDE__GH-403m,0.5596580959160035,0.09697467732008574
sp_P0DXG1_AAASE_BIFPS__GH,0.060926707262024773,0.020349966919332184
sp_P0DXG1_AAASE_BIFPS__GH-391m,0.19500803477262202,0.028483255198635413
sp_P10474_GUNB_CALSA__GH,0.001138185924892953,0.00033365781984420935
sp_P10474_GUNB_CALSA__GH-416m,0.4277995189720018,0.06538334513463195
sp_P10476_GUNA_CELJU__GH,0.193345458929339,0.0340445066108801
sp_P10476_GUNA_CELJU__GH-385m,0.08024183203910984,0.0279096817340246
sp_P10478_XYNZ_ACET2__GH,0.07269325686383116,0.028679083421805234
sp_P10478_XYNZ_ACET2__GH-335m,0.03392288544419915,0.0082360562837601
sp_P11001_GTF1_STRDO__GH,0.14555886049564054,0.014291630343460562
sp_P11001_GTF1_STRDO__GH-639m,0.47542867661795063,0.03792421793915631
sp_P16084_BGLS_BUTFI__GH,0.027929423836360552,0.006493086998339688
sp_P16084_BGLS_BUTFI__GH-332m,0.11284993245729032,0.027883925851950642
sp_P16950_APU_THETY__GH,0.5990300661874974,0.050297068369576065
sp_P16950_APU_THETY__GH-590m,0.015198146168621285,0.003262650402889361
sp_P19424_GUN_BACS6__GH,0.45625556283146607,0.0518979083908963
sp_P19424_GUN_BACS6__GH-377m,0.8723484369925772,0.03139810835764384
sp_P21139_MA2C1_RAT__GH,0.5524873985284285,0.10187616890670205
sp_P21139_MA2C1_RAT__GH-416m,0.10422911902758454,0.030071940701866053
sp_P22506_BGL1_SACFI__GH,0.10245017232139704,0.025320638314215688
sp_P22506_BGL1_SACFI__GH-351m,0.03398602829325908,0.007648126354245309
sp_P22507_BGL2_SACFI__GH,0.037502033835902025,0.014554275094281458
sp_P22507_BGL2_SACFI__GH-352m,0.056623164561520015,0.014652195632654606
sp_P22861_AMYG_SCHOC__GH,0.04652168777185216,0.00836596492686752
sp_P22861_AMYG_SCHOC__GH-384m,0.24755438793143208,0.058170835659449464
sp_P23659_GUNZ_THEST__GH,0.3586688085396533,0.07156297482729156
sp_P23659_GUNZ_THEST__GH-395m,0.2721014740172271,0.06573483118312984
sp_P26221_GUN4_THEFU__GH,0.04773235828491442,0.011592135102328581
sp_P26221_GUN4_THEFU__GH-352m,0.6443007879383547,0.054784736399417736
sp_P26225_GUNB_CELFI__GH,0.10469454767201966,0.025036395467583166
sp_P26225_GUNB_CELFI__GH-418m,0.09762499032142702,0.02020375596067085
sp_P27034_BGLS_RHIRD__GH,0.01720519431060385,0.004154761455860677
sp_P27034_BGLS_RHIRD__GH-328m,0.03202517469203904,0.011801431443668754
sp_P27470_GTF2_STRDO__GH,0.25305172243301155,0.019460058243486074
sp_P27470_GTF2_STRDO__GH-637m,0.4890221112839484,0.08215394913215993
sp_P29064_AGLU_CANTS__GH,0.39189428897339884,0.0451347092907695
sp_P29064_AGLU_CANTS__GH-428m,0.07945598612915966,0.0270719885874184
sp_P29126_XYNA_RUMFL__GH,0.0032430845824462837,0.0010874379674344014
sp_P29126_XYNA_RUMFL__GH-382m,0.048373322048218245,0.010067637549476876
sp_P29767_NANH_CLOSE__GH,0.05858170398588443,0.015206371140565264
sp_P29767_NANH_CLOSE__GH-406m,0.4071319237302494,0.05022176388664824
sp_P29853_BGAL_ASPNG__GH,0.1567939522828897,0.042375384254387756
sp_P29853_BGAL_ASPNG__GH-403m,0.5674653458484407,0.06138829974754145
sp_P30269_AMY_BUTFI__GH,0.03339761823305899,0.007330249947675632
sp_P30269_AMY_BUTFI__GH-391m,0.1920956899951632,0.056777287086774236
sp_P36905_APU_THESA__GH,0.5528387772149878,0.0720406504144562
sp_P36905_APU_THESA__GH-512m,0.6484899570694067,0.05133801657013811
sp_P48825_BGL1_ASPAC__GH,0.6632206703794675,0.0855513947413479
sp_P48825_BGL1_ASPAC__GH-344m,0.1840988402530676,0.051435130968158375
sp_P48980_BGAL_SOLLC__GH,0.06727310759456477,0.02070353039540388
sp_P48980_BGAL_SOLLC__GH-334m,0.006728801089685955,0.0017972513177835052
sp_P49610_STRH_STRPN__GH,0.49988642150387735,0.0678715459296827
sp_P49610_STRH_STRPN__GH-525m,0.0785799666819043,0.016231424231305115
sp_P50900_GUX2_THES1__GH,0.14873647909987656,0.037372988611226086
sp_P50900_GUX2_THES1__GH-366m,0.07224298203811522,0.028098807565260196
sp_P51584_XYNY_ACETH__GH,0.41622605230518134,0.06759330600560937
sp_P51584_XYNY_ACETH__GH-431m,0.11356745538684491,0.025966876133960717
sp_P52494_TREA_CANAX__GH,0.20167886102728821,0.026304553223767183
sp_P52494_TREA_CANAX__GH-363m,0.01294008923917806,0.0031002471145885058
sp_P54746_MNGB_ECOLI__GH,0.030777098059426987,0.006547227994757515
sp_P54746_MNGB_ECOLI__GH-351m,0.01665313643783566,0.00555708823725203
sp_P86956_HEX_PINMA__GH,0.10958229959312267,0.03546384547672574
sp_P86956_HEX_PINMA__GH-452m,0.03947782034286303,0.006665503908661964
sp_P87076_BGLA_ASPKW__GH,0.5617477214080134,0.07064222347334274
sp_P87076_BGLA_ASPKW__GH-344m,0.1022788298924348,0.024383570017307503
sp_P94286_CTA1_NIACI__GH,0.12466001099922837,0.036463780554398056
sp_P94286_CTA1_NIACI__GH-389m,0.16228870986422897,0.03394218651184875
sp_P9WN15_Y2006_MYCTU__GH,0.2275060477588482,0.04326730997379506
sp_P9WN15_Y2006_MYCTU__GH-531m,0.24710003804049427,0.06081356824976844
sp_Q03WL0_BGAL_LEUMM__GH,0.03233594081267448,0.012477831951518147
sp_Q03WL0_BGAL_LEUMM__GH-415m,0.19292781589810798,0.029125842268703368
sp_Q04786_HEX_VIBVL__GH,0.3270566167250544,0.057872624200015606
sp_Q04786_HEX_VIBVL__GH-339m,0.3455359230094025,0.053946878297223624
sp_Q04F24_BGAL_OENOB__GH,0.4854548836807405,0.06270972384851471
sp_Q04F24_BGAL_OENOB__GH-413m,0.3070842642227377,0.05033478155143819
sp_Q09901_YAJ1_SCHPO__GH,0.1103899591625734,0.02750563455813577
sp_Q09901_YAJ1_SCHPO__GH-398m,0.09882905459572278,0.02459578463626739
sp_Q0CAF5_BGLI_ASPTN__GH,0.021416649443515335,0.005089178854757107
sp_Q0CAF5_BGLI_ASPTN__GH-336m,0.04741724936510318,0.014522969427091102
sp_Q0CCA0_MANBB_ASPTN__GH,0.5617573825457025,0.08170167936118293
sp_Q0CCA0_MANBB_ASPTN__GH-338m,0.039159400058455286,0.010569410539481008
sp_Q0CHZ8_EXGD_ASPTN__GH,0.0744695426397987,0.028104674024038243
sp_Q0CHZ8_EXGD_ASPTN__GH-336m,0.007629332635696195,0.0021563566965528665
sp_Q0CI48_MANBA_ASPTN__GH,0.02647907577963557,0.007847845983310632
sp_Q0CI48_MANBA_ASPTN__GH-373m,0.3361561986929281,0.05149501949627194
sp_Q0CI67_BGLF_ASPTN__GH,0.030799560279722533,0.011793937659067643
sp_Q0CI67_BGLF_ASPTN__GH-347m,0.014132429946557726,0.005840614646766827
sp_Q0CMA7_AGDC_ASPTN__GH,0.016766274794798783,0.004063031227022389
sp_Q0CMA7_AGDC_ASPTN__GH-352m,0.15632272318083482,0.04105246807404717
sp_Q0CMF3_BGALB_ASPTN__GH,0.16458260693539511,0.05679289153149702
sp_Q0CMF3_BGALB_ASPTN__GH-409m,0.060306028747978954,0.017474463455846106
sp_Q0CTD7_BGLA_ASPTN__GH,0.22082110021205414,0.051309526082991004
sp_Q0CTD7_BGLA_ASPTN__GH-345m,0.1120767953171659,0.03375711133099914
sp_Q0CUC1_BGLG_ASPTN__GH,0.054553781126736166,0.020716310089727682
sp_Q0CUC1_BGLG_ASPTN__GH-327m,0.025284078093371305,0.0073277208172564945
sp_Q0I3H7_GLGB_HISS1__GH,0.038409784299629754,0.011760453606395153
sp_Q0I3H7_GLGB_HISS1__GH-323m,0.012664137267677312,0.00398755366449593
sp_Q0INM3_BGA15_ORYSJ__GH,0.06821270488410006,0.0181007816226322
sp_Q0INM3_BGA15_ORYSJ__GH-368m,0.0792688342151682,0.013760552646588051
sp_Q0IZZ8_BGA12_ORYSJ__GH,0.2764643485195827,0.08227436475012417
sp_Q0IZZ8_BGA12_ORYSJ__GH-365m,0.08101764694508094,0.012983548721989905
sp_Q0JRK4_CGLA_PSEVC__GH,0.2584295845321175,0.07556374983792685
sp_Q0JRK4_CGLA_PSEVC__GH-377m,0.03786447826101698,0.012244600474924493
sp_Q0TKT1_BGAL_ECOL5__GH,0.020849679248289794,0.004529489585519009
sp_Q0TKT1_BGAL_ECOL5__GH-410m,0.8571301836480307,0.03639935211880891
sp_Q10RB4_BGAL5_ORYSJ__GH,0.0676263297706168,0.014795191594973231
sp_Q10RB4_BGAL5_ORYSJ__GH-337m,0.06301541274400915,0.016082059916643427
sp_Q12558_AGLU_ASPOR__GH,0.23748310502937162,0.03239797125657645
sp_Q12558_AGLU_ASPOR__GH-394m,0.0961200228819391,0.018156853836181125
sp_Q18143_CHITL_CAEEL__GH,0.8367780505731872,0.04810332295622441
sp_Q18143_CHITL_CAEEL__GH-427m,0.029910682184543312,0.006389317737840934
sp_Q1C6T8_BGAL_YERPA__GH,0.2501997739396063,0.0615864415002263
sp_Q1C6T8_BGAL_YERPA__GH-424m,0.7126394319728094,0.07912996588913303
sp_Q1CI76_BGAL_YERPN__GH,0.2501997739396063,0.0615864415002263
sp_Q1CI76_BGAL_YERPN__GH-424m,0.7126394319728094,0.07912996588913303
sp_Q1G9Z4_BGAL_LACDA__GH,0.5554805832807922,0.0492862823079495
sp_Q1G9Z4_BGAL_LACDA__GH-404m,0.517260636514559,0.09925825295267444
sp_Q1RFJ2_BGAL_ECOUT__GH,0.02417632144746556,0.005113425668808909
sp_Q1RFJ2_BGAL_ECOUT__GH-410m,0.8483692548612737,0.040911135316506794
sp_Q1ZXI8_MANE_DICDI__GH,0.11839844215897241,0.02428652535056292
sp_Q1ZXI8_MANE_DICDI__GH-450m,0.1804400549727898,0.019992785582835938
sp_Q2J6Q9_GLGB_FRACC__GH,0.09235048218222393,0.02853297967430841
sp_Q2J6Q9_GLGB_FRACC__GH-325m,0.05045837333197343,0.018824282995807556
sp_Q2T6R3_GLGB_BURTA__GH,0.11019542617491684,0.029336104024802075
sp_Q2T6R3_GLGB_BURTA__GH-334m,0.33974770712869573,0.08025628426766197
sp_Q2U325_BGLG_ASPOR__GH,0.006636860817306564,0.002015620642263651
sp_Q2U325_BGLG_ASPOR__GH-326m,0.1541514299119046,0.0273648120026639
sp_Q2U6P1_BGALB_ASPOR__GH,0.12839844713591725,0.036214694871056406
sp_Q2U6P1_BGALB_ASPOR__GH-409m,0.2672209192521522,0.04768385992547579
sp_Q2U8Y5_BGLI_ASPOR__GH,0.012061365506086047,0.0022898945969733373
sp_Q2U8Y5_BGLI_ASPOR__GH-336m,0.16325516184993452,0.03937149014023849
sp_Q2U9M7_BGLH_ASPOR__GH,0.006703310440458329,0.0015861248062552437
sp_Q2U9M7_BGLH_ASPOR__GH-331m,0.022988222204026715,0.006505202299211018
sp_Q2UMD5_BGALC_ASPOR__GH,0.04388622716447624,0.012054214323406597
sp_Q2UMD5_BGALC_ASPOR__GH-394m,0.4088104623226648,0.053924638801178634
sp_Q2UMV7_EXGD_ASPOR__GH,0.003819046174689354,0.0006574199739644127
sp_Q2UMV7_EXGD_ASPOR__GH-333m,0.02059014472908531,0.006291684905835764
sp_Q2UN00_MANBA_ASPOR__GH,0.034187778553657344,0.00793283288124116
sp_Q2UN00_MANBA_ASPOR__GH-366m,0.06893537510698429,0.01626377765873185
sp_Q2UN12_BGLF_ASPOR__GH,0.0550241120883453,0.00902681242548918
sp_Q2UN12_BGLF_ASPOR__GH-347m,0.10201535419425747,0.02156691449730989
sp_Q2UQV7_AGDC_ASPOR__GH,0.01592380303548633,0.004196949021508543
sp_Q2UQV7_AGDC_ASPOR__GH-351m,0.13365243182898773,0.036206581802938925
sp_Q2UTX5_BGLE_ASPOR__GH,0.6354944766031866,0.05203678397203267
sp_Q2UTX5_BGLE_ASPOR__GH-420m,0.04131734134752972,0.009533722650834813
sp_Q2UUD6_BGLA_ASPOR__GH,0.14325137245203806,0.04333279114433884
sp_Q2UUD6_BGLA_ASPOR__GH-345m,0.19694840790792068,0.04456085068651596
sp_Q2XQU3_BGAL2_ENTCL__GH,0.08883120068629669,0.022483982810390532
sp_Q2XQU3_BGAL2_ENTCL__GH-412m,0.5815976463436894,0.07145209603874819
sp_Q32JB6_BGAL_SHIDS__GH,0.05497620112494037,0.009950720131077817
sp_Q32JB6_BGAL_SHIDS__GH-410m,0.7804599477490661,0.05482671754418415
sp_Q3MUH7_XG74_PAESP__GH,0.017063909540845856,0.002963042367892616
sp_Q3MUH7_XG74_PAESP__GH-411m,0.025324527512403272,0.007031525384863652
sp_Q3Z583_BGAL_SHISS__GH,0.023132324493851466,0.004816101270213469
sp_Q3Z583_BGAL_SHISS__GH-410m,0.8263422893388487,0.04430228231158769
sp_Q43763_AGLU_HORVU__GH,0.32120615155065907,0.05969036342377717
sp_Q43763_AGLU_HORVU__GH-351m,0.01293509006653388,0.002826462849463656
sp_Q47077_BGAL1_ENTCL__GH,0.16015130990829746,0.047263337041782164
sp_Q47077_BGAL1_ENTCL__GH-412m,0.12760964640066008,0.030690020567454995
sp_Q48727_BGAL_LACLA__GH,0.05897038961160199,0.009317404571501887
sp_Q48727_BGAL_LACLA__GH-400m,0.0073455144876358016,0.001294062152451245
sp_Q4WAH4_MANBB_ASPFU__GH,0.24564543045014972,0.06812344933114552
sp_Q4WAH4_MANBB_ASPFU__GH-338m,0.07582681933740155,0.016512816552259797
sp_Q4WD56_BGLE_ASPFU__GH,0.2971564947388371,0.06362967929889096
sp_Q4WD56_BGLE_ASPFU__GH-414m,0.4387881928407994,0.08383422641123335
sp_Q4WG05_BGALE_ASPFU__GH,0.03608514515126023,0.008075385125431938
sp_Q4WG05_BGALE_ASPFU__GH-405m,0.05653176866776788,0.016616714092016885
sp_Q4WJJ3_BGLA_ASPFU__GH,0.1745738929958904,0.02943689254891162
sp_Q4WJJ3_BGLA_ASPFU__GH-350m,0.039438050044955916,0.008266330058217529
sp_Q4WL79_BGLH_ASPFU__GH,0.008443199365578935,0.0014433261459467794
sp_Q4WL79_BGLH_ASPFU__GH-332m,0.004165360476910052,0.0008566121657369504
sp_Q4WLY1_BGLJ_ASPFU__GH,0.033137389040489025,0.009117725905522185
sp_Q4WLY1_BGLJ_ASPFU__GH-346m,0.29186426258583326,0.04928297097500081
sp_Q4WMP0_EXGD_ASPFU__GH,0.09118905556122606,0.026295570824777497
sp_Q4WMP0_EXGD_ASPFU__GH-334m,0.010374561158914847,0.002805389514269761
sp_Q4WMS9_MANBA_ASPFU__GH,0.07128654923293777,0.014803394927096564
sp_Q4WMS9_MANBA_ASPFU__GH-371m,0.0870857139259816,0.01698670034692137
sp_Q4WMU3_BGLF_ASPFU__GH,0.13569090157862784,0.03358023174255326
sp_Q4WMU3_BGLF_ASPFU__GH-348m,0.2803866138445703,0.04342834410609168
sp_Q4WNE4_BGALC_ASPFU__GH,0.1380784155633154,0.03178587305344903
sp_Q4WNE4_BGALC_ASPFU__GH-394m,0.1415844542684582,0.04116376569140473
sp_Q4WRD3_BGALB_ASPFU__GH,0.2917695574980175,0.04401385401981202
sp_Q4WRD3_BGALB_ASPFU__GH-406m,0.0643089389870675,0.01699523590731966
sp_Q4WRH9_AGDC_ASPFU__GH,0.34157282268413863,0.05781689616021058
sp_Q4WRH9_AGDC_ASPFU__GH-353m,0.31867152342592053,0.07459179336940933
sp_Q4WS33_BGALA_ASPFU__GH,0.22436002778891845,0.040146274199720826
sp_Q4WS33_BGALA_ASPFU__GH-403m,0.11131266374003779,0.024467419239968508
sp_Q4WU49_BGLI_ASPFU__GH,0.021052829554423936,0.004152174296759484
sp_Q4WU49_BGLI_ASPFU__GH-336m,0.09759524506919091,0.025451447985431735
sp_Q4WW45_AGUA_ASPFU__GH,0.024298809974955614,0.008509511897926283
sp_Q4WW45_AGUA_ASPFU__GH-336m,0.18086018994945918,0.05012786737505179
sp_Q4ZHV7_BGALA_ASPPH__GH,0.22464096906588668,0.05242525177690958
sp_Q4ZHV7_BGALA_ASPPH__GH-403m,0.029131449929280444,0.008493464641661995
sp_Q54443_DEXT_STRMU__GH,0.021535575882385645,0.004754144013996607
sp_Q54443_DEXT_STRMU__GH-340m,0.02773128785081197,0.008563213348340388
sp_Q54KN4_MANF_DICDI__GH,0.23086407190189462,0.05497283909407218
sp_Q54KN4_MANF_DICDI__GH-398m,0.09633920045418161,0.022747812656847447
sp_Q54YF7_MANB_DICDI__GH,0.16918793714605967,0.024128171693004265
sp_Q54YF7_MANB_DICDI__GH-414m,0.15860112699000078,0.030139126188062533
sp_Q55ER0_MANC_DICDI__GH,0.3564537512760839,0.07509047396156611
sp_Q55ER0_MANC_DICDI__GH-432m,0.7277996652351859,0.05298806320514222
sp_Q59140_BGAL_ARTSB__GH,0.28211306700172784,0.06721589001311001
sp_Q59140_BGAL_ARTSB__GH-406m,0.36501232932093586,0.07979485693136794
sp_Q5AQZ4_AGUA_EMENI__GH,0.10140965798711317,0.024539834936481913
sp_Q5AQZ4_AGUA_EMENI__GH-339m,0.039042278481181324,0.010792228554399305
sp_Q5AU81_AFCA_EMENI__GH,0.005128617469706635,0.001644603613844021
sp_Q5AU81_AFCA_EMENI__GH-324m,0.03629327282278292,0.011486420906550601
sp_Q5AV15_BGLJ_EMENI__GH,0.13327468689546457,0.038540241959379676
sp_Q5AV15_BGLJ_EMENI__GH-340m,0.05102472558038573,0.01354548850205555
sp_Q5AYH8_BGLE_EMENI__GH,0.7797412435995605,0.05643350518082555
sp_Q5AYH8_BGLE_EMENI__GH-410m,0.028143838138298717,0.004985975167181817
sp_Q5B0F4_BGLG_EMENI__GH,0.07244662672376498,0.014592935087837157
sp_Q5B0F4_BGLG_EMENI__GH-328m,0.016952563986005843,0.0037224572133237217
sp_Q5B5S8_BGLA_EMENI__GH,0.1890433197285688,0.041350703128016225
sp_Q5B5S8_BGLA_EMENI__GH-346m,0.15470320082855266,0.03497533940253051
sp_Q5B6C6_BGLF_EMENI__GH,0.029235665407538514,0.005738687424659911
sp_Q5B6C6_BGLF_EMENI__GH-348m,0.007667689174130877,0.002527415371180736
sp_Q5B6C7_BGLH_EMENI__GH,0.012653308723511465,0.002373867493904795
sp_Q5B6C7_BGLH_EMENI__GH-333m,0.06551443236749278,0.017172144583392224
sp_Q5B7W2_MANBB_EMENI__GH,0.5056454142338466,0.060913145780289384
sp_Q5B7W2_MANBB_EMENI__GH-338m,0.019653478427139014,0.005649068714230385
sp_Q5BA18_BGLK_EMENI__GH,0.07109588736094685,0.013164931655642816
sp_Q5BA18_BGLK_EMENI__GH-336m,0.02980105969233542,0.006163943738672965
sp_Q5BB53_BGLI_EMENI__GH,0.02098867671738976,0.005329297232968568
sp_Q5BB53_BGLI_EMENI__GH-336m,0.01917640805967881,0.006382649867953282
sp_Q5BCI8_MANBA_EMENI__GH,0.14717530018733813,0.03483927116186096
sp_Q5BCI8_MANBA_EMENI__GH-376m,0.3719510265050814,0.06603774709387214
sp_Q5BD38_XGCA_EMENI__GH,0.010323998574197746,0.004073908465082669
sp_Q5BD38_XGCA_EMENI__GH-324m,0.05322230382298483,0.012890140955658873
sp_Q5BEQ0_BGALB_EMENI__GH,0.18228738616336418,0.04220601612308629
sp_Q5BEQ0_BGALB_EMENI__GH-410m,0.02963398320532868,0.010606219744038617
sp_Q5BFC4_BGALA_EMENI__GH,0.7317900251345019,0.05947437868200992
sp_Q5BFC4_BGALA_EMENI__GH-403m,0.019936826307033438,0.004070714434192631
sp_Q5N8X6_BGAL3_ORYSJ__GH,0.08470115472889242,0.017106824799649516
sp_Q5N8X6_BGAL3_ORYSJ__GH-341m,0.1016988008166245,0.03149937321335188
sp_Q5R7A9_LYAG_PONAB__GH,0.03759832683294633,0.010215201068408362
sp_Q5R7A9_LYAG_PONAB__GH-381m,0.13703918203724094,0.028918326460120835
sp_Q5RDJ3_MA2B2_PONAB__GH,0.05709337539078476,0.014522435888916871
sp_Q5RDJ3_MA2B2_PONAB__GH-404m,0.27881461963142673,0.06989018633534874
sp_Q60037_XYNA_THEMA__GH,0.9507892164615436,0.012638281124331699
sp_Q60037_XYNA_THEMA__GH-424m,0.5718422065663653,0.061264759402870364
sp_Q60042_XYNA_THENE__GH,0.09169356924385802,0.019472466192818946
sp_Q60042_XYNA_THENE__GH-422m,0.47738026434697794,0.0552535639772955
sp_Q60HE9_MA2B1_MACFA__GH,0.3419208164269708,0.07602411357413212
sp_Q60HE9_MA2B1_MACFA__GH-405m,0.028347761424278035,0.007676683240425931
sp_Q63T93_GLGE_BURPS__GH,0.9921977399619208,0.003380448843338344
sp_Q63T93_GLGE_BURPS__GH-455m,0.44637276300787965,0.09457701331986888
sp_Q653V7_AGLU_ORYSJ__GH,0.18433139165128837,0.04277477002758684
sp_Q653V7_AGLU_ORYSJ__GH-354m,0.055934997297161594,0.013869882002707862
sp_Q669R9_BGAL_YERPS__GH,0.1596870615880213,0.04718514941367996
sp_Q669R9_BGAL_YERPS__GH-427m,0.2338561520139542,0.05485279724113693
sp_Q67VU7_BGA10_ORYSJ__GH,0.01904496122865764,0.007045444023856301
sp_Q67VU7_BGA10_ORYSJ__GH-324m,0.18572878172146634,0.05880138834855475
sp_Q69Q02_DPE2_ORYSJ__GH,0.15886560923206733,0.03487247760971458
sp_Q69Q02_DPE2_ORYSJ__GH-379m,0.043136913069276514,0.011804512106809873
sp_Q6D736_BGAL_PECAS__GH,0.06538509931801596,0.01950405034617172
sp_Q6D736_BGAL_PECAS__GH-416m,0.059510704629523035,0.013821435788732041
sp_Q6LL68_BGAL_PHOPR__GH,0.0516276913417019,0.012734704949294207
sp_Q6LL68_BGAL_PHOPR__GH-412m,0.15655449161303647,0.04359610053547782
sp_Q6ZJJ0_BGA11_ORYSJ__GH,0.06778629163109876,0.0278889843541884
sp_Q6ZJJ0_BGA11_ORYSJ__GH-340m,0.01445179853216095,0.0033266560905022774
sp_Q7CIZ3_BGAL_YERPE__GH,0.2501997739396063,0.0615864415002263
sp_Q7CIZ3_BGAL_YERPE__GH-424m,0.7126394319728094,0.07912996588913303
sp_Q7G3T8_BGA13_ORYSJ__GH,0.057077626709870447,0.009994716825625789
sp_Q7G3T8_BGA13_ORYSJ__GH-332m,0.040886001391835354,0.011557638964163182
sp_Q7MG04_BGAL_VIBVY__GH,0.6771904633294953,0.08547101624698858
sp_Q7MG04_BGAL_VIBVY__GH-413m,0.1797184986181149,0.03990445097025875
sp_Q7XFK2_BGA14_ORYSJ__GH,0.034271748382731546,0.011028793813206943
sp_Q7XFK2_BGA14_ORYSJ__GH-324m,0.06689044946646285,0.022284717841924914
sp_Q7Y2C9_EXLYS_BPKMV__GH,0.07630636999628489,0.012888692814159473
sp_Q7Y2C9_EXLYS_BPKMV__GH-360m,0.12352726240011062,0.02858548643112742
sp_Q82JF0_GLGB1_STRAW__GH,0.07901874168662253,0.017452820514239163
sp_Q82JF0_GLGB1_STRAW__GH-336m,0.04214474839790591,0.004650148135565236
sp_Q8BVW0_GANC_MOUSE__GH,0.23744270783713425,0.05743236467812489
sp_Q8BVW0_GANC_MOUSE__GH-360m,0.06938376113100225,0.011426680778410357
sp_Q8D4H3_BGAL_VIBVU__GH,0.09389563958573419,0.029969417026638013
sp_Q8D4H3_BGAL_VIBVU__GH-413m,0.02488089334847581,0.007120098005565839
sp_Q8FKG6_BGAL_ECOL6__GH,0.025724019020213117,0.005112884542889203
sp_Q8FKG6_BGAL_ECOL6__GH-410m,0.802570102095566,0.04986987986828208
sp_Q8GX69_BGA16_ARATH__GH,0.05119662566615509,0.01770071390290817
sp_Q8GX69_BGA16_ARATH__GH-326m,0.037903564963191846,0.008461445933196912
sp_Q8J0D2_CBHRE_GEOS1__GH,0.018769745745676365,0.007355272167733441
sp_Q8J0D2_CBHRE_GEOS1__GH-325m,0.27899541426191093,0.060736710045459226
sp_Q8RUV9_BGAL1_ORYSJ__GH,0.06460993193247022,0.01787612386952781
sp_Q8RUV9_BGAL1_ORYSJ__GH-331m,0.1077672192512656,0.018327759366575783
sp_Q8VNN2_BGAL_ECOLX__GH,0.45314434642932105,0.07128746405475729
sp_Q8VNN2_BGAL_ECOLX__GH-412m,0.5199290922425164,0.09642030423984302
sp_Q8W0A1_BGAL2_ORYSJ__GH,0.06398951310986044,0.014993880862993877
sp_Q8W0A1_BGAL2_ORYSJ__GH-331m,0.006563847559550334,0.0017210171469116571
sp_Q8X685_BGAL_ECO57__GH,0.05221653910773092,0.011533608643713998
sp_Q8X685_BGAL_ECO57__GH-410m,0.8623130288720035,0.04085095298687667
sp_Q92442_AGLU_MUCJA__GH,0.11682169400251927,0.014484627246495074
sp_Q92442_AGLU_MUCJA__GH-346m,0.014364015965634636,0.0034746983063510344
sp_Q92AT0_12OLP_LISIN__GH,0.01753034515798932,0.003092343400263389
sp_Q92AT0_12OLP_LISIN__GH-435m,0.14193464526214858,0.04701210259922285
sp_Q93324_MANBA_CAEEL__GH,0.12927595211317,0.029342990839300993
sp_Q93324_MANBA_CAEEL__GH-360m,0.030635903186045053,0.006615243169691035
sp_Q99024_AGUA_HYPJE__GH,0.07917375407022723,0.018826737964662738
sp_Q99024_AGUA_HYPJE__GH-339m,0.07001356242427673,0.019114540229041934
sp_Q9C105_YKT4_SCHPO__GH,0.5102889317591142,0.056629427024690905
sp_Q9C105_YKT4_SCHPO__GH-495m,0.5725251720743445,0.07643983350776672
sp_Q9FKW9_MANA3_ARATH__GH,0.06714777947197391,0.022402279506074634
sp_Q9FKW9_MANA3_ARATH__GH-419m,0.01853904419765493,0.004203449911310971
sp_Q9KER1_MNGB_HALH5__GH,0.28193738328411044,0.07810672195927805
sp_Q9KER1_MNGB_HALH5__GH-359m,0.15766630476807303,0.028202250490460132
sp_Q9P6J6_BGLS_SCHPO__GH,0.01762565343064064,0.003363315109888398
sp_Q9P6J6_BGLS_SCHPO__GH-333m,0.060501231780348684,0.0139053532767236
sp_Q9SCU8_BGA14_ARATH__GH,0.2094508861165152,0.04474035795903469
sp_Q9SCU8_BGA14_ARATH__GH-355m,0.011707547871996543,0.002339981308477515
sp_Q9SCU9_BGA13_ARATH__GH,0.12379722270942095,0.03763171930137555
sp_Q9SCU9_BGA13_ARATH__GH-340m,0.08745032929836628,0.02214720452457529
sp_Q9SCV1_BGA11_ARATH__GH,0.05667651888199301,0.014648667004795671
sp_Q9SCV1_BGA11_ARATH__GH-338m,0.01771802124336481,0.005231028257395703
sp_Q9SCV3_BGAL9_ARATH__GH,0.15492721730908365,0.022577377270916268
sp_Q9SCV3_BGAL9_ARATH__GH-355m,0.15968769108466163,0.03128596366394597
sp_Q9SCV4_BGAL8_ARATH__GH,0.08743809992193477,0.022983259339084388
sp_Q9SCV4_BGAL8_ARATH__GH-341m,0.0313079310514283,0.008547296396145375
sp_Q9SCV5_BGAL7_ARATH__GH,0.004856807669378847,0.0012472341804417746
sp_Q9SCV5_BGAL7_ARATH__GH-331m,0.04195706130855871,0.014473722286130272
sp_Q9SCW1_BGAL1_ARATH__GH,0.024568289874024846,0.006988428275503612
sp_Q9SCW1_BGAL1_ARATH__GH-339m,0.01516902606119957,0.002863662283635471
sp_Q9SYJ4_RFS4_ARATH__GH,0.2404886503154085,0.059781968346651296
sp_Q9SYJ4_RFS4_ARATH__GH-351m,0.0539567028408817,0.02576388765689608
sp_Q9URX4_YFZB_SCHPO__GH,0.42646944277020377,0.06592929768996962
sp_Q9URX4_YFZB_SCHPO__GH-398m,0.1951198945599156,0.042182490348006044
sp_T2KM09_PLH16_FORAG__GH,0.26122289313103264,0.06620815549314775
sp_T2KM09_PLH16_FORAG__GH-414m,0.2194764006747075,0.03591374241130704
sp_T2KN75_PLH17_FORAG__GH,0.42447073077484354,0.03460877891350752
sp_T2KN75_PLH17_FORAG__GH-393m,0.16272483115056718,0.04358814948128525
sp_T2KNA8_PLH15_FORAG__GH,0.11145986994245308,0.01963435179819608
sp_T2KNA8_PLH15_FORAG__GH-466m,0.3587418960525074,0.059904630601144954
sp_A1CC12_AGUA_ASPCL__GH,0.016634313126931994,0.005370977260981242
sp_A1CC12_AGUA_ASPCL__GH-336m,0.24558375116128528,0.06420424675918865
sp_A1DD80_AGUA_NEOFI__GH,0.02231295024856631,0.008907284804596937
sp_A1DD80_AGUA_NEOFI__GH-336m,0.15707262500158872,0.05295626883940574
sp_A2QYN2_MANBB_ASPNC__GH,0.37441078704486835,0.06881535527383092
sp_A2QYN2_MANBB_ASPNC__GH-338m,0.008589087907306862,0.0016030973822333927
sp_A2R3X3_AGUA_ASPNC__GH,0.013932828887628493,0.004232420744146743
sp_A2R3X3_AGUA_ASPNC__GH-337m,0.2577175381824892,0.04811461216902227
sp_A3DCH1_CELK_ACET2__GH,0.014398930409305007,0.004439314480245332
sp_A3DCH1_CELK_ACET2__GH-358m,0.13944851433026692,0.027850258997806996
sp_A3DFA0_XG74_ACET2__GH,0.011014935622599096,0.00273417446661207
sp_A3DFA0_XG74_ACET2__GH-337m,0.3560254181051275,0.07207788743203378
sp_A9US33_GHL3_MONBE__GH,0.44139629531825564,0.06725256391253483
sp_A9US33_GHL3_MONBE__GH-477m,0.10726288168350832,0.01804299574488309
sp_B0Y2K1_AGUA_ASPFC__GH,0.023005641704789664,0.008034897129324559
sp_B0Y2K1_AGUA_ASPFC__GH-336m,0.1839849351537321,0.05059397217589287
sp_B0YBU9_MANBB_ASPFC__GH,0.23324846122163398,0.06642573815323448
sp_B0YBU9_MANBB_ASPFC__GH-338m,0.07166819482931779,0.01555709550980337
sp_B8NGU1_AGUA_ASPFN__GH,0.01555929040787645,0.00409459826335264
sp_B8NGU1_AGUA_ASPFN__GH-336m,0.10512812812250016,0.02118654350158603
sp_B8NW36_MANBB_ASPFN__GH,0.30892497719844997,0.07631700201300134
sp_B8NW36_MANBB_ASPFN__GH-338m,0.010508452453126812,0.002336702221784307
sp_O06458_TRES_THETH__GH,0.10650899072938073,0.018652104840652245
sp_O06458_TRES_THETH__GH-386m,0.27785377132603106,0.06633242709282153
sp_O33815_BGAL_STAXY__GH,0.4976277012821046,0.07394721145297115
sp_O33815_BGAL_STAXY__GH-398m,0.015858585248915136,0.0036042044554064324
sp_O33840_PULA_THEMA__GH,0.04089753794687105,0.010573710170845416
sp_O33840_PULA_THEMA__GH-338m,0.03891787377171883,0.011778694591325335
sp_O52847_BGAL_PRIM3__GH,0.05949659100726342,0.019766537687807926
sp_O52847_BGAL_PRIM3__GH-414m,0.09758709390854677,0.029513940595423723
sp_O80596_XYN2_ARATH__GH,0.08648312995316956,0.020100631006914445
sp_O80596_XYN2_ARATH__GH-426m,0.05012963769348683,0.01707461498777227
sp_O86365_Y584_MYCTU__GH,0.024543649388727197,0.008651176780598364
sp_O86365_Y584_MYCTU__GH-351m,0.015617814312396908,0.005267905631862117
sp_P00723_BGAL_KLULA__GH,0.6797059564084155,0.07264053794279492
sp_P00723_BGAL_KLULA__GH-410m,0.10056803240348425,0.025922499909404435
sp_P15885_BGLS_RUMAL__GH,0.22987868106426568,0.04047846410815525
sp_P15885_BGLS_RUMAL__GH-379m,0.06284272126472897,0.013477944429000122
sp_P19570_GUN3_EVAC2__GH,0.16583399009756586,0.03683527693528616
sp_P19570_GUN3_EVAC2__GH-330m,0.14866175093413064,0.03070793511178085
sp_P23989_BGAL_STRTR__GH,0.15864563879752516,0.04182529806528799
sp_P23989_BGAL_STRTR__GH-411m,0.07737091429758397,0.018479784901198566
sp_P24131_BGAL_CLOAT__GH,0.018045409038510745,0.005891696724933659
sp_P24131_BGAL_CLOAT__GH-359m,0.17877551274281034,0.030211134195125503
sp_P35824_SLAP_NIACI__GH,0.08732245810492328,0.012072534812461577
sp_P35824_SLAP_NIACI__GH-647m,0.5205774331854115,0.042420267802066806
sp_P38535_XYNX_ACETH__GH,0.12221667286386215,0.03057926155423802
sp_P38535_XYNX_ACETH__GH-435m,0.8424267488745562,0.04476672993592662
sp_P45582_BGAL_ASPOF__GH,0.02235310869625637,0.005091294514691737
sp_P45582_BGAL_ASPOF__GH-333m,0.018754847653022842,0.005544913373047576
sp_P48839_AGAA_VIBS7__GH,0.5738617490637277,0.0820665692378924
sp_P48839_AGAA_VIBS7__GH-398m,0.23473954073470255,0.04300179247869777
sp_P48840_AGAB_VIBS7__GH,0.07556048393983548,0.01288089394305618
sp_P48840_AGAB_VIBS7__GH-382m,0.5212881888427631,0.08199966102260535
sp_P49676_BGAL_BRAOL__GH,0.02274473615957803,0.005727946480614995
sp_P49676_BGAL_BRAOL__GH-332m,0.11210386503823673,0.028317675698730154
sp_P70753_BGAL_ACTPL__GH,0.06091479256943598,0.010230450759340762
sp_P70753_BGAL_ACTPL__GH-402m,0.042172743047596974,0.013733706334098867
sp_P70873_CTA2_NIACI__GH,0.9338232428742073,0.017222700178826527
sp_P70873_CTA2_NIACI__GH-386m,0.05129577679582009,0.014316328862208882
sp_P9WN14_Y2006_MYCTO__GH,0.2275060477588482,0.04326730997379506
sp_P9WN14_Y2006_MYCTO__GH-531m,0.24710003804049427,0.06081356824976844
sp_Q04336_YM54_YEAST__GH,0.02654364189938716,0.004408404533050552
sp_Q04336_YM54_YEAST__GH-436m,0.2894897053249631,0.052018181452500624
sp_Q0CJP9_AGUA_ASPTN__GH,0.009068104446196375,0.0028292077813135783
sp_Q0CJP9_AGUA_ASPTN__GH-337m,0.028290375535224965,0.008005157182604554
sp_Q2TXB7_MANBB_ASPOR__GH,0.3466091996869502,0.078309227048613
sp_Q2TXB7_MANBB_ASPOR__GH-338m,0.008881730265385147,0.0019741247299398606
sp_Q2UFP4_AGUA_ASPOR__GH,0.012868124701939718,0.004238074563657257
sp_Q2UFP4_AGUA_ASPOR__GH-334m,0.0020043926737473585,0.0005314127997753627
sp_Q54K67_MANG_DICDI__GH,0.332613059856696,0.04176077075788135
sp_Q54K67_MANG_DICDI__GH-435m,0.13130723258358062,0.03345358558161626
sp_Q56307_BGAL_THEMA__GH,0.04189163050262524,0.011861500346690087
sp_Q56307_BGAL_THEMA__GH-434m,0.040628240110491,0.00959863647787731
sp_Q59979_DEXT_STRSL__GH,0.20817581737107194,0.04654877845680821
sp_Q59979_DEXT_STRSL__GH-329m,0.02484887363035661,0.005396610845760243
sp_Q96WX9_AGUA_ASPNG__GH,0.010714662626747003,0.0030936739263168842
sp_Q96WX9_AGUA_ASPNG__GH-337m,0.3182417831876422,0.053614811095835865
sp_Q9K9C6_BGAL_HALH5__GH,0.05172444346149711,0.021426191307459624
sp_Q9K9C6_BGAL_HALH5__GH-406m,0.2473003653156999,0.05714349625364982
sp_T2KPJ7_PLH8_FORAG__GH,0.005888021667490849,0.0018770121962877182
sp_T2KPJ7_PLH8_FORAG__GH-330m,0.024220319205808843,0.005002814530722526
sp_Q58318_Y908_METJA__GH,0.7858395138598893,0.032912335592010816
sp_Q58318_Y908_METJA__GH-493m,0.28475385402414377,0.07082933057579095
sp_Q9RT44_SBCC_DEIRA__nuclease,0.07973324676721191,0.01957538269362144
sp_Q9RT44_SBCC_DEIRA__nuclease-364m,0.448031932122514,0.061558857966508805
UniRef100_A0A7U2SDT5__Cas9,0.973917149941833,0.0013228463285943094
UniRef100_A0A7U2SDT5__Cas9-542m,0.03794356869814584,0.015908969826039603
