#,A,C,D,E,F,G,H,I,K,L,M,N,P,Q,R,S,T,V,W,Y
1M,0,0,0,0,0,0,0,0,0,0,0.0,0,0,0,0,0,0,0,0,0
2N,0,0,0,0,0,0,0,0,0,0,0,0.0,0,0,0,0,0,0,0,0
3F,0,0,0,0,0.0,0,0,0,0,0,0,0,0,0,0,0,0,0,0,0
4K,0,0,0,0,0,0,0,0,0.0,0,0,0,0,0,0,0,0,0,0,0
5I,0,0,0,0,0,0,0,0.06184848460524908,0,0,0,0,0,0,0,0,0,0,0,0
6L,0,0,0,0,0,0,0,0,0,0.25670548866753856,0,0,0,0,0,0,0,0,0,0
7P,0,0,0,0,0,0,0,0,0,0,0,0,0.20301063826182222,0,0,0,0,0,0,0
8I,0,0,0,0,0,0,0,0.820208810205719,0,0,0,0,0,0,0,0,0,0,0,0
9A,0.9483110647972856,0,0,0,0,0,0,0,0,0,0,0,0,0,0,0,0,0,0,0
10I,0,0,0,0,0,0,0,0.0,0,0,0,0,0,0,0,0,0,0,0,0
11D,0,0,0.711239403719423,0,0,0,0,0,0,0,0,0,0,0,0,0,0,0,0,0
12L,0,0,0,0,0,0,0,0,0,0.0,0,0,0,0,0,0,0,0,0,0
13G,0,0,0,0,0,0.6240704695129459,0,0,0,0,0,0,0,0,0,0,0,0,0,0
14V,0,0,0,0,0,0,0,0,0,0,0,0,0,0,0,0,0,0.26987784782948765,0,0
15K,0,0,0,0,0,0,0,0,0.7456091959537757,0,0,0,0,0,0,0,0,0,0,0
16N,0,0,0,0,0,0,0,0,0,0,0,0.449969622216557,0,0,0,0,0,0,0,0
17T,0,0,0,0,0,0,0,0,0,0,0,0,0,0,0,0,0.29775181146141844,0,0,0
18G,0,0,0,0,0,0.3679084397576344,0,0,0,0,0,0,0,0,0,0,0,0,0,0
19V,0,0,0,0,0,0,0,0,0,0,0,0,0,0,0,0,0,0.19263344258880827,0,0
20F,0,0,0,0,0.1660933439834291,0,0,0,0,0,0,0,0,0,0,0,0,0,0,0
21S,0,0,0,0,0,0,0,0,0,0,0,0,0,0,0,0.044049722989116524,0,0,0,0
22A,0.31155354748712777,0,0,0,0,0,0,0,0,0,0,0,0,0,0,0,0,0,0,0
23F,0,0,0,0,0.07630873929191137,0,0,0,0,0,0,0,0,0,0,0,0,0,0,0
24Y,0,0,0,0,0,0,0,0,0,0,0,0,0,0,0,0,0,0,0,0.15409374240216184
25Q,0,0,0,0,0,0,0,0,0,0,0,0,0,0.1521151000332316,0,0,0,0,0,0
26K,0,0,0,0,0,0,0,0,0.08680562148256121,0,0,0,0,0,0,0,0,0,0,0
27G,0,0,0,0,0,0.17666618463771416,0,0,0,0,0,0,0,0,0,0,0,0,0,0
28T,0,0,0,0,0,0,0,0,0,0,0,0,0,0,0,0,0.14493976413879114,0,0,0
29S,0,0,0,0,0,0,0,0,0,0,0,0,0,0,0,0.27052316671776117,0,0,0,0
30L,0,0,0,0,0,0,0,0,0,0.10677966405352785,0,0,0,0,0,0,0,0,0,0
31E,0,0,0,0.18294761889692615,0,0,0,0,0,0,0,0,0,0,0,0,0,0,0,0
32R,0,0,0,0,0,0,0,0,0,0,0,0,0,0,0.20660002542321723,0,0,0,0,0
33L,0,0,0,0,0,0,0,0,0,0.2067438780144998,0,0,0,0,0,0,0,0,0,0
34D,0,0,0.31697566420284695,0,0,0,0,0,0,0,0,0,0,0,0,0,0,0,0,0
35N,0,0,0,0,0,0,0,0,0,0,0,0.4033127425805441,0,0,0,0,0,0,0,0
36K,0,0,0,0,0,0,0,0,0.3511113878162877,0,0,0,0,0,0,0,0,0,0,0
37N,0,0,0,0,0,0,0,0,0,0,0,0.45925573943146136,0,0,0,0,0,0,0,0
38G,0,0,0,0,0,0.30184242144383133,0,0,0,0,0,0,0,0,0,0,0,0,0,0
39K,0,0,0,0,0,0,0,0,0.24517527473639242,0,0,0,0,0,0,0,0,0,0,0
40V,0,0,0,0,0,0,0,0,0,0,0,0,0,0,0,0,0,0.2393146431605769,0,0
41Y,0,0,0,0,0,0,0,0,0,0,0,0,0,0,0,0,0,0,0,0.21320161320702205
42E,0,0,0,0.3582871735414998,0,0,0,0,0,0,0,0,0,0,0,0,0,0,0,0
43L,0,0,0,0,0,0,0,0,0,0.14876838667495446,0,0,0,0,0,0,0,0,0,0
44S,0,0,0,0,0,0,0,0,0,0,0,0,0,0,0,0.47094911580140475,0,0,0,0
45K,0,0,0,0,0,0,0,0,0.21820974821359174,0,0,0,0,0,0,0,0,0,0,0
46D,0,0,0.25558729347660836,0,0,0,0,0,0,0,0,0,0,0,0,0,0,0,0,0
47S,0,0,0,0,0,0,0,0,0,0,0,0,0,0,0,0.17129722198603858,0,0,0,0
48Y,0,0,0,0,0,0,0,0,0,0,0,0,0,0,0,0,0,0,0,0.07601362660030798
49T,0,0,0,0,0,0,0,0,0,0,0,0,0,0,0,0,0.1711135404984324,0,0,0
50L,0,0,0,0,0,0,0,0,0,0.046425205934523484,0,0,0,0,0,0,0,0,0,0
51L,0,0,0,0,0,0,0,0,0,0.11664995621072421,0,0,0,0,0,0,0,0,0,0
52M,0,0,0,0,0,0,0,0,0,0,0.082879016674532,0,0,0,0,0,0,0,0,0
53N,0,0,0,0,0,0,0,0,0,0,0,0.08257465117361516,0,0,0,0,0,0,0,0
54N,0,0,0,0,0,0,0,0,0,0,0,0.08963757850784505,0,0,0,0,0,0,0,0
55R,0,0,0,0,0,0,0,0,0,0,0,0,0,0,0.1889730691911735,0,0,0,0,0
56T,0,0,0,0,0,0,0,0,0,0,0,0,0,0,0,0,0.13725649821514901,0,0,0
57A,0.2416709159091862,0,0,0,0,0,0,0,0,0,0,0,0,0,0,0,0,0,0,0
58R,0,0,0,0,0,0,0,0,0,0,0,0,0,0,0.17423223865382312,0,0,0,0,0
59R,0,0,0,0,0,0,0,0,0,0,0,0,0,0,0.2413656120101351,0,0,0,0,0
60H,0,0,0,0,0,0,0.24405035962213698,0,0,0,0,0,0,0,0,0,0,0,0,0
61Q,0,0,0,0,0,0,0,0,0,0,0,0,0,0.2437184562741687,0,0,0,0,0,0
62R,0,0,0,0,0,0,0,0,0,0,0,0,0,0,0.2913519633514659,0,0,0,0,0
63R,0,0,0,0,0,0,0,0,0,0,0,0,0,0,0.373543363639094,0,0,0,0,0
64G,0,0,0,0,0,0.3978451357645496,0,0,0,0,0,0,0,0,0,0,0,0,0,0
65I,0,0,0,0,0,0,0,0.26812686249864676,0,0,0,0,0,0,0,0,0,0,0,0
66D,0,0,0.493240057599121,0,0,0,0,0,0,0,0,0,0,0,0,0,0,0,0,0
67R,0,0,0,0,0,0,0,0,0,0,0,0,0,0,0.176926554239326,0,0,0,0,0
68K,0,0,0,0,0,0,0,0,0.4116785195818888,0,0,0,0,0,0,0,0,0,0,0
69Q,0,0,0,0,0,0,0,0,0,0,0,0,0,0.22926849227694865,0,0,0,0,0,0
70L,0,0,0,0,0,0,0,0,0,0.26614625296970007,0,0,0,0,0,0,0,0,0,0
71V,0,0,0,0,0,0,0,0,0,0,0,0,0,0,0,0,0,0.24072480451099404,0,0
72K,0,0,0,0,0,0,0,0,0.28911436703935656,0,0,0,0,0,0,0,0,0,0,0
73R,0,0,0,0,0,0,0,0,0,0,0,0,0,0,0.0,0,0,0,0,0
74L,0,0,0,0,0,0,0,0,0,0.0,0,0,0,0,0,0,0,0,0,0
75F,0,0,0,0,0.0,0,0,0,0,0,0,0,0,0,0,0,0,0,0,0
76K,0,0,0,0,0,0,0,0,0.0,0,0,0,0,0,0,0,0,0,0,0
77L,0,0,0,0,0,0,0,0,0,0.020851261937328364,0,0,0,0,0,0,0,0,0,0
78I,0,0,0,0,0,0,0,0.02574585467771389,0,0,0,0,0,0,0,0,0,0,0,0
79W,0,0,0,0,0,0,0,0,0,0,0,0,0,0,0,0,0,0,0.18493316749430552,0
80T,0,0,0,0,0,0,0,0,0,0,0,0,0,0,0,0,0.07322486257841261,0,0,0
81E,0,0,0,0.08051027789550558,0,0,0,0,0,0,0,0,0,0,0,0,0,0,0,0
82Q,0,0,0,0,0,0,0,0,0,0,0,0,0,0.22336638355385321,0,0,0,0,0,0
83L,0,0,0,0,0,0,0,0,0,0.12435906424966431,0,0,0,0,0,0,0,0,0,0
84N,0,0,0,0,0,0,0,0,0,0,0,0.21165518217763085,0,0,0,0,0,0,0,0
85L,0,0,0,0,0,0,0,0,0,0.19690703273670207,0,0,0,0,0,0,0,0,0,0
86E,0,0,0,0.30666029203284917,0,0,0,0,0,0,0,0,0,0,0,0,0,0,0,0
87W,0,0,0,0,0,0,0,0,0,0,0,0,0,0,0,0,0,0,0.21625296830571317,0
88D,0,0,0.3979479455224961,0,0,0,0,0,0,0,0,0,0,0,0,0,0,0,0,0
89K,0,0,0,0,0,0,0,0,0.16647012483255988,0,0,0,0,0,0,0,0,0,0,0
90D,0,0,0.49460038451621335,0,0,0,0,0,0,0,0,0,0,0,0,0,0,0,0,0
91T,0,0,0,0,0,0,0,0,0,0,0,0,0,0,0,0,0.42705352801476054,0,0,0
92Q,0,0,0,0,0,0,0,0,0,0,0,0,0,0.489749123134184,0,0,0,0,0,0
93Q,0,0,0,0,0,0,0,0,0,0,0,0,0,0.5969454836118284,0,0,0,0,0,0
94A,0.32508773032603583,0,0,0,0,0,0,0,0,0,0,0,0,0,0,0,0,0,0,0
95I,0,0,0,0,0,0,0,0.23015705933107186,0,0,0,0,0,0,0,0,0,0,0,0
96S,0,0,0,0,0,0,0,0,0,0,0,0,0,0,0,0.19659270782958893,0,0,0,0
97F,0,0,0,0,0.02716853496037871,0,0,0,0,0,0,0,0,0,0,0,0,0,0,0
98L,0,0,0,0,0,0,0,0,0,0.04677211610204429,0,0,0,0,0,0,0,0,0,0
99F,0,0,0,0,0.15257698791759855,0,0,0,0,0,0,0,0,0,0,0,0,0,0,0
100N,0,0,0,0,0,0,0,0,0,0,0,0.35771550852044226,0,0,0,0,0,0,0,0
101R,0,0,0,0,0,0,0,0,0,0,0,0,0,0,0.27960939675904806,0,0,0,0,0
102R,0,0,0,0,0,0,0,0,0,0,0,0,0,0,0.19990660231515334,0,0,0,0,0
103G,0,0,0,0,0,0.2023279229129264,0,0,0,0,0,0,0,0,0,0,0,0,0,0
104F,0,0,0,0,0.0,0,0,0,0,0,0,0,0,0,0,0,0,0,0,0
105S,0,0,0,0,0,0,0,0,0,0,0,0,0,0,0,0.38224525365668066,0,0,0,0
106F,0,0,0,0,0.03823278116815511,0,0,0,0,0,0,0,0,0,0,0,0,0,0,0
107I,0,0,0,0,0,0,0,0.10892070685851339,0,0,0,0,0,0,0,0,0,0,0,0
108T,0,0,0,0,0,0,0,0,0,0,0,0,0,0,0,0,0.12826725425047153,0,0,0
109D,0,0,0.06781493865890041,0,0,0,0,0,0,0,0,0,0,0,0,0,0,0,0,0
110G,0,0,0,0,0,0.2284272062509154,0,0,0,0,0,0,0,0,0,0,0,0,0,0
111Y,0,0,0,0,0,0,0,0,0,0,0,0,0,0,0,0,0,0,0,0.09339728474678229
112S,0,0,0,0,0,0,0,0,0,0,0,0,0,0,0,0.35845519318301927,0,0,0,0
113P,0,0,0,0,0,0,0,0,0,0,0,0,0.08535319299589644,0,0,0,0,0,0,0
114E,0,0,0,0.13529117486588815,0,0,0,0,0,0,0,0,0,0,0,0,0,0,0,0
115Y,0,0,0,0,0,0,0,0,0,0,0,0,0,0,0,0,0,0,0,0.12694825563915452
116L,0,0,0,0,0,0,0,0,0,0.044928417792298676,0,0,0,0,0,0,0,0,0,0
117N,0,0,0,0,0,0,0,0,0,0,0,0.13241383582482832,0,0,0,0,0,0,0,0
118I,0,0,0,0,0,0,0,0.0,0,0,0,0,0,0,0,0,0,0,0,0
119V,0,0,0,0,0,0,0,0,0,0,0,0,0,0,0,0,0,0.1912200582130872,0,0
120P,0,0,0,0,0,0,0,0,0,0,0,0,0.2753666648821116,0,0,0,0,0,0,0
121E,0,0,0,0.12907339618791414,0,0,0,0,0,0,0,0,0,0,0,0,0,0,0,0
122Q,0,0,0,0,0,0,0,0,0,0,0,0,0,0.29481530041564324,0,0,0,0,0,0
123V,0,0,0,0,0,0,0,0,0,0,0,0,0,0,0,0,0,0.19286089044849786,0,0
124K,0,0,0,0,0,0,0,0,0.3469655878802008,0,0,0,0,0,0,0,0,0,0,0
125A,0.04078730928337574,0,0,0,0,0,0,0,0,0,0,0,0,0,0,0,0,0,0,0
126I,0,0,0,0,0,0,0,0.2041073540908259,0,0,0,0,0,0,0,0,0,0,0,0
127L,0,0,0,0,0,0,0,0,0,0.04875909434245871,0,0,0,0,0,0,0,0,0,0
128M,0,0,0,0,0,0,0,0,0,0,0.01033037559212253,0,0,0,0,0,0,0,0,0
129D,0,0,0.18639049264793903,0,0,0,0,0,0,0,0,0,0,0,0,0,0,0,0,0
130I,0,0,0,0,0,0,0,0.030067984113865423,0,0,0,0,0,0,0,0,0,0,0,0
131F,0,0,0,0,0.11115857834184334,0,0,0,0,0,0,0,0,0,0,0,0,0,0,0
132D,0,0,0.09021649259457531,0,0,0,0,0,0,0,0,0,0,0,0,0,0,0,0,0
133D,0,0,0.17124660556902033,0,0,0,0,0,0,0,0,0,0,0,0,0,0,0,0,0
134Y,0,0,0,0,0,0,0,0,0,0,0,0,0,0,0,0,0,0,0,0.19287001604831294
135N,0,0,0,0,0,0,0,0,0,0,0,0.15597962034226356,0,0,0,0,0,0,0,0
136G,0,0,0,0,0,0.3131952030234467,0,0,0,0,0,0,0,0,0,0,0,0,0,0
137E,0,0,0,0.15082025593094536,0,0,0,0,0,0,0,0,0,0,0,0,0,0,0,0
138D,0,0,0.42800856590324765,0,0,0,0,0,0,0,0,0,0,0,0,0,0,0,0,0
139D,0,0,0.36213850953648885,0,0,0,0,0,0,0,0,0,0,0,0,0,0,0,0,0
140L,0,0,0,0,0,0,0,0,0,0.26547286019653443,0,0,0,0,0,0,0,0,0,0
141D,0,0,0.30385561364245545,0,0,0,0,0,0,0,0,0,0,0,0,0,0,0,0,0
142S,0,0,0,0,0,0,0,0,0,0,0,0,0,0,0,0.30800069358779847,0,0,0,0
143Y,0,0,0,0,0,0,0,0,0,0,0,0,0,0,0,0,0,0,0,0.22743794948821613
144L,0,0,0,0,0,0,0,0,0,0.16114370959130267,0,0,0,0,0,0,0,0,0,0
145K,0,0,0,0,0,0,0,0,0.179015024941255,0,0,0,0,0,0,0,0,0,0,0
146L,0,0,0,0,0,0,0,0,0,0.10828739163389199,0,0,0,0,0,0,0,0,0,0
147A,0.24047996308770891,0,0,0,0,0,0,0,0,0,0,0,0,0,0,0,0,0,0,0
148T,0,0,0,0,0,0,0,0,0,0,0,0,0,0,0,0,0.1527490888881125,0,0,0
149E,0,0,0,0.20058415436368418,0,0,0,0,0,0,0,0,0,0,0,0,0,0,0,0
150Q,0,0,0,0,0,0,0,0,0,0,0,0,0,0.2953435717365671,0,0,0,0,0,0
151E,0,0,0,0.3243552361043544,0,0,0,0,0,0,0,0,0,0,0,0,0,0,0,0
152S,0,0,0,0,0,0,0,0,0,0,0,0,0,0,0,0.2840627340779195,0,0,0,0
153K,0,0,0,0,0,0,0,0,0.32003664553513733,0,0,0,0,0,0,0,0,0,0,0
154I,0,0,0,0,0,0,0,0.22116720065665507,0,0,0,0,0,0,0,0,0,0,0,0
155S,0,0,0,0,0,0,0,0,0,0,0,0,0,0,0,0.35632644102603156,0,0,0,0
156E,0,0,0,0.24662257139634527,0,0,0,0,0,0,0,0,0,0,0,0,0,0,0,0
157I,0,0,0,0,0,0,0,0.1308120939332932,0,0,0,0,0,0,0,0,0,0,0,0
158Y,0,0,0,0,0,0,0,0,0,0,0,0,0,0,0,0,0,0,0,0.13943864598163233
159N,0,0,0,0,0,0,0,0,0,0,0,0.18025734294490722,0,0,0,0,0,0,0,0
160K,0,0,0,0,0,0,0,0,0.022863258244902603,0,0,0,0,0,0,0,0,0,0,0
161L,0,0,0,0,0,0,0,0,0,0.002885440602370543,0,0,0,0,0,0,0,0,0,0
162M,0,0,0,0,0,0,0,0,0,0,0.1115792343624465,0,0,0,0,0,0,0,0,0
163Q,0,0,0,0,0,0,0,0,0,0,0,0,0,0.06144081384278543,0,0,0,0,0,0
164K,0,0,0,0,0,0,0,0,0.0,0,0,0,0,0,0,0,0,0,0,0
165I,0,0,0,0,0,0,0,0.0,0,0,0,0,0,0,0,0,0,0,0,0
166L,0,0,0,0,0,0,0,0,0,0.0455825261324878,0,0,0,0,0,0,0,0,0,0
167E,0,0,0,0.15993987249835281,0,0,0,0,0,0,0,0,0,0,0,0,0,0,0,0
168F,0,0,0,0,0.0,0,0,0,0,0,0,0,0,0,0,0,0,0,0,0
169K,0,0,0,0,0,0,0,0,0.1651170372484289,0,0,0,0,0,0,0,0,0,0,0
170L,0,0,0,0,0,0,0,0,0,0.0,0,0,0,0,0,0,0,0,0,0
171M,0,0,0,0,0,0,0,0,0,0,0.11084664613618657,0,0,0,0,0,0,0,0,0
172K,0,0,0,0,0,0,0,0,0.10993856834908108,0,0,0,0,0,0,0,0,0,0,0
173L,0,0,0,0,0,0,0,0,0,0.05808121925642287,0,0,0,0,0,0,0,0,0,0
174C,0,0.17027414182860837,0,0,0,0,0,0,0,0,0,0,0,0,0,0,0,0,0,0
175T,0,0,0,0,0,0,0,0,0,0,0,0,0,0,0,0,0.0,0,0,0
176D,0,0,0.18242429504779215,0,0,0,0,0,0,0,0,0,0,0,0,0,0,0,0,0
177I,0,0,0,0,0,0,0,0.16053181056640936,0,0,0,0,0,0,0,0,0,0,0,0
178K,0,0,0,0,0,0,0,0,0.24762845079250145,0,0,0,0,0,0,0,0,0,0,0
179D,0,0,0.132115766234086,0,0,0,0,0,0,0,0,0,0,0,0,0,0,0,0,0
180D,0,0,0.3159819525136769,0,0,0,0,0,0,0,0,0,0,0,0,0,0,0,0,0
181K,0,0,0,0,0,0,0,0,0.22849650198430846,0,0,0,0,0,0,0,0,0,0,0
182V,0,0,0,0,0,0,0,0,0,0,0,0,0,0,0,0,0,0.17165017871024063,0,0
183S,0,0,0,0,0,0,0,0,0,0,0,0,0,0,0,0.28662493449292537,0,0,0,0
184T,0,0,0,0,0,0,0,0,0,0,0,0,0,0,0,0,0.057496291732825375,0,0,0
185K,0,0,0,0,0,0,0,0,0.20452945501905923,0,0,0,0,0,0,0,0,0,0,0
186T,0,0,0,0,0,0,0,0,0,0,0,0,0,0,0,0,0.16046427041124217,0,0,0
187L,0,0,0,0,0,0,0,0,0,0.09391801559601033,0,0,0,0,0,0,0,0,0,0
188K,0,0,0,0,0,0,0,0,0.1299448861702815,0,0,0,0,0,0,0,0,0,0,0
189E,0,0,0,0.14587282931918616,0,0,0,0,0,0,0,0,0,0,0,0,0,0,0,0
190I,0,0,0,0,0,0,0,0.22420211441108392,0,0,0,0,0,0,0,0,0,0,0,0
191T,0,0,0,0,0,0,0,0,0,0,0,0,0,0,0,0,0.3300581406559541,0,0,0
192S,0,0,0,0,0,0,0,0,0,0,0,0,0,0,0,0.22510597694356413,0,0,0,0
193Y,0,0,0,0,0,0,0,0,0,0,0,0,0,0,0,0,0,0,0,0.16946281277476433
194E,0,0,0,0.21025007667286305,0,0,0,0,0,0,0,0,0,0,0,0,0,0,0,0
195F,0,0,0,0,0.15041997265422813,0,0,0,0,0,0,0,0,0,0,0,0,0,0,0
196E,0,0,0,0.15381299068522733,0,0,0,0,0,0,0,0,0,0,0,0,0,0,0,0
197L,0,0,0,0,0,0,0,0,0,0.10637723193058053,0,0,0,0,0,0,0,0,0,0
198L,0,0,0,0,0,0,0,0,0,0.09883423415537225,0,0,0,0,0,0,0,0,0,0
199A,0.0468541458030732,0,0,0,0,0,0,0,0,0,0,0,0,0,0,0,0,0,0,0
200D,0,0,0.09508614210142331,0,0,0,0,0,0,0,0,0,0,0,0,0,0,0,0,0
201Y,0,0,0,0,0,0,0,0,0,0,0,0,0,0,0,0,0,0,0,0.05969351915845214
202L,0,0,0,0,0,0,0,0,0,0.027858811853192385,0,0,0,0,0,0,0,0,0,0
203A,0.17913766799037234,0,0,0,0,0,0,0,0,0,0,0,0,0,0,0,0,0,0,0
204N,0,0,0,0,0,0,0,0,0,0,0,0.08518890703511095,0,0,0,0,0,0,0,0
205Y,0,0,0,0,0,0,0,0,0,0,0,0,0,0,0,0,0,0,0,0.11391203648541838
206S,0,0,0,0,0,0,0,0,0,0,0,0,0,0,0,0.23148747218977664,0,0,0,0
207E,0,0,0,0.07032644372382066,0,0,0,0,0,0,0,0,0,0,0,0,0,0,0,0
208S,0,0,0,0,0,0,0,0,0,0,0,0,0,0,0,0.2575595445282403,0,0,0,0
209L,0,0,0,0,0,0,0,0,0,0.06800423343242959,0,0,0,0,0,0,0,0,0,0
210K,0,0,0,0,0,0,0,0,0.2792892603305294,0,0,0,0,0,0,0,0,0,0,0
211T,0,0,0,0,0,0,0,0,0,0,0,0,0,0,0,0,0.11838190423060505,0,0,0
212Q,0,0,0,0,0,0,0,0,0,0,0,0,0,0.1354508810804783,0,0,0,0,0,0
213K,0,0,0,0,0,0,0,0,0.24008999256456537,0,0,0,0,0,0,0,0,0,0,0
214F,0,0,0,0,0.10415227719513655,0,0,0,0,0,0,0,0,0,0,0,0,0,0,0
215S,0,0,0,0,0,0,0,0,0,0,0,0,0,0,0,0.21258476472412666,0,0,0,0
216Y,0,0,0,0,0,0,0,0,0,0,0,0,0,0,0,0,0,0,0,0.08480143008043042
217T,0,0,0,0,0,0,0,0,0,0,0,0,0,0,0,0,0.21106297661362977,0,0,0
218D,0,0,0.31128301091963423,0,0,0,0,0,0,0,0,0,0,0,0,0,0,0,0,0
219K,0,0,0,0,0,0,0,0,0.2751044564389117,0,0,0,0,0,0,0,0,0,0,0
220Q,0,0,0,0,0,0,0,0,0,0,0,0,0,0.3464780914132669,0,0,0,0,0,0
221G,0,0,0,0,0,0.24401984799497758,0,0,0,0,0,0,0,0,0,0,0,0,0,0
222N,0,0,0,0,0,0,0,0,0,0,0,0.34446383819400567,0,0,0,0,0,0,0,0
223L,0,0,0,0,0,0,0,0,0,0.283934756454931,0,0,0,0,0,0,0,0,0,0
224K,0,0,0,0,0,0,0,0,0.2662464735745276,0,0,0,0,0,0,0,0,0,0,0
225E,0,0,0,0.21742073336379433,0,0,0,0,0,0,0,0,0,0,0,0,0,0,0,0
226L,0,0,0,0,0,0,0,0,0,0.13482521730480176,0,0,0,0,0,0,0,0,0,0
227S,0,0,0,0,0,0,0,0,0,0,0,0,0,0,0,0.15402535583749272,0,0,0,0
228Y,0,0,0,0,0,0,0,0,0,0,0,0,0,0,0,0,0,0,0,0.20356925403190812
229Y,0,0,0,0,0,0,0,0,0,0,0,0,0,0,0,0,0,0,0,0.15609596183528063
230H,0,0,0,0,0,0,0.2736447533709728,0,0,0,0,0,0,0,0,0,0,0,0,0
231H,0,0,0,0,0,0,0.18859820037215597,0,0,0,0,0,0,0,0,0,0,0,0,0
232D,0,0,0.3057794231312383,0,0,0,0,0,0,0,0,0,0,0,0,0,0,0,0,0
233K,0,0,0,0,0,0,0,0,0.3372373478920576,0,0,0,0,0,0,0,0,0,0,0
234Y,0,0,0,0,0,0,0,0,0,0,0,0,0,0,0,0,0,0,0,0.3515071910489092
235N,0,0,0,0,0,0,0,0,0,0,0,0.3142288217446718,0,0,0,0,0,0,0,0
236I,0,0,0,0,0,0,0,0.20391115593819328,0,0,0,0,0,0,0,0,0,0,0,0
237Q,0,0,0,0,0,0,0,0,0,0,0,0,0,0.22365598772149847,0,0,0,0,0,0
238E,0,0,0,0.2862887990369158,0,0,0,0,0,0,0,0,0,0,0,0,0,0,0,0
239F,0,0,0,0,0.18910229179823412,0,0,0,0,0,0,0,0,0,0,0,0,0,0,0
240L,0,0,0,0,0,0,0,0,0,0.14927496927342532,0,0,0,0,0,0,0,0,0,0
241K,0,0,0,0,0,0,0,0,0.24720837882989485,0,0,0,0,0,0,0,0,0,0,0
242R,0,0,0,0,0,0,0,0,0,0,0,0,0,0,0.15507830155719995,0,0,0,0,0
243H,0,0,0,0,0,0,0.39459172258017733,0,0,0,0,0,0,0,0,0,0,0,0,0
244A,0.3342741467663849,0,0,0,0,0,0,0,0,0,0,0,0,0,0,0,0,0,0,0
245T,0,0,0,0,0,0,0,0,0,0,0,0,0,0,0,0,0.23761933234430577,0,0,0
246I,0,0,0,0,0,0,0,0.1901973741657729,0,0,0,0,0,0,0,0,0,0,0,0
247N,0,0,0,0,0,0,0,0,0,0,0,0.24059560650294423,0,0,0,0,0,0,0,0
248D,0,0,0.3769796591938581,0,0,0,0,0,0,0,0,0,0,0,0,0,0,0,0,0
249R,0,0,0,0,0,0,0,0,0,0,0,0,0,0,0.08704015656713027,0,0,0,0,0
250I,0,0,0,0,0,0,0,0.1308043737077133,0,0,0,0,0,0,0,0,0,0,0,0
251L,0,0,0,0,0,0,0,0,0,0.09486999102935557,0,0,0,0,0,0,0,0,0,0
252D,0,0,0.053656912729410075,0,0,0,0,0,0,0,0,0,0,0,0,0,0,0,0,0
253T,0,0,0,0,0,0,0,0,0,0,0,0,0,0,0,0,0.1792424484266134,0,0,0
254L,0,0,0,0,0,0,0,0,0,0.05987244843444857,0,0,0,0,0,0,0,0,0,0
255L,0,0,0,0,0,0,0,0,0,0.29820881497491786,0,0,0,0,0,0,0,0,0,0
256T,0,0,0,0,0,0,0,0,0,0,0,0,0,0,0,0,0.1695582985976714,0,0,0
257D,0,0,0.030183609711328448,0,0,0,0,0,0,0,0,0,0,0,0,0,0,0,0,0
258D,0,0,0.20442277407944873,0,0,0,0,0,0,0,0,0,0,0,0,0,0,0,0,0
259L,0,0,0,0,0,0,0,0,0,0.013159759552707614,0,0,0,0,0,0,0,0,0,0
260D,0,0,0.25425229178920605,0,0,0,0,0,0,0,0,0,0,0,0,0,0,0,0,0
261I,0,0,0,0,0,0,0,0.22524697380279918,0,0,0,0,0,0,0,0,0,0,0,0
262W,0,0,0,0,0,0,0,0,0,0,0,0,0,0,0,0,0,0,0.2516189440996095,0
263N,0,0,0,0,0,0,0,0,0,0,0,0.3344887266608933,0,0,0,0,0,0,0,0
264F,0,0,0,0,0.07882012251240951,0,0,0,0,0,0,0,0,0,0,0,0,0,0,0
265N,0,0,0,0,0,0,0,0,0,0,0,0.32295502158828937,0,0,0,0,0,0,0,0
266F,0,0,0,0,0.10467961409407395,0,0,0,0,0,0,0,0,0,0,0,0,0,0,0
267E,0,0,0,0.40355175756506073,0,0,0,0,0,0,0,0,0,0,0,0,0,0,0,0
268K,0,0,0,0,0,0,0,0,0.4522795462654574,0,0,0,0,0,0,0,0,0,0,0
269F,0,0,0,0,0.2519688519898698,0,0,0,0,0,0,0,0,0,0,0,0,0,0,0
270D,0,0,0.5872423245824068,0,0,0,0,0,0,0,0,0,0,0,0,0,0,0,0,0
271F,0,0,0,0,0.4096812347950999,0,0,0,0,0,0,0,0,0,0,0,0,0,0,0
272D,0,0,0.5969957662094447,0,0,0,0,0,0,0,0,0,0,0,0,0,0,0,0,0
273K,0,0,0,0,0,0,0,0,0.4738923979751112,0,0,0,0,0,0,0,0,0,0,0
274N,0,0,0,0,0,0,0,0,0,0,0,0.5586555308294261,0,0,0,0,0,0,0,0
275E,0,0,0,0.4863859109409036,0,0,0,0,0,0,0,0,0,0,0,0,0,0,0,0
276E,0,0,0,0.6058750753634237,0,0,0,0,0,0,0,0,0,0,0,0,0,0,0,0
277K,0,0,0,0,0,0,0,0,0.6398555391697504,0,0,0,0,0,0,0,0,0,0,0
278L,0,0,0,0,0,0,0,0,0,0.5791601972527857,0,0,0,0,0,0,0,0,0,0
279Q,0,0,0,0,0,0,0,0,0,0,0,0,0,0.6056437459663835,0,0,0,0,0,0
280N,0,0,0,0,0,0,0,0,0,0,0,0.5749631594443408,0,0,0,0,0,0,0,0
281Q,0,0,0,0,0,0,0,0,0,0,0,0,0,0.6451650824240573,0,0,0,0,0,0
282E,0,0,0,0.568940716139164,0,0,0,0,0,0,0,0,0,0,0,0,0,0,0,0
283D,0,0,0.6633500943774173,0,0,0,0,0,0,0,0,0,0,0,0,0,0,0,0,0
284K,0,0,0,0,0,0,0,0,0.4271743759556612,0,0,0,0,0,0,0,0,0,0,0
285D,0,0,0.6466920247731084,0,0,0,0,0,0,0,0,0,0,0,0,0,0,0,0,0
286H,0,0,0,0,0,0,0.4497681466365408,0,0,0,0,0,0,0,0,0,0,0,0,0
287I,0,0,0,0,0,0,0,0.46564765906508865,0,0,0,0,0,0,0,0,0,0,0,0
288Q,0,0,0,0,0,0,0,0,0,0,0,0,0,0.3606988345543715,0,0,0,0,0,0
289A,0.35549080647464304,0,0,0,0,0,0,0,0,0,0,0,0,0,0,0,0,0,0,0
290H,0,0,0,0,0,0,0.31072054915582803,0,0,0,0,0,0,0,0,0,0,0,0,0
291L,0,0,0,0,0,0,0,0,0,0.1436991339656602,0,0,0,0,0,0,0,0,0,0
292H,0,0,0,0,0,0,0.2085573104788972,0,0,0,0,0,0,0,0,0,0,0,0,0
293H,0,0,0,0,0,0,0.029853179754234634,0,0,0,0,0,0,0,0,0,0,0,0,0
294F,0,0,0,0,0.055823456174164496,0,0,0,0,0,0,0,0,0,0,0,0,0,0,0
295V,0,0,0,0,0,0,0,0,0,0,0,0,0,0,0,0,0,0.17757720013087486,0,0
296F,0,0,0,0,0.0,0,0,0,0,0,0,0,0,0,0,0,0,0,0,0
297A,0.08796073536998834,0,0,0,0,0,0,0,0,0,0,0,0,0,0,0,0,0,0,0
298V,0,0,0,0,0,0,0,0,0,0,0,0,0,0,0,0,0,0.022513252297320683,0,0
299N,0,0,0,0,0,0,0,0,0,0,0,0.17043219086782424,0,0,0,0,0,0,0,0
300K,0,0,0,0,0,0,0,0,0.1255624733756559,0,0,0,0,0,0,0,0,0,0,0
301I,0,0,0,0,0,0,0,0.0023736260911540767,0,0,0,0,0,0,0,0,0,0,0,0
302K,0,0,0,0,0,0,0,0,0.16031241190066498,0,0,0,0,0,0,0,0,0,0,0
303S,0,0,0,0,0,0,0,0,0,0,0,0,0,0,0,0.01497653274387562,0,0,0,0
304E,0,0,0,0.19463293877764618,0,0,0,0,0,0,0,0,0,0,0,0,0,0,0,0
305M,0,0,0,0,0,0,0,0,0,0,0.15024480502519166,0,0,0,0,0,0,0,0,0
306A,0.2704349365409154,0,0,0,0,0,0,0,0,0,0,0,0,0,0,0,0,0,0,0
307S,0,0,0,0,0,0,0,0,0,0,0,0,0,0,0,0.11699904504175448,0,0,0,0
308G,0,0,0,0,0,0.13026723128086437,0,0,0,0,0,0,0,0,0,0,0,0,0,0
309G,0,0,0,0,0,0.16999464141358284,0,0,0,0,0,0,0,0,0,0,0,0,0,0
310R,0,0,0,0,0,0,0,0,0,0,0,0,0,0,0.23999494437834948,0,0,0,0,0
311H,0,0,0,0,0,0,0.33298759664632344,0,0,0,0,0,0,0,0,0,0,0,0,0
312R,0,0,0,0,0,0,0,0,0,0,0,0,0,0,0.3103955144441795,0,0,0,0,0
313S,0,0,0,0,0,0,0,0,0,0,0,0,0,0,0,0.24097070412408111,0,0,0,0
314Q,0,0,0,0,0,0,0,0,0,0,0,0,0,0.21500821043320992,0,0,0,0,0,0
315Y,0,0,0,0,0,0,0,0,0,0,0,0,0,0,0,0,0,0,0,0.2938266908339904
316F,0,0,0,0,0.24941572233147638,0,0,0,0,0,0,0,0,0,0,0,0,0,0,0
317Q,0,0,0,0,0,0,0,0,0,0,0,0,0,0.3388221201971907,0,0,0,0,0,0
318E,0,0,0,0.20260077215849595,0,0,0,0,0,0,0,0,0,0,0,0,0,0,0,0
319I,0,0,0,0,0,0,0,0.17721759531464634,0,0,0,0,0,0,0,0,0,0,0,0
320T,0,0,0,0,0,0,0,0,0,0,0,0,0,0,0,0,0.16996203117629416,0,0,0
321N,0,0,0,0,0,0,0,0,0,0,0,0.32655356338082575,0,0,0,0,0,0,0,0
322V,0,0,0,0,0,0,0,0,0,0,0,0,0,0,0,0,0,0.2749606992436891,0,0
323L,0,0,0,0,0,0,0,0,0,0.1362028984742211,0,0,0,0,0,0,0,0,0,0
324D,0,0,0.3674005736395632,0,0,0,0,0,0,0,0,0,0,0,0,0,0,0,0,0
325E,0,0,0,0.16810965991780843,0,0,0,0,0,0,0,0,0,0,0,0,0,0,0,0
326N,0,0,0,0,0,0,0,0,0,0,0,0.3768415265091764,0,0,0,0,0,0,0,0
327N,0,0,0,0,0,0,0,0,0,0,0,0.5528889701110598,0,0,0,0,0,0,0,0
328H,0,0,0,0,0,0,0.6234983906150637,0,0,0,0,0,0,0,0,0,0,0,0,0
329Q,0,0,0,0,0,0,0,0,0,0,0,0,0,0.5194424521359169,0,0,0,0,0,0
330E,0,0,0,0.4819113548475784,0,0,0,0,0,0,0,0,0,0,0,0,0,0,0,0
331G,0,0,0,0,0,0.45029236931637173,0,0,0,0,0,0,0,0,0,0,0,0,0,0
332Y,0,0,0,0,0,0,0,0,0,0,0,0,0,0,0,0,0,0,0,0.3741210575590596
333L,0,0,0,0,0,0,0,0,0,0.45251051657685454,0,0,0,0,0,0,0,0,0,0
334K,0,0,0,0,0,0,0,0,0.3385491229286226,0,0,0,0,0,0,0,0,0,0,0
335N,0,0,0,0,0,0,0,0,0,0,0,0.3305539689863096,0,0,0,0,0,0,0,0
336F,0,0,0,0,0.27291276227157224,0,0,0,0,0,0,0,0,0,0,0,0,0,0,0
337C,0,0.30613577059363223,0,0,0,0,0,0,0,0,0,0,0,0,0,0,0,0,0,0
338E,0,0,0,0.29683661641215536,0,0,0,0,0,0,0,0,0,0,0,0,0,0,0,0
339N,0,0,0,0,0,0,0,0,0,0,0,0.27684077611934793,0,0,0,0,0,0,0,0
340L,0,0,0,0,0,0,0,0,0,0.2502255287100419,0,0,0,0,0,0,0,0,0,0
341H,0,0,0,0,0,0,0.3278135844135696,0,0,0,0,0,0,0,0,0,0,0,0,0
342N,0,0,0,0,0,0,0,0,0,0,0,0.3589880668572455,0,0,0,0,0,0,0,0
343K,0,0,0,0,0,0,0,0,0.3126978866922988,0,0,0,0,0,0,0,0,0,0,0
344K,0,0,0,0,0,0,0,0,0.4305289091921501,0,0,0,0,0,0,0,0,0,0,0
345Y,0,0,0,0,0,0,0,0,0,0,0,0,0,0,0,0,0,0,0,0.2842846567158724
346S,0,0,0,0,0,0,0,0,0,0,0,0,0,0,0,0.30732154826310903,0,0,0,0
347N,0,0,0,0,0,0,0,0,0,0,0,0.1798849628097857,0,0,0,0,0,0,0,0
348L,0,0,0,0,0,0,0,0,0,0.30782149285460314,0,0,0,0,0,0,0,0,0,0
349S,0,0,0,0,0,0,0,0,0,0,0,0,0,0,0,0.3659331988351338,0,0,0,0
350V,0,0,0,0,0,0,0,0,0,0,0,0,0,0,0,0,0,0.1375111054389092,0,0
351K,0,0,0,0,0,0,0,0,0.15137870603430206,0,0,0,0,0,0,0,0,0,0,0
352N,0,0,0,0,0,0,0,0,0,0,0,0.13808862142625705,0,0,0,0,0,0,0,0
353L,0,0,0,0,0,0,0,0,0,0.1462163501406349,0,0,0,0,0,0,0,0,0,0
354V,0,0,0,0,0,0,0,0,0,0,0,0,0,0,0,0,0,0.20386611850941827,0,0
355N,0,0,0,0,0,0,0,0,0,0,0,0.19911450313799647,0,0,0,0,0,0,0,0
356L,0,0,0,0,0,0,0,0,0,0.0,0,0,0,0,0,0,0,0,0,0
357I,0,0,0,0,0,0,0,0.13009159040852813,0,0,0,0,0,0,0,0,0,0,0,0
358G,0,0,0,0,0,0.05958927680259352,0,0,0,0,0,0,0,0,0,0,0,0,0,0
359N,0,0,0,0,0,0,0,0,0,0,0,0.04241490102122922,0,0,0,0,0,0,0,0
360L,0,0,0,0,0,0,0,0,0,0.20301938439823644,0,0,0,0,0,0,0,0,0,0
361S,0,0,0,0,0,0,0,0,0,0,0,0,0,0,0,0.22585813459864687,0,0,0,0
362N,0,0,0,0,0,0,0,0,0,0,0,0.2234495747258062,0,0,0,0,0,0,0,0
363L,0,0,0,0,0,0,0,0,0,0.08181656913988841,0,0,0,0,0,0,0,0,0,0
364E,0,0,0,0.26572095398623535,0,0,0,0,0,0,0,0,0,0,0,0,0,0,0,0
365L,0,0,0,0,0,0,0,0,0,0.20794882002720197,0,0,0,0,0,0,0,0,0,0
366K,0,0,0,0,0,0,0,0,0.2050070236460025,0,0,0,0,0,0,0,0,0,0,0
367P,0,0,0,0,0,0,0,0,0,0,0,0,0.11418436424285276,0,0,0,0,0,0,0
368L,0,0,0,0,0,0,0,0,0,0.2532780097100696,0,0,0,0,0,0,0,0,0,0
369R,0,0,0,0,0,0,0,0,0,0,0,0,0,0,0.2784248784886688,0,0,0,0,0
370K,0,0,0,0,0,0,0,0,0.27979218956398544,0,0,0,0,0,0,0,0,0,0,0
371Y,0,0,0,0,0,0,0,0,0,0,0,0,0,0,0,0,0,0,0,0.20501816519364507
372F,0,0,0,0,0.27490471430533076,0,0,0,0,0,0,0,0,0,0,0,0,0,0,0
373N,0,0,0,0,0,0,0,0,0,0,0,0.17467545136136647,0,0,0,0,0,0,0,0
374D,0,0,0.18143892420029115,0,0,0,0,0,0,0,0,0,0,0,0,0,0,0,0,0
375K,0,0,0,0,0,0,0,0,0.27259175667346675,0,0,0,0,0,0,0,0,0,0,0
376I,0,0,0,0,0,0,0,0.24617913853003834,0,0,0,0,0,0,0,0,0,0,0,0
377H,0,0,0,0,0,0,0.38569700443018123,0,0,0,0,0,0,0,0,0,0,0,0,0
378A,0.21938223190304573,0,0,0,0,0,0,0,0,0,0,0,0,0,0,0,0,0,0,0
379K,0,0,0,0,0,0,0,0,0.3156974482595185,0,0,0,0,0,0,0,0,0,0,0
380A,0.3150230168947387,0,0,0,0,0,0,0,0,0,0,0,0,0,0,0,0,0,0,0
381D,0,0,0.43786807966565566,0,0,0,0,0,0,0,0,0,0,0,0,0,0,0,0,0
382H,0,0,0,0,0,0,0.441483796578759,0,0,0,0,0,0,0,0,0,0,0,0,0
383W,0,0,0,0,0,0,0,0,0,0,0,0,0,0,0,0,0,0,0.3799714003277628,0
384D,0,0,0.5008053567446181,0,0,0,0,0,0,0,0,0,0,0,0,0,0,0,0,0
385E,0,0,0,0.27145065472522184,0,0,0,0,0,0,0,0,0,0,0,0,0,0,0,0
386Q,0,0,0,0,0,0,0,0,0,0,0,0,0,0.412026461497977,0,0,0,0,0,0
387K,0,0,0,0,0,0,0,0,0.39854562004684774,0,0,0,0,0,0,0,0,0,0,0
388F,0,0,0,0,0.41384082680532713,0,0,0,0,0,0,0,0,0,0,0,0,0,0,0
389T,0,0,0,0,0,0,0,0,0,0,0,0,0,0,0,0,0.44227128520819137,0,0,0
390E,0,0,0,0.30877141247651496,0,0,0,0,0,0,0,0,0,0,0,0,0,0,0,0
391T,0,0,0,0,0,0,0,0,0,0,0,0,0,0,0,0,0.4025177753684301,0,0,0
392Y,0,0,0,0,0,0,0,0,0,0,0,0,0,0,0,0,0,0,0,0.175922930537736
393C,0,0.22857819495190929,0,0,0,0,0,0,0,0,0,0,0,0,0,0,0,0,0,0
394H,0,0,0,0,0,0,0.31898092176188253,0,0,0,0,0,0,0,0,0,0,0,0,0
395W,0,0,0,0,0,0,0,0,0,0,0,0,0,0,0,0,0,0,0.2491473896120317,0
396I,0,0,0,0,0,0,0,0.21084365765254415,0,0,0,0,0,0,0,0,0,0,0,0
397L,0,0,0,0,0,0,0,0,0,0.07682513199358725,0,0,0,0,0,0,0,0,0,0
398G,0,0,0,0,0,0.10958380204185003,0,0,0,0,0,0,0,0,0,0,0,0,0,0
399E,0,0,0,0.1984147249947114,0,0,0,0,0,0,0,0,0,0,0,0,0,0,0,0
400W,0,0,0,0,0,0,0,0,0,0,0,0,0,0,0,0,0,0,0.2640465790762193,0
401R,0,0,0,0,0,0,0,0,0,0,0,0,0,0,0.22012810364959992,0,0,0,0,0
402V,0,0,0,0,0,0,0,0,0,0,0,0,0,0,0,0,0,0.20939108986453406,0,0
403G,0,0,0,0,0,0.2181102628761244,0,0,0,0,0,0,0,0,0,0,0,0,0,0
404V,0,0,0,0,0,0,0,0,0,0,0,0,0,0,0,0,0,0.10424501656878661,0,0
405K,0,0,0,0,0,0,0,0,0.3060996411286605,0,0,0,0,0,0,0,0,0,0,0
406D,0,0,0.15172477572994716,0,0,0,0,0,0,0,0,0,0,0,0,0,0,0,0,0
407Q,0,0,0,0,0,0,0,0,0,0,0,0,0,0.31321541739162634,0,0,0,0,0,0
408D,0,0,0.3832475720311332,0,0,0,0,0,0,0,0,0,0,0,0,0,0,0,0,0
409K,0,0,0,0,0,0,0,0,0.6058123329208873,0,0,0,0,0,0,0,0,0,0,0
410K,0,0,0,0,0,0,0,0,0.43027392787304397,0,0,0,0,0,0,0,0,0,0,0
411D,0,0,0.3348031842864101,0,0,0,0,0,0,0,0,0,0,0,0,0,0,0,0,0
412G,0,0,0,0,0,0.38931211397690835,0,0,0,0,0,0,0,0,0,0,0,0,0,0
413A,0.3425783541688194,0,0,0,0,0,0,0,0,0,0,0,0,0,0,0,0,0,0,0
414K,0,0,0,0,0,0,0,0,0.5886844573260407,0,0,0,0,0,0,0,0,0,0,0
415Y,0,0,0,0,0,0,0,0,0,0,0,0,0,0,0,0,0,0,0,0.2617980728934642
416S,0,0,0,0,0,0,0,0,0,0,0,0,0,0,0,0.3169057114110162,0,0,0,0
417Y,0,0,0,0,0,0,0,0,0,0,0,0,0,0,0,0,0,0,0,0.21090897617593254
418K,0,0,0,0,0,0,0,0,0.3406970357954519,0,0,0,0,0,0,0,0,0,0,0
419D,0,0,0.36317277983022495,0,0,0,0,0,0,0,0,0,0,0,0,0,0,0,0,0
420L,0,0,0,0,0,0,0,0,0,0.23936208711541151,0,0,0,0,0,0,0,0,0,0
421C,0,0.2910267978482115,0,0,0,0,0,0,0,0,0,0,0,0,0,0,0,0,0,0
422N,0,0,0,0,0,0,0,0,0,0,0,0.32116440764425536,0,0,0,0,0,0,0,0
423E,0,0,0,0.33736456753504757,0,0,0,0,0,0,0,0,0,0,0,0,0,0,0,0
424L,0,0,0,0,0,0,0,0,0,0.19758652250371256,0,0,0,0,0,0,0,0,0,0
425K,0,0,0,0,0,0,0,0,0.4147883173174764,0,0,0,0,0,0,0,0,0,0,0
426Q,0,0,0,0,0,0,0,0,0,0,0,0,0,0.17085717741049045,0,0,0,0,0,0
427K,0,0,0,0,0,0,0,0,0.3073613711526578,0,0,0,0,0,0,0,0,0,0,0
428V,0,0,0,0,0,0,0,0,0,0,0,0,0,0,0,0,0,0.2507273238677391,0,0
429T,0,0,0,0,0,0,0,0,0,0,0,0,0,0,0,0,0.3433048822223044,0,0,0
430K,0,0,0,0,0,0,0,0,0.2342555754800417,0,0,0,0,0,0,0,0,0,0,0
431A,0.18545789730660758,0,0,0,0,0,0,0,0,0,0,0,0,0,0,0,0,0,0,0
432G,0,0,0,0,0,0.0913772223891873,0,0,0,0,0,0,0,0,0,0,0,0,0,0
433L,0,0,0,0,0,0,0,0,0,0.044597355236204304,0,0,0,0,0,0,0,0,0,0
434V,0,0,0,0,0,0,0,0,0,0,0,0,0,0,0,0,0,0.05741518371853523,0,0
435D,0,0,0.0,0,0,0,0,0,0,0,0,0,0,0,0,0,0,0,0,0
436F,0,0,0,0,0.0,0,0,0,0,0,0,0,0,0,0,0,0,0,0,0
437L,0,0,0,0,0,0,0,0,0,0.01973338573013865,0,0,0,0,0,0,0,0,0,0
438L,0,0,0,0,0,0,0,0,0,0.0,0,0,0,0,0,0,0,0,0,0
439E,0,0,0,0.1343599788562726,0,0,0,0,0,0,0,0,0,0,0,0,0,0,0,0
440L,0,0,0,0,0,0,0,0,0,0.0024411204661528153,0,0,0,0,0,0,0,0,0,0
441D,0,0,0.17085256819722652,0,0,0,0,0,0,0,0,0,0,0,0,0,0,0,0,0
442P,0,0,0,0,0,0,0,0,0,0,0,0,0.07417024299177376,0,0,0,0,0,0,0
443C,0,0.26980598161180686,0,0,0,0,0,0,0,0,0,0,0,0,0,0,0,0,0,0
444R,0,0,0,0,0,0,0,0,0,0,0,0,0,0,0.2171080710847908,0,0,0,0,0
445T,0,0,0,0,0,0,0,0,0,0,0,0,0,0,0,0,0.21554828871591175,0,0,0
446I,0,0,0,0,0,0,0,0.10861633393636165,0,0,0,0,0,0,0,0,0,0,0,0
447P,0,0,0,0,0,0,0,0,0,0,0,0,0.07878673929222783,0,0,0,0,0,0,0
448P,0,0,0,0,0,0,0,0,0,0,0,0,0.24352570315069968,0,0,0,0,0,0,0
449Y,0,0,0,0,0,0,0,0,0,0,0,0,0,0,0,0,0,0,0,0.21641262129166608
450L,0,0,0,0,0,0,0,0,0,0.19996189570335282,0,0,0,0,0,0,0,0,0,0
451D,0,0,0.245739331815282,0,0,0,0,0,0,0,0,0,0,0,0,0,0,0,0,0
452N,0,0,0,0,0,0,0,0,0,0,0,0.23131858820885584,0,0,0,0,0,0,0,0
453N,0,0,0,0,0,0,0,0,0,0,0,0.22360149247009328,0,0,0,0,0,0,0,0
454N,0,0,0,0,0,0,0,0,0,0,0,0.3777629383354414,0,0,0,0,0,0,0,0
455R,0,0,0,0,0,0,0,0,0,0,0,0,0,0,0.350643645365757,0,0,0,0,0
456K,0,0,0,0,0,0,0,0,0.4386568919489311,0,0,0,0,0,0,0,0,0,0,0
457P,0,0,0,0,0,0,0,0,0,0,0,0,0.533398038698463,0,0,0,0,0,0,0
458P,0,0,0,0,0,0,0,0,0,0,0,0,0.6176800430624223,0,0,0,0,0,0,0
459K,0,0,0,0,0,0,0,0,0.484624343839702,0,0,0,0,0,0,0,0,0,0,0
460C,0,0.3257458223238531,0,0,0,0,0,0,0,0,0,0,0,0,0,0,0,0,0,0
461Q,0,0,0,0,0,0,0,0,0,0,0,0,0,0.286743865574059,0,0,0,0,0,0
462S,0,0,0,0,0,0,0,0,0,0,0,0,0,0,0,0.38645784994115445,0,0,0,0
463L,0,0,0,0,0,0,0,0,0,0.3737795498463054,0,0,0,0,0,0,0,0,0,0
464I,0,0,0,0,0,0,0,0.37167744188309,0,0,0,0,0,0,0,0,0,0,0,0
465L,0,0,0,0,0,0,0,0,0,0.14628582350707295,0,0,0,0,0,0,0,0,0,0
466N,0,0,0,0,0,0,0,0,0,0,0,0.2069418868224958,0,0,0,0,0,0,0,0
467P,0,0,0,0,0,0,0,0,0,0,0,0,0.15648531975250285,0,0,0,0,0,0,0
468K,0,0,0,0,0,0,0,0,0.26105797209152204,0,0,0,0,0,0,0,0,0,0,0
469F,0,0,0,0,0.3501501440691416,0,0,0,0,0,0,0,0,0,0,0,0,0,0,0
470L,0,0,0,0,0,0,0,0,0,0.10865216858788264,0,0,0,0,0,0,0,0,0,0
471D,0,0,0.21570790930715295,0,0,0,0,0,0,0,0,0,0,0,0,0,0,0,0,0
472N,0,0,0,0,0,0,0,0,0,0,0,0.16171109125598973,0,0,0,0,0,0,0,0
473Q,0,0,0,0,0,0,0,0,0,0,0,0,0,0.34355722007327727,0,0,0,0,0,0
474Y,0,0,0,0,0,0,0,0,0,0,0,0,0,0,0,0,0,0,0,0.32422605863065734
475P,0,0,0,0,0,0,0,0,0,0,0,0,0.41581517033882487,0,0,0,0,0,0,0
476N,0,0,0,0,0,0,0,0,0,0,0,0.32139577041642714,0,0,0,0,0,0,0,0
477W,0,0,0,0,0,0,0,0,0,0,0,0,0,0,0,0,0,0,0.3053558450402368,0
478Q,0,0,0,0,0,0,0,0,0,0,0,0,0,0.4805897887613184,0,0,0,0,0,0
479Q,0,0,0,0,0,0,0,0,0,0,0,0,0,0.34758316038472165,0,0,0,0,0,0
480Y,0,0,0,0,0,0,0,0,0,0,0,0,0,0,0,0,0,0,0,0.3317967465175939
481L,0,0,0,0,0,0,0,0,0,0.3331390949824606,0,0,0,0,0,0,0,0,0,0
482Q,0,0,0,0,0,0,0,0,0,0,0,0,0,0.3310955471193118,0,0,0,0,0,0
483E,0,0,0,0.26174161769561916,0,0,0,0,0,0,0,0,0,0,0,0,0,0,0,0
484L,0,0,0,0,0,0,0,0,0,0.22049648118251888,0,0,0,0,0,0,0,0,0,0
485K,0,0,0,0,0,0,0,0,0.28296763151645155,0,0,0,0,0,0,0,0,0,0,0
486K,0,0,0,0,0,0,0,0,0.31068748186238276,0,0,0,0,0,0,0,0,0,0,0
487L,0,0,0,0,0,0,0,0,0,0.16465441770519218,0,0,0,0,0,0,0,0,0,0
488Q,0,0,0,0,0,0,0,0,0,0,0,0,0,0.3580829267668336,0,0,0,0,0,0
489S,0,0,0,0,0,0,0,0,0,0,0,0,0,0,0,0.26086752145725006,0,0,0,0
490I,0,0,0,0,0,0,0,0.21670224706259428,0,0,0,0,0,0,0,0,0,0,0,0
491Q,0,0,0,0,0,0,0,0,0,0,0,0,0,0.34548813269493533,0,0,0,0,0,0
492N,0,0,0,0,0,0,0,0,0,0,0,0.14793294453780445,0,0,0,0,0,0,0,0
493Y,0,0,0,0,0,0,0,0,0,0,0,0,0,0,0,0,0,0,0,0.32021289211641235
494L,0,0,0,0,0,0,0,0,0,0.05797735232654099,0,0,0,0,0,0,0,0,0,0
495D,0,0,0.32065292824945474,0,0,0,0,0,0,0,0,0,0,0,0,0,0,0,0,0
496S,0,0,0,0,0,0,0,0,0,0,0,0,0,0,0,0.21241746449415208,0,0,0,0
497F,0,0,0,0,0.12784551956018142,0,0,0,0,0,0,0,0,0,0,0,0,0,0,0
498E,0,0,0,0.3489818430830063,0,0,0,0,0,0,0,0,0,0,0,0,0,0,0,0
499T,0,0,0,0,0,0,0,0,0,0,0,0,0,0,0,0,0.05370677414471091,0,0,0
500D,0,0,0.16877477454512319,0,0,0,0,0,0,0,0,0,0,0,0,0,0,0,0,0
501L,0,0,0,0,0,0,0,0,0,0.06458201425478374,0,0,0,0,0,0,0,0,0,0
502K,0,0,0,0,0,0,0,0,0.19647071332831875,0,0,0,0,0,0,0,0,0,0,0
503V,0,0,0,0,0,0,0,0,0,0,0,0,0,0,0,0,0,0.19823213413587393,0,0
504L,0,0,0,0,0,0,0,0,0,0.1705026178220985,0,0,0,0,0,0,0,0,0,0
505K,0,0,0,0,0,0,0,0,0.14167171714383545,0,0,0,0,0,0,0,0,0,0,0
506S,0,0,0,0,0,0,0,0,0,0,0,0,0,0,0,0.2466792791629847,0,0,0,0
507S,0,0,0,0,0,0,0,0,0,0,0,0,0,0,0,0.21884658767374043,0,0,0,0
508K,0,0,0,0,0,0,0,0,0.3342605199833375,0,0,0,0,0,0,0,0,0,0,0
509D,0,0,0.34023168295692685,0,0,0,0,0,0,0,0,0,0,0,0,0,0,0,0,0
510Q,0,0,0,0,0,0,0,0,0,0,0,0,0,0.29490883365717546,0,0,0,0,0,0
511P,0,0,0,0,0,0,0,0,0,0,0,0,0.29837917876540043,0,0,0,0,0,0,0
512Y,0,0,0,0,0,0,0,0,0,0,0,0,0,0,0,0,0,0,0,0.22598942963662202
513F,0,0,0,0,0.2477431635780695,0,0,0,0,0,0,0,0,0,0,0,0,0,0,0
514V,0,0,0,0,0,0,0,0,0,0,0,0,0,0,0,0,0,0.09211621666627981,0,0
515E,0,0,0,0.19393738417319514,0,0,0,0,0,0,0,0,0,0,0,0,0,0,0,0
516Y,0,0,0,0,0,0,0,0,0,0,0,0,0,0,0,0,0,0,0,0.13853340772155898
517K,0,0,0,0,0,0,0,0,0.23108043493864883,0,0,0,0,0,0,0,0,0,0,0
518S,0,0,0,0,0,0,0,0,0,0,0,0,0,0,0,0.17025324941827916,0,0,0,0
519S,0,0,0,0,0,0,0,0,0,0,0,0,0,0,0,0.13476436092571598,0,0,0,0
520N,0,0,0,0,0,0,0,0,0,0,0,0.19667252738132776,0,0,0,0,0,0,0,0
521Q,0,0,0,0,0,0,0,0,0,0,0,0,0,0.09422720747322683,0,0,0,0,0,0
522Q,0,0,0,0,0,0,0,0,0,0,0,0,0,0.3230723595097531,0,0,0,0,0,0
523I,0,0,0,0,0,0,0,0.18071904081502216,0,0,0,0,0,0,0,0,0,0,0,0
524A,0.3119927038361748,0,0,0,0,0,0,0,0,0,0,0,0,0,0,0,0,0,0,0
525S,0,0,0,0,0,0,0,0,0,0,0,0,0,0,0,0.18342883736890406,0,0,0,0
526G,0,0,0,0,0,0.10699939753058343,0,0,0,0,0,0,0,0,0,0,0,0,0,0
527Q,0,0,0,0,0,0,0,0,0,0,0,0,0,0.31400336362657394,0,0,0,0,0,0
528R,0,0,0,0,0,0,0,0,0,0,0,0,0,0,0.15383752818146898,0,0,0,0,0
529D,0,0,0.32793714658475925,0,0,0,0,0,0,0,0,0,0,0,0,0,0,0,0,0
530Y,0,0,0,0,0,0,0,0,0,0,0,0,0,0,0,0,0,0,0,0.23956454746947178
531K,0,0,0,0,0,0,0,0,0.24327010436314636,0,0,0,0,0,0,0,0,0,0,0
532D,0,0,0.3613874727159626,0,0,0,0,0,0,0,0,0,0,0,0,0,0,0,0,0
533L,0,0,0,0,0,0,0,0,0,0.13908005161334624,0,0,0,0,0,0,0,0,0,0
534D,0,0,0.39382010842840354,0,0,0,0,0,0,0,0,0,0,0,0,0,0,0,0,0
535A,0.2166898954996194,0,0,0,0,0,0,0,0,0,0,0,0,0,0,0,0,0,0,0
536R,0,0,0,0,0,0,0,0,0,0,0,0,0,0,0.11799493412124963,0,0,0,0,0
537I,0,0,0,0,0,0,0,0.13562795445540798,0,0,0,0,0,0,0,0,0,0,0,0
538L,0,0,0,0,0,0,0,0,0,0.11062304387192165,0,0,0,0,0,0,0,0,0,0
539Q,0,0,0,0,0,0,0,0,0,0,0,0,0,0.18465960458465877,0,0,0,0,0,0
540F,0,0,0,0,0.16524072822357605,0,0,0,0,0,0,0,0,0,0,0,0,0,0,0
541I,0,0,0,0,0,0,0,0.1371829178011376,0,0,0,0,0,0,0,0,0,0,0,0
542F,0,0,0,0,0.022930178126106378,0,0,0,0,0,0,0,0,0,0,0,0,0,0,0
543D,0,0,0.14853725042065952,0,0,0,0,0,0,0,0,0,0,0,0,0,0,0,0,0
544R,0,0,0,0,0,0,0,0,0,0,0,0,0,0,0.08808250999164227,0,0,0,0,0
545V,0,0,0,0,0,0,0,0,0,0,0,0,0,0,0,0,0,0.4259593599842146,0,0
546K,0,0,0,0,0,0,0,0,0.3123540790594821,0,0,0,0,0,0,0,0,0,0,0
547A,0.3467632200430678,0,0,0,0,0,0,0,0,0,0,0,0,0,0,0,0,0,0,0
548S,0,0,0,0,0,0,0,0,0,0,0,0,0,0,0,0.15452794144798487,0,0,0,0
549D,0,0,0.16831154903082143,0,0,0,0,0,0,0,0,0,0,0,0,0,0,0,0,0
550E,0,0,0,0.2591731851001873,0,0,0,0,0,0,0,0,0,0,0,0,0,0,0,0
551L,0,0,0,0,0,0,0,0,0,0.2241615123922936,0,0,0,0,0,0,0,0,0,0
552L,0,0,0,0,0,0,0,0,0,0.2790254833608191,0,0,0,0,0,0,0,0,0,0
553L,0,0,0,0,0,0,0,0,0,0.07134355351818428,0,0,0,0,0,0,0,0,0,0
554N,0,0,0,0,0,0,0,0,0,0,0,0.17727299766563817,0,0,0,0,0,0,0,0
555E,0,0,0,0.10957368135655947,0,0,0,0,0,0,0,0,0,0,0,0,0,0,0,0
556I,0,0,0,0,0,0,0,0.17657840722428317,0,0,0,0,0,0,0,0,0,0,0,0
557Y,0,0,0,0,0,0,0,0,0,0,0,0,0,0,0,0,0,0,0,0.2780219885368032
558F,0,0,0,0,0.09749104748585119,0,0,0,0,0,0,0,0,0,0,0,0,0,0,0
559Q,0,0,0,0,0,0,0,0,0,0,0,0,0,0.17161036329469237,0,0,0,0,0,0
560A,0.15971700747590506,0,0,0,0,0,0,0,0,0,0,0,0,0,0,0,0,0,0,0
561K,0,0,0,0,0,0,0,0,0.17855567993282018,0,0,0,0,0,0,0,0,0,0,0
562K,0,0,0,0,0,0,0,0,0.2321584860758764,0,0,0,0,0,0,0,0,0,0,0
563L,0,0,0,0,0,0,0,0,0,0.21392301772076983,0,0,0,0,0,0,0,0,0,0
564K,0,0,0,0,0,0,0,0,0.3484622327176985,0,0,0,0,0,0,0,0,0,0,0
565Q,0,0,0,0,0,0,0,0,0,0,0,0,0,0.3210620730087469,0,0,0,0,0,0
566K,0,0,0,0,0,0,0,0,0.3862417884345411,0,0,0,0,0,0,0,0,0,0,0
567A,0.4311752152336032,0,0,0,0,0,0,0,0,0,0,0,0,0,0,0,0,0,0,0
568S,0,0,0,0,0,0,0,0,0,0,0,0,0,0,0,0.4760140243376488,0,0,0,0
569S,0,0,0,0,0,0,0,0,0,0,0,0,0,0,0,0.229050407258295,0,0,0,0
570E,0,0,0,0.3708396603412056,0,0,0,0,0,0,0,0,0,0,0,0,0,0,0,0
571L,0,0,0,0,0,0,0,0,0,0.33349595715536823,0,0,0,0,0,0,0,0,0,0
572E,0,0,0,0.4037959087454137,0,0,0,0,0,0,0,0,0,0,0,0,0,0,0,0
573K,0,0,0,0,0,0,0,0,0.3538661901141225,0,0,0,0,0,0,0,0,0,0,0
574L,0,0,0,0,0,0,0,0,0,0.35397334802126723,0,0,0,0,0,0,0,0,0,0
575E,0,0,0,0.4142305741756814,0,0,0,0,0,0,0,0,0,0,0,0,0,0,0,0
576S,0,0,0,0,0,0,0,0,0,0,0,0,0,0,0,0.40512841434896146,0,0,0,0
577S,0,0,0,0,0,0,0,0,0,0,0,0,0,0,0,0.4818953083708858,0,0,0,0
578K,0,0,0,0,0,0,0,0,0.5956801020542953,0,0,0,0,0,0,0,0,0,0,0
579K,0,0,0,0,0,0,0,0,0.4453867657067586,0,0,0,0,0,0,0,0,0,0,0
580L,0,0,0,0,0,0,0,0,0,0.23011780822214176,0,0,0,0,0,0,0,0,0,0
581D,0,0,0.3131309863287642,0,0,0,0,0,0,0,0,0,0,0,0,0,0,0,0,0
582E,0,0,0,0.21323227934288824,0,0,0,0,0,0,0,0,0,0,0,0,0,0,0,0
583V,0,0,0,0,0,0,0,0,0,0,0,0,0,0,0,0,0,0.2867574622704669,0,0
584I,0,0,0,0,0,0,0,0.26533593101828534,0,0,0,0,0,0,0,0,0,0,0,0
585A,0.28566593137915347,0,0,0,0,0,0,0,0,0,0,0,0,0,0,0,0,0,0,0
586N,0,0,0,0,0,0,0,0,0,0,0,0.11954578043818528,0,0,0,0,0,0,0,0
587S,0,0,0,0,0,0,0,0,0,0,0,0,0,0,0,0.22505884730526224,0,0,0,0
588Q,0,0,0,0,0,0,0,0,0,0,0,0,0,0.20543159200548528,0,0,0,0,0,0
589L,0,0,0,0,0,0,0,0,0,0.03884313645363287,0,0,0,0,0,0,0,0,0,0
590S,0,0,0,0,0,0,0,0,0,0,0,0,0,0,0,0.11462515545590996,0,0,0,0
591Q,0,0,0,0,0,0,0,0,0,0,0,0,0,0.08074953342335218,0,0,0,0,0,0
592I,0,0,0,0,0,0,0,0.12991340066199558,0,0,0,0,0,0,0,0,0,0,0,0
593L,0,0,0,0,0,0,0,0,0,0.09442029949521814,0,0,0,0,0,0,0,0,0,0
594K,0,0,0,0,0,0,0,0,0.09792428493707447,0,0,0,0,0,0,0,0,0,0,0
595S,0,0,0,0,0,0,0,0,0,0,0,0,0,0,0,0.1298859781028073,0,0,0,0
596Q,0,0,0,0,0,0,0,0,0,0,0,0,0,0.22185403311604646,0,0,0,0,0,0
597H,0,0,0,0,0,0,0.22954725638972626,0,0,0,0,0,0,0,0,0,0,0,0,0
598T,0,0,0,0,0,0,0,0,0,0,0,0,0,0,0,0,0.19792579513816777,0,0,0
599N,0,0,0,0,0,0,0,0,0,0,0,0.0815312948060122,0,0,0,0,0,0,0,0
600G,0,0,0,0,0,0.15017533525958446,0,0,0,0,0,0,0,0,0,0,0,0,0,0
601I,0,0,0,0,0,0,0,0.1738281234169238,0,0,0,0,0,0,0,0,0,0,0,0
602F,0,0,0,0,0.338401652236808,0,0,0,0,0,0,0,0,0,0,0,0,0,0,0
603E,0,0,0,0.10445637193672289,0,0,0,0,0,0,0,0,0,0,0,0,0,0,0,0
604Q,0,0,0,0,0,0,0,0,0,0,0,0,0,0.15808485981470113,0,0,0,0,0,0
605G,0,0,0,0,0,0.004579608916121747,0,0,0,0,0,0,0,0,0,0,0,0,0,0
606T,0,0,0,0,0,0,0,0,0,0,0,0,0,0,0,0,0.051972892069308635,0,0,0
607F,0,0,0,0,0.0528465954588201,0,0,0,0,0,0,0,0,0,0,0,0,0,0,0
608L,0,0,0,0,0,0,0,0,0,0.0,0,0,0,0,0,0,0,0,0,0
609H,0,0,0,0,0,0,0.13068400544411882,0,0,0,0,0,0,0,0,0,0,0,0,0
610L,0,0,0,0,0,0,0,0,0,0.0,0,0,0,0,0,0,0,0,0,0
611V,0,0,0,0,0,0,0,0,0,0,0,0,0,0,0,0,0,0.04936097268490411,0,0
612C,0,0.02581102147429479,0,0,0,0,0,0,0,0,0,0,0,0,0,0,0,0,0,0
613K,0,0,0,0,0,0,0,0,0.04810690834041004,0,0,0,0,0,0,0,0,0,0,0
614Y,0,0,0,0,0,0,0,0,0,0,0,0,0,0,0,0,0,0,0,0.14620210217299093
615Y,0,0,0,0,0,0,0,0,0,0,0,0,0,0,0,0,0,0,0,0.15190314927119222
616K,0,0,0,0,0,0,0,0,0.12374407853572263,0,0,0,0,0,0,0,0,0,0,0
617Q,0,0,0,0,0,0,0,0,0,0,0,0,0,0.1371796345923418,0,0,0,0,0,0
618R,0,0,0,0,0,0,0,0,0,0,0,0,0,0,0.19034788550434126,0,0,0,0,0
619Q,0,0,0,0,0,0,0,0,0,0,0,0,0,0.33735260025246777,0,0,0,0,0,0
620R,0,0,0,0,0,0,0,0,0,0,0,0,0,0,0.30699160911687584,0,0,0,0,0
621A,0.4719411121980801,0,0,0,0,0,0,0,0,0,0,0,0,0,0,0,0,0,0,0
622R,0,0,0,0,0,0,0,0,0,0,0,0,0,0,0.3107693785939456,0,0,0,0,0
623D,0,0,0.3428909255070571,0,0,0,0,0,0,0,0,0,0,0,0,0,0,0,0,0
624S,0,0,0,0,0,0,0,0,0,0,0,0,0,0,0,0.22930707202964906,0,0,0,0
625R,0,0,0,0,0,0,0,0,0,0,0,0,0,0,0.16409532901861318,0,0,0,0,0
626L,0,0,0,0,0,0,0,0,0,0.2793102318280741,0,0,0,0,0,0,0,0,0,0
627Y,0,0,0,0,0,0,0,0,0,0,0,0,0,0,0,0,0,0,0,0.24131834372750544
628I,0,0,0,0,0,0,0,0.14559837310391782,0,0,0,0,0,0,0,0,0,0,0,0
629M,0,0,0,0,0,0,0,0,0,0,0.14137658187874183,0,0,0,0,0,0,0,0,0
630P,0,0,0,0,0,0,0,0,0,0,0,0,0.18221954064363638,0,0,0,0,0,0,0
631E,0,0,0,0.16316872845553035,0,0,0,0,0,0,0,0,0,0,0,0,0,0,0,0
632Y,0,0,0,0,0,0,0,0,0,0,0,0,0,0,0,0,0,0,0,0.2102666529882822
633R,0,0,0,0,0,0,0,0,0,0,0,0,0,0,0.2020621931643955,0,0,0,0,0
634Y,0,0,0,0,0,0,0,0,0,0,0,0,0,0,0,0,0,0,0,0.1421392639036566
635D,0,0,0.12055970641383328,0,0,0,0,0,0,0,0,0,0,0,0,0,0,0,0,0
636K,0,0,0,0,0,0,0,0,0.1587215054989168,0,0,0,0,0,0,0,0,0,0,0
637K,0,0,0,0,0,0,0,0,0.24429113539336092,0,0,0,0,0,0,0,0,0,0,0
638L,0,0,0,0,0,0,0,0,0,0.16527401393962446,0,0,0,0,0,0,0,0,0,0
639H,0,0,0,0,0,0,0.31389795388780317,0,0,0,0,0,0,0,0,0,0,0,0,0
640K,0,0,0,0,0,0,0,0,0.19957774494324396,0,0,0,0,0,0,0,0,0,0,0
641Y,0,0,0,0,0,0,0,0,0,0,0,0,0,0,0,0,0,0,0,0.24788648745019368
642N,0,0,0,0,0,0,0,0,0,0,0,0.30046432824725783,0,0,0,0,0,0,0,0
643N,0,0,0,0,0,0,0,0,0,0,0,0.2795600814164252,0,0,0,0,0,0,0,0
644T,0,0,0,0,0,0,0,0,0,0,0,0,0,0,0,0,0.2093029327285547,0,0,0
645G,0,0,0,0,0,0.26794043413072216,0,0,0,0,0,0,0,0,0,0,0,0,0,0
646R,0,0,0,0,0,0,0,0,0,0,0,0,0,0,0.35239418277230494,0,0,0,0,0
647F,0,0,0,0,0.4032188305326286,0,0,0,0,0,0,0,0,0,0,0,0,0,0,0
648D,0,0,0.37084225285260364,0,0,0,0,0,0,0,0,0,0,0,0,0,0,0,0,0
649D,0,0,0.3423138872191542,0,0,0,0,0,0,0,0,0,0,0,0,0,0,0,0,0
650D,0,0,0.2798952688421205,0,0,0,0,0,0,0,0,0,0,0,0,0,0,0,0,0
651N,0,0,0,0,0,0,0,0,0,0,0,0.30325789209624027,0,0,0,0,0,0,0,0
652Q,0,0,0,0,0,0,0,0,0,0,0,0,0,0.2879562191264151,0,0,0,0,0,0
653L,0,0,0,0,0,0,0,0,0,0.20860468686645164,0,0,0,0,0,0,0,0,0,0
654L,0,0,0,0,0,0,0,0,0,0.162120257203248,0,0,0,0,0,0,0,0,0,0
655T,0,0,0,0,0,0,0,0,0,0,0,0,0,0,0,0,0.1996381858889447,0,0,0
656Y,0,0,0,0,0,0,0,0,0,0,0,0,0,0,0,0,0,0,0,0.20837252098049225
657C,0,0.1725387322359292,0,0,0,0,0,0,0,0,0,0,0,0,0,0,0,0,0,0
658N,0,0,0,0,0,0,0,0,0,0,0,0.2856218034771855,0,0,0,0,0,0,0,0
659H,0,0,0,0,0,0,0.2141298351601482,0,0,0,0,0,0,0,0,0,0,0,0,0
660K,0,0,0,0,0,0,0,0,0.3501215943741556,0,0,0,0,0,0,0,0,0,0,0
661P,0,0,0,0,0,0,0,0,0,0,0,0,0.46332115350590464,0,0,0,0,0,0,0
662R,0,0,0,0,0,0,0,0,0,0,0,0,0,0,0.5434514033262603,0,0,0,0,0
663Q,0,0,0,0,0,0,0,0,0,0,0,0,0,0.4270760242696997,0,0,0,0,0,0
664K,0,0,0,0,0,0,0,0,0.4254781057813735,0,0,0,0,0,0,0,0,0,0,0
665R,0,0,0,0,0,0,0,0,0,0,0,0,0,0,0.3561702011545279,0,0,0,0,0
666Y,0,0,0,0,0,0,0,0,0,0,0,0,0,0,0,0,0,0,0,0.3642510057341306
667Q,0,0,0,0,0,0,0,0,0,0,0,0,0,0.4239933471818043,0,0,0,0,0,0
668L,0,0,0,0,0,0,0,0,0,0.17630714502001363,0,0,0,0,0,0,0,0,0,0
669L,0,0,0,0,0,0,0,0,0,0.17535171239076464,0,0,0,0,0,0,0,0,0,0
670N,0,0,0,0,0,0,0,0,0,0,0,0.21553737822399283,0,0,0,0,0,0,0,0
671D,0,0,0.20584119185328553,0,0,0,0,0,0,0,0,0,0,0,0,0,0,0,0,0
672L,0,0,0,0,0,0,0,0,0,0.08389853434303274,0,0,0,0,0,0,0,0,0,0
673A,0.13342947028449859,0,0,0,0,0,0,0,0,0,0,0,0,0,0,0,0,0,0,0
674G,0,0,0,0,0,0.09461033364161633,0,0,0,0,0,0,0,0,0,0,0,0,0,0
675V,0,0,0,0,0,0,0,0,0,0,0,0,0,0,0,0,0,0.05120223488237331,0,0
676L,0,0,0,0,0,0,0,0,0,0.24672093101417714,0,0,0,0,0,0,0,0,0,0
677Q,0,0,0,0,0,0,0,0,0,0,0,0,0,0.26339393267845834,0,0,0,0,0,0
678V,0,0,0,0,0,0,0,0,0,0,0,0,0,0,0,0,0,0.08063105021470326,0,0
679S,0,0,0,0,0,0,0,0,0,0,0,0,0,0,0,0.22448982781147528,0,0,0,0
680P,0,0,0,0,0,0,0,0,0,0,0,0,0.10532652484404594,0,0,0,0,0,0,0
681N,0,0,0,0,0,0,0,0,0,0,0,0.3138096992763074,0,0,0,0,0,0,0,0
682F,0,0,0,0,0.3141345843147539,0,0,0,0,0,0,0,0,0,0,0,0,0,0,0
683L,0,0,0,0,0,0,0,0,0,0.15763388664691022,0,0,0,0,0,0,0,0,0,0
684K,0,0,0,0,0,0,0,0,0.09555254849658483,0,0,0,0,0,0,0,0,0,0,0
685D,0,0,0.1445314689270684,0,0,0,0,0,0,0,0,0,0,0,0,0,0,0,0,0
686K,0,0,0,0,0,0,0,0,0.20818829426360755,0,0,0,0,0,0,0,0,0,0,0
687I,0,0,0,0,0,0,0,0.4383263141424548,0,0,0,0,0,0,0,0,0,0,0,0
688G,0,0,0,0,0,0.30618693373843114,0,0,0,0,0,0,0,0,0,0,0,0,0,0
689S,0,0,0,0,0,0,0,0,0,0,0,0,0,0,0,0.2524947741324971,0,0,0,0
690D,0,0,0.37321142679344155,0,0,0,0,0,0,0,0,0,0,0,0,0,0,0,0,0
691D,0,0,0.07672330822499707,0,0,0,0,0,0,0,0,0,0,0,0,0,0,0,0,0
692D,0,0,0.4326421591042825,0,0,0,0,0,0,0,0,0,0,0,0,0,0,0,0,0
693L,0,0,0,0,0,0,0,0,0,0.1836130011891207,0,0,0,0,0,0,0,0,0,0
694F,0,0,0,0,0.24449613223360198,0,0,0,0,0,0,0,0,0,0,0,0,0,0,0
695I,0,0,0,0,0,0,0,0.04393007879975355,0,0,0,0,0,0,0,0,0,0,0,0
696S,0,0,0,0,0,0,0,0,0,0,0,0,0,0,0,0.0,0,0,0,0
697K,0,0,0,0,0,0,0,0,0.07963819508582921,0,0,0,0,0,0,0,0,0,0,0
698W,0,0,0,0,0,0,0,0,0,0,0,0,0,0,0,0,0,0,0.0,0
699L,0,0,0,0,0,0,0,0,0,0.07261383117758292,0,0,0,0,0,0,0,0,0,0
700V,0,0,0,0,0,0,0,0,0,0,0,0,0,0,0,0,0,0.052163564755099555,0,0
701E,0,0,0,0.2456143125071692,0,0,0,0,0,0,0,0,0,0,0,0,0,0,0,0
702H,0,0,0,0,0,0,0.2123837336674119,0,0,0,0,0,0,0,0,0,0,0,0,0
703I,0,0,0,0,0,0,0,0.19665224952754723,0,0,0,0,0,0,0,0,0,0,0,0
704R,0,0,0,0,0,0,0,0,0,0,0,0,0,0,0.20529392043140543,0,0,0,0,0
705G,0,0,0,0,0,0.20355229889308446,0,0,0,0,0,0,0,0,0,0,0,0,0,0
706F,0,0,0,0,0.1527438982857732,0,0,0,0,0,0,0,0,0,0,0,0,0,0,0
707K,0,0,0,0,0,0,0,0,0.3648153288015264,0,0,0,0,0,0,0,0,0,0,0
708K,0,0,0,0,0,0,0,0,0.30478066105681384,0,0,0,0,0,0,0,0,0,0,0
709A,0.32561044637603004,0,0,0,0,0,0,0,0,0,0,0,0,0,0,0,0,0,0,0
710C,0,0.4480011586908887,0,0,0,0,0,0,0,0,0,0,0,0,0,0,0,0,0,0
711E,0,0,0,0.27335307077074456,0,0,0,0,0,0,0,0,0,0,0,0,0,0,0,0
712D,0,0,0.52725303778454,0,0,0,0,0,0,0,0,0,0,0,0,0,0,0,0,0
713S,0,0,0,0,0,0,0,0,0,0,0,0,0,0,0,0.40536155502008486,0,0,0,0
714L,0,0,0,0,0,0,0,0,0,0.20459994114576713,0,0,0,0,0,0,0,0,0,0
715K,0,0,0,0,0,0,0,0,0.4200318233800906,0,0,0,0,0,0,0,0,0,0,0
716I,0,0,0,0,0,0,0,0.18984779656131734,0,0,0,0,0,0,0,0,0,0,0,0
717Q,0,0,0,0,0,0,0,0,0,0,0,0,0,0.39922304083654125,0,0,0,0,0,0
718K,0,0,0,0,0,0,0,0,0.4689980903097205,0,0,0,0,0,0,0,0,0,0,0
719D,0,0,0.5031435550302643,0,0,0,0,0,0,0,0,0,0,0,0,0,0,0,0,0
720N,0,0,0,0,0,0,0,0,0,0,0,0.374719545806501,0,0,0,0,0,0,0,0
721R,0,0,0,0,0,0,0,0,0,0,0,0,0,0,0.1323060766036138,0,0,0,0,0
722G,0,0,0,0,0,0.333847183315672,0,0,0,0,0,0,0,0,0,0,0,0,0,0
723L,0,0,0,0,0,0,0,0,0,0.17667220468220385,0,0,0,0,0,0,0,0,0,0
724L,0,0,0,0,0,0,0,0,0,0.36007275768909996,0,0,0,0,0,0,0,0,0,0
725N,0,0,0,0,0,0,0,0,0,0,0,0.2856084712626966,0,0,0,0,0,0,0,0
726H,0,0,0,0,0,0,0.2448887757885425,0,0,0,0,0,0,0,0,0,0,0,0,0
727K,0,0,0,0,0,0,0,0,0.2738107314380002,0,0,0,0,0,0,0,0,0,0,0
728I,0,0,0,0,0,0,0,0.11237382884473883,0,0,0,0,0,0,0,0,0,0,0,0
729N,0,0,0,0,0,0,0,0,0,0,0,0.2663954551446657,0,0,0,0,0,0,0,0
730I,0,0,0,0,0,0,0,0.11887251564387538,0,0,0,0,0,0,0,0,0,0,0,0
731A,0.2793814801632674,0,0,0,0,0,0,0,0,0,0,0,0,0,0,0,0,0,0,0
732R,0,0,0,0,0,0,0,0,0,0,0,0,0,0,0.19430152275289855,0,0,0,0,0
733N,0,0,0,0,0,0,0,0,0,0,0,0.3016842938330354,0,0,0,0,0,0,0,0
734T,0,0,0,0,0,0,0,0,0,0,0,0,0,0,0,0,0.18472248021453222,0,0,0
735K,0,0,0,0,0,0,0,0,0.33268753476094526,0,0,0,0,0,0,0,0,0,0,0
736G,0,0,0,0,0,0.3099553538616233,0,0,0,0,0,0,0,0,0,0,0,0,0,0
737K,0,0,0,0,0,0,0,0,0.34774616888544724,0,0,0,0,0,0,0,0,0,0,0
738C,0,0.41305677768296173,0,0,0,0,0,0,0,0,0,0,0,0,0,0,0,0,0,0
739E,0,0,0,0.391700582738324,0,0,0,0,0,0,0,0,0,0,0,0,0,0,0,0
740K,0,0,0,0,0,0,0,0,0.38172829554541415,0,0,0,0,0,0,0,0,0,0,0
741E,0,0,0,0.25241224738234463,0,0,0,0,0,0,0,0,0,0,0,0,0,0,0,0
742I,0,0,0,0,0,0,0,0.37015950194135433,0,0,0,0,0,0,0,0,0,0,0,0
743F,0,0,0,0,0.23456575295172316,0,0,0,0,0,0,0,0,0,0,0,0,0,0,0
744N,0,0,0,0,0,0,0,0,0,0,0,0.2686499614281928,0,0,0,0,0,0,0,0
745L,0,0,0,0,0,0,0,0,0,0.11719669453261947,0,0,0,0,0,0,0,0,0,0
746I,0,0,0,0,0,0,0,0.12194202615379846,0,0,0,0,0,0,0,0,0,0,0,0
747C,0,0.12037784548451357,0,0,0,0,0,0,0,0,0,0,0,0,0,0,0,0,0,0
748K,0,0,0,0,0,0,0,0,0.14201944494761554,0,0,0,0,0,0,0,0,0,0,0
749I,0,0,0,0,0,0,0,0.14796028636893543,0,0,0,0,0,0,0,0,0,0,0,0
750E,0,0,0,0.18263370219858438,0,0,0,0,0,0,0,0,0,0,0,0,0,0,0,0
751G,0,0,0,0,0,0.18237300211372212,0,0,0,0,0,0,0,0,0,0,0,0,0,0
752S,0,0,0,0,0,0,0,0,0,0,0,0,0,0,0,0.31465545542532186,0,0,0,0
753E,0,0,0,0.3672143169562063,0,0,0,0,0,0,0,0,0,0,0,0,0,0,0,0
754D,0,0,0.3030434602868577,0,0,0,0,0,0,0,0,0,0,0,0,0,0,0,0,0
755K,0,0,0,0,0,0,0,0,0.4252916104610589,0,0,0,0,0,0,0,0,0,0,0
756K,0,0,0,0,0,0,0,0,0.20885198422147636,0,0,0,0,0,0,0,0,0,0,0
757G,0,0,0,0,0,0.40314580320487275,0,0,0,0,0,0,0,0,0,0,0,0,0,0
758N,0,0,0,0,0,0,0,0,0,0,0,0.3998579299348771,0,0,0,0,0,0,0,0
759Y,0,0,0,0,0,0,0,0,0,0,0,0,0,0,0,0,0,0,0,0.7002988531540015
760K,0,0,0,0,0,0,0,0,0.3244786120140369,0,0,0,0,0,0,0,0,0,0,0
761H,0,0,0,0,0,0,0.412682010981243,0,0,0,0,0,0,0,0,0,0,0,0,0
762G,0,0,0,0,0,0.3305826715076714,0,0,0,0,0,0,0,0,0,0,0,0,0,0
763L,0,0,0,0,0,0,0,0,0,0.45018794897002334,0,0,0,0,0,0,0,0,0,0
764A,0.6507617780980763,0,0,0,0,0,0,0,0,0,0,0,0,0,0,0,0,0,0,0
765Y,0,0,0,0,0,0,0,0,0,0,0,0,0,0,0,0,0,0,0,0.27002405473605917
766E,0,0,0,0.2482073808450995,0,0,0,0,0,0,0,0,0,0,0,0,0,0,0,0
767L,0,0,0,0,0,0,0,0,0,0.0,0,0,0,0,0,0,0,0,0,0
768G,0,0,0,0,0,0.06738838200760501,0,0,0,0,0,0,0,0,0,0,0,0,0,0
769V,0,0,0,0,0,0,0,0,0,0,0,0,0,0,0,0,0,0.1082929609711256,0,0
770L,0,0,0,0,0,0,0,0,0,0.21850076046864844,0,0,0,0,0,0,0,0,0,0
771L,0,0,0,0,0,0,0,0,0,0.13935617060395739,0,0,0,0,0,0,0,0,0,0
772F,0,0,0,0,0.07239521377723826,0,0,0,0,0,0,0,0,0,0,0,0,0,0,0
773G,0,0,0,0,0,0.23868426358244785,0,0,0,0,0,0,0,0,0,0,0,0,0,0
774E,0,0,0,0.08192816421019938,0,0,0,0,0,0,0,0,0,0,0,0,0,0,0,0
775P,0,0,0,0,0,0,0,0,0,0,0,0,0.39133416791097836,0,0,0,0,0,0,0
776N,0,0,0,0,0,0,0,0,0,0,0,0.258794042405597,0,0,0,0,0,0,0,0
777E,0,0,0,0.4053120890578823,0,0,0,0,0,0,0,0,0,0,0,0,0,0,0,0
778A,0.40370032018946655,0,0,0,0,0,0,0,0,0,0,0,0,0,0,0,0,0,0,0
779S,0,0,0,0,0,0,0,0,0,0,0,0,0,0,0,0.5932538077993477,0,0,0,0
780K,0,0,0,0,0,0,0,0,0.41574158499207514,0,0,0,0,0,0,0,0,0,0,0
781P,0,0,0,0,0,0,0,0,0,0,0,0,0.49039821578849835,0,0,0,0,0,0,0
782E,0,0,0,0.5206598572726695,0,0,0,0,0,0,0,0,0,0,0,0,0,0,0,0
783F,0,0,0,0,0.39497655172964136,0,0,0,0,0,0,0,0,0,0,0,0,0,0,0
784D,0,0,0.6125421558585747,0,0,0,0,0,0,0,0,0,0,0,0,0,0,0,0,0
785R,0,0,0,0,0,0,0,0,0,0,0,0,0,0,0.3656091080918011,0,0,0,0,0
786K,0,0,0,0,0,0,0,0,0.5185944540990671,0,0,0,0,0,0,0,0,0,0,0
787I,0,0,0,0,0,0,0,0.350778922199243,0,0,0,0,0,0,0,0,0,0,0,0
788K,0,0,0,0,0,0,0,0,0.41456759405661764,0,0,0,0,0,0,0,0,0,0,0
789K,0,0,0,0,0,0,0,0,0.3219200522789044,0,0,0,0,0,0,0,0,0,0,0
790F,0,0,0,0,0.2494431400055857,0,0,0,0,0,0,0,0,0,0,0,0,0,0,0
791N,0,0,0,0,0,0,0,0,0,0,0,0.2812974186119982,0,0,0,0,0,0,0,0
792S,0,0,0,0,0,0,0,0,0,0,0,0,0,0,0,0.13391879269053983,0,0,0,0
793I,0,0,0,0,0,0,0,0.10073351477765224,0,0,0,0,0,0,0,0,0,0,0,0
794Y,0,0,0,0,0,0,0,0,0,0,0,0,0,0,0,0,0,0,0,0.06858758398786195
795S,0,0,0,0,0,0,0,0,0,0,0,0,0,0,0,0.11253772473452345,0,0,0,0
796F,0,0,0,0,0.0540168073584791,0,0,0,0,0,0,0,0,0,0,0,0,0,0,0
797A,0.09538410192597357,0,0,0,0,0,0,0,0,0,0,0,0,0,0,0,0,0,0,0
798Q,0,0,0,0,0,0,0,0,0,0,0,0,0,0.14313936480630696,0,0,0,0,0,0
799I,0,0,0,0,0,0,0,0.07506335606972854,0,0,0,0,0,0,0,0,0,0,0,0
800Q,0,0,0,0,0,0,0,0,0,0,0,0,0,0.12236974354751137,0,0,0,0,0,0
801Q,0,0,0,0,0,0,0,0,0,0,0,0,0,0.11074277495781791,0,0,0,0,0,0
802I,0,0,0,0,0,0,0,0.06630125860132667,0,0,0,0,0,0,0,0,0,0,0,0
803A,0.14665183959623238,0,0,0,0,0,0,0,0,0,0,0,0,0,0,0,0,0,0,0
804F,0,0,0,0,0.06764871480261503,0,0,0,0,0,0,0,0,0,0,0,0,0,0,0
805A,0.13891218619691806,0,0,0,0,0,0,0,0,0,0,0,0,0,0,0,0,0,0,0
806E,0,0,0,0.16287498645580373,0,0,0,0,0,0,0,0,0,0,0,0,0,0,0,0
807R,0,0,0,0,0,0,0,0,0,0,0,0,0,0,0.15802812464396032,0,0,0,0,0
808K,0,0,0,0,0,0,0,0,0.22498764939531762,0,0,0,0,0,0,0,0,0,0,0
809G,0,0,0,0,0,0.24573427213305857,0,0,0,0,0,0,0,0,0,0,0,0,0,0
810N,0,0,0,0,0,0,0,0,0,0,0,0.3980159181177879,0,0,0,0,0,0,0,0
811A,0.4285990884856365,0,0,0,0,0,0,0,0,0,0,0,0,0,0,0,0,0,0,0
812N,0,0,0,0,0,0,0,0,0,0,0,0.18187782888096427,0,0,0,0,0,0,0,0
813T,0,0,0,0,0,0,0,0,0,0,0,0,0,0,0,0,0.12917404121929424,0,0,0
814C,0,0.09430514403979567,0,0,0,0,0,0,0,0,0,0,0,0,0,0,0,0,0,0
815A,0.15680749280192435,0,0,0,0,0,0,0,0,0,0,0,0,0,0,0,0,0,0,0
816V,0,0,0,0,0,0,0,0,0,0,0,0,0,0,0,0,0,0.1678843842127287,0,0
817C,0,0.19157779969509925,0,0,0,0,0,0,0,0,0,0,0,0,0,0,0,0,0,0
818S,0,0,0,0,0,0,0,0,0,0,0,0,0,0,0,0.16885833419170895,0,0,0,0
819A,0.12323508876566389,0,0,0,0,0,0,0,0,0,0,0,0,0,0,0,0,0,0,0
820D,0,0,0.2552256365919041,0,0,0,0,0,0,0,0,0,0,0,0,0,0,0,0,0
821N,0,0,0,0,0,0,0,0,0,0,0,0.16648331033744718,0,0,0,0,0,0,0,0
822A,0.3229976556433275,0,0,0,0,0,0,0,0,0,0,0,0,0,0,0,0,0,0,0
823H,0,0,0,0,0,0,0.28968921386126867,0,0,0,0,0,0,0,0,0,0,0,0,0
824R,0,0,0,0,0,0,0,0,0,0,0,0,0,0,0.3912274634685211,0,0,0,0,0
825M,0,0,0,0,0,0,0,0,0,0,0.209873521865016,0,0,0,0,0,0,0,0,0
826Q,0,0,0,0,0,0,0,0,0,0,0,0,0,0.2720267886190548,0,0,0,0,0,0
827Q,0,0,0,0,0,0,0,0,0,0,0,0,0,0.2415984473868028,0,0,0,0,0,0
828I,0,0,0,0,0,0,0,0.25816407845747424,0,0,0,0,0,0,0,0,0,0,0,0
829K,0,0,0,0,0,0,0,0,0.32464975661630474,0,0,0,0,0,0,0,0,0,0,0
830I,0,0,0,0,0,0,0,0.18890169309414448,0,0,0,0,0,0,0,0,0,0,0,0
831T,0,0,0,0,0,0,0,0,0,0,0,0,0,0,0,0,0.21462142506324255,0,0,0
832E,0,0,0,0.1511923138895783,0,0,0,0,0,0,0,0,0,0,0,0,0,0,0,0
833P,0,0,0,0,0,0,0,0,0,0,0,0,0.30846637606532334,0,0,0,0,0,0,0
834V,0,0,0,0,0,0,0,0,0,0,0,0,0,0,0,0,0,0.21737763710794764,0,0
835E,0,0,0,0.45264581351235533,0,0,0,0,0,0,0,0,0,0,0,0,0,0,0,0
836D,0,0,0.37100298933034404,0,0,0,0,0,0,0,0,0,0,0,0,0,0,0,0,0
837N,0,0,0,0,0,0,0,0,0,0,0,0.4400993062297073,0,0,0,0,0,0,0,0
838K,0,0,0,0,0,0,0,0,0.2960830127583847,0,0,0,0,0,0,0,0,0,0,0
839D,0,0,0.4252673858005072,0,0,0,0,0,0,0,0,0,0,0,0,0,0,0,0,0
840K,0,0,0,0,0,0,0,0,0.30314944680994244,0,0,0,0,0,0,0,0,0,0,0
841I,0,0,0,0,0,0,0,0.18590579459039586,0,0,0,0,0,0,0,0,0,0,0,0
842I,0,0,0,0,0,0,0,0.2720586158581875,0,0,0,0,0,0,0,0,0,0,0,0
843L,0,0,0,0,0,0,0,0,0,0.16102658313418328,0,0,0,0,0,0,0,0,0,0
844S,0,0,0,0,0,0,0,0,0,0,0,0,0,0,0,0.17126347265046618,0,0,0,0
845A,0.15202184769565377,0,0,0,0,0,0,0,0,0,0,0,0,0,0,0,0,0,0,0
846K,0,0,0,0,0,0,0,0,0.18193275840397316,0,0,0,0,0,0,0,0,0,0,0
847A,0.12786827710046172,0,0,0,0,0,0,0,0,0,0,0,0,0,0,0,0,0,0,0
848Q,0,0,0,0,0,0,0,0,0,0,0,0,0,0.1829005420344981,0,0,0,0,0,0
849R,0,0,0,0,0,0,0,0,0,0,0,0,0,0,0.13948466287299185,0,0,0,0,0
850L,0,0,0,0,0,0,0,0,0,0.23919152209201647,0,0,0,0,0,0,0,0,0,0
851P,0,0,0,0,0,0,0,0,0,0,0,0,0.323111953472928,0,0,0,0,0,0,0
852A,0.18172558693083832,0,0,0,0,0,0,0,0,0,0,0,0,0,0,0,0,0,0,0
853I,0,0,0,0,0,0,0,0.06264338135648219,0,0,0,0,0,0,0,0,0,0,0,0
854P,0,0,0,0,0,0,0,0,0,0,0,0,0.10457342172363455,0,0,0,0,0,0,0
855T,0,0,0,0,0,0,0,0,0,0,0,0,0,0,0,0,0.029003976690109734,0,0,0
856R,0,0,0,0,0,0,0,0,0,0,0,0,0,0,0.1837491125132394,0,0,0,0,0
857I,0,0,0,0,0,0,0,0.15457370962669859,0,0,0,0,0,0,0,0,0,0,0,0
858V,0,0,0,0,0,0,0,0,0,0,0,0,0,0,0,0,0,0.06090229182198205,0,0
859D,0,0,0.12938047673060477,0,0,0,0,0,0,0,0,0,0,0,0,0,0,0,0,0
860G,0,0,0,0,0,0.04186939407284421,0,0,0,0,0,0,0,0,0,0,0,0,0,0
861A,0.1725200348907195,0,0,0,0,0,0,0,0,0,0,0,0,0,0,0,0,0,0,0
862V,0,0,0,0,0,0,0,0,0,0,0,0,0,0,0,0,0,0.176539670985653,0,0
863K,0,0,0,0,0,0,0,0,0.19126871855598424,0,0,0,0,0,0,0,0,0,0,0
864K,0,0,0,0,0,0,0,0,0.09660442325656186,0,0,0,0,0,0,0,0,0,0,0
865M,0,0,0,0,0,0,0,0,0,0,0.10216608998347125,0,0,0,0,0,0,0,0,0
866A,0.08288685850283324,0,0,0,0,0,0,0,0,0,0,0,0,0,0,0,0,0,0,0
867T,0,0,0,0,0,0,0,0,0,0,0,0,0,0,0,0,0.16497705878687885,0,0,0
868I,0,0,0,0,0,0,0,0.05936715821340064,0,0,0,0,0,0,0,0,0,0,0,0
869L,0,0,0,0,0,0,0,0,0,0.0008061369604492906,0,0,0,0,0,0,0,0,0,0
870A,0.132764945805359,0,0,0,0,0,0,0,0,0,0,0,0,0,0,0,0,0,0,0
871K,0,0,0,0,0,0,0,0,0.06169863591827846,0,0,0,0,0,0,0,0,0,0,0
872N,0,0,0,0,0,0,0,0,0,0,0,0.1650509013202693,0,0,0,0,0,0,0,0
873I,0,0,0,0,0,0,0,0.14241517853456434,0,0,0,0,0,0,0,0,0,0,0,0
874V,0,0,0,0,0,0,0,0,0,0,0,0,0,0,0,0,0,0.1292329185465155,0,0
875D,0,0,0.20126115745870218,0,0,0,0,0,0,0,0,0,0,0,0,0,0,0,0,0
876D,0,0,0.11649506121677418,0,0,0,0,0,0,0,0,0,0,0,0,0,0,0,0,0
877N,0,0,0,0,0,0,0,0,0,0,0,0.37636324877983235,0,0,0,0,0,0,0,0
878W,0,0,0,0,0,0,0,0,0,0,0,0,0,0,0,0,0,0,0.2998533026655444,0
879Q,0,0,0,0,0,0,0,0,0,0,0,0,0,0.42903312769576135,0,0,0,0,0,0
880N,0,0,0,0,0,0,0,0,0,0,0,0.22998883668430944,0,0,0,0,0,0,0,0
881I,0,0,0,0,0,0,0,0.2907795241968835,0,0,0,0,0,0,0,0,0,0,0,0
882K,0,0,0,0,0,0,0,0,0.18925178221657846,0,0,0,0,0,0,0,0,0,0,0
883Q,0,0,0,0,0,0,0,0,0,0,0,0,0,0.237908532789963,0,0,0,0,0,0
884V,0,0,0,0,0,0,0,0,0,0,0,0,0,0,0,0,0,0.20151593200407591,0,0
885L,0,0,0,0,0,0,0,0,0,0.11461650593171913,0,0,0,0,0,0,0,0,0,0
886S,0,0,0,0,0,0,0,0,0,0,0,0,0,0,0,0.18943892051881395,0,0,0,0
887A,0.09786330779526263,0,0,0,0,0,0,0,0,0,0,0,0,0,0,0,0,0,0,0
888K,0,0,0,0,0,0,0,0,0.13566902357625596,0,0,0,0,0,0,0,0,0,0,0
889H,0,0,0,0,0,0,0.30147834352751063,0,0,0,0,0,0,0,0,0,0,0,0,0
890Q,0,0,0,0,0,0,0,0,0,0,0,0,0,0.15998427039710236,0,0,0,0,0,0
891L,0,0,0,0,0,0,0,0,0,0.11818191636989346,0,0,0,0,0,0,0,0,0,0
892H,0,0,0,0,0,0,0.12971571550835215,0,0,0,0,0,0,0,0,0,0,0,0,0
893I,0,0,0,0,0,0,0,0.0,0,0,0,0,0,0,0,0,0,0,0,0
894P,0,0,0,0,0,0,0,0,0,0,0,0,0.09683926457941111,0,0,0,0,0,0,0
895I,0,0,0,0,0,0,0,0.04820926414345916,0,0,0,0,0,0,0,0,0,0,0,0
896I,0,0,0,0,0,0,0,0.08410549588713379,0,0,0,0,0,0,0,0,0,0,0,0
897T,0,0,0,0,0,0,0,0,0,0,0,0,0,0,0,0,0.067791710738283,0,0,0
898E,0,0,0,0.12478012470714511,0,0,0,0,0,0,0,0,0,0,0,0,0,0,0,0
899S,0,0,0,0,0,0,0,0,0,0,0,0,0,0,0,0.07776966014960697,0,0,0,0
900N,0,0,0,0,0,0,0,0,0,0,0,0.14346443632200406,0,0,0,0,0,0,0,0
901A,0.21316706122404236,0,0,0,0,0,0,0,0,0,0,0,0,0,0,0,0,0,0,0
902F,0,0,0,0,0.05987663031394215,0,0,0,0,0,0,0,0,0,0,0,0,0,0,0
903E,0,0,0,0.2613913933339447,0,0,0,0,0,0,0,0,0,0,0,0,0,0,0,0
904F,0,0,0,0,0.17055402714019577,0,0,0,0,0,0,0,0,0,0,0,0,0,0,0
905E,0,0,0,0.21008612006512153,0,0,0,0,0,0,0,0,0,0,0,0,0,0,0,0
906P,0,0,0,0,0,0,0,0,0,0,0,0,0.28306844418603916,0,0,0,0,0,0,0
907A,0.25653076238410866,0,0,0,0,0,0,0,0,0,0,0,0,0,0,0,0,0,0,0
908L,0,0,0,0,0,0,0,0,0,0.2960499098430119,0,0,0,0,0,0,0,0,0,0
909A,0.19873537043824374,0,0,0,0,0,0,0,0,0,0,0,0,0,0,0,0,0,0,0
910D,0,0,0.37400023370653435,0,0,0,0,0,0,0,0,0,0,0,0,0,0,0,0,0
911V,0,0,0,0,0,0,0,0,0,0,0,0,0,0,0,0,0,0.18093876788062435,0,0
912K,0,0,0,0,0,0,0,0,0.3037232733746056,0,0,0,0,0,0,0,0,0,0,0
913G,0,0,0,0,0,0.27998269017244487,0,0,0,0,0,0,0,0,0,0,0,0,0,0
914K,0,0,0,0,0,0,0,0,0.21987896496363943,0,0,0,0,0,0,0,0,0,0,0
915S,0,0,0,0,0,0,0,0,0,0,0,0,0,0,0,0.401177819305447,0,0,0,0
916L,0,0,0,0,0,0,0,0,0,0.3374245758278323,0,0,0,0,0,0,0,0,0,0
917K,0,0,0,0,0,0,0,0,0.4101986157601619,0,0,0,0,0,0,0,0,0,0,0
918D,0,0,0.36500906998412747,0,0,0,0,0,0,0,0,0,0,0,0,0,0,0,0,0
919R,0,0,0,0,0,0,0,0,0,0,0,0,0,0,0.3808546695886593,0,0,0,0,0
920R,0,0,0,0,0,0,0,0,0,0,0,0,0,0,0.5466348439401895,0,0,0,0,0
921K,0,0,0,0,0,0,0,0,0.4569847688761412,0,0,0,0,0,0,0,0,0,0,0
922K,0,0,0,0,0,0,0,0,0.30793915067554695,0,0,0,0,0,0,0,0,0,0,0
923A,0.3644882159083574,0,0,0,0,0,0,0,0,0,0,0,0,0,0,0,0,0,0,0
924L,0,0,0,0,0,0,0,0,0,0.30114491212003874,0,0,0,0,0,0,0,0,0,0
925E,0,0,0,0.39898516251968374,0,0,0,0,0,0,0,0,0,0,0,0,0,0,0,0
926R,0,0,0,0,0,0,0,0,0,0,0,0,0,0,0.4011496982582665,0,0,0,0,0
927I,0,0,0,0,0,0,0,0.277685301814847,0,0,0,0,0,0,0,0,0,0,0,0
928S,0,0,0,0,0,0,0,0,0,0,0,0,0,0,0,0.35731447481687556,0,0,0,0
929P,0,0,0,0,0,0,0,0,0,0,0,0,0.240608426339034,0,0,0,0,0,0,0
930E,0,0,0,0.22738677124286374,0,0,0,0,0,0,0,0,0,0,0,0,0,0,0,0
931N,0,0,0,0,0,0,0,0,0,0,0,0.34616392814396946,0,0,0,0,0,0,0,0
932I,0,0,0,0,0,0,0,0.3300331441256946,0,0,0,0,0,0,0,0,0,0,0,0
933F,0,0,0,0,0.3919714978194365,0,0,0,0,0,0,0,0,0,0,0,0,0,0,0
934K,0,0,0,0,0,0,0,0,0.29154630867705705,0,0,0,0,0,0,0,0,0,0,0
935D,0,0,0.4413771396117799,0,0,0,0,0,0,0,0,0,0,0,0,0,0,0,0,0
936K,0,0,0,0,0,0,0,0,0.40917471910348735,0,0,0,0,0,0,0,0,0,0,0
937N,0,0,0,0,0,0,0,0,0,0,0,0.49356945101735505,0,0,0,0,0,0,0,0
938N,0,0,0,0,0,0,0,0,0,0,0,0.3967398852021998,0,0,0,0,0,0,0,0
939R,0,0,0,0,0,0,0,0,0,0,0,0,0,0,0.48980418716537366,0,0,0,0,0
940I,0,0,0,0,0,0,0,0.2586678478649353,0,0,0,0,0,0,0,0,0,0,0,0
941K,0,0,0,0,0,0,0,0,0.3253905246459891,0,0,0,0,0,0,0,0,0,0,0
942E,0,0,0,0.3480282087585517,0,0,0,0,0,0,0,0,0,0,0,0,0,0,0,0
943F,0,0,0,0,0.26714468366556005,0,0,0,0,0,0,0,0,0,0,0,0,0,0,0
944A,0.24869371229261858,0,0,0,0,0,0,0,0,0,0,0,0,0,0,0,0,0,0,0
945K,0,0,0,0,0,0,0,0,0.1946702574446628,0,0,0,0,0,0,0,0,0,0,0
946G,0,0,0,0,0,0.17196739596791905,0,0,0,0,0,0,0,0,0,0,0,0,0,0
947I,0,0,0,0,0,0,0,0.12376335334492343,0,0,0,0,0,0,0,0,0,0,0,0
948S,0,0,0,0,0,0,0,0,0,0,0,0,0,0,0,0.31615055742893083,0,0,0,0
949A,0.25156796959779376,0,0,0,0,0,0,0,0,0,0,0,0,0,0,0,0,0,0,0
950Y,0,0,0,0,0,0,0,0,0,0,0,0,0,0,0,0,0,0,0,0.11603467152314242
951S,0,0,0,0,0,0,0,0,0,0,0,0,0,0,0,0.004379000361023607,0,0,0,0
952G,0,0,0,0,0,0.05545460518688312,0,0,0,0,0,0,0,0,0,0,0,0,0,0
953A,0.04604312883598714,0,0,0,0,0,0,0,0,0,0,0,0,0,0,0,0,0,0,0
954N,0,0,0,0,0,0,0,0,0,0,0,0.11405818966633421,0,0,0,0,0,0,0,0
955L,0,0,0,0,0,0,0,0,0,0.08069148624934115,0,0,0,0,0,0,0,0,0,0
956T,0,0,0,0,0,0,0,0,0,0,0,0,0,0,0,0,0.11950357701753726,0,0,0
957D,0,0,0.14247280466881224,0,0,0,0,0,0,0,0,0,0,0,0,0,0,0,0,0
958G,0,0,0,0,0,0.1462250594432134,0,0,0,0,0,0,0,0,0,0,0,0,0,0
959D,0,0,0.4008101478060098,0,0,0,0,0,0,0,0,0,0,0,0,0,0,0,0,0
960F,0,0,0,0,0.13499990099868364,0,0,0,0,0,0,0,0,0,0,0,0,0,0,0
961D,0,0,0.3374457200835558,0,0,0,0,0,0,0,0,0,0,0,0,0,0,0,0,0
962G,0,0,0,0,0,0.16968698818304453,0,0,0,0,0,0,0,0,0,0,0,0,0,0
963A,0.45495266083300245,0,0,0,0,0,0,0,0,0,0,0,0,0,0,0,0,0,0,0
964K,0,0,0,0,0,0,0,0,0.4994385824328829,0,0,0,0,0,0,0,0,0,0,0
965E,0,0,0,0.33537949300819736,0,0,0,0,0,0,0,0,0,0,0,0,0,0,0,0
966E,0,0,0,0.40811562190236894,0,0,0,0,0,0,0,0,0,0,0,0,0,0,0,0
967L,0,0,0,0,0,0,0,0,0,0.4197616670896103,0,0,0,0,0,0,0,0,0,0
968D,0,0,0.7696853219864443,0,0,0,0,0,0,0,0,0,0,0,0,0,0,0,0,0
969H,0,0,0,0,0,0,1.0,0,0,0,0,0,0,0,0,0,0,0,0,0
970I,0,0,0,0,0,0,0,0.38380801533138137,0,0,0,0,0,0,0,0,0,0,0,0
971I,0,0,0,0,0,0,0,0.5061502804902308,0,0,0,0,0,0,0,0,0,0,0,0
972P,0,0,0,0,0,0,0,0,0,0,0,0,0.42377843512235286,0,0,0,0,0,0,0
973R,0,0,0,0,0,0,0,0,0,0,0,0,0,0,0.29038032946852116,0,0,0,0,0
974S,0,0,0,0,0,0,0,0,0,0,0,0,0,0,0,0.5496440300637838,0,0,0,0
975H,0,0,0,0,0,0,0.3146656021564236,0,0,0,0,0,0,0,0,0,0,0,0,0
976K,0,0,0,0,0,0,0,0,0.6580496640566135,0,0,0,0,0,0,0,0,0,0,0
977K,0,0,0,0,0,0,0,0,0.43977432097054703,0,0,0,0,0,0,0,0,0,0,0
978Y,0,0,0,0,0,0,0,0,0,0,0,0,0,0,0,0,0,0,0,0.38234351033040986
979G,0,0,0,0,0,0.59371608190112,0,0,0,0,0,0,0,0,0,0,0,0,0,0
980T,0,0,0,0,0,0,0,0,0,0,0,0,0,0,0,0,0.48125284647082295,0,0,0
981L,0,0,0,0,0,0,0,0,0,0.15502610590139104,0,0,0,0,0,0,0,0,0,0
982N,0,0,0,0,0,0,0,0,0,0,0,0.3110743932997272,0,0,0,0,0,0,0,0
983D,0,0,0.15306679952599883,0,0,0,0,0,0,0,0,0,0,0,0,0,0,0,0,0
984E,0,0,0,0.26557047326196315,0,0,0,0,0,0,0,0,0,0,0,0,0,0,0,0
985A,0.38287100512463074,0,0,0,0,0,0,0,0,0,0,0,0,0,0,0,0,0,0,0
986N,0,0,0,0,0,0,0,0,0,0,0,0.3045720114166611,0,0,0,0,0,0,0,0
987L,0,0,0,0,0,0,0,0,0,0.0805963906102003,0,0,0,0,0,0,0,0,0,0
988I,0,0,0,0,0,0,0,0.12057803896619805,0,0,0,0,0,0,0,0,0,0,0,0
989C,0,0.13943123175858926,0,0,0,0,0,0,0,0,0,0,0,0,0,0,0,0,0,0
990V,0,0,0,0,0,0,0,0,0,0,0,0,0,0,0,0,0,0.26186932624139536,0,0
991T,0,0,0,0,0,0,0,0,0,0,0,0,0,0,0,0,0.1818849243372869,0,0,0
992R,0,0,0,0,0,0,0,0,0,0,0,0,0,0,0.11923960057469184,0,0,0,0,0
993G,0,0,0,0,0,0.21345191296220675,0,0,0,0,0,0,0,0,0,0,0,0,0,0
994D,0,0,0.1630637568714266,0,0,0,0,0,0,0,0,0,0,0,0,0,0,0,0,0
995N,0,0,0,0,0,0,0,0,0,0,0,0.3975506682710249,0,0,0,0,0,0,0,0
996K,0,0,0,0,0,0,0,0,0.45183655992600447,0,0,0,0,0,0,0,0,0,0,0
997N,0,0,0,0,0,0,0,0,0,0,0,0.5355675093735869,0,0,0,0,0,0,0,0
998K,0,0,0,0,0,0,0,0,0.41418307178713243,0,0,0,0,0,0,0,0,0,0,0
999G,0,0,0,0,0,0.3861697526722806,0,0,0,0,0,0,0,0,0,0,0,0,0,0
1000N,0,0,0,0,0,0,0,0,0,0,0,0.2722467323098235,0,0,0,0,0,0,0,0
1001R,0,0,0,0,0,0,0,0,0,0,0,0,0,0,0.4558371573738153,0,0,0,0,0
1002I,0,0,0,0,0,0,0,0.424576029594606,0,0,0,0,0,0,0,0,0,0,0,0
1003F,0,0,0,0,0.17561653572396033,0,0,0,0,0,0,0,0,0,0,0,0,0,0,0
1004C,0,0.24957885308172817,0,0,0,0,0,0,0,0,0,0,0,0,0,0,0,0,0,0
1005L,0,0,0,0,0,0,0,0,0,0.10527913036638031,0,0,0,0,0,0,0,0,0,0
1006R,0,0,0,0,0,0,0,0,0,0,0,0,0,0,0.29852991621163516,0,0,0,0,0
1007D,0,0,0.26915443773721587,0,0,0,0,0,0,0,0,0,0,0,0,0,0,0,0,0
1008L,0,0,0,0,0,0,0,0,0,0.16872797941387888,0,0,0,0,0,0,0,0,0,0
1009A,0.27073896741222214,0,0,0,0,0,0,0,0,0,0,0,0,0,0,0,0,0,0,0
1010D,0,0,0.19029599963402666,0,0,0,0,0,0,0,0,0,0,0,0,0,0,0,0,0
1011N,0,0,0,0,0,0,0,0,0,0,0,0.23240796321100002,0,0,0,0,0,0,0,0
1012Y,0,0,0,0,0,0,0,0,0,0,0,0,0,0,0,0,0,0,0,0.31383923024918686
1013K,0,0,0,0,0,0,0,0,0.36781754499660385,0,0,0,0,0,0,0,0,0,0,0
1014L,0,0,0,0,0,0,0,0,0,0.1323185536977986,0,0,0,0,0,0,0,0,0,0
1015K,0,0,0,0,0,0,0,0,0.299806254868485,0,0,0,0,0,0,0,0,0,0,0
1016Q,0,0,0,0,0,0,0,0,0,0,0,0,0,0.19709067974620406,0,0,0,0,0,0
1017F,0,0,0,0,0.43542656093110116,0,0,0,0,0,0,0,0,0,0,0,0,0,0,0
1018E,0,0,0,0.3709962369733712,0,0,0,0,0,0,0,0,0,0,0,0,0,0,0,0
1019T,0,0,0,0,0,0,0,0,0,0,0,0,0,0,0,0,0.3771106336821441,0,0,0
1020T,0,0,0,0,0,0,0,0,0,0,0,0,0,0,0,0,0.26283091849903106,0,0,0
1021D,0,0,0.29778470366818743,0,0,0,0,0,0,0,0,0,0,0,0,0,0,0,0,0
1022D,0,0,0.402981086250763,0,0,0,0,0,0,0,0,0,0,0,0,0,0,0,0,0
1023L,0,0,0,0,0,0,0,0,0,0.377282337228507,0,0,0,0,0,0,0,0,0,0
1024E,0,0,0,0.3982095609111543,0,0,0,0,0,0,0,0,0,0,0,0,0,0,0,0
1025I,0,0,0,0,0,0,0,0.1627691634007371,0,0,0,0,0,0,0,0,0,0,0,0
1026E,0,0,0,0.4323977968476681,0,0,0,0,0,0,0,0,0,0,0,0,0,0,0,0
1027K,0,0,0,0,0,0,0,0,0.2586820313274096,0,0,0,0,0,0,0,0,0,0,0
1028K,0,0,0,0,0,0,0,0,0.38833079907216134,0,0,0,0,0,0,0,0,0,0,0
1029I,0,0,0,0,0,0,0,0.3126504528980455,0,0,0,0,0,0,0,0,0,0,0,0
1030A,0.31371871752342495,0,0,0,0,0,0,0,0,0,0,0,0,0,0,0,0,0,0,0
1031D,0,0,0.20104770565317764,0,0,0,0,0,0,0,0,0,0,0,0,0,0,0,0,0
1032T,0,0,0,0,0,0,0,0,0,0,0,0,0,0,0,0,0.13392744138409704,0,0,0
1033I,0,0,0,0,0,0,0,0.2167452388892402,0,0,0,0,0,0,0,0,0,0,0,0
1034W,0,0,0,0,0,0,0,0,0,0,0,0,0,0,0,0,0,0,0.09456071875088849,0
1035D,0,0,0.31103434877567837,0,0,0,0,0,0,0,0,0,0,0,0,0,0,0,0,0
1036A,0.25693939736583815,0,0,0,0,0,0,0,0,0,0,0,0,0,0,0,0,0,0,0
1037N,0,0,0,0,0,0,0,0,0,0,0,0.32650706154155135,0,0,0,0,0,0,0,0
1038K,0,0,0,0,0,0,0,0,0.2842202345789393,0,0,0,0,0,0,0,0,0,0,0
1039K,0,0,0,0,0,0,0,0,0.31069518119616507,0,0,0,0,0,0,0,0,0,0,0
1040D,0,0,0.3908449397205782,0,0,0,0,0,0,0,0,0,0,0,0,0,0,0,0,0
1041F,0,0,0,0,0.48226556011625804,0,0,0,0,0,0,0,0,0,0,0,0,0,0,0
1042K,0,0,0,0,0,0,0,0,0.4869340068381535,0,0,0,0,0,0,0,0,0,0,0
1043F,0,0,0,0,0.17654733952982105,0,0,0,0,0,0,0,0,0,0,0,0,0,0,0
1044G,0,0,0,0,0,0.33494772874699863,0,0,0,0,0,0,0,0,0,0,0,0,0,0
1045N,0,0,0,0,0,0,0,0,0,0,0,0.11165500304672196,0,0,0,0,0,0,0,0
1046Y,0,0,0,0,0,0,0,0,0,0,0,0,0,0,0,0,0,0,0,0.3094599762453324
1047R,0,0,0,0,0,0,0,0,0,0,0,0,0,0,0.3584252675983134,0,0,0,0,0
1048S,0,0,0,0,0,0,0,0,0,0,0,0,0,0,0,0.12683286320463738,0,0,0,0
1049F,0,0,0,0,0.18184060728233864,0,0,0,0,0,0,0,0,0,0,0,0,0,0,0
1050I,0,0,0,0,0,0,0,0.11552729383807286,0,0,0,0,0,0,0,0,0,0,0,0
1051N,0,0,0,0,0,0,0,0,0,0,0,0.25434484786516215,0,0,0,0,0,0,0,0
1052L,0,0,0,0,0,0,0,0,0,0.10559589581808541,0,0,0,0,0,0,0,0,0,0
1053T,0,0,0,0,0,0,0,0,0,0,0,0,0,0,0,0,0.22636372895415702,0,0,0
1054P,0,0,0,0,0,0,0,0,0,0,0,0,0.20124594523434577,0,0,0,0,0,0,0
1055Q,0,0,0,0,0,0,0,0,0,0,0,0,0,0.23928601670346883,0,0,0,0,0,0
1056E,0,0,0,0.3195070197503308,0,0,0,0,0,0,0,0,0,0,0,0,0,0,0,0
1057Q,0,0,0,0,0,0,0,0,0,0,0,0,0,0.43368915085508636,0,0,0,0,0,0
1058K,0,0,0,0,0,0,0,0,0.5130374826087682,0,0,0,0,0,0,0,0,0,0,0
1059A,0.5417477292582332,0,0,0,0,0,0,0,0,0,0,0,0,0,0,0,0,0,0,0
1060F,0,0,0,0,0.39326551620678546,0,0,0,0,0,0,0,0,0,0,0,0,0,0,0
1061R,0,0,0,0,0,0,0,0,0,0,0,0,0,0,0.29191359144846457,0,0,0,0,0
1062H,0,0,0,0,0,0,0.14824388903836982,0,0,0,0,0,0,0,0,0,0,0,0,0
1063A,0.18037912011633406,0,0,0,0,0,0,0,0,0,0,0,0,0,0,0,0,0,0,0
1064L,0,0,0,0,0,0,0,0,0,0.2894681277760646,0,0,0,0,0,0,0,0,0,0
1065F,0,0,0,0,0.32140213117730126,0,0,0,0,0,0,0,0,0,0,0,0,0,0,0
1066L,0,0,0,0,0,0,0,0,0,0.1951959934538673,0,0,0,0,0,0,0,0,0,0
1067A,0.24606347534299913,0,0,0,0,0,0,0,0,0,0,0,0,0,0,0,0,0,0,0
1068D,0,0,0.19373894446889564,0,0,0,0,0,0,0,0,0,0,0,0,0,0,0,0,0
1069E,0,0,0,0.18836404441737262,0,0,0,0,0,0,0,0,0,0,0,0,0,0,0,0
1070N,0,0,0,0,0,0,0,0,0,0,0,0.41487606237023805,0,0,0,0,0,0,0,0
1071P,0,0,0,0,0,0,0,0,0,0,0,0,0.31088709143755916,0,0,0,0,0,0,0
1072I,0,0,0,0,0,0,0,0.45145746049244795,0,0,0,0,0,0,0,0,0,0,0,0
1073K,0,0,0,0,0,0,0,0,0.38506585944018046,0,0,0,0,0,0,0,0,0,0,0
1074Q,0,0,0,0,0,0,0,0,0,0,0,0,0,0.3870708391522658,0,0,0,0,0,0
1075A,0.21430945035569685,0,0,0,0,0,0,0,0,0,0,0,0,0,0,0,0,0,0,0
1076V,0,0,0,0,0,0,0,0,0,0,0,0,0,0,0,0,0,0.12905071236636875,0,0
1077I,0,0,0,0,0,0,0,0.14185658917454289,0,0,0,0,0,0,0,0,0,0,0,0
1078R,0,0,0,0,0,0,0,0,0,0,0,0,0,0,0.1111718126232652,0,0,0,0,0
1079A,0.2616721409249449,0,0,0,0,0,0,0,0,0,0,0,0,0,0,0,0,0,0,0
1080I,0,0,0,0,0,0,0,0.1384732827349615,0,0,0,0,0,0,0,0,0,0,0,0
1081N,0,0,0,0,0,0,0,0,0,0,0,0.29373376063758216,0,0,0,0,0,0,0,0
1082N,0,0,0,0,0,0,0,0,0,0,0,0.15383960300215735,0,0,0,0,0,0,0,0
1083R,0,0,0,0,0,0,0,0,0,0,0,0,0,0,0.16646420584622604,0,0,0,0,0
1084N,0,0,0,0,0,0,0,0,0,0,0,0.19269507707501363,0,0,0,0,0,0,0,0
1085R,0,0,0,0,0,0,0,0,0,0,0,0,0,0,0.05457974118091088,0,0,0,0,0
1086T,0,0,0,0,0,0,0,0,0,0,0,0,0,0,0,0,0.19312676293665268,0,0,0
1087F,0,0,0,0,0.15098965844895407,0,0,0,0,0,0,0,0,0,0,0,0,0,0,0
1088V,0,0,0,0,0,0,0,0,0,0,0,0,0,0,0,0,0,0.21502873794516286,0,0
1089N,0,0,0,0,0,0,0,0,0,0,0,0.17900426765698635,0,0,0,0,0,0,0,0
1090G,0,0,0,0,0,0.1865428918261182,0,0,0,0,0,0,0,0,0,0,0,0,0,0
1091T,0,0,0,0,0,0,0,0,0,0,0,0,0,0,0,0,0.22487388786568396,0,0,0
1092Q,0,0,0,0,0,0,0,0,0,0,0,0,0,0.4881285488752187,0,0,0,0,0,0
1093R,0,0,0,0,0,0,0,0,0,0,0,0,0,0,0.3325927118245282,0,0,0,0,0
1094Y,0,0,0,0,0,0,0,0,0,0,0,0,0,0,0,0,0,0,0,0.15021419895026478
1095F,0,0,0,0,0.10851329382566618,0,0,0,0,0,0,0,0,0,0,0,0,0,0,0
1096A,0.03215561504178716,0,0,0,0,0,0,0,0,0,0,0,0,0,0,0,0,0,0,0
1097E,0,0,0,0.13871776526324087,0,0,0,0,0,0,0,0,0,0,0,0,0,0,0,0
1098V,0,0,0,0,0,0,0,0,0,0,0,0,0,0,0,0,0,0.12495325773994817,0,0
1099L,0,0,0,0,0,0,0,0,0,0.1425860644787103,0,0,0,0,0,0,0,0,0,0
1100A,0.11836946207409638,0,0,0,0,0,0,0,0,0,0,0,0,0,0,0,0,0,0,0
1101N,0,0,0,0,0,0,0,0,0,0,0,0.10103580906637107,0,0,0,0,0,0,0,0
1102N,0,0,0,0,0,0,0,0,0,0,0,0.179919922947069,0,0,0,0,0,0,0,0
1103I,0,0,0,0,0,0,0,0.07823535590365302,0,0,0,0,0,0,0,0,0,0,0,0
1104Y,0,0,0,0,0,0,0,0,0,0,0,0,0,0,0,0,0,0,0,0.22151150142946835
1105L,0,0,0,0,0,0,0,0,0,0.0947587977201926,0,0,0,0,0,0,0,0,0,0
1106R,0,0,0,0,0,0,0,0,0,0,0,0,0,0,0.25307580571882493,0,0,0,0,0
1107A,0.15739198298414814,0,0,0,0,0,0,0,0,0,0,0,0,0,0,0,0,0,0,0
1108K,0,0,0,0,0,0,0,0,0.24108208611303553,0,0,0,0,0,0,0,0,0,0,0
1109K,0,0,0,0,0,0,0,0,0.2784638792568772,0,0,0,0,0,0,0,0,0,0,0
1110E,0,0,0,0.32591355116572907,0,0,0,0,0,0,0,0,0,0,0,0,0,0,0,0
1111N,0,0,0,0,0,0,0,0,0,0,0,0.5560561807701777,0,0,0,0,0,0,0,0
1112L,0,0,0,0,0,0,0,0,0,0.15502350934065398,0,0,0,0,0,0,0,0,0,0
1113N,0,0,0,0,0,0,0,0,0,0,0,0.4811326990059885,0,0,0,0,0,0,0,0
1114T,0,0,0,0,0,0,0,0,0,0,0,0,0,0,0,0,0.19735317370992816,0,0,0
1115D,0,0,0.43966789406014817,0,0,0,0,0,0,0,0,0,0,0,0,0,0,0,0,0
1116K,0,0,0,0,0,0,0,0,0.5169181587930275,0,0,0,0,0,0,0,0,0,0,0
1117I,0,0,0,0,0,0,0,0.1352306976770133,0,0,0,0,0,0,0,0,0,0,0,0
1118S,0,0,0,0,0,0,0,0,0,0,0,0,0,0,0,0.4350406006816063,0,0,0,0
1119F,0,0,0,0,0.12108568986335029,0,0,0,0,0,0,0,0,0,0,0,0,0,0,0
1120D,0,0,0.5302750665934576,0,0,0,0,0,0,0,0,0,0,0,0,0,0,0,0,0
1121Y,0,0,0,0,0,0,0,0,0,0,0,0,0,0,0,0,0,0,0,0.36932246051446244
1122F,0,0,0,0,0.37901676631019904,0,0,0,0,0,0,0,0,0,0,0,0,0,0,0
1123G,0,0,0,0,0,0.39279026670894573,0,0,0,0,0,0,0,0,0,0,0,0,0,0
1124I,0,0,0,0,0,0,0,0.05396465647518471,0,0,0,0,0,0,0,0,0,0,0,0
1125P,0,0,0,0,0,0,0,0,0,0,0,0,0.5103030905640769,0,0,0,0,0,0,0
1126T,0,0,0,0,0,0,0,0,0,0,0,0,0,0,0,0,0.17659465260028423,0,0,0
1127I,0,0,0,0,0,0,0,0.21703521179694232,0,0,0,0,0,0,0,0,0,0,0,0
1128G,0,0,0,0,0,0.3337799477783685,0,0,0,0,0,0,0,0,0,0,0,0,0,0
1129N,0,0,0,0,0,0,0,0,0,0,0,0.01299560731032011,0,0,0,0,0,0,0,0
1130G,0,0,0,0,0,0.2612762145288661,0,0,0,0,0,0,0,0,0,0,0,0,0,0
1131R,0,0,0,0,0,0,0,0,0,0,0,0,0,0,0.1194792827146107,0,0,0,0,0
1132G,0,0,0,0,0,0.26338364271411846,0,0,0,0,0,0,0,0,0,0,0,0,0,0
1133I,0,0,0,0,0,0,0,0.32115029669031,0,0,0,0,0,0,0,0,0,0,0,0
1134A,0.3362432103023007,0,0,0,0,0,0,0,0,0,0,0,0,0,0,0,0,0,0,0
1135E,0,0,0,0.10806186682723244,0,0,0,0,0,0,0,0,0,0,0,0,0,0,0,0
1136I,0,0,0,0,0,0,0,0.11771485680393201,0,0,0,0,0,0,0,0,0,0,0,0
1137R,0,0,0,0,0,0,0,0,0,0,0,0,0,0,0.27366339963561837,0,0,0,0,0
1138Q,0,0,0,0,0,0,0,0,0,0,0,0,0,0.07778937542271712,0,0,0,0,0,0
1139L,0,0,0,0,0,0,0,0,0,0.15682322851355365,0,0,0,0,0,0,0,0,0,0
1140Y,0,0,0,0,0,0,0,0,0,0,0,0,0,0,0,0,0,0,0,0.149989206651253
1141E,0,0,0,0.14049421764595418,0,0,0,0,0,0,0,0,0,0,0,0,0,0,0,0
1142K,0,0,0,0,0,0,0,0,0.21245717727878735,0,0,0,0,0,0,0,0,0,0,0
1143V,0,0,0,0,0,0,0,0,0,0,0,0,0,0,0,0,0,0.08912323608231457,0,0
1144D,0,0,0.3400090625288501,0,0,0,0,0,0,0,0,0,0,0,0,0,0,0,0,0
1145S,0,0,0,0,0,0,0,0,0,0,0,0,0,0,0,0.1182626403012342,0,0,0,0
1146D,0,0,0.19275977033553046,0,0,0,0,0,0,0,0,0,0,0,0,0,0,0,0,0
1147I,0,0,0,0,0,0,0,0.09240418435630691,0,0,0,0,0,0,0,0,0,0,0,0
1148Q,0,0,0,0,0,0,0,0,0,0,0,0,0,0.18913484087841942,0,0,0,0,0,0
1149A,0.15901723443897428,0,0,0,0,0,0,0,0,0,0,0,0,0,0,0,0,0,0,0
1150Y,0,0,0,0,0,0,0,0,0,0,0,0,0,0,0,0,0,0,0,0.16759648613933192
1151A,0.23831349930548587,0,0,0,0,0,0,0,0,0,0,0,0,0,0,0,0,0,0,0
1152K,0,0,0,0,0,0,0,0,0.17768776155252264,0,0,0,0,0,0,0,0,0,0,0
1153G,0,0,0,0,0,0.14941089946068895,0,0,0,0,0,0,0,0,0,0,0,0,0,0
1154D,0,0,0.18368109048162948,0,0,0,0,0,0,0,0,0,0,0,0,0,0,0,0,0
1155K,0,0,0,0,0,0,0,0,0.23095033557055464,0,0,0,0,0,0,0,0,0,0,0
1156P,0,0,0,0,0,0,0,0,0,0,0,0,0.28903354976385914,0,0,0,0,0,0,0
1157Q,0,0,0,0,0,0,0,0,0,0,0,0,0,0.31321328576785273,0,0,0,0,0,0
1158A,0.2754970712442264,0,0,0,0,0,0,0,0,0,0,0,0,0,0,0,0,0,0,0
1159S,0,0,0,0,0,0,0,0,0,0,0,0,0,0,0,0.2154352066479942,0,0,0,0
1160Y,0,0,0,0,0,0,0,0,0,0,0,0,0,0,0,0,0,0,0,0.16859647197879868
1161S,0,0,0,0,0,0,0,0,0,0,0,0,0,0,0,0.22587874827011595,0,0,0,0
1162H,0,0,0,0,0,0,0.10717075519505896,0,0,0,0,0,0,0,0,0,0,0,0,0
1163L,0,0,0,0,0,0,0,0,0,0.07645135651311043,0,0,0,0,0,0,0,0,0,0
1164I,0,0,0,0,0,0,0,0.031184581335897403,0,0,0,0,0,0,0,0,0,0,0,0
1165D,0,0,0.04469256976191154,0,0,0,0,0,0,0,0,0,0,0,0,0,0,0,0,0
1166A,0.0,0,0,0,0,0,0,0,0,0,0,0,0,0,0,0,0,0,0,0
1167M,0,0,0,0,0,0,0,0,0,0,0.0,0,0,0,0,0,0,0,0,0
1168L,0,0,0,0,0,0,0,0,0,0.0,0,0,0,0,0,0,0,0,0,0
1169A,0.0,0,0,0,0,0,0,0,0,0,0,0,0,0,0,0,0,0,0,0
1170F,0,0,0,0,0.0,0,0,0,0,0,0,0,0,0,0,0,0,0,0,0
1171C,0,0.0,0,0,0,0,0,0,0,0,0,0,0,0,0,0,0,0,0,0
1172I,0,0,0,0,0,0,0,0.056586663414853106,0,0,0,0,0,0,0,0,0,0,0,0
1173A,0.08708124704615616,0,0,0,0,0,0,0,0,0,0,0,0,0,0,0,0,0,0,0
1174A,0.19648122946330343,0,0,0,0,0,0,0,0,0,0,0,0,0,0,0,0,0,0,0
1175D,0,0,0.3244636832638332,0,0,0,0,0,0,0,0,0,0,0,0,0,0,0,0,0
1176E,0,0,0,0.14881959822735386,0,0,0,0,0,0,0,0,0,0,0,0,0,0,0,0
1177H,0,0,0,0,0,0,0.45405041706930377,0,0,0,0,0,0,0,0,0,0,0,0,0
1178R,0,0,0,0,0,0,0,0,0,0,0,0,0,0,0.14489048803765003,0,0,0,0,0
1179N,0,0,0,0,0,0,0,0,0,0,0,0.4792055985433471,0,0,0,0,0,0,0,0
1180D,0,0,0.2676783610020815,0,0,0,0,0,0,0,0,0,0,0,0,0,0,0,0,0
1181G,0,0,0,0,0,0.5161270786229138,0,0,0,0,0,0,0,0,0,0,0,0,0,0
1182S,0,0,0,0,0,0,0,0,0,0,0,0,0,0,0,0.23938256653571963,0,0,0,0
1183I,0,0,0,0,0,0,0,0.17970886243109388,0,0,0,0,0,0,0,0,0,0,0,0
1184G,0,0,0,0,0,0.2446016055953133,0,0,0,0,0,0,0,0,0,0,0,0,0,0
1185L,0,0,0,0,0,0,0,0,0,0.21452144302388382,0,0,0,0,0,0,0,0,0,0
1186E,0,0,0,0.40515285813594215,0,0,0,0,0,0,0,0,0,0,0,0,0,0,0,0
1187I,0,0,0,0,0,0,0,0.10530034828296662,0,0,0,0,0,0,0,0,0,0,0,0
1188D,0,0,0.38052816155677427,0,0,0,0,0,0,0,0,0,0,0,0,0,0,0,0,0
1189K,0,0,0,0,0,0,0,0,0.11725858771886133,0,0,0,0,0,0,0,0,0,0,0
1190N,0,0,0,0,0,0,0,0,0,0,0,0.3370188424842755,0,0,0,0,0,0,0,0
1191Y,0,0,0,0,0,0,0,0,0,0,0,0,0,0,0,0,0,0,0,0.3097500913094702
1192S,0,0,0,0,0,0,0,0,0,0,0,0,0,0,0,0.2603763901371122,0,0,0,0
1193L,0,0,0,0,0,0,0,0,0,0.11858954897767776,0,0,0,0,0,0,0,0,0,0
1194Y,0,0,0,0,0,0,0,0,0,0,0,0,0,0,0,0,0,0,0,0.1058751401779532
1195P,0,0,0,0,0,0,0,0,0,0,0,0,0.20903920388751027,0,0,0,0,0,0,0
1196L,0,0,0,0,0,0,0,0,0,0.0971616806487444,0,0,0,0,0,0,0,0,0,0
1197D,0,0,0.3829941999708619,0,0,0,0,0,0,0,0,0,0,0,0,0,0,0,0,0
1198K,0,0,0,0,0,0,0,0,0.2505678463837793,0,0,0,0,0,0,0,0,0,0,0
1199N,0,0,0,0,0,0,0,0,0,0,0,0.3178331852296204,0,0,0,0,0,0,0,0
1200T,0,0,0,0,0,0,0,0,0,0,0,0,0,0,0,0,0.20907874330928936,0,0,0
1201G,0,0,0,0,0,0.2885260647687539,0,0,0,0,0,0,0,0,0,0,0,0,0,0
1202E,0,0,0,0.3549018188444851,0,0,0,0,0,0,0,0,0,0,0,0,0,0,0,0
1203V,0,0,0,0,0,0,0,0,0,0,0,0,0,0,0,0,0,0.248832465225732,0,0
1204F,0,0,0,0,0.1711075035008464,0,0,0,0,0,0,0,0,0,0,0,0,0,0,0
1205T,0,0,0,0,0,0,0,0,0,0,0,0,0,0,0,0,0.12956540098229552,0,0,0
1206K,0,0,0,0,0,0,0,0,0.14422551033892803,0,0,0,0,0,0,0,0,0,0,0
1207D,0,0,0.20865735167366842,0,0,0,0,0,0,0,0,0,0,0,0,0,0,0,0,0
1208I,0,0,0,0,0,0,0,0.1467124064084337,0,0,0,0,0,0,0,0,0,0,0,0
1209F,0,0,0,0,0.14366064555202127,0,0,0,0,0,0,0,0,0,0,0,0,0,0,0
1210S,0,0,0,0,0,0,0,0,0,0,0,0,0,0,0,0.07320792380715661,0,0,0,0
1211Q,0,0,0,0,0,0,0,0,0,0,0,0,0,0.11179678654324145,0,0,0,0,0,0
1212I,0,0,0,0,0,0,0,0.22712637834606358,0,0,0,0,0,0,0,0,0,0,0,0
1213K,0,0,0,0,0,0,0,0,0.2382328653481079,0,0,0,0,0,0,0,0,0,0,0
1214I,0,0,0,0,0,0,0,0.10269112238471226,0,0,0,0,0,0,0,0,0,0,0,0
1215T,0,0,0,0,0,0,0,0,0,0,0,0,0,0,0,0,0.18849285040719843,0,0,0
1216D,0,0,0.12836878989812658,0,0,0,0,0,0,0,0,0,0,0,0,0,0,0,0,0
1217N,0,0,0,0,0,0,0,0,0,0,0,0.2733345303608237,0,0,0,0,0,0,0,0
1218E,0,0,0,0.3645396747921338,0,0,0,0,0,0,0,0,0,0,0,0,0,0,0,0
1219F,0,0,0,0,0.32922874348230285,0,0,0,0,0,0,0,0,0,0,0,0,0,0,0
1220S,0,0,0,0,0,0,0,0,0,0,0,0,0,0,0,0.3717012022330577,0,0,0,0
1221D,0,0,0.2694898090759209,0,0,0,0,0,0,0,0,0,0,0,0,0,0,0,0,0
1222K,0,0,0,0,0,0,0,0,0.31976678920552576,0,0,0,0,0,0,0,0,0,0,0
1223K,0,0,0,0,0,0,0,0,0.5215332606859933,0,0,0,0,0,0,0,0,0,0,0
1224L,0,0,0,0,0,0,0,0,0,0.3981098669084758,0,0,0,0,0,0,0,0,0,0
1225V,0,0,0,0,0,0,0,0,0,0,0,0,0,0,0,0,0,0.36887019463903764,0,0
1226R,0,0,0,0,0,0,0,0,0,0,0,0,0,0,0.2816326175295439,0,0,0,0,0
1227K,0,0,0,0,0,0,0,0,0.2553600057181473,0,0,0,0,0,0,0,0,0,0,0
1228K,0,0,0,0,0,0,0,0,0.31787642922080767,0,0,0,0,0,0,0,0,0,0,0
1229A,0.36513197296029565,0,0,0,0,0,0,0,0,0,0,0,0,0,0,0,0,0,0,0
1230I,0,0,0,0,0,0,0,0.1594318435556641,0,0,0,0,0,0,0,0,0,0,0,0
1231E,0,0,0,0.24973694211391095,0,0,0,0,0,0,0,0,0,0,0,0,0,0,0,0
1232G,0,0,0,0,0,0.19216274204925177,0,0,0,0,0,0,0,0,0,0,0,0,0,0
1233F,0,0,0,0,0.3052415802861952,0,0,0,0,0,0,0,0,0,0,0,0,0,0,0
1234N,0,0,0,0,0,0,0,0,0,0,0,0.37066892110602295,0,0,0,0,0,0,0,0
1235T,0,0,0,0,0,0,0,0,0,0,0,0,0,0,0,0,0.08198664777622774,0,0,0
1236H,0,0,0,0,0,0,0.3381557800278223,0,0,0,0,0,0,0,0,0,0,0,0,0
1237R,0,0,0,0,0,0,0,0,0,0,0,0,0,0,0.09482416322204057,0,0,0,0,0
1238Q,0,0,0,0,0,0,0,0,0,0,0,0,0,0.34232037912822794,0,0,0,0,0,0
1239M,0,0,0,0,0,0,0,0,0,0,0.39478521245525355,0,0,0,0,0,0,0,0,0
1240T,0,0,0,0,0,0,0,0,0,0,0,0,0,0,0,0,0.3877547761998325,0,0,0
1241R,0,0,0,0,0,0,0,0,0,0,0,0,0,0,0.11432233553950472,0,0,0,0,0
1242D,0,0,0.17045887397244183,0,0,0,0,0,0,0,0,0,0,0,0,0,0,0,0,0
1243G,0,0,0,0,0,0.14218843736877837,0,0,0,0,0,0,0,0,0,0,0,0,0,0
1244I,0,0,0,0,0,0,0,0.11288139750745926,0,0,0,0,0,0,0,0,0,0,0,0
1245Y,0,0,0,0,0,0,0,0,0,0,0,0,0,0,0,0,0,0,0,0.23360490141162976
1246A,0.20323355576397525,0,0,0,0,0,0,0,0,0,0,0,0,0,0,0,0,0,0,0
1247E,0,0,0,0.10595186174411138,0,0,0,0,0,0,0,0,0,0,0,0,0,0,0,0
1248N,0,0,0,0,0,0,0,0,0,0,0,0.08186448027167384,0,0,0,0,0,0,0,0
1249Y,0,0,0,0,0,0,0,0,0,0,0,0,0,0,0,0,0,0,0,0.0
1250L,0,0,0,0,0,0,0,0,0,0.024783314871357015,0,0,0,0,0,0,0,0,0,0
1251P,0,0,0,0,0,0,0,0,0,0,0,0,0.03564632545691854,0,0,0,0,0,0,0
1252I,0,0,0,0,0,0,0,0.03256850887619499,0,0,0,0,0,0,0,0,0,0,0,0
1253L,0,0,0,0,0,0,0,0,0,0.10018122412608743,0,0,0,0,0,0,0,0,0,0
1254I,0,0,0,0,0,0,0,0.05678123132302404,0,0,0,0,0,0,0,0,0,0,0,0
1255H,0,0,0,0,0,0,0.1888172077481829,0,0,0,0,0,0,0,0,0,0,0,0,0
1256K,0,0,0,0,0,0,0,0,0.1112241855172277,0,0,0,0,0,0,0,0,0,0,0
1257E,0,0,0,0.26751480693846225,0,0,0,0,0,0,0,0,0,0,0,0,0,0,0,0
1258L,0,0,0,0,0,0,0,0,0,0.10119744754585441,0,0,0,0,0,0,0,0,0,0
1259N,0,0,0,0,0,0,0,0,0,0,0,0.31329490926180115,0,0,0,0,0,0,0,0
1260E,0,0,0,0.2387446246528259,0,0,0,0,0,0,0,0,0,0,0,0,0,0,0,0
1261V,0,0,0,0,0,0,0,0,0,0,0,0,0,0,0,0,0,0.4246761557659212,0,0
1262R,0,0,0,0,0,0,0,0,0,0,0,0,0,0,0.29568917874204464,0,0,0,0,0
1263K,0,0,0,0,0,0,0,0,0.17268708883596012,0,0,0,0,0,0,0,0,0,0,0
1264G,0,0,0,0,0,0.20782387629313281,0,0,0,0,0,0,0,0,0,0,0,0,0,0
1265Y,0,0,0,0,0,0,0,0,0,0,0,0,0,0,0,0,0,0,0,0.1697773069132675
1266T,0,0,0,0,0,0,0,0,0,0,0,0,0,0,0,0,0.40829551036957434,0,0,0
1267W,0,0,0,0,0,0,0,0,0,0,0,0,0,0,0,0,0,0,0.31246677798742367,0
1268K,0,0,0,0,0,0,0,0,0.3056834225299456,0,0,0,0,0,0,0,0,0,0,0
1269N,0,0,0,0,0,0,0,0,0,0,0,0.34004340623385054,0,0,0,0,0,0,0,0
1270S,0,0,0,0,0,0,0,0,0,0,0,0,0,0,0,0.40064830726298034,0,0,0,0
1271E,0,0,0,0.3174534932674765,0,0,0,0,0,0,0,0,0,0,0,0,0,0,0,0
1272E,0,0,0,0.3015427258927522,0,0,0,0,0,0,0,0,0,0,0,0,0,0,0,0
1273I,0,0,0,0,0,0,0,0.28607678208971615,0,0,0,0,0,0,0,0,0,0,0,0
1274K,0,0,0,0,0,0,0,0,0.29020365536964704,0,0,0,0,0,0,0,0,0,0,0
1275I,0,0,0,0,0,0,0,0.29204887466489343,0,0,0,0,0,0,0,0,0,0,0,0
1276F,0,0,0,0,0.23917278314023188,0,0,0,0,0,0,0,0,0,0,0,0,0,0,0
1277K,0,0,0,0,0,0,0,0,0.25554411828418366,0,0,0,0,0,0,0,0,0,0,0
1278G,0,0,0,0,0,0.22304630658712835,0,0,0,0,0,0,0,0,0,0,0,0,0,0
1279K,0,0,0,0,0,0,0,0,0.2737521342453759,0,0,0,0,0,0,0,0,0,0,0
1280K,0,0,0,0,0,0,0,0,0.43163576818078625,0,0,0,0,0,0,0,0,0,0,0
1281Y,0,0,0,0,0,0,0,0,0,0,0,0,0,0,0,0,0,0,0,0.14501397671946514
1282D,0,0,0.3363034634583912,0,0,0,0,0,0,0,0,0,0,0,0,0,0,0,0,0
1283I,0,0,0,0,0,0,0,0.15258952702675424,0,0,0,0,0,0,0,0,0,0,0,0
1284Q,0,0,0,0,0,0,0,0,0,0,0,0,0,0.3970246950001741,0,0,0,0,0,0
1285Q,0,0,0,0,0,0,0,0,0,0,0,0,0,0.3923476124186919,0,0,0,0,0,0
1286L,0,0,0,0,0,0,0,0,0,0.12712645823327448,0,0,0,0,0,0,0,0,0,0
1287N,0,0,0,0,0,0,0,0,0,0,0,0.19287089779995684,0,0,0,0,0,0,0,0
1288N,0,0,0,0,0,0,0,0,0,0,0,0.0,0,0,0,0,0,0,0,0
1289L,0,0,0,0,0,0,0,0,0,0.051961725289467325,0,0,0,0,0,0,0,0,0,0
1290V,0,0,0,0,0,0,0,0,0,0,0,0,0,0,0,0,0,0.0,0,0
1291Y,0,0,0,0,0,0,0,0,0,0,0,0,0,0,0,0,0,0,0,0.0
1292C,0,0.0,0,0,0,0,0,0,0,0,0,0,0,0,0,0,0,0,0,0
1293L,0,0,0,0,0,0,0,0,0,0.0,0,0,0,0,0,0,0,0,0,0
1294K,0,0,0,0,0,0,0,0,0.0,0,0,0,0,0,0,0,0,0,0,0
1295F,0,0,0,0,0.0,0,0,0,0,0,0,0,0,0,0,0,0,0,0,0
1296V,0,0,0,0,0,0,0,0,0,0,0,0,0,0,0,0,0,0.0,0,0
1297D,0,0,0.0,0,0,0,0,0,0,0,0,0,0,0,0,0,0,0,0,0
1298K,0,0,0,0,0,0,0,0,0.16971858367539364,0,0,0,0,0,0,0,0,0,0,0
1299P,0,0,0,0,0,0,0,0,0,0,0,0,0.15670556537859714,0,0,0,0,0,0,0
1300I,0,0,0,0,0,0,0,0.2542634883629226,0,0,0,0,0,0,0,0,0,0,0,0
1301S,0,0,0,0,0,0,0,0,0,0,0,0,0,0,0,0.3308341407371394,0,0,0,0
1302I,0,0,0,0,0,0,0,0.0,0,0,0,0,0,0,0,0,0,0,0,0
1303D,0,0,0.19602741196765627,0,0,0,0,0,0,0,0,0,0,0,0,0,0,0,0,0
1304I,0,0,0,0,0,0,0,0.0,0,0,0,0,0,0,0,0,0,0,0,0
1305Q,0,0,0,0,0,0,0,0,0,0,0,0,0,0.07691703749277137,0,0,0,0,0,0
1306I,0,0,0,0,0,0,0,0.09812377124485805,0,0,0,0,0,0,0,0,0,0,0,0
1307S,0,0,0,0,0,0,0,0,0,0,0,0,0,0,0,0.082276370486186,0,0,0,0
1308T,0,0,0,0,0,0,0,0,0,0,0,0,0,0,0,0,0.07536531503437309,0,0,0
1309L,0,0,0,0,0,0,0,0,0,0.09654996411729429,0,0,0,0,0,0,0,0,0,0
1310E,0,0,0,0.15220734097223404,0,0,0,0,0,0,0,0,0,0,0,0,0,0,0,0
1311E,0,0,0,0.013501097325990684,0,0,0,0,0,0,0,0,0,0,0,0,0,0,0,0
1312L,0,0,0,0,0,0,0,0,0,0.024899206904770568,0,0,0,0,0,0,0,0,0,0
1313R,0,0,0,0,0,0,0,0,0,0,0,0,0,0,0.0030747056194710934,0,0,0,0,0
1314N,0,0,0,0,0,0,0,0,0,0,0,0.08110025741115695,0,0,0,0,0,0,0,0
1315I,0,0,0,0,0,0,0,0.10819441115861719,0,0,0,0,0,0,0,0,0,0,0,0
1316L,0,0,0,0,0,0,0,0,0,0.2165874011645823,0,0,0,0,0,0,0,0,0,0
1317T,0,0,0,0,0,0,0,0,0,0,0,0,0,0,0,0,0.06528207366627647,0,0,0
1318T,0,0,0,0,0,0,0,0,0,0,0,0,0,0,0,0,0.04813146308251228,0,0,0
1319N,0,0,0,0,0,0,0,0,0,0,0,0.14452875685378858,0,0,0,0,0,0,0,0
1320N,0,0,0,0,0,0,0,0,0,0,0,0.08153431957945081,0,0,0,0,0,0,0,0
1321I,0,0,0,0,0,0,0,0.16016200505172257,0,0,0,0,0,0,0,0,0,0,0,0
1322A,0.3011400110207545,0,0,0,0,0,0,0,0,0,0,0,0,0,0,0,0,0,0,0
1323A,0.10770133368260035,0,0,0,0,0,0,0,0,0,0,0,0,0,0,0,0,0,0,0
1324T,0,0,0,0,0,0,0,0,0,0,0,0,0,0,0,0,0.22352714938121607,0,0,0
1325A,0.0,0,0,0,0,0,0,0,0,0,0,0,0,0,0,0,0,0,0,0
1326E,0,0,0,0.05472871442088305,0,0,0,0,0,0,0,0,0,0,0,0,0,0,0,0
1327Y,0,0,0,0,0,0,0,0,0,0,0,0,0,0,0,0,0,0,0,0.09794123221892097
1328Y,0,0,0,0,0,0,0,0,0,0,0,0,0,0,0,0,0,0,0,0.19821554995837123
1329Y,0,0,0,0,0,0,0,0,0,0,0,0,0,0,0,0,0,0,0,0.08888687060462061
1330I,0,0,0,0,0,0,0,0.0,0,0,0,0,0,0,0,0,0,0,0,0
1331N,0,0,0,0,0,0,0,0,0,0,0,0.266821909999086,0,0,0,0,0,0,0,0
1332L,0,0,0,0,0,0,0,0,0,0.016768610046500012,0,0,0,0,0,0,0,0,0,0
1333K,0,0,0,0,0,0,0,0,0.12955284340856268,0,0,0,0,0,0,0,0,0,0,0
1334T,0,0,0,0,0,0,0,0,0,0,0,0,0,0,0,0,0.1323925501435162,0,0,0
1335Q,0,0,0,0,0,0,0,0,0,0,0,0,0,0.27752912126556334,0,0,0,0,0,0
1336K,0,0,0,0,0,0,0,0,0.2123857742414841,0,0,0,0,0,0,0,0,0,0,0
1337L,0,0,0,0,0,0,0,0,0,0.2435757767622556,0,0,0,0,0,0,0,0,0,0
1338H,0,0,0,0,0,0,0.20229988051721912,0,0,0,0,0,0,0,0,0,0,0,0,0
1339E,0,0,0,0.15185347530334933,0,0,0,0,0,0,0,0,0,0,0,0,0,0,0,0
1340Y,0,0,0,0,0,0,0,0,0,0,0,0,0,0,0,0,0,0,0,0.3641313442444392
1341Y,0,0,0,0,0,0,0,0,0,0,0,0,0,0,0,0,0,0,0,0.2828329865670765
1342I,0,0,0,0,0,0,0,0.13749641623459427,0,0,0,0,0,0,0,0,0,0,0,0
1343E,0,0,0,0.22297303755519798,0,0,0,0,0,0,0,0,0,0,0,0,0,0,0,0
1344N,0,0,0,0,0,0,0,0,0,0,0,0.11100159435877385,0,0,0,0,0,0,0,0
1345Y,0,0,0,0,0,0,0,0,0,0,0,0,0,0,0,0,0,0,0,0.15996004589314552
1346N,0,0,0,0,0,0,0,0,0,0,0,0.25067578827290415,0,0,0,0,0,0,0,0
1347T,0,0,0,0,0,0,0,0,0,0,0,0,0,0,0,0,0.26973901675894074,0,0,0
1348A,0.1971509512307022,0,0,0,0,0,0,0,0,0,0,0,0,0,0,0,0,0,0,0
1349L,0,0,0,0,0,0,0,0,0,0.09732981863810992,0,0,0,0,0,0,0,0,0,0
1350G,0,0,0,0,0,0.18515474202527718,0,0,0,0,0,0,0,0,0,0,0,0,0,0
1351Y,0,0,0,0,0,0,0,0,0,0,0,0,0,0,0,0,0,0,0,0.05275290400200622
1352K,0,0,0,0,0,0,0,0,0.2529938796155121,0,0,0,0,0,0,0,0,0,0,0
1353K,0,0,0,0,0,0,0,0,0.15138081112886298,0,0,0,0,0,0,0,0,0,0,0
1354Y,0,0,0,0,0,0,0,0,0,0,0,0,0,0,0,0,0,0,0,0.24082886247980306
1355S,0,0,0,0,0,0,0,0,0,0,0,0,0,0,0,0.2677577548166367,0,0,0,0
1356K,0,0,0,0,0,0,0,0,0.18810607714439714,0,0,0,0,0,0,0,0,0,0,0
1357E,0,0,0,0.2664853652031412,0,0,0,0,0,0,0,0,0,0,0,0,0,0,0,0
1358M,0,0,0,0,0,0,0,0,0,0,0.20544656478948425,0,0,0,0,0,0,0,0,0
1359E,0,0,0,0.2186521256236984,0,0,0,0,0,0,0,0,0,0,0,0,0,0,0,0
1360F,0,0,0,0,0.20161814684110818,0,0,0,0,0,0,0,0,0,0,0,0,0,0,0
1361L,0,0,0,0,0,0,0,0,0,0.16605831846438535,0,0,0,0,0,0,0,0,0,0
1362R,0,0,0,0,0,0,0,0,0,0,0,0,0,0,0.12811326592717434,0,0,0,0,0
1363S,0,0,0,0,0,0,0,0,0,0,0,0,0,0,0,0.19870788682748344,0,0,0,0
1364L,0,0,0,0,0,0,0,0,0,0.04282975109656583,0,0,0,0,0,0,0,0,0,0
1365A,0.23217154499828307,0,0,0,0,0,0,0,0,0,0,0,0,0,0,0,0,0,0,0
1366Y,0,0,0,0,0,0,0,0,0,0,0,0,0,0,0,0,0,0,0,0.10858196331066133
1367R,0,0,0,0,0,0,0,0,0,0,0,0,0,0,0.1611647480978327,0,0,0,0,0
1368S,0,0,0,0,0,0,0,0,0,0,0,0,0,0,0,0.1676170310179958,0,0,0,0
1369E,0,0,0,0.102794105282112,0,0,0,0,0,0,0,0,0,0,0,0,0,0,0,0
1370R,0,0,0,0,0,0,0,0,0,0,0,0,0,0,0.16061461317884235,0,0,0,0,0
1371V,0,0,0,0,0,0,0,0,0,0,0,0,0,0,0,0,0,0.015228240021368517,0,0
1372K,0,0,0,0,0,0,0,0,0.15949479290767674,0,0,0,0,0,0,0,0,0,0,0
1373I,0,0,0,0,0,0,0,0.1171556903169389,0,0,0,0,0,0,0,0,0,0,0,0
1374K,0,0,0,0,0,0,0,0,0.19384378441458971,0,0,0,0,0,0,0,0,0,0,0
1375S,0,0,0,0,0,0,0,0,0,0,0,0,0,0,0,0.3202385954069581,0,0,0,0
1376I,0,0,0,0,0,0,0,0.15445225357346834,0,0,0,0,0,0,0,0,0,0,0,0
1377D,0,0,0.28947711016647115,0,0,0,0,0,0,0,0,0,0,0,0,0,0,0,0,0
1378D,0,0,0.15160662228965904,0,0,0,0,0,0,0,0,0,0,0,0,0,0,0,0,0
1379V,0,0,0,0,0,0,0,0,0,0,0,0,0,0,0,0,0,0.21434089861823447,0,0
1380K,0,0,0,0,0,0,0,0,0.15747040832073805,0,0,0,0,0,0,0,0,0,0,0
1381Q,0,0,0,0,0,0,0,0,0,0,0,0,0,0.196134465010709,0,0,0,0,0,0
1382V,0,0,0,0,0,0,0,0,0,0,0,0,0,0,0,0,0,0.27284428084509543,0,0
1383L,0,0,0,0,0,0,0,0,0,0.2958998458959735,0,0,0,0,0,0,0,0,0,0
1384D,0,0,0.3709293778424646,0,0,0,0,0,0,0,0,0,0,0,0,0,0,0,0,0
1385K,0,0,0,0,0,0,0,0,0.28518655592661246,0,0,0,0,0,0,0,0,0,0,0
1386D,0,0,0.19887844683643854,0,0,0,0,0,0,0,0,0,0,0,0,0,0,0,0,0
1387S,0,0,0,0,0,0,0,0,0,0,0,0,0,0,0,0.10510686775081672,0,0,0,0
1388N,0,0,0,0,0,0,0,0,0,0,0,0.20565835621284398,0,0,0,0,0,0,0,0
1389F,0,0,0,0,0.17426613197156565,0,0,0,0,0,0,0,0,0,0,0,0,0,0,0
1390I,0,0,0,0,0,0,0,0.07137625484262099,0,0,0,0,0,0,0,0,0,0,0,0
1391I,0,0,0,0,0,0,0,0.03219464274090813,0,0,0,0,0,0,0,0,0,0,0,0
1392G,0,0,0,0,0,0.0,0,0,0,0,0,0,0,0,0,0,0,0,0,0
1393K,0,0,0,0,0,0,0,0,0.027727492951521455,0,0,0,0,0,0,0,0,0,0,0
1394I,0,0,0,0,0,0,0,0.0,0,0,0,0,0,0,0,0,0,0,0,0
1395T,0,0,0,0,0,0,0,0,0,0,0,0,0,0,0,0,0.12667762003902563,0,0,0
1396L,0,0,0,0,0,0,0,0,0,0.0,0,0,0,0,0,0,0,0,0,0
1397P,0,0,0,0,0,0,0,0,0,0,0,0,0.23733206554566166,0,0,0,0,0,0,0
1398F,0,0,0,0,0.13477348412894877,0,0,0,0,0,0,0,0,0,0,0,0,0,0,0
1399K,0,0,0,0,0,0,0,0,0.36304615214986796,0,0,0,0,0,0,0,0,0,0,0
1400K,0,0,0,0,0,0,0,0,0.1875683942542004,0,0,0,0,0,0,0,0,0,0,0
1401E,0,0,0,0.42929408718342216,0,0,0,0,0,0,0,0,0,0,0,0,0,0,0,0
1402W,0,0,0,0,0,0,0,0,0,0,0,0,0,0,0,0,0,0,0.2701349093441456,0
1403Q,0,0,0,0,0,0,0,0,0,0,0,0,0,0.4250904468997159,0,0,0,0,0,0
1404R,0,0,0,0,0,0,0,0,0,0,0,0,0,0,0.2728338223097873,0,0,0,0,0
1405L,0,0,0,0,0,0,0,0,0,0.19776549356330408,0,0,0,0,0,0,0,0,0,0
1406Y,0,0,0,0,0,0,0,0,0,0,0,0,0,0,0,0,0,0,0,0.3328723996836075
1407R,0,0,0,0,0,0,0,0,0,0,0,0,0,0,0.3270307685306614,0,0,0,0,0
1408E,0,0,0,0.33383832620115755,0,0,0,0,0,0,0,0,0,0,0,0,0,0,0,0
1409W,0,0,0,0,0,0,0,0,0,0,0,0,0,0,0,0,0,0,0.17624636226008888,0
1410Q,0,0,0,0,0,0,0,0,0,0,0,0,0,0.3442585607473617,0,0,0,0,0,0
1411N,0,0,0,0,0,0,0,0,0,0,0,0.17523819700102528,0,0,0,0,0,0,0,0
1412T,0,0,0,0,0,0,0,0,0,0,0,0,0,0,0,0,0.2582656701150275,0,0,0
1413T,0,0,0,0,0,0,0,0,0,0,0,0,0,0,0,0,0.34875869385449504,0,0,0
1414I,0,0,0,0,0,0,0,0.3478355571970656,0,0,0,0,0,0,0,0,0,0,0,0
1415K,0,0,0,0,0,0,0,0,0.32240533786676506,0,0,0,0,0,0,0,0,0,0,0
1416D,0,0,0.14768847590391515,0,0,0,0,0,0,0,0,0,0,0,0,0,0,0,0,0
1417D,0,0,0.2860947409471583,0,0,0,0,0,0,0,0,0,0,0,0,0,0,0,0,0
1418Y,0,0,0,0,0,0,0,0,0,0,0,0,0,0,0,0,0,0,0,0.24697689806008788
1419E,0,0,0,0.26340677762419434,0,0,0,0,0,0,0,0,0,0,0,0,0,0,0,0
1420F,0,0,0,0,0.22500626231376747,0,0,0,0,0,0,0,0,0,0,0,0,0,0,0
1421L,0,0,0,0,0,0,0,0,0,0.22818842580125184,0,0,0,0,0,0,0,0,0,0
1422K,0,0,0,0,0,0,0,0,0.10981909330600223,0,0,0,0,0,0,0,0,0,0,0
1423S,0,0,0,0,0,0,0,0,0,0,0,0,0,0,0,0.1518112356307772,0,0,0,0
1424F,0,0,0,0,0.07963477493141954,0,0,0,0,0,0,0,0,0,0,0,0,0,0,0
1425F,0,0,0,0,0.0,0,0,0,0,0,0,0,0,0,0,0,0,0,0,0
1426N,0,0,0,0,0,0,0,0,0,0,0,0.10941123342460066,0,0,0,0,0,0,0,0
1427V,0,0,0,0,0,0,0,0,0,0,0,0,0,0,0,0,0,0.02856663894531767,0,0
1428K,0,0,0,0,0,0,0,0,0.13206479382247124,0,0,0,0,0,0,0,0,0,0,0
1429S,0,0,0,0,0,0,0,0,0,0,0,0,0,0,0,0.14730249032860512,0,0,0,0
1430I,0,0,0,0,0,0,0,0.10523464546216196,0,0,0,0,0,0,0,0,0,0,0,0
1431T,0,0,0,0,0,0,0,0,0,0,0,0,0,0,0,0,0.18330525696334873,0,0,0
1432K,0,0,0,0,0,0,0,0,0.12835448753078813,0,0,0,0,0,0,0,0,0,0,0
1433L,0,0,0,0,0,0,0,0,0,0.17520401019046286,0,0,0,0,0,0,0,0,0,0
1434H,0,0,0,0,0,0,0.16644526863853357,0,0,0,0,0,0,0,0,0,0,0,0,0
1435K,0,0,0,0,0,0,0,0,0.25161169021694263,0,0,0,0,0,0,0,0,0,0,0
1436K,0,0,0,0,0,0,0,0,0.18692436250763458,0,0,0,0,0,0,0,0,0,0,0
1437V,0,0,0,0,0,0,0,0,0,0,0,0,0,0,0,0,0,0.298855477372242,0,0
1438R,0,0,0,0,0,0,0,0,0,0,0,0,0,0,0.26950963625989194,0,0,0,0,0
1439K,0,0,0,0,0,0,0,0,0.2341064464860506,0,0,0,0,0,0,0,0,0,0,0
1440D,0,0,0.15034059321916657,0,0,0,0,0,0,0,0,0,0,0,0,0,0,0,0,0
1441F,0,0,0,0,0.28784867319081126,0,0,0,0,0,0,0,0,0,0,0,0,0,0,0
1442S,0,0,0,0,0,0,0,0,0,0,0,0,0,0,0,0.26019626917929756,0,0,0,0
1443L,0,0,0,0,0,0,0,0,0,0.08807359316682493,0,0,0,0,0,0,0,0,0,0
1444P,0,0,0,0,0,0,0,0,0,0,0,0,0.2912566345864002,0,0,0,0,0,0,0
1445I,0,0,0,0,0,0,0,0.13727252264260376,0,0,0,0,0,0,0,0,0,0,0,0
1446S,0,0,0,0,0,0,0,0,0,0,0,0,0,0,0,0.3488583601271165,0,0,0,0
1447T,0,0,0,0,0,0,0,0,0,0,0,0,0,0,0,0,0.23040287660589795,0,0,0
1448N,0,0,0,0,0,0,0,0,0,0,0,0.40803410067167595,0,0,0,0,0,0,0,0
1449E,0,0,0,0.2321155910520911,0,0,0,0,0,0,0,0,0,0,0,0,0,0,0,0
1450G,0,0,0,0,0,0.29964272619706367,0,0,0,0,0,0,0,0,0,0,0,0,0,0
1451K,0,0,0,0,0,0,0,0,0.23420858946135878,0,0,0,0,0,0,0,0,0,0,0
1452F,0,0,0,0,0.454831593262697,0,0,0,0,0,0,0,0,0,0,0,0,0,0,0
1453L,0,0,0,0,0,0,0,0,0,0.26263289557707176,0,0,0,0,0,0,0,0,0,0
1454V,0,0,0,0,0,0,0,0,0,0,0,0,0,0,0,0,0,0.06677691971898239,0,0
1455K,0,0,0,0,0,0,0,0,0.24577966011305635,0,0,0,0,0,0,0,0,0,0,0
1456R,0,0,0,0,0,0,0,0,0,0,0,0,0,0,0.1385640794744149,0,0,0,0,0
1457K,0,0,0,0,0,0,0,0,0.38254900199680814,0,0,0,0,0,0,0,0,0,0,0
1458T,0,0,0,0,0,0,0,0,0,0,0,0,0,0,0,0,0.3487085244953917,0,0,0
1459W,0,0,0,0,0,0,0,0,0,0,0,0,0,0,0,0,0,0,0.3030136023575165,0
1460D,0,0,0.3316265243450394,0,0,0,0,0,0,0,0,0,0,0,0,0,0,0,0,0
1461N,0,0,0,0,0,0,0,0,0,0,0,0.2858500655348558,0,0,0,0,0,0,0,0
1462N,0,0,0,0,0,0,0,0,0,0,0,0.3145952273856861,0,0,0,0,0,0,0,0
1463F,0,0,0,0,0.16011647529890394,0,0,0,0,0,0,0,0,0,0,0,0,0,0,0
1464I,0,0,0,0,0,0,0,0.10324901912564469,0,0,0,0,0,0,0,0,0,0,0,0
1465Y,0,0,0,0,0,0,0,0,0,0,0,0,0,0,0,0,0,0,0,0.03524858557315184
1466Q,0,0,0,0,0,0,0,0,0,0,0,0,0,0.11248439567912216,0,0,0,0,0,0
1467I,0,0,0,0,0,0,0,0.1256603995933685,0,0,0,0,0,0,0,0,0,0,0,0
1468L,0,0,0,0,0,0,0,0,0,0.13717684652289305,0,0,0,0,0,0,0,0,0,0
1469N,0,0,0,0,0,0,0,0,0,0,0,0.0581658648406335,0,0,0,0,0,0,0,0
1470D,0,0,0.11424346863262864,0,0,0,0,0,0,0,0,0,0,0,0,0,0,0,0,0
1471S,0,0,0,0,0,0,0,0,0,0,0,0,0,0,0,0.08692875665487224,0,0,0,0
1472D,0,0,0.11849587875308508,0,0,0,0,0,0,0,0,0,0,0,0,0,0,0,0,0
1473S,0,0,0,0,0,0,0,0,0,0,0,0,0,0,0,0.17042745227315928,0,0,0,0
1474R,0,0,0,0,0,0,0,0,0,0,0,0,0,0,0.18848672376245634,0,0,0,0,0
1475A,0.29005367944253996,0,0,0,0,0,0,0,0,0,0,0,0,0,0,0,0,0,0,0
1476D,0,0,0.17694683709392947,0,0,0,0,0,0,0,0,0,0,0,0,0,0,0,0,0
1477G,0,0,0,0,0,0.1887223343729002,0,0,0,0,0,0,0,0,0,0,0,0,0,0
1478T,0,0,0,0,0,0,0,0,0,0,0,0,0,0,0,0,0.18598666271156514,0,0,0
1479K,0,0,0,0,0,0,0,0,0.3220261662361671,0,0,0,0,0,0,0,0,0,0,0
1480P,0,0,0,0,0,0,0,0,0,0,0,0,0.2812257673922589,0,0,0,0,0,0,0
1481F,0,0,0,0,0.21167444016650058,0,0,0,0,0,0,0,0,0,0,0,0,0,0,0
1482I,0,0,0,0,0,0,0,0.10381820186277023,0,0,0,0,0,0,0,0,0,0,0,0
1483P,0,0,0,0,0,0,0,0,0,0,0,0,0.12923613587653232,0,0,0,0,0,0,0
1484A,0.20932945174941292,0,0,0,0,0,0,0,0,0,0,0,0,0,0,0,0,0,0,0
1485F,0,0,0,0,0.12977172187978162,0,0,0,0,0,0,0,0,0,0,0,0,0,0,0
1486D,0,0,0.2978157950884738,0,0,0,0,0,0,0,0,0,0,0,0,0,0,0,0,0
1487I,0,0,0,0,0,0,0,0.10977197430253424,0,0,0,0,0,0,0,0,0,0,0,0
1488S,0,0,0,0,0,0,0,0,0,0,0,0,0,0,0,0.2693375994796558,0,0,0,0
1489K,0,0,0,0,0,0,0,0,0.17051628996999751,0,0,0,0,0,0,0,0,0,0,0
1490N,0,0,0,0,0,0,0,0,0,0,0,0.4297625507244777,0,0,0,0,0,0,0,0
1491E,0,0,0,0.19372003724231135,0,0,0,0,0,0,0,0,0,0,0,0,0,0,0,0
1492I,0,0,0,0,0,0,0,0.15052950784163918,0,0,0,0,0,0,0,0,0,0,0,0
1493V,0,0,0,0,0,0,0,0,0,0,0,0,0,0,0,0,0,0.14182222236158712,0,0
1494E,0,0,0,0.173659208448943,0,0,0,0,0,0,0,0,0,0,0,0,0,0,0,0
1495A,0.3435020429057017,0,0,0,0,0,0,0,0,0,0,0,0,0,0,0,0,0,0,0
1496I,0,0,0,0,0,0,0,0.24083535066804668,0,0,0,0,0,0,0,0,0,0,0,0
1497I,0,0,0,0,0,0,0,0.1027886447374589,0,0,0,0,0,0,0,0,0,0,0,0
1498D,0,0,0.03001987830742861,0,0,0,0,0,0,0,0,0,0,0,0,0,0,0,0,0
1499S,0,0,0,0,0,0,0,0,0,0,0,0,0,0,0,0.13950573185424436,0,0,0,0
1500F,0,0,0,0,0.029759262388902204,0,0,0,0,0,0,0,0,0,0,0,0,0,0,0
1501T,0,0,0,0,0,0,0,0,0,0,0,0,0,0,0,0,0.23730700064472232,0,0,0
1502S,0,0,0,0,0,0,0,0,0,0,0,0,0,0,0,0.1427932120132562,0,0,0,0
1503K,0,0,0,0,0,0,0,0,0.032877704593389914,0,0,0,0,0,0,0,0,0,0,0
1504N,0,0,0,0,0,0,0,0,0,0,0,0.07824294632911082,0,0,0,0,0,0,0,0
1505I,0,0,0,0,0,0,0,0.0,0,0,0,0,0,0,0,0,0,0,0,0
1506F,0,0,0,0,0.12637347826451192,0,0,0,0,0,0,0,0,0,0,0,0,0,0,0
1507W,0,0,0,0,0,0,0,0,0,0,0,0,0,0,0,0,0,0,0.11379759709405966,0
1508L,0,0,0,0,0,0,0,0,0,0.09777175543792507,0,0,0,0,0,0,0,0,0,0
1509P,0,0,0,0,0,0,0,0,0,0,0,0,0.19692214083228157,0,0,0,0,0,0,0
1510K,0,0,0,0,0,0,0,0,0.06487095334020662,0,0,0,0,0,0,0,0,0,0,0
1511N,0,0,0,0,0,0,0,0,0,0,0,0.2576464628622405,0,0,0,0,0,0,0,0
1512I,0,0,0,0,0,0,0,0.1366223661780935,0,0,0,0,0,0,0,0,0,0,0,0
1513E,0,0,0,0.31029168725109574,0,0,0,0,0,0,0,0,0,0,0,0,0,0,0,0
1514L,0,0,0,0,0,0,0,0,0,0.10416324260759809,0,0,0,0,0,0,0,0,0,0
1515Q,0,0,0,0,0,0,0,0,0,0,0,0,0,0.33249092697997473,0,0,0,0,0,0
1516K,0,0,0,0,0,0,0,0,0.30822529915536506,0,0,0,0,0,0,0,0,0,0,0
1517V,0,0,0,0,0,0,0,0,0,0,0,0,0,0,0,0,0,0.3232756711986068,0,0
1518D,0,0,0.40345389428486705,0,0,0,0,0,0,0,0,0,0,0,0,0,0,0,0,0
1519N,0,0,0,0,0,0,0,0,0,0,0,0.3049649021463838,0,0,0,0,0,0,0,0
1520K,0,0,0,0,0,0,0,0,0.17210489777018637,0,0,0,0,0,0,0,0,0,0,0
1521N,0,0,0,0,0,0,0,0,0,0,0,0.2321072004404888,0,0,0,0,0,0,0,0
1522I,0,0,0,0,0,0,0,0.13215499296868494,0,0,0,0,0,0,0,0,0,0,0,0
1523F,0,0,0,0,0.13336182172483382,0,0,0,0,0,0,0,0,0,0,0,0,0,0,0
1524A,0.23180391022885236,0,0,0,0,0,0,0,0,0,0,0,0,0,0,0,0,0,0,0
1525I,0,0,0,0,0,0,0,0.12113218159885163,0,0,0,0,0,0,0,0,0,0,0,0
1526D,0,0,0.19936043774322748,0,0,0,0,0,0,0,0,0,0,0,0,0,0,0,0,0
1527T,0,0,0,0,0,0,0,0,0,0,0,0,0,0,0,0,0.1097738559328182,0,0,0
1528S,0,0,0,0,0,0,0,0,0,0,0,0,0,0,0,0.14065249322347229,0,0,0,0
1529K,0,0,0,0,0,0,0,0,0.1967367962663555,0,0,0,0,0,0,0,0,0,0,0
1530W,0,0,0,0,0,0,0,0,0,0,0,0,0,0,0,0,0,0,0.08508066958339065,0
1531F,0,0,0,0,0.197540774634672,0,0,0,0,0,0,0,0,0,0,0,0,0,0,0
1532E,0,0,0,0.17251398426938022,0,0,0,0,0,0,0,0,0,0,0,0,0,0,0,0
1533V,0,0,0,0,0,0,0,0,0,0,0,0,0,0,0,0,0,0.45396457300331305,0,0
1534E,0,0,0,0.3138566034145991,0,0,0,0,0,0,0,0,0,0,0,0,0,0,0,0
1535T,0,0,0,0,0,0,0,0,0,0,0,0,0,0,0,0,0.05566516228866409,0,0,0
1536P,0,0,0,0,0,0,0,0,0,0,0,0,0.4477121217438877,0,0,0,0,0,0,0
1537S,0,0,0,0,0,0,0,0,0,0,0,0,0,0,0,0.1266741482083104,0,0,0,0
1538D,0,0,0.4175589078107948,0,0,0,0,0,0,0,0,0,0,0,0,0,0,0,0,0
1539L,0,0,0,0,0,0,0,0,0,0.39135416669568784,0,0,0,0,0,0,0,0,0,0
1540R,0,0,0,0,0,0,0,0,0,0,0,0,0,0,0.3900143831321615,0,0,0,0,0
1541D,0,0,0.44459475845759616,0,0,0,0,0,0,0,0,0,0,0,0,0,0,0,0,0
1542I,0,0,0,0,0,0,0,0.0,0,0,0,0,0,0,0,0,0,0,0,0
1543G,0,0,0,0,0,0.30613551874164235,0,0,0,0,0,0,0,0,0,0,0,0,0,0
1544I,0,0,0,0,0,0,0,0.11840179393677815,0,0,0,0,0,0,0,0,0,0,0,0
1545A,0.4157446666700878,0,0,0,0,0,0,0,0,0,0,0,0,0,0,0,0,0,0,0
1546T,0,0,0,0,0,0,0,0,0,0,0,0,0,0,0,0,0.20815100726279603,0,0,0
1547I,0,0,0,0,0,0,0,0.03940212263865983,0,0,0,0,0,0,0,0,0,0,0,0
1548Q,0,0,0,0,0,0,0,0,0,0,0,0,0,0.2262928045796975,0,0,0,0,0,0
1549Y,0,0,0,0,0,0,0,0,0,0,0,0,0,0,0,0,0,0,0,0.04021104591197202
1550K,0,0,0,0,0,0,0,0,0.23567549011355737,0,0,0,0,0,0,0,0,0,0,0
1551I,0,0,0,0,0,0,0,0.08402230655346835,0,0,0,0,0,0,0,0,0,0,0,0
1552D,0,0,0.20960799466853908,0,0,0,0,0,0,0,0,0,0,0,0,0,0,0,0,0
1553N,0,0,0,0,0,0,0,0,0,0,0,0.11994511947212022,0,0,0,0,0,0,0,0
1554N,0,0,0,0,0,0,0,0,0,0,0,0.2583753255196357,0,0,0,0,0,0,0,0
1555S,0,0,0,0,0,0,0,0,0,0,0,0,0,0,0,0.3750861534361682,0,0,0,0
1556R,0,0,0,0,0,0,0,0,0,0,0,0,0,0,0.24227833367924595,0,0,0,0,0
1557P,0,0,0,0,0,0,0,0,0,0,0,0,0.39026914166741233,0,0,0,0,0,0,0
1558K,0,0,0,0,0,0,0,0,0.17378258891349352,0,0,0,0,0,0,0,0,0,0,0
1559V,0,0,0,0,0,0,0,0,0,0,0,0,0,0,0,0,0,0.42953796629040947,0,0
1560R,0,0,0,0,0,0,0,0,0,0,0,0,0,0,0.5678145942353028,0,0,0,0,0
1561V,0,0,0,0,0,0,0,0,0,0,0,0,0,0,0,0,0,0.36150346085777263,0,0
1562K,0,0,0,0,0,0,0,0,0.28162893961147545,0,0,0,0,0,0,0,0,0,0,0
1563L,0,0,0,0,0,0,0,0,0,0.12114057834488756,0,0,0,0,0,0,0,0,0,0
1564D,0,0,0.19172420137674714,0,0,0,0,0,0,0,0,0,0,0,0,0,0,0,0,0
1565Y,0,0,0,0,0,0,0,0,0,0,0,0,0,0,0,0,0,0,0,0.19360064155197837
1566V,0,0,0,0,0,0,0,0,0,0,0,0,0,0,0,0,0,0.13950002852967808,0,0
1567I,0,0,0,0,0,0,0,0.12554779652190992,0,0,0,0,0,0,0,0,0,0,0,0
1568D,0,0,0.12976731011221737,0,0,0,0,0,0,0,0,0,0,0,0,0,0,0,0,0
1569D,0,0,0.15143986897932576,0,0,0,0,0,0,0,0,0,0,0,0,0,0,0,0,0
1570D,0,0,0.30457190681129115,0,0,0,0,0,0,0,0,0,0,0,0,0,0,0,0,0
1571S,0,0,0,0,0,0,0,0,0,0,0,0,0,0,0,0.3371170765164297,0,0,0,0
1572K,0,0,0,0,0,0,0,0,0.1296265046485032,0,0,0,0,0,0,0,0,0,0,0
1573I,0,0,0,0,0,0,0,0.09930151441115814,0,0,0,0,0,0,0,0,0,0,0,0
1574N,0,0,0,0,0,0,0,0,0,0,0,0.08876644560262135,0,0,0,0,0,0,0,0
1575Y,0,0,0,0,0,0,0,0,0,0,0,0,0,0,0,0,0,0,0,0.08072970749214008
1576F,0,0,0,0,0.09181513470777389,0,0,0,0,0,0,0,0,0,0,0,0,0,0,0
1577M,0,0,0,0,0,0,0,0,0,0,0.04396303248702831,0,0,0,0,0,0,0,0,0
1578N,0,0,0,0,0,0,0,0,0,0,0,0.09584500587033436,0,0,0,0,0,0,0,0
1579H,0,0,0,0,0,0,0.10005873531610393,0,0,0,0,0,0,0,0,0,0,0,0,0
1580S,0,0,0,0,0,0,0,0,0,0,0,0,0,0,0,0.10692147240097162,0,0,0,0
1581L,0,0,0,0,0,0,0,0,0,0.07444430338288203,0,0,0,0,0,0,0,0,0,0
1582L,0,0,0,0,0,0,0,0,0,0.09484500659541115,0,0,0,0,0,0,0,0,0,0
1583K,0,0,0,0,0,0,0,0,0.07161193927222476,0,0,0,0,0,0,0,0,0,0,0
1584S,0,0,0,0,0,0,0,0,0,0,0,0,0,0,0,0.1839939189545933,0,0,0,0
1585R,0,0,0,0,0,0,0,0,0,0,0,0,0,0,0.09190095519602463,0,0,0,0,0
1586Y,0,0,0,0,0,0,0,0,0,0,0,0,0,0,0,0,0,0,0,0.25089587159182486
1587P,0,0,0,0,0,0,0,0,0,0,0,0,0.15893957583169546,0,0,0,0,0,0,0
1588D,0,0,0.16337253907605018,0,0,0,0,0,0,0,0,0,0,0,0,0,0,0,0,0
1589K,0,0,0,0,0,0,0,0,0.12947945352965143,0,0,0,0,0,0,0,0,0,0,0
1590V,0,0,0,0,0,0,0,0,0,0,0,0,0,0,0,0,0,0.11655868372245323,0,0
1591L,0,0,0,0,0,0,0,0,0,0.07121656793685857,0,0,0,0,0,0,0,0,0,0
1592E,0,0,0,0.08012353700699054,0,0,0,0,0,0,0,0,0,0,0,0,0,0,0,0
1593I,0,0,0,0,0,0,0,0.1367848093985894,0,0,0,0,0,0,0,0,0,0,0,0
1594L,0,0,0,0,0,0,0,0,0,0.12190789613951285,0,0,0,0,0,0,0,0,0,0
1595K,0,0,0,0,0,0,0,0,0.1868476132263129,0,0,0,0,0,0,0,0,0,0,0
1596Q,0,0,0,0,0,0,0,0,0,0,0,0,0,0.13975996423074796,0,0,0,0,0,0
1597S,0,0,0,0,0,0,0,0,0,0,0,0,0,0,0,0.16127789334837414,0,0,0,0
1598T,0,0,0,0,0,0,0,0,0,0,0,0,0,0,0,0,0.1120365978398818,0,0,0
1599I,0,0,0,0,0,0,0,0.177525315683531,0,0,0,0,0,0,0,0,0,0,0,0
1600I,0,0,0,0,0,0,0,0.0,0,0,0,0,0,0,0,0,0,0,0,0
1601E,0,0,0,0.0929010717105022,0,0,0,0,0,0,0,0,0,0,0,0,0,0,0,0
1602F,0,0,0,0,0.13798688835332773,0,0,0,0,0,0,0,0,0,0,0,0,0,0,0
1603E,0,0,0,0.180806388750014,0,0,0,0,0,0,0,0,0,0,0,0,0,0,0,0
1604S,0,0,0,0,0,0,0,0,0,0,0,0,0,0,0,0.2224794788903941,0,0,0,0
1605S,0,0,0,0,0,0,0,0,0,0,0,0,0,0,0,0.19380581273336803,0,0,0,0
1606G,0,0,0,0,0,0.19778857668133046,0,0,0,0,0,0,0,0,0,0,0,0,0,0
1607F,0,0,0,0,0.2805004823964739,0,0,0,0,0,0,0,0,0,0,0,0,0,0,0
1608N,0,0,0,0,0,0,0,0,0,0,0,0.3953119869743705,0,0,0,0,0,0,0,0
1609K,0,0,0,0,0,0,0,0,0.3234232232891132,0,0,0,0,0,0,0,0,0,0,0
1610T,0,0,0,0,0,0,0,0,0,0,0,0,0,0,0,0,0.18924661025243233,0,0,0
1611I,0,0,0,0,0,0,0,0.40168825097166344,0,0,0,0,0,0,0,0,0,0,0,0
1612K,0,0,0,0,0,0,0,0,0.28883819005077327,0,0,0,0,0,0,0,0,0,0,0
1613E,0,0,0,0.23613371744316258,0,0,0,0,0,0,0,0,0,0,0,0,0,0,0,0
1614M,0,0,0,0,0,0,0,0,0,0,0.23927872813844347,0,0,0,0,0,0,0,0,0
1615L,0,0,0,0,0,0,0,0,0,0.04419536710055082,0,0,0,0,0,0,0,0,0,0
1616G,0,0,0,0,0,0.13986163267084872,0,0,0,0,0,0,0,0,0,0,0,0,0,0
1617M,0,0,0,0,0,0,0,0,0,0,0.09747025594984907,0,0,0,0,0,0,0,0,0
1618K,0,0,0,0,0,0,0,0,0.22901345569049336,0,0,0,0,0,0,0,0,0,0,0
1619L,0,0,0,0,0,0,0,0,0,0.01866823761491667,0,0,0,0,0,0,0,0,0,0
1620A,0.022196112720057087,0,0,0,0,0,0,0,0,0,0,0,0,0,0,0,0,0,0,0
1621G,0,0,0,0,0,0.09862716650463306,0,0,0,0,0,0,0,0,0,0,0,0,0,0
1622I,0,0,0,0,0,0,0,0.014751539215934592,0,0,0,0,0,0,0,0,0,0,0,0
1623Y,0,0,0,0,0,0,0,0,0,0,0,0,0,0,0,0,0,0,0,0.08744902093991196
1624N,0,0,0,0,0,0,0,0,0,0,0,0.07662836507138285,0,0,0,0,0,0,0,0
1625E,0,0,0,0.05299475571612388,0,0,0,0,0,0,0,0,0,0,0,0,0,0,0,0
1626T,0,0,0,0,0,0,0,0,0,0,0,0,0,0,0,0,0.05212662446212819,0,0,0
1627S,0,0,0,0,0,0,0,0,0,0,0,0,0,0,0,0.10202363476306453,0,0,0,0
1628N,0,0,0,0,0,0,0,0,0,0,0,0.028877544923546185,0,0,0,0,0,0,0,0
1629N,0,0,0,0,0,0,0,0,0,0,0,0.04186694159129803,0,0,0,0,0,0,0,0
