id,pred_score
UniRef100_A0A414ZPS3 CRISPR-associated endonuclease Cas9 n=1 Tax=[Eubacterium] rectale TaxID=39491 RepID=A0A414ZPS3_9FIRM,0.48139069758620423
UniRef100_A0A414ZLT7 CRISPR-associated endonuclease Cas9 n=1 Tax=[Eubacterium] rectale TaxID=39491 RepID=A0A414ZLT7_9FIRM,0.5143004476726472
UniRef100_A0A3G8Y985 CRISPR-associated endonuclease Cas9 n=1 Tax=Epilithonimonas vandammei TaxID=2487072 RepID=A0A3G8Y985_9FLAO,0.5425415325947509
UniRef100_A0A417PQK5 CRISPR-associated endonuclease Cas9 n=2 Tax=Ruminococcus sp. OM08-7 TaxID=2292376 RepID=A0A417PQK5_9FIRM,0.48648224845209975
UniRef100_A0A1E9DYC7 CRISPR-associated endonuclease Cas9 n=1 Tax=Streptococcus sp. HMSC062B01 TaxID=1739284 RepID=A0A1E9DYC7_9STRE,0.5212449007196763
UniRef100_B6W3J8 CRISPR-associated endonuclease Cas9 n=2 Tax=Phocaeicola dorei TaxID=357276 RepID=B6W3J8_9BACT,0.6079036251968885
UniRef100_A0A2T5IVF0 CRISPR-associated endonuclease Cas9 n=1 Tax=Nitrosomonas ureae TaxID=44577 RepID=A0A2T5IVF0_9PROT,0.5259120934175506
UniRef100_A0A4Q1A910 Type II-B CRISPR-associated RNA-guided endonuclease Cas9/Csx12 n=1 Tax=Arcobacter sp. CECT 9299 TaxID=2044506 RepID=A0A4Q1A910_9PROT,0.5032298040540546
UniRef100_A0A428GD61 CRISPR-associated endonuclease Cas9 n=1 Tax=Streptococcus cristatus TaxID=45634 RepID=A0A428GD61_STRCR,0.5243964981735052
UniRef100_A0A7Z8WPM5 CRISPR-associated endonuclease Cas9 n=1 Tax=Enterococcus sp. N041.A-2 TaxID=2315836 RepID=A0A7Z8WPM5_9ENTE,0.4620140790929064
UniRef100_A0A3R9IHS7 CRISPR-associated endonuclease Cas9 n=1 Tax=Streptococcus cristatus TaxID=45634 RepID=A0A3R9IHS7_STRCR,0.5170610149371807
UniRef100_A0A414PBF9 CRISPR-associated endonuclease Cas9 n=1 Tax=Ruminococcus gnavus TaxID=33038 RepID=A0A414PBF9_RUMGN,0.5674052403924753
UniRef100_A0A6A8DEB7 CRISPR-associated endonuclease Cas9 n=1 Tax=Lactobacillus reuteri TaxID=1598 RepID=A0A6A8DEB7_LACRE,0.5328948829580111
UniRef100_A0A5B0DAS4 CRISPR-associated endonuclease Cas9 n=1 Tax=Streptococcus cristatus TaxID=45634 RepID=A0A5B0DAS4_STRCR,0.5259380480080721
UniRef100_A0A4R6CQE3 Type II CRISPR RNA-guided endonuclease Cas9 n=4 Tax=Lactobacillus crispatus TaxID=47770 RepID=A0A4R6CQE3_9LACO,0.5432878901748655
UniRef100_A0A0A2YBT2 CRISPR-associated endonuclease Cas9 n=1 Tax=Gallibacterium anatis IPDH697-78 TaxID=1396514 RepID=A0A0A2YBT2_9PAST,0.53532652149687
UniRef100_A0A5C4THT2 CRISPR-associated endonuclease Cas9 n=1 Tax=Fructilactobacillus sanfranciscensis TaxID=1625 RepID=A0A5C4THT2_FRUSA,0.5281100524256169
UniRef100_A0A285BZY5 CRISPR-associated endonuclease Cas9 n=1 Tax=Nitrosomonas ureae TaxID=44577 RepID=A0A285BZY5_9PROT,0.5259120934175506
UniRef100_A0A428GKX8 CRISPR-associated endonuclease Cas9 n=1 Tax=Streptococcus cristatus TaxID=45634 RepID=A0A428GKX8_STRCR,0.5207077343951498
UniRef100_A0A1X3DJK4 CRISPR-associated endonuclease Cas9 n=1 Tax=Neisseria dumasiana TaxID=1931275 RepID=A0A1X3DJK4_9NEIS,0.5426556930908614
UniRef100_A0A413U935 CRISPR-associated endonuclease Cas9 n=1 Tax=Holdemanella biformis TaxID=1735 RepID=A0A413U935_9FIRM,0.5128236169296159
UniRef100_A0A3A6E5R1 CRISPR-associated endonuclease Cas9 n=1 Tax=Subdoligranulum sp. AF14-43 TaxID=2302959 RepID=A0A3A6E5R1_9FIRM,0.527745726363482
UniRef100_A0A5Z1RQY5 CRISPR-associated endonuclease Cas9 n=1 Tax=Campylobacter coli TaxID=195 RepID=A0A5Z1RQY5_CAMCO,0.5339454249016465
UniRef100_A0A5T0EBP6 CRISPR-associated endonuclease Cas9 n=1 Tax=Campylobacter coli TaxID=195 RepID=A0A5T0EBP6_CAMCO,0.5339454249016465
UniRef100_A0A7T9ZFB0 CRISPR-associated endonuclease Cas9 n=2 Tax=Pediococcus acidilactici TaxID=1254 RepID=A0A7T9ZFB0_PEDAC,0.5504545970645726
UniRef100_A0A8A8L871 Type II CRISPR RNA-guided endonuclease Cas9 n=2 Tax=Lactobacillus TaxID=1578 RepID=A0A8A8L871_LACGS,0.5506051850473392
UniRef100_A0A6G2JUX2 CRISPR-associated endonuclease Cas9 n=1 Tax=Acidimicrobiales bacterium TaxID=2201156 RepID=A0A6G2JUX2_9ACTN,0.520154577872469
UniRef100_G6AFY6 CRISPR-associated endonuclease Cas9 n=2 Tax=Prevotella histicola TaxID=470565 RepID=G6AFY6_9BACT,0.6000896071407863
UniRef100_A0A5Z2N9G7 CRISPR-associated endonuclease Cas9 n=3 Tax=Campylobacter TaxID=194 RepID=A0A5Z2N9G7_CAMCO,0.5361106011246871
UniRef100_K2FGU4 CRISPR-associated endonuclease Cas9 n=1 Tax=uncultured bacterium TaxID=77133 RepID=K2FGU4_9BACT,0.475686113776961
UniRef100_A0A5T1DHP6 CRISPR-associated endonuclease Cas9 n=1 Tax=Campylobacter jejuni TaxID=197 RepID=A0A5T1DHP6_CAMJU,0.5361106011246871
UniRef100_A0A6B1ZA56 CRISPR-associated endonuclease Cas9 n=1 Tax=Enterococcus hirae TaxID=1354 RepID=A0A6B1ZA56_ENTHR,0.5632898478235158
UniRef100_A0A378ZQX4 CRISPR-associated endonuclease Cas9 n=2 Tax=Pannonibacter phragmitetus TaxID=121719 RepID=A0A378ZQX4_9HYPH,0.45419728852506097
UniRef100_A0A7X0ZWH5 CRISPR-associated endonuclease Cas9 n=1 Tax=Listeria booriae TaxID=1552123 RepID=A0A7X0ZWH5_9LIST,0.57400648281419
UniRef100_A0A096CIC5 CRISPR-associated endonuclease Cas9 n=1 Tax=Prevotella bivia DNF00320 TaxID=1401068 RepID=A0A096CIC5_9BACT,0.6342629795388501
UniRef100_A0A246EN17 CRISPR-associated endonuclease Cas9 n=1 Tax=Prevotella nigrescens TaxID=28133 RepID=A0A246EN17_9BACT,0.5974553073544705
UniRef100_A0A3E0IMR1 CRISPR-associated endonuclease Cas9 n=1 Tax=Staphylococcus felis TaxID=46127 RepID=A0A3E0IMR1_9STAP,0.5027418936684441
UniRef100_E4ZF34 CRISPR-associated endonuclease Cas9 n=1 Tax=Neisseria lactamica (strain 020-06) TaxID=489653 RepID=E4ZF34_NEIL0,0.5050646519514537
UniRef100_A0A174LFF7 CRISPR-associated endonuclease Cas9 n=1 Tax=Anaerostipes hadrus TaxID=649756 RepID=A0A174LFF7_ANAHA,0.5129840205047228
UniRef100_A0A0E2EGB1 CRISPR-associated endonuclease Cas9 n=1 Tax=Treponema denticola H-22 TaxID=999432 RepID=A0A0E2EGB1_TREDN,0.5152616636814332
UniRef100_A0A1P8JCZ1 CRISPR-associated endonuclease Cas9 n=1 Tax=Prevotella intermedia ATCC 25611 = DSM 20706 TaxID=1122984 RepID=A0A1P8JCZ1_PREIN,0.6121873302669423
UniRef100_H1GG18 CRISPR-associated endonuclease Cas9 n=4 Tax=Bacteria TaxID=2 RepID=H1GG18_LISIO,0.502937213987218
UniRef100_A0A173SPI3 CRISPR-associated endonuclease Cas9 n=1 Tax=Anaerostipes hadrus TaxID=649756 RepID=A0A173SPI3_ANAHA,0.5129840205047228
UniRef100_A0A015SZB2 CRISPR-associated endonuclease Cas9 n=1 Tax=Bacteroides fragilis str. 3986 N(B)19 TaxID=1339289 RepID=A0A015SZB2_BACFG,0.6620617325538101
UniRef100_A0A6N7BTN7 CRISPR-associated endonuclease Cas9 n=1 Tax=Pediococcus pentosaceus TaxID=1255 RepID=A0A6N7BTN7_PEDPE,0.5324670112060086
UniRef100_A0A424FJZ2 CRISPR-associated endonuclease Cas9 n=1 Tax=Neisseria meningitidis TaxID=487 RepID=A0A424FJZ2_NEIME,0.512838703604104
UniRef100_A0A414SWS9 CRISPR-associated endonuclease Cas9 n=2 Tax=Roseburia intestinalis TaxID=166486 RepID=A0A414SWS9_9FIRM,0.439960011491043
UniRef100_A0A416U192 CRISPR-associated endonuclease Cas9 n=1 Tax=Blautia sp. AF17-9LB TaxID=2292959 RepID=A0A416U192_9FIRM,0.5654074204597263
UniRef100_A0A1M7FGK0 CRISPR-associated endonuclease Cas9 n=1 Tax=Flavobacterium xanthum TaxID=69322 RepID=A0A1M7FGK0_9FLAO,0.6448804722075963
UniRef100_A0A4R2H8P7 CRISPR-associated endonuclease Cas9 n=1 Tax=Pedobacter psychrotolerans TaxID=1843235 RepID=A0A4R2H8P7_9SPHI,0.572866597770073
UniRef100_A0A1Y3YN68 CRISPR-associated endonuclease Cas9 n=1 Tax=Pseudoflavonifractor sp. An44 TaxID=1965635 RepID=A0A1Y3YN68_9FIRM,0.5605778683552323
UniRef100_W1V0U5 CRISPR-associated endonuclease Cas9 n=5 RepID=W1V0U5_9FIRM,0.425156792447981
UniRef100_A0A396FJM8 CRISPR-associated endonuclease Cas9 n=1 Tax=[Eubacterium] rectale TaxID=39491 RepID=A0A396FJM8_9FIRM,0.48139069758620423
UniRef100_A0A3R7ANS9 CRISPR-associated endonuclease Cas9 n=2 Tax=unclassified Clostridium TaxID=2614128 RepID=A0A3R7ANS9_9CLOT,0.5228168687609872
UniRef100_A0A5B3G9X6 CRISPR-associated endonuclease Cas9 n=1 Tax=Anaerostipes hadrus TaxID=649756 RepID=A0A5B3G9X6_ANAHA,0.5129840205047228
UniRef100_H0UDA8 CRISPR-associated endonuclease Cas9 n=1 Tax=Brevibacillus laterosporus GI-9 TaxID=1118154 RepID=H0UDA8_BRELA,0.5874215280375963
UniRef100_A0A496C9Y1 CRISPR-associated endonuclease Cas9 n=1 Tax=Parabacteroides sp. AF19-14 TaxID=2293114 RepID=A0A496C9Y1_9BACT,0.572292874297019
UniRef100_A0A2D3PUG5 CRISPR-associated endonuclease Cas9 n=1 Tax=Fusobacterium pseudoperiodonticum TaxID=2663009 RepID=A0A2D3PUG5_9FUSO,0.522633218836045
UniRef100_A0A3B9U948 CRISPR-associated endonuclease Cas9 n=1 Tax=Prevotella sp. TaxID=59823 RepID=A0A3B9U948_9BACT,0.542261244618541
UniRef100_A0A2G9VFU1 CRISPR-associated endonuclease Cas9 n=1 Tax=Pediococcus damnosus TaxID=51663 RepID=A0A2G9VFU1_9LACO,0.5509948237865938
UniRef100_A0A6A8DV75 CRISPR-associated endonuclease Cas9 n=1 Tax=Lactobacillus reuteri TaxID=1598 RepID=A0A6A8DV75_LACRE,0.5337034212787716
UniRef100_M2SLU3 CRISPR-associated endonuclease Cas9 n=1 Tax=Treponema denticola US-Trep TaxID=999440 RepID=M2SLU3_TREDN,0.5152616636814332
UniRef100_A0A363EBL6 CRISPR-associated endonuclease Cas9 n=1 Tax=Lactobacillus reuteri TaxID=1598 RepID=A0A363EBL6_LACRE,0.5328948829580111
UniRef100_A0A1H9APL9 CRISPR-associated endonuclease Cas9 n=1 Tax=Nitrosomonas ureae TaxID=44577 RepID=A0A1H9APL9_9PROT,0.5259120934175506
UniRef100_A0A6L5P7C5 CRISPR-associated endonuclease Cas9 n=1 Tax=Lactobacillus reuteri TaxID=1598 RepID=A0A6L5P7C5_LACRE,0.5328948829580111
UniRef100_A0A3E4YGD0 CRISPR-associated endonuclease Cas9 n=1 Tax=Streptococcus sp. I-P16 TaxID=1156433 RepID=A0A3E4YGD0_9STRE,0.5197939487348971
UniRef100_A0A7U8ATY6 CRISPR-associated endonuclease Cas9 n=2 Tax=Campylobacter TaxID=194 RepID=A0A7U8ATY6_CAMLA,0.5694491013368694
UniRef100_A0A2G2BCZ8 CRISPR-associated endonuclease Cas9 n=1 Tax=Marinosulfonomonas sp. TaxID=2030815 RepID=A0A2G2BCZ8_9RHOB,0.4660452016007926
UniRef100_A0A264Y3N9 CRISPR-associated endonuclease Cas9 n=1 Tax=Prevotella sp. 885 TaxID=2022527 RepID=A0A264Y3N9_9BACT,0.5855727553780349
UniRef100_A0A6L1I4I4 CRISPR-associated endonuclease Cas9 n=1 Tax=Campylobacter lari TaxID=201 RepID=A0A6L1I4I4_CAMLA,0.5746040046462386
UniRef100_A0A6A8CY64 CRISPR-associated endonuclease Cas9 n=1 Tax=Lactobacillus reuteri TaxID=1598 RepID=A0A6A8CY64_LACRE,0.5337034212787716
UniRef100_A0A133KEN0 CRISPR-associated endonuclease Cas9 n=1 Tax=Anaerococcus tetradius TaxID=33036 RepID=A0A133KEN0_9FIRM,0.47142386585518864
UniRef100_A0A417PB84 CRISPR-associated endonuclease Cas9 n=1 Tax=Ruminococcus sp. OM08-7 TaxID=2292376 RepID=A0A417PB84_9FIRM,0.4965976621050061
UniRef100_A0A5P8M4Y6 CRISPR-associated endonuclease Cas9 n=2 Tax=Schleiferilactobacillus harbinensis TaxID=304207 RepID=A0A5P8M4Y6_9LACO,0.49089892500761584
UniRef100_U6RJS5 CRISPR-associated endonuclease Cas9 n=1 Tax=Bacteroides sp. HPS0048 TaxID=1078089 RepID=U6RJS5_9BACE,0.6368501446779332
UniRef100_A0A417JGI3 CRISPR-associated endonuclease Cas9 n=2 Tax=Ruminococcus sp. AM27-16 TaxID=2293192 RepID=A0A417JGI3_9FIRM,0.48648224845209975
UniRef100_A0A3S4NP75 CRISPR-associated endonuclease Cas9 n=1 Tax=Streptococcus dysgalactiae subsp. equisimilis TaxID=119602 RepID=A0A3S4NP75_STREQ,0.559726248838233
UniRef100_A0A7G1K4Y9 CRISPR-associated endonuclease Cas9 n=2 Tax=Streptococcus dysgalactiae TaxID=1334 RepID=A0A7G1K4Y9_STREQ,0.5535155721161771
UniRef100_A0A4U9YRI6 CRISPR-associated endonuclease Cas9 n=2 Tax=Streptococcus dysgalactiae TaxID=1334 RepID=A0A4U9YRI6_STREQ,0.5519412516171078
UniRef100_A0A501VR63 CRISPR-associated endonuclease Cas9 n=1 Tax=Streptococcus sp. D2 TaxID=2589787 RepID=A0A501VR63_9STRE,0.5108204656963742
UniRef100_F9Q210 CRISPR-associated endonuclease Cas9 n=2 Tax=Streptococcus TaxID=1301 RepID=F9Q210_STROR,0.5063992908761573
UniRef100_A0A3D8IRW0 CRISPR-associated endonuclease Cas9 n=1 Tax=Helicobacter equorum TaxID=361872 RepID=A0A3D8IRW0_9HELI,0.5040184557495341
UniRef100_A0A7X2G4Q4 CRISPR-associated endonuclease Cas9 n=1 Tax=Lactobacillus reuteri TaxID=1598 RepID=A0A7X2G4Q4_LACRE,0.5357389407722088
UniRef100_A0A330LHI1 CRISPR-associated endonuclease Cas9 n=1 Tax=Latilactobacillus sakei TaxID=1599 RepID=A0A330LHI1_LATSK,0.5945378519192785
UniRef100_A0A0C3A2P0 CRISPR-associated endonuclease Cas9 n=1 Tax=Apilactobacillus kunkeei TaxID=148814 RepID=A0A0C3A2P0_9LACO,0.5653962600647777
UniRef100_A0A5M0Z0Q6 CRISPR-associated endonuclease Cas9 n=1 Tax=Campylobacter lari TaxID=201 RepID=A0A5M0Z0Q6_CAMLA,0.5694491013368694
UniRef100_A0A0A2EHM8 CRISPR-associated endonuclease Cas9 n=1 Tax=Porphyromonadaceae bacterium COT-184 OH4590 TaxID=1517682 RepID=A0A0A2EHM8_9PORP,0.5044831079642385
UniRef100_A0A414FSQ5 CRISPR-associated endonuclease Cas9 n=1 Tax=Bacteroides caccae TaxID=47678 RepID=A0A414FSQ5_9BACE,0.5646702745263826
UniRef100_A0A1W6N6V9 CRISPR-associated endonuclease Cas9 n=1 Tax=Levilactobacillus brevis TaxID=1580 RepID=A0A1W6N6V9_LEVBR,0.553998342786898
UniRef100_A0A3R6QD81 CRISPR-associated endonuclease Cas9 n=4 Tax=unclassified Roseburia TaxID=2637578 RepID=A0A3R6QD81_9FIRM,0.5048585842038382
UniRef100_A0A081Q742 CRISPR-associated endonuclease Cas9 n=1 Tax=Streptococcus mitis TaxID=28037 RepID=A0A081Q742_STRMT,0.5250229961623712
UniRef100_A0A2D1UCV3 CRISPR-associated endonuclease Cas9 n=1 Tax=Mycoplasma dispar TaxID=86660 RepID=A0A2D1UCV3_9MOLU,0.49103207582826236
UniRef100_A0A1U7LAN8 CRISPR-associated endonuclease Cas9 n=1 Tax=Butyricimonas synergistica TaxID=544644 RepID=A0A1U7LAN8_9BACT,0.5658657114271213
UniRef100_A0A2K0XL61 CRISPR-associated endonuclease Cas9 n=1 Tax=Prevotella timonensis TaxID=386414 RepID=A0A2K0XL61_9BACT,0.4941154408887121
UniRef100_A0A1X1GV45 CRISPR-associated endonuclease Cas9 n=1 Tax=Streptococcus oralis subsp. tigurinus TaxID=1077464 RepID=A0A1X1GV45_STROR,0.5248943403385671
UniRef100_A0A2N0XIB1 CRISPR-associated endonuclease Cas9 n=1 Tax=Chryseobacterium sp. PMSZPI TaxID=1033900 RepID=A0A2N0XIB1_9FLAO,0.5568799860959142
UniRef100_A0A416XS73 CRISPR-associated endonuclease Cas9 n=1 Tax=Blautia sp. AF14-40 TaxID=2292958 RepID=A0A416XS73_9FIRM,0.5654074204597263
UniRef100_C6S593 CRISPR-associated endonuclease Cas9 n=2 Tax=Neisseria meningitidis TaxID=487 RepID=C6S593_NEIML,0.512838703604104
UniRef100_A0A5R1LE97 CRISPR-associated endonuclease Cas9 n=1 Tax=Campylobacter sp. US12a TaxID=2498116 RepID=A0A5R1LE97_9PROT,0.461339973241371
UniRef100_A0A412ZIC7 CRISPR-associated endonuclease Cas9 n=1 Tax=Phocaeicola dorei TaxID=357276 RepID=A0A412ZIC7_9BACT,0.6079036251968885
UniRef100_A0A413GCW1 CRISPR-associated endonuclease Cas9 n=2 Tax=Bacteroidales TaxID=171549 RepID=A0A413GCW1_9BACT,0.6106776119628108
UniRef100_A0A3M0MYC4 CRISPR-associated endonuclease Cas9 n=1 Tax=Lactobacillus sp. ESL0233 TaxID=2069354 RepID=A0A3M0MYC4_9LACO,0.558711547510915
UniRef100_A0A3R9TK42 CRISPR-associated endonuclease Cas9 n=1 Tax=Streptococcus mitis TaxID=28037 RepID=A0A3R9TK42_STRMT,0.5250229961623712
UniRef100_A0A0F2E4R3 CRISPR-associated endonuclease Cas9 n=1 Tax=Streptococcus oralis subsp. tigurinus TaxID=1077464 RepID=A0A0F2E4R3_STROR,0.5009167322823147
UniRef100_A0A428D4V9 CRISPR-associated endonuclease Cas9 n=1 Tax=Streptococcus mitis TaxID=28037 RepID=A0A428D4V9_STRMT,0.5197939487348971
UniRef100_A0A2L1CJ81 Type II-B CRISPR-associated RNA-guided endonuclease Cas9/Csx12 n=1 Tax=Francisella novicida TaxID=264 RepID=A0A2L1CJ81_FRANO,0.509094478044025
UniRef100_A0A6I1TVC3 CRISPR-associated endonuclease Cas9 n=1 Tax=Streptococcus mitis TaxID=28037 RepID=A0A6I1TVC3_STRMT,0.5217273232751903
UniRef100_UPI001374BA86 type II-B CRISPR-associated RNA-guided endonuclease Cas9/Csx12 n=1 Tax=Legionella pneumophila TaxID=446 RepID=UPI001374BA86,0.46175680209647746
UniRef100_UPI0013F60F87 type II-B CRISPR-associated RNA-guided endonuclease Cas9/Csx12 n=1 Tax=Sutterella wadsworthensis TaxID=40545 RepID=UPI0013F60F87,0.4825507814889351
UniRef100_UPI0013F65B7E type II-B CRISPR-associated RNA-guided endonuclease Cas9/Csx12 n=2 Tax=Sutterella wadsworthensis TaxID=40545 RepID=UPI0013F65B7E,0.48299080126461386
UniRef100_UPI0013F664D5 type II-B CRISPR-associated RNA-guided endonuclease Cas9/Csx12 n=1 Tax=Sutterella wadsworthensis TaxID=40545 RepID=UPI0013F664D5,0.48732260269493666
UniRef100_UPI0013F63BB6 type II-B CRISPR-associated RNA-guided endonuclease Cas9/Csx12 n=1 Tax=Sutterella wadsworthensis TaxID=40545 RepID=UPI0013F63BB6,0.48732260269493666
UniRef100_UPI0013F66C54 type II-B CRISPR-associated RNA-guided endonuclease Cas9/Csx12 n=2 Tax=Sutterella wadsworthensis TaxID=40545 RepID=UPI0013F66C54,0.48444520455863116
UniRef100_UPI001374F28B type II-B CRISPR-associated RNA-guided endonuclease Cas9/Csx12 n=1 Tax=Legionella pneumophila TaxID=446 RepID=UPI001374F28B,0.4632649526418448
UniRef100_A0A510TST0 CRISPR-associated endonuclease Cas9 n=2 Tax=Schleiferilactobacillus harbinensis TaxID=304207 RepID=A0A510TST0_9LACO,0.6064567574004611
UniRef100_A0A4P7CHQ1 CRISPR-associated endonuclease Cas9 n=2 Tax=Actinobacillus indolicus TaxID=51049 RepID=A0A4P7CHQ1_9PAST,0.5311857618246709
UniRef100_A0A133NAH6 CRISPR-associated endonuclease Cas9 n=1 Tax=Fusobacterium nucleatum TaxID=851 RepID=A0A133NAH6_FUSNU,0.522633218836045
UniRef100_A0A3A5PFG2 CRISPR-associated endonuclease Cas9 n=1 Tax=Bacteroides sp. AF39-16AC TaxID=2292936 RepID=A0A3A5PFG2_9BACE,0.6215404578457052
UniRef100_A0A378HIZ8 CRISPR-associated endonuclease Cas9 n=1 Tax=Levilactobacillus brevis TaxID=1580 RepID=A0A378HIZ8_LEVBR,0.5623345953735602
UniRef100_F5X275 CRISPR-associated endonuclease Cas9 n=1 Tax=Streptococcus pasteurianus (strain ATCC 43144 / JCM 5346 / CDC 1723-81) TaxID=981540 RepID=F5X275_STRPX,0.5512427952062984
UniRef100_A0A175A1Y1 CRISPR-associated endonuclease Cas9 n=1 Tax=[Eubacterium] siraeum TaxID=39492 RepID=A0A175A1Y1_9FIRM,0.5038073510890434
UniRef100_A0A5C8H6N4 CRISPR-associated endonuclease Cas9 n=1 Tax=Ligilactobacillus salivarius TaxID=1624 RepID=A0A5C8H6N4_9LACO,0.544390954606249
UniRef100_A0A1V9B8M7 CRISPR-associated endonuclease Cas9 n=1 Tax=Geobacillus sp. 46C-IIa TaxID=1963025 RepID=A0A1V9B8M7_9BACI,0.588378333557951
UniRef100_A0A1C3SQ53 CRISPR-associated endonuclease Cas9 n=1 Tax=Streptococcus macedonicus TaxID=59310 RepID=A0A1C3SQ53_STRMC,0.5512427952062984
UniRef100_A0A7H9FIP2 CRISPR-associated endonuclease Cas9 n=1 Tax=Streptococcus oralis subsp. oralis TaxID=1891914 RepID=A0A7H9FIP2_STROR,0.5175463108677549
UniRef100_A0A4P6RDP4 CRISPR-associated endonuclease Cas9 n=2 Tax=unclassified Bacteroides TaxID=2646097 RepID=A0A4P6RDP4_9BACE,0.6199149659108714
UniRef100_A0A374DD87 CRISPR-associated endonuclease Cas9 n=1 Tax=Ruminococcus sp. AM36-18 TaxID=2293209 RepID=A0A374DD87_9FIRM,0.48831260981481406
UniRef100_A0A3E4VXZ2 CRISPR-associated endonuclease Cas9 n=1 Tax=Phocaeicola plebeius TaxID=310297 RepID=A0A3E4VXZ2_9BACT,0.5552243661108732
UniRef100_A0A4R2GQL6 CRISPR-associated endonuclease Cas9 n=2 Tax=Natronoflexus pectinivorans TaxID=682526 RepID=A0A4R2GQL6_9BACT,0.47322343910421205
UniRef100_A0A7M2XH36 CRISPR-associated endonuclease Cas9 n=1 Tax=Novosphingobium sp. ES2-1 TaxID=2780074 RepID=A0A7M2XH36_9SPHN,0.5908157590076639
UniRef100_T5JDL4 CRISPR-associated endonuclease Cas9 n=1 Tax=Lactobacillus plantarum EGD-AQ4 TaxID=1382301 RepID=T5JDL4_LACPN,0.6043905569568512
UniRef100_A0A558NDW2 CRISPR-associated endonuclease Cas9 n=1 Tax=Weissella cibaria TaxID=137591 RepID=A0A558NDW2_9LACO,0.4799352681740391
UniRef100_A0A6H1D308 CRISPR-associated endonuclease Cas9 n=1 Tax=Parabacteroides distasonis TaxID=823 RepID=A0A6H1D308_9BACT,0.6215828662876168
UniRef100_A0A1Q6S274 CRISPR-associated endonuclease Cas9 n=1 Tax=Ruminococcus sp. CAG:108-related_41_35 TaxID=1897020 RepID=A0A1Q6S274_9FIRM,0.6162774185318429
UniRef100_A0A173VVZ1 CRISPR-associated endonuclease Cas9 n=1 Tax=Roseburia inulinivorans TaxID=360807 RepID=A0A173VVZ1_9FIRM,0.5115543449046485
UniRef100_A0A1U9MD17 CRISPR-associated endonuclease Cas9 n=1 Tax=Bartonella apis TaxID=1686310 RepID=A0A1U9MD17_9HYPH,0.5085289730566079
UniRef100_A0A4U3MNP2 CRISPR-associated endonuclease Cas9 n=1 Tax=Enterococcus faecalis TaxID=1351 RepID=A0A4U3MNP2_ENTFL,0.5544105117134136
UniRef100_A0A373Y0H9 CRISPR-associated endonuclease Cas9 n=1 Tax=Ruminococcus sp. AF16-40 TaxID=2293148 RepID=A0A373Y0H9_9FIRM,0.49337693064935684
UniRef100_A0A2T4HDZ0 CRISPR-associated endonuclease Cas9 n=1 Tax=Flavobacterium columnare TaxID=996 RepID=A0A2T4HDZ0_9FLAO,0.6250443183279573
UniRef100_A0A0F2D9H7 CRISPR-associated endonuclease Cas9 n=1 Tax=Streptococcus oralis subsp. oralis TaxID=1891914 RepID=A0A0F2D9H7_STROR,0.5228620343563111
UniRef100_A0A414WYG2 CRISPR-associated endonuclease Cas9 n=1 Tax=Phocaeicola plebeius TaxID=310297 RepID=A0A414WYG2_9BACT,0.5532050121669928
UniRef100_A0A1U9MIU6 CRISPR-associated endonuclease Cas9 n=1 Tax=Bartonella apis TaxID=1686310 RepID=A0A1U9MIU6_9HYPH,0.4878595355792467
UniRef100_A0A095ZV18 CRISPR-associated endonuclease Cas9 n=1 Tax=Tissierellia bacterium S5-A11 TaxID=1230730 RepID=A0A095ZV18_9FIRM,0.5007337401932163
UniRef100_A0A1Y4IP47 CRISPR-associated endonuclease Cas9 n=1 Tax=Parabacteroides distasonis TaxID=823 RepID=A0A1Y4IP47_9BACT,0.572292874297019
UniRef100_A0A562Q1X7 CRISPR-associated endonuclease Cas9 n=2 Tax=Flavobacterium glaciei TaxID=386300 RepID=A0A562Q1X7_9FLAO,0.47887171465061806
UniRef100_A0A7Z7K631 CRISPR-associated endonuclease Cas9 n=1 Tax=Streptococcus agalactiae TaxID=1311 RepID=A0A7Z7K631_STRAG,0.5636131226076212
UniRef100_A0A1X1HCB9 CRISPR-associated endonuclease Cas9 n=1 Tax=Streptococcus oralis subsp. oralis TaxID=1891914 RepID=A0A1X1HCB9_STROR,0.5090058802186708
UniRef100_A0A7Z7VZG5 CRISPR-associated endonuclease Cas9 n=1 Tax=Streptococcus agalactiae TaxID=1311 RepID=A0A7Z7VZG5_STRAG,0.5636131226076212
UniRef100_A0A415T5R8 CRISPR-associated endonuclease Cas9 n=1 Tax=Phocaeicola plebeius TaxID=310297 RepID=A0A415T5R8_9BACT,0.5546071521724883
UniRef100_A0A1X1HHH1 CRISPR-associated endonuclease Cas9 n=1 Tax=Streptococcus oralis subsp. oralis TaxID=1891914 RepID=A0A1X1HHH1_STROR,0.4977375212142154
UniRef100_A0A373P3F0 CRISPR-associated endonuclease Cas9 n=1 Tax=Blautia sp. OF03-13 TaxID=2292980 RepID=A0A373P3F0_9FIRM,0.5654074204597263
UniRef100_A0A0Q0YQ33 CRISPR-associated endonuclease Cas9 n=1 Tax=Geobacillus sp. Sah69 TaxID=1737624 RepID=A0A0Q0YQ33_9BACI,0.588378333557951
UniRef100_A0A5C6KLI9 CRISPR-associated endonuclease Cas9 n=1 Tax=Parabacteroides distasonis TaxID=823 RepID=A0A5C6KLI9_9BACT,0.5746613411959736
UniRef100_A0A292RYC5 CRISPR-associated endonuclease Cas9 n=1 Tax=Candidatus Gastranaerophilales bacterium HUM_18 TaxID=1916231 RepID=A0A292RYC5_9BACT,0.4936705411901775
UniRef100_F9N3Y3 CRISPR-associated endonuclease Cas9 n=1 Tax=Veillonella sp. oral taxon 780 str. F0422 TaxID=944564 RepID=F9N3Y3_9FIRM,0.4514865842641486
UniRef100_A7H5P1 CRISPR-associated endonuclease Cas9 n=1 Tax=Campylobacter jejuni subsp. doylei (strain ATCC BAA-1458 / RM4099 / 269.97) TaxID=360109 RepID=A7H5P1_CAMJD,0.5311042568359275
UniRef100_A0A1I4VGF9 CRISPR-associated endonuclease Cas9 n=1 Tax=Chryseobacterium oleae TaxID=491207 RepID=A0A1I4VGF9_9FLAO,0.6320789280358593
UniRef100_A0A373Y943 CRISPR-associated endonuclease Cas9 n=1 Tax=Ruminococcus sp. AF16-40 TaxID=2293148 RepID=A0A373Y943_9FIRM,0.6162774185318429
UniRef100_A0A3E4NYQ9 CRISPR-associated endonuclease Cas9 n=1 Tax=Parabacteroides sp. 20_3 TaxID=469591 RepID=A0A3E4NYQ9_9BACT,0.5746613411959736
UniRef100_A0A2A7QQH1 CRISPR-associated endonuclease Cas9 n=1 Tax=Lactobacillus sp. UMNPBX9 TaxID=2042038 RepID=A0A2A7QQH1_9LACO,0.5417804987160041
UniRef100_A0A3M0PNE8 CRISPR-associated endonuclease Cas9 n=1 Tax=Lactobacillus sp. ESL0259 TaxID=2069346 RepID=A0A3M0PNE8_9LACO,0.5602567492344288
UniRef100_A0A086AYB7 CRISPR-associated endonuclease Cas9 n=1 Tax=Chryseobacterium sp. JM1 TaxID=1233950 RepID=A0A086AYB7_9FLAO,0.571361089586204
UniRef100_J7TMY5 CRISPR-associated endonuclease Cas9 n=1 Tax=Streptococcus salivarius K12 TaxID=1200793 RepID=J7TMY5_STRSL,0.561903153990138
UniRef100_A0A1N7BHN9 CRISPR-associated endonuclease Cas9 n=1 Tax=Chryseobacterium sp. RU33C TaxID=1907398 RepID=A0A1N7BHN9_9FLAO,0.5591708005721882
UniRef100_A0A510WL16 CRISPR-associated endonuclease Cas9 n=1 Tax=Lactobacillus casei TaxID=1582 RepID=A0A510WL16_LACCA,0.59028348668979
UniRef100_D4KTZ0 CRISPR-associated endonuclease Cas9 n=1 Tax=Roseburia intestinalis M50/1 TaxID=657315 RepID=D4KTZ0_9FIRM,0.4918927301723957
UniRef100_F9HIG7 CRISPR-associated endonuclease Cas9 n=1 Tax=Streptococcus sp. oral taxon 056 str. F0418 TaxID=904294 RepID=F9HIG7_9STRE,0.5250229961623712
UniRef100_E0PQK3 CRISPR-associated endonuclease Cas9 n=1 Tax=Streptococcus mitis ATCC 6249 TaxID=864567 RepID=E0PQK3_STRMT,0.4928741134186197
UniRef100_A0A0E2EBU7 CRISPR-associated endonuclease Cas9 n=1 Tax=Treponema denticola AL-2 TaxID=999426 RepID=A0A0E2EBU7_TREDN,0.5152616636814332
UniRef100_M4R7E0 CRISPR-associated endonuclease Cas9 n=2 Tax=Bibersteinia trehalosi TaxID=47735 RepID=M4R7E0_BIBTR,0.5423044484509802
UniRef100_A0A396MQJ8 CRISPR-associated endonuclease Cas9 n=1 Tax=Clostridium sp. AF02-29 TaxID=2292993 RepID=A0A396MQJ8_9CLOT,0.5449648590019139
UniRef100_A0A0T7L299 CRISPR-associated endonuclease Cas9 n=1 Tax=Neisseria meningitidis TaxID=487 RepID=A0A0T7L299_NEIME,0.512838703604104
UniRef100_A0A2D8RWN5 CRISPR-associated endonuclease Cas9 n=1 Tax=Parvibaculum sp. TaxID=2024848 RepID=A0A2D8RWN5_9HYPH,0.5511042083978677
UniRef100_A0A6N3E6E0 CRISPR-associated endonuclease Cas9/Csn1 n=1 Tax=Collinsella aerofaciens TaxID=74426 RepID=A0A6N3E6E0_9ACTN,0.5048331325809597
UniRef100_A0A5Z1EX63 CRISPR-associated endonuclease Cas9 n=1 Tax=Campylobacter jejuni TaxID=197 RepID=A0A5Z1EX63_CAMJU,0.5361106011246871
UniRef100_M4YX12 CRISPR-associated endonuclease Cas9 n=4 Tax=Streptococcus TaxID=1301 RepID=M4YX12_STREQ,0.5535155721161771
UniRef100_A0A450TQE1 CRISPR-associated endonuclease Cas9 n=1 Tax=Candidatus Kentron sp. FW TaxID=2126338 RepID=A0A450TQE1_9GAMM,0.48478963839451583
UniRef100_A0A6A4U0D7 CRISPR-associated endonuclease Cas9 n=2 Tax=Streptococcus agalactiae TaxID=1311 RepID=A0A6A4U0D7_STRAG,0.5636131226076212
UniRef100_A0A125S8K2 CRISPR-associated endonuclease Cas9 n=3 Tax=Bacteria TaxID=2 RepID=A0A125S8K2_9BACT,0.5857700756197617
UniRef100_A0A5T0ILU9 CRISPR-associated endonuclease Cas9 n=1 Tax=Campylobacter jejuni TaxID=197 RepID=A0A5T0ILU9_CAMJU,0.5268624381253687
UniRef100_A0A5T0YDG4 CRISPR-associated endonuclease Cas9 n=1 Tax=Campylobacter jejuni TaxID=197 RepID=A0A5T0YDG4_CAMJU,0.5361106011246871
UniRef100_A0A6F9HQD7 CRISPR-associated endonuclease Cas9 n=1 Tax=Campylobacter jejuni TaxID=197 RepID=A0A6F9HQD7_CAMJU,0.5339454249016465
UniRef100_F6ITQ2 CRISPR-associated endonuclease Cas9 n=1 Tax=Lactiplantibacillus pentosus MP-10 TaxID=1028490 RepID=F6ITQ2_LACPE,0.6043905569568512
UniRef100_A0A6N2Z8E1 CRISPR-associated endonuclease Cas9 n=1 Tax=Streptococcus lutetiensis TaxID=150055 RepID=A0A6N2Z8E1_9STRE,0.5790417047710605
UniRef100_A0A6N3B2P4 CRISPR-associated endonuclease Cas9 n=1 Tax=uncultured Clostridium sp. TaxID=59620 RepID=A0A6N3B2P4_9CLOT,0.527745726363482
UniRef100_A0A6F9MZH9 CRISPR-associated endonuclease Cas9 n=1 Tax=Campylobacter jejuni TaxID=197 RepID=A0A6F9MZH9_CAMJU,0.5339454249016465
UniRef100_A0A5T0CK64 CRISPR-associated endonuclease Cas9 n=1 Tax=Campylobacter jejuni TaxID=197 RepID=A0A5T0CK64_CAMJU,0.5361106011246871
UniRef100_A0A7U8IPP0 CRISPR-associated endonuclease Cas9 n=1 Tax=Enterococcus faecium Com12 TaxID=565662 RepID=A0A7U8IPP0_ENTFC,0.5629292026075349
UniRef100_A0A5Y8Y6D4 CRISPR-associated endonuclease Cas9 n=1 Tax=Campylobacter jejuni TaxID=197 RepID=A0A5Y8Y6D4_CAMJU,0.5361106011246871
UniRef100_A0A5T1F7T9 CRISPR-associated endonuclease Cas9 n=2 Tax=Campylobacter TaxID=194 RepID=A0A5T1F7T9_CAMJU,0.5361106011246871
UniRef100_A0A5T0KPL4 CRISPR-associated endonuclease Cas9 n=1 Tax=Campylobacter jejuni TaxID=197 RepID=A0A5T0KPL4_CAMJU,0.5402137715130828
UniRef100_A0A5T0Q020 CRISPR-associated endonuclease Cas9 n=5 Tax=Campylobacter TaxID=194 RepID=A0A5T0Q020_CAMJU,0.5339454249016465
UniRef100_A0A1C5S579 CRISPR-associated endonuclease Cas9 n=1 Tax=uncultured Collinsella sp. TaxID=165190 RepID=A0A1C5S579_9ACTN,0.5129003187891304
UniRef100_A0A5Z1P226 CRISPR-associated endonuclease Cas9 n=1 Tax=Campylobacter jejuni TaxID=197 RepID=A0A5Z1P226_CAMJU,0.5361106011246871
UniRef100_A0A5Y8S0A3 CRISPR-associated endonuclease Cas9 n=1 Tax=Campylobacter jejuni TaxID=197 RepID=A0A5Y8S0A3_CAMJU,0.5361106011246871
UniRef100_A0A5T0D0J5 CRISPR-associated endonuclease Cas9 n=1 Tax=Campylobacter jejuni TaxID=197 RepID=A0A5T0D0J5_CAMJU,0.5339454249016465
UniRef100_A0A5Y6PB74 CRISPR-associated endonuclease Cas9 n=1 Tax=Campylobacter jejuni TaxID=197 RepID=A0A5Y6PB74_CAMJU,0.5339454249016465
UniRef100_A0A6C8BAM6 CRISPR-associated endonuclease Cas9 n=2 Tax=Campylobacter TaxID=194 RepID=A0A6C8BAM6_CAMJU,0.5339454249016465
UniRef100_A0A6N3CLR3 CRISPR-associated endonuclease Cas9 n=1 Tax=Roseburia intestinalis TaxID=166486 RepID=A0A6N3CLR3_9FIRM,0.4751173181290303
UniRef100_A0A6C7NBS8 CRISPR-associated endonuclease Cas9 n=1 Tax=Campylobacter jejuni TaxID=197 RepID=A0A6C7NBS8_CAMJU,0.5361106011246871
UniRef100_A0A5Y1PWP5 CRISPR-associated endonuclease Cas9 n=1 Tax=Campylobacter jejuni TaxID=197 RepID=A0A5Y1PWP5_CAMJU,0.5339454249016465
UniRef100_A0A5T0X7Y5 CRISPR-associated endonuclease Cas9 n=1 Tax=Campylobacter jejuni TaxID=197 RepID=A0A5T0X7Y5_CAMJU,0.5361106011246871
UniRef100_A0A5T1FMJ5 CRISPR-associated endonuclease Cas9 n=2 Tax=Campylobacter TaxID=194 RepID=A0A5T1FMJ5_CAMJU,0.5361106011246871
UniRef100_A0A5T1CW51 CRISPR-associated endonuclease Cas9 n=2 Tax=Campylobacter jejuni TaxID=197 RepID=A0A5T1CW51_CAMJU,0.5339454249016465
UniRef100_A0A5M2ZAE9 CRISPR-associated endonuclease Cas9 n=1 Tax=Listeria monocytogenes TaxID=1639 RepID=A0A5M2ZAE9_LISMN,0.5726588049895321
UniRef100_A0A5Y9KKS6 CRISPR-associated endonuclease Cas9 n=1 Tax=Campylobacter jejuni TaxID=197 RepID=A0A5Y9KKS6_CAMJU,0.5339454249016465
UniRef100_A0A5Z1G1Y1 CRISPR-associated endonuclease Cas9 n=1 Tax=Campylobacter jejuni TaxID=197 RepID=A0A5Z1G1Y1_CAMJU,0.5339454249016465
UniRef100_A0A7T8M087 CRISPR-associated endonuclease Cas9 n=1 Tax=Pediococcus acidilactici TaxID=1254 RepID=A0A7T8M087_PEDAC,0.5493257239893564
UniRef100_A0A6F9IW71 CRISPR-associated endonuclease Cas9 n=1 Tax=Campylobacter coli TaxID=195 RepID=A0A6F9IW71_CAMCO,0.5361106011246871
UniRef100_A0A3G6JLM5 CRISPR-associated endonuclease Cas9 n=2 Tax=Streptococcus thermophilus TaxID=1308 RepID=A0A3G6JLM5_STRTR,0.5604505213285126
UniRef100_A0A5T0F5E8 CRISPR-associated endonuclease Cas9 n=1 Tax=Campylobacter jejuni TaxID=197 RepID=A0A5T0F5E8_CAMJU,0.5361106011246871
UniRef100_A0A5T1DLT7 CRISPR-associated endonuclease Cas9 n=1 Tax=Campylobacter jejuni TaxID=197 RepID=A0A5T1DLT7_CAMJU,0.5361106011246871
UniRef100_A0A691BHN9 CRISPR-associated endonuclease Cas9 n=1 Tax=Campylobacter jejuni TaxID=197 RepID=A0A691BHN9_CAMJU,0.5361106011246871
UniRef100_A0A6N0A2I2 CRISPR-associated endonuclease Cas9 n=2 Tax=Streptococcus mutans TaxID=1309 RepID=A0A6N0A2I2_STRMG,0.563599276145285
UniRef100_A0A7T9R9S2 CRISPR-associated endonuclease Cas9 n=1 Tax=Sphingobacterium spiritivorum TaxID=258 RepID=A0A7T9R9S2_9SPHI,0.5549151083955234
UniRef100_A0A5T1XYJ8 CRISPR-associated endonuclease Cas9 n=1 Tax=Campylobacter jejuni TaxID=197 RepID=A0A5T1XYJ8_CAMJU,0.5361106011246871
"UniRef100_A0A7U8FPG9 CRISPR-associated endonuclease Cas9 n=1 Tax=Enterococcus faecium 1,141,733 TaxID=565659 RepID=A0A7U8FPG9_ENTFC",0.5682437804822174
UniRef100_A0A5T1FAC1 CRISPR-associated endonuclease Cas9 n=16 Tax=Proteobacteria TaxID=1224 RepID=A0A5T1FAC1_CAMJU,0.5361106011246871
UniRef100_A0A5T1M0Y7 CRISPR-associated endonuclease Cas9 n=1 Tax=Campylobacter jejuni TaxID=197 RepID=A0A5T1M0Y7_CAMJU,0.5361106011246871
UniRef100_A0A7T8SV63 CRISPR-associated endonuclease Cas9 n=1 Tax=Chryseobacterium indoltheticum TaxID=254 RepID=A0A7T8SV63_9FLAO,0.591179482889014
UniRef100_A0A6A4U0F4 CRISPR-associated endonuclease Cas9 n=1 Tax=Streptococcus agalactiae TaxID=1311 RepID=A0A6A4U0F4_STRAG,0.5636131226076212
UniRef100_A0A7U2SDT5 CRISPR-associated endonuclease Cas9 n=1 Tax=Flavobacterium psychrophilum TaxID=96345 RepID=A0A7U2SDT5_FLAPS,0.6221932271366157
UniRef100_A0A7U3FDR5 CRISPR-associated endonuclease Cas9 n=1 Tax=Alicyclobacillus sp. TC TaxID=2606450 RepID=A0A7U3FDR5_9BACL,0.62709932056296
UniRef100_A0A5E5QCR6 CRISPR-associated endonuclease Cas9 n=1 Tax=uncultured Gammaproteobacteria bacterium TaxID=86473 RepID=A0A5E5QCR6_9GAMM,0.4723417825495387
UniRef100_A0A6F9XM84 CRISPR-associated endonuclease Cas9 n=1 Tax=Ligilactobacillus agilis TaxID=1601 RepID=A0A6F9XM84_9LACO,0.5366810625213545
UniRef100_A0A482ZRU2 CRISPR-associated endonuclease Cas9 n=1 Tax=uncultured SUP05 cluster bacterium TaxID=655186 RepID=A0A482ZRU2_9GAMM,0.5354097725205612
UniRef100_A0A5E5PVM6 CRISPR-associated endonuclease Cas9 n=2 Tax=Bacteria TaxID=2 RepID=A0A5E5PVM6_9GAMM,0.46284542132332573
UniRef100_A0A5Y9M8F7 CRISPR-associated endonuclease Cas9 n=1 Tax=Campylobacter jejuni TaxID=197 RepID=A0A5Y9M8F7_CAMJU,0.5339454249016465
UniRef100_A0A6N2ZAF0 CRISPR-associated endonuclease Cas9 n=1 Tax=Veillonella ratti TaxID=103892 RepID=A0A6N2ZAF0_9FIRM,0.5234708546836732
UniRef100_A0A6F9H8E5 CRISPR-associated endonuclease Cas9 n=1 Tax=Campylobacter jejuni TaxID=197 RepID=A0A6F9H8E5_CAMJU,0.5361106011246871
UniRef100_A0A6C8BQW1 CRISPR-associated endonuclease Cas9 n=1 Tax=Campylobacter jejuni TaxID=197 RepID=A0A6C8BQW1_CAMJU,0.5361106011246871
UniRef100_A0A7U2NE06 CRISPR-associated endonuclease Cas9 n=1 Tax=Flavobacterium psychrophilum TaxID=96345 RepID=A0A7U2NE06_FLAPS,0.6208737816854898
UniRef100_C6SFU3 CRISPR-associated endonuclease Cas9 n=1 Tax=Neisseria meningitidis alpha153 TaxID=663926 RepID=C6SFU3_NEIME,0.512838703604104
UniRef100_A0A6C8A667 CRISPR-associated endonuclease Cas9 n=2 Tax=Campylobacter TaxID=194 RepID=A0A6C8A667_CAMJU,0.5437433342431395
UniRef100_A0A5T0FIE6 CRISPR-associated endonuclease Cas9 n=1 Tax=Campylobacter jejuni TaxID=197 RepID=A0A5T0FIE6_CAMJU,0.5361106011246871
UniRef100_A0A5E6NWL9 CRISPR-associated endonuclease Cas9 n=1 Tax=uncultured Gammaproteobacteria bacterium TaxID=86473 RepID=A0A5E6NWL9_9GAMM,0.4814607394805553
UniRef100_A0A5T1BKI0 CRISPR-associated endonuclease Cas9 n=1 Tax=Campylobacter coli TaxID=195 RepID=A0A5T1BKI0_CAMCO,0.5361106011246871
UniRef100_A0A3G6JZC2 CRISPR-associated endonuclease Cas9 n=1 Tax=Streptococcus thermophilus TaxID=1308 RepID=A0A3G6JZC2_STRTR,0.530635897266926
UniRef100_A0A5T2CCX5 CRISPR-associated endonuclease Cas9 n=1 Tax=Campylobacter coli TaxID=195 RepID=A0A5T2CCX5_CAMCO,0.5339454249016465
UniRef100_A0A7T9LHA3 Type II-B CRISPR-associated RNA-guided endonuclease Cas9/Csx12 n=1 Tax=Sutterella wadsworthensis TaxID=40545 RepID=A0A7T9LHA3_9BURK,0.48732260269493666
UniRef100_A0A431G3V8 CRISPR-associated endonuclease Cas9 n=1 Tax=Campylobacter jejuni TaxID=197 RepID=A0A431G3V8_CAMJU,0.5339454249016465
UniRef100_A0A7K0FDR1 CRISPR-associated endonuclease Cas9 n=1 Tax=Flavobacterium sp. LC2016-23 TaxID=2666330 RepID=A0A7K0FDR1_9FLAO,0.6070219471722731
UniRef100_A0A824NQZ1 Type II CRISPR RNA-guided endonuclease Cas9 n=2 Tax=Campylobacter jejuni TaxID=197 RepID=A0A824NQZ1_CAMJU,0.5311042568359275
UniRef100_A0A511IV15 CRISPR-associated endonuclease Cas9 n=1 Tax=Pediococcus parvulus TaxID=54062 RepID=A0A511IV15_9LACO,0.5647199207752505
UniRef100_W3XVE3 CRISPR-associated endonuclease Cas9 n=4 Tax=unclassified Streptococcus TaxID=2608887 RepID=W3XVE3_9STRE,0.5090058802186708
UniRef100_B0RZQ7 CRISPR-associated endonuclease Cas9 n=1 Tax=Finegoldia magna (strain ATCC 29328 / DSM 20472 / WAL 2508) TaxID=334413 RepID=B0RZQ7_FINM2,0.5044491549717843
UniRef100_A0A3A6V1K6 Type II-B CRISPR-associated RNA-guided endonuclease Cas9/Csx12 n=1 Tax=Legionella pneumophila subsp. pneumophila TaxID=91891 RepID=A0A3A6V1K6_LEGPN,0.4632649526418448
UniRef100_A0A3R6LRV1 CRISPR-associated endonuclease Cas9 n=2 Tax=Roseburia intestinalis TaxID=166486 RepID=A0A3R6LRV1_9FIRM,0.439960011491043
UniRef100_A0A383TH20 CRISPR-associated endonuclease Cas9 n=1 Tax=Trichococcus shcherbakoviae TaxID=2094020 RepID=A0A383TH20_9LACT,0.5940475306155117
UniRef100_F9MP31 CRISPR-associated endonuclease Cas9 n=1 Tax=Megasphaera sp. UPII 135-E TaxID=1000569 RepID=F9MP31_9FIRM,0.5254289194124866
UniRef100_A0A7G3BJ89 CRISPR-associated endonuclease Cas9 n=1 Tax=Xanthomarina sp. TaxID=1931211 RepID=A0A7G3BJ89_9FLAO,0.6051005405199581
UniRef100_A0A374Q430 CRISPR-associated endonuclease Cas9 n=4 Tax=Bacteria TaxID=2 RepID=A0A374Q430_9BACE,0.6664748842410944
UniRef100_A0A447I9V2 CRISPR-associated endonuclease Cas9 n=1 Tax=Devosia sp. M6-77 TaxID=2490941 RepID=A0A447I9V2_9HYPH,0.5813413568819135
UniRef100_A0A173V977 CRISPR-associated endonuclease Cas9 n=1 Tax=Roseburia intestinalis TaxID=166486 RepID=A0A173V977_9FIRM,0.4918927301723957
UniRef100_A0A379B864 CRISPR-associated endonuclease Cas9 n=2 Tax=Pasteurella multocida TaxID=747 RepID=A0A379B864_PASMD,0.55335516699736
UniRef100_A0A3R6AUX7 CRISPR-associated endonuclease Cas9 n=2 Tax=Roseburia intestinalis TaxID=166486 RepID=A0A3R6AUX7_9FIRM,0.439960011491043
UniRef100_A0A2J6H6X5 CRISPR-associated endonuclease Cas9 n=1 Tax=Mucilaginibacter sp. TaxID=1882438 RepID=A0A2J6H6X5_9SPHI,0.6798599905249038
UniRef100_A0A3T2AXJ3 CRISPR-associated endonuclease Cas9 n=3 Tax=Listeria monocytogenes TaxID=1639 RepID=A0A3T2AXJ3_LISMN,0.5572387564700922
UniRef100_A0A698TVI8 CRISPR-associated endonuclease Cas9 n=1 Tax=Campylobacter jejuni TaxID=197 RepID=A0A698TVI8_CAMJU,0.5361106011246871
UniRef100_A0A5T1UXU0 CRISPR-associated endonuclease Cas9 n=1 Tax=Campylobacter coli TaxID=195 RepID=A0A5T1UXU0_CAMCO,0.5339454249016465
UniRef100_A0A697E9A1 CRISPR-associated endonuclease Cas9 n=1 Tax=Campylobacter jejuni TaxID=197 RepID=A0A697E9A1_CAMJU,0.5339454249016465
UniRef100_A0A5Y8VXR8 CRISPR-associated endonuclease Cas9 n=1 Tax=Campylobacter jejuni TaxID=197 RepID=A0A5Y8VXR8_CAMJU,0.5339454249016465
UniRef100_A0A6A8U019 CRISPR-associated endonuclease Cas9 n=1 Tax=Streptococcus salivarius TaxID=1304 RepID=A0A6A8U019_STRSL,0.5020354401316648
UniRef100_A0A691PJ17 CRISPR-associated endonuclease Cas9 n=2 Tax=Campylobacter TaxID=194 RepID=A0A691PJ17_CAMCO,0.5339454249016465
UniRef100_A0A1Y4PQ68 CRISPR-associated endonuclease Cas9 n=2 Tax=Bacteroidales TaxID=171549 RepID=A0A1Y4PQ68_9BACT,0.6079036251968885
UniRef100_A0A6B1NFI9 CRISPR-associated endonuclease Cas9 n=1 Tax=Ligilactobacillus salivarius TaxID=1624 RepID=A0A6B1NFI9_9LACO,0.5469548340914687
UniRef100_A0A6C8D1Z9 CRISPR-associated endonuclease Cas9 n=1 Tax=Campylobacter jejuni TaxID=197 RepID=A0A6C8D1Z9_CAMJU,0.5361106011246871
UniRef100_A0A5T1C839 CRISPR-associated endonuclease Cas9 n=1 Tax=Campylobacter jejuni TaxID=197 RepID=A0A5T1C839_CAMJU,0.5339454249016465
UniRef100_A0A5T0F0S2 CRISPR-associated endonuclease Cas9 n=1 Tax=Campylobacter jejuni TaxID=197 RepID=A0A5T0F0S2_CAMJU,0.5319013115072007
UniRef100_A0A6W1T6T8 CRISPR-associated endonuclease Cas9 n=1 Tax=Campylobacter jejuni TaxID=197 RepID=A0A6W1T6T8_CAMJU,0.5361106011246871
UniRef100_A0A3X8TIB9 CRISPR-associated endonuclease Cas9 n=1 Tax=Campylobacter jejuni TaxID=197 RepID=A0A3X8TIB9_CAMJU,0.5361106011246871
UniRef100_A0A6H6F6N3 CRISPR-associated endonuclease Cas9 n=2 Tax=Campylobacter TaxID=194 RepID=A0A6H6F6N3_CAMJU,0.5324899187709946
UniRef100_A0A5Y6IUR4 CRISPR-associated endonuclease Cas9 n=1 Tax=Campylobacter jejuni TaxID=197 RepID=A0A5Y6IUR4_CAMJU,0.5361106011246871
UniRef100_A0A5T0ID75 CRISPR-associated endonuclease Cas9 n=1 Tax=Campylobacter jejuni TaxID=197 RepID=A0A5T0ID75_CAMJU,0.5361106011246871
UniRef100_A0A5T1J679 CRISPR-associated endonuclease Cas9 n=1 Tax=Campylobacter coli TaxID=195 RepID=A0A5T1J679_CAMCO,0.4969848014627631
UniRef100_A0A626TR30 CRISPR-associated endonuclease Cas9 n=2 Tax=Campylobacter jejuni TaxID=197 RepID=A0A626TR30_CAMJU,0.5339454249016465
UniRef100_A0A5T1CCT5 CRISPR-associated endonuclease Cas9 n=1 Tax=Campylobacter jejuni TaxID=197 RepID=A0A5T1CCT5_CAMJU,0.47102840533350615
UniRef100_A0A5T0Z6U0 CRISPR-associated endonuclease Cas9 n=1 Tax=Campylobacter jejuni TaxID=197 RepID=A0A5T0Z6U0_CAMJU,0.5339454249016465
UniRef100_A0A5T0T0M3 CRISPR-associated endonuclease Cas9 n=1 Tax=Campylobacter jejuni TaxID=197 RepID=A0A5T0T0M3_CAMJU,0.5361106011246871
UniRef100_A0A6N2ZJF4 CRISPR-associated endonuclease Cas9 n=1 Tax=Enterococcus faecium TaxID=1352 RepID=A0A6N2ZJF4_ENTFC,0.5629292026075349
UniRef100_A0A5T0MQX4 CRISPR-associated endonuclease Cas9 n=1 Tax=Campylobacter jejuni TaxID=197 RepID=A0A5T0MQX4_CAMJU,0.5359816826380885
UniRef100_A0A5T2D2V9 CRISPR-associated endonuclease Cas9 n=2 Tax=Campylobacter TaxID=194 RepID=A0A5T2D2V9_CAMJU,0.5361106011246871
UniRef100_A0A5Y8ZXH1 CRISPR-associated endonuclease Cas9 n=1 Tax=Campylobacter jejuni TaxID=197 RepID=A0A5Y8ZXH1_CAMJU,0.5339454249016465
UniRef100_A0A8B2WTK7 Type II CRISPR RNA-guided endonuclease Cas9 n=2 Tax=Neisseria meningitidis TaxID=487 RepID=A0A8B2WTK7_NEIME,0.512838703604104
UniRef100_A0A5E5PRW0 CRISPR-associated endonuclease Cas9 n=1 Tax=uncultured Gammaproteobacteria bacterium TaxID=86473 RepID=A0A5E5PRW0_9GAMM,0.5430040259169826
UniRef100_A0A5Y8XP43 CRISPR-associated endonuclease Cas9 n=1 Tax=Campylobacter jejuni TaxID=197 RepID=A0A5Y8XP43_CAMJU,0.5361106011246871
UniRef100_A0A5T0UFU5 CRISPR-associated endonuclease Cas9 n=1 Tax=Campylobacter jejuni TaxID=197 RepID=A0A5T0UFU5_CAMJU,0.5361106011246871
UniRef100_A0A5T0G101 CRISPR-associated endonuclease Cas9 n=1 Tax=Campylobacter jejuni TaxID=197 RepID=A0A5T0G101_CAMJU,0.5361106011246871
UniRef100_A0A691NU33 CRISPR-associated endonuclease Cas9 n=2 Tax=Campylobacter coli TaxID=195 RepID=A0A691NU33_CAMCO,0.47102840533350615
UniRef100_A0A401AF54 CRISPR-associated endonuclease Cas9 n=2 Tax=Campylobacter TaxID=194 RepID=A0A401AF54_CAMCO,0.5339454249016465
UniRef100_A0A7H0RG19 CRISPR-associated endonuclease Cas9 n=3 Tax=Streptococcus pyogenes TaxID=1314 RepID=A0A7H0RG19_STRPY,0.5535155721161771
UniRef100_A0A125S8K3 CRISPR-associated endonuclease Cas9 n=1 Tax=uncultured bacterium TaxID=77133 RepID=A0A125S8K3_9BACT,0.5162197538260375
UniRef100_A0A5Y9NZQ1 CRISPR-associated endonuclease Cas9 n=1 Tax=Campylobacter jejuni TaxID=197 RepID=A0A5Y9NZQ1_CAMJU,0.5339454249016465
UniRef100_A0A1S0Z5C3 CRISPR-associated endonuclease Cas9 n=1 Tax=Salmonella enterica subsp. enterica serovar Saintpaul TaxID=90105 RepID=A0A1S0Z5C3_SALET,0.5009167322823147
UniRef100_A0A7U0DMS6 CRISPR-associated endonuclease Cas9 n=2 Tax=Chryseobacterium TaxID=59732 RepID=A0A7U0DMS6_9FLAO,0.5722805642684939
UniRef100_G1UFN3 CRISPR-associated endonuclease Cas9 n=1 Tax=Campylobacter lari TaxID=201 RepID=G1UFN3_CAMLA,0.49926874311747765
UniRef100_A0A1C6AKB3 CRISPR-associated endonuclease Cas9 n=1 Tax=uncultured Clostridium sp. TaxID=59620 RepID=A0A1C6AKB3_9CLOT,0.5079001548437156
UniRef100_A0A7U2KVM8 CRISPR-associated endonuclease Cas9 n=1 Tax=Sulfitobacter pseudonitzschiae TaxID=1402135 RepID=A0A7U2KVM8_9RHOB,0.5096894404299885
UniRef100_A0A6F9H4J0 CRISPR-associated endonuclease Cas9 n=1 Tax=Campylobacter coli TaxID=195 RepID=A0A6F9H4J0_CAMCO,0.47102840533350615
"UniRef100_A0A828WX04 CRISPR-associated protein cas9/csn1, subtype II/nmemi n=2 Tax=Bacillus cereus TaxID=1396 RepID=A0A828WX04_BACCE",0.5672257002701663
UniRef100_A0A174QZZ8 CRISPR-associated endonuclease Cas9 n=2 Tax=Phocaeicola vulgatus TaxID=821 RepID=A0A174QZZ8_PHOVU,0.6107452304347284
UniRef100_A0A5L3ACR0 CRISPR-associated endonuclease Cas9 n=2 Tax=Listeria monocytogenes TaxID=1639 RepID=A0A5L3ACR0_LISMN,0.5704063737177199
UniRef100_A0A4T2GRI1 CRISPR-associated endonuclease Cas9 n=1 Tax=Streptococcus suis TaxID=1307 RepID=A0A4T2GRI1_STRSU,0.559397823449134
UniRef100_A0A3B9CNL6 CRISPR-associated endonuclease Cas9 n=1 Tax=Alistipes sp. TaxID=1872444 RepID=A0A3B9CNL6_9BACT,0.6114297561754931
UniRef100_A0A374IB81 CRISPR-associated endonuclease Cas9 n=1 Tax=Roseburia sp. TF10-5 TaxID=2293144 RepID=A0A374IB81_9FIRM,0.5419463401419163
UniRef100_A0A7U7CA79 CRISPR-associated endonuclease Cas9 n=1 Tax=Streptococcus thermophilus TaxID=1308 RepID=A0A7U7CA79_STRTR,0.5206102586227586
UniRef100_W3XZF8 CRISPR-associated endonuclease Cas9 n=1 Tax=Streptococcus sp. SR4 TaxID=1161417 RepID=W3XZF8_9STRE,0.4863580709628677
UniRef100_A0A432I6K0 CRISPR-associated endonuclease Cas9 n=1 Tax=Gammaproteobacteria bacterium TaxID=1913989 RepID=A0A432I6K0_9GAMM,0.4732831325810837
UniRef100_A0A417CXY5 CRISPR-associated endonuclease Cas9 n=1 Tax=Ruminococcus sp. AM42-10AC TaxID=2293215 RepID=A0A417CXY5_9FIRM,0.4965976621050061
UniRef100_A0A369TWD8 CRISPR-associated endonuclease Cas9 n=1 Tax=Paracoccus versutus TaxID=34007 RepID=A0A369TWD8_PARVE,0.600515840335704
UniRef100_A0A178TEJ9 CRISPR-associated endonuclease Cas9 n=1 Tax=Geobacillus stearothermophilus TaxID=1422 RepID=A0A178TEJ9_GEOSE,0.588378333557951
UniRef100_A0A6A7JUK4 CRISPR-associated endonuclease Cas9 n=1 Tax=Lactobacillus delbrueckii TaxID=1584 RepID=A0A6A7JUK4_9LACO,0.4712107782222922
UniRef100_A0A6L6LTB6 CRISPR-associated endonuclease Cas9 n=1 Tax=Ruthenibacterium lactatiformans TaxID=1550024 RepID=A0A6L6LTB6_9FIRM,0.5221168916181709
UniRef100_A0A178KKP5 CRISPR-associated endonuclease Cas9 n=1 Tax=Streptococcus sp. CCUG 49591 TaxID=1860161 RepID=A0A178KKP5_9STRE,0.5307872044490416
UniRef100_A0A811IFK4 CRISPR-associated endonuclease Cas9 1 n=2 Tax=Streptococcus thermophilus TaxID=1308 RepID=A0A811IFK4_STRTR,0.530635897266926
UniRef100_A0A0A6Y3B0 CRISPR-associated endonuclease Cas9 n=2 Tax=unclassified Capnocytophaga TaxID=2640652 RepID=A0A0A6Y3B0_9FLAO,0.5638201640189571
UniRef100_A0A7U7C497 CRISPR-associated endonuclease Cas9 n=1 Tax=Streptococcus thermophilus TaxID=1308 RepID=A0A7U7C497_STRTR,0.5586700442934778
UniRef100_A0A250FZD3 CRISPR-associated endonuclease Cas9 n=1 Tax=Capnocytophaga stomatis TaxID=1848904 RepID=A0A250FZD3_9FLAO,0.6451449321423596
UniRef100_A0A811IH55 CRISPR-associated endonuclease Cas9 n=1 Tax=Streptococcus thermophilus TaxID=1308 RepID=A0A811IH55_STRTR,0.5586700442934778
UniRef100_A0A7U7C619 CRISPR-associated endonuclease Cas9 n=1 Tax=Streptococcus thermophilus TaxID=1308 RepID=A0A7U7C619_STRTR,0.530635897266926
UniRef100_A0A2X3U7E7 CRISPR-associated endonuclease Cas9 n=1 Tax=Streptococcus thermophilus TaxID=1308 RepID=A0A2X3U7E7_STRTR,0.530635897266926
UniRef100_A0A239Y1P3 CRISPR-associated endonuclease Cas9 n=1 Tax=Veillonella rodentium TaxID=248315 RepID=A0A239Y1P3_9FIRM,0.47820773158845353
UniRef100_A0A7U7CJ22 CRISPR-associated endonuclease Cas9 n=1 Tax=Streptococcus thermophilus TaxID=1308 RepID=A0A7U7CJ22_STRTR,0.5586700442934778
UniRef100_C0WXA2 CRISPR-associated endonuclease Cas9 n=1 Tax=Lactobacillus fermentum ATCC 14931 TaxID=525325 RepID=C0WXA2_LIMFE,0.5114103030728517
UniRef100_A0A7J5EKS0 CRISPR-associated endonuclease Cas9 n=3 Tax=Bacteroidetes/Chlorobi group TaxID=68336 RepID=A0A7J5EKS0_9BACT,0.602461456486965
UniRef100_A0A7G8WYM5 Type II-B CRISPR-associated RNA-guided endonuclease Cas9/Csx12 n=1 Tax=Aliarcobacter cryaerophilus TaxID=28198 RepID=A0A7G8WYM5_9PROT,0.5032298040540546
UniRef100_A0A3D9BEH5 CRISPR-associated endonuclease Cas9 n=1 Tax=Chryseobacterium piscium TaxID=333702 RepID=A0A3D9BEH5_9FLAO,0.5663893493101536
UniRef100_A0A0F6MNW4 CRISPR-associated endonuclease Cas9 n=1 Tax=Treponema denticola OTK TaxID=999434 RepID=A0A0F6MNW4_TREDN,0.5152616636814332
UniRef100_A0A1H8NCE1 CRISPR-associated endonuclease Cas9 n=1 Tax=Rhodopseudomonas pseudopalustris TaxID=1513892 RepID=A0A1H8NCE1_9BRAD,0.4725530983186495
UniRef100_A0A150MP45 CRISPR-associated endonuclease Cas9 n=1 Tax=Geobacillus stearothermophilus TaxID=1422 RepID=A0A150MP45_GEOSE,0.588378333557951
UniRef100_A0A0W7TPK7 CRISPR-associated endonuclease Cas9 n=1 Tax=Ruthenibacterium lactatiformans TaxID=1550024 RepID=A0A0W7TPK7_9FIRM,0.527745726363482
UniRef100_A0A415PKT9 CRISPR-associated endonuclease Cas9 n=2 Tax=Amedibacillus dolichus TaxID=31971 RepID=A0A415PKT9_9FIRM,0.5057176135109985
UniRef100_A0A415XY12 CRISPR-associated endonuclease Cas9 n=4 Tax=Ruminococcus TaxID=1263 RepID=A0A415XY12_9FIRM,0.48648224845209975
UniRef100_A0A7U8DM83 CRISPR-associated endonuclease Cas9 n=1 Tax=Listeria monocytogenes TaxID=1639 RepID=A0A7U8DM83_LISMN,0.5688982231723525
UniRef100_E0NB23 CRISPR-associated endonuclease Cas9 n=1 Tax=Neisseria meningitidis ATCC 13091 TaxID=862513 RepID=E0NB23_NEIME,0.512838703604104
UniRef100_A0A1V2UL94 CRISPR-associated endonuclease Cas9 n=1 Tax=Enterococcus mundtii TaxID=53346 RepID=A0A1V2UL94_ENTMU,0.5560450998199845
UniRef100_A0A1M4Z653 CRISPR-associated endonuclease Cas9 n=1 Tax=Chryseobacterium sp. OV279 TaxID=1500285 RepID=A0A1M4Z653_9FLAO,0.571361089586204
UniRef100_A0A6G0CF54 CRISPR-associated endonuclease Cas9 n=1 Tax=Bacteroides ovatus TaxID=28116 RepID=A0A6G0CF54_BACOV,0.5888131312826753
UniRef100_E0PEL3 CRISPR-associated endonuclease Cas9 n=2 Tax=Streptococcus TaxID=1301 RepID=E0PEL3_STREI,0.5149927565841924
UniRef100_A0A413AZS6 CRISPR-associated endonuclease Cas9 n=1 Tax=Ruminococcus sp. AF13-37 TaxID=2292246 RepID=A0A413AZS6_9FIRM,0.5684822855712968
UniRef100_A0A0E2RF34 CRISPR-associated endonuclease Cas9 n=1 Tax=Streptococcus thermophilus TH1477 TaxID=1436725 RepID=A0A0E2RF34_STRTR,0.530635897266926
UniRef100_A0A3D2ELM2 CRISPR-associated endonuclease Cas9 n=1 Tax=Lachnospiraceae bacterium TaxID=1898203 RepID=A0A3D2ELM2_9FIRM,0.5269984457454437
UniRef100_A0A414E5X2 CRISPR-associated endonuclease Cas9 n=1 Tax=Ruminococcus bromii TaxID=40518 RepID=A0A414E5X2_9FIRM,0.4955530698711636
UniRef100_A0A417DBS0 CRISPR-associated endonuclease Cas9 n=1 Tax=Ruminococcus sp. AM40-10AC TaxID=2293212 RepID=A0A417DBS0_9FIRM,0.5247801911899811
UniRef100_A0A1Y5Z391 CRISPR-associated endonuclease Cas9 n=1 Tax=Bacillus mobilis TaxID=2026190 RepID=A0A1Y5Z391_9BACI,0.5293791411446411
UniRef100_A0A373J2B1 CRISPR-associated endonuclease Cas9 n=1 Tax=Bacteroides sp. AM16-15 TaxID=2292939 RepID=A0A373J2B1_9BACE,0.592451738310092
UniRef100_A0A413JZI4 CRISPR-associated endonuclease Cas9 n=1 Tax=Ruminococcus bromii TaxID=40518 RepID=A0A413JZI4_9FIRM,0.5048900868308813
UniRef100_E8KVY4 CRISPR-associated endonuclease Cas9 n=1 Tax=Streptococcus vestibularis ATCC 49124 TaxID=889206 RepID=E8KVY4_STRVE,0.5020354401316648
UniRef100_A0A267HTZ2 CRISPR-associated endonuclease Cas9 n=1 Tax=Enterococcus canintestini TaxID=317010 RepID=A0A267HTZ2_9ENTE,0.5080223455099037
UniRef100_A0A2Z3K5B6 CRISPR-associated endonuclease Cas9 n=2 Tax=Lactobacillus TaxID=1578 RepID=A0A2Z3K5B6_9LACO,0.5509733741026879
UniRef100_A0A179YJ40 CRISPR-associated endonuclease Cas9 n=1 Tax=Lacticaseibacillus rhamnosus TaxID=47715 RepID=A0A179YJ40_LACRH,0.5907054423644236
UniRef100_A0A6I3PP62 CRISPR-associated endonuclease Cas9 n=1 Tax=Ruminococcus bromii TaxID=40518 RepID=A0A6I3PP62_9FIRM,0.484985617917753
UniRef100_A0A412DTV4 CRISPR-associated endonuclease Cas9 n=1 Tax=Ruminococcus bromii TaxID=40518 RepID=A0A412DTV4_9FIRM,0.4844528250582122
UniRef100_A0A412UM29 CRISPR-associated endonuclease Cas9 n=1 Tax=Ruminococcus bromii TaxID=40518 RepID=A0A412UM29_9FIRM,0.5066549553808016
UniRef100_A0A3G6TIH8 CRISPR-associated endonuclease Cas9 n=1 Tax=Chryseobacterium bernardetii TaxID=1241978 RepID=A0A3G6TIH8_9FLAO,0.6526567932981857
UniRef100_A0A7G1JPQ8 CRISPR-associated endonuclease Cas9 n=1 Tax=Streptococcus suis TaxID=1307 RepID=A0A7G1JPQ8_STRSU,0.5144272595253514
UniRef100_A0A4T2GQ30 CRISPR-associated endonuclease Cas9 n=1 Tax=Streptococcus suis TaxID=1307 RepID=A0A4T2GQ30_STRSU,0.4916965264189178
UniRef100_A0A2N6PM21 CRISPR-associated endonuclease Cas9 n=1 Tax=Streptococcus sp. UMB0029 TaxID=2069308 RepID=A0A2N6PM21_9STRE,0.5250229961623712
UniRef100_A0A644X9Q7 CRISPR-associated endonuclease Cas9 n=1 Tax=bioreactor metagenome TaxID=1076179 RepID=A0A644X9Q7_9ZZZZ,0.5320882092942059
UniRef100_A0A644UI78 CRISPR-associated endonuclease Cas9 n=1 Tax=bioreactor metagenome TaxID=1076179 RepID=A0A644UI78_9ZZZZ,0.5852758580116225
UniRef100_A0A4U7H5M9 CRISPR-associated endonuclease Cas9 n=5 Tax=Streptococcus pyogenes TaxID=1314 RepID=A0A4U7H5M9_STRPY,0.5535155721161771
UniRef100_UPI0007E52A05 CRISPR-ASSOCIATED ENDONUCLEASE CAS9/CSN1 n=1 Tax=Streptococcus pyogenes TaxID=1314 RepID=UPI0007E52A05,0.45471545699747606
UniRef100_UPI00065B4609 CRISPR-associated endonuclease Cas9 n=1 Tax=Streptococcus pyogenes TaxID=1314 RepID=UPI00065B4609,0.517275037163047
UniRef100_UPI00077534CF CRISPR-associated endonuclease Cas9 n=1 Tax=Francisella tularensis subsp. novicida (strain U112) TaxID=401614 RepID=UPI00077534CF,0.4732218494207651
UniRef100_UPI000775351F CRISPR-associated endonuclease Cas9 n=1 Tax=Francisella tularensis subsp. novicida (strain U112) TaxID=401614 RepID=UPI000775351F,0.4732218494207651
UniRef100_UPI001292CD0F CRISPR-associated endonuclease Cas9 n=1 Tax=Neisseria meningitidis serogroup C (strain 8013) TaxID=604162 RepID=UPI001292CD0F,0.5049191428369555
"UniRef100_UPI0010933737 CRISPR-associated protein,CRISPR-associated endonuclease Cas9 n=1 Tax=Corynebacterium diphtheriae TaxID=1717 RepID=UPI0010933737",0.5031667386743851
UniRef100_UPI0007AC51B3 CRISPR-ASSOCIATED ENDONUCLEASE CAS9/CSN1 n=1 Tax=Streptococcus pyogenes TaxID=1314 RepID=UPI0007AC51B3,0.45471545699747606
UniRef100_UPI001292CCFE CRISPR-associated endonuclease Cas9 n=2 Tax=Neisseria meningitidis serogroup C (strain 8013) TaxID=604162 RepID=UPI001292CCFE,0.4791848186519813
UniRef100_UPI000158B0A1 type II-B CRISPR-associated RNA-guided endonuclease Cas9/Csx12 n=1 Tax=Francisella tularensis TaxID=263 RepID=UPI000158B0A1,0.5133065276344351
UniRef100_UPI0012318437 CRISPR-associated endonuclease Cas9/Csn1 n=1 Tax=Streptococcus pyogenes serotype M1 TaxID=301447 RepID=UPI0012318437,0.5535155721161771
UniRef100_A0A386IRG9 CRISPR-associated endonuclease Cas9 n=3 Tax=Bacilli TaxID=91061 RepID=A0A386IRG9_STAAU,0.5535155721161771
UniRef100_UPI00077DEF9D CRISPR-associated endonuclease Cas9 n=1 Tax=Streptococcus pyogenes serotype M1 TaxID=301447 RepID=UPI00077DEF9D,0.4559099197217709
UniRef100_UPI000EFA302E CRISPR-associated endonuclease Cas9/Csn1 n=1 Tax=Streptococcus pyogenes serotype M1 TaxID=301447 RepID=UPI000EFA302E,0.4559099197217709
UniRef100_UPI0003F479BB CRISPR-associated endonuclease Cas9/Csn1 n=2 Tax=Bacteria TaxID=2 RepID=UPI0003F479BB,0.4559099197217709
UniRef100_UPI00077DEFD3 CRISPR-associated endonuclease Cas9 n=1 Tax=Streptococcus pyogenes serotype M1 TaxID=301447 RepID=UPI00077DEFD3,0.4559099197217709
UniRef100_UPI00018554F2 type II-B CRISPR-associated RNA-guided endonuclease Cas9/Csx12 n=1 Tax=Francisella tularensis TaxID=263 RepID=UPI00018554F2,0.509094478044025
UniRef100_UPI000B4E838A CRISPR-associated endonuclease Cas9/Csn1 n=1 Tax=Streptococcus pyogenes serotype M1 TaxID=301447 RepID=UPI000B4E838A,0.461673832936507
UniRef100_UPI001292CD1F CRISPR-associated endonuclease Cas9 n=1 Tax=Neisseria meningitidis serogroup C (strain 8013) TaxID=604162 RepID=UPI001292CD1F,0.4791848186519813
UniRef100_UPI001292CCF6 CRISPR-associated endonuclease Cas9 n=1 Tax=Neisseria meningitidis TaxID=487 RepID=UPI001292CCF6,0.5049191428369555
UniRef100_UPI0009B4EBF5 CRISPR-associated endonuclease Cas9 n=1 Tax=Campylobacter jejuni subsp. jejuni serotype O:2 (strain ATCC 700819 / NCTC 11168) TaxID=192222 RepID=UPI0009B4EBF5,0.5003091463624963
UniRef100_UPI0004DB2150 CRISPR-ASSOCIATED ENDONUCLEASE CAS9/CSN1 n=1 Tax=Streptococcus pyogenes TaxID=1314 RepID=UPI0004DB2150,0.45471545699747606
UniRef100_UPI001658712D CRISPR-associated endonuclease Cas9 1 n=1 Tax=Streptococcus thermophilus (strain ATCC BAA-491 / LMD-9) TaxID=322159 RepID=UPI001658712D,0.4993001986294299
UniRef100_UPI0002058F24 type II-B CRISPR-associated RNA-guided endonuclease Cas9/Csx12 n=1 Tax=Francisella tularensis TaxID=263 RepID=UPI0002058F24,0.509094478044025
UniRef100_UPI0007E529DE CRISPR-ASSOCIATED ENDONUCLEASE CAS9/CSN1 n=1 Tax=Streptococcus pyogenes TaxID=1314 RepID=UPI0007E529DE,0.45471545699747606
UniRef100_A0A380JR19 CRISPR-associated endonuclease Cas9 n=1 Tax=Streptococcus equi subsp. equi TaxID=148942 RepID=A0A380JR19_9STRE,0.5665033525648486
UniRef100_A0A1G9K5U8 CRISPR-associated endonuclease Cas9 n=1 Tax=Streptococcus equinus TaxID=1335 RepID=A0A1G9K5U8_STREI,0.5633836449381805
UniRef100_A0A139QZ91 CRISPR-associated endonuclease Cas9 n=1 Tax=Streptococcus oralis TaxID=1303 RepID=A0A139QZ91_STROR,0.5088030990949352
UniRef100_J4XAP6 CRISPR-associated endonuclease Cas9 n=1 Tax=Capnocytophaga sp. CM59 TaxID=936370 RepID=J4XAP6_9FLAO,0.5009294861873385
UniRef100_A0A139NVJ1 CRISPR-associated endonuclease Cas9 n=1 Tax=Streptococcus oralis TaxID=1303 RepID=A0A139NVJ1_STROR,0.5248943403385671
UniRef100_A0A3G3E7S5 CRISPR-associated endonuclease Cas9 n=1 Tax=Limosilactobacillus fermentum TaxID=1613 RepID=A0A3G3E7S5_LIMFE,0.5114103030728517
UniRef100_A0A6I6I944 CRISPR-associated endonuclease Cas9 n=1 Tax=Streptococcus equinus TaxID=1335 RepID=A0A6I6I944_STREI,0.5562972294989619
UniRef100_A0A414P8F0 CRISPR-associated endonuclease Cas9 n=1 Tax=[Ruminococcus] lactaris TaxID=46228 RepID=A0A414P8F0_9FIRM,0.5910307169614811
UniRef100_A0A2K2TI60 CRISPR-associated endonuclease Cas9 n=1 Tax=Limosilactobacillus fermentum TaxID=1613 RepID=A0A2K2TI60_LIMFE,0.5114103030728517
UniRef100_A0A291DCL0 CRISPR-associated endonuclease Cas9 n=1 Tax=Streptococcus oralis TaxID=1303 RepID=A0A291DCL0_STROR,0.5215555571402655
UniRef100_A0A1E9G6C3 CRISPR-associated endonuclease Cas9 n=1 Tax=Streptococcus sp. HMSC076C08 TaxID=1739270 RepID=A0A1E9G6C3_9STRE,0.5064386479704436
UniRef100_A0A6I6CAM2 CRISPR-associated endonuclease Cas9 n=1 Tax=Spiroplasma tabanidicola TaxID=324079 RepID=A0A6I6CAM2_9MOLU,0.5138682703141747
UniRef100_A0A7D4L0X7 CRISPR-associated endonuclease Cas9 n=1 Tax=Prevotella melaninogenica TaxID=28132 RepID=A0A7D4L0X7_9BACT,0.6114456555737328
UniRef100_A0A5P8PWU7 CRISPR-associated endonuclease Cas9 n=1 Tax=Levilactobacillus zymae TaxID=267363 RepID=A0A5P8PWU7_9LACO,0.6128524768611351
UniRef100_A0A427YYW6 CRISPR-associated endonuclease Cas9 n=1 Tax=Streptococcus oralis TaxID=1303 RepID=A0A427YYW6_STROR,0.5215555571402655
UniRef100_A0A139PB46 CRISPR-associated endonuclease Cas9 n=1 Tax=Streptococcus oralis TaxID=1303 RepID=A0A139PB46_STROR,0.5248943403385671
UniRef100_A0A2N6QMJ5 CRISPR-associated endonuclease Cas9 n=1 Tax=Prevotella buccalis TaxID=28127 RepID=A0A2N6QMJ5_9BACT,0.4941154408887121
UniRef100_A0A139NSX3 CRISPR-associated endonuclease Cas9 n=1 Tax=Streptococcus oralis TaxID=1303 RepID=A0A139NSX3_STROR,0.5248943403385671
UniRef100_A0A418JLD8 CRISPR-associated endonuclease Cas9 n=1 Tax=Staphylococcus hyicus TaxID=1284 RepID=A0A418JLD8_STAHY,0.5514367895929501
UniRef100_A0A0R2E213 CRISPR-associated endonuclease Cas9 n=1 Tax=Limosilactobacillus fermentum TaxID=1613 RepID=A0A0R2E213_LIMFE,0.5187014201280585
UniRef100_A0A6N8TPM1 CRISPR-associated endonuclease Cas9 n=1 Tax=Apibacter sp. B2912 TaxID=2656763 RepID=A0A6N8TPM1_9FLAO,0.5418658099427117
UniRef100_A0A428BXF1 CRISPR-associated endonuclease Cas9 n=1 Tax=Streptococcus oralis TaxID=1303 RepID=A0A428BXF1_STROR,0.5154621230579837
UniRef100_A0A139MDP4 CRISPR-associated endonuclease Cas9 n=1 Tax=Streptococcus oralis TaxID=1303 RepID=A0A139MDP4_STROR,0.5090058802186708
UniRef100_A0A381CZA9 CRISPR-associated endonuclease Cas9 n=1 Tax=Campylobacter jejuni subsp. doylei TaxID=32021 RepID=A0A381CZA9_CAMJU,0.5339454249016465
UniRef100_A0A1H0V2M0 CRISPR-associated endonuclease Cas9 n=2 Tax=Acidovorax cattleyae TaxID=80868 RepID=A0A1H0V2M0_9BURK,0.49992956430906416
UniRef100_A0A2N8Z428 CRISPR-associated endonuclease Cas9 n=1 Tax=Limosilactobacillus fermentum TaxID=1613 RepID=A0A2N8Z428_LIMFE,0.547137891090227
UniRef100_A0A2H1YER4 CRISPR-associated endonuclease Cas9 n=1 Tax=Tenacibaculum piscium TaxID=1458515 RepID=A0A2H1YER4_9FLAO,0.5606012730961492
UniRef100_UPI00004449F5 type II-B CRISPR-associated RNA-guided endonuclease Cas9/Csx12 n=1 Tax=Legionella pneumophila TaxID=446 RepID=UPI00004449F5,0.4632649526418448
UniRef100_UPI00077DF005 CRISPR-associated endonuclease Cas9 n=1 Tax=Streptococcus pyogenes serotype M1 TaxID=301447 RepID=UPI00077DF005,0.4559099197217709
UniRef100_UPI000158B3C0 type II-B CRISPR-associated RNA-guided endonuclease Cas9/Csx12 n=1 Tax=Francisella tularensis TaxID=263 RepID=UPI000158B3C0,0.509094478044025
UniRef100_UPI00048121A0 type II-B CRISPR-associated RNA-guided endonuclease Cas9/Csx12 n=1 Tax=Legionella pneumophila TaxID=446 RepID=UPI00048121A0,0.46175680209647746
UniRef100_UPI0004855F4D type II-B CRISPR-associated RNA-guided endonuclease Cas9/Csx12 n=1 Tax=Legionella pneumophila TaxID=446 RepID=UPI0004855F4D,0.4632649526418448
UniRef100_UPI00048F7868 type II-B CRISPR-associated RNA-guided endonuclease Cas9/Csx12 n=1 Tax=Legionella pneumophila TaxID=446 RepID=UPI00048F7868,0.46175680209647746
UniRef100_UPI0005CA9B93 type II-B CRISPR-associated RNA-guided endonuclease Cas9/Csx12 n=1 Tax=Legionella pneumophila TaxID=446 RepID=UPI0005CA9B93,0.4632649526418448
UniRef100_A0A2T4HI56 CRISPR-associated endonuclease Cas9 n=1 Tax=Flavobacterium columnare TaxID=996 RepID=A0A2T4HI56_9FLAO,0.5936503353021831
UniRef100_A0A4Q1AHA1 CRISPR-associated endonuclease Cas9 n=1 Tax=Halarcobacter ebronensis TaxID=1462615 RepID=A0A4Q1AHA1_9PROT,0.5366087944890237
UniRef100_Q1JH43 CRISPR-associated endonuclease Cas9 n=1 Tax=Streptococcus pyogenes serotype M2 (strain MGAS10270) TaxID=370552 RepID=Q1JH43_STRPD,0.5535155721161771
UniRef100_A0A3R6H7I5 CRISPR-associated endonuclease Cas9 n=1 Tax=Roseburia sp. AM23-20 TaxID=2292066 RepID=A0A3R6H7I5_9FIRM,0.5049733247770919
UniRef100_A0A0D6MWC5 CRISPR-associated endonuclease Cas9 n=1 Tax=Acetobacter aceti NBRC 14818 TaxID=887700 RepID=A0A0D6MWC5_ACEAC,0.518354954169158
UniRef100_A0A3P0Y011 CRISPR-associated endonuclease Cas9 n=1 Tax=Streptococcus agalactiae TaxID=1311 RepID=A0A3P0Y011_STRAG,0.5636131226076212
UniRef100_A0A7X4F5I2 CRISPR-associated endonuclease Cas9 n=1 Tax=Synechococcus sp. SB0670_bin_20 TaxID=2604863 RepID=A0A7X4F5I2_9SYNE,0.6031134915692501
UniRef100_A0A679FPI8 CRISPR-associated endonuclease Cas9 n=1 Tax=Geobacillus subterraneus TaxID=129338 RepID=A0A679FPI8_9BACI,0.5791107754598055
UniRef100_A0A0B2XHU2 CRISPR-associated endonuclease Cas9 n=1 Tax=Latilactobacillus curvatus TaxID=28038 RepID=A0A0B2XHU2_LATCU,0.5917920378130787
UniRef100_A0A422LAT0 CRISPR-associated endonuclease Cas9 n=1 Tax=Lactobacillus paracasei TaxID=1597 RepID=A0A422LAT0_LACPA,0.5877410822769973
UniRef100_A0A4Y4JYH6 CRISPR-associated endonuclease Cas9 n=1 Tax=Latilactobacillus curvatus TaxID=28038 RepID=A0A4Y4JYH6_LATCU,0.5913879734360521
UniRef100_A0A1H4B7Y3 CRISPR-associated endonuclease Cas9 n=1 Tax=Porphyromonadaceae bacterium KH3R12 TaxID=1855397 RepID=A0A1H4B7Y3_9PORP,0.542294849834562
UniRef100_E9FPR9 CRISPR-associated endonuclease Cas9 n=1 Tax=Streptococcus sp. M334 TaxID=563038 RepID=E9FPR9_9STRE,0.5307872044490416
UniRef100_A0A4V6LN43 CRISPR-associated endonuclease Cas9 n=1 Tax=Streptococcus dysgalactiae TaxID=1334 RepID=A0A4V6LN43_STRDY,0.5562682635030903
UniRef100_A0A017N289 CRISPR-associated endonuclease Cas9 n=1 Tax=Bacteroides fragilis str. S23L17 TaxID=1339329 RepID=A0A017N289_BACFG,0.6604825728873119
UniRef100_I0QHG7 CRISPR-associated endonuclease Cas9 n=1 Tax=Streptococcus salivarius PS4 TaxID=1157946 RepID=I0QHG7_STRSL,0.5028974828378087
UniRef100_A0A3M0PDZ7 CRISPR-associated endonuclease Cas9 n=1 Tax=Lactobacillus sp. ESL0260 TaxID=2069347 RepID=A0A3M0PDZ7_9LACO,0.55613867568601
UniRef100_A0A373RTM6 CRISPR-associated endonuclease Cas9 n=1 Tax=Blautia sp. AF26-2 TaxID=2292966 RepID=A0A373RTM6_9FIRM,0.5654074204597263
UniRef100_A0A7V1WWM4 CRISPR-associated endonuclease Cas9 n=1 Tax=Bacteroidetes bacterium TaxID=1898104 RepID=A0A7V1WWM4_9BACT,0.6798599905249038
UniRef100_A0A5S4TWQ6 CRISPR-associated endonuclease Cas9 n=1 Tax=Streptococcus dysgalactiae TaxID=1334 RepID=A0A5S4TWQ6_STRDY,0.5535155721161771
UniRef100_A0A2Z6FEZ5 CRISPR-associated endonuclease Cas9 n=1 Tax=Latilactobacillus curvatus TaxID=28038 RepID=A0A2Z6FEZ5_LATCU,0.5917920378130787
UniRef100_A0A7D6HU96 CRISPR-associated endonuclease Cas9 n=1 Tax=Campylobacter jejuni subsp. jejuni TaxID=32022 RepID=A0A7D6HU96_CAMJU,0.5359816826380885
UniRef100_A0A1B2A6P4 CRISPR-associated endonuclease Cas9 n=1 Tax=Latilactobacillus curvatus TaxID=28038 RepID=A0A1B2A6P4_LATCU,0.5917920378130787
UniRef100_C5WH61 CRISPR-associated endonuclease Cas9 n=1 Tax=Streptococcus dysgalactiae subsp. equisimilis (strain GGS_124) TaxID=486410 RepID=C5WH61_STRDG,0.5535155721161771
UniRef100_A0A7X0EHM8 CRISPR-associated endonuclease Cas9 n=1 Tax=Geobacillus subterraneus TaxID=129338 RepID=A0A7X0EHM8_9BACI,0.588378333557951
UniRef100_A0A385ADN3 CRISPR-associated endonuclease Cas9 n=1 Tax=Latilactobacillus curvatus TaxID=28038 RepID=A0A385ADN3_LATCU,0.5917920378130787
UniRef100_A0A4Q5HAA5 CRISPR-associated endonuclease Cas9 n=1 Tax=Bacteroides intestinalis TaxID=329854 RepID=A0A4Q5HAA5_9BACE,0.6643330140129053
UniRef100_A0A0B7IQ14 CRISPR-associated endonuclease Cas9 n=1 Tax=Capnocytophaga canis TaxID=1848903 RepID=A0A0B7IQ14_9FLAO,0.6458172503654861
UniRef100_A0A5S4TE76 CRISPR-associated endonuclease Cas9 n=1 Tax=Streptococcus dysgalactiae TaxID=1334 RepID=A0A5S4TE76_STRDY,0.5419509319498299
UniRef100_A0A0B7IB79 CRISPR-associated endonuclease Cas9 n=1 Tax=Capnocytophaga canis TaxID=1848903 RepID=A0A0B7IB79_9FLAO,0.6529111738404438
UniRef100_A0A2D4ZRZ3 CRISPR-associated endonuclease Cas9 n=2 Tax=Bacteroidetes/Chlorobi group TaxID=68336 RepID=A0A2D4ZRZ3_9BACT,0.5243878580041728
UniRef100_A0A7X4BXD8 Type II-B CRISPR-associated RNA-guided endonuclease Cas9/Csx12 n=2 Tax=unclassified Nitrospira TaxID=2652172 RepID=A0A7X4BXD8_9BACT,0.5134149748485458
UniRef100_A0A642MDU6 CRISPR-associated endonuclease Cas9 n=1 Tax=Bacteroides faecis TaxID=674529 RepID=A0A642MDU6_9BACE,0.6592702477467876
UniRef100_A0A379B6M0 CRISPR-associated endonuclease Cas9 n=1 Tax=[Pasteurella] mairii TaxID=757 RepID=A0A379B6M0_9PAST,0.5486923968261518
UniRef100_A0A3R6EU27 CRISPR-associated endonuclease Cas9 n=2 Tax=Roseburia inulinivorans TaxID=360807 RepID=A0A3R6EU27_9FIRM,0.44265526049833026
UniRef100_A0A412FF55 CRISPR-associated endonuclease Cas9 n=2 Tax=Roseburia inulinivorans TaxID=360807 RepID=A0A412FF55_9FIRM,0.44265526049833026
UniRef100_A0A3R7CPN3 CRISPR-associated endonuclease Cas9 n=1 Tax=Bombilactobacillus bombi TaxID=1303590 RepID=A0A3R7CPN3_9LACO,0.4974493526402376
UniRef100_A0A642MLQ5 CRISPR-associated endonuclease Cas9 n=1 Tax=Bacteroides faecis TaxID=674529 RepID=A0A642MLQ5_9BACE,0.6592702477467876
UniRef100_I0Q2W2 CRISPR-associated endonuclease Cas9 n=1 Tax=Streptococcus oralis SK610 TaxID=1095741 RepID=I0Q2W2_STROR,0.5160833073091671
UniRef100_A0A4Q0D683 CRISPR-associated endonuclease Cas9 n=1 Tax=Limosilactobacillus mucosae TaxID=97478 RepID=A0A4Q0D683_LIMMU,0.4357081843997369
UniRef100_A0A380IN75 CRISPR-associated endonuclease Cas9 n=1 Tax=Streptococcus agalactiae TaxID=1311 RepID=A0A380IN75_STRAG,0.5669531075998665
UniRef100_I1A5G3 CRISPR-associated endonuclease Cas9 n=1 Tax=Mycoplasma canis UFG4 TaxID=1131455 RepID=I1A5G3_9MOLU,0.511786060944005
UniRef100_A0A7V3TW42 CRISPR-associated endonuclease Cas9 n=1 Tax=Planctomycetes bacterium TaxID=2026780 RepID=A0A7V3TW42_9BACT,0.46970422033953446
UniRef100_A0A412B536 CRISPR-associated endonuclease Cas9 n=2 Tax=Roseburia inulinivorans TaxID=360807 RepID=A0A412B536_9FIRM,0.44265526049833026
UniRef100_A0A7H8V0N3 CRISPR-associated endonuclease Cas9 n=1 Tax=Streptococcus sanguinis TaxID=1305 RepID=A0A7H8V0N3_STRSA,0.5251750917245444
UniRef100_A0A3A6JQD7 CRISPR-associated endonuclease Cas9 n=1 Tax=Subdoligranulum sp. OF01-18 TaxID=2302962 RepID=A0A3A6JQD7_9FIRM,0.527745726363482
UniRef100_A0A1X1HQZ5 CRISPR-associated endonuclease Cas9 n=1 Tax=Streptococcus oralis subsp. oralis TaxID=1891914 RepID=A0A1X1HQZ5_STROR,0.5161441708622595
UniRef100_A0A1F0AZ94 CRISPR-associated endonuclease Cas9 n=1 Tax=Streptococcus sp. HMSC077D04 TaxID=1715180 RepID=A0A1F0AZ94_9STRE,0.5258535896414999
UniRef100_A0A5L4WX38 CRISPR-associated endonuclease Cas9 n=1 Tax=Campylobacter fetus TaxID=196 RepID=A0A5L4WX38_CAMFE,0.5339454249016465
UniRef100_A0A6I4XW76 CRISPR-associated endonuclease Cas9 n=1 Tax=Enterococcus faecalis TaxID=1351 RepID=A0A6I4XW76_ENTFL,0.5544105117134136
UniRef100_A0A3G6TK07 CRISPR-associated endonuclease Cas9 n=1 Tax=Chryseobacterium balustinum TaxID=246 RepID=A0A3G6TK07_9FLAO,0.5670235346154351
UniRef100_A0A0R1ZP43 CRISPR-associated endonuclease Cas9 n=1 Tax=Lactobacillus animalis KCTC 3501 = DSM 20602 TaxID=930942 RepID=A0A0R1ZP43_9LACO,0.4565771956003804
UniRef100_A0A3S6QW27 CRISPR-associated endonuclease Cas9 n=1 Tax=Liquorilactobacillus hordei TaxID=468911 RepID=A0A3S6QW27_9LACO,0.49925330624872544
UniRef100_A0A427ZWI0 CRISPR-associated endonuclease Cas9 n=1 Tax=Streptococcus sanguinis TaxID=1305 RepID=A0A427ZWI0_STRSA,0.5624184894531178
UniRef100_A0A1E9EMZ9 CRISPR-associated endonuclease Cas9 n=1 Tax=Fusobacterium sp. HMSC064B12 TaxID=1739279 RepID=A0A1E9EMZ9_9FUSO,0.5260856755258757
UniRef100_A0A495WJ55 CRISPR-associated endonuclease Cas9 n=1 Tax=Coprobacter fastidiosus NSB1 TaxID=1349822 RepID=A0A495WJ55_9BACT,0.6646314961307799
UniRef100_A0A5C8GB06 CRISPR-associated endonuclease Cas9 n=1 Tax=Prevotella brunnea TaxID=2508867 RepID=A0A5C8GB06_9BACT,0.4941154408887121
UniRef100_A0A242IDM5 CRISPR-associated endonuclease Cas9 n=1 Tax=Enterococcus sp. 10F3_DIV0382 TaxID=1834165 RepID=A0A242IDM5_9ENTE,0.5629292026075349
UniRef100_A0A378VHH1 CRISPR-associated endonuclease Cas9 n=1 Tax=Neisseria lactamica TaxID=486 RepID=A0A378VHH1_NEILA,0.5090503411705147
UniRef100_A0A2X4AIA2 CRISPR-associated endonuclease Cas9 n=1 Tax=Streptococcus sanguinis TaxID=1305 RepID=A0A2X4AIA2_STRSA,0.5661935141444483
UniRef100_A0A7X8I822 CRISPR-associated endonuclease Cas9 n=1 Tax=Spirochaetales bacterium TaxID=2026792 RepID=A0A7X8I822_9SPIR,0.4565213863833795
UniRef100_A0A5D0JYU4 CRISPR-associated endonuclease Cas9 n=1 Tax=Lactobacillus sp. SL9-6 TaxID=2604480 RepID=A0A5D0JYU4_9LACO,0.504525679274748
UniRef100_J9E534 CRISPR-associated endonuclease Cas9 n=1 Tax=Alicyclobacillus hesperidum URH17-3-68 TaxID=1200346 RepID=J9E534_9BACL,0.6198957724391594
UniRef100_A0A7V7HNN8 CRISPR-associated endonuclease Cas9 n=1 Tax=Bacillus sp. BB51/4 TaxID=2217819 RepID=A0A7V7HNN8_9BACI,0.5672257002701663
UniRef100_A0A0R1TGJ3 CRISPR-associated endonuclease Cas9 n=1 Tax=Lactobacillus paracollinoides DSM 15502 = JCM 11969 TaxID=1423785 RepID=A0A0R1TGJ3_9LACO,0.5805932086737101
UniRef100_V8BZU1 CRISPR-associated endonuclease Cas9 n=1 Tax=Prevotella oralis CC98A TaxID=1073367 RepID=V8BZU1_9BACT,0.6435090194479384
UniRef100_A0A233WAV8 CRISPR-associated endonuclease Cas9 n=1 Tax=Finegoldia magna TaxID=1260 RepID=A0A233WAV8_FINMA,0.5044491549717843
UniRef100_A0A2A8BNK9 CRISPR-associated endonuclease Cas9 n=1 Tax=Bacillus wiedmannii TaxID=1890302 RepID=A0A2A8BNK9_9BACI,0.5672257002701663
UniRef100_E5C8Y3 CRISPR-associated endonuclease Cas9 n=1 Tax=Bacteroides sp. D2 TaxID=556259 RepID=E5C8Y3_9BACE,0.6610640001275062
UniRef100_A0A4Y3JYX6 CRISPR-associated endonuclease Cas9 n=1 Tax=Lactobacillus delbrueckii subsp. delbrueckii TaxID=83684 RepID=A0A4Y3JYX6_9LACO,0.4685815185278151
UniRef100_K6RXS8 CRISPR-associated endonuclease Cas9 n=1 Tax=Lactobacillus paracasei TaxID=1597 RepID=K6RXS8_LACPA,0.5821786556610759
UniRef100_A0A1S8KM94 CRISPR-associated endonuclease Cas9 n=1 Tax=Dolosigranulum pigrum TaxID=29394 RepID=A0A1S8KM94_9LACT,0.5715446020931665
UniRef100_A0A6I0LHY2 CRISPR-associated endonuclease Cas9 n=1 Tax=Bacteroides uniformis TaxID=820 RepID=A0A6I0LHY2_BACUN,0.6215404578457052
UniRef100_A0A1M6VU50 CRISPR-associated endonuclease Cas9 n=1 Tax=Chryseobacterium polytrichastri TaxID=1302687 RepID=A0A1M6VU50_9FLAO,0.5649421063342501
UniRef100_A0A7Z0G2B1 CRISPR-associated endonuclease Cas9 n=1 Tax=Chryseobacterium sp. H1D6C TaxID=2735912 RepID=A0A7Z0G2B1_9FLAO,0.5440943309628762
UniRef100_A0A5C7W1L1 CRISPR-associated endonuclease Cas9 n=1 Tax=Nitrosomonas oligotropha TaxID=42354 RepID=A0A5C7W1L1_9PROT,0.5671011512133348
UniRef100_A0A414WCI7 CRISPR-associated endonuclease Cas9 n=1 Tax=Bacteroides uniformis TaxID=820 RepID=A0A414WCI7_BACUN,0.6199149659108714
UniRef100_C2G539 CRISPR-associated endonuclease Cas9 n=1 Tax=Sphingobacterium spiritivorum ATCC 33300 TaxID=525372 RepID=C2G539_9SPHI,0.5515977386433191
UniRef100_D1VXP4 CRISPR-associated endonuclease Cas9 n=1 Tax=Prevotella timonensis CRIS 5C-B1 TaxID=679189 RepID=D1VXP4_9BACT,0.4941154408887121
UniRef100_A0A3A6MAE4 CRISPR-associated endonuclease Cas9 n=1 Tax=Bacteroides sp. OF03-11BH TaxID=2292957 RepID=A0A3A6MAE4_9BACE,0.5953391702124172
UniRef100_A0A3N7AG78 CRISPR-associated endonuclease Cas9 n=2 Tax=Chryseobacterium sp. KBW03 TaxID=2153362 RepID=A0A3N7AG78_9FLAO,0.5324388625003109
UniRef100_A0A4R5NUJ7 CRISPR-associated endonuclease Cas9 n=1 Tax=Lactobacillus buchneri DSM 20057 TaxID=1423728 RepID=A0A4R5NUJ7_LENBU,0.5263300767611139
UniRef100_A0A7D4KNE5 CRISPR-associated endonuclease Cas9 n=1 Tax=Finegoldia magna TaxID=1260 RepID=A0A7D4KNE5_FINMA,0.5136545315188834
UniRef100_A0A2U9S6V7 CRISPR-associated endonuclease Cas9 n=1 Tax=Azospirillum ramasamyi TaxID=682998 RepID=A0A2U9S6V7_9PROT,0.4965001859749761
UniRef100_A0A233VHR9 CRISPR-associated endonuclease Cas9 n=1 Tax=Finegoldia magna TaxID=1260 RepID=A0A233VHR9_FINMA,0.5125875806404597
UniRef100_A0A0D4CLL6 CRISPR-associated endonuclease Cas9 n=1 Tax=Lactobacillus mucosae LM1 TaxID=1130798 RepID=A0A0D4CLL6_LIMMU,0.4881489370231962
UniRef100_A0A414IGC8 CRISPR-associated endonuclease Cas9 n=1 Tax=Bacteroides uniformis TaxID=820 RepID=A0A414IGC8_BACUN,0.6664748842410944
UniRef100_A0A7J5HN35 CRISPR-associated endonuclease Cas9 n=1 Tax=Bacteroides uniformis TaxID=820 RepID=A0A7J5HN35_BACUN,0.6218717845453425
UniRef100_A0A4Q1U5Z2 CRISPR-associated endonuclease Cas9 n=1 Tax=Lacticaseibacillus chiayiensis TaxID=2100821 RepID=A0A4Q1U5Z2_9LACO,0.5787724727363041
UniRef100_A0A516GI60 CRISPR-associated endonuclease Cas9 n=1 Tax=Dolosigranulum pigrum TaxID=29394 RepID=A0A516GI60_9LACT,0.5715446020931665
UniRef100_A0A1Q6ES56 CRISPR-associated endonuclease Cas9 n=1 Tax=Bifidobacterium sp. 56_9_plus TaxID=1897062 RepID=A0A1Q6ES56_9BIFI,0.5118219069561455
UniRef100_A0A2T0GEI7 CRISPR-associated endonuclease Cas9 n=1 Tax=Streptococcus anginosus TaxID=1328 RepID=A0A2T0GEI7_STRAP,0.5185892997236357
UniRef100_A0A1G6VAS2 CRISPR-associated endonuclease Cas9 n=1 Tax=Bacillus wiedmannii TaxID=1890302 RepID=A0A1G6VAS2_9BACI,0.5647806470498696
UniRef100_A0A1G3HQ03 CRISPR-associated endonuclease Cas9 n=1 Tax=Rhodocyclales bacterium RIFCSPLOWO2_02_FULL_63_24 TaxID=1802018 RepID=A0A1G3HQ03_9RHOO,0.5345557191970692
UniRef100_A0A6N8IHC9 CRISPR-associated endonuclease Cas9 n=1 Tax=Gordonibacter urolithinfaciens TaxID=1335613 RepID=A0A6N8IHC9_9ACTN,0.506550269525017
UniRef100_A0A1F1GZW9 CRISPR-associated endonuclease Cas9 n=1 Tax=Neisseria sp. HMSC069H12 TaxID=1739376 RepID=A0A1F1GZW9_9NEIS,0.5095413106066984
UniRef100_A0A412QA30 CRISPR-associated endonuclease Cas9 n=1 Tax=Phocaeicola vulgatus TaxID=821 RepID=A0A412QA30_PHOVU,0.6106776119628108
UniRef100_A0A2X3T3B3 CRISPR-associated endonuclease Cas9 n=1 Tax=Streptococcus equi subsp. zooepidemicus TaxID=40041 RepID=A0A2X3T3B3_STRSZ,0.5676322256400647
UniRef100_A0A414M6F0 CRISPR-associated endonuclease Cas9 n=1 Tax=Bacteroides eggerthii TaxID=28111 RepID=A0A414M6F0_9BACE,0.5964373094850407
UniRef100_A0A1D2LU44 CRISPR-associated endonuclease Cas9 n=1 Tax=Brochothrix thermosphacta TaxID=2756 RepID=A0A1D2LU44_BROTH,0.49614607229551766
UniRef100_A0A3E4W8P5 CRISPR-associated endonuclease Cas9 n=1 Tax=Phocaeicola vulgatus TaxID=821 RepID=A0A3E4W8P5_PHOVU,0.6107452304347284
UniRef100_A0A1D2U437 CRISPR-associated endonuclease Cas9 n=2 Tax=Burkholderiales TaxID=80840 RepID=A0A1D2U437_9BURK,0.5002016757952488
UniRef100_A0A7X9XH94 CRISPR-associated endonuclease Cas9 n=1 Tax=Bacteroides eggerthii TaxID=28111 RepID=A0A7X9XH94_9BACE,0.5964373094850407
UniRef100_A0A7J5RFY7 CRISPR-associated endonuclease Cas9 n=1 Tax=Phocaeicola vulgatus TaxID=821 RepID=A0A7J5RFY7_PHOVU,0.6107452304347284
UniRef100_D0W2Z9 CRISPR-associated endonuclease Cas9 n=1 Tax=Neisseria cinerea ATCC 14685 TaxID=546262 RepID=D0W2Z9_NEICI,0.5076445181594477
UniRef100_A0A1R4DXK6 CRISPR-associated endonuclease Cas9 n=1 Tax=Porphyromonas gingivalis TaxID=837 RepID=A0A1R4DXK6_PORGN,0.6215440473087671
UniRef100_A0A3L7Z734 CRISPR-associated endonuclease Cas9 n=1 Tax=Parabacteroides sp. CH2-D42-20 TaxID=2320086 RepID=A0A3L7Z734_9BACT,0.572292874297019
UniRef100_U2YFI6 CRISPR-associated endonuclease Cas9 n=1 Tax=Streptococcus anginosus T5 TaxID=1163302 RepID=U2YFI6_STRAP,0.5621102820814246
UniRef100_A0A0R2DGS6 CRISPR-associated endonuclease Cas9 n=1 Tax=Lactobacillus rennini DSM 20253 TaxID=1423796 RepID=A0A0R2DGS6_9LACO,0.5872579046619856
UniRef100_R5K6G6 CRISPR-associated endonuclease Cas9 n=2 Tax=Bacteroides TaxID=816 RepID=R5K6G6_9BACE,0.5964373094850407
UniRef100_A0A413VY27 CRISPR-associated endonuclease Cas9 n=1 Tax=Bacteroides nordii TaxID=291645 RepID=A0A413VY27_9BACE,0.6368501446779332
UniRef100_A0A374DTD8 CRISPR-associated endonuclease Cas9 n=1 Tax=Ruminococcus sp. AM34-10LB TaxID=2293206 RepID=A0A374DTD8_9FIRM,0.48831260981481406
UniRef100_A0A1X0WR94 CRISPR-associated endonuclease Cas9 n=1 Tax=Streptococcus oralis subsp. tigurinus TaxID=1077464 RepID=A0A1X0WR94_STROR,0.5029055220158445
UniRef100_A0A4Q5GQL4 CRISPR-associated endonuclease Cas9 n=1 Tax=Bacteroides eggerthii TaxID=28111 RepID=A0A4Q5GQL4_9BACE,0.5964373094850407
UniRef100_A0A1X1FQA2 CRISPR-associated endonuclease Cas9 n=1 Tax=Streptococcus oralis subsp. tigurinus TaxID=1077464 RepID=A0A1X1FQA2_STROR,0.5009167322823147
UniRef100_A0A250FPT9 CRISPR-associated endonuclease Cas9 n=1 Tax=Capnocytophaga gingivalis TaxID=1017 RepID=A0A250FPT9_9FLAO,0.48501082062597867
UniRef100_A0A415NVW3 CRISPR-associated endonuclease Cas9 n=1 Tax=Phocaeicola vulgatus TaxID=821 RepID=A0A415NVW3_PHOVU,0.6106776119628108
UniRef100_A0A242XNH2 CRISPR-associated endonuclease Cas9 n=1 Tax=Bacillus thuringiensis serovar guiyangiensis TaxID=180871 RepID=A0A242XNH2_BACTU,0.5244180005646623
UniRef100_A0A5P0XCM9 CRISPR-associated endonuclease Cas9 n=1 Tax=Prevotella copri TaxID=165179 RepID=A0A5P0XCM9_9BACT,0.5831317922696959
UniRef100_A0A7X2W5R0 CRISPR-associated endonuclease Cas9 n=1 Tax=Streptococcus salivarius TaxID=1304 RepID=A0A7X2W5R0_STRSL,0.4863580709628677
UniRef100_A0A415BMV3 CRISPR-associated endonuclease Cas9 n=1 Tax=Phocaeicola vulgatus TaxID=821 RepID=A0A415BMV3_PHOVU,0.6106776119628108
UniRef100_A0A1X1GCS7 CRISPR-associated endonuclease Cas9 n=1 Tax=Streptococcus oralis subsp. tigurinus TaxID=1077464 RepID=A0A1X1GCS7_STROR,0.5238941230871551
UniRef100_A0A3D3QUT0 CRISPR-associated endonuclease Cas9 n=1 Tax=Flavobacteriaceae bacterium TaxID=1871037 RepID=A0A3D3QUT0_9FLAO,0.6072249487555907
UniRef100_A0A1X1FK70 CRISPR-associated endonuclease Cas9 n=1 Tax=Streptococcus oralis subsp. tigurinus TaxID=1077464 RepID=A0A1X1FK70_STROR,0.5009167322823147
UniRef100_F8LWC5 CRISPR-associated endonuclease Cas9 n=1 Tax=Streptococcus thermophilus JIM 8232 TaxID=1051074 RepID=F8LWC5_STRTR,0.530635897266926
UniRef100_A0A173R3H4 CRISPR-associated endonuclease Cas9 n=1 Tax=Eubacterium ramulus TaxID=39490 RepID=A0A173R3H4_EUBRA,0.4944175293832064
UniRef100_A0A497Z589 CRISPR-associated endonuclease Cas9 n=1 Tax=Tenacibaculum discolor TaxID=361581 RepID=A0A497Z589_9FLAO,0.5396252470116117
UniRef100_Q1JLZ6 CRISPR-associated endonuclease Cas9 n=1 Tax=Streptococcus pyogenes serotype M12 (strain MGAS9429) TaxID=370551 RepID=Q1JLZ6_STRPC,0.5516642162407167
UniRef100_A0A2A4L9T5 CRISPR-associated endonuclease Cas9 n=2 Tax=unclassified Campylobacter TaxID=2593542 RepID=A0A2A4L9T5_9PROT,0.5324899187709946
UniRef100_A0A562S2Z1 CRISPR-associated endonuclease Cas9 n=1 Tax=Treponema putidum TaxID=221027 RepID=A0A562S2Z1_9SPIR,0.5183891621606198
UniRef100_L1NKM1 CRISPR-associated endonuclease Cas9 n=1 Tax=Capnocytophaga sp. oral taxon 380 str. F0488 TaxID=1127693 RepID=L1NKM1_9FLAO,0.5662008638356568
UniRef100_Q03JI6 CRISPR-associated endonuclease Cas9 2 n=1 Tax=Streptococcus thermophilus (strain ATCC BAA-491 / LMD-9) TaxID=322159 RepID=CAS9B_STRTD,0.5604505213285126
UniRef100_A0A1S5WDD4 CRISPR-associated endonuclease Cas9 n=1 Tax=Streptococcus gallolyticus subsp. gallolyticus DSM 16831 TaxID=1258574 RepID=A0A1S5WDD4_STRGY,0.5641189454099805
UniRef100_A0A379EFL8 CRISPR-associated endonuclease Cas9 n=1 Tax=Prevotella disiens TaxID=28130 RepID=A0A379EFL8_9BACT,0.5320248765430338
UniRef100_A0A6F9ZIS1 CRISPR-associated endonuclease Cas9 n=1 Tax=Bacteroidaceae bacterium TaxID=2212467 RepID=A0A6F9ZIS1_9BACT,0.5949461389432047
UniRef100_A0A7W6PYW7 CRISPR-associated endonuclease Cas9 n=1 Tax=Sphingobium scionense TaxID=1404341 RepID=A0A7W6PYW7_9SPHN,0.5278436879700698
UniRef100_A0A646JQU9 CRISPR-associated endonuclease Cas9 n=1 Tax=Companilactobacillus salsicarnum TaxID=2584181 RepID=A0A646JQU9_9LACO,0.5404570492600729
UniRef100_A0A3M0NPX5 CRISPR-associated endonuclease Cas9 n=1 Tax=Lactobacillus sp. ESL0225 TaxID=2069351 RepID=A0A3M0NPX5_9LACO,0.5731759215413885
UniRef100_A0A2M8M9S1 CRISPR-associated endonuclease Cas9 n=1 Tax=Prevotella intermedia TaxID=28131 RepID=A0A2M8M9S1_PREIN,0.6121873302669423
UniRef100_A0A5B8TH54 CRISPR-associated endonuclease Cas9 n=1 Tax=Loigolactobacillus coryniformis TaxID=1610 RepID=A0A5B8TH54_9LACO,0.5903564358645852
UniRef100_A0A415CZQ7 CRISPR-associated endonuclease Cas9 n=1 Tax=Collinsella sp. AM09-41 TaxID=2292017 RepID=A0A415CZQ7_9ACTN,0.4955072362206726
UniRef100_A0A3S4PKW4 CRISPR-associated endonuclease Cas9 n=1 Tax=Streptococcus milleri TaxID=33040 RepID=A0A3S4PKW4_9STRE,0.5608414445413172
UniRef100_A0A2D3L7J5 CRISPR-associated endonuclease Cas9 n=1 Tax=Prevotella intermedia TaxID=28131 RepID=A0A2D3L7J5_PREIN,0.6121873302669423
UniRef100_A0A7C4P449 CRISPR-associated endonuclease Cas9 n=1 Tax=Bacteroidales bacterium TaxID=2030927 RepID=A0A7C4P449_9BACT,0.5728413970020447
UniRef100_A0A7G2T8M1 CRISPR-associated endonuclease Cas9 n=1 Tax=Leeuwenhoekiella sp. TaxID=1977054 RepID=A0A7G2T8M1_9FLAO,0.6572602529207272
UniRef100_A0A563CDP1 CRISPR-associated endonuclease Cas9 n=3 Tax=Candidatus Saccharibacteria TaxID=95818 RepID=A0A563CDP1_9BACT,0.5909172347638385
UniRef100_A0A0R1RRH5 CRISPR-associated endonuclease Cas9 n=1 Tax=Lactobacillus fuchuensis DSM 14340 = JCM 11249 TaxID=1423747 RepID=A0A0R1RRH5_9LACO,0.5798064147144117
UniRef100_A0A5M5PVK4 CRISPR-associated endonuclease Cas9 n=1 Tax=Bacteroides fragilis TaxID=817 RepID=A0A5M5PVK4_BACFG,0.6620617325538101
UniRef100_A0A380G4J1 CRISPR-associated endonuclease Cas9 n=1 Tax=Staphylococcus intermedius NCTC 11048 TaxID=1141106 RepID=A0A380G4J1_STAIN,0.5010891514729219
UniRef100_A0A3M6Q171 CRISPR-associated endonuclease Cas9 n=1 Tax=Comamonadaceae bacterium NML970147 TaxID=1076744 RepID=A0A3M6Q171_9BURK,0.48389820173639697
UniRef100_E1W6G3 CRISPR-associated endonuclease Cas9 n=1 Tax=Haemophilus parainfluenzae (strain T3T1) TaxID=862965 RepID=E1W6G3_HAEP3,0.5840396464246268
UniRef100_L1P954 CRISPR-associated endonuclease Cas9 n=2 Tax=unclassified Capnocytophaga TaxID=2640652 RepID=L1P954_9FLAO,0.45997370775006396
UniRef100_A0A5N1GBH1 CRISPR-associated endonuclease Cas9 n=4 Tax=Terrabacteria group TaxID=1783272 RepID=A0A5N1GBH1_STRAP,0.5659017533339479
UniRef100_S4F007 CRISPR-associated endonuclease Cas9 n=1 Tax=Enterococcus faecalis WKS-26-18-2 TaxID=1244144 RepID=S4F007_ENTFL,0.444410235436459
UniRef100_A0A2T3G018 CRISPR-associated endonuclease Cas9 n=1 Tax=Faecalibacillus intestinalis TaxID=1982626 RepID=A0A2T3G018_9FIRM,0.544254627738769
UniRef100_R7PQD7 CRISPR-associated endonuclease Cas9 n=1 Tax=Dialister sp. CAG:588 TaxID=1262871 RepID=R7PQD7_9FIRM,0.45564650922697447
UniRef100_A0A0X3Y1U5 CRISPR-associated endonuclease Cas9 n=1 Tax=Fusobacterium nucleatum subsp. nucleatum TaxID=76856 RepID=A0A0X3Y1U5_FUSNC,0.522633218836045
UniRef100_A0A416FUL5 CRISPR-associated endonuclease Cas9 n=2 Tax=unclassified Coprobacillus TaxID=2626703 RepID=A0A416FUL5_9FIRM,0.5451166704449129
UniRef100_U2QKG2 CRISPR-associated endonuclease Cas9 n=1 Tax=Gemella bergeri ATCC 700627 TaxID=1321820 RepID=U2QKG2_9BACL,0.5107427277744128
UniRef100_A0A366SND0 CRISPR-associated endonuclease Cas9 n=1 Tax=Enterococcus cecorum TaxID=44008 RepID=A0A366SND0_9ENTE,0.5252766688545454
UniRef100_A0A418J1M8 CRISPR-associated endonuclease Cas9 n=5 Tax=Staphylococcus simulans TaxID=1286 RepID=A0A418J1M8_STASI,0.5348057435991035
UniRef100_A0A3D9C7Y1 CRISPR-associated endonuclease Cas9 n=1 Tax=Chryseobacterium sp. 1_F178 TaxID=2258962 RepID=A0A3D9C7Y1_9FLAO,0.6418473256380816
UniRef100_A0A2W5BW11 CRISPR-associated endonuclease Cas9 n=1 Tax=Sphingomonas sanxanigenens TaxID=397260 RepID=A0A2W5BW11_9SPHN,0.5807085260766611
UniRef100_A0A6L8T4B2 CRISPR-associated endonuclease Cas9 n=1 Tax=Blautia wexlerae TaxID=418240 RepID=A0A6L8T4B2_9FIRM,0.49984691621160954
UniRef100_A0A091BWC6 CRISPR-associated endonuclease Cas9 n=1 Tax=Streptococcus equinus JB1 TaxID=1294274 RepID=A0A091BWC6_STREI,0.5730454894811668
UniRef100_A0A413A3F6 CRISPR-associated endonuclease Cas9 n=1 Tax=Streptococcus salivarius TaxID=1304 RepID=A0A413A3F6_STRSL,0.5020354401316648
UniRef100_U1GXL8 CRISPR-associated endonuclease Cas9 n=1 Tax=Treponema socranskii subsp. socranskii VPI DR56BR1116 = ATCC 35536 TaxID=1125725 RepID=U1GXL8_TRESO,0.48315343043818826
UniRef100_J3TRJ9 CRISPR-associated endonuclease Cas9 n=1 Tax=Mycoplasma gallisepticum WI01_2001.043-13-2P TaxID=1159201 RepID=J3TRJ9_MYCGL,0.49012264375835135
UniRef100_A0A6N4HMP0 CRISPR-associated endonuclease Cas9 n=1 Tax=Lactobacillus sp. TaxID=1591 RepID=A0A6N4HMP0_9LACO,0.5857973444684179
UniRef100_A0A3D4BUF2 CRISPR-associated endonuclease Cas9 n=1 Tax=Cryomorphaceae bacterium TaxID=1898111 RepID=A0A3D4BUF2_9FLAO,0.5575154108344995
UniRef100_A0A7Z8YPG2 CRISPR-associated endonuclease Cas9 n=1 Tax=Bergeyella zoohelcum TaxID=1015 RepID=A0A7Z8YPG2_9FLAO,0.6410325756319297
UniRef100_A0A1F1HP65 CRISPR-associated endonuclease Cas9 n=1 Tax=Neisseria sp. HMSC073G10 TaxID=1739369 RepID=A0A1F1HP65_9NEIS,0.5128297932425654
UniRef100_A0A380ZV95 CRISPR-associated endonuclease Cas9 n=1 Tax=Bergeyella zoohelcum TaxID=1015 RepID=A0A380ZV95_9FLAO,0.6458172503654861
UniRef100_A0A644W5N6 CRISPR-associated endonuclease Cas9 n=1 Tax=bioreactor metagenome TaxID=1076179 RepID=A0A644W5N6_9ZZZZ,0.6649801357225528
UniRef100_A0A4D7WRR4 CRISPR-associated endonuclease Cas9 n=1 Tax=Neisseria subflava TaxID=28449 RepID=A0A4D7WRR4_NEISU,0.4946241105024798
UniRef100_A0A374AGG3 CRISPR-associated endonuclease Cas9 n=1 Tax=Firmicutes bacterium AF12-30 TaxID=2292884 RepID=A0A374AGG3_9FIRM,0.4697728277538758
UniRef100_A0A1X1KW87 CRISPR-associated endonuclease Cas9 n=1 Tax=Streptococcus mitis TaxID=28037 RepID=A0A1X1KW87_STRMT,0.5250229961623712
UniRef100_A0A373MT51 CRISPR-associated endonuclease Cas9 n=1 Tax=Blautia sp. AF32-4BH TaxID=2292967 RepID=A0A373MT51_9FIRM,0.5654074204597263
UniRef100_A0A1X1G0J0 CRISPR-associated endonuclease Cas9 n=1 Tax=Streptococcus oralis subsp. tigurinus TaxID=1077464 RepID=A0A1X1G0J0_STROR,0.5248943403385671
UniRef100_A0A2I1YZN8 CRISPR-associated endonuclease Cas9 n=1 Tax=Streptococcus mitis TaxID=28037 RepID=A0A2I1YZN8_STRMT,0.5217971256401138
UniRef100_A0A1X0WXP0 CRISPR-associated endonuclease Cas9 n=1 Tax=Streptococcus oralis subsp. tigurinus TaxID=1077464 RepID=A0A1X0WXP0_STROR,0.5240693409549899
UniRef100_A0A1X1GD62 CRISPR-associated endonuclease Cas9 n=1 Tax=Streptococcus oralis subsp. tigurinus TaxID=1077464 RepID=A0A1X1GD62_STROR,0.5171762595931035
UniRef100_A0A3R9JM73 CRISPR-associated endonuclease Cas9 n=1 Tax=Streptococcus mitis TaxID=28037 RepID=A0A3R9JM73_STRMT,0.5206580237798489
UniRef100_A0A1X1GTM7 CRISPR-associated endonuclease Cas9 n=1 Tax=Streptococcus oralis subsp. tigurinus TaxID=1077464 RepID=A0A1X1GTM7_STROR,0.5207077343951498
UniRef100_A0A1X1JP06 CRISPR-associated endonuclease Cas9 n=1 Tax=Streptococcus mitis TaxID=28037 RepID=A0A1X1JP06_STRMT,0.5250229961623712
UniRef100_A0A6M9FBA3 CRISPR-associated endonuclease Cas9 n=1 Tax=Streptococcus mitis TaxID=28037 RepID=A0A6M9FBA3_STRMT,0.5217273232751903
UniRef100_A0A377J007 CRISPR-associated endonuclease Cas9 n=1 Tax=Haemophilus pittmaniae TaxID=249188 RepID=A0A377J007_9PAST,0.5325117609683688
UniRef100_A0A2G3NST7 CRISPR-associated endonuclease Cas9 n=1 Tax=Streptococcus macedonicus TaxID=59310 RepID=A0A2G3NST7_STRMC,0.5512427952062984
UniRef100_A0A0Q7HTH3 CRISPR-associated endonuclease Cas9 n=1 Tax=Devosia sp. Root436 TaxID=1736537 RepID=A0A0Q7HTH3_9HYPH,0.5301921681114831
UniRef100_A0A0N1EBR4 CRISPR-associated endonuclease Cas9 n=1 Tax=Helicobacter pullorum TaxID=35818 RepID=A0A0N1EBR4_9HELI,0.49127342412441344
UniRef100_A0A109Q6P7 CRISPR-associated endonuclease Cas9 n=1 Tax=Flavobacterium columnare TaxID=996 RepID=A0A109Q6P7_9FLAO,0.5333609243902846
UniRef100_A0A1Y3S1F5 CRISPR-associated endonuclease Cas9 n=2 Tax=Ligilactobacillus salivarius TaxID=1624 RepID=A0A1Y3S1F5_9LACO,0.5421298776034186
UniRef100_A0A7X4I744 CRISPR-associated endonuclease Cas9 n=1 Tax=Ligilactobacillus salivarius TaxID=1624 RepID=A0A7X4I744_9LACO,0.5491803989371375
UniRef100_A0A4R5F7V0 CRISPR-associated endonuclease Cas9 n=1 Tax=Flavobacterium sp. LB3P52 TaxID=2541724 RepID=A0A4R5F7V0_9FLAO,0.646307060347494
UniRef100_A0A428DL80 CRISPR-associated endonuclease Cas9 n=1 Tax=Streptococcus mitis TaxID=28037 RepID=A0A428DL80_STRMT,0.5194926229370378
UniRef100_A0A1X1K6S2 CRISPR-associated endonuclease Cas9 n=1 Tax=Streptococcus mitis TaxID=28037 RepID=A0A1X1K6S2_STRMT,0.5238941230871551
UniRef100_A0A2D1KY34 Type II CRISPR RNA-guided endonuclease Cas9 n=2 Tax=Companilactobacillus farciminis TaxID=1612 RepID=A0A2D1KY34_9LACO,0.5119316868811444
UniRef100_A0A415DF70 CRISPR-associated endonuclease Cas9 n=1 Tax=Phocaeicola vulgatus TaxID=821 RepID=A0A415DF70_PHOVU,0.6106776119628108
UniRef100_A0A0F2DF30 CRISPR-associated endonuclease Cas9 n=1 Tax=Streptococcus mitis TaxID=28037 RepID=A0A0F2DF30_STRMT,0.5250229961623712
UniRef100_U7USL1 CRISPR-associated endonuclease Cas9 n=1 Tax=Prevotella sp. BV3P1 TaxID=1111130 RepID=U7USL1_9BACT,0.491869218683144
UniRef100_A0A373GQY7 CRISPR-associated endonuclease Cas9 n=1 Tax=Blautia sp. AM23-13AC TaxID=2292971 RepID=A0A373GQY7_9FIRM,0.5654074204597263
UniRef100_A0A6I6WEX7 CRISPR-associated endonuclease Cas9 n=1 Tax=Streptococcus sp. DAT741 TaxID=1940319 RepID=A0A6I6WEX7_9STRE,0.5217787128764229
UniRef100_A0A2D1KTD8 Type II CRISPR RNA-guided endonuclease Cas9 n=2 Tax=Companilactobacillus farciminis TaxID=1612 RepID=A0A2D1KTD8_9LACO,0.5177292463858535
UniRef100_A0A6N7XWR3 CRISPR-associated endonuclease Cas9 n=1 Tax=Anaerobutyricum soehngenii TaxID=105843 RepID=A0A6N7XWR3_9FIRM,0.5974546397369337
UniRef100_A0A7L7L0Y6 CRISPR-associated endonuclease Cas9 n=1 Tax=Companilactobacillus pabuli TaxID=2714036 RepID=A0A7L7L0Y6_9LACO,0.4381491679981407
UniRef100_A0A2N9PDE7 CRISPR-associated endonuclease Cas9 n=1 Tax=Flavobacterium columnare TaxID=996 RepID=A0A2N9PDE7_9FLAO,0.5378291199885187
UniRef100_A0A2U2MDP8 CRISPR-associated endonuclease Cas9 n=1 Tax=Ligilactobacillus salivarius TaxID=1624 RepID=A0A2U2MDP8_9LACO,0.5399043127577499
UniRef100_A0A6N7X6N6 CRISPR-associated endonuclease Cas9 n=1 Tax=Streptococcus alactolyticus TaxID=29389 RepID=A0A6N7X6N6_STRAY,0.56143731807732
UniRef100_A0A415IT92 CRISPR-associated endonuclease Cas9 n=1 Tax=Phocaeicola plebeius TaxID=310297 RepID=A0A415IT92_9BACT,0.5532050121669928
UniRef100_A0A6N9ISS0 CRISPR-associated endonuclease Cas9 n=1 Tax=Ligilactobacillus salivarius TaxID=1624 RepID=A0A6N9ISS0_9LACO,0.5369886969996052
UniRef100_A0A437UBH1 CRISPR-associated endonuclease Cas9 n=1 Tax=Flavobacterium columnare TaxID=996 RepID=A0A437UBH1_9FLAO,0.5378291199885187
UniRef100_A0A1E9MP00 CRISPR-associated endonuclease Cas9 n=1 Tax=Neisseria sp. HMSC068C04 TaxID=1715179 RepID=A0A1E9MP00_9NEIS,0.514556527105954
UniRef100_E1WNY6 CRISPR-associated endonuclease Cas9 n=1 Tax=Bacteroides fragilis (strain 638R) TaxID=862962 RepID=E1WNY6_BACF6,0.6620617325538101
UniRef100_A0A1E5TL62 CRISPR-associated endonuclease Cas9 n=1 Tax=Staphylococcus equorum TaxID=246432 RepID=A0A1E5TL62_9STAP,0.5158377408570546
UniRef100_A0A417S7J7 CRISPR-associated endonuclease Cas9 n=1 Tax=Blautia sp. OM05-6 TaxID=2292983 RepID=A0A417S7J7_9FIRM,0.5654074204597263
UniRef100_I8UMX3 CRISPR-associated endonuclease Cas9 n=1 Tax=Capnocytophaga sp. oral taxon 412 str. F0487 TaxID=1125721 RepID=I8UMX3_9FLAO,0.6385503982047386
UniRef100_A0A1X7GNL0 CRISPR-associated endonuclease Cas9 n=2 Tax=Azospirillum oryzae TaxID=286727 RepID=A0A1X7GNL0_9PROT,0.5282916858881412
UniRef100_A0A415D8A2 CRISPR-associated endonuclease Cas9 n=1 Tax=[Ruminococcus] lactaris TaxID=46228 RepID=A0A415D8A2_9FIRM,0.5910307169614811
UniRef100_A0A7X2QYC3 CRISPR-associated endonuclease Cas9 n=1 Tax=Streptococcus uberis TaxID=1349 RepID=A0A7X2QYC3_STRUB,0.5547067305328782
UniRef100_A0A1S6E9Z3 CRISPR-associated endonuclease Cas9 n=2 Tax=Lactobacillus delbrueckii TaxID=1584 RepID=A0A1S6E9Z3_LACDE,0.49295021972763914
UniRef100_A0A7X2QGI6 CRISPR-associated endonuclease Cas9 n=1 Tax=Streptococcus uberis TaxID=1349 RepID=A0A7X2QGI6_STRUB,0.5442485745631496
UniRef100_A0A449AR60 CRISPR-associated endonuclease Cas9 n=1 Tax=Mycoplasma canis TaxID=29555 RepID=A0A449AR60_9MOLU,0.5090120741780828
UniRef100_A0A015Y7X0 CRISPR-associated endonuclease Cas9 n=1 Tax=Bacteroides fragilis str. 2-F-2 #4 TaxID=1339280 RepID=A0A015Y7X0_BACFG,0.6620617325538101
UniRef100_A0A7X2Q3K0 CRISPR-associated endonuclease Cas9 n=1 Tax=Streptococcus uberis TaxID=1349 RepID=A0A7X2Q3K0_STRUB,0.5442485745631496
UniRef100_A0A0A8GXC3 CRISPR-associated endonuclease Cas9 n=1 Tax=Campylobacter sp. RM16704 TaxID=1500960 RepID=A0A0A8GXC3_9PROT,0.480311551056206
UniRef100_A0A4R1JNP8 CRISPR-associated endonuclease Cas9 n=1 Tax=Flavobacterium sp. 90 TaxID=2135622 RepID=A0A4R1JNP8_9FLAO,0.590080448323218
UniRef100_A0A1F0BNE0 CRISPR-associated endonuclease Cas9 n=1 Tax=Streptococcus sp. HMSC078H03 TaxID=1715086 RepID=A0A1F0BNE0_9STRE,0.49076708112720935
UniRef100_A0A6G6GSS4 CRISPR-associated endonuclease Cas9 n=1 Tax=Lactobacillus delbrueckii subsp. bulgaricus TaxID=1585 RepID=A0A6G6GSS4_LACDE,0.47117924242687503
UniRef100_A0A0U5KB17 CRISPR-associated endonuclease Cas9 n=1 Tax=Lactobacillus delbrueckii subsp. bulgaricus TaxID=1585 RepID=A0A0U5KB17_LACDE,0.4685815185278151
UniRef100_A0A2X3BDU5 CRISPR-associated endonuclease Cas9 n=1 Tax=Helicobacter fennelliae TaxID=215 RepID=A0A2X3BDU5_9HELI,0.42626066147133007
UniRef100_A0A2M9SZU9 CRISPR-associated endonuclease Cas9 n=1 Tax=Geobacillus sp. WSUCF-018B TaxID=2055939 RepID=A0A2M9SZU9_9BACI,0.588378333557951
UniRef100_A0A3E4LMJ5 CRISPR-associated endonuclease Cas9 n=1 Tax=[Ruminococcus] lactaris TaxID=46228 RepID=A0A3E4LMJ5_9FIRM,0.5910307169614811
UniRef100_A0A1V0GJQ8 CRISPR-associated endonuclease Cas9 n=1 Tax=Streptococcus equinus TaxID=1335 RepID=A0A1V0GJQ8_STREI,0.5020354401316648
UniRef100_A0A081R6F9 CRISPR-associated endonuclease Cas9 n=1 Tax=Streptococcus oralis TaxID=1303 RepID=A0A081R6F9_STROR,0.5090058802186708
UniRef100_UPI0007707204 type II-B CRISPR-associated RNA-guided endonuclease Cas9/Csx12 n=1 Tax=Legionella pneumophila TaxID=446 RepID=UPI0007707204,0.4632649526418448
UniRef100_UPI0008F49770 type II-B CRISPR-associated RNA-guided endonuclease Cas9/Csx12 n=1 Tax=Francisella tularensis TaxID=263 RepID=UPI0008F49770,0.509094478044025
UniRef100_UPI0008FD6C93 type II-B CRISPR-associated RNA-guided endonuclease Cas9/Csx12 n=1 Tax=Francisella tularensis TaxID=263 RepID=UPI0008FD6C93,0.509094478044025
UniRef100_UPI000778347B type II-B CRISPR-associated RNA-guided endonuclease Cas9/Csx12 n=1 Tax=Legionella pneumophila TaxID=446 RepID=UPI000778347B,0.4632649526418448
UniRef100_UPI000778102E type II-B CRISPR-associated RNA-guided endonuclease Cas9/Csx12 n=1 Tax=Legionella pneumophila TaxID=446 RepID=UPI000778102E,0.46586255013338573
UniRef100_UPI000777E2F8 type II-B CRISPR-associated RNA-guided endonuclease Cas9/Csx12 n=1 Tax=Legionella pneumophila TaxID=446 RepID=UPI000777E2F8,0.4632649526418448
UniRef100_UPI0007884AF4 type II-B CRISPR-associated RNA-guided endonuclease Cas9/Csx12 n=1 Tax=Legionella pneumophila TaxID=446 RepID=UPI0007884AF4,0.46175680209647746
UniRef100_A0A3R6RHI5 CRISPR-associated endonuclease Cas9 n=1 Tax=Clostridium sp. AM27-31LB TaxID=2293026 RepID=A0A3R6RHI5_9CLOT,0.59569646075824
UniRef100_A0A374FXU4 CRISPR-associated endonuclease Cas9 n=1 Tax=Ruminococcus sp. AM28-29LB TaxID=2293195 RepID=A0A374FXU4_9FIRM,0.4856233510946628
UniRef100_A0A366KG04 CRISPR-associated endonuclease Cas9 n=1 Tax=Lactobacillus gasseri TaxID=1596 RepID=A0A366KG04_LACGS,0.5506051850473392
UniRef100_A0A689Z9A7 CRISPR-associated endonuclease Cas9 n=1 Tax=Campylobacter coli TaxID=195 RepID=A0A689Z9A7_CAMCO,0.4969848014627631
UniRef100_A0A378WA20 CRISPR-associated endonuclease Cas9 n=1 Tax=Neisseria meningitidis TaxID=487 RepID=A0A378WA20_NEIME,0.512838703604104
UniRef100_V8LSG7 CRISPR-associated endonuclease Cas9 n=1 Tax=Streptococcus thermophilus TH1435 TaxID=1415776 RepID=V8LSG7_STRTR,0.5650460268555424
UniRef100_V8LWT4 CRISPR-associated endonuclease Cas9 n=1 Tax=Streptococcus thermophilus TH1435 TaxID=1415776 RepID=V8LWT4_STRTR,0.530635897266926
UniRef100_A0A7G1JD66 CRISPR-associated endonuclease Cas9 n=1 Tax=Streptococcus pyogenes TaxID=1314 RepID=A0A7G1JD66_STRPY,0.5535155721161771
UniRef100_A0A431PYV0 CRISPR-associated endonuclease Cas9 n=1 Tax=Bradyrhizobiaceae bacterium TaxID=2072420 RepID=A0A431PYV0_9BRAD,0.4706542002784752
UniRef100_A0A2I1TF16 CRISPR-associated endonuclease Cas9 n=1 Tax=Veillonella parvula TaxID=29466 RepID=A0A2I1TF16_VEIPA,0.5442893164133088
UniRef100_A0A381J1N1 CRISPR-associated endonuclease Cas9 n=1 Tax=Clostridium perfringens TaxID=1502 RepID=A0A381J1N1_CLOPF,0.5284840717851614
UniRef100_A0A329ZC87 CRISPR-associated endonuclease Cas9 n=1 Tax=Helicobacter sp. 11-8110 TaxID=2004997 RepID=A0A329ZC87_9HELI,0.5175285159683695
UniRef100_A0A174L7S6 CRISPR-associated endonuclease Cas9 n=3 RepID=A0A174L7S6_BACUN,0.6664748842410944
UniRef100_A0A5S4TT78 CRISPR-associated endonuclease Cas9 n=3 Tax=Streptococcus pyogenes TaxID=1314 RepID=A0A5S4TT78_STRPY,0.5590825187884554
UniRef100_A0A417JBE8 CRISPR-associated endonuclease Cas9 n=2 Tax=Clostridium sp. AM27-31LB TaxID=2293026 RepID=A0A417JBE8_9CLOT,0.4961032686115605
UniRef100_A0A395W154 CRISPR-associated endonuclease Cas9 n=1 Tax=Bacteroides ovatus TaxID=28116 RepID=A0A395W154_BACOV,0.5953391702124172
UniRef100_A0A8B3IXM8 CRISPR-associated endonuclease Cas9 n=2 Tax=Streptococcus TaxID=1301 RepID=A0A8B3IXM8_STROR,0.5172267164866698
UniRef100_Q5L8F8 CRISPR-associated endonuclease Cas9 n=3 Tax=Bacteroides fragilis TaxID=817 RepID=Q5L8F8_BACFN,0.6620617325538101
UniRef100_A0A6C7K0G1 CRISPR-associated endonuclease Cas9 n=1 Tax=Campylobacter coli TaxID=195 RepID=A0A6C7K0G1_CAMCO,0.5361106011246871
UniRef100_A0A6C2WXF9 CRISPR-associated endonuclease Cas9 n=5 Tax=Streptococcus pyogenes TaxID=1314 RepID=A0A6C2WXF9_STRPY,0.5516642162407167
UniRef100_A0A357LB84 CRISPR-associated endonuclease Cas9 n=1 Tax=Parvularcula sp. TaxID=1979207 RepID=A0A357LB84_9PROT,0.5204292751551249
UniRef100_A0A1L6H8N6 CRISPR-associated endonuclease Cas9 n=1 Tax=Pediococcus acidilactici TaxID=1254 RepID=A0A1L6H8N6_PEDAC,0.5470795017837884
UniRef100_A0A654M6H2 CRISPR-associated endonuclease Cas9 n=1 Tax=Streptococcus infantarius TaxID=102684 RepID=A0A654M6H2_9STRE,0.5790417047710605
UniRef100_E6J3R0 CRISPR-associated endonuclease Cas9 n=2 Tax=Streptococcus TaxID=1301 RepID=E6J3R0_STRAP,0.569985520672104
UniRef100_A0A3R9Q9W4 CRISPR-associated endonuclease Cas9 n=3 Tax=Streptococcus TaxID=1301 RepID=A0A3R9Q9W4_STRMT,0.5106150498015706
UniRef100_A0A099UFG2 CRISPR-associated endonuclease Cas9 n=1 Tax=Helicobacter typhlonius TaxID=76936 RepID=A0A099UFG2_9HELI,0.5117286229843172
UniRef100_A0A4Q5C1A7 CRISPR-associated endonuclease Cas9 n=2 Tax=Streptococcus TaxID=1301 RepID=A0A4Q5C1A7_STRSL,0.4863580709628677
UniRef100_A0A450SND8 CRISPR-associated endonuclease Cas9 n=1 Tax=Candidatus Kentron sp. FW TaxID=2126338 RepID=A0A450SND8_9GAMM,0.48280361436517666
UniRef100_A0A5T0ZLN2 CRISPR-associated endonuclease Cas9 n=2 Tax=Campylobacter TaxID=194 RepID=A0A5T0ZLN2_CAMJU,0.5339454249016465
UniRef100_A0A5Z1D943 CRISPR-associated endonuclease Cas9 n=1 Tax=Campylobacter jejuni TaxID=197 RepID=A0A5Z1D943_CAMJU,0.5361106011246871
UniRef100_A0A6C7Y035 CRISPR-associated endonuclease Cas9 n=1 Tax=Campylobacter jejuni TaxID=197 RepID=A0A6C7Y035_CAMJU,0.5339454249016465
UniRef100_A0A6F9YHI1 CRISPR-associated endonuclease Cas9 n=1 Tax=Ligilactobacillus agilis TaxID=1601 RepID=A0A6F9YHI1_9LACO,0.5378099355965706
UniRef100_A0A6D1SUD3 CRISPR-associated endonuclease Cas9 n=1 Tax=Bacillus sp. BH32 TaxID=2528961 RepID=A0A6D1SUD3_9BACI,0.5628480774929898
UniRef100_A0A3Z9MCX3 CRISPR-associated endonuclease Cas9 n=3 Tax=Campylobacter TaxID=194 RepID=A0A3Z9MCX3_CAMJU,0.5361106011246871
UniRef100_A0A6L2A3G0 CRISPR-associated endonuclease Cas9 n=2 Tax=Campylobacter TaxID=194 RepID=A0A6L2A3G0_CAMJU,0.4969848014627631
UniRef100_A0A5Z5AC84 CRISPR-associated endonuclease Cas9 n=2 Tax=Campylobacter TaxID=194 RepID=A0A5Z5AC84_CAMJU,0.5339454249016465
UniRef100_A0A5T0SBU3 CRISPR-associated endonuclease Cas9 n=1 Tax=Campylobacter jejuni TaxID=197 RepID=A0A5T0SBU3_CAMJU,0.526766815459888
UniRef100_A0A400RT33 CRISPR-associated endonuclease Cas9 n=3 Tax=Campylobacter TaxID=194 RepID=A0A400RT33_CAMJU,0.5361106011246871
UniRef100_L9PS87 CRISPR-associated endonuclease Cas9 n=1 Tax=Prevotella nigrescens F0103 TaxID=702439 RepID=L9PS87_9BACT,0.6121873302669423
UniRef100_A0A125S8K7 CRISPR-associated endonuclease Cas9 n=3 Tax=Bacteria TaxID=2 RepID=A0A125S8K7_9BACT,0.6072926146309228
UniRef100_A0A3T2CPT3 CRISPR-associated endonuclease Cas9 n=1 Tax=Listeria monocytogenes TaxID=1639 RepID=A0A3T2CPT3_LISMN,0.5572387564700922
UniRef100_A0A693BH07 CRISPR-associated endonuclease Cas9 n=1 Tax=Campylobacter jejuni TaxID=197 RepID=A0A693BH07_CAMJU,0.5361106011246871
UniRef100_A0A690VDT6 CRISPR-associated endonuclease Cas9 n=1 Tax=Campylobacter jejuni TaxID=197 RepID=A0A690VDT6_CAMJU,0.5339454249016465
UniRef100_A0A6C7TG94 CRISPR-associated endonuclease Cas9 n=2 Tax=Campylobacter TaxID=194 RepID=A0A6C7TG94_CAMJU,0.5361106011246871
UniRef100_A0A412G1V1 CRISPR-associated endonuclease Cas9 n=1 Tax=Bacteroides caccae TaxID=47678 RepID=A0A412G1V1_9BACE,0.5646702745263826
UniRef100_A0A3X8S912 CRISPR-associated endonuclease Cas9 n=2 Tax=Campylobacter TaxID=194 RepID=A0A3X8S912_CAMJU,0.5339454249016465
UniRef100_A0A696KHU2 CRISPR-associated endonuclease Cas9 n=2 Tax=Campylobacter TaxID=194 RepID=A0A696KHU2_CAMJU,0.5339454249016465
UniRef100_A0A7Z9AWJ0 CRISPR-associated endonuclease Cas9 n=2 Tax=Enterococcus hirae TaxID=1354 RepID=A0A7Z9AWJ0_ENTHR,0.5632898478235158
UniRef100_A0A5C6L8R5 CRISPR-associated endonuclease Cas9 n=3 Tax=Bacteroides fragilis TaxID=817 RepID=A0A5C6L8R5_BACFG,0.6620617325538101
UniRef100_A0A3R7W0W7 CRISPR-associated endonuclease Cas9 n=1 Tax=Prevotella intermedia TaxID=28131 RepID=A0A3R7W0W7_PREIN,0.6121873302669423
UniRef100_A0A5Z1R8N9 CRISPR-associated endonuclease Cas9 n=1 Tax=Campylobacter jejuni TaxID=197 RepID=A0A5Z1R8N9_CAMJU,0.461339973241371
UniRef100_A0A412KEY2 CRISPR-associated endonuclease Cas9 n=3 Tax=Lachnospiraceae TaxID=186803 RepID=A0A412KEY2_9FIRM,0.44265526049833026
UniRef100_A0A4Z0FEA5 CRISPR-associated endonuclease Cas9 n=1 Tax=Flavobacterium columnare TaxID=996 RepID=A0A4Z0FEA5_9FLAO,0.5333609243902846
UniRef100_A0A6B2FV80 CRISPR-associated endonuclease Cas9 n=1 Tax=Lactobacillus paragasseri TaxID=2107999 RepID=A0A6B2FV80_9LACO,0.5506051850473392
UniRef100_A0A7Z0VGX1 CRISPR-associated endonuclease Cas9 n=1 Tax=Streptococcus agalactiae TaxID=1311 RepID=A0A7Z0VGX1_STRAG,0.5636131226076212
UniRef100_A0A5Y9CKA2 CRISPR-associated endonuclease Cas9 n=1 Tax=Campylobacter jejuni TaxID=197 RepID=A0A5Y9CKA2_CAMJU,0.5361106011246871
UniRef100_A0A5T0Y769 CRISPR-associated endonuclease Cas9 n=3 Tax=Campylobacter TaxID=194 RepID=A0A5T0Y769_CAMJU,0.461339973241371
UniRef100_A0A3X9C3P8 CRISPR-associated endonuclease Cas9 n=2 Tax=Campylobacter TaxID=194 RepID=A0A3X9C3P8_CAMJU,0.5339454249016465
UniRef100_A0A1C5TF27 CRISPR-associated endonuclease Cas9 n=1 Tax=uncultured Clostridium sp. TaxID=59620 RepID=A0A1C5TF27_9CLOT,0.5471857102490768
UniRef100_A0A1C5U497 CRISPR-associated endonuclease Cas9 n=1 Tax=uncultured Dorea sp. TaxID=286138 RepID=A0A1C5U497_9FIRM,0.510031596820804
UniRef100_A0A400PWM6 CRISPR-associated endonuclease Cas9 n=1 Tax=Campylobacter jejuni TaxID=197 RepID=A0A400PWM6_CAMJU,0.5361106011246871
UniRef100_A0A640XIQ4 CRISPR-associated endonuclease Cas9 n=2 Tax=unclassified Candidatus Brocadia TaxID=2685353 RepID=A0A640XIQ4_9BACT,0.4510137468568615
UniRef100_A0A693W2I8 CRISPR-associated endonuclease Cas9 n=3 Tax=Campylobacter jejuni TaxID=197 RepID=A0A693W2I8_CAMJU,0.5361106011246871
UniRef100_A0A823PLU9 Type II CRISPR RNA-guided endonuclease Cas9 n=3 Tax=Campylobacter TaxID=194 RepID=A0A823PLU9_CAMJU,0.5361106011246871
UniRef100_A0A5T1E6M7 CRISPR-associated endonuclease Cas9 n=1 Tax=Campylobacter jejuni TaxID=197 RepID=A0A5T1E6M7_CAMJU,0.5339454249016465
UniRef100_A0A639UYU4 CRISPR-associated endonuclease Cas9 n=1 Tax=Campylobacter jejuni TaxID=197 RepID=A0A639UYU4_CAMJU,0.5339454249016465
UniRef100_A0A5T1W3K9 CRISPR-associated endonuclease Cas9 n=2 Tax=Campylobacter TaxID=194 RepID=A0A5T1W3K9_CAMJU,0.5361106011246871
UniRef100_A0A8B1IQU0 CRISPR-associated endonuclease Cas9/Csn1 n=2 Tax=Streptococcus equi TaxID=1336 RepID=A0A8B1IQU0_STRSZ,0.5665033525648486
UniRef100_A0A380KDG6 CRISPR-associated endonuclease Cas9 n=1 Tax=Streptococcus dysgalactiae subsp. equisimilis TaxID=119602 RepID=A0A380KDG6_STREQ,0.5535155721161771
UniRef100_A0A430U4E2 CRISPR-associated endonuclease Cas9 n=1 Tax=Campylobacter jejuni TaxID=197 RepID=A0A430U4E2_CAMJU,0.5361106011246871
UniRef100_A0A6C7QEE3 CRISPR-associated endonuclease Cas9 n=1 Tax=Campylobacter jejuni TaxID=197 RepID=A0A6C7QEE3_CAMJU,0.5361106011246871
UniRef100_A0A6V8GVH3 CRISPR-associated endonuclease Cas9 n=1 Tax=Campylobacter jejuni TaxID=197 RepID=A0A6V8GVH3_CAMJU,0.5361106011246871
UniRef100_A0A5Y7DVR5 CRISPR-associated endonuclease Cas9 n=1 Tax=Campylobacter jejuni TaxID=197 RepID=A0A5Y7DVR5_CAMJU,0.5361106011246871
UniRef100_A0A3X8LJN2 CRISPR-associated endonuclease Cas9 n=2 Tax=Campylobacter jejuni TaxID=197 RepID=A0A3X8LJN2_CAMJU,0.5365996453634908
UniRef100_A0A3X8Y288 CRISPR-associated endonuclease Cas9 n=1 Tax=Campylobacter jejuni TaxID=197 RepID=A0A3X8Y288_CAMJU,0.5339454249016465
UniRef100_A0A5T2BP52 CRISPR-associated endonuclease Cas9 n=1 Tax=Campylobacter jejuni TaxID=197 RepID=A0A5T2BP52_CAMJU,0.5361106011246871
UniRef100_A0A5Y8ZIQ3 CRISPR-associated endonuclease Cas9 n=1 Tax=Campylobacter jejuni TaxID=197 RepID=A0A5Y8ZIQ3_CAMJU,0.5361106011246871
UniRef100_A0A1J6PI62 CRISPR-associated endonuclease Cas9 n=1 Tax=Campylobacter jejuni TaxID=197 RepID=A0A1J6PI62_CAMJU,0.5347022241557196
UniRef100_A0A1Q6J021 CRISPR-associated endonuclease Cas9 n=1 Tax=Phocaeicola vulgatus TaxID=821 RepID=A0A1Q6J021_PHOVU,0.6107452304347284
UniRef100_A0A6G3GAG0 CRISPR-associated endonuclease Cas9 n=2 Tax=Enterococcus faecalis TaxID=1351 RepID=A0A6G3GAG0_ENTFL,0.46566244130396994
UniRef100_A0A825QW15 Type II CRISPR RNA-guided endonuclease Cas9 n=2 Tax=Campylobacter TaxID=194 RepID=A0A825QW15_CAMJU,0.5361106011246871
UniRef100_A0A5T1ITA9 CRISPR-associated endonuclease Cas9 n=1 Tax=Campylobacter jejuni TaxID=197 RepID=A0A5T1ITA9_CAMJU,0.5361106011246871
UniRef100_A0A5T0YMX6 CRISPR-associated endonuclease Cas9 n=1 Tax=Campylobacter jejuni TaxID=197 RepID=A0A5T0YMX6_CAMJU,0.5361106011246871
UniRef100_A0A2R4CZW2 CRISPR-associated endonuclease Cas9 n=1 Tax=Campylobacter jejuni TaxID=197 RepID=A0A2R4CZW2_CAMJU,0.5361106011246871
UniRef100_A0A5T0NJT2 CRISPR-associated endonuclease Cas9 n=1 Tax=Campylobacter jejuni TaxID=197 RepID=A0A5T0NJT2_CAMJU,0.461339973241371
UniRef100_A0A5T1VCM2 CRISPR-associated endonuclease Cas9 n=1 Tax=Campylobacter jejuni TaxID=197 RepID=A0A5T1VCM2_CAMJU,0.5361106011246871
UniRef100_A0A1W5ZFX1 CRISPR-associated endonuclease Cas9 n=1 Tax=Streptococcus salivarius TaxID=1304 RepID=A0A1W5ZFX1_STRSL,0.5020354401316648
UniRef100_A0A3X9CS74 CRISPR-associated endonuclease Cas9 n=1 Tax=Campylobacter jejuni TaxID=197 RepID=A0A3X9CS74_CAMJU,0.5339454249016465
UniRef100_A0A5Y4VLH1 CRISPR-associated endonuclease Cas9 n=1 Tax=Campylobacter jejuni TaxID=197 RepID=A0A5Y4VLH1_CAMJU,0.5361106011246871
UniRef100_A0A5Y6PBJ2 CRISPR-associated endonuclease Cas9 n=1 Tax=Campylobacter jejuni TaxID=197 RepID=A0A5Y6PBJ2_CAMJU,0.47102840533350615
UniRef100_A0A2I1TMU5 CRISPR-associated endonuclease Cas9 n=3 Tax=Streptococcus salivarius TaxID=1304 RepID=A0A2I1TMU5_STRSL,0.5020354401316648
UniRef100_A0A5T1WS49 CRISPR-associated endonuclease Cas9 n=1 Tax=Campylobacter jejuni TaxID=197 RepID=A0A5T1WS49_CAMJU,0.5339454249016465
UniRef100_A0A5T1DBW7 CRISPR-associated endonuclease Cas9 n=1 Tax=Campylobacter jejuni TaxID=197 RepID=A0A5T1DBW7_CAMJU,0.5361106011246871
UniRef100_A0A3R5XC31 CRISPR-associated endonuclease Cas9 n=1 Tax=Parabacteroides distasonis TaxID=823 RepID=A0A3R5XC31_9BACT,0.5746613411959736
UniRef100_A0A7U9MFG2 CRISPR-associated endonuclease Cas9 n=1 Tax=Streptococcus canis TaxID=1329 RepID=A0A7U9MFG2_STRCB,0.5580157214988716
UniRef100_A0A5T1VZN7 CRISPR-associated endonuclease Cas9 n=1 Tax=Campylobacter jejuni TaxID=197 RepID=A0A5T1VZN7_CAMJU,0.5339454249016465
UniRef100_A0A0C9Q7U6 CRISPR-associated endonuclease Cas9 n=1 Tax=Lactobacillus paracasei NRIC 0644 TaxID=1435038 RepID=A0A0C9Q7U6_LACPA,0.5926640912562771
UniRef100_A0A5M6A8D8 CRISPR-associated endonuclease Cas9 n=1 Tax=Bacteroides cellulosilyticus TaxID=246787 RepID=A0A5M6A8D8_9BACE,0.6691464684667007
UniRef100_U2DMI6 CRISPR-associated endonuclease Cas9 n=1 Tax=Bacteroides pyogenes F0041 TaxID=1321819 RepID=U2DMI6_9BACE,0.5897420434080398
UniRef100_A0A1M5G4Q6 CRISPR-associated endonuclease Cas9 n=2 Tax=Chryseobacterium vrystaatense TaxID=307480 RepID=A0A1M5G4Q6_9FLAO,0.524148131744402
UniRef100_A0A1H9L9V3 CRISPR-associated endonuclease Cas9 n=1 Tax=Streptococcus gallolyticus TaxID=315405 RepID=A0A1H9L9V3_9STRE,0.5512427952062984
UniRef100_A0A369M4E2 CRISPR-associated endonuclease Cas9 n=1 Tax=Gordonibacter pamelaeae TaxID=471189 RepID=A0A369M4E2_9ACTN,0.5192863626702483
UniRef100_A0A3P1VI90 CRISPR-associated endonuclease Cas9 n=1 Tax=Streptococcus sp. OH4692_COT-348 TaxID=2491052 RepID=A0A3P1VI90_9STRE,0.5217273232751903
UniRef100_A0A139RFX7 CRISPR-associated endonuclease Cas9 n=1 Tax=Streptococcus infantis TaxID=68892 RepID=A0A139RFX7_9STRE,0.5457301855582394
UniRef100_R6V444 CRISPR-associated endonuclease Cas9 n=2 Tax=Bacteroides TaxID=816 RepID=R6V444_9BACE,0.6204031051291097
UniRef100_E5WV33 CRISPR-associated endonuclease Cas9 n=1 Tax=Bacteroides eggerthii 1_2_48FAA TaxID=665953 RepID=E5WV33_9BACE,0.5964373094850407
UniRef100_D6LEV9 CRISPR-associated endonuclease Cas9 n=1 Tax=Fusobacterium periodonticum 1_1_41FAA TaxID=469621 RepID=D6LEV9_9FUSO,0.522633218836045
UniRef100_A0A6G8HXY2 CRISPR-associated endonuclease Cas9 n=1 Tax=Streptococcus sp. CNU G2 TaxID=2686210 RepID=A0A6G8HXY2_9STRE,0.5775335542256932
UniRef100_A0A7X4C7L9 CRISPR-associated endonuclease Cas9 n=1 Tax=Synechococcus sp. SB0677_bin_5 TaxID=2604870 RepID=A0A7X4C7L9_9SYNE,0.6129716751303562
UniRef100_A0A346MQP0 CRISPR-associated endonuclease Cas9 n=1 Tax=Lactobacillus johnsonii TaxID=33959 RepID=A0A346MQP0_LACJH,0.5587618974544748
UniRef100_A0A7U7VV97 CRISPR-associated endonuclease Cas9 n=1 Tax=Campylobacter coli TaxID=195 RepID=A0A7U7VV97_CAMCO,0.5046914799947695
UniRef100_A0A3R9KNY9 CRISPR-associated endonuclease Cas9 n=1 Tax=Streptococcus intermedius TaxID=1338 RepID=A0A3R9KNY9_STRIT,0.5148559633537363
UniRef100_R5WWQ0 CRISPR-associated endonuclease Cas9 n=1 Tax=Fusobacterium sp. CAG:649 TaxID=1262900 RepID=R5WWQ0_9FUSO,0.522633218836045
UniRef100_A0A3D9B4V7 CRISPR-associated endonuclease Cas9 n=1 Tax=Candidatus Chryseobacterium massiliae TaxID=204089 RepID=A0A3D9B4V7_9FLAO,0.5718053777035896
UniRef100_A0A543KVX4 CRISPR-associated endonuclease Cas9 n=1 Tax=Acidovorax temperans TaxID=80878 RepID=A0A543KVX4_9BURK,0.5462045348379949
UniRef100_A0A1H8C6J4 CRISPR-associated endonuclease Cas9 n=1 Tax=Chryseobacterium taichungense TaxID=295069 RepID=A0A1H8C6J4_9FLAO,0.5735144050395163
UniRef100_A0A7H8Z7P5 CRISPR-associated endonuclease Cas9 n=1 Tax=Streptococcus sp. oral taxon 061 TaxID=712623 RepID=A0A7H8Z7P5_9STRE,0.5190761521756257
UniRef100_Q5M542 CRISPR-associated endonuclease Cas9 n=1 Tax=Streptococcus thermophilus (strain ATCC BAA-250 / LMG 18311) TaxID=264199 RepID=Q5M542_STRT2,0.530635897266926
UniRef100_A0A134B2X0 CRISPR-associated endonuclease Cas9 n=1 Tax=Prevotella amnii TaxID=419005 RepID=A0A134B2X0_9BACT,0.617161601576076
UniRef100_A0A2S0LB69 CRISPR-associated endonuclease Cas9 n=1 Tax=Capnocytophaga sp. oral taxon 878 TaxID=1316596 RepID=A0A2S0LB69_9FLAO,0.654566848025062
UniRef100_A0A553LQJ1 CRISPR-associated endonuclease Cas9 n=1 Tax=Geobacillus sp. LEMMJ02 TaxID=2595057 RepID=A0A553LQJ1_9BACI,0.588378333557951
UniRef100_A0A496BKX0 CRISPR-associated endonuclease Cas9 n=1 Tax=Parabacteroides sp. AF27-14 TaxID=2293116 RepID=A0A496BKX0_9BACT,0.572292874297019
UniRef100_A0A367UKE3 CRISPR-associated endonuclease Cas9 n=1 Tax=Thalassospira xianhensis MCCC 1A02616 TaxID=1177929 RepID=A0A367UKE3_9PROT,0.4527566751701931
UniRef100_A0A377JJN5 CRISPR-associated endonuclease Cas9 n=1 Tax=Haemophilus parainfluenzae TaxID=729 RepID=A0A377JJN5_HAEPA,0.5336001972164185
UniRef100_A0A418W0A6 CRISPR-associated endonuclease Cas9 n=1 Tax=Azospirillum sp. K2W22B-5 TaxID=2320860 RepID=A0A418W0A6_9PROT,0.5189578664329393
UniRef100_A0A7K3KDI5 CRISPR-associated endonuclease Cas9 n=1 Tax=Phocaeicola sartorii TaxID=671267 RepID=A0A7K3KDI5_9BACT,0.5889175999303812
UniRef100_A0A2T4KGD5 CRISPR-associated endonuclease Cas9 n=3 Tax=Staphylococcus devriesei TaxID=586733 RepID=A0A2T4KGD5_9STAP,0.5287453026849643
UniRef100_A0A3M0LVR1 CRISPR-associated endonuclease Cas9 n=1 Tax=Lactobacillus sp. ESL0246 TaxID=2069359 RepID=A0A3M0LVR1_9LACO,0.558711547510915
UniRef100_E0Q490 CRISPR-associated endonuclease Cas9 n=1 Tax=Streptococcus sp. oral taxon 071 str. 73H25AP TaxID=864570 RepID=E0Q490_9STRE,0.527474206546561
UniRef100_A0A5Q3TM58 CRISPR-associated endonuclease Cas9 n=2 Tax=Mycoplasma synoviae TaxID=2109 RepID=A0A5Q3TM58_MYCSY,0.47532543517571063
UniRef100_M2CIC2 CRISPR-associated endonuclease Cas9 n=1 Tax=Treponema denticola H1-T TaxID=999431 RepID=M2CIC2_TREDN,0.5152616636814332
UniRef100_A0A5N0YUW7 CRISPR-associated endonuclease Cas9 n=1 Tax=Enterococcus durans TaxID=53345 RepID=A0A5N0YUW7_9ENTE,0.5780385183825794
UniRef100_A0A377L6V6 CRISPR-associated endonuclease Cas9 n=1 Tax=Enterococcus durans TaxID=53345 RepID=A0A377L6V6_9ENTE,0.46324233195565634
UniRef100_A0A562K2P5 CRISPR-associated endonuclease Cas9 n=1 Tax=Sphingobium wenxiniae (strain DSM 21828 / JZ-1) TaxID=595605 RepID=A0A562K2P5_SPHWJ,0.578305924349831
UniRef100_A0A610JKF6 CRISPR-associated endonuclease Cas9 n=2 Tax=Campylobacter TaxID=194 RepID=A0A610JKF6_CAMCO,0.5339454249016465
UniRef100_A0A3M0P5H4 CRISPR-associated endonuclease Cas9 n=1 Tax=Lactobacillus sp. ESL0261 TaxID=2069348 RepID=A0A3M0P5H4_9LACO,0.565554495664752
UniRef100_A0A5Q2S6G8 CRISPR-associated endonuclease Cas9 n=1 Tax=Streptococcus dysgalactiae subsp. dysgalactiae TaxID=99822 RepID=A0A5Q2S6G8_STRDY,0.5551393904278742
UniRef100_A0A829X528 CRISPR-associated endonuclease Cas9 n=2 Tax=Latilactobacillus sakei TaxID=1599 RepID=A0A829X528_LATSK,0.5928094738478871
UniRef100_A0A6M6IHJ7 CRISPR-associated endonuclease Cas9 n=1 Tax=Diaphorobacter sp. JS3050 TaxID=2735554 RepID=A0A6M6IHJ7_9BURK,0.4977862981262346
UniRef100_A0A695ZC83 CRISPR-associated endonuclease Cas9 n=1 Tax=Campylobacter coli TaxID=195 RepID=A0A695ZC83_CAMCO,0.5339454249016465
UniRef100_A0A5Q2S4F8 CRISPR-associated endonuclease Cas9 n=1 Tax=Streptococcus dysgalactiae subsp. dysgalactiae TaxID=99822 RepID=A0A5Q2S4F8_STRDY,0.5535155721161771
UniRef100_A0A5C4P760 CRISPR-associated endonuclease Cas9 n=2 Tax=Streptococcus TaxID=1301 RepID=A0A5C4P760_STRSL,0.5020354401316648
UniRef100_A0A7U7UPK6 CRISPR-associated endonuclease Cas9 n=1 Tax=Campylobacter coli TaxID=195 RepID=A0A7U7UPK6_CAMCO,0.47102840533350615
UniRef100_A0A5Q2S8X8 CRISPR-associated endonuclease Cas9 n=1 Tax=Streptococcus dysgalactiae subsp. dysgalactiae TaxID=99822 RepID=A0A5Q2S8X8_STRDY,0.5516744212480357
UniRef100_A0A7U7XKQ9 CRISPR-associated endonuclease Cas9 n=1 Tax=Campylobacter coli TaxID=195 RepID=A0A7U7XKQ9_CAMCO,0.5361106011246871
UniRef100_A0A693DVL6 CRISPR-associated endonuclease Cas9 n=1 Tax=Campylobacter coli TaxID=195 RepID=A0A693DVL6_CAMCO,0.47102840533350615
UniRef100_R9I6A5 CRISPR-associated endonuclease Cas9 n=1 Tax=Phocaeicola sartorii TaxID=671267 RepID=R9I6A5_9BACT,0.5889175999303812
UniRef100_A0A250ENI5 CRISPR-associated endonuclease Cas9 n=1 Tax=Capnocytophaga sp. H2931 TaxID=1945657 RepID=A0A250ENI5_9FLAO,0.6529111738404438
UniRef100_A0A6A8M2X5 CRISPR-associated endonuclease Cas9 n=2 Tax=unclassified Collinsella TaxID=2637548 RepID=A0A6A8M2X5_9ACTN,0.5128721584907451
UniRef100_E9DN79 CRISPR-associated endonuclease Cas9 n=1 Tax=Streptococcus sp. C150 TaxID=435842 RepID=E9DN79_9STRE,0.5028974828378087
UniRef100_A0A4S2QB06 CRISPR-associated endonuclease Cas9 n=1 Tax=Rodentibacter pneumotropicus TaxID=758 RepID=A0A4S2QB06_9PAST,0.5168310872460059
UniRef100_A0A5P3I6W6 CRISPR-associated endonuclease Cas9 n=1 Tax=Mycoplasma gallisepticum TaxID=2096 RepID=A0A5P3I6W6_MYCGL,0.5061570742089477
UniRef100_A0A369Z1C7 CRISPR-associated endonuclease Cas9 n=1 Tax=Haemophilus parainfluenzae TaxID=729 RepID=A0A369Z1C7_HAEPA,0.529769769651979
UniRef100_A0A7U7YXZ2 CRISPR-associated endonuclease Cas9 n=1 Tax=Campylobacter coli TaxID=195 RepID=A0A7U7YXZ2_CAMCO,0.5339454249016465
UniRef100_A0A1T5BAU6 CRISPR-associated endonuclease Cas9 n=1 Tax=Parabacteroides chartae TaxID=1037355 RepID=A0A1T5BAU6_9BACT,0.6461922103402524
UniRef100_A0A654MME4 CRISPR-associated endonuclease Cas9 n=1 Tax=Campylobacter coli TaxID=195 RepID=A0A654MME4_CAMCO,0.5361106011246871
UniRef100_A0A823S3V8 Type II CRISPR RNA-guided endonuclease Cas9 n=2 Tax=Campylobacter TaxID=194 RepID=A0A823S3V8_CAMCO,0.5374534918924045
UniRef100_A0A420ZW23 CRISPR-associated endonuclease Cas9 n=1 Tax=Nitrosomonas sp. Nm120 TaxID=1945877 RepID=A0A420ZW23_9PROT,0.5415733422947792
UniRef100_A0A694VCX7 CRISPR-associated endonuclease Cas9 n=1 Tax=Campylobacter coli TaxID=195 RepID=A0A694VCX7_CAMCO,0.47102840533350615
UniRef100_A0A7U8BBQ0 CRISPR-associated endonuclease Cas9 n=1 Tax=Campylobacter coli TaxID=195 RepID=A0A7U8BBQ0_CAMCO,0.47102840533350615
UniRef100_A0A4V3RU03 CRISPR-associated endonuclease Cas9 n=1 Tax=Phocaeicola sartorii TaxID=671267 RepID=A0A4V3RU03_9BACT,0.5889175999303812
UniRef100_A0A367C9N0 CRISPR-associated endonuclease Cas9 n=2 Tax=Enterococcus durans TaxID=53345 RepID=A0A367C9N0_9ENTE,0.5780385183825794
UniRef100_A0A7U9M7C9 CRISPR-associated endonuclease Cas9 n=1 Tax=Streptococcus canis TaxID=1329 RepID=A0A7U9M7C9_STRCB,0.4578666073410418
UniRef100_A0A416ZHF4 CRISPR-associated endonuclease Cas9 n=1 Tax=Collinsella sp. AF08-23 TaxID=2292211 RepID=A0A416ZHF4_9ACTN,0.502858761038182
UniRef100_A0A3D0CNW0 CRISPR-associated endonuclease Cas9 n=1 Tax=Streptococcus sp. TaxID=1306 RepID=A0A3D0CNW0_STRSP,0.5614446072634737
UniRef100_A0A3D8ZCQ0 CRISPR-associated endonuclease Cas9 n=6 Tax=Staphylococcus pseudintermedius TaxID=283734 RepID=A0A3D8ZCQ0_STAPS,0.5061660448231958
UniRef100_A0A3E4Q6Q0 CRISPR-associated endonuclease Cas9 n=3 Tax=Bacteroidales TaxID=171549 RepID=A0A3E4Q6Q0_BACUN,0.6215404578457052
UniRef100_A0A6I2UCL7 CRISPR-associated endonuclease Cas9 n=1 Tax=Ruthenibacterium lactatiformans TaxID=1550024 RepID=A0A6I2UCL7_9FIRM,0.527745726363482
UniRef100_A0A0C9PBG0 CRISPR-associated endonuclease Cas9 n=1 Tax=Candidatus Brocadia sinica JPN1 TaxID=1197129 RepID=A0A0C9PBG0_9BACT,0.41611059353955915
UniRef100_A0A1Q6FLZ7 CRISPR-associated endonuclease Cas9 n=1 Tax=Bacteroidales bacterium 43_36 TaxID=1897038 RepID=A0A1Q6FLZ7_9BACT,0.5746613411959736
UniRef100_A0A3D5PHV7 CRISPR-associated endonuclease Cas9 n=1 Tax=Clostridiales bacterium TaxID=1898207 RepID=A0A3D5PHV7_9FIRM,0.5709733107183491
UniRef100_A0A0D8IYR9 CRISPR-associated endonuclease Cas9 n=1 Tax=Ruthenibacterium lactatiformans TaxID=1550024 RepID=A0A0D8IYR9_9FIRM,0.527745726363482
UniRef100_A0A5S9UY33 CRISPR-associated endonuclease Cas9 n=2 Tax=Tenacibaculum maritimum TaxID=107401 RepID=A0A5S9UY33_9FLAO,0.5983630337780955
UniRef100_A0A377PZ75 CRISPR-associated endonuclease Cas9 n=2 Tax=Helicobacter pullorum TaxID=35818 RepID=A0A377PZ75_9HELI,0.4913515320268059
UniRef100_UPI0013F60FDB type II-B CRISPR-associated RNA-guided endonuclease Cas9/Csx12 n=1 Tax=Sutterella wadsworthensis TaxID=40545 RepID=UPI0013F60FDB,0.48448220729898656
UniRef100_UPI0013F62B32 type II-B CRISPR-associated RNA-guided endonuclease Cas9/Csx12 n=1 Tax=Sutterella wadsworthensis TaxID=40545 RepID=UPI0013F62B32,0.48732260269493666
UniRef100_A0A2T4MN97 CRISPR-associated endonuclease Cas9 n=4 Tax=Staphylococcus agnetis TaxID=985762 RepID=A0A2T4MN97_9STAP,0.5514367895929501
UniRef100_A0A1C0W3U5 CRISPR-associated endonuclease Cas9 n=2 Tax=Helicobacter pullorum TaxID=35818 RepID=A0A1C0W3U5_9HELI,0.4913515320268059
UniRef100_UPI0019047671 type II-B CRISPR-associated RNA-guided endonuclease Cas9/Csx12 n=1 Tax=Francisella hispaniensis TaxID=622488 RepID=UPI0019047671,0.5404813948590862
UniRef100_A0A1V9QLR1 CRISPR-associated endonuclease Cas9 n=5 Tax=Ligilactobacillus salivarius TaxID=1624 RepID=A0A1V9QLR1_9LACO,0.5421298776034186
UniRef100_A0A151A3A4 CRISPR-associated endonuclease Cas9 n=1 Tax=Staphylococcus kloosii TaxID=29384 RepID=A0A151A3A4_9STAP,0.5275096055313743
UniRef100_F0FD37 CRISPR-associated endonuclease Cas9 n=1 Tax=Streptococcus sanguinis SK353 TaxID=888815 RepID=F0FD37_STRSA,0.5607446130279456
UniRef100_A0A2T4PZB1 CRISPR-associated endonuclease Cas9 n=3 Tax=Staphylococcus warneri TaxID=1292 RepID=A0A2T4PZB1_STAWA,0.5189179158795609
UniRef100_A0A2M8TN96 CRISPR-associated endonuclease Cas9 n=1 Tax=Prevotella intermedia TaxID=28131 RepID=A0A2M8TN96_PREIN,0.6121873302669423
UniRef100_A0A6N7V3M8 CRISPR-associated endonuclease Cas9 n=1 Tax=Holdemanella porci TaxID=2652276 RepID=A0A6N7V3M8_9FIRM,0.511825884503312
UniRef100_A0A2J8BBT1 CRISPR-associated endonuclease Cas9 n=1 Tax=Megasphaera genomosp. type_2 TaxID=699193 RepID=A0A2J8BBT1_9FIRM,0.5254289194124866
UniRef100_A0A5M5X193 CRISPR-associated endonuclease Cas9 n=1 Tax=Bacteroides fragilis TaxID=817 RepID=A0A5M5X193_BACFG,0.6620617325538101
UniRef100_A0A328K775 CRISPR-associated endonuclease Cas9 n=1 Tax=Dolosigranulum pigrum TaxID=29394 RepID=A0A328K775_9LACT,0.5715446020931665
UniRef100_A0A2D3NBQ5 CRISPR-associated endonuclease Cas9 n=1 Tax=Prevotella intermedia TaxID=28131 RepID=A0A2D3NBQ5_PREIN,0.6121873302669423
UniRef100_A0A2D3LIX5 CRISPR-associated endonuclease Cas9 n=1 Tax=Prevotella intermedia TaxID=28131 RepID=A0A2D3LIX5_PREIN,0.6121873302669423
UniRef100_A0A2G8IAT9 CRISPR-associated endonuclease Cas9 n=1 Tax=Prevotella intermedia TaxID=28131 RepID=A0A2G8IAT9_PREIN,0.6121873302669423
UniRef100_A0A7Y9B1V0 CRISPR-associated endonuclease Cas9 n=1 Tax=Capnocytophaga sp. oral taxon 903 TaxID=2748317 RepID=A0A7Y9B1V0_9FLAO,0.5576801174037219
UniRef100_A0A2G9IGK4 CRISPR-associated endonuclease Cas9 n=1 Tax=Prevotella intermedia TaxID=28131 RepID=A0A2G9IGK4_PREIN,0.6121873302669423
UniRef100_A0A5C6JFZ5 CRISPR-associated endonuclease Cas9 n=1 Tax=Bacteroides fragilis TaxID=817 RepID=A0A5C6JFZ5_BACFG,0.6620617325538101
UniRef100_A0A2A6EP65 CRISPR-associated endonuclease Cas9 n=1 Tax=Prevotella intermedia TaxID=28131 RepID=A0A2A6EP65_PREIN,0.6121873302669423
UniRef100_A0A2A4HAP5 CRISPR-associated endonuclease Cas9 n=1 Tax=Staphylococcus delphini TaxID=53344 RepID=A0A2A4HAP5_9STAP,0.5053100749325151
UniRef100_A0A2M8TWD6 CRISPR-associated endonuclease Cas9 n=1 Tax=Prevotella intermedia TaxID=28131 RepID=A0A2M8TWD6_PREIN,0.6121873302669423
UniRef100_A0A2X2UV58 CRISPR-associated endonuclease Cas9 n=1 Tax=Capnocytophaga ochracea TaxID=1018 RepID=A0A2X2UV58_CAPOC,0.6224514359995229
UniRef100_A8AY02 CRISPR-associated endonuclease Cas9 n=1 Tax=Streptococcus gordonii (strain Challis / ATCC 35105 / BCRC 15272 / CH1 / DL1 / V288) TaxID=467705 RepID=A8AY02_STRGC,0.5201181536922905
UniRef100_A0A448K7T0 CRISPR-associated endonuclease Cas9 n=1 Tax=Pasteurella aerogenes TaxID=749 RepID=A0A448K7T0_PASAE,0.5580886807332116
UniRef100_A0A412XVI5 CRISPR-associated endonuclease Cas9 n=1 Tax=Bacteroides fragilis TaxID=817 RepID=A0A412XVI5_BACFG,0.6610640001275062
UniRef100_A0A2D3M501 CRISPR-associated endonuclease Cas9 n=1 Tax=Prevotella intermedia TaxID=28131 RepID=A0A2D3M501_PREIN,0.6121873302669423
UniRef100_A0A2X2RBS4 CRISPR-associated endonuclease Cas9 n=1 Tax=Capnocytophaga ochracea TaxID=1018 RepID=A0A2X2RBS4_CAPOC,0.5421379475994947
UniRef100_A0A243MDI9 CRISPR-associated endonuclease Cas9 n=1 Tax=Bacillus thuringiensis serovar zhaodongensis TaxID=180896 RepID=A0A243MDI9_BACTU,0.5597266359904082
UniRef100_A0A0A2F4C3 CRISPR-associated endonuclease Cas9 n=1 Tax=Porphyromonas gulae TaxID=111105 RepID=A0A0A2F4C3_9PORP,0.6218484541289232
UniRef100_A0A509DBS2 CRISPR-associated endonuclease Cas9 n=1 Tax=Streptococcus sp. NCTC 11567 TaxID=2583584 RepID=A0A509DBS2_9STRE,0.5535155721161771
UniRef100_A0A3R6HER5 CRISPR-associated endonuclease Cas9 n=1 Tax=Prevotella sp. AM23-5 TaxID=2292054 RepID=A0A3R6HER5_9BACT,0.5768540139072873
UniRef100_A0A418G6P6 CRISPR-associated endonuclease Cas9 n=1 Tax=Streptococcus anginosus TaxID=1328 RepID=A0A418G6P6_STRAP,0.5618655673914812
UniRef100_R6TGN6 CRISPR-associated endonuclease Cas9 n=1 Tax=Eubacterium rectale CAG:36 TaxID=1263079 RepID=R6TGN6_9FIRM,0.5143004476726472
UniRef100_A0A328KW99 CRISPR-associated endonuclease Cas9 n=1 Tax=Dolosigranulum pigrum TaxID=29394 RepID=A0A328KW99_9LACT,0.5715446020931665
UniRef100_A0A3E4XG58 CRISPR-associated endonuclease Cas9 n=1 Tax=Bacteroides uniformis TaxID=820 RepID=A0A3E4XG58_BACUN,0.6199149659108714
UniRef100_A0A4U9ZD76 CRISPR-associated endonuclease Cas9 n=1 Tax=Streptococcus anginosus TaxID=1328 RepID=A0A4U9ZD76_STRAP,0.5685833806666085
UniRef100_A0A2Z3HJ74 CRISPR-associated endonuclease Cas9 n=1 Tax=Lactobacillus kullabergensis TaxID=1218493 RepID=A0A2Z3HJ74_9LACO,0.5628366154424227
UniRef100_A0A1F0DMA4 CRISPR-associated endonuclease Cas9 n=1 Tax=Neisseria sp. HMSC056A03 TaxID=1739544 RepID=A0A1F0DMA4_9NEIS,0.51197666089796
UniRef100_A0A3D5CX64 CRISPR-associated endonuclease Cas9 n=1 Tax=Enterococcus sp. TaxID=35783 RepID=A0A3D5CX64_ENTSX,0.5632898478235158
UniRef100_A0A4U2N415 CRISPR-associated endonuclease Cas9 n=1 Tax=Bacillus wiedmannii TaxID=1890302 RepID=A0A4U2N415_9BACI,0.5647806470498696
UniRef100_A0A3R6WLA1 CRISPR-associated endonuclease Cas9 n=1 Tax=Coprococcus sp. AF16-5 TaxID=2293088 RepID=A0A3R6WLA1_9FIRM,0.5273706589633685
UniRef100_A0A1S1DIH5 CRISPR-associated endonuclease Cas9 n=5 Tax=Streptococcus TaxID=1301 RepID=A0A1S1DIH5_9STRE,0.510715703054116
UniRef100_A0A173UVP4 CRISPR-associated endonuclease Cas9 n=1 Tax=Dorea longicatena TaxID=88431 RepID=A0A173UVP4_9FIRM,0.5832307637568144
UniRef100_A0A696NCR2 CRISPR-associated endonuclease Cas9 n=1 Tax=Campylobacter jejuni TaxID=197 RepID=A0A696NCR2_CAMJU,0.5339454249016465
UniRef100_A0A7I9M921 CRISPR-associated endonuclease Cas9 n=1 Tax=Campylobacter jejuni TaxID=197 RepID=A0A7I9M921_CAMJU,0.47102840533350615
UniRef100_A0A5D3EFX9 CRISPR-associated endonuclease Cas9 n=1 Tax=Bacteroides pyogenes TaxID=310300 RepID=A0A5D3EFX9_9BACE,0.5871786741125304
UniRef100_A0A372WRV1 CRISPR-associated endonuclease Cas9 n=1 Tax=Subdoligranulum sp. AM23-21AC TaxID=2302961 RepID=A0A372WRV1_9FIRM,0.527745726363482
UniRef100_A0A6N9JZL7 CRISPR-associated endonuclease Cas9 n=1 Tax=Dorea longicatena TaxID=88431 RepID=A0A6N9JZL7_9FIRM,0.5080891158783231
UniRef100_A0A381CRM8 CRISPR-associated endonuclease Cas9 n=1 Tax=Campylobacter jejuni TaxID=197 RepID=A0A381CRM8_CAMJU,0.5361106011246871
UniRef100_A0A430VB21 CRISPR-associated endonuclease Cas9 n=1 Tax=Campylobacter jejuni TaxID=197 RepID=A0A430VB21_CAMJU,0.5361106011246871
UniRef100_A0A2U0QMG7 CRISPR-associated endonuclease Cas9 n=2 Tax=Campylobacter jejuni TaxID=197 RepID=A0A2U0QMG7_CAMJU,0.461339973241371
UniRef100_A0A1F0HBZ7 CRISPR-associated endonuclease Cas9 n=1 Tax=Neisseria sp. HMSC065C04 TaxID=1739524 RepID=A0A1F0HBZ7_9NEIS,0.5131779945537707
UniRef100_A0A1Y3ZBY1 CRISPR-associated endonuclease Cas9 n=1 Tax=Parabacteroides johnsonii TaxID=387661 RepID=A0A1Y3ZBY1_9BACT,0.6673191760533886
UniRef100_A0A5C4YBX1 CRISPR-associated endonuclease Cas9 n=1 Tax=Campylobacter jejuni TaxID=197 RepID=A0A5C4YBX1_CAMJU,0.47102840533350615
UniRef100_A0A414T266 CRISPR-associated endonuclease Cas9 n=2 Tax=Dorea longicatena TaxID=88431 RepID=A0A414T266_9FIRM,0.48648224845209975
UniRef100_A0A6L8RYH3 CRISPR-associated endonuclease Cas9 n=1 Tax=Dorea longicatena TaxID=88431 RepID=A0A6L8RYH3_9FIRM,0.5096903706597766
UniRef100_A0A4Y9GBC9 CRISPR-associated endonuclease Cas9 n=1 Tax=Neisseria sp. WF04 TaxID=2558283 RepID=A0A4Y9GBC9_9NEIS,0.5438774102542883
UniRef100_A0A6V6Z0W6 CRISPR-associated endonuclease Cas9 n=1 Tax=Flavobacterium sp. T13(2019) TaxID=2654844 RepID=A0A6V6Z0W6_9FLAO,0.5805692296422437
UniRef100_A0A6N9EJD4 CRISPR-associated endonuclease Cas9 n=1 Tax=Synechococcus sp. SB0675_bin_7 TaxID=2604868 RepID=A0A6N9EJD4_9SYNE,0.609833527178631
UniRef100_A0A7X0X8I8 CRISPR-associated endonuclease Cas9 n=1 Tax=Listeria immobilis TaxID=2713502 RepID=A0A7X0X8I8_9LIST,0.5743100284066525
UniRef100_S2D876 CRISPR-associated endonuclease Cas9 n=1 Tax=Indibacter alkaliphilus LW1 TaxID=1189612 RepID=S2D876_9BACT,0.6248089300530522
UniRef100_J0WLS6 CRISPR-associated endonuclease Cas9 n=1 Tax=Capnocytophaga sp. oral taxon 335 str. F0486 TaxID=1125720 RepID=J0WLS6_9FLAO,0.5261851659323221
UniRef100_R7G6K2 CRISPR-associated endonuclease Cas9 n=1 Tax=Eubacterium dolichum CAG:375 TaxID=1263076 RepID=R7G6K2_9FIRM,0.5304121499982254
UniRef100_A0A366UCT0 CRISPR-associated endonuclease Cas9 n=1 Tax=Enterococcus hirae TaxID=1354 RepID=A0A366UCT0_ENTHR,0.5632898478235158
UniRef100_A0A3D5LKY5 CRISPR-associated endonuclease Cas9 n=1 Tax=Oscillospiraceae bacterium TaxID=2485925 RepID=A0A3D5LKY5_9FIRM,0.5241109551908352
UniRef100_A0A690ANS8 CRISPR-associated endonuclease Cas9 n=2 Tax=Campylobacter jejuni TaxID=197 RepID=A0A690ANS8_CAMJU,0.5339454249016465
UniRef100_R5FTM9 CRISPR-associated endonuclease Cas9 n=1 Tax=Porphyromonas sp. CAG:1061 TaxID=1262916 RepID=R5FTM9_9PORP,0.5008440184494936
UniRef100_A0A5T0P9Z4 CRISPR-associated endonuclease Cas9 n=1 Tax=Campylobacter jejuni TaxID=197 RepID=A0A5T0P9Z4_CAMJU,0.5339454249016465
UniRef100_A0A7D7GMQ0 CRISPR-associated endonuclease Cas9 n=1 Tax=Carnobacteriaceae bacterium zg84 TaxID=2758033 RepID=A0A7D7GMQ0_9LACT,0.5663887186129974
UniRef100_A0A2U0UFR7 CRISPR-associated endonuclease Cas9 n=1 Tax=Prevotella colorans TaxID=1703337 RepID=A0A2U0UFR7_9BACT,0.5698015303262396
UniRef100_A0A7X8C2E1 CRISPR-associated endonuclease Cas9 n=1 Tax=Globicatella sulfidifaciens TaxID=136093 RepID=A0A7X8C2E1_9LACT,0.4779331142052304
UniRef100_A0A1S1FE71 CRISPR-associated endonuclease Cas9 n=1 Tax=Streptococcus sp. HMSC034B03 TaxID=1715113 RepID=A0A1S1FE71_9STRE,0.5148559633537363
UniRef100_A0A431C1E8 CRISPR-associated endonuclease Cas9 n=1 Tax=Campylobacter jejuni TaxID=197 RepID=A0A431C1E8_CAMJU,0.5388046556991519
UniRef100_A0A690ZWN1 CRISPR-associated endonuclease Cas9 n=1 Tax=Campylobacter jejuni TaxID=197 RepID=A0A690ZWN1_CAMJU,0.5361106011246871
UniRef100_A0A426RA83 CRISPR-associated endonuclease Cas9 n=1 Tax=Chryseobacterium sp. SC28 TaxID=2268028 RepID=A0A426RA83_9FLAO,0.5323629759320369
UniRef100_R0P7Y6 CRISPR-associated endonuclease Cas9 n=1 Tax=Streptococcus mitis 13/39 TaxID=1239793 RepID=R0P7Y6_STRMT,0.5197939487348971
UniRef100_A0A3X8TXU1 CRISPR-associated endonuclease Cas9 n=1 Tax=Campylobacter jejuni TaxID=197 RepID=A0A3X8TXU1_CAMJU,0.5361106011246871
UniRef100_A0A6H6E990 CRISPR-associated endonuclease Cas9 n=1 Tax=Campylobacter jejuni TaxID=197 RepID=A0A6H6E990_CAMJU,0.5339454249016465
UniRef100_A0A695HW82 CRISPR-associated endonuclease Cas9 n=1 Tax=Campylobacter jejuni TaxID=197 RepID=A0A695HW82_CAMJU,0.5437433342431395
UniRef100_A0A3D5LGP9 CRISPR-associated endonuclease Cas9 n=1 Tax=Roseburia sp. TaxID=2049040 RepID=A0A3D5LGP9_9FIRM,0.44265526049833026
UniRef100_A0A5T0PF67 CRISPR-associated endonuclease Cas9 n=1 Tax=Campylobacter jejuni TaxID=197 RepID=A0A5T0PF67_CAMJU,0.47102840533350615
UniRef100_A0A4Z1BDE9 CRISPR-associated endonuclease Cas9 n=1 Tax=Staphylococcus pragensis TaxID=1611836 RepID=A0A4Z1BDE9_9STAP,0.5246406812791786
UniRef100_A0A7K0GA18 CRISPR-associated endonuclease Cas9 n=1 Tax=Enorma sp. HF-1365 TaxID=2606615 RepID=A0A7K0GA18_9ACTN,0.5129003187891304
UniRef100_A0A7I9KXS2 CRISPR-associated endonuclease Cas9 n=1 Tax=Campylobacter jejuni TaxID=197 RepID=A0A7I9KXS2_CAMJU,0.5361106011246871
UniRef100_A0A5C4YDH0 CRISPR-associated endonuclease Cas9 n=1 Tax=Campylobacter jejuni TaxID=197 RepID=A0A5C4YDH0_CAMJU,0.5339454249016465
UniRef100_A0A823LVW7 Type II CRISPR RNA-guided endonuclease Cas9 n=2 Tax=Campylobacter TaxID=194 RepID=A0A823LVW7_CAMJU,0.5339454249016465
UniRef100_A9M1K5 CRISPR-associated endonuclease Cas9 n=2 Tax=Neisseria meningitidis TaxID=487 RepID=A9M1K5_NEIM0,0.512838703604104
UniRef100_A0A6I4REG3 CRISPR-associated endonuclease Cas9 n=2 Tax=unclassified Streptococcus TaxID=2608887 RepID=A0A6I4REG3_9STRE,0.5232285722225156
UniRef100_A0A1Q6G4F5 CRISPR-associated endonuclease Cas9 n=1 Tax=Bacteroides oleiciplenus TaxID=626931 RepID=A0A1Q6G4F5_9BACE,0.4880133990289892
UniRef100_A0A243AJP8 CRISPR-associated endonuclease Cas9 n=1 Tax=Bacillus thuringiensis serovar navarrensis TaxID=339658 RepID=A0A243AJP8_BACTU,0.5707598386498772
UniRef100_A0A2A2A9T5 CRISPR-associated endonuclease Cas9 n=1 Tax=Comamonadaceae bacterium NML03-0146 TaxID=2029117 RepID=A0A2A2A9T5_9BURK,0.5012123120308214
UniRef100_A0A395UZ50 CRISPR-associated endonuclease Cas9 n=1 Tax=[Eubacterium] rectale TaxID=39491 RepID=A0A395UZ50_9FIRM,0.5143004476726472
UniRef100_A0A1F1B9V9 CRISPR-associated endonuclease Cas9 n=1 Tax=Neisseria sp. HMSC055H02 TaxID=1739411 RepID=A0A1F1B9V9_9NEIS,0.503757270710585
UniRef100_A0A4V1QXZ0 CRISPR-associated endonuclease Cas9 n=1 Tax=Fusobacterium necrophorum TaxID=859 RepID=A0A4V1QXZ0_9FUSO,0.4948347339838992
UniRef100_A0A414A1L7 CRISPR-associated endonuclease Cas9 n=1 Tax=[Eubacterium] rectale TaxID=39491 RepID=A0A414A1L7_9FIRM,0.48139069758620423
UniRef100_A0A412Q7H4 CRISPR-associated endonuclease Cas9 n=1 Tax=[Eubacterium] rectale TaxID=39491 RepID=A0A412Q7H4_9FIRM,0.5143004476726472
UniRef100_A0A396FQL1 CRISPR-associated endonuclease Cas9 n=1 Tax=[Eubacterium] rectale TaxID=39491 RepID=A0A396FQL1_9FIRM,0.5143004476726472
UniRef100_A0A3D5LVE5 CRISPR-associated endonuclease Cas9 n=1 Tax=Eubacterium sp. TaxID=142586 RepID=A0A3D5LVE5_9FIRM,0.5620024063419651
UniRef100_A0A3D6EBI4 CRISPR-associated endonuclease Cas9 n=1 Tax=Porphyromonadaceae bacterium TaxID=2049046 RepID=A0A3D6EBI4_9PORP,0.5672049737492162
UniRef100_A0A7C9HDC3 CRISPR-associated endonuclease Cas9 n=1 Tax=Prevotella sp. A2879 TaxID=2608404 RepID=A0A7C9HDC3_9BACT,0.5980455274199231
UniRef100_A0A416UYK7 CRISPR-associated endonuclease Cas9 n=1 Tax=Parabacteroides sp. AF17-28 TaxID=2292241 RepID=A0A416UYK7_9BACT,0.5551446824506492
UniRef100_A0A1Q6R559 CRISPR-associated endonuclease Cas9 n=1 Tax=Phascolarctobacterium succinatutens TaxID=626940 RepID=A0A1Q6R559_9FIRM,0.595109056203022
UniRef100_A0A7L4TPD1 CRISPR-associated endonuclease Cas9 n=1 Tax=Flavobacterium sp. IR1 TaxID=2026304 RepID=A0A7L4TPD1_9FLAO,0.6416522936838177
UniRef100_A0A1R1I348 CRISPR-associated endonuclease Cas9 n=1 Tax=Azonexus hydrophilus TaxID=418702 RepID=A0A1R1I348_9RHOO,0.5407165654363664
UniRef100_A0A6M1KZL5 CRISPR-associated endonuclease Cas9 n=1 Tax=Streptococcus equi subsp. ruminatorum TaxID=254358 RepID=A0A6M1KZL5_9STRE,0.5665033525648486
UniRef100_A0A134BD56 CRISPR-associated endonuclease Cas9 n=1 Tax=Prevotella sp. DNF00663 TaxID=1384078 RepID=A0A134BD56_9BACT,0.5242125558363666
UniRef100_A0A1N7HXF3 CRISPR-associated endonuclease Cas9 n=1 Tax=Chryseobacterium shigense TaxID=297244 RepID=A0A1N7HXF3_9FLAO,0.5574732374738418
UniRef100_A0A415K3Z9 CRISPR-associated endonuclease Cas9 n=1 Tax=[Eubacterium] rectale TaxID=39491 RepID=A0A415K3Z9_9FIRM,0.48139069758620423
UniRef100_A0A0R2HDR9 CRISPR-associated endonuclease Cas9 n=1 Tax=Pediococcus damnosus TaxID=51663 RepID=A0A0R2HDR9_9LACO,0.5509948237865938
UniRef100_A0A250EBH2 CRISPR-associated endonuclease Cas9 n=1 Tax=Capnocytophaga cynodegmi TaxID=28189 RepID=A0A250EBH2_9FLAO,0.6469090320254013
UniRef100_A0A413U2Y1 CRISPR-associated endonuclease Cas9 n=1 Tax=[Eubacterium] rectale TaxID=39491 RepID=A0A413U2Y1_9FIRM,0.48422959258681536
UniRef100_A0A414HQE9 CRISPR-associated endonuclease Cas9 n=1 Tax=[Eubacterium] rectale TaxID=39491 RepID=A0A414HQE9_9FIRM,0.48139069758620423
UniRef100_A0A250F2V3 CRISPR-associated endonuclease Cas9 n=1 Tax=Capnocytophaga sputigena TaxID=1019 RepID=A0A250F2V3_CAPSP,0.5618894070212083
UniRef100_A0A660A3R3 CRISPR-associated endonuclease Cas9 n=1 Tax=Streptococcus pyogenes TaxID=1314 RepID=A0A660A3R3_STRPY,0.5535155721161771
UniRef100_A0A7G1J6S0 CRISPR-associated endonuclease Cas9 n=2 Tax=Streptococcus pyogenes TaxID=1314 RepID=A0A7G1J6S0_STRPY,0.5535155721161771
UniRef100_A0A1Q6K968 CRISPR-associated endonuclease Cas9 n=1 Tax=Clostridiales bacterium 41_12_two_minus TaxID=1897043 RepID=A0A1Q6K968_9FIRM,0.5080891158783231
UniRef100_A0A2S9W9Q6 CRISPR-associated endonuclease Cas9 n=1 Tax=Lactiplantibacillus pentosus TaxID=1589 RepID=A0A2S9W9Q6_LACPE,0.6043905569568512
UniRef100_A0A2X3V3P8 CRISPR-associated endonuclease Cas9 n=1 Tax=Streptococcus thermophilus TaxID=1308 RepID=A0A2X3V3P8_STRTR,0.5586700442934778
UniRef100_A0A239C9W9 CRISPR-associated endonuclease Cas9 n=1 Tax=Belliella buryatensis TaxID=1500549 RepID=A0A239C9W9_9BACT,0.6452552214922046
UniRef100_A0A6B1J593 CRISPR-associated endonuclease Cas9 n=2 Tax=Streptococcus pyogenes TaxID=1314 RepID=A0A6B1J593_STRPY,0.5535155721161771
UniRef100_A0A829ZF41 CRISPR-associated endonuclease Cas9 2 n=1 Tax=Lactobacillaceae bacterium TaxID=2291323 RepID=A0A829ZF41_9LACT,0.5328948829580111
UniRef100_A0A7U7CIH1 CRISPR-associated endonuclease Cas9 n=1 Tax=Streptococcus thermophilus TaxID=1308 RepID=A0A7U7CIH1_STRTR,0.530635897266926
UniRef100_A0A3S5A9U9 CRISPR-associated endonuclease Cas9 n=1 Tax=Capnocytophaga sputigena TaxID=1019 RepID=A0A3S5A9U9_CAPSP,0.6405380466686236
UniRef100_A0A7H1DW46 CRISPR-associated endonuclease Cas9 n=1 Tax=Chryseobacterium manosquense TaxID=2754694 RepID=A0A7H1DW46_9FLAO,0.6524063173852435
UniRef100_A0A1I6UWB8 CRISPR-associated endonuclease Cas9 n=1 Tax=Porphyromonadaceae bacterium NLAE-zl-C104 TaxID=1855399 RepID=A0A1I6UWB8_9PORP,0.4821136979244675
UniRef100_D7IW96 CRISPR-associated endonuclease Cas9 n=2 Tax=Bacteroidales TaxID=171549 RepID=D7IW96_9BACE,0.6697701404411117
UniRef100_D2EJF1 CRISPR-associated endonuclease Cas9 n=1 Tax=Pediococcus acidilactici 7_4 TaxID=563194 RepID=D2EJF1_PEDAC,0.5471515715220134
UniRef100_A0A7X2B2C7 CRISPR-associated endonuclease Cas9 n=1 Tax=Bacillus thuringiensis TaxID=1428 RepID=A0A7X2B2C7_BACTU,0.5617705830015689
UniRef100_A0A250DVH8 CRISPR-associated endonuclease Cas9 n=1 Tax=Geobacillus stearothermophilus TaxID=1422 RepID=A0A250DVH8_GEOSE,0.588378333557951
UniRef100_A0A7X1DES7 CRISPR-associated endonuclease Cas9 n=1 Tax=Listeria farberi TaxID=2713500 RepID=A0A7X1DES7_9LIST,0.5791918271197306
UniRef100_A0A2S9VU59 CRISPR-associated endonuclease Cas9 n=1 Tax=Lactiplantibacillus pentosus TaxID=1589 RepID=A0A2S9VU59_LACPE,0.6043905569568512
UniRef100_A0A515ITR1 CRISPR-associated endonuclease Cas9 n=2 Tax=Bacteroides TaxID=816 RepID=A0A515ITR1_BACOV,0.5953391702124172
UniRef100_A0A7H0RKT0 CRISPR-associated endonuclease Cas9 n=1 Tax=Streptococcus pyogenes TaxID=1314 RepID=A0A7H0RKT0_STRPY,0.5535155721161771
UniRef100_A0A6N3WP99 CRISPR-associated endonuclease Cas9 n=2 Tax=Geobacillus TaxID=129337 RepID=A0A6N3WP99_9BACI,0.5791107754598055
UniRef100_A0A6C2W828 CRISPR-associated endonuclease Cas9 n=1 Tax=Streptococcus pyogenes TaxID=1314 RepID=A0A6C2W828_STRPY,0.5535155721161771
UniRef100_A0A316SQN8 CRISPR-associated endonuclease Cas9 n=1 Tax=Subdoligranulum sp. TaxID=2053618 RepID=A0A316SQN8_9FIRM,0.5709733107183491
UniRef100_A0A250FIA9 CRISPR-associated endonuclease Cas9 n=1 Tax=Capnocytophaga sputigena TaxID=1019 RepID=A0A250FIA9_CAPSP,0.5535769470153262
UniRef100_A0A0Q9CTQ5 CRISPR-associated endonuclease Cas9 n=1 Tax=Acidovorax sp. Root275 TaxID=1736508 RepID=A0A0Q9CTQ5_9BURK,0.5106692617326282
UniRef100_A0A378XLB9 CRISPR-associated endonuclease Cas9 n=1 Tax=Oligella urethralis TaxID=90245 RepID=A0A378XLB9_9BURK,0.48772400923677417
UniRef100_A0A2A3N7Z4 CRISPR-associated endonuclease Cas9 n=1 Tax=Capnocytophaga sputigena TaxID=1019 RepID=A0A2A3N7Z4_CAPSP,0.5576801174037219
UniRef100_A0A1G6G0J4 CRISPR-associated endonuclease Cas9 n=1 Tax=Bacteroides ovatus TaxID=28116 RepID=A0A1G6G0J4_BACOV,0.6320223502724129
UniRef100_A0A380JYP3 CRISPR-associated endonuclease Cas9 n=1 Tax=Streptococcus gallolyticus TaxID=315405 RepID=A0A380JYP3_9STRE,0.5512427952062984
UniRef100_A9HKP2 CRISPR-associated endonuclease Cas9 n=2 Tax=Gluconacetobacter diazotrophicus TaxID=33996 RepID=A9HKP2_GLUDA,0.47932401696599525
UniRef100_A0A2J9QDJ7 CRISPR-associated endonuclease Cas9 n=3 Tax=Streptococcus TaxID=1301 RepID=A0A2J9QDJ7_STRMG,0.5664381711458962
UniRef100_A0A3C0JET5 CRISPR-associated endonuclease Cas9 n=1 Tax=Methylococcaceae bacterium TaxID=1933926 RepID=A0A3C0JET5_9GAMM,0.47002505374690257
UniRef100_A0A412RM41 CRISPR-associated endonuclease Cas9 n=1 Tax=Bacteroides cellulosilyticus TaxID=246787 RepID=A0A412RM41_9BACE,0.6665792362184735
UniRef100_A0A1S1DBV4 CRISPR-associated endonuclease Cas9 n=1 Tax=Streptococcus sp. HMSC066F01 TaxID=1715134 RepID=A0A1S1DBV4_9STRE,0.5151109605764933
UniRef100_H8MA21 CRISPR-associated endonuclease Cas9 n=1 Tax=Riemerella anatipestifer (strain ATCC 11845 / DSM 15868 / JCM 9532 / NCTC 11014) TaxID=693978 RepID=H8MA21_RIEAD,0.6427241338064785
UniRef100_A0A510WCH5 CRISPR-associated endonuclease Cas9 n=1 Tax=Enterococcus thailandicus TaxID=417368 RepID=A0A510WCH5_ENTTH,0.5752807068119075
UniRef100_A0A416HZK2 CRISPR-associated endonuclease Cas9 n=2 Tax=unclassified Clostridium TaxID=2614128 RepID=A0A416HZK2_9CLOT,0.5665587893373556
UniRef100_S3CB04 CRISPR-associated endonuclease Cas9 n=1 Tax=Capnocytophaga sp. oral taxon 336 str. F0502 TaxID=1203603 RepID=S3CB04_9FLAO,0.6385045650674411
UniRef100_A0A249SGB5 CRISPR-associated endonuclease Cas9 n=1 Tax=Enterococcus thailandicus TaxID=417368 RepID=A0A249SGB5_ENTTH,0.5752807068119075
UniRef100_A0A5R9BZQ0 CRISPR-associated endonuclease Cas9 n=1 Tax=Pediococcus stilesii TaxID=331679 RepID=A0A5R9BZQ0_9LACO,0.5535170727267373
UniRef100_A0A449BGR5 CRISPR-associated endonuclease Cas9 n=1 Tax=Mycoplasma arginini TaxID=2094 RepID=A0A449BGR5_MYCAR,0.45775379652384324
UniRef100_A0A1E3KQ44 CRISPR-associated endonuclease Cas9 n=1 Tax=Lactiplantibacillus plantarum TaxID=1590 RepID=A0A1E3KQ44_LACPN,0.6146721019249329
UniRef100_A0A416S075 CRISPR-associated endonuclease Cas9 n=1 Tax=Blautia sp. AF19-13LB TaxID=2292962 RepID=A0A416S075_9FIRM,0.5654074204597263
UniRef100_A0A3A9HW26 CRISPR-associated endonuclease Cas9 n=2 Tax=Eubacteriales TaxID=186802 RepID=A0A3A9HW26_9FIRM,0.5908008825213034
UniRef100_A0A0F4LMR6 CRISPR-associated endonuclease Cas9 n=1 Tax=Lactobacillus kimbladii TaxID=1218506 RepID=A0A0F4LMR6_9LACO,0.5628366154424227
UniRef100_A0A496M107 CRISPR-associated endonuclease Cas9 n=1 Tax=Streptococcus sp. TaxID=1306 RepID=A0A496M107_STRSP,0.5154621230579837
UniRef100_A0A354QSH8 CRISPR-associated endonuclease Cas9 n=1 Tax=Streptococcus sp. TaxID=1306 RepID=A0A354QSH8_STRSP,0.5666670584788194
UniRef100_A0A315BCR7 CRISPR-associated endonuclease Cas9 n=1 Tax=Riemerella anatipestifer TaxID=34085 RepID=A0A315BCR7_RIEAN,0.6532505284093096
UniRef100_A0A3R6S0A0 CRISPR-associated endonuclease Cas9 n=1 Tax=Clostridium sp. AF34-13 TaxID=2293012 RepID=A0A3R6S0A0_9CLOT,0.59569646075824
UniRef100_A0A3D0CP66 CRISPR-associated endonuclease Cas9 n=1 Tax=Streptococcus sp. TaxID=1306 RepID=A0A3D0CP66_STRSP,0.530635897266926
UniRef100_A0A7H4UGT7 CRISPR-associated endonuclease Cas9 n=2 Tax=Lactiplantibacillus TaxID=2767842 RepID=A0A7H4UGT7_LACPN,0.6043905569568512
UniRef100_A0A368UD41 CRISPR-associated endonuclease Cas9 n=1 Tax=Streptococcus gallolyticus TaxID=315405 RepID=A0A368UD41_9STRE,0.5256585408453935
UniRef100_A0A372V3U8 CRISPR-associated endonuclease Cas9 n=1 Tax=Subdoligranulum sp. AM16-9 TaxID=2302960 RepID=A0A372V3U8_9FIRM,0.527745726363482
UniRef100_A0A7Z2SHF7 CRISPR-associated endonuclease Cas9 n=1 Tax=Lactiplantibacillus plantarum TaxID=1590 RepID=A0A7Z2SHF7_LACPN,0.6146721019249329
UniRef100_A0A3E2SFG3 CRISPR-associated endonuclease Cas9 n=2 Tax=Streptococcus gallolyticus TaxID=315405 RepID=A0A3E2SFG3_9STRE,0.5512427952062984
UniRef100_A0A1I7JPD5 CRISPR-associated endonuclease Cas9 n=1 Tax=Streptococcus gallolyticus TaxID=315405 RepID=A0A1I7JPD5_9STRE,0.5639395762022988
UniRef100_A0A2S6F9Q4 Type II-B CRISPR-associated RNA-guided endonuclease Cas9/Csx12 n=2 Tax=Legionella pneumophila TaxID=446 RepID=A0A2S6F9Q4_LEGPN,0.46175680209647746
UniRef100_T1ZF93 CRISPR-associated endonuclease Cas9 n=1 Tax=Streptococcus intermedius B196 TaxID=862967 RepID=T1ZF93_STRIT,0.5148559633537363
UniRef100_A0A2T4TGJ0 CRISPR-associated endonuclease Cas9 n=1 Tax=Prevotella sp. oral taxon 313 TaxID=652722 RepID=A0A2T4TGJ0_9BACT,0.6033188660731414
UniRef100_A0A7U9P958 CRISPR-associated endonuclease Cas9 n=1 Tax=Geobacillus sp. MAS1 TaxID=1408282 RepID=A0A7U9P958_9BACI,0.588378333557951
UniRef100_A0A116M370 CRISPR-associated endonuclease Cas9 n=1 Tax=Streptococcus suis TaxID=1307 RepID=A0A116M370_STRSU,0.510984161527459
UniRef100_A0A116RA22 CRISPR-associated endonuclease Cas9 n=1 Tax=Streptococcus suis TaxID=1307 RepID=A0A116RA22_STRSU,0.5087984247800401
UniRef100_A0A829ZAM6 CRISPR-associated endonuclease Cas9 n=2 Tax=[Clostridium] cocleatum TaxID=69824 RepID=A0A829ZAM6_9FIRM,0.528821663016877
UniRef100_A0A0Z8JWB5 CRISPR-associated endonuclease Cas9 n=1 Tax=Streptococcus suis TaxID=1307 RepID=A0A0Z8JWB5_STRSU,0.5144272595253514
UniRef100_A0A7U7P1J8 CRISPR-associated endonuclease Cas9 n=3 Tax=Listeria TaxID=1637 RepID=A0A7U7P1J8_LISMN,0.5805493537513536
UniRef100_A0A5K1Q0J7 CRISPR-associated endonuclease Cas9 n=6 Tax=Listeria monocytogenes TaxID=1639 RepID=A0A5K1Q0J7_LISMN,0.46497579531209837
UniRef100_J4K985 CRISPR-associated endonuclease Cas9 n=1 Tax=Streptococcus oralis SK304 TaxID=1161421 RepID=J4K985_STROR,0.5189969670431449
UniRef100_A0A111NJ61 CRISPR-associated endonuclease Cas9 n=1 Tax=Streptococcus pneumoniae TaxID=1313 RepID=A0A111NJ61_STREE,0.5122167474378675
UniRef100_A0A116L128 CRISPR-associated endonuclease Cas9 n=1 Tax=Streptococcus suis TaxID=1307 RepID=A0A116L128_STRSU,0.5076625895173463
UniRef100_A0A7U8GYG1 CRISPR-associated endonuclease Cas9 n=1 Tax=Listeria monocytogenes TaxID=1639 RepID=A0A7U8GYG1_LISMN,0.5610595913252524
UniRef100_A0A1Z4BNN5 CRISPR-associated endonuclease Cas9 n=1 Tax=Capnocytophaga endodontalis TaxID=2708117 RepID=A0A1Z4BNN5_9FLAO,0.6614647765915896
UniRef100_A0A6I3S820 Type II-B CRISPR-associated RNA-guided endonuclease Cas9/Csx12 n=1 Tax=Parasutterella excrementihominis TaxID=487175 RepID=A0A6I3S820_9BURK,0.5024046453025544
UniRef100_A0A4V0EAF4 CRISPR-associated endonuclease Cas9 n=1 Tax=Streptococcus gordonii TaxID=1302 RepID=A0A4V0EAF4_STRGN,0.5699463639957819
UniRef100_A0A6L8MXN1 CRISPR-associated endonuclease Cas9 n=1 Tax=Streptococcus suis TaxID=1307 RepID=A0A6L8MXN1_STRSU,0.5415364780844237
UniRef100_A0A4S2API0 CRISPR-associated endonuclease Cas9 n=2 Tax=Muribaculaceae TaxID=2005473 RepID=A0A4S2API0_9BACT,0.6372426267088022
UniRef100_A0A7U7TVC8 CRISPR-associated endonuclease Cas9 n=1 Tax=Listeria monocytogenes TaxID=1639 RepID=A0A7U7TVC8_LISMN,0.57422720857288
UniRef100_E0F2V7 CRISPR-associated endonuclease Cas9 n=1 Tax=Actinobacillus pleuropneumoniae serovar 10 str. D13039 TaxID=754259 RepID=E0F2V7_ACTPL,0.5203429173413078
UniRef100_A0A380M9A5 CRISPR-associated endonuclease Cas9 n=1 Tax=Streptococcus viridans TaxID=78535 RepID=A0A380M9A5_9STRE,0.569985520672104
UniRef100_A0A4T2HD20 CRISPR-associated endonuclease Cas9 n=1 Tax=Streptococcus suis TaxID=1307 RepID=A0A4T2HD20_STRSU,0.5581639826781116
UniRef100_A0A6A8MEK5 CRISPR-associated endonuclease Cas9 n=1 Tax=Lactobacillus porci TaxID=2012477 RepID=A0A6A8MEK5_9LACO,0.493279683542468
UniRef100_A0A540UXY0 CRISPR-associated endonuclease Cas9 n=1 Tax=Streptococcus suis TaxID=1307 RepID=A0A540UXY0_STRSU,0.5144272595253514
UniRef100_A0A6G7ESW6 CRISPR-associated endonuclease Cas9 n=1 Tax=Macrococcus canis TaxID=1855823 RepID=A0A6G7ESW6_9STAP,0.5844899523006736
UniRef100_A0A0B7IR20 CRISPR-associated endonuclease Cas9 n=1 Tax=Capnocytophaga canimorsus TaxID=28188 RepID=A0A0B7IR20_9FLAO,0.6410325756319297
UniRef100_A0A2T5XRH2 CRISPR-associated endonuclease Cas9 n=1 Tax=Capnocytophaga leadbetteri TaxID=327575 RepID=A0A2T5XRH2_9FLAO,0.6268811376055438
UniRef100_A0A412JRU1 CRISPR-associated endonuclease Cas9 n=3 Tax=Bacteroides TaxID=816 RepID=A0A412JRU1_BACUN,0.6199149659108714
UniRef100_A0A116KAQ7 CRISPR-associated endonuclease Cas9 n=1 Tax=Streptococcus suis TaxID=1307 RepID=A0A116KAQ7_STRSU,0.5144272595253514
UniRef100_A0A7C8FGL8 CRISPR-associated endonuclease Cas9 n=1 Tax=Roseomonas genomospecies 6 TaxID=214106 RepID=A0A7C8FGL8_9PROT,0.5466647615759846
UniRef100_A0A2Z4PMQ5 CRISPR-associated endonuclease Cas9 n=1 Tax=Streptococcus suis TaxID=1307 RepID=A0A2Z4PMQ5_STRSU,0.5214478438332124
UniRef100_A0A250G4N4 CRISPR-associated endonuclease Cas9 n=1 Tax=Capnocytophaga canimorsus TaxID=28188 RepID=A0A250G4N4_9FLAO,0.6545850502656161
UniRef100_A0A4V0EBF6 CRISPR-associated endonuclease Cas9 n=1 Tax=Streptococcus suis TaxID=1307 RepID=A0A4V0EBF6_STRSU,0.5072902742346728
UniRef100_A0A6Z2PIJ1 CRISPR-associated endonuclease Cas9 n=1 Tax=Listeria monocytogenes TaxID=1639 RepID=A0A6Z2PIJ1_LISMN,0.5608957805452711
UniRef100_A0A448U436 CRISPR-associated endonuclease Cas9 n=1 Tax=Capnocytophaga canimorsus TaxID=28188 RepID=A0A448U436_9FLAO,0.6458172503654861
UniRef100_A0A7Y6VEQ1 CRISPR-associated endonuclease Cas9 n=1 Tax=Streptococcus suis TaxID=1307 RepID=A0A7Y6VEQ1_STRSU,0.5290055016943991
UniRef100_A0A4R9C2C8 CRISPR-associated endonuclease Cas9 n=2 Tax=Helcococcus ovis TaxID=72026 RepID=A0A4R9C2C8_9FIRM,0.5039926572720556
UniRef100_A0A0Z8GCN2 CRISPR-associated endonuclease Cas9 n=1 Tax=Streptococcus suis TaxID=1307 RepID=A0A0Z8GCN2_STRSU,0.5214478438332124
UniRef100_A0A1B3PSQ7 CRISPR-associated endonuclease Cas9 n=1 Tax=Lactobacillus johnsonii TaxID=33959 RepID=A0A1B3PSQ7_LACJH,0.5514713582856506
UniRef100_A0A096D253 CRISPR-associated endonuclease Cas9 n=1 Tax=Prevotella amnii DNF00058 TaxID=1401066 RepID=A0A096D253_9BACT,0.592753514969814
UniRef100_A0A4Z1DY29 CRISPR-associated endonuclease Cas9 n=1 Tax=Streptococcus rubneri TaxID=1234680 RepID=A0A4Z1DY29_9STRE,0.5081157105755143
UniRef100_A0A6I6R1W8 CRISPR-associated endonuclease Cas9 n=1 Tax=Bifidobacterium adolescentis TaxID=1680 RepID=A0A6I6R1W8_BIFAD,0.4957261145648757
UniRef100_A0A2X4R1A3 CRISPR-associated endonuclease Cas9 n=1 Tax=Gemella morbillorum TaxID=29391 RepID=A0A2X4R1A3_9BACL,0.5054250477268142
UniRef100_A0A4P7WJK1 CRISPR-associated endonuclease Cas9 n=1 Tax=Streptococcus pasteurianus TaxID=197614 RepID=A0A4P7WJK1_9STRE,0.5149927565841924
UniRef100_A0A4Z0GEH8 CRISPR-associated endonuclease Cas9 n=1 Tax=Lactobacillus johnsonii TaxID=33959 RepID=A0A4Z0GEH8_LACJH,0.5514713582856506
UniRef100_A0A3Q9V899 CRISPR-associated endonuclease Cas9 n=1 Tax=Lactobacillus johnsonii TaxID=33959 RepID=A0A3Q9V899_LACJH,0.5514713582856506
UniRef100_A0A7J5NFJ7 CRISPR-associated endonuclease Cas9 n=2 Tax=Bifidobacterium TaxID=1678 RepID=A0A7J5NFJ7_BIFAD,0.4957261145648757
UniRef100_A0A369Z3K3 CRISPR-associated endonuclease Cas9 n=1 Tax=Haemophilus parainfluenzae TaxID=729 RepID=A0A369Z3K3_HAEPA,0.5312779201973463
UniRef100_A0A2N2RZT5 CRISPR-associated endonuclease Cas9 n=1 Tax=Betaproteobacteria bacterium HGW-Betaproteobacteria-4 TaxID=2013716 RepID=A0A2N2RZT5_9PROT,0.533016428689926
UniRef100_A0A2I1UN85 CRISPR-associated endonuclease Cas9 n=2 Tax=Bacteria TaxID=2 RepID=A0A2I1UN85_STROR,0.5215555571402655
UniRef100_F9DDR2 CRISPR-associated endonuclease Cas9 n=1 Tax=Prevotella nigrescens ATCC 33563 TaxID=997352 RepID=F9DDR2_9BACT,0.5965932646483265
UniRef100_A0A0M4G8J7 CRISPR-associated endonuclease Cas9 n=1 Tax=Capnocytophaga sp. oral taxon 323 TaxID=1705617 RepID=A0A0M4G8J7_9FLAO,0.5638201640189571
UniRef100_A0A7U7J083 CRISPR-associated endonuclease Cas9 n=1 Tax=Parasaccharibacter apium TaxID=1510841 RepID=A0A7U7J083_9PROT,0.5304508074544013
UniRef100_A0A7K2BGD8 CRISPR-associated endonuclease Cas9 n=1 Tax=Acidimicrobiales bacterium TaxID=2201156 RepID=A0A7K2BGD8_9ACTN,0.5307121411951572
UniRef100_A0A6L9GMB2 CRISPR-associated endonuclease Cas9 n=1 Tax=Rodentibacter pneumotropicus TaxID=758 RepID=A0A6L9GMB2_9PAST,0.5168310872460059
UniRef100_A0A3A6VZU4 CRISPR-associated endonuclease Cas9 n=1 Tax=Veillonella atypica TaxID=39777 RepID=A0A3A6VZU4_9FIRM,0.4809219702299692
UniRef100_A0A137PP63 CRISPR-associated endonuclease Cas9 n=1 Tax=Lactobacillus johnsonii TaxID=33959 RepID=A0A137PP63_LACJH,0.5514713582856506
UniRef100_A0A1Q6TH32 CRISPR-associated endonuclease Cas9 n=1 Tax=Ruminococcus sp. 37_24 TaxID=1897019 RepID=A0A1Q6TH32_9FIRM,0.48253765938497567
UniRef100_A0A2I1TYJ5 CRISPR-associated endonuclease Cas9 n=3 Tax=Bacteria TaxID=2 RepID=A0A2I1TYJ5_STRMT,0.5250229961623712
UniRef100_A0A2I1UEE6 CRISPR-associated endonuclease Cas9 n=1 Tax=Streptococcus oralis subsp. dentisani TaxID=1458253 RepID=A0A2I1UEE6_STROR,0.5122167474378675
UniRef100_I4ZCD3 CRISPR-associated endonuclease Cas9 n=1 Tax=Prevotella bivia DSM 20514 TaxID=868129 RepID=I4ZCD3_9BACT,0.6342629795388501
UniRef100_A0A2N3DDI4 CRISPR-associated endonuclease Cas9 n=1 Tax=Alphaproteobacteria bacterium HGW-Alphaproteobacteria-14 TaxID=2013660 RepID=A0A2N3DDI4_9PROT,0.5025180707676821
UniRef100_S3KPV3 CRISPR-associated endonuclease Cas9 n=1 Tax=Treponema denticola SP23 TaxID=999435 RepID=S3KPV3_TREDN,0.5152616636814332
UniRef100_A0A7L8W4F6 CRISPR-associated endonuclease Cas9 n=1 Tax=Streptococcus sp. KS 6 TaxID=2598457 RepID=A0A7L8W4F6_9STRE,0.5185892997236357
UniRef100_A0A2D8QFT9 CRISPR-associated endonuclease Cas9 n=1 Tax=Tistrella sp. TaxID=2024861 RepID=A0A2D8QFT9_9PROT,0.45770411837764785
UniRef100_A0A4R4B4N9 CRISPR-associated endonuclease Cas9 n=1 Tax=Bacillus thuringiensis TaxID=1428 RepID=A0A4R4B4N9_BACTU,0.5686812064008182
UniRef100_A0A7H1C4Q0 CRISPR-associated endonuclease Cas9 n=1 Tax=Mannheimia bovis TaxID=2770636 RepID=A0A7H1C4Q0_9PAST,0.5293379258425924
UniRef100_A0A1B2IX11 CRISPR-associated endonuclease Cas9 n=1 Tax=Secundilactobacillus paracollinoides TaxID=240427 RepID=A0A1B2IX11_9LACO,0.5769389138733477
UniRef100_A0A6L5LPS6 CRISPR-associated endonuclease Cas9 n=1 Tax=Bacillus thuringiensis TaxID=1428 RepID=A0A6L5LPS6_BACTU,0.5293791411446411
UniRef100_A0A0V0PNI8 CRISPR-associated endonuclease Cas9 n=1 Tax=Alicyclobacillus tengchongensis TaxID=368812 RepID=A0A0V0PNI8_9BACL,0.6198957724391594
UniRef100_A0A1E9CQT0 CRISPR-associated endonuclease Cas9 n=2 Tax=Bacteroides TaxID=816 RepID=A0A1E9CQT0_9BACE,0.6204031051291097
UniRef100_Q7NAI2 CRISPR-associated endonuclease Cas9 n=1 Tax=Mycoplasma gallisepticum (strain R(low / passage 15 / clone 2)) TaxID=710127 RepID=Q7NAI2_MYCGA,0.5047206279931896
"UniRef100_A0A828ZS19 CRISPR-associated protein cas9/csn1, subtype II/nmemi n=2 Tax=Enterococcus faecium TaxID=1352 RepID=A0A828ZS19_ENTFC",0.5629292026075349
UniRef100_A0A250EXV0 CRISPR-associated endonuclease Cas9 n=1 Tax=Capnocytophaga canimorsus TaxID=28188 RepID=A0A250EXV0_9FLAO,0.5480802192782009
UniRef100_A0A416A6F9 CRISPR-associated endonuclease Cas9 n=1 Tax=Parabacteroides sp. AF48-14 TaxID=2292052 RepID=A0A416A6F9_9BACT,0.5551446824506492
UniRef100_A0A417HY10 CRISPR-associated endonuclease Cas9 n=3 Tax=unclassified Blautia TaxID=2648079 RepID=A0A417HY10_9FIRM,0.5654074204597263
UniRef100_I3TWJ0 CRISPR-associated endonuclease Cas9 n=1 Tax=Tistrella mobilis (strain KA081020-065) TaxID=1110502 RepID=I3TWJ0_TISMK,0.5801031067823009
UniRef100_A0A0E2Q4M6 CRISPR-associated endonuclease Cas9 n=1 Tax=Streptococcus thermophilus M17PTZA496 TaxID=1433289 RepID=A0A0E2Q4M6_STRTR,0.530635897266926
UniRef100_A0A373XMT8 CRISPR-associated endonuclease Cas9 n=1 Tax=Ruminococcus sp. AF17-11 TaxID=2293150 RepID=A0A373XMT8_9FIRM,0.49749435909003553
UniRef100_A0A2S0LIZ8 CRISPR-associated endonuclease Cas9 n=1 Tax=Capnocytophaga sp. oral taxon 864 TaxID=1316593 RepID=A0A2S0LIZ8_9FLAO,0.5492011549527887
UniRef100_A0A4S2AP11 CRISPR-associated endonuclease Cas9 n=1 Tax=Bacteroides sp. NM69_E16B TaxID=2516960 RepID=A0A4S2AP11_9BACE,0.6199149659108714
UniRef100_A0A323UW31 CRISPR-associated endonuclease Cas9 n=1 Tax=Rhodopseudomonas palustris TaxID=1076 RepID=A0A323UW31_RHOPL,0.45528513400348886
UniRef100_A1IQ68 CRISPR-associated endonuclease Cas9 n=2 Tax=Neisseria meningitidis TaxID=487 RepID=CAS9_NEIMA,0.512838703604104
UniRef100_A0A6H6GQ40 CRISPR-associated endonuclease Cas9 n=1 Tax=Campylobacter jejuni TaxID=197 RepID=A0A6H6GQ40_CAMJU,0.5339454249016465
UniRef100_D7N2B0 CRISPR-associated endonuclease Cas9 n=1 Tax=Neisseria sp. oral taxon 014 str. F0314 TaxID=641149 RepID=D7N2B0_9NEIS,0.5311058806610933
UniRef100_A0A6W1V9K0 CRISPR-associated endonuclease Cas9 n=1 Tax=Campylobacter jejuni TaxID=197 RepID=A0A6W1V9K0_CAMJU,0.5361106011246871
UniRef100_A0A3S4QG93 CRISPR-associated endonuclease Cas9 n=1 Tax=Streptococcus vestibularis TaxID=1343 RepID=A0A3S4QG93_STRVE,0.5020354401316648
UniRef100_A0A3P1Z8E7 CRISPR-associated endonuclease Cas9 n=1 Tax=Tannerella forsythia TaxID=28112 RepID=A0A3P1Z8E7_TANFO,0.6610640001275062
UniRef100_A0A387B5A8 CRISPR-associated endonuclease Cas9 n=1 Tax=Streptococcus gwangjuense TaxID=1433513 RepID=A0A387B5A8_9STRE,0.527933286713234
UniRef100_A0A0H3BZZ0 CRISPR-associated endonuclease Cas9 n=1 Tax=Streptococcus pyogenes serotype M49 (strain NZ131) TaxID=471876 RepID=A0A0H3BZZ0_STRPZ,0.5535155721161771
UniRef100_A0A6H8NA36 CRISPR-associated endonuclease Cas9 n=1 Tax=Campylobacter jejuni TaxID=197 RepID=A0A6H8NA36_CAMJU,0.5339454249016465
