[0;32m[2025-10-27 22:32:23][0m Starting program monitoring: /home/xuguoshun/anaconda3/envs/esm_long/bin/python ./ESM-long-CNN-LSTM_Pred.py --fasta ./Merge_DB_HNCasGH_M801S1Up.p80.fa --model_dir /data1/xuguoshun/lab_work/CRISPR-Cas9/0__coment_ana/1_2__new_model/ESM-long/ESM_Keras/Model-ESM-long-t6 --output ./ESM-long-CNN-LSTM_Pred.csv --num_models 10
[0;32m[2025-10-27 22:32:23][0m Log file: monitor_ESM-long-CNN-LSTM_Pred.py_20251027_223223.log
=== System Information ===
Hostname: localhost.localdomain
Start Time: 2025年 10月 27日 星期一 22:32:23 EDT

=== Testing NPU Parsing ===
npu-smi not available

[0;32m[2025-10-27 22:32:23][0m Starting program...
=== Program Output ===
[0;32m[2025-10-27 22:32:23][0m Program started with PID: 3959446
[0;32m[2025-10-27 22:32:25][0m CPU: 483.00%, Host Memory: 374MB, GPU: 0MB, NPU Memory: 0MB, NPU HBM: 0MB, AICore: 0%
[0;32m[2025-10-27 22:32:30][0m CPU: 373.00%, Host Memory: 985MB, GPU: 0MB, NPU Memory: 0MB, NPU HBM: 0MB, AICore: 0%
[0;32m[2025-10-27 22:32:34][0m CPU: 244.00%, Host Memory: 2353MB, GPU: 3644MB, NPU Memory: 0MB, NPU HBM: 0MB, AICore: 0%
[0;32m[2025-10-27 22:32:38][0m CPU: 208.00%, Host Memory: 3755MB, GPU: 3646MB, NPU Memory: 0MB, NPU HBM: 0MB, AICore: 0%
[0;32m[2025-10-27 22:32:43][0m CPU: 177.00%, Host Memory: 4779MB, GPU: 5572MB, NPU Memory: 0MB, NPU HBM: 0MB, AICore: 0%
[0;32m[2025-10-27 22:32:47][0m CPU: 166.00%, Host Memory: 5931MB, GPU: 5572MB, NPU Memory: 0MB, NPU HBM: 0MB, AICore: 0%
[0;32m[2025-10-27 22:32:52][0m CPU: 158.00%, Host Memory: 7032MB, GPU: 5572MB, NPU Memory: 0MB, NPU HBM: 0MB, AICore: 0%
[0;32m[2025-10-27 22:32:56][0m CPU: 147.00%, Host Memory: 8501MB, GPU: 6560MB, NPU Memory: 0MB, NPU HBM: 0MB, AICore: 0%
[0;32m[2025-10-27 22:33:00][0m CPU: 143.00%, Host Memory: 9014MB, GPU: 6560MB, NPU Memory: 0MB, NPU HBM: 0MB, AICore: 0%
[0;32m[2025-10-27 22:33:05][0m CPU: 136.00%, Host Memory: 10485MB, GPU: 6560MB, NPU Memory: 0MB, NPU HBM: 0MB, AICore: 0%
[0;32m[2025-10-27 22:33:09][0m CPU: 134.00%, Host Memory: 11817MB, GPU: 6560MB, NPU Memory: 0MB, NPU HBM: 0MB, AICore: 0%
[0;32m[2025-10-27 22:33:14][0m CPU: 132.00%, Host Memory: 12141MB, GPU: 6560MB, NPU Memory: 0MB, NPU HBM: 0MB, AICore: 0%
[0;32m[2025-10-27 22:33:18][0m CPU: 128.00%, Host Memory: 13630MB, GPU: 6560MB, NPU Memory: 0MB, NPU HBM: 0MB, AICore: 0%
[0;32m[2025-10-27 22:33:22][0m CPU: 127.00%, Host Memory: 15130MB, GPU: 6560MB, NPU Memory: 0MB, NPU HBM: 0MB, AICore: 0%
[0;32m[2025-10-27 22:33:27][0m CPU: 125.00%, Host Memory: 15970MB, GPU: 6560MB, NPU Memory: 0MB, NPU HBM: 0MB, AICore: 0%
[0;32m[2025-10-27 22:33:31][0m CPU: 123.00%, Host Memory: 16306MB, GPU: 7570MB, NPU Memory: 0MB, NPU HBM: 0MB, AICore: 0%
[0;32m[2025-10-27 22:33:35][0m CPU: 122.00%, Host Memory: 17804MB, GPU: 7570MB, NPU Memory: 0MB, NPU HBM: 0MB, AICore: 0%
[0;32m[2025-10-27 22:33:40][0m CPU: 120.00%, Host Memory: 19317MB, GPU: 7570MB, NPU Memory: 0MB, NPU HBM: 0MB, AICore: 0%
[0;32m[2025-10-27 22:33:44][0m CPU: 119.00%, Host Memory: 20868MB, GPU: 7570MB, NPU Memory: 0MB, NPU HBM: 0MB, AICore: 0%
[0;32m[2025-10-27 22:33:49][0m CPU: 119.00%, Host Memory: 21100MB, GPU: 7570MB, NPU Memory: 0MB, NPU HBM: 0MB, AICore: 0%
[0;32m[2025-10-27 22:33:53][0m CPU: 117.00%, Host Memory: 21494MB, GPU: 7570MB, NPU Memory: 0MB, NPU HBM: 0MB, AICore: 0%
[0;32m[2025-10-27 22:33:57][0m CPU: 116.00%, Host Memory: 22910MB, GPU: 7570MB, NPU Memory: 0MB, NPU HBM: 0MB, AICore: 0%
[0;32m[2025-10-27 22:34:02][0m CPU: 115.00%, Host Memory: 24263MB, GPU: 7570MB, NPU Memory: 0MB, NPU HBM: 0MB, AICore: 0%
[0;32m[2025-10-27 22:34:06][0m CPU: 115.00%, Host Memory: 25568MB, GPU: 7570MB, NPU Memory: 0MB, NPU HBM: 0MB, AICore: 0%
[0;32m[2025-10-27 22:34:11][0m CPU: 114.00%, Host Memory: 26889MB, GPU: 7570MB, NPU Memory: 0MB, NPU HBM: 0MB, AICore: 0%
[0;32m[2025-10-27 22:34:15][0m CPU: 114.00%, Host Memory: 27550MB, GPU: 7570MB, NPU Memory: 0MB, NPU HBM: 0MB, AICore: 0%
[0;32m[2025-10-27 22:34:20][0m CPU: 113.00%, Host Memory: 27550MB, GPU: 7570MB, NPU Memory: 0MB, NPU HBM: 0MB, AICore: 0%
[0;32m[2025-10-27 22:34:24][0m CPU: 113.00%, Host Memory: 27730MB, GPU: 7570MB, NPU Memory: 0MB, NPU HBM: 0MB, AICore: 0%
[0;32m[2025-10-27 22:34:29][0m CPU: 112.00%, Host Memory: 29058MB, GPU: 7570MB, NPU Memory: 0MB, NPU HBM: 0MB, AICore: 0%
[0;32m[2025-10-27 22:34:33][0m CPU: 112.00%, Host Memory: 30400MB, GPU: 7570MB, NPU Memory: 0MB, NPU HBM: 0MB, AICore: 0%
[0;32m[2025-10-27 22:34:38][0m CPU: 111.00%, Host Memory: 31617MB, GPU: 7570MB, NPU Memory: 0MB, NPU HBM: 0MB, AICore: 0%
[0;32m[2025-10-27 22:34:42][0m CPU: 111.00%, Host Memory: 32934MB, GPU: 7570MB, NPU Memory: 0MB, NPU HBM: 0MB, AICore: 0%
[0;32m[2025-10-27 22:34:47][0m CPU: 110.00%, Host Memory: 34261MB, GPU: 7570MB, NPU Memory: 0MB, NPU HBM: 0MB, AICore: 0%
[0;32m[2025-10-27 22:34:51][0m CPU: 110.00%, Host Memory: 35560MB, GPU: 7570MB, NPU Memory: 0MB, NPU HBM: 0MB, AICore: 0%
[0;32m[2025-10-27 22:34:56][0m CPU: 109.00%, Host Memory: 35652MB, GPU: 7570MB, NPU Memory: 0MB, NPU HBM: 0MB, AICore: 0%
[0;32m[2025-10-27 22:35:00][0m CPU: 109.00%, Host Memory: 35652MB, GPU: 7570MB, NPU Memory: 0MB, NPU HBM: 0MB, AICore: 0%
[0;32m[2025-10-27 22:35:05][0m CPU: 109.00%, Host Memory: 35652MB, GPU: 7570MB, NPU Memory: 0MB, NPU HBM: 0MB, AICore: 0%
[0;32m[2025-10-27 22:35:09][0m CPU: 109.00%, Host Memory: 36272MB, GPU: 7570MB, NPU Memory: 0MB, NPU HBM: 0MB, AICore: 0%
[0;32m[2025-10-27 22:35:14][0m CPU: 108.00%, Host Memory: 37621MB, GPU: 7570MB, NPU Memory: 0MB, NPU HBM: 0MB, AICore: 0%
[0;32m[2025-10-27 22:35:18][0m CPU: 108.00%, Host Memory: 38976MB, GPU: 7570MB, NPU Memory: 0MB, NPU HBM: 0MB, AICore: 0%
[0;32m[2025-10-27 22:35:23][0m CPU: 108.00%, Host Memory: 40409MB, GPU: 7570MB, NPU Memory: 0MB, NPU HBM: 0MB, AICore: 0%
[0;32m[2025-10-27 22:35:27][0m CPU: 108.00%, Host Memory: 41720MB, GPU: 7570MB, NPU Memory: 0MB, NPU HBM: 0MB, AICore: 0%
[0;32m[2025-10-27 22:35:32][0m CPU: 107.00%, Host Memory: 43004MB, GPU: 7570MB, NPU Memory: 0MB, NPU HBM: 0MB, AICore: 0%
[0;32m[2025-10-27 22:35:36][0m CPU: 108.00%, Host Memory: 44309MB, GPU: 7570MB, NPU Memory: 0MB, NPU HBM: 0MB, AICore: 0%
[0;32m[2025-10-27 22:35:41][0m CPU: 107.00%, Host Memory: 45627MB, GPU: 7570MB, NPU Memory: 0MB, NPU HBM: 0MB, AICore: 0%
[0;32m[2025-10-27 22:35:45][0m CPU: 107.00%, Host Memory: 45824MB, GPU: 7570MB, NPU Memory: 0MB, NPU HBM: 0MB, AICore: 0%
[0;32m[2025-10-27 22:35:50][0m CPU: 107.00%, Host Memory: 45824MB, GPU: 7570MB, NPU Memory: 0MB, NPU HBM: 0MB, AICore: 0%
[0;32m[2025-10-27 22:35:54][0m CPU: 107.00%, Host Memory: 45824MB, GPU: 7570MB, NPU Memory: 0MB, NPU HBM: 0MB, AICore: 0%
[0;32m[2025-10-27 22:35:59][0m CPU: 107.00%, Host Memory: 45824MB, GPU: 7570MB, NPU Memory: 0MB, NPU HBM: 0MB, AICore: 0%
[0;32m[2025-10-27 22:36:03][0m CPU: 106.00%, Host Memory: 46158MB, GPU: 7570MB, NPU Memory: 0MB, NPU HBM: 0MB, AICore: 0%
[0;32m[2025-10-27 22:36:08][0m CPU: 107.00%, Host Memory: 47460MB, GPU: 7570MB, NPU Memory: 0MB, NPU HBM: 0MB, AICore: 0%
[0;32m[2025-10-27 22:36:12][0m CPU: 106.00%, Host Memory: 48721MB, GPU: 7570MB, NPU Memory: 0MB, NPU HBM: 0MB, AICore: 0%
[0;32m[2025-10-27 22:36:17][0m CPU: 106.00%, Host Memory: 50048MB, GPU: 7570MB, NPU Memory: 0MB, NPU HBM: 0MB, AICore: 0%
[0;32m[2025-10-27 22:36:21][0m CPU: 106.00%, Host Memory: 51330MB, GPU: 7570MB, NPU Memory: 0MB, NPU HBM: 0MB, AICore: 0%
[0;32m[2025-10-27 22:36:26][0m CPU: 106.00%, Host Memory: 52630MB, GPU: 7570MB, NPU Memory: 0MB, NPU HBM: 0MB, AICore: 0%
[0;32m[2025-10-27 22:36:30][0m CPU: 106.00%, Host Memory: 54027MB, GPU: 7570MB, NPU Memory: 0MB, NPU HBM: 0MB, AICore: 0%
[0;32m[2025-10-27 22:36:35][0m CPU: 106.00%, Host Memory: 55355MB, GPU: 7570MB, NPU Memory: 0MB, NPU HBM: 0MB, AICore: 0%
[0;32m[2025-10-27 22:36:39][0m CPU: 105.00%, Host Memory: 56673MB, GPU: 7570MB, NPU Memory: 0MB, NPU HBM: 0MB, AICore: 0%
[0;32m[2025-10-27 22:36:44][0m CPU: 105.00%, Host Memory: 57976MB, GPU: 7570MB, NPU Memory: 0MB, NPU HBM: 0MB, AICore: 0%
[0;32m[2025-10-27 22:36:48][0m CPU: 105.00%, Host Memory: 58464MB, GPU: 7570MB, NPU Memory: 0MB, NPU HBM: 0MB, AICore: 0%
[0;32m[2025-10-27 22:36:53][0m CPU: 105.00%, Host Memory: 58464MB, GPU: 7570MB, NPU Memory: 0MB, NPU HBM: 0MB, AICore: 0%
[0;32m[2025-10-27 22:36:57][0m CPU: 105.00%, Host Memory: 58464MB, GPU: 7570MB, NPU Memory: 0MB, NPU HBM: 0MB, AICore: 0%
[0;32m[2025-10-27 22:37:02][0m CPU: 105.00%, Host Memory: 58464MB, GPU: 7570MB, NPU Memory: 0MB, NPU HBM: 0MB, AICore: 0%
[0;32m[2025-10-27 22:37:06][0m CPU: 105.00%, Host Memory: 58464MB, GPU: 7570MB, NPU Memory: 0MB, NPU HBM: 0MB, AICore: 0%
[0;32m[2025-10-27 22:37:11][0m CPU: 105.00%, Host Memory: 58464MB, GPU: 7570MB, NPU Memory: 0MB, NPU HBM: 0MB, AICore: 0%
[0;32m[2025-10-27 22:37:15][0m CPU: 105.00%, Host Memory: 58692MB, GPU: 7570MB, NPU Memory: 0MB, NPU HBM: 0MB, AICore: 0%
[0;32m[2025-10-27 22:37:20][0m CPU: 105.00%, Host Memory: 60037MB, GPU: 7570MB, NPU Memory: 0MB, NPU HBM: 0MB, AICore: 0%
[0;32m[2025-10-27 22:37:24][0m CPU: 104.00%, Host Memory: 61336MB, GPU: 7570MB, NPU Memory: 0MB, NPU HBM: 0MB, AICore: 0%
[0;32m[2025-10-27 22:37:29][0m CPU: 105.00%, Host Memory: 62603MB, GPU: 7570MB, NPU Memory: 0MB, NPU HBM: 0MB, AICore: 0%
[0;32m[2025-10-27 22:37:33][0m CPU: 104.00%, Host Memory: 63936MB, GPU: 7570MB, NPU Memory: 0MB, NPU HBM: 0MB, AICore: 0%
[0;32m[2025-10-27 22:37:38][0m CPU: 104.00%, Host Memory: 65212MB, GPU: 7570MB, NPU Memory: 0MB, NPU HBM: 0MB, AICore: 0%
[0;32m[2025-10-27 22:37:42][0m CPU: 104.00%, Host Memory: 66539MB, GPU: 7570MB, NPU Memory: 0MB, NPU HBM: 0MB, AICore: 0%
[0;32m[2025-10-27 22:37:47][0m CPU: 104.00%, Host Memory: 67961MB, GPU: 7570MB, NPU Memory: 0MB, NPU HBM: 0MB, AICore: 0%
[0;32m[2025-10-27 22:37:51][0m CPU: 104.00%, Host Memory: 69350MB, GPU: 7570MB, NPU Memory: 0MB, NPU HBM: 0MB, AICore: 0%
[0;32m[2025-10-27 22:37:56][0m CPU: 104.00%, Host Memory: 70726MB, GPU: 7570MB, NPU Memory: 0MB, NPU HBM: 0MB, AICore: 0%
[0;32m[2025-10-27 22:38:00][0m CPU: 104.00%, Host Memory: 72177MB, GPU: 7570MB, NPU Memory: 0MB, NPU HBM: 0MB, AICore: 0%
[0;32m[2025-10-27 22:38:05][0m CPU: 104.00%, Host Memory: 73646MB, GPU: 7570MB, NPU Memory: 0MB, NPU HBM: 0MB, AICore: 0%
[0;32m[2025-10-27 22:38:09][0m CPU: 104.00%, Host Memory: 74254MB, GPU: 7570MB, NPU Memory: 0MB, NPU HBM: 0MB, AICore: 0%
[0;32m[2025-10-27 22:38:14][0m CPU: 104.00%, Host Memory: 74254MB, GPU: 7570MB, NPU Memory: 0MB, NPU HBM: 0MB, AICore: 0%
[0;32m[2025-10-27 22:38:18][0m CPU: 104.00%, Host Memory: 74254MB, GPU: 7570MB, NPU Memory: 0MB, NPU HBM: 0MB, AICore: 0%
[0;32m[2025-10-27 22:38:23][0m CPU: 104.00%, Host Memory: 74254MB, GPU: 7570MB, NPU Memory: 0MB, NPU HBM: 0MB, AICore: 0%
[0;32m[2025-10-27 22:38:27][0m CPU: 104.00%, Host Memory: 74254MB, GPU: 7570MB, NPU Memory: 0MB, NPU HBM: 0MB, AICore: 0%
[0;32m[2025-10-27 22:38:32][0m CPU: 104.00%, Host Memory: 74254MB, GPU: 7570MB, NPU Memory: 0MB, NPU HBM: 0MB, AICore: 0%
[0;32m[2025-10-27 22:38:36][0m CPU: 103.00%, Host Memory: 74254MB, GPU: 7570MB, NPU Memory: 0MB, NPU HBM: 0MB, AICore: 0%
[0;32m[2025-10-27 22:38:41][0m CPU: 103.00%, Host Memory: 74254MB, GPU: 7570MB, NPU Memory: 0MB, NPU HBM: 0MB, AICore: 0%
[0;32m[2025-10-27 22:38:45][0m CPU: 103.00%, Host Memory: 74254MB, GPU: 7570MB, NPU Memory: 0MB, NPU HBM: 0MB, AICore: 0%
[0;32m[2025-10-27 22:38:50][0m CPU: 103.00%, Host Memory: 75579MB, GPU: 7570MB, NPU Memory: 0MB, NPU HBM: 0MB, AICore: 0%
[0;32m[2025-10-27 22:38:54][0m CPU: 103.00%, Host Memory: 77067MB, GPU: 7570MB, NPU Memory: 0MB, NPU HBM: 0MB, AICore: 0%
[0;32m[2025-10-27 22:38:59][0m CPU: 103.00%, Host Memory: 78494MB, GPU: 7570MB, NPU Memory: 0MB, NPU HBM: 0MB, AICore: 0%
[0;32m[2025-10-27 22:39:03][0m CPU: 103.00%, Host Memory: 78804MB, GPU: 7570MB, NPU Memory: 0MB, NPU HBM: 0MB, AICore: 0%
[0;32m[2025-10-27 22:39:08][0m CPU: 103.00%, Host Memory: 78804MB, GPU: 7570MB, NPU Memory: 0MB, NPU HBM: 0MB, AICore: 0%
[0;32m[2025-10-27 22:39:12][0m CPU: 103.00%, Host Memory: 78813MB, GPU: 7570MB, NPU Memory: 0MB, NPU HBM: 0MB, AICore: 0%
[0;32m[2025-10-27 22:39:16][0m CPU: 103.00%, Host Memory: 78813MB, GPU: 7570MB, NPU Memory: 0MB, NPU HBM: 0MB, AICore: 0%
[0;32m[2025-10-27 22:39:21][0m CPU: 103.00%, Host Memory: 78817MB, GPU: 7570MB, NPU Memory: 0MB, NPU HBM: 0MB, AICore: 0%
[0;32m[2025-10-27 22:39:25][0m CPU: 103.00%, Host Memory: 78817MB, GPU: 7570MB, NPU Memory: 0MB, NPU HBM: 0MB, AICore: 0%
[0;32m[2025-10-27 22:39:30][0m CPU: 103.00%, Host Memory: 78817MB, GPU: 7570MB, NPU Memory: 0MB, NPU HBM: 0MB, AICore: 0%
[0;32m[2025-10-27 22:39:34][0m CPU: 103.00%, Host Memory: 78817MB, GPU: 7570MB, NPU Memory: 0MB, NPU HBM: 0MB, AICore: 0%
[0;32m[2025-10-27 22:39:39][0m CPU: 103.00%, Host Memory: 78817MB, GPU: 7570MB, NPU Memory: 0MB, NPU HBM: 0MB, AICore: 0%
[0;32m[2025-10-27 22:39:43][0m CPU: 103.00%, Host Memory: 78817MB, GPU: 7570MB, NPU Memory: 0MB, NPU HBM: 0MB, AICore: 0%
[0;32m[2025-10-27 22:39:48][0m CPU: 103.00%, Host Memory: 78817MB, GPU: 7570MB, NPU Memory: 0MB, NPU HBM: 0MB, AICore: 0%
[0;32m[2025-10-27 22:39:52][0m CPU: 103.00%, Host Memory: 78817MB, GPU: 7570MB, NPU Memory: 0MB, NPU HBM: 0MB, AICore: 0%
[0;32m[2025-10-27 22:39:57][0m CPU: 103.00%, Host Memory: 78817MB, GPU: 7570MB, NPU Memory: 0MB, NPU HBM: 0MB, AICore: 0%
[0;32m[2025-10-27 22:40:01][0m CPU: 103.00%, Host Memory: 78817MB, GPU: 7570MB, NPU Memory: 0MB, NPU HBM: 0MB, AICore: 0%
[0;32m[2025-10-27 22:40:06][0m CPU: 103.00%, Host Memory: 78817MB, GPU: 7570MB, NPU Memory: 0MB, NPU HBM: 0MB, AICore: 0%
[0;32m[2025-10-27 22:40:10][0m CPU: 103.00%, Host Memory: 78817MB, GPU: 7570MB, NPU Memory: 0MB, NPU HBM: 0MB, AICore: 0%
[0;32m[2025-10-27 22:40:15][0m CPU: 102.00%, Host Memory: 78817MB, GPU: 7570MB, NPU Memory: 0MB, NPU HBM: 0MB, AICore: 0%
[0;32m[2025-10-27 22:40:19][0m CPU: 103.00%, Host Memory: 78817MB, GPU: 7570MB, NPU Memory: 0MB, NPU HBM: 0MB, AICore: 0%
[0;32m[2025-10-27 22:40:24][0m CPU: 102.00%, Host Memory: 78817MB, GPU: 7570MB, NPU Memory: 0MB, NPU HBM: 0MB, AICore: 0%
[0;32m[2025-10-27 22:40:28][0m CPU: 102.00%, Host Memory: 78817MB, GPU: 7570MB, NPU Memory: 0MB, NPU HBM: 0MB, AICore: 0%
[0;32m[2025-10-27 22:40:33][0m CPU: 102.00%, Host Memory: 78826MB, GPU: 7570MB, NPU Memory: 0MB, NPU HBM: 0MB, AICore: 0%
[0;32m[2025-10-27 22:40:37][0m CPU: 102.00%, Host Memory: 78826MB, GPU: 7570MB, NPU Memory: 0MB, NPU HBM: 0MB, AICore: 0%
[0;32m[2025-10-27 22:40:42][0m CPU: 102.00%, Host Memory: 78826MB, GPU: 7570MB, NPU Memory: 0MB, NPU HBM: 0MB, AICore: 0%
[0;32m[2025-10-27 22:40:46][0m CPU: 102.00%, Host Memory: 78826MB, GPU: 7570MB, NPU Memory: 0MB, NPU HBM: 0MB, AICore: 0%
[0;32m[2025-10-27 22:40:51][0m CPU: 102.00%, Host Memory: 78826MB, GPU: 7570MB, NPU Memory: 0MB, NPU HBM: 0MB, AICore: 0%
[0;32m[2025-10-27 22:40:55][0m CPU: 102.00%, Host Memory: 78826MB, GPU: 7570MB, NPU Memory: 0MB, NPU HBM: 0MB, AICore: 0%
[0;32m[2025-10-27 22:41:00][0m CPU: 102.00%, Host Memory: 78826MB, GPU: 7570MB, NPU Memory: 0MB, NPU HBM: 0MB, AICore: 0%
[0;32m[2025-10-27 22:41:04][0m CPU: 102.00%, Host Memory: 78826MB, GPU: 7570MB, NPU Memory: 0MB, NPU HBM: 0MB, AICore: 0%
[0;32m[2025-10-27 22:41:09][0m CPU: 102.00%, Host Memory: 78826MB, GPU: 7570MB, NPU Memory: 0MB, NPU HBM: 0MB, AICore: 0%
[0;32m[2025-10-27 22:41:13][0m CPU: 102.00%, Host Memory: 78826MB, GPU: 7570MB, NPU Memory: 0MB, NPU HBM: 0MB, AICore: 0%
[0;32m[2025-10-27 22:41:18][0m CPU: 102.00%, Host Memory: 78826MB, GPU: 7570MB, NPU Memory: 0MB, NPU HBM: 0MB, AICore: 0%
[0;32m[2025-10-27 22:41:22][0m CPU: 102.00%, Host Memory: 78826MB, GPU: 7570MB, NPU Memory: 0MB, NPU HBM: 0MB, AICore: 0%
[0;32m[2025-10-27 22:41:27][0m CPU: 102.00%, Host Memory: 78826MB, GPU: 7570MB, NPU Memory: 0MB, NPU HBM: 0MB, AICore: 0%
[0;32m[2025-10-27 22:41:31][0m CPU: 102.00%, Host Memory: 78826MB, GPU: 7570MB, NPU Memory: 0MB, NPU HBM: 0MB, AICore: 0%
[0;32m[2025-10-27 22:41:36][0m CPU: 102.00%, Host Memory: 78826MB, GPU: 7570MB, NPU Memory: 0MB, NPU HBM: 0MB, AICore: 0%
[0;32m[2025-10-27 22:41:40][0m CPU: 102.00%, Host Memory: 78826MB, GPU: 7570MB, NPU Memory: 0MB, NPU HBM: 0MB, AICore: 0%
[0;32m[2025-10-27 22:41:45][0m CPU: 102.00%, Host Memory: 78826MB, GPU: 7570MB, NPU Memory: 0MB, NPU HBM: 0MB, AICore: 0%
[0;32m[2025-10-27 22:41:49][0m CPU: 102.00%, Host Memory: 78826MB, GPU: 7570MB, NPU Memory: 0MB, NPU HBM: 0MB, AICore: 0%
[0;32m[2025-10-27 22:41:54][0m CPU: 102.00%, Host Memory: 78826MB, GPU: 7570MB, NPU Memory: 0MB, NPU HBM: 0MB, AICore: 0%
[0;32m[2025-10-27 22:41:58][0m CPU: 102.00%, Host Memory: 78826MB, GPU: 7570MB, NPU Memory: 0MB, NPU HBM: 0MB, AICore: 0%
[0;32m[2025-10-27 22:42:03][0m CPU: 102.00%, Host Memory: 78826MB, GPU: 7570MB, NPU Memory: 0MB, NPU HBM: 0MB, AICore: 0%
[0;32m[2025-10-27 22:42:07][0m CPU: 102.00%, Host Memory: 78826MB, GPU: 7570MB, NPU Memory: 0MB, NPU HBM: 0MB, AICore: 0%
[0;32m[2025-10-27 22:42:12][0m CPU: 102.00%, Host Memory: 78826MB, GPU: 7570MB, NPU Memory: 0MB, NPU HBM: 0MB, AICore: 0%
[0;32m[2025-10-27 22:42:16][0m CPU: 102.00%, Host Memory: 78826MB, GPU: 7570MB, NPU Memory: 0MB, NPU HBM: 0MB, AICore: 0%
[0;32m[2025-10-27 22:42:21][0m CPU: 102.00%, Host Memory: 78826MB, GPU: 7570MB, NPU Memory: 0MB, NPU HBM: 0MB, AICore: 0%
[0;32m[2025-10-27 22:42:25][0m CPU: 102.00%, Host Memory: 78826MB, GPU: 7570MB, NPU Memory: 0MB, NPU HBM: 0MB, AICore: 0%
[0;32m[2025-10-27 22:42:30][0m CPU: 102.00%, Host Memory: 78826MB, GPU: 7570MB, NPU Memory: 0MB, NPU HBM: 0MB, AICore: 0%
[0;32m[2025-10-27 22:42:34][0m CPU: 102.00%, Host Memory: 78826MB, GPU: 7570MB, NPU Memory: 0MB, NPU HBM: 0MB, AICore: 0%
[0;32m[2025-10-27 22:42:39][0m CPU: 102.00%, Host Memory: 78826MB, GPU: 7570MB, NPU Memory: 0MB, NPU HBM: 0MB, AICore: 0%
[0;32m[2025-10-27 22:42:43][0m CPU: 102.00%, Host Memory: 78826MB, GPU: 7570MB, NPU Memory: 0MB, NPU HBM: 0MB, AICore: 0%
[0;32m[2025-10-27 22:42:48][0m CPU: 102.00%, Host Memory: 78826MB, GPU: 7570MB, NPU Memory: 0MB, NPU HBM: 0MB, AICore: 0%
[0;32m[2025-10-27 22:42:52][0m CPU: 102.00%, Host Memory: 78826MB, GPU: 7570MB, NPU Memory: 0MB, NPU HBM: 0MB, AICore: 0%
[0;32m[2025-10-27 22:42:56][0m CPU: 102.00%, Host Memory: 78826MB, GPU: 7570MB, NPU Memory: 0MB, NPU HBM: 0MB, AICore: 0%
[0;32m[2025-10-27 22:43:01][0m CPU: 102.00%, Host Memory: 78826MB, GPU: 7570MB, NPU Memory: 0MB, NPU HBM: 0MB, AICore: 0%
[0;32m[2025-10-27 22:43:05][0m CPU: 102.00%, Host Memory: 78826MB, GPU: 7570MB, NPU Memory: 0MB, NPU HBM: 0MB, AICore: 0%
[0;32m[2025-10-27 22:43:10][0m CPU: 102.00%, Host Memory: 78826MB, GPU: 7570MB, NPU Memory: 0MB, NPU HBM: 0MB, AICore: 0%
[0;32m[2025-10-27 22:43:14][0m CPU: 102.00%, Host Memory: 78826MB, GPU: 7570MB, NPU Memory: 0MB, NPU HBM: 0MB, AICore: 0%
[0;32m[2025-10-27 22:43:18][0m CPU: 102.00%, Host Memory: 78826MB, GPU: 7570MB, NPU Memory: 0MB, NPU HBM: 0MB, AICore: 0%
[0;32m[2025-10-27 22:43:23][0m CPU: 102.00%, Host Memory: 78826MB, GPU: 7570MB, NPU Memory: 0MB, NPU HBM: 0MB, AICore: 0%
[0;32m[2025-10-27 22:43:27][0m CPU: 102.00%, Host Memory: 78826MB, GPU: 7570MB, NPU Memory: 0MB, NPU HBM: 0MB, AICore: 0%
[0;32m[2025-10-27 22:43:31][0m CPU: 102.00%, Host Memory: 78826MB, GPU: 7570MB, NPU Memory: 0MB, NPU HBM: 0MB, AICore: 0%
[0;32m[2025-10-27 22:43:36][0m CPU: 101.00%, Host Memory: 78826MB, GPU: 7570MB, NPU Memory: 0MB, NPU HBM: 0MB, AICore: 0%
[0;32m[2025-10-27 22:43:40][0m CPU: 102.00%, Host Memory: 78826MB, GPU: 7570MB, NPU Memory: 0MB, NPU HBM: 0MB, AICore: 0%
[0;32m[2025-10-27 22:43:45][0m CPU: 102.00%, Host Memory: 78826MB, GPU: 7570MB, NPU Memory: 0MB, NPU HBM: 0MB, AICore: 0%
[0;32m[2025-10-27 22:43:49][0m CPU: 101.00%, Host Memory: 78826MB, GPU: 7570MB, NPU Memory: 0MB, NPU HBM: 0MB, AICore: 0%
[0;32m[2025-10-27 22:43:53][0m CPU: 102.00%, Host Memory: 78826MB, GPU: 7570MB, NPU Memory: 0MB, NPU HBM: 0MB, AICore: 0%
[0;32m[2025-10-27 22:43:58][0m CPU: 101.00%, Host Memory: 78826MB, GPU: 7570MB, NPU Memory: 0MB, NPU HBM: 0MB, AICore: 0%
[0;32m[2025-10-27 22:44:02][0m CPU: 101.00%, Host Memory: 78826MB, GPU: 7570MB, NPU Memory: 0MB, NPU HBM: 0MB, AICore: 0%
[0;32m[2025-10-27 22:44:07][0m CPU: 101.00%, Host Memory: 78826MB, GPU: 7570MB, NPU Memory: 0MB, NPU HBM: 0MB, AICore: 0%
[0;32m[2025-10-27 22:44:11][0m CPU: 101.00%, Host Memory: 78826MB, GPU: 7570MB, NPU Memory: 0MB, NPU HBM: 0MB, AICore: 0%
[0;32m[2025-10-27 22:44:15][0m CPU: 101.00%, Host Memory: 78826MB, GPU: 7570MB, NPU Memory: 0MB, NPU HBM: 0MB, AICore: 0%
[0;32m[2025-10-27 22:44:20][0m CPU: 101.00%, Host Memory: 78826MB, GPU: 7570MB, NPU Memory: 0MB, NPU HBM: 0MB, AICore: 0%
[0;32m[2025-10-27 22:44:24][0m CPU: 101.00%, Host Memory: 78826MB, GPU: 7570MB, NPU Memory: 0MB, NPU HBM: 0MB, AICore: 0%
[0;32m[2025-10-27 22:44:28][0m CPU: 101.00%, Host Memory: 78826MB, GPU: 7570MB, NPU Memory: 0MB, NPU HBM: 0MB, AICore: 0%
[0;32m[2025-10-27 22:44:33][0m CPU: 101.00%, Host Memory: 78826MB, GPU: 7570MB, NPU Memory: 0MB, NPU HBM: 0MB, AICore: 0%
[0;32m[2025-10-27 22:44:37][0m CPU: 101.00%, Host Memory: 78826MB, GPU: 7570MB, NPU Memory: 0MB, NPU HBM: 0MB, AICore: 0%
[0;32m[2025-10-27 22:44:41][0m CPU: 101.00%, Host Memory: 78826MB, GPU: 7570MB, NPU Memory: 0MB, NPU HBM: 0MB, AICore: 0%
[0;32m[2025-10-27 22:44:46][0m CPU: 101.00%, Host Memory: 78826MB, GPU: 7570MB, NPU Memory: 0MB, NPU HBM: 0MB, AICore: 0%
[0;32m[2025-10-27 22:44:50][0m CPU: 101.00%, Host Memory: 78826MB, GPU: 7570MB, NPU Memory: 0MB, NPU HBM: 0MB, AICore: 0%
[0;32m[2025-10-27 22:44:55][0m CPU: 101.00%, Host Memory: 78827MB, GPU: 7570MB, NPU Memory: 0MB, NPU HBM: 0MB, AICore: 0%
[0;32m[2025-10-27 22:44:59][0m CPU: 101.00%, Host Memory: 78827MB, GPU: 7570MB, NPU Memory: 0MB, NPU HBM: 0MB, AICore: 0%
[0;32m[2025-10-27 22:45:03][0m CPU: 101.00%, Host Memory: 78827MB, GPU: 7570MB, NPU Memory: 0MB, NPU HBM: 0MB, AICore: 0%
[0;32m[2025-10-27 22:45:08][0m CPU: 101.00%, Host Memory: 78827MB, GPU: 7570MB, NPU Memory: 0MB, NPU HBM: 0MB, AICore: 0%
[0;32m[2025-10-27 22:45:12][0m CPU: 101.00%, Host Memory: 78827MB, GPU: 7570MB, NPU Memory: 0MB, NPU HBM: 0MB, AICore: 0%
[0;32m[2025-10-27 22:45:16][0m CPU: 101.00%, Host Memory: 78827MB, GPU: 7570MB, NPU Memory: 0MB, NPU HBM: 0MB, AICore: 0%
[0;32m[2025-10-27 22:45:21][0m CPU: 101.00%, Host Memory: 78827MB, GPU: 7570MB, NPU Memory: 0MB, NPU HBM: 0MB, AICore: 0%
[0;32m[2025-10-27 22:45:25][0m CPU: 101.00%, Host Memory: 78827MB, GPU: 7570MB, NPU Memory: 0MB, NPU HBM: 0MB, AICore: 0%
[0;32m[2025-10-27 22:45:30][0m CPU: 101.00%, Host Memory: 78827MB, GPU: 7570MB, NPU Memory: 0MB, NPU HBM: 0MB, AICore: 0%
[0;32m[2025-10-27 22:45:34][0m CPU: 101.00%, Host Memory: 78827MB, GPU: 7570MB, NPU Memory: 0MB, NPU HBM: 0MB, AICore: 0%
[0;32m[2025-10-27 22:45:38][0m CPU: 101.00%, Host Memory: 78827MB, GPU: 7570MB, NPU Memory: 0MB, NPU HBM: 0MB, AICore: 0%
[0;32m[2025-10-27 22:45:43][0m CPU: 101.00%, Host Memory: 78827MB, GPU: 7570MB, NPU Memory: 0MB, NPU HBM: 0MB, AICore: 0%
[0;32m[2025-10-27 22:45:47][0m CPU: 101.00%, Host Memory: 78827MB, GPU: 7570MB, NPU Memory: 0MB, NPU HBM: 0MB, AICore: 0%
[0;32m[2025-10-27 22:45:51][0m CPU: 101.00%, Host Memory: 78827MB, GPU: 7570MB, NPU Memory: 0MB, NPU HBM: 0MB, AICore: 0%
[0;32m[2025-10-27 22:45:56][0m CPU: 101.00%, Host Memory: 78827MB, GPU: 7570MB, NPU Memory: 0MB, NPU HBM: 0MB, AICore: 0%
[0;32m[2025-10-27 22:46:00][0m CPU: 101.00%, Host Memory: 78827MB, GPU: 7570MB, NPU Memory: 0MB, NPU HBM: 0MB, AICore: 0%
[0;32m[2025-10-27 22:46:04][0m CPU: 101.00%, Host Memory: 78827MB, GPU: 7570MB, NPU Memory: 0MB, NPU HBM: 0MB, AICore: 0%
[0;32m[2025-10-27 22:46:09][0m CPU: 101.00%, Host Memory: 78827MB, GPU: 7570MB, NPU Memory: 0MB, NPU HBM: 0MB, AICore: 0%
[0;32m[2025-10-27 22:46:13][0m CPU: 101.00%, Host Memory: 78827MB, GPU: 7570MB, NPU Memory: 0MB, NPU HBM: 0MB, AICore: 0%
[0;32m[2025-10-27 22:46:18][0m CPU: 101.00%, Host Memory: 78827MB, GPU: 7570MB, NPU Memory: 0MB, NPU HBM: 0MB, AICore: 0%
[0;32m[2025-10-27 22:46:22][0m CPU: 101.00%, Host Memory: 78827MB, GPU: 7570MB, NPU Memory: 0MB, NPU HBM: 0MB, AICore: 0%
[0;32m[2025-10-27 22:46:26][0m CPU: 101.00%, Host Memory: 78827MB, GPU: 7570MB, NPU Memory: 0MB, NPU HBM: 0MB, AICore: 0%
[0;32m[2025-10-27 22:46:31][0m CPU: 101.00%, Host Memory: 78827MB, GPU: 7570MB, NPU Memory: 0MB, NPU HBM: 0MB, AICore: 0%
[0;32m[2025-10-27 22:46:35][0m CPU: 101.00%, Host Memory: 78827MB, GPU: 7570MB, NPU Memory: 0MB, NPU HBM: 0MB, AICore: 0%
[0;32m[2025-10-27 22:46:39][0m CPU: 101.00%, Host Memory: 78827MB, GPU: 7570MB, NPU Memory: 0MB, NPU HBM: 0MB, AICore: 0%
[0;32m[2025-10-27 22:46:44][0m CPU: 101.00%, Host Memory: 78827MB, GPU: 7570MB, NPU Memory: 0MB, NPU HBM: 0MB, AICore: 0%
[0;32m[2025-10-27 22:46:48][0m CPU: 101.00%, Host Memory: 78827MB, GPU: 7570MB, NPU Memory: 0MB, NPU HBM: 0MB, AICore: 0%
[0;32m[2025-10-27 22:46:53][0m CPU: 101.00%, Host Memory: 78827MB, GPU: 7570MB, NPU Memory: 0MB, NPU HBM: 0MB, AICore: 0%
[0;32m[2025-10-27 22:46:57][0m CPU: 101.00%, Host Memory: 78827MB, GPU: 7570MB, NPU Memory: 0MB, NPU HBM: 0MB, AICore: 0%
[0;32m[2025-10-27 22:47:02][0m CPU: 101.00%, Host Memory: 78827MB, GPU: 7570MB, NPU Memory: 0MB, NPU HBM: 0MB, AICore: 0%
[0;32m[2025-10-27 22:47:06][0m CPU: 101.00%, Host Memory: 78827MB, GPU: 7570MB, NPU Memory: 0MB, NPU HBM: 0MB, AICore: 0%
[0;32m[2025-10-27 22:47:10][0m CPU: 101.00%, Host Memory: 78827MB, GPU: 7570MB, NPU Memory: 0MB, NPU HBM: 0MB, AICore: 0%
[0;32m[2025-10-27 22:47:15][0m CPU: 101.00%, Host Memory: 78827MB, GPU: 7570MB, NPU Memory: 0MB, NPU HBM: 0MB, AICore: 0%
[0;32m[2025-10-27 22:47:19][0m CPU: 101.00%, Host Memory: 78827MB, GPU: 7570MB, NPU Memory: 0MB, NPU HBM: 0MB, AICore: 0%
[0;32m[2025-10-27 22:47:24][0m CPU: 101.00%, Host Memory: 78827MB, GPU: 7570MB, NPU Memory: 0MB, NPU HBM: 0MB, AICore: 0%
[0;32m[2025-10-27 22:47:28][0m CPU: 101.00%, Host Memory: 78827MB, GPU: 7570MB, NPU Memory: 0MB, NPU HBM: 0MB, AICore: 0%
[0;32m[2025-10-27 22:47:33][0m CPU: 101.00%, Host Memory: 78827MB, GPU: 7570MB, NPU Memory: 0MB, NPU HBM: 0MB, AICore: 0%
[0;32m[2025-10-27 22:47:37][0m CPU: 101.00%, Host Memory: 78827MB, GPU: 7570MB, NPU Memory: 0MB, NPU HBM: 0MB, AICore: 0%
[0;32m[2025-10-27 22:47:42][0m CPU: 101.00%, Host Memory: 78827MB, GPU: 7570MB, NPU Memory: 0MB, NPU HBM: 0MB, AICore: 0%
[0;32m[2025-10-27 22:47:46][0m CPU: 101.00%, Host Memory: 78827MB, GPU: 7570MB, NPU Memory: 0MB, NPU HBM: 0MB, AICore: 0%
[0;32m[2025-10-27 22:47:51][0m CPU: 101.00%, Host Memory: 78827MB, GPU: 7570MB, NPU Memory: 0MB, NPU HBM: 0MB, AICore: 0%
[0;32m[2025-10-27 22:47:55][0m CPU: 101.00%, Host Memory: 78827MB, GPU: 7570MB, NPU Memory: 0MB, NPU HBM: 0MB, AICore: 0%
[0;32m[2025-10-27 22:48:00][0m CPU: 101.00%, Host Memory: 78827MB, GPU: 7570MB, NPU Memory: 0MB, NPU HBM: 0MB, AICore: 0%
[0;32m[2025-10-27 22:48:04][0m CPU: 101.00%, Host Memory: 78827MB, GPU: 7570MB, NPU Memory: 0MB, NPU HBM: 0MB, AICore: 0%
[0;32m[2025-10-27 22:48:09][0m CPU: 101.00%, Host Memory: 78827MB, GPU: 7570MB, NPU Memory: 0MB, NPU HBM: 0MB, AICore: 0%
[0;32m[2025-10-27 22:48:13][0m CPU: 101.00%, Host Memory: 78827MB, GPU: 7570MB, NPU Memory: 0MB, NPU HBM: 0MB, AICore: 0%
[0;32m[2025-10-27 22:48:18][0m CPU: 101.00%, Host Memory: 78827MB, GPU: 7570MB, NPU Memory: 0MB, NPU HBM: 0MB, AICore: 0%
[0;32m[2025-10-27 22:48:22][0m CPU: 101.00%, Host Memory: 78827MB, GPU: 7570MB, NPU Memory: 0MB, NPU HBM: 0MB, AICore: 0%
[0;32m[2025-10-27 22:48:27][0m CPU: 101.00%, Host Memory: 78827MB, GPU: 7570MB, NPU Memory: 0MB, NPU HBM: 0MB, AICore: 0%
[0;32m[2025-10-27 22:48:31][0m CPU: 101.00%, Host Memory: 78827MB, GPU: 7570MB, NPU Memory: 0MB, NPU HBM: 0MB, AICore: 0%
[0;32m[2025-10-27 22:48:36][0m CPU: 101.00%, Host Memory: 78827MB, GPU: 7570MB, NPU Memory: 0MB, NPU HBM: 0MB, AICore: 0%
[0;32m[2025-10-27 22:48:40][0m CPU: 101.00%, Host Memory: 78827MB, GPU: 7570MB, NPU Memory: 0MB, NPU HBM: 0MB, AICore: 0%
[0;32m[2025-10-27 22:48:45][0m CPU: 101.00%, Host Memory: 78827MB, GPU: 7570MB, NPU Memory: 0MB, NPU HBM: 0MB, AICore: 0%
[0;32m[2025-10-27 22:48:49][0m CPU: 101.00%, Host Memory: 78827MB, GPU: 7570MB, NPU Memory: 0MB, NPU HBM: 0MB, AICore: 0%
[0;32m[2025-10-27 22:48:54][0m CPU: 101.00%, Host Memory: 78827MB, GPU: 7570MB, NPU Memory: 0MB, NPU HBM: 0MB, AICore: 0%
[0;32m[2025-10-27 22:48:58][0m CPU: 101.00%, Host Memory: 78827MB, GPU: 7570MB, NPU Memory: 0MB, NPU HBM: 0MB, AICore: 0%
[0;32m[2025-10-27 22:49:03][0m CPU: 101.00%, Host Memory: 78827MB, GPU: 7570MB, NPU Memory: 0MB, NPU HBM: 0MB, AICore: 0%
[0;32m[2025-10-27 22:49:07][0m CPU: 101.00%, Host Memory: 78827MB, GPU: 7570MB, NPU Memory: 0MB, NPU HBM: 0MB, AICore: 0%
[0;32m[2025-10-27 22:49:12][0m CPU: 101.00%, Host Memory: 78827MB, GPU: 7570MB, NPU Memory: 0MB, NPU HBM: 0MB, AICore: 0%
[0;32m[2025-10-27 22:49:16][0m CPU: 101.00%, Host Memory: 78827MB, GPU: 7570MB, NPU Memory: 0MB, NPU HBM: 0MB, AICore: 0%
[0;32m[2025-10-27 22:49:21][0m CPU: 101.00%, Host Memory: 78827MB, GPU: 7570MB, NPU Memory: 0MB, NPU HBM: 0MB, AICore: 0%
[0;32m[2025-10-27 22:49:25][0m CPU: 101.00%, Host Memory: 78827MB, GPU: 7570MB, NPU Memory: 0MB, NPU HBM: 0MB, AICore: 0%
[0;32m[2025-10-27 22:49:30][0m CPU: 101.00%, Host Memory: 78827MB, GPU: 7570MB, NPU Memory: 0MB, NPU HBM: 0MB, AICore: 0%
[0;32m[2025-10-27 22:49:34][0m CPU: 101.00%, Host Memory: 78827MB, GPU: 7570MB, NPU Memory: 0MB, NPU HBM: 0MB, AICore: 0%
[0;32m[2025-10-27 22:49:39][0m CPU: 101.00%, Host Memory: 78827MB, GPU: 7570MB, NPU Memory: 0MB, NPU HBM: 0MB, AICore: 0%
[0;32m[2025-10-27 22:49:43][0m CPU: 101.00%, Host Memory: 78827MB, GPU: 7570MB, NPU Memory: 0MB, NPU HBM: 0MB, AICore: 0%
[0;32m[2025-10-27 22:49:48][0m CPU: 101.00%, Host Memory: 78827MB, GPU: 7570MB, NPU Memory: 0MB, NPU HBM: 0MB, AICore: 0%
[0;32m[2025-10-27 22:49:52][0m CPU: 101.00%, Host Memory: 78827MB, GPU: 7570MB, NPU Memory: 0MB, NPU HBM: 0MB, AICore: 0%
[0;32m[2025-10-27 22:49:56][0m CPU: 101.00%, Host Memory: 78827MB, GPU: 7570MB, NPU Memory: 0MB, NPU HBM: 0MB, AICore: 0%
[0;32m[2025-10-27 22:50:01][0m CPU: 101.00%, Host Memory: 78827MB, GPU: 7570MB, NPU Memory: 0MB, NPU HBM: 0MB, AICore: 0%
[0;32m[2025-10-27 22:50:05][0m CPU: 101.00%, Host Memory: 78827MB, GPU: 7570MB, NPU Memory: 0MB, NPU HBM: 0MB, AICore: 0%
[0;32m[2025-10-27 22:50:10][0m CPU: 101.00%, Host Memory: 78827MB, GPU: 7570MB, NPU Memory: 0MB, NPU HBM: 0MB, AICore: 0%
[0;32m[2025-10-27 22:50:14][0m CPU: 101.00%, Host Memory: 78827MB, GPU: 7570MB, NPU Memory: 0MB, NPU HBM: 0MB, AICore: 0%
[0;32m[2025-10-27 22:50:19][0m CPU: 101.00%, Host Memory: 78827MB, GPU: 7570MB, NPU Memory: 0MB, NPU HBM: 0MB, AICore: 0%
[0;32m[2025-10-27 22:50:23][0m CPU: 101.00%, Host Memory: 78827MB, GPU: 7570MB, NPU Memory: 0MB, NPU HBM: 0MB, AICore: 0%
[0;32m[2025-10-27 22:50:28][0m CPU: 101.00%, Host Memory: 78827MB, GPU: 7570MB, NPU Memory: 0MB, NPU HBM: 0MB, AICore: 0%
[0;32m[2025-10-27 22:50:33][0m CPU: 101.00%, Host Memory: 78827MB, GPU: 7570MB, NPU Memory: 0MB, NPU HBM: 0MB, AICore: 0%
[0;32m[2025-10-27 22:50:37][0m CPU: 101.00%, Host Memory: 78827MB, GPU: 7570MB, NPU Memory: 0MB, NPU HBM: 0MB, AICore: 0%
[0;32m[2025-10-27 22:50:42][0m CPU: 101.00%, Host Memory: 78827MB, GPU: 7570MB, NPU Memory: 0MB, NPU HBM: 0MB, AICore: 0%
[0;32m[2025-10-27 22:50:46][0m CPU: 101.00%, Host Memory: 78827MB, GPU: 7570MB, NPU Memory: 0MB, NPU HBM: 0MB, AICore: 0%
[0;32m[2025-10-27 22:50:51][0m CPU: 101.00%, Host Memory: 78827MB, GPU: 7570MB, NPU Memory: 0MB, NPU HBM: 0MB, AICore: 0%
[0;32m[2025-10-27 22:50:55][0m CPU: 101.00%, Host Memory: 78827MB, GPU: 7570MB, NPU Memory: 0MB, NPU HBM: 0MB, AICore: 0%
[0;32m[2025-10-27 22:51:00][0m CPU: 101.00%, Host Memory: 78827MB, GPU: 7570MB, NPU Memory: 0MB, NPU HBM: 0MB, AICore: 0%
[0;32m[2025-10-27 22:51:04][0m CPU: 101.00%, Host Memory: 78827MB, GPU: 7570MB, NPU Memory: 0MB, NPU HBM: 0MB, AICore: 0%
[0;32m[2025-10-27 22:51:09][0m CPU: 101.00%, Host Memory: 78827MB, GPU: 7570MB, NPU Memory: 0MB, NPU HBM: 0MB, AICore: 0%
[0;32m[2025-10-27 22:51:13][0m CPU: 101.00%, Host Memory: 78827MB, GPU: 7570MB, NPU Memory: 0MB, NPU HBM: 0MB, AICore: 0%
[0;32m[2025-10-27 22:51:18][0m CPU: 101.00%, Host Memory: 78827MB, GPU: 7570MB, NPU Memory: 0MB, NPU HBM: 0MB, AICore: 0%
[0;32m[2025-10-27 22:51:22][0m CPU: 101.00%, Host Memory: 78827MB, GPU: 7570MB, NPU Memory: 0MB, NPU HBM: 0MB, AICore: 0%
[0;32m[2025-10-27 22:51:26][0m CPU: 101.00%, Host Memory: 78827MB, GPU: 7570MB, NPU Memory: 0MB, NPU HBM: 0MB, AICore: 0%
[0;32m[2025-10-27 22:51:31][0m CPU: 101.00%, Host Memory: 78827MB, GPU: 7570MB, NPU Memory: 0MB, NPU HBM: 0MB, AICore: 0%
[0;32m[2025-10-27 22:51:35][0m CPU: 101.00%, Host Memory: 78827MB, GPU: 7570MB, NPU Memory: 0MB, NPU HBM: 0MB, AICore: 0%
[0;32m[2025-10-27 22:51:40][0m CPU: 101.00%, Host Memory: 78827MB, GPU: 7570MB, NPU Memory: 0MB, NPU HBM: 0MB, AICore: 0%
[0;32m[2025-10-27 22:51:44][0m CPU: 101.00%, Host Memory: 78827MB, GPU: 7570MB, NPU Memory: 0MB, NPU HBM: 0MB, AICore: 0%
[0;32m[2025-10-27 22:51:49][0m CPU: 101.00%, Host Memory: 78827MB, GPU: 7570MB, NPU Memory: 0MB, NPU HBM: 0MB, AICore: 0%
[0;32m[2025-10-27 22:51:53][0m CPU: 101.00%, Host Memory: 78827MB, GPU: 7570MB, NPU Memory: 0MB, NPU HBM: 0MB, AICore: 0%
[0;32m[2025-10-27 22:51:58][0m CPU: 101.00%, Host Memory: 78827MB, GPU: 7570MB, NPU Memory: 0MB, NPU HBM: 0MB, AICore: 0%
[0;32m[2025-10-27 22:52:02][0m CPU: 101.00%, Host Memory: 78827MB, GPU: 7570MB, NPU Memory: 0MB, NPU HBM: 0MB, AICore: 0%
[0;32m[2025-10-27 22:52:07][0m CPU: 100.00%, Host Memory: 78827MB, GPU: 7570MB, NPU Memory: 0MB, NPU HBM: 0MB, AICore: 0%
[0;32m[2025-10-27 22:52:11][0m CPU: 101.00%, Host Memory: 78827MB, GPU: 7570MB, NPU Memory: 0MB, NPU HBM: 0MB, AICore: 0%
[0;32m[2025-10-27 22:52:16][0m CPU: 100.00%, Host Memory: 78827MB, GPU: 7570MB, NPU Memory: 0MB, NPU HBM: 0MB, AICore: 0%
[0;32m[2025-10-27 22:52:20][0m CPU: 101.00%, Host Memory: 78827MB, GPU: 7570MB, NPU Memory: 0MB, NPU HBM: 0MB, AICore: 0%
[0;32m[2025-10-27 22:52:25][0m CPU: 101.00%, Host Memory: 78827MB, GPU: 7570MB, NPU Memory: 0MB, NPU HBM: 0MB, AICore: 0%
[0;32m[2025-10-27 22:52:29][0m CPU: 100.00%, Host Memory: 78827MB, GPU: 7570MB, NPU Memory: 0MB, NPU HBM: 0MB, AICore: 0%
[0;32m[2025-10-27 22:52:34][0m CPU: 101.00%, Host Memory: 78827MB, GPU: 7570MB, NPU Memory: 0MB, NPU HBM: 0MB, AICore: 0%
[0;32m[2025-10-27 22:52:38][0m CPU: 100.00%, Host Memory: 78827MB, GPU: 7570MB, NPU Memory: 0MB, NPU HBM: 0MB, AICore: 0%
[0;32m[2025-10-27 22:52:43][0m CPU: 101.00%, Host Memory: 78827MB, GPU: 7570MB, NPU Memory: 0MB, NPU HBM: 0MB, AICore: 0%
[0;32m[2025-10-27 22:52:47][0m CPU: 100.00%, Host Memory: 78827MB, GPU: 7570MB, NPU Memory: 0MB, NPU HBM: 0MB, AICore: 0%
[0;32m[2025-10-27 22:52:52][0m CPU: 101.00%, Host Memory: 78827MB, GPU: 7570MB, NPU Memory: 0MB, NPU HBM: 0MB, AICore: 0%
[0;32m[2025-10-27 22:52:56][0m CPU: 100.00%, Host Memory: 78827MB, GPU: 7570MB, NPU Memory: 0MB, NPU HBM: 0MB, AICore: 0%
[0;32m[2025-10-27 22:53:01][0m CPU: 100.00%, Host Memory: 78827MB, GPU: 7570MB, NPU Memory: 0MB, NPU HBM: 0MB, AICore: 0%
[0;32m[2025-10-27 22:53:05][0m CPU: 100.00%, Host Memory: 78827MB, GPU: 7570MB, NPU Memory: 0MB, NPU HBM: 0MB, AICore: 0%
[0;32m[2025-10-27 22:53:10][0m CPU: 100.00%, Host Memory: 78827MB, GPU: 7570MB, NPU Memory: 0MB, NPU HBM: 0MB, AICore: 0%
[0;32m[2025-10-27 22:53:14][0m CPU: 100.00%, Host Memory: 78827MB, GPU: 7570MB, NPU Memory: 0MB, NPU HBM: 0MB, AICore: 0%
[0;32m[2025-10-27 22:53:19][0m CPU: 100.00%, Host Memory: 78827MB, GPU: 7570MB, NPU Memory: 0MB, NPU HBM: 0MB, AICore: 0%
[0;32m[2025-10-27 22:53:23][0m CPU: 100.00%, Host Memory: 78827MB, GPU: 7570MB, NPU Memory: 0MB, NPU HBM: 0MB, AICore: 0%
[0;32m[2025-10-27 22:53:28][0m CPU: 100.00%, Host Memory: 78827MB, GPU: 7570MB, NPU Memory: 0MB, NPU HBM: 0MB, AICore: 0%
[0;32m[2025-10-27 22:53:32][0m CPU: 100.00%, Host Memory: 78827MB, GPU: 7570MB, NPU Memory: 0MB, NPU HBM: 0MB, AICore: 0%
[0;32m[2025-10-27 22:53:37][0m CPU: 100.00%, Host Memory: 78827MB, GPU: 7570MB, NPU Memory: 0MB, NPU HBM: 0MB, AICore: 0%
[0;32m[2025-10-27 22:53:41][0m CPU: 100.00%, Host Memory: 78827MB, GPU: 7570MB, NPU Memory: 0MB, NPU HBM: 0MB, AICore: 0%
[0;32m[2025-10-27 22:53:46][0m CPU: 100.00%, Host Memory: 78827MB, GPU: 7570MB, NPU Memory: 0MB, NPU HBM: 0MB, AICore: 0%
[0;32m[2025-10-27 22:53:50][0m CPU: 100.00%, Host Memory: 78827MB, GPU: 7570MB, NPU Memory: 0MB, NPU HBM: 0MB, AICore: 0%
[0;32m[2025-10-27 22:53:55][0m CPU: 100.00%, Host Memory: 78827MB, GPU: 7570MB, NPU Memory: 0MB, NPU HBM: 0MB, AICore: 0%
[0;32m[2025-10-27 22:53:59][0m CPU: 100.00%, Host Memory: 78827MB, GPU: 7570MB, NPU Memory: 0MB, NPU HBM: 0MB, AICore: 0%
[0;32m[2025-10-27 22:54:04][0m CPU: 100.00%, Host Memory: 78827MB, GPU: 7570MB, NPU Memory: 0MB, NPU HBM: 0MB, AICore: 0%
[0;32m[2025-10-27 22:54:08][0m CPU: 100.00%, Host Memory: 78827MB, GPU: 7570MB, NPU Memory: 0MB, NPU HBM: 0MB, AICore: 0%
[0;32m[2025-10-27 22:54:13][0m CPU: 100.00%, Host Memory: 78827MB, GPU: 7570MB, NPU Memory: 0MB, NPU HBM: 0MB, AICore: 0%
[0;32m[2025-10-27 22:54:17][0m CPU: 100.00%, Host Memory: 78827MB, GPU: 7570MB, NPU Memory: 0MB, NPU HBM: 0MB, AICore: 0%
[0;32m[2025-10-27 22:54:22][0m CPU: 100.00%, Host Memory: 78827MB, GPU: 7570MB, NPU Memory: 0MB, NPU HBM: 0MB, AICore: 0%
[0;32m[2025-10-27 22:54:26][0m CPU: 100.00%, Host Memory: 78827MB, GPU: 7570MB, NPU Memory: 0MB, NPU HBM: 0MB, AICore: 0%
[0;32m[2025-10-27 22:54:31][0m CPU: 100.00%, Host Memory: 78827MB, GPU: 7570MB, NPU Memory: 0MB, NPU HBM: 0MB, AICore: 0%
[0;32m[2025-10-27 22:54:35][0m CPU: 100.00%, Host Memory: 78827MB, GPU: 7570MB, NPU Memory: 0MB, NPU HBM: 0MB, AICore: 0%
[0;32m[2025-10-27 22:54:40][0m CPU: 100.00%, Host Memory: 78827MB, GPU: 7570MB, NPU Memory: 0MB, NPU HBM: 0MB, AICore: 0%
[0;32m[2025-10-27 22:54:44][0m CPU: 100.00%, Host Memory: 78827MB, GPU: 7570MB, NPU Memory: 0MB, NPU HBM: 0MB, AICore: 0%
[0;32m[2025-10-27 22:54:49][0m CPU: 100.00%, Host Memory: 78827MB, GPU: 7570MB, NPU Memory: 0MB, NPU HBM: 0MB, AICore: 0%
[0;32m[2025-10-27 22:54:53][0m CPU: 100.00%, Host Memory: 78827MB, GPU: 7570MB, NPU Memory: 0MB, NPU HBM: 0MB, AICore: 0%
[0;32m[2025-10-27 22:54:58][0m CPU: 100.00%, Host Memory: 78827MB, GPU: 7570MB, NPU Memory: 0MB, NPU HBM: 0MB, AICore: 0%
[0;32m[2025-10-27 22:55:02][0m CPU: 100.00%, Host Memory: 78827MB, GPU: 7570MB, NPU Memory: 0MB, NPU HBM: 0MB, AICore: 0%
[0;32m[2025-10-27 22:55:06][0m CPU: 100.00%, Host Memory: 78827MB, GPU: 7570MB, NPU Memory: 0MB, NPU HBM: 0MB, AICore: 0%
[0;32m[2025-10-27 22:55:11][0m CPU: 100.00%, Host Memory: 78827MB, GPU: 7570MB, NPU Memory: 0MB, NPU HBM: 0MB, AICore: 0%
[0;32m[2025-10-27 22:55:15][0m CPU: 100.00%, Host Memory: 78827MB, GPU: 7570MB, NPU Memory: 0MB, NPU HBM: 0MB, AICore: 0%
[0;32m[2025-10-27 22:55:20][0m CPU: 100.00%, Host Memory: 78827MB, GPU: 7570MB, NPU Memory: 0MB, NPU HBM: 0MB, AICore: 0%
[0;32m[2025-10-27 22:55:24][0m CPU: 100.00%, Host Memory: 78827MB, GPU: 7570MB, NPU Memory: 0MB, NPU HBM: 0MB, AICore: 0%
[0;32m[2025-10-27 22:55:28][0m CPU: 100.00%, Host Memory: 78827MB, GPU: 7570MB, NPU Memory: 0MB, NPU HBM: 0MB, AICore: 0%
[0;32m[2025-10-27 22:55:33][0m CPU: 100.00%, Host Memory: 78827MB, GPU: 7570MB, NPU Memory: 0MB, NPU HBM: 0MB, AICore: 0%
[0;32m[2025-10-27 22:55:37][0m CPU: 100.00%, Host Memory: 78827MB, GPU: 7570MB, NPU Memory: 0MB, NPU HBM: 0MB, AICore: 0%
[0;32m[2025-10-27 22:55:42][0m CPU: 100.00%, Host Memory: 78827MB, GPU: 7570MB, NPU Memory: 0MB, NPU HBM: 0MB, AICore: 0%
[0;32m[2025-10-27 22:55:46][0m CPU: 100.00%, Host Memory: 78827MB, GPU: 7570MB, NPU Memory: 0MB, NPU HBM: 0MB, AICore: 0%
[0;32m[2025-10-27 22:55:50][0m CPU: 100.00%, Host Memory: 78827MB, GPU: 7570MB, NPU Memory: 0MB, NPU HBM: 0MB, AICore: 0%
[0;32m[2025-10-27 22:55:55][0m CPU: 100.00%, Host Memory: 78827MB, GPU: 7570MB, NPU Memory: 0MB, NPU HBM: 0MB, AICore: 0%
[0;32m[2025-10-27 22:55:59][0m CPU: 100.00%, Host Memory: 78827MB, GPU: 7570MB, NPU Memory: 0MB, NPU HBM: 0MB, AICore: 0%
[0;32m[2025-10-27 22:56:03][0m CPU: 100.00%, Host Memory: 78827MB, GPU: 7570MB, NPU Memory: 0MB, NPU HBM: 0MB, AICore: 0%
[0;32m[2025-10-27 22:56:08][0m CPU: 100.00%, Host Memory: 78827MB, GPU: 7570MB, NPU Memory: 0MB, NPU HBM: 0MB, AICore: 0%
[0;32m[2025-10-27 22:56:12][0m CPU: 100.00%, Host Memory: 78827MB, GPU: 7570MB, NPU Memory: 0MB, NPU HBM: 0MB, AICore: 0%
[0;32m[2025-10-27 22:56:16][0m CPU: 100.00%, Host Memory: 78827MB, GPU: 7570MB, NPU Memory: 0MB, NPU HBM: 0MB, AICore: 0%
[0;32m[2025-10-27 22:56:21][0m CPU: 100.00%, Host Memory: 78827MB, GPU: 7570MB, NPU Memory: 0MB, NPU HBM: 0MB, AICore: 0%
[0;32m[2025-10-27 22:56:25][0m CPU: 100.00%, Host Memory: 78827MB, GPU: 7570MB, NPU Memory: 0MB, NPU HBM: 0MB, AICore: 0%
[0;32m[2025-10-27 22:56:30][0m CPU: 100.00%, Host Memory: 78827MB, GPU: 7570MB, NPU Memory: 0MB, NPU HBM: 0MB, AICore: 0%
[0;32m[2025-10-27 22:56:34][0m CPU: 100.00%, Host Memory: 78827MB, GPU: 7570MB, NPU Memory: 0MB, NPU HBM: 0MB, AICore: 0%
[0;32m[2025-10-27 22:56:38][0m CPU: 100.00%, Host Memory: 78827MB, GPU: 7570MB, NPU Memory: 0MB, NPU HBM: 0MB, AICore: 0%
[0;32m[2025-10-27 22:56:43][0m CPU: 100.00%, Host Memory: 78827MB, GPU: 7570MB, NPU Memory: 0MB, NPU HBM: 0MB, AICore: 0%
[0;32m[2025-10-27 22:56:47][0m CPU: 100.00%, Host Memory: 78827MB, GPU: 7570MB, NPU Memory: 0MB, NPU HBM: 0MB, AICore: 0%
[0;32m[2025-10-27 22:56:51][0m CPU: 100.00%, Host Memory: 78827MB, GPU: 7570MB, NPU Memory: 0MB, NPU HBM: 0MB, AICore: 0%
[0;32m[2025-10-27 22:56:56][0m CPU: 100.00%, Host Memory: 78827MB, GPU: 7570MB, NPU Memory: 0MB, NPU HBM: 0MB, AICore: 0%
[0;32m[2025-10-27 22:57:00][0m CPU: 100.00%, Host Memory: 78827MB, GPU: 7570MB, NPU Memory: 0MB, NPU HBM: 0MB, AICore: 0%
[0;32m[2025-10-27 22:57:05][0m CPU: 100.00%, Host Memory: 78827MB, GPU: 7570MB, NPU Memory: 0MB, NPU HBM: 0MB, AICore: 0%
[0;32m[2025-10-27 22:57:09][0m CPU: 100.00%, Host Memory: 78827MB, GPU: 7570MB, NPU Memory: 0MB, NPU HBM: 0MB, AICore: 0%
[0;32m[2025-10-27 22:57:13][0m CPU: 100.00%, Host Memory: 78827MB, GPU: 7570MB, NPU Memory: 0MB, NPU HBM: 0MB, AICore: 0%
[0;32m[2025-10-27 22:57:18][0m CPU: 100.00%, Host Memory: 78827MB, GPU: 7570MB, NPU Memory: 0MB, NPU HBM: 0MB, AICore: 0%
[0;32m[2025-10-27 22:57:22][0m CPU: 100.00%, Host Memory: 78827MB, GPU: 7570MB, NPU Memory: 0MB, NPU HBM: 0MB, AICore: 0%
[0;32m[2025-10-27 22:57:26][0m CPU: 100.00%, Host Memory: 78827MB, GPU: 7570MB, NPU Memory: 0MB, NPU HBM: 0MB, AICore: 0%
[0;32m[2025-10-27 22:57:31][0m CPU: 100.00%, Host Memory: 78827MB, GPU: 7570MB, NPU Memory: 0MB, NPU HBM: 0MB, AICore: 0%
[0;32m[2025-10-27 22:57:35][0m CPU: 100.00%, Host Memory: 78827MB, GPU: 7570MB, NPU Memory: 0MB, NPU HBM: 0MB, AICore: 0%
[0;32m[2025-10-27 22:57:39][0m CPU: 100.00%, Host Memory: 78827MB, GPU: 7570MB, NPU Memory: 0MB, NPU HBM: 0MB, AICore: 0%
[0;32m[2025-10-27 22:57:44][0m CPU: 100.00%, Host Memory: 78827MB, GPU: 7570MB, NPU Memory: 0MB, NPU HBM: 0MB, AICore: 0%
[0;32m[2025-10-27 22:57:48][0m CPU: 100.00%, Host Memory: 78827MB, GPU: 7570MB, NPU Memory: 0MB, NPU HBM: 0MB, AICore: 0%
[0;32m[2025-10-27 22:57:52][0m CPU: 100.00%, Host Memory: 78827MB, GPU: 7570MB, NPU Memory: 0MB, NPU HBM: 0MB, AICore: 0%
[0;32m[2025-10-27 22:57:57][0m CPU: 100.00%, Host Memory: 78827MB, GPU: 7570MB, NPU Memory: 0MB, NPU HBM: 0MB, AICore: 0%
[0;32m[2025-10-27 22:58:01][0m CPU: 100.00%, Host Memory: 78827MB, GPU: 7570MB, NPU Memory: 0MB, NPU HBM: 0MB, AICore: 0%
[0;32m[2025-10-27 22:58:06][0m CPU: 100.00%, Host Memory: 78827MB, GPU: 7570MB, NPU Memory: 0MB, NPU HBM: 0MB, AICore: 0%
[0;32m[2025-10-27 22:58:10][0m CPU: 100.00%, Host Memory: 78827MB, GPU: 7570MB, NPU Memory: 0MB, NPU HBM: 0MB, AICore: 0%
[0;32m[2025-10-27 22:58:14][0m CPU: 100.00%, Host Memory: 78827MB, GPU: 7570MB, NPU Memory: 0MB, NPU HBM: 0MB, AICore: 0%
[0;32m[2025-10-27 22:58:19][0m CPU: 100.00%, Host Memory: 78827MB, GPU: 7570MB, NPU Memory: 0MB, NPU HBM: 0MB, AICore: 0%
[0;32m[2025-10-27 22:58:23][0m CPU: 100.00%, Host Memory: 78827MB, GPU: 7570MB, NPU Memory: 0MB, NPU HBM: 0MB, AICore: 0%
[0;32m[2025-10-27 22:58:27][0m CPU: 100.00%, Host Memory: 78827MB, GPU: 7570MB, NPU Memory: 0MB, NPU HBM: 0MB, AICore: 0%
[0;32m[2025-10-27 22:58:32][0m CPU: 100.00%, Host Memory: 78827MB, GPU: 7570MB, NPU Memory: 0MB, NPU HBM: 0MB, AICore: 0%
[0;32m[2025-10-27 22:58:36][0m CPU: 100.00%, Host Memory: 78827MB, GPU: 7570MB, NPU Memory: 0MB, NPU HBM: 0MB, AICore: 0%
[0;32m[2025-10-27 22:58:40][0m CPU: 100.00%, Host Memory: 78827MB, GPU: 7570MB, NPU Memory: 0MB, NPU HBM: 0MB, AICore: 0%
[0;32m[2025-10-27 22:58:45][0m CPU: 100.00%, Host Memory: 78827MB, GPU: 7570MB, NPU Memory: 0MB, NPU HBM: 0MB, AICore: 0%
[0;32m[2025-10-27 22:58:49][0m CPU: 100.00%, Host Memory: 78827MB, GPU: 7570MB, NPU Memory: 0MB, NPU HBM: 0MB, AICore: 0%
[0;32m[2025-10-27 22:58:54][0m CPU: 100.00%, Host Memory: 78827MB, GPU: 7570MB, NPU Memory: 0MB, NPU HBM: 0MB, AICore: 0%
[0;32m[2025-10-27 22:58:58][0m CPU: 100.00%, Host Memory: 78827MB, GPU: 7570MB, NPU Memory: 0MB, NPU HBM: 0MB, AICore: 0%
[0;32m[2025-10-27 22:59:03][0m CPU: 100.00%, Host Memory: 78827MB, GPU: 7570MB, NPU Memory: 0MB, NPU HBM: 0MB, AICore: 0%
[0;32m[2025-10-27 22:59:07][0m CPU: 100.00%, Host Memory: 78827MB, GPU: 7570MB, NPU Memory: 0MB, NPU HBM: 0MB, AICore: 0%
[0;32m[2025-10-27 22:59:12][0m CPU: 100.00%, Host Memory: 78827MB, GPU: 7570MB, NPU Memory: 0MB, NPU HBM: 0MB, AICore: 0%
[0;32m[2025-10-27 22:59:16][0m CPU: 100.00%, Host Memory: 78827MB, GPU: 7570MB, NPU Memory: 0MB, NPU HBM: 0MB, AICore: 0%
[0;32m[2025-10-27 22:59:21][0m CPU: 100.00%, Host Memory: 78827MB, GPU: 7570MB, NPU Memory: 0MB, NPU HBM: 0MB, AICore: 0%
[0;32m[2025-10-27 22:59:25][0m CPU: 100.00%, Host Memory: 78827MB, GPU: 7570MB, NPU Memory: 0MB, NPU HBM: 0MB, AICore: 0%
[0;32m[2025-10-27 22:59:30][0m CPU: 100.00%, Host Memory: 78827MB, GPU: 7570MB, NPU Memory: 0MB, NPU HBM: 0MB, AICore: 0%
[0;32m[2025-10-27 22:59:34][0m CPU: 100.00%, Host Memory: 78827MB, GPU: 7570MB, NPU Memory: 0MB, NPU HBM: 0MB, AICore: 0%
[0;32m[2025-10-27 22:59:39][0m CPU: 100.00%, Host Memory: 78827MB, GPU: 7570MB, NPU Memory: 0MB, NPU HBM: 0MB, AICore: 0%
[0;32m[2025-10-27 22:59:43][0m CPU: 100.00%, Host Memory: 78827MB, GPU: 7570MB, NPU Memory: 0MB, NPU HBM: 0MB, AICore: 0%
[0;32m[2025-10-27 22:59:48][0m CPU: 100.00%, Host Memory: 78827MB, GPU: 7570MB, NPU Memory: 0MB, NPU HBM: 0MB, AICore: 0%
[0;32m[2025-10-27 22:59:52][0m CPU: 100.00%, Host Memory: 78827MB, GPU: 7570MB, NPU Memory: 0MB, NPU HBM: 0MB, AICore: 0%
[0;32m[2025-10-27 22:59:57][0m CPU: 100.00%, Host Memory: 78827MB, GPU: 7570MB, NPU Memory: 0MB, NPU HBM: 0MB, AICore: 0%
[0;32m[2025-10-27 23:00:01][0m CPU: 100.00%, Host Memory: 78827MB, GPU: 7570MB, NPU Memory: 0MB, NPU HBM: 0MB, AICore: 0%
[0;32m[2025-10-27 23:00:06][0m CPU: 100.00%, Host Memory: 78827MB, GPU: 7570MB, NPU Memory: 0MB, NPU HBM: 0MB, AICore: 0%
[0;32m[2025-10-27 23:00:10][0m CPU: 100.00%, Host Memory: 78827MB, GPU: 7570MB, NPU Memory: 0MB, NPU HBM: 0MB, AICore: 0%
[0;32m[2025-10-27 23:00:15][0m CPU: 100.00%, Host Memory: 78827MB, GPU: 7570MB, NPU Memory: 0MB, NPU HBM: 0MB, AICore: 0%
[0;32m[2025-10-27 23:00:19][0m CPU: 100.00%, Host Memory: 78827MB, GPU: 7570MB, NPU Memory: 0MB, NPU HBM: 0MB, AICore: 0%
[0;32m[2025-10-27 23:00:24][0m CPU: 100.00%, Host Memory: 78827MB, GPU: 7570MB, NPU Memory: 0MB, NPU HBM: 0MB, AICore: 0%
[0;32m[2025-10-27 23:00:28][0m CPU: 100.00%, Host Memory: 78827MB, GPU: 7570MB, NPU Memory: 0MB, NPU HBM: 0MB, AICore: 0%
[0;32m[2025-10-27 23:00:33][0m CPU: 100.00%, Host Memory: 78827MB, GPU: 7570MB, NPU Memory: 0MB, NPU HBM: 0MB, AICore: 0%
[0;32m[2025-10-27 23:00:37][0m CPU: 100.00%, Host Memory: 78827MB, GPU: 7570MB, NPU Memory: 0MB, NPU HBM: 0MB, AICore: 0%
[0;32m[2025-10-27 23:00:42][0m CPU: 100.00%, Host Memory: 78827MB, GPU: 7570MB, NPU Memory: 0MB, NPU HBM: 0MB, AICore: 0%
[0;32m[2025-10-27 23:00:46][0m CPU: 100.00%, Host Memory: 78827MB, GPU: 7570MB, NPU Memory: 0MB, NPU HBM: 0MB, AICore: 0%
[0;32m[2025-10-27 23:00:51][0m CPU: 100.00%, Host Memory: 78827MB, GPU: 7570MB, NPU Memory: 0MB, NPU HBM: 0MB, AICore: 0%
[0;32m[2025-10-27 23:00:55][0m CPU: 100.00%, Host Memory: 78827MB, GPU: 7570MB, NPU Memory: 0MB, NPU HBM: 0MB, AICore: 0%
[0;32m[2025-10-27 23:01:00][0m CPU: 100.00%, Host Memory: 78827MB, GPU: 7570MB, NPU Memory: 0MB, NPU HBM: 0MB, AICore: 0%
[0;32m[2025-10-27 23:01:04][0m CPU: 100.00%, Host Memory: 78827MB, GPU: 7570MB, NPU Memory: 0MB, NPU HBM: 0MB, AICore: 0%
[0;32m[2025-10-27 23:01:09][0m CPU: 100.00%, Host Memory: 78827MB, GPU: 7570MB, NPU Memory: 0MB, NPU HBM: 0MB, AICore: 0%
[0;32m[2025-10-27 23:01:13][0m CPU: 100.00%, Host Memory: 78827MB, GPU: 7570MB, NPU Memory: 0MB, NPU HBM: 0MB, AICore: 0%
[0;32m[2025-10-27 23:01:18][0m CPU: 100.00%, Host Memory: 78827MB, GPU: 7570MB, NPU Memory: 0MB, NPU HBM: 0MB, AICore: 0%
[0;32m[2025-10-27 23:01:22][0m CPU: 100.00%, Host Memory: 78828MB, GPU: 7570MB, NPU Memory: 0MB, NPU HBM: 0MB, AICore: 0%
[0;32m[2025-10-27 23:01:27][0m CPU: 100.00%, Host Memory: 78828MB, GPU: 7570MB, NPU Memory: 0MB, NPU HBM: 0MB, AICore: 0%
[0;32m[2025-10-27 23:01:31][0m CPU: 100.00%, Host Memory: 78828MB, GPU: 7570MB, NPU Memory: 0MB, NPU HBM: 0MB, AICore: 0%
[0;32m[2025-10-27 23:01:35][0m CPU: 100.00%, Host Memory: 78828MB, GPU: 7570MB, NPU Memory: 0MB, NPU HBM: 0MB, AICore: 0%
[0;32m[2025-10-27 23:01:40][0m CPU: 100.00%, Host Memory: 78828MB, GPU: 7570MB, NPU Memory: 0MB, NPU HBM: 0MB, AICore: 0%
[0;32m[2025-10-27 23:01:44][0m CPU: 100.00%, Host Memory: 78828MB, GPU: 7570MB, NPU Memory: 0MB, NPU HBM: 0MB, AICore: 0%
[0;32m[2025-10-27 23:01:49][0m CPU: 100.00%, Host Memory: 78828MB, GPU: 7570MB, NPU Memory: 0MB, NPU HBM: 0MB, AICore: 0%
[0;32m[2025-10-27 23:01:53][0m CPU: 100.00%, Host Memory: 78828MB, GPU: 7570MB, NPU Memory: 0MB, NPU HBM: 0MB, AICore: 0%
[0;32m[2025-10-27 23:01:58][0m CPU: 100.00%, Host Memory: 78828MB, GPU: 7570MB, NPU Memory: 0MB, NPU HBM: 0MB, AICore: 0%
[0;32m[2025-10-27 23:02:02][0m CPU: 100.00%, Host Memory: 78828MB, GPU: 7570MB, NPU Memory: 0MB, NPU HBM: 0MB, AICore: 0%
[0;32m[2025-10-27 23:02:07][0m CPU: 100.00%, Host Memory: 78828MB, GPU: 7570MB, NPU Memory: 0MB, NPU HBM: 0MB, AICore: 0%
[0;32m[2025-10-27 23:02:11][0m CPU: 100.00%, Host Memory: 78828MB, GPU: 7570MB, NPU Memory: 0MB, NPU HBM: 0MB, AICore: 0%
[0;32m[2025-10-27 23:02:16][0m CPU: 100.00%, Host Memory: 78828MB, GPU: 7570MB, NPU Memory: 0MB, NPU HBM: 0MB, AICore: 0%
[0;32m[2025-10-27 23:02:20][0m CPU: 100.00%, Host Memory: 78828MB, GPU: 7570MB, NPU Memory: 0MB, NPU HBM: 0MB, AICore: 0%
[0;32m[2025-10-27 23:02:25][0m CPU: 100.00%, Host Memory: 78828MB, GPU: 7570MB, NPU Memory: 0MB, NPU HBM: 0MB, AICore: 0%
[0;32m[2025-10-27 23:02:29][0m CPU: 100.00%, Host Memory: 78828MB, GPU: 7570MB, NPU Memory: 0MB, NPU HBM: 0MB, AICore: 0%
[0;32m[2025-10-27 23:02:34][0m CPU: 100.00%, Host Memory: 78828MB, GPU: 7570MB, NPU Memory: 0MB, NPU HBM: 0MB, AICore: 0%
[0;32m[2025-10-27 23:02:38][0m CPU: 100.00%, Host Memory: 78828MB, GPU: 7570MB, NPU Memory: 0MB, NPU HBM: 0MB, AICore: 0%
[0;32m[2025-10-27 23:02:43][0m CPU: 100.00%, Host Memory: 78828MB, GPU: 7570MB, NPU Memory: 0MB, NPU HBM: 0MB, AICore: 0%
[0;32m[2025-10-27 23:02:47][0m CPU: 100.00%, Host Memory: 78828MB, GPU: 7570MB, NPU Memory: 0MB, NPU HBM: 0MB, AICore: 0%
[0;32m[2025-10-27 23:02:52][0m CPU: 100.00%, Host Memory: 78828MB, GPU: 7570MB, NPU Memory: 0MB, NPU HBM: 0MB, AICore: 0%
[0;32m[2025-10-27 23:02:56][0m CPU: 100.00%, Host Memory: 78828MB, GPU: 7570MB, NPU Memory: 0MB, NPU HBM: 0MB, AICore: 0%
[0;32m[2025-10-27 23:03:01][0m CPU: 100.00%, Host Memory: 78828MB, GPU: 7570MB, NPU Memory: 0MB, NPU HBM: 0MB, AICore: 0%
[0;32m[2025-10-27 23:03:05][0m CPU: 100.00%, Host Memory: 78828MB, GPU: 7570MB, NPU Memory: 0MB, NPU HBM: 0MB, AICore: 0%
[0;32m[2025-10-27 23:03:10][0m CPU: 100.00%, Host Memory: 78828MB, GPU: 7570MB, NPU Memory: 0MB, NPU HBM: 0MB, AICore: 0%
[0;32m[2025-10-27 23:03:14][0m CPU: 100.00%, Host Memory: 78828MB, GPU: 7570MB, NPU Memory: 0MB, NPU HBM: 0MB, AICore: 0%
[0;32m[2025-10-27 23:03:19][0m CPU: 100.00%, Host Memory: 78828MB, GPU: 7570MB, NPU Memory: 0MB, NPU HBM: 0MB, AICore: 0%
[0;32m[2025-10-27 23:03:23][0m CPU: 100.00%, Host Memory: 78828MB, GPU: 7570MB, NPU Memory: 0MB, NPU HBM: 0MB, AICore: 0%
[0;32m[2025-10-27 23:03:28][0m CPU: 100.00%, Host Memory: 78828MB, GPU: 7570MB, NPU Memory: 0MB, NPU HBM: 0MB, AICore: 0%
[0;32m[2025-10-27 23:03:32][0m CPU: 100.00%, Host Memory: 78828MB, GPU: 7570MB, NPU Memory: 0MB, NPU HBM: 0MB, AICore: 0%
[0;32m[2025-10-27 23:03:37][0m CPU: 100.00%, Host Memory: 78828MB, GPU: 7570MB, NPU Memory: 0MB, NPU HBM: 0MB, AICore: 0%
[0;32m[2025-10-27 23:03:41][0m CPU: 100.00%, Host Memory: 78828MB, GPU: 7570MB, NPU Memory: 0MB, NPU HBM: 0MB, AICore: 0%
[0;32m[2025-10-27 23:03:46][0m CPU: 100.00%, Host Memory: 78828MB, GPU: 7570MB, NPU Memory: 0MB, NPU HBM: 0MB, AICore: 0%
[0;32m[2025-10-27 23:03:50][0m CPU: 100.00%, Host Memory: 78828MB, GPU: 7570MB, NPU Memory: 0MB, NPU HBM: 0MB, AICore: 0%
[0;32m[2025-10-27 23:03:55][0m CPU: 100.00%, Host Memory: 78828MB, GPU: 7570MB, NPU Memory: 0MB, NPU HBM: 0MB, AICore: 0%
[0;32m[2025-10-27 23:03:59][0m CPU: 100.00%, Host Memory: 78828MB, GPU: 7570MB, NPU Memory: 0MB, NPU HBM: 0MB, AICore: 0%
[0;32m[2025-10-27 23:04:04][0m CPU: 100.00%, Host Memory: 78828MB, GPU: 7570MB, NPU Memory: 0MB, NPU HBM: 0MB, AICore: 0%
[0;32m[2025-10-27 23:04:08][0m CPU: 100.00%, Host Memory: 78828MB, GPU: 7570MB, NPU Memory: 0MB, NPU HBM: 0MB, AICore: 0%
[0;32m[2025-10-27 23:04:13][0m CPU: 100.00%, Host Memory: 78828MB, GPU: 7570MB, NPU Memory: 0MB, NPU HBM: 0MB, AICore: 0%
[0;32m[2025-10-27 23:04:17][0m CPU: 100.00%, Host Memory: 78828MB, GPU: 7570MB, NPU Memory: 0MB, NPU HBM: 0MB, AICore: 0%
[0;32m[2025-10-27 23:04:21][0m CPU: 100.00%, Host Memory: 78828MB, GPU: 7570MB, NPU Memory: 0MB, NPU HBM: 0MB, AICore: 0%
[0;32m[2025-10-27 23:04:26][0m CPU: 100.00%, Host Memory: 78828MB, GPU: 7570MB, NPU Memory: 0MB, NPU HBM: 0MB, AICore: 0%
[0;32m[2025-10-27 23:04:30][0m CPU: 100.00%, Host Memory: 78828MB, GPU: 7570MB, NPU Memory: 0MB, NPU HBM: 0MB, AICore: 0%
[0;32m[2025-10-27 23:04:35][0m CPU: 100.00%, Host Memory: 78828MB, GPU: 7570MB, NPU Memory: 0MB, NPU HBM: 0MB, AICore: 0%
[0;32m[2025-10-27 23:04:39][0m CPU: 100.00%, Host Memory: 78828MB, GPU: 7570MB, NPU Memory: 0MB, NPU HBM: 0MB, AICore: 0%
[0;32m[2025-10-27 23:04:44][0m CPU: 100.00%, Host Memory: 78828MB, GPU: 7570MB, NPU Memory: 0MB, NPU HBM: 0MB, AICore: 0%
[0;32m[2025-10-27 23:04:48][0m CPU: 100.00%, Host Memory: 78828MB, GPU: 7570MB, NPU Memory: 0MB, NPU HBM: 0MB, AICore: 0%
[0;32m[2025-10-27 23:04:53][0m CPU: 100.00%, Host Memory: 78828MB, GPU: 7570MB, NPU Memory: 0MB, NPU HBM: 0MB, AICore: 0%
[0;32m[2025-10-27 23:04:57][0m CPU: 100.00%, Host Memory: 78828MB, GPU: 7570MB, NPU Memory: 0MB, NPU HBM: 0MB, AICore: 0%
[0;32m[2025-10-27 23:05:02][0m CPU: 100.00%, Host Memory: 78828MB, GPU: 7570MB, NPU Memory: 0MB, NPU HBM: 0MB, AICore: 0%
[0;32m[2025-10-27 23:05:06][0m CPU: 100.00%, Host Memory: 78828MB, GPU: 7570MB, NPU Memory: 0MB, NPU HBM: 0MB, AICore: 0%
[0;32m[2025-10-27 23:05:11][0m CPU: 100.00%, Host Memory: 78828MB, GPU: 7570MB, NPU Memory: 0MB, NPU HBM: 0MB, AICore: 0%
[0;32m[2025-10-27 23:05:15][0m CPU: 100.00%, Host Memory: 78828MB, GPU: 7570MB, NPU Memory: 0MB, NPU HBM: 0MB, AICore: 0%
[0;32m[2025-10-27 23:05:20][0m CPU: 100.00%, Host Memory: 78828MB, GPU: 7570MB, NPU Memory: 0MB, NPU HBM: 0MB, AICore: 0%
[0;32m[2025-10-27 23:05:24][0m CPU: 100.00%, Host Memory: 78828MB, GPU: 7570MB, NPU Memory: 0MB, NPU HBM: 0MB, AICore: 0%
[0;32m[2025-10-27 23:05:29][0m CPU: 100.00%, Host Memory: 78828MB, GPU: 7570MB, NPU Memory: 0MB, NPU HBM: 0MB, AICore: 0%
[0;32m[2025-10-27 23:05:33][0m CPU: 100.00%, Host Memory: 78828MB, GPU: 7570MB, NPU Memory: 0MB, NPU HBM: 0MB, AICore: 0%
[0;32m[2025-10-27 23:05:38][0m CPU: 100.00%, Host Memory: 78828MB, GPU: 7570MB, NPU Memory: 0MB, NPU HBM: 0MB, AICore: 0%
[0;32m[2025-10-27 23:05:42][0m CPU: 100.00%, Host Memory: 78828MB, GPU: 7570MB, NPU Memory: 0MB, NPU HBM: 0MB, AICore: 0%
[0;32m[2025-10-27 23:05:47][0m CPU: 100.00%, Host Memory: 78828MB, GPU: 7570MB, NPU Memory: 0MB, NPU HBM: 0MB, AICore: 0%
[0;32m[2025-10-27 23:05:51][0m CPU: 100.00%, Host Memory: 78828MB, GPU: 7570MB, NPU Memory: 0MB, NPU HBM: 0MB, AICore: 0%
[0;32m[2025-10-27 23:05:56][0m CPU: 100.00%, Host Memory: 78828MB, GPU: 7570MB, NPU Memory: 0MB, NPU HBM: 0MB, AICore: 0%
[0;32m[2025-10-27 23:06:00][0m CPU: 100.00%, Host Memory: 78828MB, GPU: 7570MB, NPU Memory: 0MB, NPU HBM: 0MB, AICore: 0%
[0;32m[2025-10-27 23:06:05][0m CPU: 100.00%, Host Memory: 78828MB, GPU: 7570MB, NPU Memory: 0MB, NPU HBM: 0MB, AICore: 0%
[0;32m[2025-10-27 23:06:09][0m CPU: 100.00%, Host Memory: 78828MB, GPU: 7570MB, NPU Memory: 0MB, NPU HBM: 0MB, AICore: 0%
[0;32m[2025-10-27 23:06:14][0m CPU: 100.00%, Host Memory: 78828MB, GPU: 7570MB, NPU Memory: 0MB, NPU HBM: 0MB, AICore: 0%
[0;32m[2025-10-27 23:06:18][0m CPU: 100.00%, Host Memory: 78828MB, GPU: 7570MB, NPU Memory: 0MB, NPU HBM: 0MB, AICore: 0%
[0;32m[2025-10-27 23:06:23][0m CPU: 100.00%, Host Memory: 78828MB, GPU: 7570MB, NPU Memory: 0MB, NPU HBM: 0MB, AICore: 0%
[0;32m[2025-10-27 23:06:27][0m CPU: 100.00%, Host Memory: 78828MB, GPU: 7570MB, NPU Memory: 0MB, NPU HBM: 0MB, AICore: 0%
[0;32m[2025-10-27 23:06:31][0m CPU: 100.00%, Host Memory: 78828MB, GPU: 7570MB, NPU Memory: 0MB, NPU HBM: 0MB, AICore: 0%
[0;32m[2025-10-27 23:06:36][0m CPU: 100.00%, Host Memory: 78828MB, GPU: 7570MB, NPU Memory: 0MB, NPU HBM: 0MB, AICore: 0%
[0;32m[2025-10-27 23:06:40][0m CPU: 100.00%, Host Memory: 78828MB, GPU: 7570MB, NPU Memory: 0MB, NPU HBM: 0MB, AICore: 0%
[0;32m[2025-10-27 23:06:45][0m CPU: 100.00%, Host Memory: 78828MB, GPU: 7570MB, NPU Memory: 0MB, NPU HBM: 0MB, AICore: 0%
[0;32m[2025-10-27 23:06:49][0m CPU: 100.00%, Host Memory: 78828MB, GPU: 7570MB, NPU Memory: 0MB, NPU HBM: 0MB, AICore: 0%
[0;32m[2025-10-27 23:06:54][0m CPU: 100.00%, Host Memory: 78828MB, GPU: 7570MB, NPU Memory: 0MB, NPU HBM: 0MB, AICore: 0%
[0;32m[2025-10-27 23:06:58][0m CPU: 100.00%, Host Memory: 78828MB, GPU: 7570MB, NPU Memory: 0MB, NPU HBM: 0MB, AICore: 0%
[0;32m[2025-10-27 23:07:03][0m CPU: 100.00%, Host Memory: 78828MB, GPU: 7570MB, NPU Memory: 0MB, NPU HBM: 0MB, AICore: 0%
[0;32m[2025-10-27 23:07:07][0m CPU: 100.00%, Host Memory: 78828MB, GPU: 7570MB, NPU Memory: 0MB, NPU HBM: 0MB, AICore: 0%
[0;32m[2025-10-27 23:07:12][0m CPU: 100.00%, Host Memory: 78828MB, GPU: 7570MB, NPU Memory: 0MB, NPU HBM: 0MB, AICore: 0%
[0;32m[2025-10-27 23:07:16][0m CPU: 100.00%, Host Memory: 78828MB, GPU: 7570MB, NPU Memory: 0MB, NPU HBM: 0MB, AICore: 0%
[0;32m[2025-10-27 23:07:21][0m CPU: 100.00%, Host Memory: 78828MB, GPU: 7570MB, NPU Memory: 0MB, NPU HBM: 0MB, AICore: 0%
[0;32m[2025-10-27 23:07:25][0m CPU: 100.00%, Host Memory: 78828MB, GPU: 7570MB, NPU Memory: 0MB, NPU HBM: 0MB, AICore: 0%
[0;32m[2025-10-27 23:07:29][0m CPU: 100.00%, Host Memory: 78828MB, GPU: 7570MB, NPU Memory: 0MB, NPU HBM: 0MB, AICore: 0%
[0;32m[2025-10-27 23:07:34][0m CPU: 100.00%, Host Memory: 78828MB, GPU: 7570MB, NPU Memory: 0MB, NPU HBM: 0MB, AICore: 0%
[0;32m[2025-10-27 23:07:38][0m CPU: 100.00%, Host Memory: 78828MB, GPU: 7570MB, NPU Memory: 0MB, NPU HBM: 0MB, AICore: 0%
[0;32m[2025-10-27 23:07:43][0m CPU: 100.00%, Host Memory: 78828MB, GPU: 7570MB, NPU Memory: 0MB, NPU HBM: 0MB, AICore: 0%
[0;32m[2025-10-27 23:07:47][0m CPU: 100.00%, Host Memory: 78828MB, GPU: 7570MB, NPU Memory: 0MB, NPU HBM: 0MB, AICore: 0%
[0;32m[2025-10-27 23:07:52][0m CPU: 100.00%, Host Memory: 78828MB, GPU: 7570MB, NPU Memory: 0MB, NPU HBM: 0MB, AICore: 0%
[0;32m[2025-10-27 23:07:56][0m CPU: 100.00%, Host Memory: 78828MB, GPU: 7570MB, NPU Memory: 0MB, NPU HBM: 0MB, AICore: 0%
[0;32m[2025-10-27 23:08:01][0m CPU: 100.00%, Host Memory: 78828MB, GPU: 7570MB, NPU Memory: 0MB, NPU HBM: 0MB, AICore: 0%
[0;32m[2025-10-27 23:08:05][0m CPU: 100.00%, Host Memory: 78828MB, GPU: 7570MB, NPU Memory: 0MB, NPU HBM: 0MB, AICore: 0%
[0;32m[2025-10-27 23:08:10][0m CPU: 100.00%, Host Memory: 78828MB, GPU: 7570MB, NPU Memory: 0MB, NPU HBM: 0MB, AICore: 0%
[0;32m[2025-10-27 23:08:14][0m CPU: 100.00%, Host Memory: 78828MB, GPU: 7570MB, NPU Memory: 0MB, NPU HBM: 0MB, AICore: 0%
[0;32m[2025-10-27 23:08:19][0m CPU: 100.00%, Host Memory: 78828MB, GPU: 7570MB, NPU Memory: 0MB, NPU HBM: 0MB, AICore: 0%
[0;32m[2025-10-27 23:08:23][0m CPU: 100.00%, Host Memory: 78828MB, GPU: 7570MB, NPU Memory: 0MB, NPU HBM: 0MB, AICore: 0%
[0;32m[2025-10-27 23:08:28][0m CPU: 100.00%, Host Memory: 78828MB, GPU: 7570MB, NPU Memory: 0MB, NPU HBM: 0MB, AICore: 0%
[0;32m[2025-10-27 23:08:32][0m CPU: 100.00%, Host Memory: 78828MB, GPU: 7570MB, NPU Memory: 0MB, NPU HBM: 0MB, AICore: 0%
[0;32m[2025-10-27 23:08:37][0m CPU: 100.00%, Host Memory: 78828MB, GPU: 7570MB, NPU Memory: 0MB, NPU HBM: 0MB, AICore: 0%
[0;32m[2025-10-27 23:08:41][0m CPU: 100.00%, Host Memory: 78828MB, GPU: 7570MB, NPU Memory: 0MB, NPU HBM: 0MB, AICore: 0%
[0;32m[2025-10-27 23:08:46][0m CPU: 100.00%, Host Memory: 78828MB, GPU: 7570MB, NPU Memory: 0MB, NPU HBM: 0MB, AICore: 0%
[0;32m[2025-10-27 23:08:50][0m CPU: 100.00%, Host Memory: 78828MB, GPU: 7570MB, NPU Memory: 0MB, NPU HBM: 0MB, AICore: 0%
[0;32m[2025-10-27 23:08:55][0m CPU: 100.00%, Host Memory: 78828MB, GPU: 7570MB, NPU Memory: 0MB, NPU HBM: 0MB, AICore: 0%
[0;32m[2025-10-27 23:08:59][0m CPU: 100.00%, Host Memory: 78828MB, GPU: 7570MB, NPU Memory: 0MB, NPU HBM: 0MB, AICore: 0%
[0;32m[2025-10-27 23:09:04][0m CPU: 100.00%, Host Memory: 78828MB, GPU: 7570MB, NPU Memory: 0MB, NPU HBM: 0MB, AICore: 0%
[0;32m[2025-10-27 23:09:08][0m CPU: 100.00%, Host Memory: 78828MB, GPU: 7570MB, NPU Memory: 0MB, NPU HBM: 0MB, AICore: 0%
[0;32m[2025-10-27 23:09:13][0m CPU: 100.00%, Host Memory: 78828MB, GPU: 7570MB, NPU Memory: 0MB, NPU HBM: 0MB, AICore: 0%
[0;32m[2025-10-27 23:09:17][0m CPU: 100.00%, Host Memory: 78828MB, GPU: 7570MB, NPU Memory: 0MB, NPU HBM: 0MB, AICore: 0%
[0;32m[2025-10-27 23:09:22][0m CPU: 100.00%, Host Memory: 78828MB, GPU: 7570MB, NPU Memory: 0MB, NPU HBM: 0MB, AICore: 0%
[0;32m[2025-10-27 23:09:26][0m CPU: 100.00%, Host Memory: 78828MB, GPU: 7570MB, NPU Memory: 0MB, NPU HBM: 0MB, AICore: 0%
[0;32m[2025-10-27 23:09:31][0m CPU: 100.00%, Host Memory: 78828MB, GPU: 7570MB, NPU Memory: 0MB, NPU HBM: 0MB, AICore: 0%
[0;32m[2025-10-27 23:09:35][0m CPU: 100.00%, Host Memory: 78828MB, GPU: 7570MB, NPU Memory: 0MB, NPU HBM: 0MB, AICore: 0%
[0;32m[2025-10-27 23:09:40][0m CPU: 100.00%, Host Memory: 78828MB, GPU: 7570MB, NPU Memory: 0MB, NPU HBM: 0MB, AICore: 0%
[0;32m[2025-10-27 23:09:44][0m CPU: 100.00%, Host Memory: 78828MB, GPU: 7570MB, NPU Memory: 0MB, NPU HBM: 0MB, AICore: 0%
[0;32m[2025-10-27 23:09:49][0m CPU: 100.00%, Host Memory: 78828MB, GPU: 7570MB, NPU Memory: 0MB, NPU HBM: 0MB, AICore: 0%
[0;32m[2025-10-27 23:09:53][0m CPU: 100.00%, Host Memory: 78828MB, GPU: 7570MB, NPU Memory: 0MB, NPU HBM: 0MB, AICore: 0%
[0;32m[2025-10-27 23:09:58][0m CPU: 100.00%, Host Memory: 78828MB, GPU: 7570MB, NPU Memory: 0MB, NPU HBM: 0MB, AICore: 0%
[0;32m[2025-10-27 23:10:02][0m CPU: 100.00%, Host Memory: 78828MB, GPU: 7570MB, NPU Memory: 0MB, NPU HBM: 0MB, AICore: 0%
[0;32m[2025-10-27 23:10:07][0m CPU: 100.00%, Host Memory: 78828MB, GPU: 7570MB, NPU Memory: 0MB, NPU HBM: 0MB, AICore: 0%
[0;32m[2025-10-27 23:10:11][0m CPU: 100.00%, Host Memory: 78828MB, GPU: 7570MB, NPU Memory: 0MB, NPU HBM: 0MB, AICore: 0%
[0;32m[2025-10-27 23:10:16][0m CPU: 100.00%, Host Memory: 78828MB, GPU: 7570MB, NPU Memory: 0MB, NPU HBM: 0MB, AICore: 0%
[0;32m[2025-10-27 23:10:20][0m CPU: 100.00%, Host Memory: 78828MB, GPU: 7570MB, NPU Memory: 0MB, NPU HBM: 0MB, AICore: 0%
[0;32m[2025-10-27 23:10:25][0m CPU: 100.00%, Host Memory: 78828MB, GPU: 7570MB, NPU Memory: 0MB, NPU HBM: 0MB, AICore: 0%
[0;32m[2025-10-27 23:10:29][0m CPU: 100.00%, Host Memory: 78828MB, GPU: 7570MB, NPU Memory: 0MB, NPU HBM: 0MB, AICore: 0%
[0;32m[2025-10-27 23:10:33][0m CPU: 100.00%, Host Memory: 78828MB, GPU: 7570MB, NPU Memory: 0MB, NPU HBM: 0MB, AICore: 0%
[0;32m[2025-10-27 23:10:38][0m CPU: 100.00%, Host Memory: 78828MB, GPU: 7570MB, NPU Memory: 0MB, NPU HBM: 0MB, AICore: 0%
[0;32m[2025-10-27 23:10:43][0m CPU: 100.00%, Host Memory: 78828MB, GPU: 7570MB, NPU Memory: 0MB, NPU HBM: 0MB, AICore: 0%
[0;32m[2025-10-27 23:10:47][0m CPU: 100.00%, Host Memory: 78828MB, GPU: 7570MB, NPU Memory: 0MB, NPU HBM: 0MB, AICore: 0%
[0;32m[2025-10-27 23:10:51][0m CPU: 100.00%, Host Memory: 78828MB, GPU: 7570MB, NPU Memory: 0MB, NPU HBM: 0MB, AICore: 0%
[0;32m[2025-10-27 23:10:56][0m CPU: 100.00%, Host Memory: 78828MB, GPU: 7570MB, NPU Memory: 0MB, NPU HBM: 0MB, AICore: 0%
[0;32m[2025-10-27 23:11:00][0m CPU: 100.00%, Host Memory: 78828MB, GPU: 7570MB, NPU Memory: 0MB, NPU HBM: 0MB, AICore: 0%
[0;32m[2025-10-27 23:11:05][0m CPU: 100.00%, Host Memory: 78828MB, GPU: 7570MB, NPU Memory: 0MB, NPU HBM: 0MB, AICore: 0%
[0;32m[2025-10-27 23:11:09][0m CPU: 100.00%, Host Memory: 78828MB, GPU: 7570MB, NPU Memory: 0MB, NPU HBM: 0MB, AICore: 0%
[0;32m[2025-10-27 23:11:13][0m CPU: 100.00%, Host Memory: 78828MB, GPU: 7570MB, NPU Memory: 0MB, NPU HBM: 0MB, AICore: 0%
[0;32m[2025-10-27 23:11:18][0m CPU: 100.00%, Host Memory: 78828MB, GPU: 7570MB, NPU Memory: 0MB, NPU HBM: 0MB, AICore: 0%
[0;32m[2025-10-27 23:11:22][0m CPU: 100.00%, Host Memory: 78828MB, GPU: 7570MB, NPU Memory: 0MB, NPU HBM: 0MB, AICore: 0%
[0;32m[2025-10-27 23:11:26][0m CPU: 100.00%, Host Memory: 78828MB, GPU: 7570MB, NPU Memory: 0MB, NPU HBM: 0MB, AICore: 0%
[0;32m[2025-10-27 23:11:31][0m CPU: 100.00%, Host Memory: 78828MB, GPU: 7570MB, NPU Memory: 0MB, NPU HBM: 0MB, AICore: 0%
[0;32m[2025-10-27 23:11:35][0m CPU: 100.00%, Host Memory: 78828MB, GPU: 7570MB, NPU Memory: 0MB, NPU HBM: 0MB, AICore: 0%
[0;32m[2025-10-27 23:11:40][0m CPU: 100.00%, Host Memory: 78828MB, GPU: 7570MB, NPU Memory: 0MB, NPU HBM: 0MB, AICore: 0%
[0;32m[2025-10-27 23:11:44][0m CPU: 100.00%, Host Memory: 78828MB, GPU: 7570MB, NPU Memory: 0MB, NPU HBM: 0MB, AICore: 0%
[0;32m[2025-10-27 23:11:48][0m CPU: 100.00%, Host Memory: 78828MB, GPU: 7570MB, NPU Memory: 0MB, NPU HBM: 0MB, AICore: 0%
[0;32m[2025-10-27 23:11:53][0m CPU: 100.00%, Host Memory: 78828MB, GPU: 7570MB, NPU Memory: 0MB, NPU HBM: 0MB, AICore: 0%
[0;32m[2025-10-27 23:11:57][0m CPU: 100.00%, Host Memory: 78828MB, GPU: 7570MB, NPU Memory: 0MB, NPU HBM: 0MB, AICore: 0%
[0;32m[2025-10-27 23:12:02][0m CPU: 100.00%, Host Memory: 78828MB, GPU: 7570MB, NPU Memory: 0MB, NPU HBM: 0MB, AICore: 0%
[0;32m[2025-10-27 23:12:06][0m CPU: 100.00%, Host Memory: 78828MB, GPU: 7570MB, NPU Memory: 0MB, NPU HBM: 0MB, AICore: 0%
[0;32m[2025-10-27 23:12:10][0m CPU: 100.00%, Host Memory: 78828MB, GPU: 7570MB, NPU Memory: 0MB, NPU HBM: 0MB, AICore: 0%
[0;32m[2025-10-27 23:12:15][0m CPU: 100.00%, Host Memory: 78828MB, GPU: 7570MB, NPU Memory: 0MB, NPU HBM: 0MB, AICore: 0%
[0;32m[2025-10-27 23:12:19][0m CPU: 100.00%, Host Memory: 78828MB, GPU: 7570MB, NPU Memory: 0MB, NPU HBM: 0MB, AICore: 0%
[0;32m[2025-10-27 23:12:23][0m CPU: 100.00%, Host Memory: 78828MB, GPU: 7570MB, NPU Memory: 0MB, NPU HBM: 0MB, AICore: 0%
[0;32m[2025-10-27 23:12:28][0m CPU: 100.00%, Host Memory: 78828MB, GPU: 7570MB, NPU Memory: 0MB, NPU HBM: 0MB, AICore: 0%
[0;32m[2025-10-27 23:12:32][0m CPU: 100.00%, Host Memory: 78828MB, GPU: 7570MB, NPU Memory: 0MB, NPU HBM: 0MB, AICore: 0%
[0;32m[2025-10-27 23:12:37][0m CPU: 100.00%, Host Memory: 78828MB, GPU: 7570MB, NPU Memory: 0MB, NPU HBM: 0MB, AICore: 0%
[0;32m[2025-10-27 23:12:41][0m CPU: 100.00%, Host Memory: 78828MB, GPU: 7570MB, NPU Memory: 0MB, NPU HBM: 0MB, AICore: 0%
[0;32m[2025-10-27 23:12:45][0m CPU: 100.00%, Host Memory: 78828MB, GPU: 7570MB, NPU Memory: 0MB, NPU HBM: 0MB, AICore: 0%
[0;32m[2025-10-27 23:12:50][0m CPU: 100.00%, Host Memory: 78828MB, GPU: 7570MB, NPU Memory: 0MB, NPU HBM: 0MB, AICore: 0%
[0;32m[2025-10-27 23:12:54][0m CPU: 100.00%, Host Memory: 78828MB, GPU: 7570MB, NPU Memory: 0MB, NPU HBM: 0MB, AICore: 0%
[0;32m[2025-10-27 23:12:58][0m CPU: 100.00%, Host Memory: 78828MB, GPU: 7570MB, NPU Memory: 0MB, NPU HBM: 0MB, AICore: 0%
[0;32m[2025-10-27 23:13:03][0m CPU: 100.00%, Host Memory: 78828MB, GPU: 7570MB, NPU Memory: 0MB, NPU HBM: 0MB, AICore: 0%
[0;32m[2025-10-27 23:13:07][0m CPU: 100.00%, Host Memory: 78828MB, GPU: 7570MB, NPU Memory: 0MB, NPU HBM: 0MB, AICore: 0%
[0;32m[2025-10-27 23:13:12][0m CPU: 100.00%, Host Memory: 78828MB, GPU: 7570MB, NPU Memory: 0MB, NPU HBM: 0MB, AICore: 0%
[0;32m[2025-10-27 23:13:16][0m CPU: 100.00%, Host Memory: 78828MB, GPU: 7570MB, NPU Memory: 0MB, NPU HBM: 0MB, AICore: 0%
[0;32m[2025-10-27 23:13:20][0m CPU: 100.00%, Host Memory: 78828MB, GPU: 7570MB, NPU Memory: 0MB, NPU HBM: 0MB, AICore: 0%
[0;32m[2025-10-27 23:13:25][0m CPU: 100.00%, Host Memory: 78828MB, GPU: 7570MB, NPU Memory: 0MB, NPU HBM: 0MB, AICore: 0%
[0;32m[2025-10-27 23:13:29][0m CPU: 100.00%, Host Memory: 78828MB, GPU: 7570MB, NPU Memory: 0MB, NPU HBM: 0MB, AICore: 0%
[0;32m[2025-10-27 23:13:34][0m CPU: 100.00%, Host Memory: 78828MB, GPU: 7570MB, NPU Memory: 0MB, NPU HBM: 0MB, AICore: 0%
[0;32m[2025-10-27 23:13:38][0m CPU: 100.00%, Host Memory: 78828MB, GPU: 7570MB, NPU Memory: 0MB, NPU HBM: 0MB, AICore: 0%
[0;32m[2025-10-27 23:13:42][0m CPU: 100.00%, Host Memory: 78828MB, GPU: 7570MB, NPU Memory: 0MB, NPU HBM: 0MB, AICore: 0%
[0;32m[2025-10-27 23:13:47][0m CPU: 100.00%, Host Memory: 78828MB, GPU: 7570MB, NPU Memory: 0MB, NPU HBM: 0MB, AICore: 0%
[0;32m[2025-10-27 23:13:51][0m CPU: 100.00%, Host Memory: 78828MB, GPU: 7570MB, NPU Memory: 0MB, NPU HBM: 0MB, AICore: 0%
[0;32m[2025-10-27 23:13:56][0m CPU: 100.00%, Host Memory: 78828MB, GPU: 7570MB, NPU Memory: 0MB, NPU HBM: 0MB, AICore: 0%
[0;32m[2025-10-27 23:14:00][0m CPU: 100.00%, Host Memory: 78828MB, GPU: 7570MB, NPU Memory: 0MB, NPU HBM: 0MB, AICore: 0%
[0;32m[2025-10-27 23:14:04][0m CPU: 100.00%, Host Memory: 78828MB, GPU: 7570MB, NPU Memory: 0MB, NPU HBM: 0MB, AICore: 0%
[0;32m[2025-10-27 23:14:09][0m CPU: 100.00%, Host Memory: 78828MB, GPU: 7570MB, NPU Memory: 0MB, NPU HBM: 0MB, AICore: 0%
[0;32m[2025-10-27 23:14:13][0m CPU: 100.00%, Host Memory: 78828MB, GPU: 7570MB, NPU Memory: 0MB, NPU HBM: 0MB, AICore: 0%
[0;32m[2025-10-27 23:14:18][0m CPU: 100.00%, Host Memory: 78828MB, GPU: 7570MB, NPU Memory: 0MB, NPU HBM: 0MB, AICore: 0%
[0;32m[2025-10-27 23:14:22][0m CPU: 100.00%, Host Memory: 78828MB, GPU: 7570MB, NPU Memory: 0MB, NPU HBM: 0MB, AICore: 0%
[0;32m[2025-10-27 23:14:27][0m CPU: 100.00%, Host Memory: 78828MB, GPU: 7570MB, NPU Memory: 0MB, NPU HBM: 0MB, AICore: 0%
[0;32m[2025-10-27 23:14:31][0m CPU: 100.00%, Host Memory: 78828MB, GPU: 7570MB, NPU Memory: 0MB, NPU HBM: 0MB, AICore: 0%
[0;32m[2025-10-27 23:14:36][0m CPU: 100.00%, Host Memory: 78828MB, GPU: 7570MB, NPU Memory: 0MB, NPU HBM: 0MB, AICore: 0%
[0;32m[2025-10-27 23:14:40][0m CPU: 100.00%, Host Memory: 78828MB, GPU: 7570MB, NPU Memory: 0MB, NPU HBM: 0MB, AICore: 0%
[0;32m[2025-10-27 23:14:45][0m CPU: 100.00%, Host Memory: 78828MB, GPU: 7570MB, NPU Memory: 0MB, NPU HBM: 0MB, AICore: 0%
[0;32m[2025-10-27 23:14:49][0m CPU: 100.00%, Host Memory: 78828MB, GPU: 7570MB, NPU Memory: 0MB, NPU HBM: 0MB, AICore: 0%
[0;32m[2025-10-27 23:14:54][0m CPU: 100.00%, Host Memory: 78828MB, GPU: 7570MB, NPU Memory: 0MB, NPU HBM: 0MB, AICore: 0%
[0;32m[2025-10-27 23:14:58][0m CPU: 100.00%, Host Memory: 78828MB, GPU: 7570MB, NPU Memory: 0MB, NPU HBM: 0MB, AICore: 0%
[0;32m[2025-10-27 23:15:03][0m CPU: 100.00%, Host Memory: 78828MB, GPU: 7570MB, NPU Memory: 0MB, NPU HBM: 0MB, AICore: 0%
[0;32m[2025-10-27 23:15:07][0m CPU: 100.00%, Host Memory: 78828MB, GPU: 7570MB, NPU Memory: 0MB, NPU HBM: 0MB, AICore: 0%
[0;32m[2025-10-27 23:15:12][0m CPU: 100.00%, Host Memory: 78828MB, GPU: 7570MB, NPU Memory: 0MB, NPU HBM: 0MB, AICore: 0%
[0;32m[2025-10-27 23:15:16][0m CPU: 100.00%, Host Memory: 78828MB, GPU: 7570MB, NPU Memory: 0MB, NPU HBM: 0MB, AICore: 0%
[0;32m[2025-10-27 23:15:21][0m CPU: 100.00%, Host Memory: 78828MB, GPU: 7570MB, NPU Memory: 0MB, NPU HBM: 0MB, AICore: 0%
[0;32m[2025-10-27 23:15:25][0m CPU: 100.00%, Host Memory: 78828MB, GPU: 7570MB, NPU Memory: 0MB, NPU HBM: 0MB, AICore: 0%
[0;32m[2025-10-27 23:15:29][0m CPU: 100.00%, Host Memory: 78828MB, GPU: 7570MB, NPU Memory: 0MB, NPU HBM: 0MB, AICore: 0%
[0;32m[2025-10-27 23:15:34][0m CPU: 100.00%, Host Memory: 78828MB, GPU: 7570MB, NPU Memory: 0MB, NPU HBM: 0MB, AICore: 0%
[0;32m[2025-10-27 23:15:38][0m CPU: 100.00%, Host Memory: 78828MB, GPU: 7570MB, NPU Memory: 0MB, NPU HBM: 0MB, AICore: 0%
[0;32m[2025-10-27 23:15:43][0m CPU: 100.00%, Host Memory: 78828MB, GPU: 7570MB, NPU Memory: 0MB, NPU HBM: 0MB, AICore: 0%
[0;32m[2025-10-27 23:15:47][0m CPU: 100.00%, Host Memory: 78828MB, GPU: 7570MB, NPU Memory: 0MB, NPU HBM: 0MB, AICore: 0%
[0;32m[2025-10-27 23:15:52][0m CPU: 100.00%, Host Memory: 78828MB, GPU: 7570MB, NPU Memory: 0MB, NPU HBM: 0MB, AICore: 0%
[0;32m[2025-10-27 23:15:56][0m CPU: 100.00%, Host Memory: 78828MB, GPU: 7570MB, NPU Memory: 0MB, NPU HBM: 0MB, AICore: 0%
[0;32m[2025-10-27 23:16:01][0m CPU: 100.00%, Host Memory: 78828MB, GPU: 7570MB, NPU Memory: 0MB, NPU HBM: 0MB, AICore: 0%
[0;32m[2025-10-27 23:16:05][0m CPU: 100.00%, Host Memory: 78828MB, GPU: 7570MB, NPU Memory: 0MB, NPU HBM: 0MB, AICore: 0%
[0;32m[2025-10-27 23:16:10][0m CPU: 100.00%, Host Memory: 78828MB, GPU: 7570MB, NPU Memory: 0MB, NPU HBM: 0MB, AICore: 0%
[0;32m[2025-10-27 23:16:14][0m CPU: 100.00%, Host Memory: 78828MB, GPU: 7570MB, NPU Memory: 0MB, NPU HBM: 0MB, AICore: 0%
[0;32m[2025-10-27 23:16:19][0m CPU: 100.00%, Host Memory: 78828MB, GPU: 7570MB, NPU Memory: 0MB, NPU HBM: 0MB, AICore: 0%
[0;32m[2025-10-27 23:16:23][0m CPU: 100.00%, Host Memory: 78828MB, GPU: 7570MB, NPU Memory: 0MB, NPU HBM: 0MB, AICore: 0%
[0;32m[2025-10-27 23:16:28][0m CPU: 100.00%, Host Memory: 78828MB, GPU: 7570MB, NPU Memory: 0MB, NPU HBM: 0MB, AICore: 0%
[0;32m[2025-10-27 23:16:32][0m CPU: 100.00%, Host Memory: 78828MB, GPU: 7570MB, NPU Memory: 0MB, NPU HBM: 0MB, AICore: 0%
[0;32m[2025-10-27 23:16:37][0m CPU: 100.00%, Host Memory: 78828MB, GPU: 7570MB, NPU Memory: 0MB, NPU HBM: 0MB, AICore: 0%
[0;32m[2025-10-27 23:16:41][0m CPU: 100.00%, Host Memory: 78828MB, GPU: 7570MB, NPU Memory: 0MB, NPU HBM: 0MB, AICore: 0%
[0;32m[2025-10-27 23:16:46][0m CPU: 100.00%, Host Memory: 78828MB, GPU: 7570MB, NPU Memory: 0MB, NPU HBM: 0MB, AICore: 0%
[0;32m[2025-10-27 23:16:50][0m CPU: 100.00%, Host Memory: 78828MB, GPU: 7570MB, NPU Memory: 0MB, NPU HBM: 0MB, AICore: 0%
[0;32m[2025-10-27 23:16:55][0m CPU: 100.00%, Host Memory: 78828MB, GPU: 7570MB, NPU Memory: 0MB, NPU HBM: 0MB, AICore: 0%
[0;32m[2025-10-27 23:16:59][0m CPU: 100.00%, Host Memory: 78828MB, GPU: 7570MB, NPU Memory: 0MB, NPU HBM: 0MB, AICore: 0%
[0;32m[2025-10-27 23:17:04][0m CPU: 100.00%, Host Memory: 78828MB, GPU: 7570MB, NPU Memory: 0MB, NPU HBM: 0MB, AICore: 0%
[0;32m[2025-10-27 23:17:08][0m CPU: 100.00%, Host Memory: 78828MB, GPU: 7570MB, NPU Memory: 0MB, NPU HBM: 0MB, AICore: 0%
[0;32m[2025-10-27 23:17:13][0m CPU: 100.00%, Host Memory: 78828MB, GPU: 7570MB, NPU Memory: 0MB, NPU HBM: 0MB, AICore: 0%
[0;32m[2025-10-27 23:17:17][0m CPU: 100.00%, Host Memory: 78828MB, GPU: 7570MB, NPU Memory: 0MB, NPU HBM: 0MB, AICore: 0%
[0;32m[2025-10-27 23:17:22][0m CPU: 100.00%, Host Memory: 78828MB, GPU: 7570MB, NPU Memory: 0MB, NPU HBM: 0MB, AICore: 0%
[0;32m[2025-10-27 23:17:26][0m CPU: 100.00%, Host Memory: 78828MB, GPU: 7570MB, NPU Memory: 0MB, NPU HBM: 0MB, AICore: 0%
[0;32m[2025-10-27 23:17:31][0m CPU: 100.00%, Host Memory: 78828MB, GPU: 7570MB, NPU Memory: 0MB, NPU HBM: 0MB, AICore: 0%
[0;32m[2025-10-27 23:17:35][0m CPU: 100.00%, Host Memory: 78828MB, GPU: 7570MB, NPU Memory: 0MB, NPU HBM: 0MB, AICore: 0%
[0;32m[2025-10-27 23:17:39][0m CPU: 100.00%, Host Memory: 78828MB, GPU: 7570MB, NPU Memory: 0MB, NPU HBM: 0MB, AICore: 0%
[0;32m[2025-10-27 23:17:44][0m CPU: 100.00%, Host Memory: 78828MB, GPU: 7570MB, NPU Memory: 0MB, NPU HBM: 0MB, AICore: 0%
[0;32m[2025-10-27 23:17:48][0m CPU: 100.00%, Host Memory: 78828MB, GPU: 7570MB, NPU Memory: 0MB, NPU HBM: 0MB, AICore: 0%
[0;32m[2025-10-27 23:17:53][0m CPU: 100.00%, Host Memory: 78828MB, GPU: 7570MB, NPU Memory: 0MB, NPU HBM: 0MB, AICore: 0%
[0;32m[2025-10-27 23:17:57][0m CPU: 100.00%, Host Memory: 78828MB, GPU: 7570MB, NPU Memory: 0MB, NPU HBM: 0MB, AICore: 0%
[0;32m[2025-10-27 23:18:02][0m CPU: 100.00%, Host Memory: 78828MB, GPU: 7570MB, NPU Memory: 0MB, NPU HBM: 0MB, AICore: 0%
[0;32m[2025-10-27 23:18:06][0m CPU: 100.00%, Host Memory: 78828MB, GPU: 7570MB, NPU Memory: 0MB, NPU HBM: 0MB, AICore: 0%
[0;32m[2025-10-27 23:18:11][0m CPU: 100.00%, Host Memory: 78828MB, GPU: 7570MB, NPU Memory: 0MB, NPU HBM: 0MB, AICore: 0%
[0;32m[2025-10-27 23:18:15][0m CPU: 100.00%, Host Memory: 78828MB, GPU: 7570MB, NPU Memory: 0MB, NPU HBM: 0MB, AICore: 0%
[0;32m[2025-10-27 23:18:20][0m CPU: 100.00%, Host Memory: 78828MB, GPU: 7570MB, NPU Memory: 0MB, NPU HBM: 0MB, AICore: 0%
[0;32m[2025-10-27 23:18:24][0m CPU: 100.00%, Host Memory: 78828MB, GPU: 7570MB, NPU Memory: 0MB, NPU HBM: 0MB, AICore: 0%
[0;32m[2025-10-27 23:18:29][0m CPU: 100.00%, Host Memory: 78828MB, GPU: 7570MB, NPU Memory: 0MB, NPU HBM: 0MB, AICore: 0%
[0;32m[2025-10-27 23:18:33][0m CPU: 100.00%, Host Memory: 78828MB, GPU: 7570MB, NPU Memory: 0MB, NPU HBM: 0MB, AICore: 0%
[0;32m[2025-10-27 23:18:38][0m CPU: 100.00%, Host Memory: 78828MB, GPU: 7570MB, NPU Memory: 0MB, NPU HBM: 0MB, AICore: 0%
[0;32m[2025-10-27 23:18:42][0m CPU: 100.00%, Host Memory: 78828MB, GPU: 7570MB, NPU Memory: 0MB, NPU HBM: 0MB, AICore: 0%
[0;32m[2025-10-27 23:18:47][0m CPU: 100.00%, Host Memory: 78828MB, GPU: 7570MB, NPU Memory: 0MB, NPU HBM: 0MB, AICore: 0%
[0;32m[2025-10-27 23:18:51][0m CPU: 100.00%, Host Memory: 78828MB, GPU: 7570MB, NPU Memory: 0MB, NPU HBM: 0MB, AICore: 0%
[0;32m[2025-10-27 23:18:56][0m CPU: 100.00%, Host Memory: 78828MB, GPU: 7570MB, NPU Memory: 0MB, NPU HBM: 0MB, AICore: 0%
[0;32m[2025-10-27 23:19:00][0m CPU: 100.00%, Host Memory: 78828MB, GPU: 7570MB, NPU Memory: 0MB, NPU HBM: 0MB, AICore: 0%
[0;32m[2025-10-27 23:19:05][0m CPU: 100.00%, Host Memory: 78828MB, GPU: 7570MB, NPU Memory: 0MB, NPU HBM: 0MB, AICore: 0%
[0;32m[2025-10-27 23:19:09][0m CPU: 100.00%, Host Memory: 78828MB, GPU: 7570MB, NPU Memory: 0MB, NPU HBM: 0MB, AICore: 0%
[0;32m[2025-10-27 23:19:14][0m CPU: 100.00%, Host Memory: 78828MB, GPU: 7570MB, NPU Memory: 0MB, NPU HBM: 0MB, AICore: 0%
[0;32m[2025-10-27 23:19:18][0m CPU: 100.00%, Host Memory: 78828MB, GPU: 7570MB, NPU Memory: 0MB, NPU HBM: 0MB, AICore: 0%
[0;32m[2025-10-27 23:19:23][0m CPU: 100.00%, Host Memory: 78828MB, GPU: 7570MB, NPU Memory: 0MB, NPU HBM: 0MB, AICore: 0%
[0;32m[2025-10-27 23:19:27][0m CPU: 100.00%, Host Memory: 78828MB, GPU: 7570MB, NPU Memory: 0MB, NPU HBM: 0MB, AICore: 0%
[0;32m[2025-10-27 23:19:31][0m CPU: 100.00%, Host Memory: 78828MB, GPU: 7570MB, NPU Memory: 0MB, NPU HBM: 0MB, AICore: 0%
[0;32m[2025-10-27 23:19:36][0m CPU: 100.00%, Host Memory: 78828MB, GPU: 7570MB, NPU Memory: 0MB, NPU HBM: 0MB, AICore: 0%
[0;32m[2025-10-27 23:19:40][0m CPU: 100.00%, Host Memory: 78828MB, GPU: 7570MB, NPU Memory: 0MB, NPU HBM: 0MB, AICore: 0%
[0;32m[2025-10-27 23:19:45][0m CPU: 100.00%, Host Memory: 78828MB, GPU: 7570MB, NPU Memory: 0MB, NPU HBM: 0MB, AICore: 0%
[0;32m[2025-10-27 23:19:49][0m CPU: 100.00%, Host Memory: 78828MB, GPU: 7570MB, NPU Memory: 0MB, NPU HBM: 0MB, AICore: 0%
[0;32m[2025-10-27 23:19:54][0m CPU: 100.00%, Host Memory: 78828MB, GPU: 7570MB, NPU Memory: 0MB, NPU HBM: 0MB, AICore: 0%
[0;32m[2025-10-27 23:19:58][0m CPU: 100.00%, Host Memory: 78828MB, GPU: 7570MB, NPU Memory: 0MB, NPU HBM: 0MB, AICore: 0%
[0;32m[2025-10-27 23:20:03][0m CPU: 100.00%, Host Memory: 78828MB, GPU: 7570MB, NPU Memory: 0MB, NPU HBM: 0MB, AICore: 0%
[0;32m[2025-10-27 23:20:07][0m CPU: 100.00%, Host Memory: 78828MB, GPU: 7570MB, NPU Memory: 0MB, NPU HBM: 0MB, AICore: 0%
[0;32m[2025-10-27 23:20:12][0m CPU: 100.00%, Host Memory: 78828MB, GPU: 7570MB, NPU Memory: 0MB, NPU HBM: 0MB, AICore: 0%
[0;32m[2025-10-27 23:20:16][0m CPU: 100.00%, Host Memory: 78828MB, GPU: 7570MB, NPU Memory: 0MB, NPU HBM: 0MB, AICore: 0%
[0;32m[2025-10-27 23:20:21][0m CPU: 100.00%, Host Memory: 78828MB, GPU: 7570MB, NPU Memory: 0MB, NPU HBM: 0MB, AICore: 0%
[0;32m[2025-10-27 23:20:25][0m CPU: 100.00%, Host Memory: 78828MB, GPU: 7570MB, NPU Memory: 0MB, NPU HBM: 0MB, AICore: 0%
[0;32m[2025-10-27 23:20:30][0m CPU: 100.00%, Host Memory: 78829MB, GPU: 7570MB, NPU Memory: 0MB, NPU HBM: 0MB, AICore: 0%
[0;32m[2025-10-27 23:20:34][0m CPU: 100.00%, Host Memory: 78829MB, GPU: 7570MB, NPU Memory: 0MB, NPU HBM: 0MB, AICore: 0%
[0;32m[2025-10-27 23:20:39][0m CPU: 100.00%, Host Memory: 78829MB, GPU: 7570MB, NPU Memory: 0MB, NPU HBM: 0MB, AICore: 0%
[0;32m[2025-10-27 23:20:43][0m CPU: 100.00%, Host Memory: 78829MB, GPU: 7570MB, NPU Memory: 0MB, NPU HBM: 0MB, AICore: 0%
[0;32m[2025-10-27 23:20:48][0m CPU: 100.00%, Host Memory: 78829MB, GPU: 7570MB, NPU Memory: 0MB, NPU HBM: 0MB, AICore: 0%
[0;32m[2025-10-27 23:20:52][0m CPU: 100.00%, Host Memory: 78829MB, GPU: 7570MB, NPU Memory: 0MB, NPU HBM: 0MB, AICore: 0%
[0;32m[2025-10-27 23:20:57][0m CPU: 100.00%, Host Memory: 78829MB, GPU: 7570MB, NPU Memory: 0MB, NPU HBM: 0MB, AICore: 0%
[0;32m[2025-10-27 23:21:01][0m CPU: 100.00%, Host Memory: 78829MB, GPU: 7570MB, NPU Memory: 0MB, NPU HBM: 0MB, AICore: 0%
[0;32m[2025-10-27 23:21:05][0m CPU: 100.00%, Host Memory: 78829MB, GPU: 7570MB, NPU Memory: 0MB, NPU HBM: 0MB, AICore: 0%
[0;32m[2025-10-27 23:21:10][0m CPU: 100.00%, Host Memory: 78829MB, GPU: 7570MB, NPU Memory: 0MB, NPU HBM: 0MB, AICore: 0%
[0;32m[2025-10-27 23:21:14][0m CPU: 100.00%, Host Memory: 78829MB, GPU: 7570MB, NPU Memory: 0MB, NPU HBM: 0MB, AICore: 0%
[0;32m[2025-10-27 23:21:19][0m CPU: 100.00%, Host Memory: 77940MB, GPU: 7570MB, NPU Memory: 0MB, NPU HBM: 0MB, AICore: 0%
[0;32m[2025-10-27 23:21:23][0m CPU: 100.00%, Host Memory: 72507MB, GPU: 7570MB, NPU Memory: 0MB, NPU HBM: 0MB, AICore: 0%
[0;32m[2025-10-27 23:21:28][0m CPU: 100.00%, Host Memory: 67092MB, GPU: 7570MB, NPU Memory: 0MB, NPU HBM: 0MB, AICore: 0%
[0;32m[2025-10-27 23:21:32][0m CPU: 100.00%, Host Memory: 61549MB, GPU: 7570MB, NPU Memory: 0MB, NPU HBM: 0MB, AICore: 0%
[0;32m[2025-10-27 23:21:37][0m CPU: 100.00%, Host Memory: 55949MB, GPU: 7570MB, NPU Memory: 0MB, NPU HBM: 0MB, AICore: 0%
[0;32m[2025-10-27 23:21:41][0m CPU: 100.00%, Host Memory: 50253MB, GPU: 7570MB, NPU Memory: 0MB, NPU HBM: 0MB, AICore: 0%
[0;32m[2025-10-27 23:21:46][0m CPU: 100.00%, Host Memory: 44624MB, GPU: 7570MB, NPU Memory: 0MB, NPU HBM: 0MB, AICore: 0%
[0;32m[2025-10-27 23:21:50][0m CPU: 100.00%, Host Memory: 38903MB, GPU: 7570MB, NPU Memory: 0MB, NPU HBM: 0MB, AICore: 0%
[0;32m[2025-10-27 23:21:55][0m CPU: 100.00%, Host Memory: 33135MB, GPU: 7570MB, NPU Memory: 0MB, NPU HBM: 0MB, AICore: 0%
[0;32m[2025-10-27 23:21:59][0m CPU: 100.00%, Host Memory: 27427MB, GPU: 7570MB, NPU Memory: 0MB, NPU HBM: 0MB, AICore: 0%
[0;32m[2025-10-27 23:22:04][0m CPU: 100.00%, Host Memory: 21665MB, GPU: 7570MB, NPU Memory: 0MB, NPU HBM: 0MB, AICore: 0%
[0;32m[2025-10-27 23:22:08][0m CPU: 100.00%, Host Memory: 17228MB, GPU: 7570MB, NPU Memory: 0MB, NPU HBM: 0MB, AICore: 0%
[0;32m[2025-10-27 23:22:13][0m CPU: 100.00%, Host Memory: 17228MB, GPU: 7570MB, NPU Memory: 0MB, NPU HBM: 0MB, AICore: 0%
[0;32m[2025-10-27 23:22:17][0m CPU: 100.00%, Host Memory: 17228MB, GPU: 7570MB, NPU Memory: 0MB, NPU HBM: 0MB, AICore: 0%
[0;32m[2025-10-27 23:22:22][0m CPU: 100.00%, Host Memory: 17228MB, GPU: 7570MB, NPU Memory: 0MB, NPU HBM: 0MB, AICore: 0%
[0;32m[2025-10-27 23:22:26][0m CPU: 100.00%, Host Memory: 17322MB, GPU: 7570MB, NPU Memory: 0MB, NPU HBM: 0MB, AICore: 0%
[0;32m[2025-10-27 23:22:31][0m CPU: 100.00%, Host Memory: 18415MB, GPU: 7570MB, NPU Memory: 0MB, NPU HBM: 0MB, AICore: 0%
[0;32m[2025-10-27 23:22:35][0m CPU: 100.00%, Host Memory: 19531MB, GPU: 7570MB, NPU Memory: 0MB, NPU HBM: 0MB, AICore: 0%
[0;32m[2025-10-27 23:22:40][0m CPU: 100.00%, Host Memory: 20500MB, GPU: 7570MB, NPU Memory: 0MB, NPU HBM: 0MB, AICore: 0%
[0;32m[2025-10-27 23:22:44][0m CPU: 100.00%, Host Memory: 21416MB, GPU: 7570MB, NPU Memory: 0MB, NPU HBM: 0MB, AICore: 0%
[0;32m[2025-10-27 23:22:49][0m CPU: 100.00%, Host Memory: 22332MB, GPU: 7570MB, NPU Memory: 0MB, NPU HBM: 0MB, AICore: 0%
[0;32m[2025-10-27 23:22:53][0m CPU: 100.00%, Host Memory: 23252MB, GPU: 7570MB, NPU Memory: 0MB, NPU HBM: 0MB, AICore: 0%
[0;32m[2025-10-27 23:22:58][0m CPU: 100.00%, Host Memory: 24167MB, GPU: 7570MB, NPU Memory: 0MB, NPU HBM: 0MB, AICore: 0%
[0;32m[2025-10-27 23:23:02][0m CPU: 100.00%, Host Memory: 25203MB, GPU: 7570MB, NPU Memory: 0MB, NPU HBM: 0MB, AICore: 0%
[0;32m[2025-10-27 23:23:07][0m CPU: 100.00%, Host Memory: 26091MB, GPU: 7570MB, NPU Memory: 0MB, NPU HBM: 0MB, AICore: 0%
[0;32m[2025-10-27 23:23:11][0m CPU: 100.00%, Host Memory: 26959MB, GPU: 7570MB, NPU Memory: 0MB, NPU HBM: 0MB, AICore: 0%
[0;32m[2025-10-27 23:23:16][0m CPU: 100.00%, Host Memory: 27821MB, GPU: 7570MB, NPU Memory: 0MB, NPU HBM: 0MB, AICore: 0%
[0;32m[2025-10-27 23:23:20][0m CPU: 100.00%, Host Memory: 28577MB, GPU: 7570MB, NPU Memory: 0MB, NPU HBM: 0MB, AICore: 0%
[0;32m[2025-10-27 23:23:24][0m CPU: 100.00%, Host Memory: 29435MB, GPU: 7570MB, NPU Memory: 0MB, NPU HBM: 0MB, AICore: 0%
[0;32m[2025-10-27 23:23:29][0m CPU: 100.00%, Host Memory: 30288MB, GPU: 7570MB, NPU Memory: 0MB, NPU HBM: 0MB, AICore: 0%
[0;32m[2025-10-27 23:23:33][0m CPU: 100.00%, Host Memory: 31018MB, GPU: 7570MB, NPU Memory: 0MB, NPU HBM: 0MB, AICore: 0%
[0;32m[2025-10-27 23:23:38][0m CPU: 100.00%, Host Memory: 31698MB, GPU: 7570MB, NPU Memory: 0MB, NPU HBM: 0MB, AICore: 0%
[0;32m[2025-10-27 23:23:43][0m CPU: 100.00%, Host Memory: 32360MB, GPU: 7570MB, NPU Memory: 0MB, NPU HBM: 0MB, AICore: 0%
[0;32m[2025-10-27 23:23:47][0m CPU: 100.00%, Host Memory: 33000MB, GPU: 7570MB, NPU Memory: 0MB, NPU HBM: 0MB, AICore: 0%
[0;32m[2025-10-27 23:23:51][0m CPU: 100.00%, Host Memory: 33707MB, GPU: 7570MB, NPU Memory: 0MB, NPU HBM: 0MB, AICore: 0%
[0;32m[2025-10-27 23:23:56][0m CPU: 100.00%, Host Memory: 34443MB, GPU: 7570MB, NPU Memory: 0MB, NPU HBM: 0MB, AICore: 0%
[0;32m[2025-10-27 23:24:00][0m CPU: 100.00%, Host Memory: 35205MB, GPU: 7570MB, NPU Memory: 0MB, NPU HBM: 0MB, AICore: 0%
[0;32m[2025-10-27 23:24:05][0m CPU: 100.00%, Host Memory: 35987MB, GPU: 7570MB, NPU Memory: 0MB, NPU HBM: 0MB, AICore: 0%
[0;32m[2025-10-27 23:24:09][0m CPU: 100.00%, Host Memory: 36756MB, GPU: 7570MB, NPU Memory: 0MB, NPU HBM: 0MB, AICore: 0%
[0;32m[2025-10-27 23:24:14][0m CPU: 100.00%, Host Memory: 37594MB, GPU: 7570MB, NPU Memory: 0MB, NPU HBM: 0MB, AICore: 0%
[0;32m[2025-10-27 23:24:18][0m CPU: 100.00%, Host Memory: 38558MB, GPU: 7570MB, NPU Memory: 0MB, NPU HBM: 0MB, AICore: 0%
[0;32m[2025-10-27 23:24:23][0m CPU: 100.00%, Host Memory: 39616MB, GPU: 7570MB, NPU Memory: 0MB, NPU HBM: 0MB, AICore: 0%
[0;32m[2025-10-27 23:24:27][0m CPU: 100.00%, Host Memory: 40928MB, GPU: 7570MB, NPU Memory: 0MB, NPU HBM: 0MB, AICore: 0%
[0;32m[2025-10-27 23:24:32][0m CPU: 100.00%, Host Memory: 41996MB, GPU: 7570MB, NPU Memory: 0MB, NPU HBM: 0MB, AICore: 0%
[0;32m[2025-10-27 23:24:36][0m CPU: 100.00%, Host Memory: 43106MB, GPU: 7570MB, NPU Memory: 0MB, NPU HBM: 0MB, AICore: 0%
[0;32m[2025-10-27 23:24:41][0m CPU: 100.00%, Host Memory: 45104MB, GPU: 7570MB, NPU Memory: 0MB, NPU HBM: 0MB, AICore: 0%
[0;32m[2025-10-27 23:24:45][0m CPU: 100.00%, Host Memory: 48222MB, GPU: 7570MB, NPU Memory: 0MB, NPU HBM: 0MB, AICore: 0%
[0;32m[2025-10-27 23:24:50][0m CPU: 100.00%, Host Memory: 50446MB, GPU: 7570MB, NPU Memory: 0MB, NPU HBM: 0MB, AICore: 0%
[0;32m[2025-10-27 23:24:54][0m CPU: 100.00%, Host Memory: 52736MB, GPU: 7570MB, NPU Memory: 0MB, NPU HBM: 0MB, AICore: 0%
[0;32m[2025-10-27 23:24:59][0m CPU: 100.00%, Host Memory: 55416MB, GPU: 7570MB, NPU Memory: 0MB, NPU HBM: 0MB, AICore: 0%
[0;32m[2025-10-27 23:25:03][0m CPU: 100.00%, Host Memory: 57964MB, GPU: 7570MB, NPU Memory: 0MB, NPU HBM: 0MB, AICore: 0%
[0;32m[2025-10-27 23:25:07][0m CPU: 100.00%, Host Memory: 60448MB, GPU: 7570MB, NPU Memory: 0MB, NPU HBM: 0MB, AICore: 0%
[0;32m[2025-10-27 23:25:12][0m CPU: 100.00%, Host Memory: 44297MB, GPU: 7570MB, NPU Memory: 0MB, NPU HBM: 0MB, AICore: 0%
[0;32m[2025-10-27 23:25:16][0m CPU: 100.00%, Host Memory: 52535MB, GPU: 7570MB, NPU Memory: 0MB, NPU HBM: 0MB, AICore: 0%
[0;32m[2025-10-27 23:25:21][0m CPU: 100.00%, Host Memory: 54982MB, GPU: 7570MB, NPU Memory: 0MB, NPU HBM: 0MB, AICore: 0%
[0;32m[2025-10-27 23:25:25][0m CPU: 100.00%, Host Memory: 57336MB, GPU: 7570MB, NPU Memory: 0MB, NPU HBM: 0MB, AICore: 0%
[0;32m[2025-10-27 23:25:29][0m CPU: 100.00%, Host Memory: 59124MB, GPU: 7570MB, NPU Memory: 0MB, NPU HBM: 0MB, AICore: 0%
[0;32m[2025-10-27 23:25:34][0m CPU: 100.00%, Host Memory: 61386MB, GPU: 7570MB, NPU Memory: 0MB, NPU HBM: 0MB, AICore: 0%
[0;32m[2025-10-27 23:25:38][0m CPU: 100.00%, Host Memory: 64266MB, GPU: 7570MB, NPU Memory: 0MB, NPU HBM: 0MB, AICore: 0%
[0;32m[2025-10-27 23:25:43][0m CPU: 100.00%, Host Memory: 67628MB, GPU: 7570MB, NPU Memory: 0MB, NPU HBM: 0MB, AICore: 0%
[0;32m[2025-10-27 23:25:47][0m CPU: 100.00%, Host Memory: 73861MB, GPU: 7570MB, NPU Memory: 0MB, NPU HBM: 0MB, AICore: 0%
[0;32m[2025-10-27 23:25:52][0m CPU: 101.00%, Host Memory: 62300MB, GPU: 7570MB, NPU Memory: 0MB, NPU HBM: 0MB, AICore: 0%
[0;32m[2025-10-27 23:25:56][0m CPU: 104.00%, Host Memory: 62327MB, GPU: 7570MB, NPU Memory: 0MB, NPU HBM: 0MB, AICore: 0%
[0;32m[2025-10-27 23:26:01][0m CPU: 105.00%, Host Memory: 67685MB, GPU: 7570MB, NPU Memory: 0MB, NPU HBM: 0MB, AICore: 0%
[0;32m[2025-10-27 23:26:05][0m CPU: 104.00%, Host Memory: 77060MB, GPU: 7570MB, NPU Memory: 0MB, NPU HBM: 0MB, AICore: 0%
[0;32m[2025-10-27 23:26:09][0m CPU: 105.00%, Host Memory: 78329MB, GPU: 7570MB, NPU Memory: 0MB, NPU HBM: 0MB, AICore: 0%
[0;32m[2025-10-27 23:26:14][0m CPU: 105.00%, Host Memory: 79886MB, GPU: 7570MB, NPU Memory: 0MB, NPU HBM: 0MB, AICore: 0%
[0;32m[2025-10-27 23:26:18][0m CPU: 104.00%, Host Memory: 80171MB, GPU: 7570MB, NPU Memory: 0MB, NPU HBM: 0MB, AICore: 0%
[0;32m[2025-10-27 23:26:22][0m CPU: 104.00%, Host Memory: 80874MB, GPU: 7570MB, NPU Memory: 0MB, NPU HBM: 0MB, AICore: 0%
[0;32m[2025-10-27 23:26:27][0m CPU: 104.00%, Host Memory: 82249MB, GPU: 7570MB, NPU Memory: 0MB, NPU HBM: 0MB, AICore: 0%
[0;32m[2025-10-27 23:26:31][0m CPU: 104.00%, Host Memory: 83877MB, GPU: 7570MB, NPU Memory: 0MB, NPU HBM: 0MB, AICore: 0%
[0;32m[2025-10-27 23:26:36][0m CPU: 104.00%, Host Memory: 85235MB, GPU: 7570MB, NPU Memory: 0MB, NPU HBM: 0MB, AICore: 0%
[0;32m[2025-10-27 23:26:40][0m CPU: 104.00%, Host Memory: 87236MB, GPU: 7570MB, NPU Memory: 0MB, NPU HBM: 0MB, AICore: 0%
[0;32m[2025-10-27 23:26:44][0m CPU: 104.00%, Host Memory: 92250MB, GPU: 7570MB, NPU Memory: 0MB, NPU HBM: 0MB, AICore: 0%
[0;32m[2025-10-27 23:26:49][0m CPU: 105.00%, Host Memory: 75297MB, GPU: 7570MB, NPU Memory: 0MB, NPU HBM: 0MB, AICore: 0%
[0;32m[2025-10-27 23:26:53][0m CPU: 109.00%, Host Memory: 75308MB, GPU: 7570MB, NPU Memory: 0MB, NPU HBM: 0MB, AICore: 0%
[0;32m[2025-10-27 23:26:58][0m CPU: 110.00%, Host Memory: 79675MB, GPU: 7570MB, NPU Memory: 0MB, NPU HBM: 0MB, AICore: 0%
[0;32m[2025-10-27 23:27:02][0m CPU: 110.00%, Host Memory: 88878MB, GPU: 7570MB, NPU Memory: 0MB, NPU HBM: 0MB, AICore: 0%
[0;32m[2025-10-27 23:27:07][0m CPU: 110.00%, Host Memory: 89776MB, GPU: 7570MB, NPU Memory: 0MB, NPU HBM: 0MB, AICore: 0%
[0;32m[2025-10-27 23:27:11][0m CPU: 110.00%, Host Memory: 91162MB, GPU: 7570MB, NPU Memory: 0MB, NPU HBM: 0MB, AICore: 0%
[0;32m[2025-10-27 23:27:15][0m CPU: 110.00%, Host Memory: 92374MB, GPU: 7570MB, NPU Memory: 0MB, NPU HBM: 0MB, AICore: 0%
[0;32m[2025-10-27 23:27:20][0m CPU: 110.00%, Host Memory: 93438MB, GPU: 7570MB, NPU Memory: 0MB, NPU HBM: 0MB, AICore: 0%
[0;32m[2025-10-27 23:27:24][0m CPU: 110.00%, Host Memory: 94484MB, GPU: 7570MB, NPU Memory: 0MB, NPU HBM: 0MB, AICore: 0%
[0;32m[2025-10-27 23:27:29][0m CPU: 110.00%, Host Memory: 95616MB, GPU: 7570MB, NPU Memory: 0MB, NPU HBM: 0MB, AICore: 0%
[0;32m[2025-10-27 23:27:33][0m CPU: 110.00%, Host Memory: 97107MB, GPU: 7570MB, NPU Memory: 0MB, NPU HBM: 0MB, AICore: 0%
[0;32m[2025-10-27 23:27:37][0m CPU: 110.00%, Host Memory: 98520MB, GPU: 7570MB, NPU Memory: 0MB, NPU HBM: 0MB, AICore: 0%
[0;32m[2025-10-27 23:27:42][0m CPU: 110.00%, Host Memory: 99644MB, GPU: 7570MB, NPU Memory: 0MB, NPU HBM: 0MB, AICore: 0%
[0;32m[2025-10-27 23:27:46][0m CPU: 110.00%, Host Memory: 79453MB, GPU: 7570MB, NPU Memory: 0MB, NPU HBM: 0MB, AICore: 0%
[0;32m[2025-10-27 23:27:51][0m CPU: 113.00%, Host Memory: 59827MB, GPU: 7570MB, NPU Memory: 0MB, NPU HBM: 0MB, AICore: 0%
[0;32m[2025-10-27 23:27:55][0m CPU: 115.00%, Host Memory: 61373MB, GPU: 7570MB, NPU Memory: 0MB, NPU HBM: 0MB, AICore: 0%
[0;32m[2025-10-27 23:28:00][0m CPU: 115.00%, Host Memory: 70573MB, GPU: 7570MB, NPU Memory: 0MB, NPU HBM: 0MB, AICore: 0%
[0;32m[2025-10-27 23:28:04][0m CPU: 115.00%, Host Memory: 74694MB, GPU: 7570MB, NPU Memory: 0MB, NPU HBM: 0MB, AICore: 0%
[0;32m[2025-10-27 23:28:09][0m CPU: 115.00%, Host Memory: 77388MB, GPU: 7570MB, NPU Memory: 0MB, NPU HBM: 0MB, AICore: 0%
[0;32m[2025-10-27 23:28:13][0m CPU: 115.00%, Host Memory: 80406MB, GPU: 7570MB, NPU Memory: 0MB, NPU HBM: 0MB, AICore: 0%
[0;32m[2025-10-27 23:28:17][0m CPU: 115.00%, Host Memory: 82984MB, GPU: 7570MB, NPU Memory: 0MB, NPU HBM: 0MB, AICore: 0%
[0;32m[2025-10-27 23:28:22][0m CPU: 114.00%, Host Memory: 83478MB, GPU: 7570MB, NPU Memory: 0MB, NPU HBM: 0MB, AICore: 0%
[0;32m[2025-10-27 23:28:26][0m CPU: 114.00%, Host Memory: 84181MB, GPU: 7570MB, NPU Memory: 0MB, NPU HBM: 0MB, AICore: 0%
[0;32m[2025-10-27 23:28:31][0m CPU: 117.00%, Host Memory: 59861MB, GPU: 7570MB, NPU Memory: 0MB, NPU HBM: 0MB, AICore: 0%
[0;32m[2025-10-27 23:28:35][0m CPU: 119.00%, Host Memory: 59854MB, GPU: 7570MB, NPU Memory: 0MB, NPU HBM: 0MB, AICore: 0%
[0;32m[2025-10-27 23:28:40][0m CPU: 119.00%, Host Memory: 68654MB, GPU: 7570MB, NPU Memory: 0MB, NPU HBM: 0MB, AICore: 0%
[0;32m[2025-10-27 23:28:44][0m CPU: 119.00%, Host Memory: 79403MB, GPU: 7570MB, NPU Memory: 0MB, NPU HBM: 0MB, AICore: 0%
[0;32m[2025-10-27 23:28:48][0m CPU: 119.00%, Host Memory: 83310MB, GPU: 7570MB, NPU Memory: 0MB, NPU HBM: 0MB, AICore: 0%
[0;32m[2025-10-27 23:28:53][0m CPU: 119.00%, Host Memory: 83706MB, GPU: 7570MB, NPU Memory: 0MB, NPU HBM: 0MB, AICore: 0%
[0;32m[2025-10-27 23:28:57][0m CPU: 119.00%, Host Memory: 84202MB, GPU: 7570MB, NPU Memory: 0MB, NPU HBM: 0MB, AICore: 0%
[0;32m[2025-10-27 23:29:02][0m CPU: 122.00%, Host Memory: 59841MB, GPU: 7570MB, NPU Memory: 0MB, NPU HBM: 0MB, AICore: 0%
[0;32m[2025-10-27 23:29:06][0m CPU: 124.00%, Host Memory: 61797MB, GPU: 7570MB, NPU Memory: 0MB, NPU HBM: 0MB, AICore: 0%
[0;32m[2025-10-27 23:29:11][0m CPU: 124.00%, Host Memory: 70797MB, GPU: 7570MB, NPU Memory: 0MB, NPU HBM: 0MB, AICore: 0%
[0;32m[2025-10-27 23:29:15][0m CPU: 124.00%, Host Memory: 81916MB, GPU: 7570MB, NPU Memory: 0MB, NPU HBM: 0MB, AICore: 0%
[0;32m[2025-10-27 23:29:19][0m CPU: 124.00%, Host Memory: 84184MB, GPU: 7570MB, NPU Memory: 0MB, NPU HBM: 0MB, AICore: 0%
[0;32m[2025-10-27 23:29:24][0m CPU: 127.00%, Host Memory: 59883MB, GPU: 7570MB, NPU Memory: 0MB, NPU HBM: 0MB, AICore: 0%
[0;32m[2025-10-27 23:29:28][0m CPU: 130.00%, Host Memory: 59923MB, GPU: 7570MB, NPU Memory: 0MB, NPU HBM: 0MB, AICore: 0%
[0;32m[2025-10-27 23:29:33][0m CPU: 130.00%, Host Memory: 66407MB, GPU: 7570MB, NPU Memory: 0MB, NPU HBM: 0MB, AICore: 0%
[0;32m[2025-10-27 23:29:38][0m CPU: 130.00%, Host Memory: 74720MB, GPU: 7570MB, NPU Memory: 0MB, NPU HBM: 0MB, AICore: 0%
[0;32m[2025-10-27 23:29:42][0m CPU: 130.00%, Host Memory: 83600MB, GPU: 7570MB, NPU Memory: 0MB, NPU HBM: 0MB, AICore: 0%
[0;32m[2025-10-27 23:29:47][0m CPU: 130.00%, Host Memory: 59935MB, GPU: 7570MB, NPU Memory: 0MB, NPU HBM: 0MB, AICore: 0%
[0;32m[2025-10-27 23:29:51][0m CPU: 133.00%, Host Memory: 59970MB, GPU: 7570MB, NPU Memory: 0MB, NPU HBM: 0MB, AICore: 0%
[0;32m[2025-10-27 23:29:56][0m CPU: 135.00%, Host Memory: 61840MB, GPU: 7570MB, NPU Memory: 0MB, NPU HBM: 0MB, AICore: 0%
[0;32m[2025-10-27 23:30:00][0m CPU: 134.00%, Host Memory: 69542MB, GPU: 7570MB, NPU Memory: 0MB, NPU HBM: 0MB, AICore: 0%
[0;32m[2025-10-27 23:30:05][0m CPU: 134.00%, Host Memory: 78679MB, GPU: 7570MB, NPU Memory: 0MB, NPU HBM: 0MB, AICore: 0%
[0;32m[2025-10-27 23:30:09][0m CPU: 134.00%, Host Memory: 84185MB, GPU: 7570MB, NPU Memory: 0MB, NPU HBM: 0MB, AICore: 0%
[0;32m[2025-10-27 23:30:14][0m CPU: 135.00%, Host Memory: 72023MB, GPU: 7570MB, NPU Memory: 0MB, NPU HBM: 0MB, AICore: 0%
[0;32m[2025-10-27 23:30:19][0m CPU: 138.00%, Host Memory: 59921MB, GPU: 7570MB, NPU Memory: 0MB, NPU HBM: 0MB, AICore: 0%
[0;32m[2025-10-27 23:30:23][0m CPU: 140.00%, Host Memory: 61036MB, GPU: 7570MB, NPU Memory: 0MB, NPU HBM: 0MB, AICore: 0%
[0;32m[2025-10-27 23:30:28][0m CPU: 140.00%, Host Memory: 68622MB, GPU: 7570MB, NPU Memory: 0MB, NPU HBM: 0MB, AICore: 0%
[0;32m[2025-10-27 23:30:32][0m CPU: 139.00%, Host Memory: 77305MB, GPU: 7570MB, NPU Memory: 0MB, NPU HBM: 0MB, AICore: 0%
[0;32m[2025-10-27 23:30:37][0m CPU: 139.00%, Host Memory: 84301MB, GPU: 7570MB, NPU Memory: 0MB, NPU HBM: 0MB, AICore: 0%
[0;32m[2025-10-27 23:30:41][0m CPU: 139.00%, Host Memory: 72126MB, GPU: 7570MB, NPU Memory: 0MB, NPU HBM: 0MB, AICore: 0%
[0;32m[2025-10-27 23:30:46][0m CPU: 143.00%, Host Memory: 59988MB, GPU: 7570MB, NPU Memory: 0MB, NPU HBM: 0MB, AICore: 0%
[0;32m[2025-10-27 23:30:51][0m CPU: 144.00%, Host Memory: 61020MB, GPU: 7570MB, NPU Memory: 0MB, NPU HBM: 0MB, AICore: 0%
[0;32m[2025-10-27 23:30:55][0m CPU: 144.00%, Host Memory: 68828MB, GPU: 7570MB, NPU Memory: 0MB, NPU HBM: 0MB, AICore: 0%
[0;32m[2025-10-27 23:31:00][0m CPU: 144.00%, Host Memory: 77747MB, GPU: 7570MB, NPU Memory: 0MB, NPU HBM: 0MB, AICore: 0%
[0;32m[2025-10-27 23:31:04][0m CPU: 144.00%, Host Memory: 84195MB, GPU: 7570MB, NPU Memory: 0MB, NPU HBM: 0MB, AICore: 0%
[0;32m[2025-10-27 23:31:09][0m CPU: 146.00%, Host Memory: 59929MB, GPU: 7570MB, NPU Memory: 0MB, NPU HBM: 0MB, AICore: 0%
[0;32m[2025-10-27 23:31:14][0m CPU: 149.00%, Host Memory: 59961MB, GPU: 7570MB, NPU Memory: 0MB, NPU HBM: 0MB, AICore: 0%
[0;32m[2025-10-27 23:31:18][0m CPU: 149.00%, Host Memory: 0MB, GPU: 7570MB, NPU Memory: 0MB, NPU HBM: 0MB, AICore: 0%

=== Run Statistics ===
Exit Code: 0
Run Time: 0h 58m 57s
Start Time: 2025-10-27 22:32:23
End Time: 2025-10-27 23:31:20

=== Resource Usage Summary ===
22:32:25,483.00,374,0,0,0,0,1
22:32:27,285.00,782,0,0,0,0,1
22:32:29,373.00,985,0,0,0,0,1
22:32:32,273.00,1760,3644,0,0,0,1
22:32:34,244.00,2353,3644,0,0,0,1
22:32:36,223.00,3101,3644,0,0,0,1
22:32:38,208.00,3755,3646,0,0,0,1
22:32:40,196.00,4055,5572,0,0,0,1
22:32:43,177.00,4779,5572,0,0,0,1
22:32:45,171.00,5495,5572,0,0,0,1
22:32:47,166.00,5931,5572,0,0,0,1
22:32:49,162.00,6313,5572,0,0,0,1
22:32:51,158.00,7032,5572,0,0,0,1
22:32:54,150.00,7768,6560,0,0,0,1
22:32:56,147.00,8501,6560,0,0,0,1
22:32:58,145.00,8526,6560,0,0,0,1
22:33:00,143.00,9014,6560,0,0,0,1
22:33:02,141.00,9729,6560,0,0,0,1
22:33:05,136.00,10485,6560,0,0,0,1
22:33:07,135.00,11296,6560,0,0,0,1
22:33:09,134.00,11817,6560,0,0,0,1
22:33:11,133.00,11817,6560,0,0,0,1
22:33:13,132.00,12141,6560,0,0,0,1
22:33:16,129.00,12905,6560,0,0,0,1
22:33:18,128.00,13630,6560,0,0,0,1
22:33:20,127.00,14364,6560,0,0,0,1
22:33:22,127.00,15130,6560,0,0,0,1
22:33:24,126.00,15883,6560,0,0,0,1
22:33:27,125.00,15970,6560,0,0,0,1
22:33:29,123.00,15970,6560,0,0,0,1
22:33:31,123.00,16306,7570,0,0,0,1
22:33:33,122.00,17003,7570,0,0,0,1
22:33:35,122.00,17804,7570,0,0,0,1
22:33:37,121.00,18588,7570,0,0,0,1
22:33:40,120.00,19317,7570,0,0,0,1
22:33:42,119.00,20074,7570,0,0,0,1
22:33:44,119.00,20868,7570,0,0,0,1
22:33:46,119.00,21100,7570,0,0,0,1
22:33:48,119.00,21100,7570,0,0,0,1
22:33:51,117.00,21100,7570,0,0,0,1
22:33:53,117.00,21494,7570,0,0,0,1
22:33:55,117.00,22212,7570,0,0,0,1
22:33:57,116.00,22910,7570,0,0,0,1
22:33:59,116.00,23619,7570,0,0,0,1
22:34:02,115.00,24263,7570,0,0,0,1
22:34:04,115.00,24921,7570,0,0,0,1
22:34:06,115.00,25568,7570,0,0,0,1
22:34:08,115.00,26214,7570,0,0,0,1
22:34:11,114.00,26889,7570,0,0,0,1
22:34:13,114.00,27534,7570,0,0,0,1
22:34:15,114.00,27550,7570,0,0,0,1
22:34:17,114.00,27550,7570,0,0,0,1
22:34:20,113.00,27550,7570,0,0,0,1
22:34:22,113.00,27550,7570,0,0,0,1
22:34:24,113.00,27730,7570,0,0,0,1
22:34:26,112.00,28404,7570,0,0,0,1
22:34:29,112.00,29058,7570,0,0,0,1
22:34:31,112.00,29735,7570,0,0,0,1
22:34:33,112.00,30400,7570,0,0,0,1
22:34:35,112.00,31033,7570,0,0,0,1
22:34:38,111.00,31617,7570,0,0,0,1
22:34:40,111.00,32291,7570,0,0,0,1
22:34:42,111.00,32934,7570,0,0,0,1
22:34:44,111.00,33574,7570,0,0,0,1
22:34:47,110.00,34261,7570,0,0,0,1
22:34:49,110.00,34910,7570,0,0,0,1
22:34:51,110.00,35560,7570,0,0,0,1
22:34:53,110.00,35652,7570,0,0,0,1
22:34:56,109.00,35652,7570,0,0,0,1
22:34:58,109.00,35652,7570,0,0,0,1
22:35:00,109.00,35652,7570,0,0,0,1
22:35:02,110.00,35652,7570,0,0,0,1
22:35:05,109.00,35652,7570,0,0,0,1
22:35:07,109.00,35652,7570,0,0,0,1
22:35:09,109.00,36272,7570,0,0,0,1
22:35:11,109.00,36937,7570,0,0,0,1
22:35:14,108.00,37621,7570,0,0,0,1
22:35:16,108.00,38313,7570,0,0,0,1
22:35:18,108.00,38976,7570,0,0,0,1
22:35:20,108.00,39678,7570,0,0,0,1
22:35:23,108.00,40409,7570,0,0,0,1
22:35:25,108.00,41043,7570,0,0,0,1
22:35:27,108.00,41720,7570,0,0,0,1
22:35:29,108.00,42355,7570,0,0,0,1
22:35:32,107.00,43004,7570,0,0,0,1
22:35:34,107.00,43665,7570,0,0,0,1
22:35:36,108.00,44309,7570,0,0,0,1
22:35:38,108.00,44946,7570,0,0,0,1
22:35:41,107.00,45627,7570,0,0,0,1
22:35:43,107.00,45824,7570,0,0,0,1
22:35:45,107.00,45824,7570,0,0,0,1
22:35:47,107.00,45824,7570,0,0,0,1
22:35:50,107.00,45824,7570,0,0,0,1
22:35:52,107.00,45824,7570,0,0,0,1
22:35:54,107.00,45824,7570,0,0,0,1
22:35:56,107.00,45824,7570,0,0,0,1
22:35:58,107.00,45824,7570,0,0,0,1
22:36:01,106.00,45824,7570,0,0,0,1
22:36:03,106.00,46158,7570,0,0,0,1
22:36:05,107.00,46811,7570,0,0,0,1
22:36:07,107.00,47460,7570,0,0,0,1
22:36:10,106.00,48073,7570,0,0,0,1
22:36:12,106.00,48721,7570,0,0,0,1
22:36:14,106.00,49384,7570,0,0,0,1
22:36:16,106.00,50048,7570,0,0,0,1
22:36:19,106.00,50682,7570,0,0,0,1
22:36:21,106.00,51330,7570,0,0,0,1
22:36:23,106.00,52009,7570,0,0,0,1
22:36:25,106.00,52630,7570,0,0,0,1
22:36:28,106.00,53344,7570,0,0,0,1
22:36:30,106.00,54027,7570,0,0,0,1
22:36:32,106.00,54725,7570,0,0,0,1
22:36:34,106.00,55355,7570,0,0,0,1
22:36:37,105.00,56021,7570,0,0,0,1
22:36:39,105.00,56673,7570,0,0,0,1
22:36:41,105.00,57304,7570,0,0,0,1
22:36:43,105.00,57976,7570,0,0,0,1
22:36:46,105.00,58464,7570,0,0,0,1
22:36:48,105.00,58464,7570,0,0,0,1
22:36:50,105.00,58464,7570,0,0,0,1
22:36:52,105.00,58464,7570,0,0,0,1
22:36:55,105.00,58464,7570,0,0,0,1
22:36:57,105.00,58464,7570,0,0,0,1
22:36:59,105.00,58464,7570,0,0,0,1
22:37:01,105.00,58464,7570,0,0,0,1
22:37:04,105.00,58464,7570,0,0,0,1
22:37:06,105.00,58464,7570,0,0,0,1
22:37:08,105.00,58464,7570,0,0,0,1
22:37:10,105.00,58464,7570,0,0,0,1
22:37:13,105.00,58464,7570,0,0,0,1
22:37:15,105.00,58692,7570,0,0,0,1
22:37:17,105.00,59358,7570,0,0,0,1
22:37:19,105.00,60037,7570,0,0,0,1
22:37:22,104.00,60644,7570,0,0,0,1
22:37:24,104.00,61336,7570,0,0,0,1
22:37:26,105.00,61964,7570,0,0,0,1
22:37:29,105.00,62603,7570,0,0,0,1
22:37:31,104.00,63267,7570,0,0,0,1
22:37:33,104.00,63936,7570,0,0,0,1
22:37:35,104.00,64546,7570,0,0,0,1
22:37:38,104.00,65212,7570,0,0,0,1
22:37:40,104.00,65893,7570,0,0,0,1
22:37:42,104.00,66539,7570,0,0,0,1
22:37:44,104.00,67242,7570,0,0,0,1
22:37:46,104.00,67961,7570,0,0,0,1
22:37:49,104.00,68628,7570,0,0,0,1
22:37:51,104.00,69350,7570,0,0,0,1
22:37:53,104.00,70014,7570,0,0,0,1
22:37:55,104.00,70726,7570,0,0,0,1
22:37:58,104.00,71410,7570,0,0,0,1
22:38:00,104.00,72177,7570,0,0,0,1
22:38:02,104.00,72911,7570,0,0,0,1
22:38:04,104.00,73646,7570,0,0,0,1
22:38:07,104.00,74254,7570,0,0,0,1
22:38:09,104.00,74254,7570,0,0,0,1
22:38:11,104.00,74254,7570,0,0,0,1
22:38:13,104.00,74254,7570,0,0,0,1
22:38:16,104.00,74254,7570,0,0,0,1
22:38:18,104.00,74254,7570,0,0,0,1
22:38:20,104.00,74254,7570,0,0,0,1
22:38:22,104.00,74254,7570,0,0,0,1
22:38:25,103.00,74254,7570,0,0,0,1
22:38:27,104.00,74254,7570,0,0,0,1
22:38:29,104.00,74254,7570,0,0,0,1
22:38:31,104.00,74254,7570,0,0,0,1
22:38:34,103.00,74254,7570,0,0,0,1
22:38:36,103.00,74254,7570,0,0,0,1
22:38:38,103.00,74254,7570,0,0,0,1
22:38:40,103.00,74254,7570,0,0,0,1
22:38:43,103.00,74254,7570,0,0,0,1
22:38:45,103.00,74254,7570,0,0,0,1
22:38:47,103.00,74825,7570,0,0,0,1
22:38:49,103.00,75579,7570,0,0,0,1
22:38:52,103.00,76327,7570,0,0,0,1
22:38:54,103.00,77067,7570,0,0,0,1
22:38:56,103.00,77793,7570,0,0,0,1
22:38:58,103.00,78494,7570,0,0,0,1
22:39:01,103.00,78796,7570,0,0,0,1
22:39:03,103.00,78804,7570,0,0,0,1
22:39:05,103.00,78804,7570,0,0,0,1
22:39:07,103.00,78804,7570,0,0,0,1
22:39:10,103.00,78813,7570,0,0,0,1
22:39:12,103.00,78813,7570,0,0,0,1
22:39:14,103.00,78813,7570,0,0,0,1
22:39:16,103.00,78813,7570,0,0,0,1
22:39:19,103.00,78817,7570,0,0,0,1
22:39:21,103.00,78817,7570,0,0,0,1
22:39:23,103.00,78817,7570,0,0,0,1
22:39:25,103.00,78817,7570,0,0,0,1
22:39:27,103.00,78817,7570,0,0,0,1
22:39:30,103.00,78817,7570,0,0,0,1
22:39:32,103.00,78817,7570,0,0,0,1
22:39:34,103.00,78817,7570,0,0,0,1
22:39:36,103.00,78817,7570,0,0,0,1
22:39:39,103.00,78817,7570,0,0,0,1
22:39:41,103.00,78817,7570,0,0,0,1
22:39:43,103.00,78817,7570,0,0,0,1
22:39:45,103.00,78817,7570,0,0,0,1
22:39:48,103.00,78817,7570,0,0,0,1
22:39:50,103.00,78817,7570,0,0,0,1
22:39:52,103.00,78817,7570,0,0,0,1
22:39:54,103.00,78817,7570,0,0,0,1
22:39:57,103.00,78817,7570,0,0,0,1
22:39:59,103.00,78817,7570,0,0,0,1
22:40:01,103.00,78817,7570,0,0,0,1
22:40:03,103.00,78817,7570,0,0,0,1
22:40:06,103.00,78817,7570,0,0,0,1
22:40:08,103.00,78817,7570,0,0,0,1
22:40:10,103.00,78817,7570,0,0,0,1
22:40:12,103.00,78817,7570,0,0,0,1
22:40:15,102.00,78817,7570,0,0,0,1
22:40:17,103.00,78817,7570,0,0,0,1
22:40:19,103.00,78817,7570,0,0,0,1
22:40:21,103.00,78817,7570,0,0,0,1
22:40:24,102.00,78817,7570,0,0,0,1
22:40:26,102.00,78817,7570,0,0,0,1
22:40:28,102.00,78817,7570,0,0,0,1
22:40:30,103.00,78826,7570,0,0,0,1
22:40:33,102.00,78826,7570,0,0,0,1
22:40:35,102.00,78826,7570,0,0,0,1
22:40:37,102.00,78826,7570,0,0,0,1
22:40:39,102.00,78826,7570,0,0,0,1
22:40:42,102.00,78826,7570,0,0,0,1
22:40:44,102.00,78826,7570,0,0,0,1
22:40:46,102.00,78826,7570,0,0,0,1
22:40:48,102.00,78826,7570,0,0,0,1
22:40:51,102.00,78826,7570,0,0,0,1
22:40:53,102.00,78826,7570,0,0,0,1
22:40:55,102.00,78826,7570,0,0,0,1
22:40:57,102.00,78826,7570,0,0,0,1
22:41:00,102.00,78826,7570,0,0,0,1
22:41:02,102.00,78826,7570,0,0,0,1
22:41:04,102.00,78826,7570,0,0,0,1
22:41:06,102.00,78826,7570,0,0,0,1
22:41:09,102.00,78826,7570,0,0,0,1
22:41:11,102.00,78826,7570,0,0,0,1
22:41:13,102.00,78826,7570,0,0,0,1
22:41:15,102.00,78826,7570,0,0,0,1
22:41:18,102.00,78826,7570,0,0,0,1
22:41:20,102.00,78826,7570,0,0,0,1
22:41:22,102.00,78826,7570,0,0,0,1
22:41:24,102.00,78826,7570,0,0,0,1
22:41:27,102.00,78826,7570,0,0,0,1
22:41:29,102.00,78826,7570,0,0,0,1
22:41:31,102.00,78826,7570,0,0,0,1
22:41:33,102.00,78826,7570,0,0,0,1
22:41:36,102.00,78826,7570,0,0,0,1
22:41:38,102.00,78826,7570,0,0,0,1
22:41:40,102.00,78826,7570,0,0,0,1
22:41:42,102.00,78826,7570,0,0,0,1
22:41:45,102.00,78826,7570,0,0,0,1
22:41:47,102.00,78826,7570,0,0,0,1
22:41:49,102.00,78826,7570,0,0,0,1
22:41:51,102.00,78826,7570,0,0,0,1
22:41:54,102.00,78826,7570,0,0,0,1
22:41:56,102.00,78826,7570,0,0,0,1
22:41:58,102.00,78826,7570,0,0,0,1
22:42:00,102.00,78826,7570,0,0,0,1
22:42:03,102.00,78826,7570,0,0,0,1
22:42:05,102.00,78826,7570,0,0,0,1
22:42:07,102.00,78826,7570,0,0,0,1
22:42:09,102.00,78826,7570,0,0,0,1
22:42:12,102.00,78826,7570,0,0,0,1
22:42:14,102.00,78826,7570,0,0,0,1
22:42:16,102.00,78826,7570,0,0,0,1
22:42:18,102.00,78826,7570,0,0,0,1
22:42:20,102.00,78826,7570,0,0,0,1
22:42:23,102.00,78826,7570,0,0,0,1
22:42:25,102.00,78826,7570,0,0,0,1
22:42:27,102.00,78826,7570,0,0,0,1
22:42:29,102.00,78826,7570,0,0,0,1
22:42:32,102.00,78826,7570,0,0,0,1
22:42:34,102.00,78826,7570,0,0,0,1
22:42:36,102.00,78826,7570,0,0,0,1
22:42:38,102.00,78826,7570,0,0,0,1
22:42:41,102.00,78826,7570,0,0,0,1
22:42:43,102.00,78826,7570,0,0,0,1
22:42:45,102.00,78826,7570,0,0,0,1
22:42:47,102.00,78826,7570,0,0,0,1
22:42:50,102.00,78826,7570,0,0,0,1
22:42:52,102.00,78826,7570,0,0,0,1
22:42:54,102.00,78826,7570,0,0,0,1
22:42:56,102.00,78826,7570,0,0,0,1
22:42:58,102.00,78826,7570,0,0,0,1
22:43:01,102.00,78826,7570,0,0,0,1
22:43:03,102.00,78826,7570,0,0,0,1
22:43:05,102.00,78826,7570,0,0,0,1
22:43:07,102.00,78826,7570,0,0,0,1
22:43:09,102.00,78826,7570,0,0,0,1
22:43:12,102.00,78826,7570,0,0,0,1
22:43:14,102.00,78826,7570,0,0,0,1
22:43:16,102.00,78826,7570,0,0,0,1
22:43:18,102.00,78826,7570,0,0,0,1
22:43:20,102.00,78826,7570,0,0,0,1
22:43:22,102.00,78826,7570,0,0,0,1
22:43:25,102.00,78826,7570,0,0,0,1
22:43:27,102.00,78826,7570,0,0,0,1
22:43:29,102.00,78826,7570,0,0,0,1
22:43:31,102.00,78826,7570,0,0,0,1
22:43:33,102.00,78826,7570,0,0,0,1
22:43:36,101.00,78826,7570,0,0,0,1
22:43:38,101.00,78826,7570,0,0,0,1
22:43:40,102.00,78826,7570,0,0,0,1
22:43:42,102.00,78826,7570,0,0,0,1
22:43:44,102.00,78826,7570,0,0,0,1
22:43:47,101.00,78826,7570,0,0,0,1
22:43:49,101.00,78826,7570,0,0,0,1
22:43:51,101.00,78826,7570,0,0,0,1
22:43:53,102.00,78826,7570,0,0,0,1
22:43:55,102.00,78826,7570,0,0,0,1
22:43:58,101.00,78826,7570,0,0,0,1
22:44:00,101.00,78826,7570,0,0,0,1
22:44:02,101.00,78826,7570,0,0,0,1
22:44:04,101.00,78826,7570,0,0,0,1
22:44:06,101.00,78826,7570,0,0,0,1
22:44:09,101.00,78826,7570,0,0,0,1
22:44:11,101.00,78826,7570,0,0,0,1
22:44:13,101.00,78826,7570,0,0,0,1
22:44:15,101.00,78826,7570,0,0,0,1
22:44:17,101.00,78826,7570,0,0,0,1
22:44:19,101.00,78826,7570,0,0,0,1
22:44:22,101.00,78826,7570,0,0,0,1
22:44:24,101.00,78826,7570,0,0,0,1
22:44:26,101.00,78826,7570,0,0,0,1
22:44:28,101.00,78826,7570,0,0,0,1
22:44:30,101.00,78826,7570,0,0,0,1
22:44:33,101.00,78826,7570,0,0,0,1
22:44:35,101.00,78826,7570,0,0,0,1
22:44:37,101.00,78826,7570,0,0,0,1
22:44:39,101.00,78826,7570,0,0,0,1
22:44:41,101.00,78826,7570,0,0,0,1
22:44:43,101.00,78826,7570,0,0,0,1
22:44:46,101.00,78826,7570,0,0,0,1
22:44:48,101.00,78826,7570,0,0,0,1
22:44:50,101.00,78826,7570,0,0,0,1
22:44:52,101.00,78827,7570,0,0,0,1
22:44:54,101.00,78827,7570,0,0,0,1
22:44:57,101.00,78827,7570,0,0,0,1
22:44:59,101.00,78827,7570,0,0,0,1
22:45:01,101.00,78827,7570,0,0,0,1
22:45:03,101.00,78827,7570,0,0,0,1
22:45:05,101.00,78827,7570,0,0,0,1
22:45:08,101.00,78827,7570,0,0,0,1
22:45:10,101.00,78827,7570,0,0,0,1
22:45:12,101.00,78827,7570,0,0,0,1
22:45:14,101.00,78827,7570,0,0,0,1
22:45:16,101.00,78827,7570,0,0,0,1
22:45:18,101.00,78827,7570,0,0,0,1
22:45:21,101.00,78827,7570,0,0,0,1
22:45:23,101.00,78827,7570,0,0,0,1
22:45:25,101.00,78827,7570,0,0,0,1
22:45:27,101.00,78827,7570,0,0,0,1
22:45:29,101.00,78827,7570,0,0,0,1
22:45:32,101.00,78827,7570,0,0,0,1
22:45:34,101.00,78827,7570,0,0,0,1
22:45:36,101.00,78827,7570,0,0,0,1
22:45:38,101.00,78827,7570,0,0,0,1
22:45:40,101.00,78827,7570,0,0,0,1
22:45:42,101.00,78827,7570,0,0,0,1
22:45:45,101.00,78827,7570,0,0,0,1
22:45:47,101.00,78827,7570,0,0,0,1
22:45:49,101.00,78827,7570,0,0,0,1
22:45:51,101.00,78827,7570,0,0,0,1
22:45:53,101.00,78827,7570,0,0,0,1
22:45:56,101.00,78827,7570,0,0,0,1
22:45:58,101.00,78827,7570,0,0,0,1
22:46:00,101.00,78827,7570,0,0,0,1
22:46:02,101.00,78827,7570,0,0,0,1
22:46:04,101.00,78827,7570,0,0,0,1
22:46:06,101.00,78827,7570,0,0,0,1
22:46:09,101.00,78827,7570,0,0,0,1
22:46:11,101.00,78827,7570,0,0,0,1
22:46:13,101.00,78827,7570,0,0,0,1
22:46:15,101.00,78827,7570,0,0,0,1
22:46:17,101.00,78827,7570,0,0,0,1
22:46:20,101.00,78827,7570,0,0,0,1
22:46:22,101.00,78827,7570,0,0,0,1
22:46:24,101.00,78827,7570,0,0,0,1
22:46:26,101.00,78827,7570,0,0,0,1
22:46:28,101.00,78827,7570,0,0,0,1
22:46:31,101.00,78827,7570,0,0,0,1
22:46:33,101.00,78827,7570,0,0,0,1
22:46:35,101.00,78827,7570,0,0,0,1
22:46:37,101.00,78827,7570,0,0,0,1
22:46:39,101.00,78827,7570,0,0,0,1
22:46:41,101.00,78827,7570,0,0,0,1
22:46:44,101.00,78827,7570,0,0,0,1
22:46:46,101.00,78827,7570,0,0,0,1
22:46:48,101.00,78827,7570,0,0,0,1
22:46:50,101.00,78827,7570,0,0,0,1
22:46:52,101.00,78827,7570,0,0,0,1
22:46:55,101.00,78827,7570,0,0,0,1
22:46:57,101.00,78827,7570,0,0,0,1
22:46:59,101.00,78827,7570,0,0,0,1
22:47:01,101.00,78827,7570,0,0,0,1
22:47:04,101.00,78827,7570,0,0,0,1
22:47:06,101.00,78827,7570,0,0,0,1
22:47:08,101.00,78827,7570,0,0,0,1
22:47:10,101.00,78827,7570,0,0,0,1
22:47:12,101.00,78827,7570,0,0,0,1
22:47:15,101.00,78827,7570,0,0,0,1
22:47:17,101.00,78827,7570,0,0,0,1
22:47:19,101.00,78827,7570,0,0,0,1
22:47:21,101.00,78827,7570,0,0,0,1
22:47:24,101.00,78827,7570,0,0,0,1
22:47:26,101.00,78827,7570,0,0,0,1
22:47:28,101.00,78827,7570,0,0,0,1
22:47:30,101.00,78827,7570,0,0,0,1
22:47:33,101.00,78827,7570,0,0,0,1
22:47:35,101.00,78827,7570,0,0,0,1
22:47:37,101.00,78827,7570,0,0,0,1
22:47:39,101.00,78827,7570,0,0,0,1
22:47:42,101.00,78827,7570,0,0,0,1
22:47:44,101.00,78827,7570,0,0,0,1
22:47:46,101.00,78827,7570,0,0,0,1
22:47:48,101.00,78827,7570,0,0,0,1
22:47:51,101.00,78827,7570,0,0,0,1
22:47:53,101.00,78827,7570,0,0,0,1
22:47:55,101.00,78827,7570,0,0,0,1
22:47:57,101.00,78827,7570,0,0,0,1
22:48:00,101.00,78827,7570,0,0,0,1
22:48:02,101.00,78827,7570,0,0,0,1
22:48:04,101.00,78827,7570,0,0,0,1
22:48:06,101.00,78827,7570,0,0,0,1
22:48:09,101.00,78827,7570,0,0,0,1
22:48:11,101.00,78827,7570,0,0,0,1
22:48:13,101.00,78827,7570,0,0,0,1
22:48:15,101.00,78827,7570,0,0,0,1
22:48:17,101.00,78827,7570,0,0,0,1
22:48:20,101.00,78827,7570,0,0,0,1
22:48:22,101.00,78827,7570,0,0,0,1
22:48:24,101.00,78827,7570,0,0,0,1
22:48:26,101.00,78827,7570,0,0,0,1
22:48:29,101.00,78827,7570,0,0,0,1
22:48:31,101.00,78827,7570,0,0,0,1
22:48:33,101.00,78827,7570,0,0,0,1
22:48:36,101.00,78827,7570,0,0,0,1
22:48:38,101.00,78827,7570,0,0,0,1
22:48:40,101.00,78827,7570,0,0,0,1
22:48:42,101.00,78827,7570,0,0,0,1
22:48:44,101.00,78827,7570,0,0,0,1
22:48:47,101.00,78827,7570,0,0,0,1
22:48:49,101.00,78827,7570,0,0,0,1
22:48:51,101.00,78827,7570,0,0,0,1
22:48:53,101.00,78827,7570,0,0,0,1
22:48:56,101.00,78827,7570,0,0,0,1
22:48:58,101.00,78827,7570,0,0,0,1
22:49:00,101.00,78827,7570,0,0,0,1
22:49:02,101.00,78827,7570,0,0,0,1
22:49:05,101.00,78827,7570,0,0,0,1
22:49:07,101.00,78827,7570,0,0,0,1
22:49:09,101.00,78827,7570,0,0,0,1
22:49:11,101.00,78827,7570,0,0,0,1
22:49:14,101.00,78827,7570,0,0,0,1
22:49:16,101.00,78827,7570,0,0,0,1
22:49:18,101.00,78827,7570,0,0,0,1
22:49:20,101.00,78827,7570,0,0,0,1
22:49:23,101.00,78827,7570,0,0,0,1
22:49:25,101.00,78827,7570,0,0,0,1
22:49:27,101.00,78827,7570,0,0,0,1
22:49:29,101.00,78827,7570,0,0,0,1
22:49:32,101.00,78827,7570,0,0,0,1
22:49:34,101.00,78827,7570,0,0,0,1
22:49:36,101.00,78827,7570,0,0,0,1
22:49:38,101.00,78827,7570,0,0,0,1
22:49:41,101.00,78827,7570,0,0,0,1
22:49:43,101.00,78827,7570,0,0,0,1
22:49:45,101.00,78827,7570,0,0,0,1
22:49:47,101.00,78827,7570,0,0,0,1
22:49:50,101.00,78827,7570,0,0,0,1
22:49:52,101.00,78827,7570,0,0,0,1
22:49:54,101.00,78827,7570,0,0,0,1
22:49:56,101.00,78827,7570,0,0,0,1
22:49:58,101.00,78827,7570,0,0,0,1
22:50:01,101.00,78827,7570,0,0,0,1
22:50:03,101.00,78827,7570,0,0,0,1
22:50:05,101.00,78827,7570,0,0,0,1
22:50:07,101.00,78827,7570,0,0,0,1
22:50:10,101.00,78827,7570,0,0,0,1
22:50:12,101.00,78827,7570,0,0,0,1
22:50:14,101.00,78827,7570,0,0,0,1
22:50:16,101.00,78827,7570,0,0,0,1
22:50:19,101.00,78827,7570,0,0,0,1
22:50:21,101.00,78827,7570,0,0,0,1
22:50:23,101.00,78827,7570,0,0,0,1
22:50:25,101.00,78827,7570,0,0,0,1
22:50:28,101.00,78827,7570,0,0,0,1
22:50:30,101.00,78827,7570,0,0,0,1
22:50:32,101.00,78827,7570,0,0,0,1
22:50:35,101.00,78827,7570,0,0,0,1
22:50:37,101.00,78827,7570,0,0,0,1
22:50:39,101.00,78827,7570,0,0,0,1
22:50:41,101.00,78827,7570,0,0,0,1
22:50:44,101.00,78827,7570,0,0,0,1
22:50:46,101.00,78827,7570,0,0,0,1
22:50:48,101.00,78827,7570,0,0,0,1
22:50:50,101.00,78827,7570,0,0,0,1
22:50:53,101.00,78827,7570,0,0,0,1
22:50:55,101.00,78827,7570,0,0,0,1
22:50:57,101.00,78827,7570,0,0,0,1
22:50:59,101.00,78827,7570,0,0,0,1
22:51:02,101.00,78827,7570,0,0,0,1
22:51:04,101.00,78827,7570,0,0,0,1
22:51:06,101.00,78827,7570,0,0,0,1
22:51:08,101.00,78827,7570,0,0,0,1
22:51:11,101.00,78827,7570,0,0,0,1
22:51:13,101.00,78827,7570,0,0,0,1
22:51:15,101.00,78827,7570,0,0,0,1
22:51:17,101.00,78827,7570,0,0,0,1
22:51:20,101.00,78827,7570,0,0,0,1
22:51:22,101.00,78827,7570,0,0,0,1
22:51:24,101.00,78827,7570,0,0,0,1
22:51:26,101.00,78827,7570,0,0,0,1
22:51:28,101.00,78827,7570,0,0,0,1
22:51:31,101.00,78827,7570,0,0,0,1
22:51:33,101.00,78827,7570,0,0,0,1
22:51:35,101.00,78827,7570,0,0,0,1
22:51:37,101.00,78827,7570,0,0,0,1
22:51:40,101.00,78827,7570,0,0,0,1
22:51:42,101.00,78827,7570,0,0,0,1
22:51:44,101.00,78827,7570,0,0,0,1
22:51:46,101.00,78827,7570,0,0,0,1
22:51:49,101.00,78827,7570,0,0,0,1
22:51:51,101.00,78827,7570,0,0,0,1
22:51:53,101.00,78827,7570,0,0,0,1
22:51:55,101.00,78827,7570,0,0,0,1
22:51:58,101.00,78827,7570,0,0,0,1
22:52:00,101.00,78827,7570,0,0,0,1
22:52:02,101.00,78827,7570,0,0,0,1
22:52:04,101.00,78827,7570,0,0,0,1
22:52:07,100.00,78827,7570,0,0,0,1
22:52:09,101.00,78827,7570,0,0,0,1
22:52:11,101.00,78827,7570,0,0,0,1
22:52:13,101.00,78827,7570,0,0,0,1
22:52:16,100.00,78827,7570,0,0,0,1
22:52:18,100.00,78827,7570,0,0,0,1
22:52:20,101.00,78827,7570,0,0,0,1
22:52:22,101.00,78827,7570,0,0,0,1
22:52:25,101.00,78827,7570,0,0,0,1
22:52:27,100.00,78827,7570,0,0,0,1
22:52:29,100.00,78827,7570,0,0,0,1
22:52:31,101.00,78827,7570,0,0,0,1
22:52:33,101.00,78827,7570,0,0,0,1
22:52:36,100.00,78827,7570,0,0,0,1
22:52:38,100.00,78827,7570,0,0,0,1
22:52:40,100.00,78827,7570,0,0,0,1
22:52:42,101.00,78827,7570,0,0,0,1
22:52:45,100.00,78827,7570,0,0,0,1
22:52:47,100.00,78827,7570,0,0,0,1
22:52:49,100.00,78827,7570,0,0,0,1
22:52:51,101.00,78827,7570,0,0,0,1
22:52:54,100.00,78827,7570,0,0,0,1
22:52:56,100.00,78827,7570,0,0,0,1
22:52:58,100.00,78827,7570,0,0,0,1
22:53:00,100.00,78827,7570,0,0,0,1
22:53:03,100.00,78827,7570,0,0,0,1
22:53:05,100.00,78827,7570,0,0,0,1
22:53:07,100.00,78827,7570,0,0,0,1
22:53:09,100.00,78827,7570,0,0,0,1
22:53:12,100.00,78827,7570,0,0,0,1
22:53:14,100.00,78827,7570,0,0,0,1
22:53:16,100.00,78827,7570,0,0,0,1
22:53:18,100.00,78827,7570,0,0,0,1
22:53:21,100.00,78827,7570,0,0,0,1
22:53:23,100.00,78827,7570,0,0,0,1
22:53:25,100.00,78827,7570,0,0,0,1
22:53:27,100.00,78827,7570,0,0,0,1
22:53:30,100.00,78827,7570,0,0,0,1
22:53:32,100.00,78827,7570,0,0,0,1
22:53:34,100.00,78827,7570,0,0,0,1
22:53:36,100.00,78827,7570,0,0,0,1
22:53:39,100.00,78827,7570,0,0,0,1
22:53:41,100.00,78827,7570,0,0,0,1
22:53:43,100.00,78827,7570,0,0,0,1
22:53:45,100.00,78827,7570,0,0,0,1
22:53:48,100.00,78827,7570,0,0,0,1
22:53:50,100.00,78827,7570,0,0,0,1
22:53:52,100.00,78827,7570,0,0,0,1
22:53:54,100.00,78827,7570,0,0,0,1
22:53:57,100.00,78827,7570,0,0,0,1
22:53:59,100.00,78827,7570,0,0,0,1
22:54:01,100.00,78827,7570,0,0,0,1
22:54:03,100.00,78827,7570,0,0,0,1
22:54:06,100.00,78827,7570,0,0,0,1
22:54:08,100.00,78827,7570,0,0,0,1
22:54:10,100.00,78827,7570,0,0,0,1
22:54:12,100.00,78827,7570,0,0,0,1
22:54:15,100.00,78827,7570,0,0,0,1
22:54:17,100.00,78827,7570,0,0,0,1
22:54:19,100.00,78827,7570,0,0,0,1
22:54:21,100.00,78827,7570,0,0,0,1
22:54:24,100.00,78827,7570,0,0,0,1
22:54:26,100.00,78827,7570,0,0,0,1
22:54:28,100.00,78827,7570,0,0,0,1
22:54:30,100.00,78827,7570,0,0,0,1
22:54:33,100.00,78827,7570,0,0,0,1
22:54:35,100.00,78827,7570,0,0,0,1
22:54:37,100.00,78827,7570,0,0,0,1
22:54:39,100.00,78827,7570,0,0,0,1
22:54:42,100.00,78827,7570,0,0,0,1
22:54:44,100.00,78827,7570,0,0,0,1
22:54:46,100.00,78827,7570,0,0,0,1
22:54:48,100.00,78827,7570,0,0,0,1
22:54:51,100.00,78827,7570,0,0,0,1
22:54:53,100.00,78827,7570,0,0,0,1
22:54:55,100.00,78827,7570,0,0,0,1
22:54:57,100.00,78827,7570,0,0,0,1
22:55:00,100.00,78827,7570,0,0,0,1
22:55:02,100.00,78827,7570,0,0,0,1
22:55:04,100.00,78827,7570,0,0,0,1
22:55:06,100.00,78827,7570,0,0,0,1
22:55:08,100.00,78827,7570,0,0,0,1
22:55:11,100.00,78827,7570,0,0,0,1
22:55:13,100.00,78827,7570,0,0,0,1
22:55:15,100.00,78827,7570,0,0,0,1
22:55:17,100.00,78827,7570,0,0,0,1
22:55:20,100.00,78827,7570,0,0,0,1
22:55:22,100.00,78827,7570,0,0,0,1
22:55:24,100.00,78827,7570,0,0,0,1
22:55:26,100.00,78827,7570,0,0,0,1
22:55:28,100.00,78827,7570,0,0,0,1
22:55:30,100.00,78827,7570,0,0,0,1
22:55:33,100.00,78827,7570,0,0,0,1
22:55:35,100.00,78827,7570,0,0,0,1
22:55:37,100.00,78827,7570,0,0,0,1
22:55:39,100.00,78827,7570,0,0,0,1
22:55:41,100.00,78827,7570,0,0,0,1
22:55:44,100.00,78827,7570,0,0,0,1
22:55:46,100.00,78827,7570,0,0,0,1
22:55:48,100.00,78827,7570,0,0,0,1
22:55:50,100.00,78827,7570,0,0,0,1
22:55:52,100.00,78827,7570,0,0,0,1
22:55:54,100.00,78827,7570,0,0,0,1
22:55:57,100.00,78827,7570,0,0,0,1
22:55:59,100.00,78827,7570,0,0,0,1
22:56:01,100.00,78827,7570,0,0,0,1
22:56:03,100.00,78827,7570,0,0,0,1
22:56:05,100.00,78827,7570,0,0,0,1
22:56:08,100.00,78827,7570,0,0,0,1
22:56:10,100.00,78827,7570,0,0,0,1
22:56:12,100.00,78827,7570,0,0,0,1
22:56:14,100.00,78827,7570,0,0,0,1
22:56:16,100.00,78827,7570,0,0,0,1
22:56:18,100.00,78827,7570,0,0,0,1
22:56:21,100.00,78827,7570,0,0,0,1
22:56:23,100.00,78827,7570,0,0,0,1
22:56:25,100.00,78827,7570,0,0,0,1
22:56:27,100.00,78827,7570,0,0,0,1
22:56:29,100.00,78827,7570,0,0,0,1
22:56:32,100.00,78827,7570,0,0,0,1
22:56:34,100.00,78827,7570,0,0,0,1
22:56:36,100.00,78827,7570,0,0,0,1
22:56:38,100.00,78827,7570,0,0,0,1
22:56:40,100.00,78827,7570,0,0,0,1
22:56:42,100.00,78827,7570,0,0,0,1
22:56:45,100.00,78827,7570,0,0,0,1
22:56:47,100.00,78827,7570,0,0,0,1
22:56:49,100.00,78827,7570,0,0,0,1
22:56:51,100.00,78827,7570,0,0,0,1
22:56:53,100.00,78827,7570,0,0,0,1
22:56:56,100.00,78827,7570,0,0,0,1
22:56:58,100.00,78827,7570,0,0,0,1
22:57:00,100.00,78827,7570,0,0,0,1
22:57:02,100.00,78827,7570,0,0,0,1
22:57:04,100.00,78827,7570,0,0,0,1
22:57:07,100.00,78827,7570,0,0,0,1
22:57:09,100.00,78827,7570,0,0,0,1
22:57:11,100.00,78827,7570,0,0,0,1
22:57:13,100.00,78827,7570,0,0,0,1
22:57:15,100.00,78827,7570,0,0,0,1
22:57:17,100.00,78827,7570,0,0,0,1
22:57:20,100.00,78827,7570,0,0,0,1
22:57:22,100.00,78827,7570,0,0,0,1
22:57:24,100.00,78827,7570,0,0,0,1
22:57:26,100.00,78827,7570,0,0,0,1
22:57:28,100.00,78827,7570,0,0,0,1
22:57:31,100.00,78827,7570,0,0,0,1
22:57:33,100.00,78827,7570,0,0,0,1
22:57:35,100.00,78827,7570,0,0,0,1
22:57:37,100.00,78827,7570,0,0,0,1
22:57:39,100.00,78827,7570,0,0,0,1
22:57:41,100.00,78827,7570,0,0,0,1
22:57:44,100.00,78827,7570,0,0,0,1
22:57:46,100.00,78827,7570,0,0,0,1
22:57:48,100.00,78827,7570,0,0,0,1
22:57:50,100.00,78827,7570,0,0,0,1
22:57:52,100.00,78827,7570,0,0,0,1
22:57:54,100.00,78827,7570,0,0,0,1
22:57:57,100.00,78827,7570,0,0,0,1
22:57:59,100.00,78827,7570,0,0,0,1
22:58:01,100.00,78827,7570,0,0,0,1
22:58:03,100.00,78827,7570,0,0,0,1
22:58:05,100.00,78827,7570,0,0,0,1
22:58:08,100.00,78827,7570,0,0,0,1
22:58:10,100.00,78827,7570,0,0,0,1
22:58:12,100.00,78827,7570,0,0,0,1
22:58:14,100.00,78827,7570,0,0,0,1
22:58:16,100.00,78827,7570,0,0,0,1
22:58:18,100.00,78827,7570,0,0,0,1
22:58:21,100.00,78827,7570,0,0,0,1
22:58:23,100.00,78827,7570,0,0,0,1
22:58:25,100.00,78827,7570,0,0,0,1
22:58:27,100.00,78827,7570,0,0,0,1
22:58:29,100.00,78827,7570,0,0,0,1
22:58:32,100.00,78827,7570,0,0,0,1
22:58:34,100.00,78827,7570,0,0,0,1
22:58:36,100.00,78827,7570,0,0,0,1
22:58:38,100.00,78827,7570,0,0,0,1
22:58:40,100.00,78827,7570,0,0,0,1
22:58:42,100.00,78827,7570,0,0,0,1
22:58:45,100.00,78827,7570,0,0,0,1
22:58:47,100.00,78827,7570,0,0,0,1
22:58:49,100.00,78827,7570,0,0,0,1
22:58:51,100.00,78827,7570,0,0,0,1
22:58:54,100.00,78827,7570,0,0,0,1
22:58:56,100.00,78827,7570,0,0,0,1
22:58:58,100.00,78827,7570,0,0,0,1
22:59:00,100.00,78827,7570,0,0,0,1
22:59:03,100.00,78827,7570,0,0,0,1
22:59:05,100.00,78827,7570,0,0,0,1
22:59:07,100.00,78827,7570,0,0,0,1
22:59:09,100.00,78827,7570,0,0,0,1
22:59:12,100.00,78827,7570,0,0,0,1
22:59:14,100.00,78827,7570,0,0,0,1
22:59:16,100.00,78827,7570,0,0,0,1
22:59:18,100.00,78827,7570,0,0,0,1
22:59:21,100.00,78827,7570,0,0,0,1
22:59:23,100.00,78827,7570,0,0,0,1
22:59:25,100.00,78827,7570,0,0,0,1
22:59:27,100.00,78827,7570,0,0,0,1
22:59:29,100.00,78827,7570,0,0,0,1
22:59:32,100.00,78827,7570,0,0,0,1
22:59:34,100.00,78827,7570,0,0,0,1
22:59:36,100.00,78827,7570,0,0,0,1
22:59:38,100.00,78827,7570,0,0,0,1
22:59:41,100.00,78827,7570,0,0,0,1
22:59:43,100.00,78827,7570,0,0,0,1
22:59:45,100.00,78827,7570,0,0,0,1
22:59:47,100.00,78827,7570,0,0,0,1
22:59:50,100.00,78827,7570,0,0,0,1
22:59:52,100.00,78827,7570,0,0,0,1
22:59:54,100.00,78827,7570,0,0,0,1
22:59:56,100.00,78827,7570,0,0,0,1
22:59:59,100.00,78827,7570,0,0,0,1
23:00:01,100.00,78827,7570,0,0,0,1
23:00:03,100.00,78827,7570,0,0,0,1
23:00:05,100.00,78827,7570,0,0,0,1
23:00:08,100.00,78827,7570,0,0,0,1
23:00:10,100.00,78827,7570,0,0,0,1
23:00:12,100.00,78827,7570,0,0,0,1
23:00:14,100.00,78827,7570,0,0,0,1
23:00:17,100.00,78827,7570,0,0,0,1
23:00:19,100.00,78827,7570,0,0,0,1
23:00:21,100.00,78827,7570,0,0,0,1
23:00:23,100.00,78827,7570,0,0,0,1
23:00:26,100.00,78827,7570,0,0,0,1
23:00:28,100.00,78827,7570,0,0,0,1
23:00:30,100.00,78827,7570,0,0,0,1
23:00:32,100.00,78827,7570,0,0,0,1
23:00:35,100.00,78827,7570,0,0,0,1
23:00:37,100.00,78827,7570,0,0,0,1
23:00:39,100.00,78827,7570,0,0,0,1
23:00:41,100.00,78827,7570,0,0,0,1
23:00:44,100.00,78827,7570,0,0,0,1
23:00:46,100.00,78827,7570,0,0,0,1
23:00:48,100.00,78827,7570,0,0,0,1
23:00:50,100.00,78827,7570,0,0,0,1
23:00:53,100.00,78827,7570,0,0,0,1
23:00:55,100.00,78827,7570,0,0,0,1
23:00:57,100.00,78827,7570,0,0,0,1
23:00:59,100.00,78827,7570,0,0,0,1
23:01:02,100.00,78827,7570,0,0,0,1
23:01:04,100.00,78827,7570,0,0,0,1
23:01:06,100.00,78827,7570,0,0,0,1
23:01:08,100.00,78827,7570,0,0,0,1
23:01:11,100.00,78827,7570,0,0,0,1
23:01:13,100.00,78827,7570,0,0,0,1
23:01:15,100.00,78827,7570,0,0,0,1
23:01:17,100.00,78827,7570,0,0,0,1
23:01:20,100.00,78828,7570,0,0,0,1
23:01:22,100.00,78828,7570,0,0,0,1
23:01:24,100.00,78828,7570,0,0,0,1
23:01:26,100.00,78828,7570,0,0,0,1
23:01:29,100.00,78828,7570,0,0,0,1
23:01:31,100.00,78828,7570,0,0,0,1
23:01:33,100.00,78828,7570,0,0,0,1
23:01:35,100.00,78828,7570,0,0,0,1
23:01:38,100.00,78828,7570,0,0,0,1
23:01:40,100.00,78828,7570,0,0,0,1
23:01:42,100.00,78828,7570,0,0,0,1
23:01:44,100.00,78828,7570,0,0,0,1
23:01:46,100.00,78828,7570,0,0,0,1
23:01:49,100.00,78828,7570,0,0,0,1
23:01:51,100.00,78828,7570,0,0,0,1
23:01:53,100.00,78828,7570,0,0,0,1
23:01:55,100.00,78828,7570,0,0,0,1
23:01:58,100.00,78828,7570,0,0,0,1
23:02:00,100.00,78828,7570,0,0,0,1
23:02:02,100.00,78828,7570,0,0,0,1
23:02:04,100.00,78828,7570,0,0,0,1
23:02:07,100.00,78828,7570,0,0,0,1
23:02:09,100.00,78828,7570,0,0,0,1
23:02:11,100.00,78828,7570,0,0,0,1
23:02:13,100.00,78828,7570,0,0,0,1
23:02:16,100.00,78828,7570,0,0,0,1
23:02:18,100.00,78828,7570,0,0,0,1
23:02:20,100.00,78828,7570,0,0,0,1
23:02:22,100.00,78828,7570,0,0,0,1
23:02:25,100.00,78828,7570,0,0,0,1
23:02:27,100.00,78828,7570,0,0,0,1
23:02:29,100.00,78828,7570,0,0,0,1
23:02:31,100.00,78828,7570,0,0,0,1
23:02:34,100.00,78828,7570,0,0,0,1
23:02:36,100.00,78828,7570,0,0,0,1
23:02:38,100.00,78828,7570,0,0,0,1
23:02:40,100.00,78828,7570,0,0,0,1
23:02:42,100.00,78828,7570,0,0,0,1
23:02:45,100.00,78828,7570,0,0,0,1
23:02:47,100.00,78828,7570,0,0,0,1
23:02:49,100.00,78828,7570,0,0,0,1
23:02:51,100.00,78828,7570,0,0,0,1
23:02:54,100.00,78828,7570,0,0,0,1
23:02:56,100.00,78828,7570,0,0,0,1
23:02:58,100.00,78828,7570,0,0,0,1
23:03:00,100.00,78828,7570,0,0,0,1
23:03:03,100.00,78828,7570,0,0,0,1
23:03:05,100.00,78828,7570,0,0,0,1
23:03:07,100.00,78828,7570,0,0,0,1
23:03:09,100.00,78828,7570,0,0,0,1
23:03:12,100.00,78828,7570,0,0,0,1
23:03:14,100.00,78828,7570,0,0,0,1
23:03:16,100.00,78828,7570,0,0,0,1
23:03:18,100.00,78828,7570,0,0,0,1
23:03:21,100.00,78828,7570,0,0,0,1
23:03:23,100.00,78828,7570,0,0,0,1
23:03:25,100.00,78828,7570,0,0,0,1
23:03:28,100.00,78828,7570,0,0,0,1
23:03:30,100.00,78828,7570,0,0,0,1
23:03:32,100.00,78828,7570,0,0,0,1
23:03:34,100.00,78828,7570,0,0,0,1
23:03:36,100.00,78828,7570,0,0,0,1
23:03:39,100.00,78828,7570,0,0,0,1
23:03:41,100.00,78828,7570,0,0,0,1
23:03:43,100.00,78828,7570,0,0,0,1
23:03:45,100.00,78828,7570,0,0,0,1
23:03:48,100.00,78828,7570,0,0,0,1
23:03:50,100.00,78828,7570,0,0,0,1
23:03:52,100.00,78828,7570,0,0,0,1
23:03:54,100.00,78828,7570,0,0,0,1
23:03:57,100.00,78828,7570,0,0,0,1
23:03:59,100.00,78828,7570,0,0,0,1
23:04:01,100.00,78828,7570,0,0,0,1
23:04:03,100.00,78828,7570,0,0,0,1
23:04:06,100.00,78828,7570,0,0,0,1
23:04:08,100.00,78828,7570,0,0,0,1
23:04:10,100.00,78828,7570,0,0,0,1
23:04:12,100.00,78828,7570,0,0,0,1
23:04:15,100.00,78828,7570,0,0,0,1
23:04:17,100.00,78828,7570,0,0,0,1
23:04:19,100.00,78828,7570,0,0,0,1
23:04:21,100.00,78828,7570,0,0,0,1
23:04:24,100.00,78828,7570,0,0,0,1
23:04:26,100.00,78828,7570,0,0,0,1
23:04:28,100.00,78828,7570,0,0,0,1
23:04:30,100.00,78828,7570,0,0,0,1
23:04:32,100.00,78828,7570,0,0,0,1
23:04:35,100.00,78828,7570,0,0,0,1
23:04:37,100.00,78828,7570,0,0,0,1
23:04:39,100.00,78828,7570,0,0,0,1
23:04:41,100.00,78828,7570,0,0,0,1
23:04:44,100.00,78828,7570,0,0,0,1
23:04:46,100.00,78828,7570,0,0,0,1
23:04:48,100.00,78828,7570,0,0,0,1
23:04:50,100.00,78828,7570,0,0,0,1
23:04:53,100.00,78828,7570,0,0,0,1
23:04:55,100.00,78828,7570,0,0,0,1
23:04:57,100.00,78828,7570,0,0,0,1
23:04:59,100.00,78828,7570,0,0,0,1
23:05:02,100.00,78828,7570,0,0,0,1
23:05:04,100.00,78828,7570,0,0,0,1
23:05:06,100.00,78828,7570,0,0,0,1
23:05:08,100.00,78828,7570,0,0,0,1
23:05:11,100.00,78828,7570,0,0,0,1
23:05:13,100.00,78828,7570,0,0,0,1
23:05:15,100.00,78828,7570,0,0,0,1
23:05:17,100.00,78828,7570,0,0,0,1
23:05:20,100.00,78828,7570,0,0,0,1
23:05:22,100.00,78828,7570,0,0,0,1
23:05:24,100.00,78828,7570,0,0,0,1
23:05:26,100.00,78828,7570,0,0,0,1
23:05:29,100.00,78828,7570,0,0,0,1
23:05:31,100.00,78828,7570,0,0,0,1
23:05:33,100.00,78828,7570,0,0,0,1
23:05:35,100.00,78828,7570,0,0,0,1
23:05:38,100.00,78828,7570,0,0,0,1
23:05:40,100.00,78828,7570,0,0,0,1
23:05:42,100.00,78828,7570,0,0,0,1
23:05:44,100.00,78828,7570,0,0,0,1
23:05:47,100.00,78828,7570,0,0,0,1
23:05:49,100.00,78828,7570,0,0,0,1
23:05:51,100.00,78828,7570,0,0,0,1
23:05:53,100.00,78828,7570,0,0,0,1
23:05:56,100.00,78828,7570,0,0,0,1
23:05:58,100.00,78828,7570,0,0,0,1
23:06:00,100.00,78828,7570,0,0,0,1
23:06:02,100.00,78828,7570,0,0,0,1
23:06:05,100.00,78828,7570,0,0,0,1
23:06:07,100.00,78828,7570,0,0,0,1
23:06:09,100.00,78828,7570,0,0,0,1
23:06:11,100.00,78828,7570,0,0,0,1
23:06:13,100.00,78828,7570,0,0,0,1
23:06:16,100.00,78828,7570,0,0,0,1
23:06:18,100.00,78828,7570,0,0,0,1
23:06:20,100.00,78828,7570,0,0,0,1
23:06:22,100.00,78828,7570,0,0,0,1
23:06:25,100.00,78828,7570,0,0,0,1
23:06:27,100.00,78828,7570,0,0,0,1
23:06:29,100.00,78828,7570,0,0,0,1
23:06:31,100.00,78828,7570,0,0,0,1
23:06:33,100.00,78828,7570,0,0,0,1
23:06:36,100.00,78828,7570,0,0,0,1
23:06:38,100.00,78828,7570,0,0,0,1
23:06:40,100.00,78828,7570,0,0,0,1
23:06:42,100.00,78828,7570,0,0,0,1
23:06:44,100.00,78828,7570,0,0,0,1
23:06:47,100.00,78828,7570,0,0,0,1
23:06:49,100.00,78828,7570,0,0,0,1
23:06:51,100.00,78828,7570,0,0,0,1
23:06:53,100.00,78828,7570,0,0,0,1
23:06:56,100.00,78828,7570,0,0,0,1
23:06:58,100.00,78828,7570,0,0,0,1
23:07:00,100.00,78828,7570,0,0,0,1
23:07:02,100.00,78828,7570,0,0,0,1
23:07:05,100.00,78828,7570,0,0,0,1
23:07:07,100.00,78828,7570,0,0,0,1
23:07:09,100.00,78828,7570,0,0,0,1
23:07:11,100.00,78828,7570,0,0,0,1
23:07:14,100.00,78828,7570,0,0,0,1
23:07:16,100.00,78828,7570,0,0,0,1
23:07:18,100.00,78828,7570,0,0,0,1
23:07:20,100.00,78828,7570,0,0,0,1
23:07:23,100.00,78828,7570,0,0,0,1
23:07:25,100.00,78828,7570,0,0,0,1
23:07:27,100.00,78828,7570,0,0,0,1
23:07:29,100.00,78828,7570,0,0,0,1
23:07:31,100.00,78828,7570,0,0,0,1
23:07:34,100.00,78828,7570,0,0,0,1
23:07:36,100.00,78828,7570,0,0,0,1
23:07:38,100.00,78828,7570,0,0,0,1
23:07:40,100.00,78828,7570,0,0,0,1
23:07:43,100.00,78828,7570,0,0,0,1
23:07:45,100.00,78828,7570,0,0,0,1
23:07:47,100.00,78828,7570,0,0,0,1
23:07:49,100.00,78828,7570,0,0,0,1
23:07:52,100.00,78828,7570,0,0,0,1
23:07:54,100.00,78828,7570,0,0,0,1
23:07:56,100.00,78828,7570,0,0,0,1
23:07:58,100.00,78828,7570,0,0,0,1
23:08:01,100.00,78828,7570,0,0,0,1
23:08:03,100.00,78828,7570,0,0,0,1
23:08:05,100.00,78828,7570,0,0,0,1
23:08:07,100.00,78828,7570,0,0,0,1
23:08:10,100.00,78828,7570,0,0,0,1
23:08:12,100.00,78828,7570,0,0,0,1
23:08:14,100.00,78828,7570,0,0,0,1
23:08:16,100.00,78828,7570,0,0,0,1
23:08:18,100.00,78828,7570,0,0,0,1
23:08:21,100.00,78828,7570,0,0,0,1
23:08:23,100.00,78828,7570,0,0,0,1
23:08:25,100.00,78828,7570,0,0,0,1
23:08:27,100.00,78828,7570,0,0,0,1
23:08:30,100.00,78828,7570,0,0,0,1
23:08:32,100.00,78828,7570,0,0,0,1
23:08:34,100.00,78828,7570,0,0,0,1
23:08:36,100.00,78828,7570,0,0,0,1
23:08:39,100.00,78828,7570,0,0,0,1
23:08:41,100.00,78828,7570,0,0,0,1
23:08:43,100.00,78828,7570,0,0,0,1
23:08:45,100.00,78828,7570,0,0,0,1
23:08:48,100.00,78828,7570,0,0,0,1
23:08:50,100.00,78828,7570,0,0,0,1
23:08:52,100.00,78828,7570,0,0,0,1
23:08:55,100.00,78828,7570,0,0,0,1
23:08:57,100.00,78828,7570,0,0,0,1
23:08:59,100.00,78828,7570,0,0,0,1
23:09:01,100.00,78828,7570,0,0,0,1
23:09:03,100.00,78828,7570,0,0,0,1
23:09:06,100.00,78828,7570,0,0,0,1
23:09:08,100.00,78828,7570,0,0,0,1
23:09:10,100.00,78828,7570,0,0,0,1
23:09:12,100.00,78828,7570,0,0,0,1
23:09:15,100.00,78828,7570,0,0,0,1
23:09:17,100.00,78828,7570,0,0,0,1
23:09:19,100.00,78828,7570,0,0,0,1
23:09:21,100.00,78828,7570,0,0,0,1
23:09:24,100.00,78828,7570,0,0,0,1
23:09:26,100.00,78828,7570,0,0,0,1
23:09:28,100.00,78828,7570,0,0,0,1
23:09:30,100.00,78828,7570,0,0,0,1
23:09:33,100.00,78828,7570,0,0,0,1
23:09:35,100.00,78828,7570,0,0,0,1
23:09:37,100.00,78828,7570,0,0,0,1
23:09:39,100.00,78828,7570,0,0,0,1
23:09:42,100.00,78828,7570,0,0,0,1
23:09:44,100.00,78828,7570,0,0,0,1
23:09:46,100.00,78828,7570,0,0,0,1
23:09:48,100.00,78828,7570,0,0,0,1
23:09:51,100.00,78828,7570,0,0,0,1
23:09:53,100.00,78828,7570,0,0,0,1
23:09:55,100.00,78828,7570,0,0,0,1
23:09:57,100.00,78828,7570,0,0,0,1
23:10:00,100.00,78828,7570,0,0,0,1
23:10:02,100.00,78828,7570,0,0,0,1
23:10:04,100.00,78828,7570,0,0,0,1
23:10:06,100.00,78828,7570,0,0,0,1
23:10:09,100.00,78828,7570,0,0,0,1
23:10:11,100.00,78828,7570,0,0,0,1
23:10:13,100.00,78828,7570,0,0,0,1
23:10:15,100.00,78828,7570,0,0,0,1
23:10:18,100.00,78828,7570,0,0,0,1
23:10:20,100.00,78828,7570,0,0,0,1
23:10:22,100.00,78828,7570,0,0,0,1
23:10:24,100.00,78828,7570,0,0,0,1
23:10:27,100.00,78828,7570,0,0,0,1
23:10:29,100.00,78828,7570,0,0,0,1
23:10:31,100.00,78828,7570,0,0,0,1
23:10:33,100.00,78828,7570,0,0,0,1
23:10:36,100.00,78828,7570,0,0,0,1
23:10:38,100.00,78828,7570,0,0,0,1
23:10:40,100.00,78828,7570,0,0,0,1
23:10:42,100.00,78828,7570,0,0,0,1
23:10:45,100.00,78828,7570,0,0,0,1
23:10:47,100.00,78828,7570,0,0,0,1
23:10:49,100.00,78828,7570,0,0,0,1
23:10:51,100.00,78828,7570,0,0,0,1
23:10:53,100.00,78828,7570,0,0,0,1
23:10:56,100.00,78828,7570,0,0,0,1
23:10:58,100.00,78828,7570,0,0,0,1
23:11:00,100.00,78828,7570,0,0,0,1
23:11:02,100.00,78828,7570,0,0,0,1
23:11:04,100.00,78828,7570,0,0,0,1
23:11:07,100.00,78828,7570,0,0,0,1
23:11:09,100.00,78828,7570,0,0,0,1
23:11:11,100.00,78828,7570,0,0,0,1
23:11:13,100.00,78828,7570,0,0,0,1
23:11:15,100.00,78828,7570,0,0,0,1
23:11:18,100.00,78828,7570,0,0,0,1
23:11:20,100.00,78828,7570,0,0,0,1
23:11:22,100.00,78828,7570,0,0,0,1
23:11:24,100.00,78828,7570,0,0,0,1
23:11:26,100.00,78828,7570,0,0,0,1
23:11:28,100.00,78828,7570,0,0,0,1
23:11:31,100.00,78828,7570,0,0,0,1
23:11:33,100.00,78828,7570,0,0,0,1
23:11:35,100.00,78828,7570,0,0,0,1
23:11:37,100.00,78828,7570,0,0,0,1
23:11:39,100.00,78828,7570,0,0,0,1
23:11:42,100.00,78828,7570,0,0,0,1
23:11:44,100.00,78828,7570,0,0,0,1
23:11:46,100.00,78828,7570,0,0,0,1
23:11:48,100.00,78828,7570,0,0,0,1
23:11:50,100.00,78828,7570,0,0,0,1
23:11:53,100.00,78828,7570,0,0,0,1
23:11:55,100.00,78828,7570,0,0,0,1
23:11:57,100.00,78828,7570,0,0,0,1
23:11:59,100.00,78828,7570,0,0,0,1
23:12:01,100.00,78828,7570,0,0,0,1
23:12:04,100.00,78828,7570,0,0,0,1
23:12:06,100.00,78828,7570,0,0,0,1
23:12:08,100.00,78828,7570,0,0,0,1
23:12:10,100.00,78828,7570,0,0,0,1
23:12:12,100.00,78828,7570,0,0,0,1
23:12:14,100.00,78828,7570,0,0,0,1
23:12:17,100.00,78828,7570,0,0,0,1
23:12:19,100.00,78828,7570,0,0,0,1
23:12:21,100.00,78828,7570,0,0,0,1
23:12:23,100.00,78828,7570,0,0,0,1
23:12:25,100.00,78828,7570,0,0,0,1
23:12:28,100.00,78828,7570,0,0,0,1
23:12:30,100.00,78828,7570,0,0,0,1
23:12:32,100.00,78828,7570,0,0,0,1
23:12:34,100.00,78828,7570,0,0,0,1
23:12:36,100.00,78828,7570,0,0,0,1
23:12:39,100.00,78828,7570,0,0,0,1
23:12:41,100.00,78828,7570,0,0,0,1
23:12:43,100.00,78828,7570,0,0,0,1
23:12:45,100.00,78828,7570,0,0,0,1
23:12:47,100.00,78828,7570,0,0,0,1
23:12:50,100.00,78828,7570,0,0,0,1
23:12:52,100.00,78828,7570,0,0,0,1
23:12:54,100.00,78828,7570,0,0,0,1
23:12:56,100.00,78828,7570,0,0,0,1
23:12:58,100.00,78828,7570,0,0,0,1
23:13:00,100.00,78828,7570,0,0,0,1
23:13:03,100.00,78828,7570,0,0,0,1
23:13:05,100.00,78828,7570,0,0,0,1
23:13:07,100.00,78828,7570,0,0,0,1
23:13:09,100.00,78828,7570,0,0,0,1
23:13:11,100.00,78828,7570,0,0,0,1
23:13:14,100.00,78828,7570,0,0,0,1
23:13:16,100.00,78828,7570,0,0,0,1
23:13:18,100.00,78828,7570,0,0,0,1
23:13:20,100.00,78828,7570,0,0,0,1
23:13:22,100.00,78828,7570,0,0,0,1
23:13:25,100.00,78828,7570,0,0,0,1
23:13:27,100.00,78828,7570,0,0,0,1
23:13:29,100.00,78828,7570,0,0,0,1
23:13:31,100.00,78828,7570,0,0,0,1
23:13:33,100.00,78828,7570,0,0,0,1
23:13:36,100.00,78828,7570,0,0,0,1
23:13:38,100.00,78828,7570,0,0,0,1
23:13:40,100.00,78828,7570,0,0,0,1
23:13:42,100.00,78828,7570,0,0,0,1
23:13:44,100.00,78828,7570,0,0,0,1
23:13:46,100.00,78828,7570,0,0,0,1
23:13:49,100.00,78828,7570,0,0,0,1
23:13:51,100.00,78828,7570,0,0,0,1
23:13:53,100.00,78828,7570,0,0,0,1
23:13:55,100.00,78828,7570,0,0,0,1
23:13:58,100.00,78828,7570,0,0,0,1
23:14:00,100.00,78828,7570,0,0,0,1
23:14:02,100.00,78828,7570,0,0,0,1
23:14:04,100.00,78828,7570,0,0,0,1
23:14:06,100.00,78828,7570,0,0,0,1
23:14:09,100.00,78828,7570,0,0,0,1
23:14:11,100.00,78828,7570,0,0,0,1
23:14:13,100.00,78828,7570,0,0,0,1
23:14:15,100.00,78828,7570,0,0,0,1
23:14:18,100.00,78828,7570,0,0,0,1
23:14:20,100.00,78828,7570,0,0,0,1
23:14:22,100.00,78828,7570,0,0,0,1
23:14:24,100.00,78828,7570,0,0,0,1
23:14:27,100.00,78828,7570,0,0,0,1
23:14:29,100.00,78828,7570,0,0,0,1
23:14:31,100.00,78828,7570,0,0,0,1
23:14:33,100.00,78828,7570,0,0,0,1
23:14:36,100.00,78828,7570,0,0,0,1
23:14:38,100.00,78828,7570,0,0,0,1
23:14:40,100.00,78828,7570,0,0,0,1
23:14:42,100.00,78828,7570,0,0,0,1
23:14:45,100.00,78828,7570,0,0,0,1
23:14:47,100.00,78828,7570,0,0,0,1
23:14:49,100.00,78828,7570,0,0,0,1
23:14:51,100.00,78828,7570,0,0,0,1
23:14:53,100.00,78828,7570,0,0,0,1
23:14:56,100.00,78828,7570,0,0,0,1
23:14:58,100.00,78828,7570,0,0,0,1
23:15:00,100.00,78828,7570,0,0,0,1
23:15:02,100.00,78828,7570,0,0,0,1
23:15:05,100.00,78828,7570,0,0,0,1
23:15:07,100.00,78828,7570,0,0,0,1
23:15:09,100.00,78828,7570,0,0,0,1
23:15:11,100.00,78828,7570,0,0,0,1
23:15:14,100.00,78828,7570,0,0,0,1
23:15:16,100.00,78828,7570,0,0,0,1
23:15:18,100.00,78828,7570,0,0,0,1
23:15:20,100.00,78828,7570,0,0,0,1
23:15:23,100.00,78828,7570,0,0,0,1
23:15:25,100.00,78828,7570,0,0,0,1
23:15:27,100.00,78828,7570,0,0,0,1
23:15:29,100.00,78828,7570,0,0,0,1
23:15:31,100.00,78828,7570,0,0,0,1
23:15:34,100.00,78828,7570,0,0,0,1
23:15:36,100.00,78828,7570,0,0,0,1
23:15:38,100.00,78828,7570,0,0,0,1
23:15:40,100.00,78828,7570,0,0,0,1
23:15:43,100.00,78828,7570,0,0,0,1
23:15:45,100.00,78828,7570,0,0,0,1
23:15:47,100.00,78828,7570,0,0,0,1
23:15:49,100.00,78828,7570,0,0,0,1
23:15:52,100.00,78828,7570,0,0,0,1
23:15:54,100.00,78828,7570,0,0,0,1
23:15:56,100.00,78828,7570,0,0,0,1
23:15:58,100.00,78828,7570,0,0,0,1
23:16:01,100.00,78828,7570,0,0,0,1
23:16:03,100.00,78828,7570,0,0,0,1
23:16:05,100.00,78828,7570,0,0,0,1
23:16:07,100.00,78828,7570,0,0,0,1
23:16:10,100.00,78828,7570,0,0,0,1
23:16:12,100.00,78828,7570,0,0,0,1
23:16:14,100.00,78828,7570,0,0,0,1
23:16:16,100.00,78828,7570,0,0,0,1
23:16:19,100.00,78828,7570,0,0,0,1
23:16:21,100.00,78828,7570,0,0,0,1
23:16:23,100.00,78828,7570,0,0,0,1
23:16:25,100.00,78828,7570,0,0,0,1
23:16:28,100.00,78828,7570,0,0,0,1
23:16:30,100.00,78828,7570,0,0,0,1
23:16:32,100.00,78828,7570,0,0,0,1
23:16:34,100.00,78828,7570,0,0,0,1
23:16:36,100.00,78828,7570,0,0,0,1
23:16:39,100.00,78828,7570,0,0,0,1
23:16:41,100.00,78828,7570,0,0,0,1
23:16:43,100.00,78828,7570,0,0,0,1
23:16:45,100.00,78828,7570,0,0,0,1
23:16:48,100.00,78828,7570,0,0,0,1
23:16:50,100.00,78828,7570,0,0,0,1
23:16:52,100.00,78828,7570,0,0,0,1
23:16:54,100.00,78828,7570,0,0,0,1
23:16:57,100.00,78828,7570,0,0,0,1
23:16:59,100.00,78828,7570,0,0,0,1
23:17:01,100.00,78828,7570,0,0,0,1
23:17:03,100.00,78828,7570,0,0,0,1
23:17:06,100.00,78828,7570,0,0,0,1
23:17:08,100.00,78828,7570,0,0,0,1
23:17:10,100.00,78828,7570,0,0,0,1
23:17:12,100.00,78828,7570,0,0,0,1
23:17:15,100.00,78828,7570,0,0,0,1
23:17:17,100.00,78828,7570,0,0,0,1
23:17:19,100.00,78828,7570,0,0,0,1
23:17:21,100.00,78828,7570,0,0,0,1
23:17:24,100.00,78828,7570,0,0,0,1
23:17:26,100.00,78828,7570,0,0,0,1
23:17:28,100.00,78828,7570,0,0,0,1
23:17:30,100.00,78828,7570,0,0,0,1
23:17:33,100.00,78828,7570,0,0,0,1
23:17:35,100.00,78828,7570,0,0,0,1
23:17:37,100.00,78828,7570,0,0,0,1
23:17:39,100.00,78828,7570,0,0,0,1
23:17:41,100.00,78828,7570,0,0,0,1
23:17:44,100.00,78828,7570,0,0,0,1
23:17:46,100.00,78828,7570,0,0,0,1
23:17:48,100.00,78828,7570,0,0,0,1
23:17:50,100.00,78828,7570,0,0,0,1
23:17:53,100.00,78828,7570,0,0,0,1
23:17:55,100.00,78828,7570,0,0,0,1
23:17:57,100.00,78828,7570,0,0,0,1
23:17:59,100.00,78828,7570,0,0,0,1
23:18:02,100.00,78828,7570,0,0,0,1
23:18:04,100.00,78828,7570,0,0,0,1
23:18:06,100.00,78828,7570,0,0,0,1
23:18:08,100.00,78828,7570,0,0,0,1
23:18:11,100.00,78828,7570,0,0,0,1
23:18:13,100.00,78828,7570,0,0,0,1
23:18:15,100.00,78828,7570,0,0,0,1
23:18:17,100.00,78828,7570,0,0,0,1
23:18:20,100.00,78828,7570,0,0,0,1
23:18:22,100.00,78828,7570,0,0,0,1
23:18:24,100.00,78828,7570,0,0,0,1
23:18:26,100.00,78828,7570,0,0,0,1
23:18:29,100.00,78828,7570,0,0,0,1
23:18:31,100.00,78828,7570,0,0,0,1
23:18:33,100.00,78828,7570,0,0,0,1
23:18:35,100.00,78828,7570,0,0,0,1
23:18:37,100.00,78828,7570,0,0,0,1
23:18:40,100.00,78828,7570,0,0,0,1
23:18:42,100.00,78828,7570,0,0,0,1
23:18:44,100.00,78828,7570,0,0,0,1
23:18:46,100.00,78828,7570,0,0,0,1
23:18:49,100.00,78828,7570,0,0,0,1
23:18:51,100.00,78828,7570,0,0,0,1
23:18:53,100.00,78828,7570,0,0,0,1
23:18:55,100.00,78828,7570,0,0,0,1
23:18:58,100.00,78828,7570,0,0,0,1
23:19:00,100.00,78828,7570,0,0,0,1
23:19:02,100.00,78828,7570,0,0,0,1
23:19:04,100.00,78828,7570,0,0,0,1
23:19:07,100.00,78828,7570,0,0,0,1
23:19:09,100.00,78828,7570,0,0,0,1
23:19:11,100.00,78828,7570,0,0,0,1
23:19:13,100.00,78828,7570,0,0,0,1
23:19:16,100.00,78828,7570,0,0,0,1
23:19:18,100.00,78828,7570,0,0,0,1
23:19:20,100.00,78828,7570,0,0,0,1
23:19:22,100.00,78828,7570,0,0,0,1
23:19:25,100.00,78828,7570,0,0,0,1
23:19:27,100.00,78828,7570,0,0,0,1
23:19:29,100.00,78828,7570,0,0,0,1
23:19:31,100.00,78828,7570,0,0,0,1
23:19:33,100.00,78828,7570,0,0,0,1
23:19:36,100.00,78828,7570,0,0,0,1
23:19:38,100.00,78828,7570,0,0,0,1
23:19:40,100.00,78828,7570,0,0,0,1
23:19:42,100.00,78828,7570,0,0,0,1
23:19:45,100.00,78828,7570,0,0,0,1
23:19:47,100.00,78828,7570,0,0,0,1
23:19:49,100.00,78828,7570,0,0,0,1
23:19:51,100.00,78828,7570,0,0,0,1
23:19:54,100.00,78828,7570,0,0,0,1
23:19:56,100.00,78828,7570,0,0,0,1
23:19:58,100.00,78828,7570,0,0,0,1
23:20:00,100.00,78828,7570,0,0,0,1
23:20:03,100.00,78828,7570,0,0,0,1
23:20:05,100.00,78828,7570,0,0,0,1
23:20:07,100.00,78828,7570,0,0,0,1
23:20:09,100.00,78828,7570,0,0,0,1
23:20:12,100.00,78828,7570,0,0,0,1
23:20:14,100.00,78828,7570,0,0,0,1
23:20:16,100.00,78828,7570,0,0,0,1
23:20:18,100.00,78828,7570,0,0,0,1
23:20:20,100.00,78828,7570,0,0,0,1
23:20:23,100.00,78828,7570,0,0,0,1
23:20:25,100.00,78828,7570,0,0,0,1
23:20:27,100.00,78829,7570,0,0,0,1
23:20:29,100.00,78829,7570,0,0,0,1
23:20:32,100.00,78829,7570,0,0,0,1
23:20:34,100.00,78829,7570,0,0,0,1
23:20:36,100.00,78829,7570,0,0,0,1
23:20:38,100.00,78829,7570,0,0,0,1
23:20:41,100.00,78829,7570,0,0,0,1
23:20:43,100.00,78829,7570,0,0,0,1
23:20:45,100.00,78829,7570,0,0,0,1
23:20:47,100.00,78829,7570,0,0,0,1
23:20:50,100.00,78829,7570,0,0,0,1
23:20:52,100.00,78829,7570,0,0,0,1
23:20:54,100.00,78829,7570,0,0,0,1
23:20:56,100.00,78829,7570,0,0,0,1
23:20:59,100.00,78829,7570,0,0,0,1
23:21:01,100.00,78829,7570,0,0,0,1
23:21:03,100.00,78829,7570,0,0,0,1
23:21:05,100.00,78829,7570,0,0,0,1
23:21:07,100.00,78829,7570,0,0,0,1
23:21:10,100.00,78829,7570,0,0,0,1
23:21:12,100.00,78829,7570,0,0,0,1
23:21:14,100.00,78829,7570,0,0,0,1
23:21:16,100.00,78829,7570,0,0,0,1
23:21:19,100.00,77940,7570,0,0,0,1
23:21:21,100.00,75231,7570,0,0,0,1
23:21:23,100.00,72507,7570,0,0,0,1
23:21:25,100.00,69782,7570,0,0,0,1
23:21:28,100.00,67092,7570,0,0,0,1
23:21:30,100.00,64357,7570,0,0,0,1
23:21:32,100.00,61549,7570,0,0,0,1
23:21:34,100.00,58767,7570,0,0,0,1
23:21:37,100.00,55949,7570,0,0,0,1
23:21:39,100.00,53061,7570,0,0,0,1
23:21:41,100.00,50253,7570,0,0,0,1
23:21:43,100.00,47471,7570,0,0,0,1
23:21:46,100.00,44624,7570,0,0,0,1
23:21:48,100.00,41768,7570,0,0,0,1
23:21:50,100.00,38903,7570,0,0,0,1
23:21:52,100.00,36051,7570,0,0,0,1
23:21:55,100.00,33135,7570,0,0,0,1
23:21:57,100.00,30241,7570,0,0,0,1
23:21:59,100.00,27427,7570,0,0,0,1
23:22:01,100.00,24495,7570,0,0,0,1
23:22:04,100.00,21665,7570,0,0,0,1
23:22:06,100.00,18762,7570,0,0,0,1
23:22:08,100.00,17228,7570,0,0,0,1
23:22:10,100.00,17228,7570,0,0,0,1
23:22:13,100.00,17228,7570,0,0,0,1
23:22:15,100.00,17228,7570,0,0,0,1
23:22:17,100.00,17228,7570,0,0,0,1
23:22:19,100.00,17228,7570,0,0,0,1
23:22:22,100.00,17228,7570,0,0,0,1
23:22:24,100.00,17228,7570,0,0,0,1
23:22:26,100.00,17322,7570,0,0,0,1
23:22:28,100.00,17868,7570,0,0,0,1
23:22:31,100.00,18415,7570,0,0,0,1
23:22:33,100.00,18953,7570,0,0,0,1
23:22:35,100.00,19531,7570,0,0,0,1
23:22:37,100.00,20024,7570,0,0,0,1
23:22:40,100.00,20500,7570,0,0,0,1
23:22:42,100.00,20940,7570,0,0,0,1
23:22:44,100.00,21416,7570,0,0,0,1
23:22:46,100.00,21878,7570,0,0,0,1
23:22:48,100.00,22332,7570,0,0,0,1
23:22:51,100.00,22789,7570,0,0,0,1
23:22:53,100.00,23252,7570,0,0,0,1
23:22:55,100.00,23710,7570,0,0,0,1
23:22:57,100.00,24167,7570,0,0,0,1
23:23:00,100.00,24683,7570,0,0,0,1
23:23:02,100.00,25203,7570,0,0,0,1
23:23:04,100.00,25656,7570,0,0,0,1
23:23:06,100.00,26091,7570,0,0,0,1
23:23:09,100.00,26519,7570,0,0,0,1
23:23:11,100.00,26959,7570,0,0,0,1
23:23:13,100.00,27390,7570,0,0,0,1
23:23:15,100.00,27821,7570,0,0,0,1
23:23:18,100.00,28168,7570,0,0,0,1
23:23:20,100.00,28577,7570,0,0,0,1
23:23:22,100.00,28990,7570,0,0,0,1
23:23:24,100.00,29435,7570,0,0,0,1
23:23:26,100.00,29875,7570,0,0,0,1
23:23:29,100.00,30288,7570,0,0,0,1
23:23:31,100.00,30635,7570,0,0,0,1
23:23:33,100.00,31018,7570,0,0,0,1
23:23:35,100.00,31365,7570,0,0,0,1
23:23:38,100.00,31698,7570,0,0,0,1
23:23:40,100.00,32022,7570,0,0,0,1
23:23:42,100.00,32360,7570,0,0,0,1
23:23:45,100.00,32685,7570,0,0,0,1
23:23:47,100.00,33000,7570,0,0,0,1
23:23:49,100.00,33369,7570,0,0,0,1
23:23:51,100.00,33707,7570,0,0,0,1
23:23:53,100.00,34107,7570,0,0,0,1
23:23:56,100.00,34443,7570,0,0,0,1
23:23:58,100.00,34841,7570,0,0,0,1
23:24:00,100.00,35205,7570,0,0,0,1
23:24:02,100.00,35614,7570,0,0,0,1
23:24:05,100.00,35987,7570,0,0,0,1
23:24:07,100.00,36386,7570,0,0,0,1
23:24:09,100.00,36756,7570,0,0,0,1
23:24:11,100.00,37112,7570,0,0,0,1
23:24:14,100.00,37594,7570,0,0,0,1
23:24:16,100.00,38072,7570,0,0,0,1
23:24:18,100.00,38558,7570,0,0,0,1
23:24:20,100.00,39072,7570,0,0,0,1
23:24:23,100.00,39616,7570,0,0,0,1
23:24:25,100.00,40396,7570,0,0,0,1
23:24:27,100.00,40928,7570,0,0,0,1
23:24:29,100.00,41448,7570,0,0,0,1
23:24:32,100.00,41996,7570,0,0,0,1
23:24:34,100.00,42552,7570,0,0,0,1
23:24:36,100.00,43106,7570,0,0,0,1
23:24:38,100.00,43806,7570,0,0,0,1
23:24:41,100.00,45104,7570,0,0,0,1
23:24:43,100.00,46930,7570,0,0,0,1
23:24:45,100.00,48222,7570,0,0,0,1
23:24:47,100.00,49370,7570,0,0,0,1
23:24:50,100.00,50446,7570,0,0,0,1
23:24:52,100.00,51506,7570,0,0,0,1
23:24:54,100.00,52736,7570,0,0,0,1
23:24:56,100.00,54086,7570,0,0,0,1
23:24:58,100.00,55416,7570,0,0,0,1
23:25:01,100.00,56710,7570,0,0,0,1
23:25:03,100.00,57964,7570,0,0,0,1
23:25:05,100.00,59214,7570,0,0,0,1
23:25:07,100.00,60448,7570,0,0,0,1
23:25:09,100.00,53927,7570,0,0,0,1
23:25:12,100.00,44297,7570,0,0,0,1
23:25:14,100.00,48867,7570,0,0,0,1
23:25:16,100.00,52535,7570,0,0,0,1
23:25:18,100.00,53708,7570,0,0,0,1
23:25:20,100.00,54982,7570,0,0,0,1
23:25:23,100.00,56092,7570,0,0,0,1
23:25:25,100.00,57336,7570,0,0,0,1
23:25:27,100.00,57830,7570,0,0,0,1
23:25:29,100.00,59124,7570,0,0,0,1
23:25:31,100.00,60288,7570,0,0,0,1
23:25:34,100.00,61386,7570,0,0,0,1
23:25:36,100.00,62776,7570,0,0,0,1
23:25:38,100.00,64266,7570,0,0,0,1
23:25:40,100.00,65254,7570,0,0,0,1
23:25:42,100.00,67628,7570,0,0,0,1
23:25:45,100.00,70745,7570,0,0,0,1
23:25:47,100.00,73861,7570,0,0,0,1
23:25:49,100.00,77044,7570,0,0,0,1
23:25:51,101.00,62300,7570,0,0,0,1
23:25:54,102.00,62326,7570,0,0,0,1
23:25:56,104.00,62327,7570,0,0,0,1
23:25:58,105.00,63103,7570,0,0,0,1
23:26:00,105.00,67685,7570,0,0,0,1
23:26:03,105.00,72257,7570,0,0,0,1
23:26:05,104.00,77060,7570,0,0,0,1
23:26:07,105.00,77802,7570,0,0,0,1
23:26:09,105.00,78329,7570,0,0,0,1
23:26:11,105.00,79444,7570,0,0,0,1
23:26:13,105.00,79886,7570,0,0,0,1
23:26:16,104.00,79945,7570,0,0,0,1
23:26:18,104.00,80171,7570,0,0,0,1
23:26:20,104.00,80460,7570,0,0,0,1
23:26:22,104.00,80874,7570,0,0,0,1
23:26:24,104.00,81435,7570,0,0,0,1
23:26:27,104.00,82249,7570,0,0,0,1
23:26:29,104.00,83081,7570,0,0,0,1
23:26:31,104.00,83877,7570,0,0,0,1
23:26:33,104.00,84440,7570,0,0,0,1
23:26:35,104.00,85235,7570,0,0,0,1
23:26:38,104.00,86043,7570,0,0,0,1
23:26:40,104.00,87236,7570,0,0,0,1
23:26:42,104.00,89776,7570,0,0,0,1
23:26:44,104.00,92250,7570,0,0,0,1
23:26:46,104.00,95083,7570,0,0,0,1
23:26:49,105.00,75297,7570,0,0,0,1
23:26:51,107.00,75303,7570,0,0,0,1
23:26:53,109.00,75308,7570,0,0,0,1
23:26:55,110.00,75296,7570,0,0,0,1
23:26:58,110.00,79675,7570,0,0,0,1
23:27:00,110.00,84263,7570,0,0,0,1
23:27:02,110.00,88878,7570,0,0,0,1
23:27:04,110.00,89520,7570,0,0,0,1
23:27:06,110.00,89776,7570,0,0,0,1
23:27:09,110.00,90472,7570,0,0,0,1
23:27:11,110.00,91162,7570,0,0,0,1
23:27:13,110.00,91811,7570,0,0,0,1
23:27:15,110.00,92374,7570,0,0,0,1
23:27:17,110.00,92982,7570,0,0,0,1
23:27:20,110.00,93438,7570,0,0,0,1
23:27:22,110.00,93832,7570,0,0,0,1
23:27:24,110.00,94484,7570,0,0,0,1
23:27:26,110.00,94996,7570,0,0,0,1
23:27:28,110.00,95616,7570,0,0,0,1
23:27:31,110.00,96318,7570,0,0,0,1
23:27:33,110.00,97107,7570,0,0,0,1
23:27:35,110.00,97820,7570,0,0,0,1
23:27:37,110.00,98520,7570,0,0,0,1
23:27:39,110.00,99261,7570,0,0,0,1
23:27:42,110.00,99644,7570,0,0,0,1
23:27:44,110.00,99644,7570,0,0,0,1
23:27:46,110.00,79453,7570,0,0,0,1
23:27:48,111.00,59822,7570,0,0,0,1
23:27:51,113.00,59827,7570,0,0,0,1
23:27:53,114.00,59835,7570,0,0,0,1
23:27:55,115.00,61373,7570,0,0,0,1
23:27:57,115.00,65973,7570,0,0,0,1
23:28:00,115.00,70573,7570,0,0,0,1
23:28:02,115.00,73988,7570,0,0,0,1
23:28:04,115.00,74694,7570,0,0,0,1
23:28:06,115.00,76092,7570,0,0,0,1
23:28:08,115.00,77388,7570,0,0,0,1
23:28:11,115.00,78808,7570,0,0,0,1
23:28:13,115.00,80406,7570,0,0,0,1
23:28:15,115.00,82086,7570,0,0,0,1
23:28:17,115.00,82984,7570,0,0,0,1
23:28:19,115.00,83256,7570,0,0,0,1
23:28:22,114.00,83478,7570,0,0,0,1
23:28:24,114.00,84181,7570,0,0,0,1
23:28:26,114.00,84181,7570,0,0,0,1
23:28:28,115.00,61399,7570,0,0,0,1
23:28:30,117.00,59861,7570,0,0,0,1
23:28:33,118.00,59864,7570,0,0,0,1
23:28:35,119.00,59854,7570,0,0,0,1
23:28:37,119.00,64054,7570,0,0,0,1
23:28:39,119.00,68654,7570,0,0,0,1
23:28:42,119.00,73585,7570,0,0,0,1
23:28:44,119.00,79403,7570,0,0,0,1
23:28:46,119.00,83151,7570,0,0,0,1
23:28:48,119.00,83310,7570,0,0,0,1
23:28:50,119.00,83456,7570,0,0,0,1
23:28:53,119.00,83706,7570,0,0,0,1
23:28:55,119.00,84202,7570,0,0,0,1
23:28:57,119.00,84202,7570,0,0,0,1
23:28:59,121.00,59837,7570,0,0,0,1
23:29:01,122.00,59841,7570,0,0,0,1
23:29:04,124.00,59842,7570,0,0,0,1
23:29:06,124.00,61797,7570,0,0,0,1
23:29:08,124.00,66277,7570,0,0,0,1
23:29:10,124.00,70797,7570,0,0,0,1
23:29:13,124.00,76170,7570,0,0,0,1
23:29:15,124.00,81916,7570,0,0,0,1
23:29:17,124.00,84184,7570,0,0,0,1
23:29:19,124.00,84184,7570,0,0,0,1
23:29:21,125.00,59862,7570,0,0,0,1
23:29:24,127.00,59883,7570,0,0,0,1
23:29:26,128.00,59907,7570,0,0,0,1
23:29:28,130.00,59923,7570,0,0,0,1
23:29:30,130.00,62625,7570,0,0,0,1
23:29:33,130.00,66407,7570,0,0,0,1
23:29:35,130.00,70221,7570,0,0,0,1
23:29:37,130.00,74720,7570,0,0,0,1
23:29:40,130.00,79512,7570,0,0,0,1
23:29:42,130.00,83600,7570,0,0,0,1
23:29:44,130.00,84260,7570,0,0,0,1
23:29:46,130.00,59935,7570,0,0,0,1
23:29:49,132.00,59948,7570,0,0,0,1
23:29:51,133.00,59970,7570,0,0,0,1
23:29:53,135.00,59979,7570,0,0,0,1
23:29:56,135.00,61840,7570,0,0,0,1
23:29:58,134.00,65644,7570,0,0,0,1
23:30:00,134.00,69542,7570,0,0,0,1
23:30:02,134.00,73905,7570,0,0,0,1
23:30:05,134.00,78679,7570,0,0,0,1
23:30:07,134.00,83107,7570,0,0,0,1
23:30:09,134.00,84185,7570,0,0,0,1
23:30:11,134.00,84185,7570,0,0,0,1
23:30:14,135.00,72023,7570,0,0,0,1
23:30:16,136.00,59895,7570,0,0,0,1
23:30:18,138.00,59921,7570,0,0,0,1
23:30:21,139.00,59956,7570,0,0,0,1
23:30:23,140.00,61036,7570,0,0,0,1
23:30:25,140.00,64894,7570,0,0,0,1
23:30:27,140.00,68622,7570,0,0,0,1
23:30:30,139.00,72485,7570,0,0,0,1
23:30:32,139.00,77305,7570,0,0,0,1
23:30:34,139.00,81961,7570,0,0,0,1
23:30:36,139.00,84301,7570,0,0,0,1
23:30:39,139.00,84301,7570,0,0,0,1
23:30:41,139.00,72126,7570,0,0,0,1
23:30:43,141.00,59977,7570,0,0,0,1
23:30:46,143.00,59988,7570,0,0,0,1
23:30:48,144.00,59994,7570,0,0,0,1
23:30:50,144.00,61020,7570,0,0,0,1
23:30:53,144.00,64946,7570,0,0,0,1
23:30:55,144.00,68828,7570,0,0,0,1
23:30:57,144.00,72977,7570,0,0,0,1
23:30:59,144.00,77747,7570,0,0,0,1
23:31:02,144.00,82563,7570,0,0,0,1
23:31:04,144.00,84195,7570,0,0,0,1
23:31:06,145.00,72035,7570,0,0,0,1
23:31:09,146.00,59929,7570,0,0,0,1
23:31:11,147.00,59947,7570,0,0,0,1
23:31:13,149.00,59961,7570,0,0,0,1
23:31:16,149.00,59962,7570,0,0,0,1
23:31:18,149.00,0,7570,0,0,0,1

=== Resource Usage Statistics ===
Sample Count: 1585
Average CPU Usage: 104.51%
Peak CPU Usage: 483.00%
Average Host Memory Usage: 71474.98MB
Peak Host Memory Usage: 99644MB
Average GPU Memory Usage: 7527.37MB
Peak GPU Memory Usage: 7570MB
Average NPU Memory Usage: 0.00MB
Peak NPU Memory Usage: 0MB
Average NPU HBM Usage: 0.00MB
Peak NPU HBM Usage: 0MB
Average NPU AICore Usage: 0.00%
Peak NPU AICore Usage: 0.00%
Maximum Process Count: 1
[0;32m[2025-10-27 23:31:20][0m Program run completed
[0;32m[2025-10-27 23:31:20][0m Run Time: 0 hours 58 minutes 57 seconds
[0;32m[2025-10-27 23:31:20][0m Exit Code: 0
[0;32m[2025-10-27 23:31:20][0m Detailed Log: monitor_ESM-long-CNN-LSTM_Pred.py_20251027_223223.log
