# average_precision["micro"]	0.9992276260423884
recall	precision
1.0	0.562753036437247
0.999743062692703	0.5626898047722343
0.999743062692703	0.562771188892103
0.999743062692703	0.5629340277777778
0.999743062692703	0.5630154825640283
0.999743062692703	0.5630969609261939
0.999743062692703	0.5631784628745115
0.999743062692703	0.5632599884192241
0.999743062692703	0.5633415375705806
0.999743062692703	0.5634231103388357
0.999743062692703	0.5635047067342506
0.999743062692703	0.5635863267670915
0.999743062692703	0.5636679704476315
0.999743062692703	0.563749637786149
0.999743062692703	0.5638313287929285
0.999743062692703	0.5639130434782609
0.999743062692703	0.5641583297085689
0.999743062692703	0.5642401392111369
0.999743062692703	0.5643219724437999
0.999743062692703	0.5644038294168843
0.999743062692703	0.5644857101407225
0.999743062692703	0.564567614625653
0.999743062692703	0.5646495428820201
0.999743062692703	0.5647314949201742
0.999743062692703	0.5648134707504717
0.999743062692703	0.5648954703832753
0.999743062692703	0.5650595410978797
0.999743062692703	0.5651416122004357
0.999743062692703	0.5652237071470075
0.999743062692703	0.5653058259479878
0.999743062692703	0.565387968613775
0.999743062692703	0.5654701351547741
0.999743062692703	0.5655523255813953
0.999743062692703	0.5656345399040559
0.999743062692703	0.5657167781331782
0.999743062692703	0.5657990402791915
0.999743062692703	0.5658813263525305
0.999743062692703	0.5659636363636363
0.999743062692703	0.5661283282409428
0.999743062692703	0.5662107101280559
0.999743062692703	0.5662931159947606
0.999743062692703	0.5663755458515284
0.999743062692703	0.5664579997088368
0.999743062692703	0.5665404775771695
0.999743062692703	0.5666229794670161
0.999743062692703	0.5667055053888727
0.999743062692703	0.5668706293706294
0.999743062692703	0.5669532274515517
0.999743062692703	0.5670358496065288
0.999743062692703	0.5671184958460865
0.999743062692703	0.567201166180758
0.999743062692703	0.5673665791776028
0.999743062692703	0.567449321860872
0.999743062692703	0.5675320886814469
0.999743062692703	0.5676148796498905
0.999743062692703	0.5676976947767727
0.999743062692703	0.5677805340726689
0.999743062692703	0.5678633975481612
0.999743062692703	0.5679462852138374
0.999743062692703	0.568029197080292
0.999743062692703	0.5681121331581253
0.999743062692703	0.568195093457944
0.999743062692703	0.5682780779903608
0.999743062692703	0.5683610867659947
0.999743062692703	0.5684441197954712
0.999743062692703	0.5685271770894214
0.999743062692703	0.5686102586584831
0.999743062692703	0.5686933645133002
0.999743062692703	0.5687764946645227
0.999743062692703	0.5688596491228071
0.999743062692703	0.5689428278988156
0.999743062692703	0.5690260310032174
0.999743062692703	0.5691092584466871
0.999743062692703	0.5691925102399064
0.999743062692703	0.5692757863935626
0.999743062692703	0.569442411824967
0.999743062692703	0.5695257611241218
0.999743062692703	0.5696091348265261
0.999743062692703	0.569692532942899
0.999743062692703	0.5697759554839654
0.999743062692703	0.569859402460457
0.999743062692703	0.5699428738831112
0.999743062692703	0.5700263697626722
0.999743062692703	0.5701098901098901
0.999743062692703	0.5701934349355217
0.999743062692703	0.5702770042503298
0.999743062692703	0.5703605980650835
0.999743062692703	0.5704442163905585
0.999743062692703	0.5705278592375367
0.999743062692703	0.570611526616806
0.999743062692703	0.570695218539161
0.999743062692703	0.5707789350154027
0.999743062692703	0.570862676056338
0.999743062692703	0.5709464416727806
0.999743062692703	0.5710302318755504
0.999743062692703	0.5711140466754734
0.999743062692703	0.5711978860833823
0.999743062692703	0.571281750110116
0.999743062692703	0.5713656387665198
0.999743062692703	0.5714495520634454
0.999743062692703	0.5715334900117509
0.999743062692703	0.5716174526223006
0.999743062692703	0.5717014399059653
0.999743062692703	0.5717854518736223
0.999743062692703	0.5718694885361552
0.999743062692703	0.5719535499044539
0.999743062692703	0.5720376359894149
0.999743062692703	0.572121746801941
0.999743062692703	0.5722900426533314
0.999743062692703	0.5723742277140336
0.999743062692703	0.5724584375459761
0.999743062692703	0.5725426721600941
0.999743062692703	0.5726269315673289
0.999743062692703	0.5727112157786282
0.999743062692703	0.5727955248049462
0.999743062692703	0.5728798586572438
0.999743062692703	0.572964217346488
0.999743062692703	0.5730486008836524
0.999743062692703	0.5731330092797172
0.999743062692703	0.5732174425456689
0.999743062692703	0.5733019006925004
0.999743062692703	0.5733863837312113
0.999743062692703	0.5734708916728076
0.999743062692703	0.5735554245283019
0.999743062692703	0.5736399823087129
0.999743062692703	0.5737245650250663
0.999743062692703	0.573809172688394
0.999743062692703	0.5738938053097346
0.999743062692703	0.5739784629001328
0.999743062692703	0.5740631454706403
0.999743062692703	0.5741478530323152
0.999743062692703	0.5742325855962219
0.999743062692703	0.5743173431734317
0.999743062692703	0.5744021257750221
0.999743062692703	0.5744869334120773
0.999743062692703	0.5745717660956882
0.999743062692703	0.5746566238369517
0.999743062692703	0.574741506646972
0.999743062692703	0.5748264145368592
0.999743062692703	0.5749113475177305
0.999743062692703	0.5749963056007094
0.999743062692703	0.5750812887969258
0.999743062692703	0.5751662971175167
0.999743062692703	0.5752513305736251
0.999743062692703	0.575336389176401
0.999743062692703	0.5754214729370009
0.999743062692703	0.5755065818665878
0.999743062692703	0.5757620597810003
0.999743062692703	0.575847269498298
0.999743062692703	0.5759325044404974
0.999743062692703	0.5760177646188009
0.999743062692703	0.5761030500444181
0.999743062692703	0.576188360728565
0.999743062692703	0.5762736966824644
0.999743062692703	0.5763590579173455
0.999743062692703	0.5764444444444444
0.999743062692703	0.5765298562750037
0.999743062692703	0.5766152934202726
0.999743062692703	0.5767007558915074
0.999743062692703	0.5767862436999703
0.999743062692703	0.576871756856931
0.999743062692703	0.5769572953736655
0.999743062692703	0.5770428592614564
0.999743062692703	0.577128448531593
0.999743062692703	0.5772140631953716
0.999743062692703	0.577299703264095
0.999743062692703	0.5773853687490725
0.999743062692703	0.5774710596616207
0.999743062692703	0.5775567760130622
0.999743062692703	0.5776425178147269
0.999743062692703	0.5778140778140778
0.999743062692703	0.5778998960344571
0.999743062692703	0.5779857397504456
0.999743062692703	0.5780716089734066
0.999743062692703	0.5781575037147103
0.999743062692703	0.5782434239857334
0.999743062692703	0.5783293697978596
0.999743062692703	0.5784153411624796
0.999743062692703	0.5785013380909901
0.999743062692703	0.5785873605947955
0.999743062692703	0.5786734086853064
0.999743062692703	0.5787594823739403
0.999743062692703	0.5788455816721214
0.999743062692703	0.578931706591281
0.999743062692703	0.5790178571428571
0.999743062692703	0.5791040333382944
0.999743062692703	0.5792764627065654
0.999743062692703	0.5793627159023228
0.999743062692703	0.5794489947877886
0.999743062692703	0.5795352993744415
0.999743062692703	0.5796216296737673
0.999743062692703	0.5797079856972587
0.999743062692703	0.5798807749627422
0.999743062692703	0.5799672082277537
0.999743062692703	0.5800536672629696
0.999743062692703	0.5801401520799165
0.999743062692703	0.5802266626901282
0.999743062692703	0.5803131991051454
0.999743062692703	0.5803997613365155
0.999743062692703	0.5804863493957929
0.999743062692703	0.5805729632945389
0.999743062692703	0.5806596030443217
0.999743062692703	0.5807462686567164
0.999743062692703	0.580832960143305
0.999743062692703	0.5809196775156763
0.999743062692703	0.5810064207854263
0.999743062692703	0.5810931899641577
0.999743062692703	0.5811799850634802
0.999743062692703	0.5812668060950105
0.999743062692703	0.581353653070372
0.999743062692703	0.5814405260011954
0.999743062692703	0.5815274248991182
0.999743062692703	0.5817013006428464
0.999743062692703	0.5817882775119617
0.999743062692703	0.5818752803947959
0.999743062692703	0.5820493642483171
0.999743062692703	0.5821364452423698
0.999743062692703	0.5822235522968726
0.999743062692703	0.5823106854235259
0.999743062692703	0.5823978446340368
0.999743062692703	0.5824850299401197
0.999743062692703	0.582659478885894
0.999743062692703	0.5828340323547034
0.999743062692703	0.5829213483146067
0.999743062692703	0.5830086904405154
0.999743062692703	0.583096058744193
0.999743062692703	0.58318345323741
0.999743062692703	0.5832708739319442
0.999743062692703	0.5833583208395802
0.999743062692703	0.5834457939721097
0.999743062692703	0.5835332933413317
0.999743062692703	0.583620818959052
0.999743062692703	0.5837083708370837
0.999743062692703	0.5837959489872468
0.999743062692703	0.5838835534213686
0.999743062692703	0.5840588411888322
0.999743062692703	0.584146524545864
0.999743062692703	0.5842342342342343
0.999743062692703	0.5843219702658057
0.999743062692703	0.5844097326524482
0.999743062692703	0.5845853365384616
0.999743062692703	0.5846731780616078
0.999743062692703	0.584761045987376
0.999743062692703	0.5848489403276718
0.999743062692703	0.5849368610944077
0.999743062692703	0.5851127819548873
0.999743062692703	0.5852007820724922
0.999743062692703	0.5852888086642599
0.999743062692703	0.5853768617421393
0.999743062692703	0.5855530474040632
0.999743062692703	0.5856411800120409
0.999743062692703	0.5858175248419151
0.999743062692703	0.585905737087788
0.999743062692703	0.5859939759036145
0.999743062692703	0.5861705332931606
0.999743062692703	0.5862588518909145
0.999743062692703	0.5863471971066908
0.999743062692703	0.5864355689525245
0.999743062692703	0.5865239674404582
0.999743062692703	0.5866123925825418
0.999743062692703	0.5867008443908324
0.999743062692703	0.5868778280542987
0.999743062692703	0.586966359933625
0.999743062692703	0.5870549185274593
0.999743062692703	0.5871435038478949
0.999743062692703	0.587232115907033
0.999743062692703	0.5873207547169811
0.999743062692703	0.5874094202898551
0.999743062692703	0.5874981126377774
0.999743062692703	0.587675577707295
0.999743062692703	0.5877643504531722
0.999743062692703	0.587853150022662
0.999743062692703	0.5879419764279239
0.999743062692703	0.5880308296811244
0.999743062692703	0.5881197097944377
0.999743062692703	0.5882086167800453
0.999743062692703	0.5882975506501361
0.999743062692703	0.5883865114169061
0.999743062692703	0.588475499092559
0.999743062692703	0.5885645136893057
0.999743062692703	0.5887426236949614
0.999743062692703	0.5888317191283293
0.999743062692703	0.5889208415317088
0.999743062692703	0.5890099909173478
0.999743062692703	0.5890991672975019
0.999743062692703	0.5891883706844336
0.999743062692703	0.5892776010904135
0.999743062692703	0.5893668585277189
0.999743062692703	0.589456143008635
0.999743062692703	0.5895454545454546
0.999743062692703	0.5896347931504774
0.999743062692703	0.5897241588360109
0.999743062692703	0.5898135516143702
0.999743062692703	0.5899029714978775
0.999743062692703	0.5899924184988627
0.999743062692703	0.5900818926296634
0.999743062692703	0.590171393902624
0.999743062692703	0.5902609223300971
0.999743062692703	0.5903504779244424
0.999743062692703	0.5904400606980273
0.999743062692703	0.5905296706632266
0.999743062692703	0.5906193078324226
0.999743062692703	0.5907089722180051
0.999743062692703	0.5907986638323717
0.999743062692703	0.5908883826879271
0.999743062692703	0.5909781287970839
0.999743062692703	0.5910679021722619
0.999743062692703	0.5911577028258888
0.999743062692703	0.5912475307703996
0.999743062692703	0.591337386018237
0.999743062692703	0.5914272685818514
0.999743062692703	0.5915171784737002
0.999743062692703	0.591607115706249
0.999743062692703	0.5916970802919708
0.999743062692703	0.591787072243346
0.999743062692703	0.5918770915728628
0.999743062692703	0.5919671382930168
0.999743062692703	0.5920572124163116
0.999743062692703	0.592147313955258
0.999743062692703	0.5922374429223745
0.999743062692703	0.5923275993301872
0.999743062692703	0.5924177831912302
0.999743062692703	0.5925079945180448
0.999743062692703	0.5925982333231801
0.999743062692703	0.5926884996191927
0.999743062692703	0.5927787934186471
0.999743062692703	0.5928691147341155
0.999743062692703	0.5929594635781774
0.999743062692703	0.5930498399634202
0.999743062692703	0.593140243902439
0.999743062692703	0.5932306754078366
0.999743062692703	0.5933211344922232
0.999743062692703	0.5934116211682172
0.999743062692703	0.5935021354484442
0.999743062692703	0.5935926773455378
0.999743062692703	0.5936832468721391
0.999743062692703	0.5937738440408973
0.999743062692703	0.5938644688644689
0.999743062692703	0.5939551213555182
0.999743062692703	0.5940458015267176
0.999743062692703	0.5941365093907467
0.999743062692703	0.5942272449602932
0.999743062692703	0.5943180082480526
0.999743062692703	0.5944087992667277
0.999743062692703	0.5944996180290298
0.999743062692703	0.5945904645476773
0.999743062692703	0.5946813388353966
0.999743062692703	0.5947722409049221
0.999743062692703	0.5948631707689955
0.999743062692703	0.594954128440367
0.999743062692703	0.5950451139317938
0.999743062692703	0.5951361272560416
0.999743062692703	0.5952271684258834
0.999743062692703	0.5953182374541004
0.999743062692703	0.5954093343534812
0.999743062692703	0.5955004591368228
0.999743062692703	0.5955916118169294
0.999743062692703	0.5956827924066136
0.999743062692703	0.5957740009186955
0.999743062692703	0.595865237366003
0.999743062692703	0.5960477941176471
0.999743062692703	0.5961391144476789
0.999743062692703	0.5962304627643273
0.999743062692703	0.5963218390804598
0.999743062692703	0.5964132434089515
0.999743062692703	0.5965046757626858
0.999743062692703	0.5965961361545539
0.999743062692703	0.5966876245974544
0.999743062692703	0.5967791411042945
0.999743062692703	0.5969622583614606
0.999743062692703	0.59705385913764
0.999743062692703	0.5971454880294659
0.999743062692703	0.5972371450498849
0.999743062692703	0.5973288302118513
0.999743062692703	0.597420543528328
0.999743062692703	0.597512285012285
0.999743062692703	0.597604054676701
0.999743062692703	0.5976958525345623
0.999743062692703	0.5977876785988631
0.999743062692703	0.597879532882606
0.999743062692703	0.5979714153988013
0.999743062692703	0.5980633261604673
0.999743062692703	0.5981552651806303
0.999743062692703	0.5982472324723247
0.999743062692703	0.598339228048593
0.999743062692703	0.5984312519224854
0.999743062692703	0.5985233041070604
0.999743062692703	0.5986153846153847
0.999743062692703	0.5987074934605324
0.999743062692703	0.5987996306555863
0.999743062692703	0.5988917962136371
0.999743062692703	0.5989839901477833
0.999743062692703	0.5990762124711316
0.999743062692703	0.5991684631967971
0.999743062692703	0.5992607423379024
0.999743062692703	0.5993530499075785
0.999743062692703	0.5994453859189647
0.999743062692703	0.599537750385208
0.999743062692703	0.5996301433194637
0.999743062692703	0.5997225647348952
0.999743062692703	0.599815014644674
0.999743062692703	0.5999074930619797
0.999743062692703	0.6000925354719309
0.999743062692703	0.6001850994909764
0.999743062692703	0.6002776920703486
0.999743062692703	0.6003703132232681
0.999743062692703	0.600462962962963
0.999743062692703	0.6005556413026701
0.999743062692703	0.6006483482556344
0.999743062692703	0.6007410838351088
0.999743062692703	0.6008338480543546
0.999743062692703	0.6009266409266409
0.999743062692703	0.6010194624652456
0.999743062692703	0.6011123126834543
0.999743062692703	0.6012051915945612
0.999743062692703	0.6012980992118684
0.999743062692703	0.6013910355486862
0.999743062692703	0.6015769944341373
0.999743062692703	0.6016700170094325
0.999743062692703	0.6017630683575627
0.999743062692703	0.6018561484918794
0.999743062692703	0.6019492574257426
0.999743062692703	0.6020423951725205
0.999743062692703	0.6021355617455896
0.999743062692703	0.6022287571583346
0.999743062692703	0.6023219814241486
0.999743062692703	0.6024152345564329
0.999743062692703	0.602508516568597
0.999743062692703	0.6026018274740592
0.999743062692703	0.6027885360185903
0.999743062692703	0.6028819336845367
0.999743062692703	0.6029753602975361
0.999743062692703	0.6030688158710478
0.999743062692703	0.6031623004185398
0.999743062692703	0.6032558139534884
0.999743062692703	0.6033493564893782
0.999743062692703	0.6034429280397022
0.999743062692703	0.6035365286179618
0.999743062692703	0.6036301582376667
0.999743062692703	0.6037238169123351
0.999743062692703	0.6038175046554934
0.999743062692703	0.6039112214806767
0.999743062692703	0.6040049674014282
0.999743062692703	0.6040987424312995
0.999743062692703	0.6041925465838509
0.999743062692703	0.604286379872651
0.999743062692703	0.6043802423112767
0.999743062692703	0.6044741339133136
0.999743062692703	0.6045680546923555
0.999743062692703	0.6046620046620047
0.999743062692703	0.6047559838358719
0.999743062692703	0.6048499922275765
0.999743062692703	0.6049440298507462
0.999743062692703	0.6050380967190173
0.999743062692703	0.6051321928460343
0.999743062692703	0.6052263182454503
0.999743062692703	0.6053204729309272
0.999743062692703	0.605414656916135
0.999743062692703	0.6055088702147525
0.999743062692703	0.605603112840467
0.999743062692703	0.6056973848069739
0.999743062692703	0.6057916861279776
0.999743062692703	0.6058860168171909
0.999743062692703	0.6059803768883352
0.999743062692703	0.6060747663551402
0.999743062692703	0.6061691852313444
0.999743062692703	0.6062636335306949
0.999743062692703	0.6063581112669472
0.999743062692703	0.6064526184538653
0.999743062692703	0.6065471551052222
0.999743062692703	0.6066417212347989
0.999743062692703	0.6067363168563855
0.999743062692703	0.6068309419837804
0.999743062692703	0.6069255966307908
0.999743062692703	0.6070202808112325
0.999743062692703	0.6071149945389296
0.999743062692703	0.6072097378277154
0.999743062692703	0.6073045106914312
0.999743062692703	0.6073993131439276
0.999743062692703	0.6074941451990632
0.999743062692703	0.6075890068707058
0.999743062692703	0.6076838981727315
0.999743062692703	0.6077788191190253
0.999743062692703	0.6078737697234807
0.999743062692703	0.60796875
0.999743062692703	0.6080637599624942
0.999743062692703	0.6081587996248827
0.999743062692703	0.6082538690010942
0.999743062692703	0.6083489681050657
0.999743062692703	0.6084440969507428
0.999743062692703	0.6085392555520801
0.999743062692703	0.6086344439230408
0.999743062692703	0.608729662077597
0.999743062692703	0.6088249100297293
0.999743062692703	0.6089201877934273
0.999743062692703	0.609015495382689
0.999743062692703	0.6091108328115216
0.999743062692703	0.6092062000939408
0.999743062692703	0.6093015972439711
0.999743062692703	0.609397024275646
0.999743062692703	0.6094924812030075
0.999743062692703	0.6095879680401065
0.999743062692703	0.6096834848010029
0.999743062692703	0.609779031499765
0.999743062692703	0.6098746081504702
0.999743062692703	0.6099702147672049
0.999743062692703	0.6101615179551513
0.999743062692703	0.6102572145545797
0.999743062692703	0.6103529411764705
0.999743062692703	0.6104486978349545
0.999743062692703	0.6105444845441708
0.999743062692703	0.6108320251177394
0.999743062692703	0.6109279321714555
0.999743062692703	0.6110238693467337
0.999743062692703	0.6111198366577666
0.999743062692703	0.6112158341187559
0.999743062692703	0.611311861743912
0.999743062692703	0.6114079195474544
0.999743062692703	0.6115040075436114
0.999743062692703	0.6116001257466206
0.999743062692703	0.6116962741707279
0.999743062692703	0.6117924528301887
0.999743062692703	0.6118886617392671
0.999743062692703	0.6119849009122366
0.999743062692703	0.612081170363379
0.999743062692703	0.6121774701069855
0.999743062692703	0.6122738001573564
0.999743062692703	0.6123701605288008
0.999743062692703	0.6124665512356368
0.999743062692703	0.6125629722921915
0.999743062692703	0.6126594237128011
0.999743062692703	0.612755905511811
0.999743062692703	0.6128524177035753
0.999743062692703	0.6129489603024575
0.999743062692703	0.6130455333228297
0.999743062692703	0.6131421367790735
0.999743062692703	0.6132387706855792
0.999743062692703	0.6133354350567465
0.999743062692703	0.613432129906984
0.999743062692703	0.6135288552507095
0.999743062692703	0.6136256111023498
0.999743062692703	0.6137223974763407
0.999743062692703	0.6138192143871273
0.999743062692703	0.6139160618491638
0.999743062692703	0.6140129398769134
0.999743062692703	0.6141098484848485
0.999743062692703	0.6142067876874506
0.999743062692703	0.6143037574992106
0.999743062692703	0.6144007579346281
0.999743062692703	0.6144977890082123
0.999743062692703	0.6145948507344812
0.999743062692703	0.614691943127962
0.999743062692703	0.6147890662031916
0.999743062692703	0.6148862199747156
0.999743062692703	0.6150806196648752
0.999743062692703	0.6151778656126482
0.999743062692703	0.6152751423149905
0.999743062692703	0.6153724497864937
0.999743062692703	0.6154697880417589
0.999743062692703	0.6155671570953963
0.999743062692703	0.6156645569620253
0.999743062692703	0.6157619876562748
0.999743062692703	0.6158594491927826
0.999743062692703	0.615956941586196
0.999743062692703	0.6160544648511717
0.999743062692703	0.6161520190023753
0.999743062692703	0.6162496040544821
0.999743062692703	0.6163472200221765
0.999743062692703	0.6164448669201521
0.999743062692703	0.616542544763112
0.999743062692703	0.6166402535657686
0.999743062692703	0.6167379933428435
0.999743062692703	0.6168357641090678
0.999743062692703	0.6169335658791819
0.999743062692703	0.6170313986679353
0.999743062692703	0.6171292624900873
0.999743062692703	0.6172271573604061
0.999743062692703	0.6173250832936696
0.999743062692703	0.6174230403046652
0.999743062692703	0.6175210284081891
0.999743062692703	0.6176190476190476
0.999743062692703	0.6177170979520559
0.999743062692703	0.6179132920438304
0.999743062692703	0.6180114358322745
0.999743062692703	0.618109610802224
0.999743062692703	0.6182078169685414
0.999743062692703	0.6183060543460989
0.999743062692703	0.6184043229497775
0.999743062692703	0.6185026227944683
0.999743062692703	0.6186009538950715
0.999743062692703	0.6186993162664971
0.999743062692703	0.6187977099236641
0.999743062692703	0.6188961348815015
0.999743062692703	0.6189945911549475
0.999743062692703	0.6190930787589499
0.999743062692703	0.619191597708466
0.999743062692703	0.6192901480184625
0.999743062692703	0.6193887297039159
0.999743062692703	0.6194873427798121
0.999743062692703	0.6195859872611464
0.999743062692703	0.619684663162924
0.999743062692703	0.6197833705001593
0.999743062692703	0.6198821092878763
0.999743062692703	0.619980879541109
0.999743062692703	0.6200796812749004
0.999743062692703	0.6201785145043035
0.999743062692703	0.6202773792443806
0.999743062692703	0.6203762755102041
0.999743062692703	0.6205741626794259
0.999743062692703	0.6206731536130164
0.999743062692703	0.6207721761327377
0.999743062692703	0.6208712302537099
0.999743062692703	0.6209703159910629
0.999743062692703	0.6210694333599361
0.999743062692703	0.6211685823754789
0.999743062692703	0.62126776305285
0.999743062692703	0.6213669754072182
0.999743062692703	0.6214662194537613
0.999743062692703	0.6215654952076677
0.999743062692703	0.6216648026841348
0.999743062692703	0.62176414189837
0.999743062692703	0.6218635128655905
0.999743062692703	0.621962915601023
0.999743062692703	0.6220623501199041
0.999743062692703	0.62216181643748
0.999743062692703	0.6222613145690069
0.999743062692703	0.6223608445297505
0.999743062692703	0.6224604063349864
0.999743062692703	0.62256
0.999743062692703	0.6226596255400864
0.999743062692703	0.6227592829705506
0.999743062692703	0.6229586935638809
0.999743062692703	0.623058446757406
0.999743062692703	0.6231582319026265
0.999743062692703	0.6232580490148967
0.999743062692703	0.6233578981095803
0.999743062692703	0.6234577792020509
0.999743062692703	0.6235576923076923
0.999743062692703	0.6236576374418977
0.999743062692703	0.6237576146200705
0.999743062692703	0.6238576238576239
0.999743062692703	0.6239576651699807
0.999743062692703	0.6240577385725742
0.999743062692703	0.624157844080847
0.999743062692703	0.6242579817102519
0.999743062692703	0.6243581514762516
0.999743062692703	0.6244583533943188
0.999743062692703	0.6245585874799358
0.999743062692703	0.6246588537485953
0.999743062692703	0.6247591522157996
0.999743062692703	0.6248594828970612
0.999743062692703	0.6249598458079023
0.999743062692703	0.6250602409638554
0.999743062692703	0.6251606683804627
0.999743062692703	0.6252611280732766
0.999743062692703	0.6253616200578592
0.999743062692703	0.625462144349783
0.999743062692703	0.6255627009646302
0.999743062692703	0.6256632899179932
0.999743062692703	0.6257639112254745
0.999743062692703	0.6258645649026862
0.999743062692703	0.625965250965251
0.999743062692703	0.6260659694288013
0.999743062692703	0.6261667203089797
0.999743062692703	0.6262675036214389
0.999743062692703	0.6263683193818416
0.999743062692703	0.6264691676058606
0.999743062692703	0.6265700483091787
0.999743062692703	0.6266709615074891
0.999743062692703	0.6267719072164949
0.999743062692703	0.6268728854519091
0.999743062692703	0.6269738962294553
0.999743062692703	0.627074939564867
0.999743062692703	0.6271760154738878
0.999743062692703	0.6272771239722715
0.999743062692703	0.627378265075782
0.999743062692703	0.6274794388001935
0.999743062692703	0.6275806451612903
0.999743062692703	0.6276818841748669
0.999743062692703	0.627783155856728
0.999743062692703	0.6278844602226884
0.999743062692703	0.6279857972885733
0.999743062692703	0.6280871670702179
0.999743062692703	0.6281885695834679
0.999743062692703	0.628290004844179
0.999743062692703	0.6283914728682171
0.999743062692703	0.6284929736714586
0.999743062692703	0.6285945072697899
0.999743062692703	0.6286960736791081
0.999743062692703	0.62879767291532
0.999743062692703	0.628899304994343
0.999743062692703	0.6290009699321047
0.999743062692703	0.6291026677445433
0.999743062692703	0.6292043984476067
0.999743062692703	0.6293061620572538
0.999743062692703	0.6294079585894532
0.999743062692703	0.6295097880601844
0.999743062692703	0.6296116504854369
0.999743062692703	0.6297135458812105
0.999743062692703	0.6298154742635157
0.999743062692703	0.629917435648373
0.999743062692703	0.6300194300518135
0.999743062692703	0.6301214574898786
0.999743062692703	0.63022351797862
0.999743062692703	0.6303256115341002
0.999743062692703	0.6304277381723914
0.999743062692703	0.630529897909577
0.999743062692703	0.6306320907617504
0.999743062692703	0.6307343167450153
0.999743062692703	0.6308365758754864
0.999743062692703	0.6309388681692881
0.999743062692703	0.631041193642556
0.999743062692703	0.6311435523114355
0.999743062692703	0.631245944192083
0.999743062692703	0.6313483693006653
0.999743062692703	0.6314508276533592
0.999743062692703	0.6315533192663528
0.999743062692703	0.6316558441558442
0.999743062692703	0.6317584023380419
0.999743062692703	0.6318609938291653
0.999743062692703	0.6319636186454443
0.999743062692703	0.6320662768031189
0.999743062692703	0.6321689683184403
0.999743062692703	0.6322716932076698
0.999743062692703	0.6323744514870795
0.999743062692703	0.6324772431729518
0.999743062692703	0.6325800682815802
0.999743062692703	0.6326829268292683
0.999743062692703	0.6327858188323304
0.999743062692703	0.6328887443070917
0.999743062692703	0.6329917032698877
0.999743062692703	0.6330946957370648
0.999743062692703	0.6331977217249797
0.999743062692703	0.63330078125
0.999743062692703	0.633403874328504
0.999743062692703	0.6335070009768805
0.999743062692703	0.633610161211529
0.999743062692703	0.63371335504886
0.999743062692703	0.633816582505294
0.999743062692703	0.6339198435972629
0.999743062692703	0.634023138341209
0.999743062692703	0.6341264667535854
0.999743062692703	0.6342298288508558
0.999743062692703	0.6343332246494946
0.999743062692703	0.6344366541659873
0.999743062692703	0.6345401174168297
0.999743062692703	0.6346436144185288
0.999743062692703	0.634747145187602
0.999743062692703	0.6348507097405776
0.999743062692703	0.6349543080939948
0.999743062692703	0.6350579402644034
0.999743062692703	0.6351616062683644
0.999743062692703	0.635265306122449
0.999743062692703	0.6353690398432397
0.999743062692703	0.6354728074473297
0.999743062692703	0.6355766089513231
0.999743062692703	0.6356804443718347
0.999743062692703	0.6357843137254902
0.999743062692703	0.6358882170289263
0.999743062692703	0.6359921542987904
0.999743062692703	0.636096125551741
0.999743062692703	0.6362001308044474
0.999743062692703	0.6363041700735895
0.999743062692703	0.6364082433758587
0.999743062692703	0.6365123507279569
0.999743062692703	0.6366164921465969
0.999743062692703	0.6367206676485027
0.999743062692703	0.6368248772504091
0.999743062692703	0.6369291209690621
0.999743062692703	0.6370333988212181
0.999743062692703	0.637137710823645
0.999743062692703	0.6372420569931215
0.999743062692703	0.6373464373464374
0.999743062692703	0.6374508519003932
0.999743062692703	0.6375553006718008
0.999743062692703	0.6376597836774828
0.999743062692703	0.637764300934273
0.999743062692703	0.6378688524590164
0.999743062692703	0.6379734382685687
0.999743062692703	0.6380780583797967
0.999743062692703	0.6381827128095785
0.999743062692703	0.6382874015748031
0.999743062692703	0.6383921246923708
0.999743062692703	0.6384968821791926
0.999743062692703	0.638601674052191
0.999743062692703	0.6387065003282995
0.999743062692703	0.6388113610244623
0.999743062692703	0.6389162561576355
0.999743062692703	0.6390211857447857
0.999743062692703	0.639126149802891
0.999743062692703	0.6392311483489403
0.999743062692703	0.6393361813999343
0.999743062692703	0.6394412489728841
0.999743062692703	0.6395463510848126
0.999743062692703	0.6396514877527536
0.999743062692703	0.639756658993752
0.999743062692703	0.6398618648248643
0.999743062692703	0.6399671052631579
0.999743062692703	0.6400723803257115
0.999743062692703	0.640177690029615
0.999743062692703	0.6402830343919698
0.999743062692703	0.6403884134298881
0.999743062692703	0.6404938271604939
0.999743062692703	0.640599275600922
0.999743062692703	0.6407047587683188
0.999743062692703	0.6408102766798419
0.999743062692703	0.6409158293526602
0.999743062692703	0.6410214168039539
0.999743062692703	0.6411270390509145
0.999743062692703	0.6412326961107448
0.999743062692703	0.6413383880006593
0.999743062692703	0.6414441147378833
0.999743062692703	0.6415498763396538
0.999743062692703	0.641655672823219
0.999743062692703	0.6417615042058387
0.999743062692703	0.6418673705047839
0.999743062692703	0.6419732717373371
0.999743062692703	0.6420792079207921
0.999743062692703	0.6421851790724542
0.999743062692703	0.6423972263496781
0.999743062692703	0.6425033025099075
0.999743062692703	0.6426094137076797
0.999743062692703	0.6427155599603568
0.999743062692703	0.6428217412853131
0.999743062692703	0.6429279576999339
0.999743062692703	0.6430342092216162
0.999743062692703	0.6431404958677686
0.999743062692703	0.6432468176558109
0.999743062692703	0.6433531746031746
0.999743062692703	0.6434595667273028
0.999743062692703	0.6435659940456501
0.999743062692703	0.6436724565756824
0.999743062692703	0.6437789543348775
0.999743062692703	0.6438854873407248
0.999743062692703	0.6439920556107249
0.999743062692703	0.6440986591623903
0.999743062692703	0.644205298013245
0.999743062692703	0.6443119721808246
0.999743062692703	0.6444186816826764
0.999743062692703	0.6445254265363591
0.999743062692703	0.6446322067594433
0.999743062692703	0.6447390223695112
0.999743062692703	0.6448458733841564
0.999743062692703	0.6449527598209845
0.999743062692703	0.6450596816976127
0.999743062692703	0.6451666390316697
0.999743062692703	0.645273631840796
0.999743062692703	0.6454877239548772
0.999743062692703	0.6455948232951717
0.999743062692703	0.6457019581812148
0.999743062692703	0.6458091286307054
0.999743062692703	0.6459163346613546
0.999743062692703	0.6460235762908849
0.999743062692703	0.6461308535370309
0.999743062692703	0.6462381664175386
0.999743062692703	0.6463455149501661
0.999743062692703	0.6464528991526832
0.999743062692703	0.6465603190428714
0.999743062692703	0.6466677746385242
0.999743062692703	0.6467752659574468
0.999743062692703	0.6468827930174563
0.999743062692703	0.6469903558363818
0.999743062692703	0.6470979544320639
0.999743062692703	0.6472055888223552
0.999743062692703	0.6473132590251206
0.999743062692703	0.6474209650582363
0.999743062692703	0.6476364846870839
0.999743062692703	0.6477442983186282
0.999743062692703	0.6478521478521478
0.999743062692703	0.6480679546968687
0.999743062692703	0.6481759120439781
0.999743062692703	0.6482839053648783
0.999743062692703	0.6483919346775537
0.999743062692703	0.6486081013502251
0.999743062692703	0.6487162387462487
0.999743062692703	0.6488244122061031
0.999743062692703	0.6489326217478318
0.999743062692703	0.6490408673894913
0.999743062692703	0.6491491491491491
0.999743062692703	0.6492574670448857
0.999743062692703	0.649365821094793
0.999743062692703	0.6494742113169755
0.999743062692703	0.6495826377295493
0.999743062692703	0.6496911003506428
0.999743062692703	0.6497995991983968
0.999743062692703	0.6499081342909637
0.999743062692703	0.6500167056465085
0.999743062692703	0.650125313283208
0.999743062692703	0.6502339572192514
0.999743062692703	0.6503426374728397
0.999743062692703	0.6504513540621866
0.999743062692703	0.6505601070055175
0.999743062692703	0.6506688963210703
0.999743062692703	0.6507777220270948
0.999743062692703	0.6508865841418534
0.999743062692703	0.6509954826836205
0.999743062692703	0.6511044176706827
0.999743062692703	0.6512133891213389
0.999743062692703	0.6513223970539003
0.999743062692703	0.6514314414866901
0.999743062692703	0.6515405224380442
0.999743062692703	0.6516496399263105
0.999743062692703	0.6517587939698493
0.999743062692703	0.651867984587033
0.999743062692703	0.6519772117962467
0.999743062692703	0.6520864756158874
0.999743062692703	0.6521957760643647
0.999743062692703	0.6523051131601005
0.999743062692703	0.6524144869215291
0.999743062692703	0.6525238973670971
0.999743062692703	0.6526333445152633
0.999743062692703	0.6527428283844993
0.999743062692703	0.6528523489932886
0.999743062692703	0.6529619063601275
0.999743062692703	0.6530715005035247
0.999743062692703	0.653181131442001
0.999743062692703	0.6532907991940899
0.999743062692703	0.6534005037783376
0.999743062692703	0.653510245213302
0.999743062692703	0.6536200235175542
0.999743062692703	0.6537298387096774
0.999743062692703	0.6538396908082675
0.999743062692703	0.6539495798319328
0.999743062692703	0.654059505799294
0.999743062692703	0.6541694687289845
0.999743062692703	0.6542794686396503
0.999743062692703	0.6543895055499496
0.999743062692703	0.6544995794785534
0.999743062692703	0.6546096904441454
0.999743062692703	0.6547198384654215
0.999743062692703	0.6548300235610905
0.999743062692703	0.6549402457498738
0.999743062692703	0.6550505050505051
0.999743062692703	0.655160801481731
0.999743062692703	0.6552711350623105
0.999743062692703	0.6553815058110156
0.999743062692703	0.6554919137466307
0.999743062692703	0.6556023588879528
0.999743062692703	0.6557128412537917
0.999743062692703	0.6558233608629699
0.999743062692703	0.6559339177343223
0.999743062692703	0.656044511886697
0.999743062692703	0.6561551433389544
0.999743062692703	0.6562658121099679
0.999743062692703	0.6563765182186235
0.999743062692703	0.6564872616838198
0.999743062692703	0.6565980425244684
0.999743062692703	0.6567088607594936
0.999743062692703	0.6568197164078325
0.999743062692703	0.656930609488435
0.999743062692703	0.6570415400202634
0.999743062692703	0.6571525080222935
0.999743062692703	0.6572635135135135
0.999743062692703	0.6573745565129245
0.999743062692703	0.6574856370395404
0.999743062692703	0.657596755112388
0.999743062692703	0.657707910750507
0.999743062692703	0.6578191039729502
0.999743062692703	0.6579303347987826
0.999743062692703	0.6580416032470827
0.999743062692703	0.6581529093369418
0.999743062692703	0.6582642530874641
0.999743062692703	0.6583756345177665
0.999743062692703	0.6584870536469792
0.999743062692703	0.6585985104942451
0.999743062692703	0.6587100050787201
0.999743062692703	0.6588215374195733
0.999743062692703	0.6589331075359864
0.999743062692703	0.6590447154471545
0.999743062692703	0.6591563611722853
0.999743062692703	0.6592680447305997
0.999743062692703	0.659379766141332
0.999743062692703	0.6594915254237288
0.999743062692703	0.6596033225970503
0.999743062692703	0.6597151576805697
0.999743062692703	0.659827030693573
0.999743062692703	0.6599389416553596
0.999743062692703	0.6600508905852417
0.999743062692703	0.660162877502545
0.999743062692703	0.6602749024266078
0.999743062692703	0.6603869653767821
0.999743062692703	0.6604990663724325
0.999743062692703	0.6606112054329372
0.999743062692703	0.6607233825776873
0.999743062692703	0.6608355978260869
0.999743062692703	0.660947851197554
0.999743062692703	0.6610601427115188
0.999743062692703	0.6611724723874257
0.999743062692703	0.6612848402447314
0.999743062692703	0.6613972463029066
0.999743062692703	0.6615096905814349
0.999743062692703	0.661622173099813
0.999743062692703	0.661734693877551
0.999743062692703	0.6618472529341725
0.999743062692703	0.6620724859622257
0.999743062692703	0.6621851599727706
0.999743062692703	0.6622978723404256
0.999743062692703	0.6624106230847804
0.999743062692703	0.6625234122254384
0.999743062692703	0.6626362397820164
0.999743062692703	0.6627491057741441
0.999743062692703	0.6628620102214651
0.999743062692703	0.6629749531436361
0.999743062692703	0.6630879345603272
0.999743062692703	0.6632009544912221
0.999743062692703	0.6633140129560178
0.999743062692703	0.6634271099744246
0.999743062692703	0.6635402455661664
0.999743062692703	0.6636534197509807
0.999743062692703	0.6637666325486182
0.999743062692703	0.6638798839788432
0.999743062692703	0.6639931740614334
0.999743062692703	0.6641065028161802
0.999743062692703	0.6642198702628883
0.999743062692703	0.6643332764213762
0.999743062692703	0.6644467213114754
0.999743062692703	0.6645602049530316
0.999743062692703	0.6646737273659037
0.999743062692703	0.6647872885699642
0.999743062692703	0.6649008885850991
0.999743062692703	0.6650145274312084
0.999743062692703	0.6651282051282051
0.999743062692703	0.6652419216960164
0.999743062692703	0.6653556771545828
0.999743062692703	0.6654694715238584
0.999743062692703	0.6655833048238111
0.999743062692703	0.6656971770744226
0.999743062692703	0.6658110882956879
0.999743062692703	0.665925038507616
0.999743062692703	0.6660390277302294
0.999743062692703	0.6661530559835644
0.999743062692703	0.6662671232876712
0.999743062692703	0.6663812296626135
0.999743062692703	0.6664953751284687
0.999743062692703	0.6666095597053281
0.999743062692703	0.6667237834132967
0.999743062692703	0.6668380462724935
0.999743062692703	0.6669523483030511
0.999743062692703	0.6670666895251157
0.999743062692703	0.6671810699588477
0.999743062692703	0.6672954896244212
0.999743062692703	0.6674099485420241
0.999743062692703	0.667524446731858
0.999743062692703	0.6676389842141386
0.999743062692703	0.6677535610090956
0.999743062692703	0.6678681771369722
0.999743062692703	0.6679828326180257
0.999743062692703	0.6680975274725275
0.999743062692703	0.6683270353830298
0.999743062692703	0.6684418484796427
0.999743062692703	0.6685567010309278
0.999743062692703	0.6686715930572263
0.999743062692703	0.6687865245788931
0.999743062692703	0.6689014956162971
0.999743062692703	0.6690165061898212
0.999743062692703	0.6691315563198624
0.999743062692703	0.6692466460268318
0.999743062692703	0.6693617753311543
0.999743062692703	0.6694769442532691
0.999743062692703	0.6695921528136293
0.999743062692703	0.6697074010327022
0.999743062692703	0.6698226889309692
0.999743062692703	0.6699380165289256
0.999743062692703	0.6700533838470811
0.999743062692703	0.6701687909059594
0.999743062692703	0.6702842377260982
0.999743062692703	0.6703997243280496
0.999743062692703	0.6705152507323798
0.999743062692703	0.6706308169596691
0.999743062692703	0.6708620689655173
0.999743062692703	0.6709777547853079
0.999743062692703	0.6710934805105209
0.999743062692703	0.6712092461618079
0.999743062692703	0.6713250517598344
0.999743062692703	0.6714408973252805
0.999743062692703	0.6715567828788401
0.999743062692703	0.6716727084412222
0.999743062692703	0.6717886740331491
0.999743062692703	0.6719046796753583
0.999743062692703	0.672020725388601
0.999743062692703	0.6721368111936431
0.999743062692703	0.6722529371112647
0.999743062692703	0.6723691031622603
0.999743062692703	0.6724853093674387
0.999743062692703	0.6726015557476231
0.999743062692703	0.6727178423236515
0.999743062692703	0.6728341691163756
0.999743062692703	0.672950536146662
0.999743062692703	0.6730669434353918
0.999743062692703	0.6731833910034603
0.999743062692703	0.6732998788717771
0.999743062692703	0.6734164070612668
0.999743062692703	0.6735329755928683
0.999743062692703	0.6736495844875346
0.999743062692703	0.6737662337662338
0.999743062692703	0.673882923449948
0.999743062692703	0.6739996535596744
0.999743062692703	0.6741164241164241
0.999743062692703	0.6742332351412234
0.999743062692703	0.6743500866551126
0.999743062692703	0.6744669786791472
0.999743062692703	0.6745839112343966
0.999743062692703	0.6747008843419455
0.999743062692703	0.6748178980228928
0.999743062692703	0.6749349522983521
0.999743062692703	0.6750520471894518
0.999743062692703	0.6751691827173347
0.999743062692703	0.6752863589031586
0.999743062692703	0.6754035757680958
0.999743062692703	0.6755208333333333
0.999743062692703	0.6756381316200729
0.999743062692703	0.6757554706495311
0.999743062692703	0.675872850442939
0.999743062692703	0.6759902710215427
0.999743062692703	0.6761077324066029
0.999743062692703	0.6762252346193952
0.999743062692703	0.6763427776812098
0.999743062692703	0.6764603616133519
0.999743062692703	0.6765779864371414
0.999743062692703	0.676695652173913
0.999743062692703	0.6768133588450165
0.999743062692703	0.6769311064718163
0.999743062692703	0.6770488950756917
0.999743062692703	0.6771667246780368
0.999743062692703	0.6772845953002611
0.999743062692703	0.6774025069637883
0.999743062692703	0.6775204596900575
0.999743062692703	0.6776384535005224
0.999743062692703	0.6777564884166521
0.999743062692703	0.6778745644599303
0.999743062692703	0.6779926816518558
0.999743062692703	0.6781108400139422
0.999743062692703	0.6782290395677183
0.999743062692703	0.678347280334728
0.999743062692703	0.6784655623365301
0.999743062692703	0.6785838855946983
0.999743062692703	0.6787022501308215
0.999743062692703	0.6788206559665039
0.999743062692703	0.6789391031233641
0.999743062692703	0.6790575916230367
0.999743062692703	0.6791761214871705
0.999743062692703	0.6792946927374302
0.999743062692703	0.679413305395495
0.999743062692703	0.6795319594830598
0.999743062692703	0.6796506550218341
0.999743062692703	0.679769392033543
0.999743062692703	0.6798881705399266
0.999743062692703	0.6800069905627403
0.999743062692703	0.6801258521237545
0.999743062692703	0.6802447552447553
0.999743062692703	0.6803636999475433
0.999743062692703	0.6804826862539349
0.999743062692703	0.6806017141857618
0.999743062692703	0.6807207837648706
0.999743062692703	0.6808398950131234
0.999743062692703	0.6809590479523976
0.999743062692703	0.681078242604586
0.999743062692703	0.6811974789915967
0.999743062692703	0.6813167571353528
0.999743062692703	0.6814360770577933
0.999743062692703	0.6815554387808723
0.999743062692703	0.6816748423265592
0.999743062692703	0.6817942877168389
0.999743062692703	0.6819137749737119
0.999743062692703	0.6820333041191937
0.999743062692703	0.6821528751753155
0.999743062692703	0.6822724881641241
0.999743062692703	0.6823921431076815
0.999743062692703	0.6825118400280652
0.999743062692703	0.6826315789473684
0.999743062692703	0.6827513598876996
0.999743062692703	0.6828711828711829
0.999743062692703	0.6829910479199579
0.999743062692703	0.6831109550561798
0.999743062692703	0.6832309043020193
0.999743062692703	0.6833508956796628
0.999743062692703	0.6834709292113121
0.999743062692703	0.6835910049191848
0.999743062692703	0.6837111228255139
0.999743062692703	0.6838312829525484
0.999743062692703	0.6839514853225523
0.999743062692703	0.6840717299578059
0.999743062692703	0.6841920168806049
0.999743062692703	0.6843123461132606
0.999743062692703	0.6844327176781002
0.999743062692703	0.6845531315974666
0.999743062692703	0.6846735878937181
0.999743062692703	0.6847940865892291
0.999743062692703	0.6849146277063897
0.999743062692703	0.6850352112676056
0.999743062692703	0.6851558372952985
0.999743062692703	0.6852765058119056
0.999743062692703	0.6853972168398802
0.999743062692703	0.6855179704016914
0.999743062692703	0.6856387665198238
0.999743062692703	0.6857596052167783
0.999743062692703	0.6858804865150714
0.999743062692703	0.6860014104372355
0.999743062692703	0.6861223770058191
0.999743062692703	0.6862433862433862
0.999743062692703	0.6863644381725172
0.999743062692703	0.686485532815808
0.999743062692703	0.6866066701958708
0.999743062692703	0.6867278503353336
0.999743062692703	0.6868490732568402
0.999743062692703	0.6869703389830508
0.999743062692703	0.6870916475366413
0.999743062692703	0.6872129989403037
0.999743062692703	0.6873343932167462
0.999743062692703	0.6874558303886926
0.999743062692703	0.6875773104788832
0.999743062692703	0.6876988335100742
0.999743062692703	0.687942008486563
0.999743062692703	0.6880636604774536
0.999743062692703	0.6881853555005306
0.999743062692703	0.6883070935786308
0.999743062692703	0.6884288747346072
0.999743062692703	0.6885506989913289
0.999743062692703	0.6886725663716814
0.999743062692703	0.6887944768985661
0.999743062692703	0.6889164305949008
0.999743062692703	0.6890384274836197
0.999743062692703	0.6891604675876727
0.999743062692703	0.6892825509300265
0.999743062692703	0.6894046775336641
0.999743062692703	0.6895268474215842
0.999743062692703	0.6896490606168025
0.999743062692703	0.6897713171423506
0.999743062692703	0.6898936170212766
0.999743062692703	0.6900159602766448
0.999743062692703	0.690138346931536
0.999743062692703	0.6902607770090473
0.999743062692703	0.6903832505322924
0.999743062692703	0.6905057675244011
0.999743062692703	0.6906283280085197
0.999743062692703	0.6907509320078111
0.999743062692703	0.6908735795454546
0.999743062692703	0.6909962706446457
0.999743062692703	0.6911190053285968
0.999743062692703	0.6912417836205365
0.999743062692703	0.69136460554371
0.999743062692703	0.6914874711213791
0.999743062692703	0.6916103803768219
0.999743062692703	0.6917333333333333
0.999743062692703	0.6918563300142248
0.999743062692703	0.6919793704428241
0.999743062692703	0.692102454642476
0.999743062692703	0.6922255826365415
0.999743062692703	0.6923487544483986
0.999743062692703	0.6924719701014416
0.999743062692703	0.6925952296190815
0.999743062692703	0.6927185330247463
0.999743062692703	0.6928418803418803
0.999743062692703	0.6929652715939448
0.999743062692703	0.6930887068044175
0.999743062692703	0.6932121859967931
0.999743062692703	0.693335709194583
0.999743062692703	0.6934592764213152
0.999743062692703	0.6935828877005348
0.999743062692703	0.6937065430558031
0.999743062692703	0.693830242510699
0.999743062692703	0.6939539860888175
0.999743062692703	0.694077773813771
0.999743062692703	0.6942016057091882
0.999743062692703	0.6943254817987152
0.999743062692703	0.6944494021060147
0.999743062692703	0.6945733666547661
0.999743062692703	0.6946973754686663
0.999743062692703	0.6948214285714286
0.999743062692703	0.6949455259867834
0.999743062692703	0.695069667738478
0.999743062692703	0.695193853850277
0.999743062692703	0.6953180843459614
0.999743062692703	0.6954423592493297
0.999743062692703	0.6955666785841974
0.999743062692703	0.6956910423743966
0.999743062692703	0.6958154506437768
0.999743062692703	0.6959399034162046
0.999743062692703	0.6960644007155635
0.999743062692703	0.6961889425657541
0.999743062692703	0.6963135289906943
0.999743062692703	0.6964381600143189
0.999743062692703	0.69656283566058
0.999743062692703	0.6966875559534468
0.999743062692703	0.6968123209169055
0.999743062692703	0.6969371305749597
0.999743062692703	0.6970619849516302
0.999743062692703	0.697186884070955
0.999743062692703	0.6973118279569892
0.999743062692703	0.6974368166338053
0.999743062692703	0.697561850125493
0.999743062692703	0.6976869284561592
0.999743062692703	0.6978120516499282
0.999743062692703	0.6979372197309417
0.999743062692703	0.6980624327233584
0.999743062692703	0.6981876906513548
0.999743062692703	0.6983129935391242
0.999743062692703	0.6984383414108778
0.999743062692703	0.6985637342908438
0.999743062692703	0.6986891722032681
0.999743062692703	0.6988146551724138
0.999743062692703	0.6989401832225616
0.999743062692703	0.6990657563780094
0.999743062692703	0.6991913746630728
0.999743062692703	0.6993170381020848
0.999743062692703	0.699442746719396
0.999743062692703	0.6995685005393744
0.999743062692703	0.6996942995864053
0.999743062692703	0.6998201438848921
0.999743062692703	0.6999460334592552
0.999743062692703	0.700071968333933
0.999743062692703	0.7001979485333814
0.999743062692703	0.7003239740820735
0.999743062692703	0.7004500450045005
0.999743062692703	0.7005761613251711
0.999743062692703	0.7007023230686116
0.999743062692703	0.700828530259366
0.999743062692703	0.7009547829219961
0.999743062692703	0.701081081081081
0.999743062692703	0.7012074247612182
0.999743062692703	0.7013338139870223
0.999743062692703	0.701460248783126
0.999743062692703	0.7015867291741796
0.999743062692703	0.7017132551848512
0.999743062692703	0.7018398268398268
0.999743062692703	0.7019664441638103
0.999743062692703	0.702093107181523
0.999743062692703	0.7022198159177044
0.999743062692703	0.7023465703971119
0.999743062692703	0.7024733706445206
0.999743062692703	0.7026002166847237
0.999743062692703	0.7027271085425321
0.999743062692703	0.7028540462427746
0.999743062692703	0.7029810298102981
0.999743062692703	0.7031080592699674
0.999743062692703	0.7032351346466654
0.999743062692703	0.7033622559652929
0.999743062692703	0.7034894232507684
0.999743062692703	0.703616636528029
0.999743062692703	0.7037438958220293
0.999743062692703	0.7038712011577424
0.999743062692703	0.7039985525601592
0.999743062692703	0.7041259500542888
0.999743062692703	0.7042533936651584
0.999743062692703	0.7043808834178131
0.999743062692703	0.7045084193373167
0.999743062692703	0.7046360014487505
0.999743062692703	0.7047636297772143
0.999743062692703	0.7048913043478261
0.999743062692703	0.705019025185722
0.999743062692703	0.7051467923160566
0.999743062692703	0.7052746057640021
0.999743062692703	0.7054024655547498
0.999743062692703	0.7055303717135086
0.999743062692703	0.705658324265506
0.999743062692703	0.7057863232359877
0.999743062692703	0.7059143686502177
0.999743062692703	0.7060424605334785
0.999743062692703	0.7061705989110708
0.999743062692703	0.7062987838083137
0.999743062692703	0.7064270152505446
0.999743062692703	0.7065552932631197
0.999743062692703	0.706683617871413
0.999743062692703	0.7068119891008174
0.999743062692703	0.7069404069767442
0.999743062692703	0.7070688715246229
0.999743062692703	0.7071973827699018
0.999743062692703	0.7073259407380477
0.999743062692703	0.7074545454545454
0.999743062692703	0.707583196944899
0.999743062692703	0.7077118952346307
0.999743062692703	0.7078406403492814
0.999743062692703	0.7079694323144105
0.999743062692703	0.708098271155596
0.999743062692703	0.7082271568984346
0.999743062692703	0.7083560895685418
0.999743062692703	0.7084850691915513
0.999743062692703	0.708614095793116
0.999743062692703	0.7087431693989071
0.999743062692703	0.7088722900346147
0.999743062692703	0.7090014577259475
0.999743062692703	0.7091306724986332
0.999743062692703	0.7092599343784178
0.999743062692703	0.7093892433910666
0.999743062692703	0.7095185995623632
0.999743062692703	0.7096480029181105
0.999743062692703	0.7097774534841299
0.999743062692703	0.7099069512862616
0.999743062692703	0.7100364963503649
0.999743062692703	0.7101660887023179
0.999743062692703	0.7102957283680176
0.999743062692703	0.7104254153733796
0.999743062692703	0.710555149744339
0.999743062692703	0.7106849315068493
0.999743062692703	0.7108147606868834
0.999743062692703	0.710944637310433
0.999743062692703	0.7110745614035088
0.999743062692703	0.7112045329921404
0.999743062692703	0.7113345521023766
0.999743062692703	0.7114646187602852
0.999743062692703	0.7115947329919532
0.999743062692703	0.7117248948234863
0.999743062692703	0.7118551042810098
0.999743062692703	0.7119853613906679
0.999743062692703	0.7121156661786238
0.999743062692703	0.7122460186710599
0.999743062692703	0.7123764188941779
0.999743062692703	0.7125068668741988
0.999743062692703	0.7126373626373627
0.999743062692703	0.7127679062099286
0.999743062692703	0.7128984976181751
0.999743062692703	0.7130291368884002
0.999743062692703	0.7131598240469208
0.999743062692703	0.7132905591200733
0.999743062692703	0.7134213421342134
0.999743062692703	0.7135521731157162
0.999743062692703	0.7136830520909758
0.999743062692703	0.7138139790864062
0.999743062692703	0.7139449541284404
0.999743062692703	0.7140759772435309
0.999743062692703	0.7142070484581498
0.999743062692703	0.7143381677987883
0.999743062692703	0.7144693352919574
0.999743062692703	0.7146005509641873
0.999743062692703	0.714731814842028
0.999743062692703	0.7148631269520485
0.999743062692703	0.7149944873208379
0.999743062692703	0.7151258959750046
0.999743062692703	0.7152573529411764
0.999743062692703	0.7153888582460011
0.999743062692703	0.7155204119161457
0.999743062692703	0.7156520139782968
0.999743062692703	0.7157836644591612
0.999743062692703	0.7159153633854646
0.999743062692703	0.7160471107839529
0.999743062692703	0.7161789066813915
0.999743062692703	0.7163107511045655
0.999743062692703	0.7164426440802799
0.999743062692703	0.7165745856353591
0.999743062692703	0.7167065757966476
0.999743062692703	0.7168386145910096
0.999743062692703	0.7169707020453289
0.999743062692703	0.7171028381865094
0.999743062692703	0.7173672566371682
0.999743062692703	0.7174995390005532
0.999743062692703	0.7176318701586131
0.999743062692703	0.7177642501383509
0.999743062692703	0.7178966789667897
0.999743062692703	0.7180291566709726
0.999743062692703	0.7181616832779624
0.999743062692703	0.7182942588148422
0.999743062692703	0.718426883308715
0.999743062692703	0.7185595567867036
0.999743062692703	0.7186922792759513
0.999743062692703	0.7188250508036209
0.999743062692703	0.7189578713968958
0.999743062692703	0.7190907410829791
0.999743062692703	0.7192236598890943
0.999743062692703	0.7193566278424848
0.999743062692703	0.7194896449704142
0.999743062692703	0.7196227113001664
0.999743062692703	0.7197558268590455
0.999743062692703	0.7198889916743756
0.999743062692703	0.7200222057735011
0.999743062692703	0.7201554691837868
0.999743062692703	0.7202887819326176
0.999743062692703	0.7204221440473987
0.999743062692703	0.7205555555555555
0.999743062692703	0.7206890164845342
0.999743062692703	0.7208225268618007
0.999743062692703	0.7209560867148416
0.999743062692703	0.7210896960711638
0.999743062692703	0.7212233549582947
0.999743062692703	0.721357063403782
0.999743062692703	0.7214908214351937
0.999743062692703	0.7216246290801187
0.999743062692703	0.7217584863661658
0.999743062692703	0.7218923933209648
0.999743062692703	0.7220263499721655
0.999743062692703	0.7221603563474388
0.999743062692703	0.7222944124744756
0.999743062692703	0.7224285183809878
0.999743062692703	0.7225626740947075
0.999743062692703	0.7226968796433878
0.999743062692703	0.7228311350548021
0.999743062692703	0.7229654403567447
0.999743062692703	0.7230997955770303
0.999743062692703	0.7232342007434944
0.999743062692703	0.7233686558839934
0.999743062692703	0.7235031610264039
0.999743062692703	0.7236377161986237
0.999743062692703	0.7237723214285714
0.999743062692703	0.723906976744186
0.999743062692703	0.7240416821734276
0.999743062692703	0.724176437744277
0.999743062692703	0.7243112434847356
0.999743062692703	0.7244460994228263
0.999743062692703	0.7245810055865922
0.999743062692703	0.7247159620040976
0.999743062692703	0.7248509687034277
0.999743062692703	0.7249860257126887
0.999743062692703	0.7251211330600075
0.999743062692703	0.7252562907735322
0.999743062692703	0.7253914988814317
0.999743062692703	0.7255267574118963
0.999743062692703	0.7256620663931369
0.999743062692703	0.7257974258533856
0.999743062692703	0.7259328358208955
0.999743062692703	0.726068296323941
0.999743062692703	0.7262038073908175
0.999743062692703	0.7263393690498413
0.999743062692703	0.7264749813293503
0.999743062692703	0.726610644257703
0.999743062692703	0.7267463578632798
0.999743062692703	0.7268821221744816
0.999743062692703	0.727017937219731
0.999743062692703	0.7271538030274715
0.999743062692703	0.7272897196261682
0.999743062692703	0.7274256870443073
0.999743062692703	0.7275617053103964
0.999743062692703	0.7276977744529642
0.999743062692703	0.7278338945005611
0.999743062692703	0.7279700654817587
0.999743062692703	0.7281062874251497
0.999743062692703	0.7282425603593486
0.999743062692703	0.7283788843129914
0.999743062692703	0.728515259314735
0.999743062692703	0.7286516853932584
0.999743062692703	0.7287881625772616
0.999743062692703	0.7289246908954665
0.999743062692703	0.729061270376616
0.999743062692703	0.7291979010494752
0.999743062692703	0.7293345829428304
0.999743062692703	0.7294713160854893
0.999743062692703	0.7296081005062817
0.999743062692703	0.7297449362340586
0.999743062692703	0.7298818232976927
0.999743062692703	0.7300187617260788
0.999743062692703	0.7301557515481328
0.999743062692703	0.7302927927927928
0.999743062692703	0.7304298854890182
0.999743062692703	0.7305670296657905
0.999743062692703	0.7307042253521127
0.999743062692703	0.7308414725770098
0.999743062692703	0.7309787713695285
0.999743062692703	0.7311161217587373
0.999743062692703	0.7312535237737268
0.999743062692703	0.731390977443609
0.999743062692703	0.7315284827975184
0.999743062692703	0.7316660398646108
0.999743062692703	0.7318036486740643
0.999743062692703	0.731941309255079
0.999743062692703	0.7320790216368768
0.999743062692703	0.7322167858487015
0.999743062692703	0.7323546019198193
0.999743062692703	0.7324924698795181
0.999743062692703	0.7326303897571079
0.999743062692703	0.7327683615819209
0.999743062692703	0.7329063853833113
0.999743062692703	0.7330444611906556
0.999743062692703	0.7331825890333522
0.999743062692703	0.7333207689408218
0.999743062692703	0.733459000942507
0.999743062692703	0.7335972850678733
0.999743062692703	0.7337356213464077
0.999743062692703	0.7338740098076197
0.999743062692703	0.7340124504810414
0.999743062692703	0.7341509433962264
0.999743062692703	0.7342894885827514
0.999743062692703	0.7344280860702151
0.999743062692703	0.7345667358882386
0.999743062692703	0.7347054380664653
0.999743062692703	0.7348441926345609
0.999743062692703	0.7349829996222138
0.999743062692703	0.7351218590591347
0.999743062692703	0.7352607709750567
0.999743062692703	0.7353997353997354
0.999743062692703	0.735538752362949
0.999743062692703	0.735677821894498
0.999743062692703	0.7358169440242057
0.999743062692703	0.7359561187819179
0.999743062692703	0.7360953461975028
0.999743062692703	0.7362346263008515
0.999743062692703	0.7363739591218774
0.999743062692703	0.7365133446905168
0.999743062692703	0.7366527830367285
0.999743062692703	0.7367922741904942
0.999743062692703	0.7369318181818182
0.999743062692703	0.7370714150407274
0.999743062692703	0.7372110647972717
0.999743062692703	0.7373507674815236
0.999743062692703	0.7374905231235784
0.999743062692703	0.7376303317535545
0.999743062692703	0.7377701934015927
0.999743062692703	0.737910108097857
0.999743062692703	0.7380500758725341
0.999743062692703	0.7381900967558338
0.999743062692703	0.7383301707779886
0.999743062692703	0.7384702979692541
0.999743062692703	0.7386104783599089
0.999743062692703	0.7387507119802544
0.999743062692703	0.7388909988606153
0.999743062692703	0.739031339031339
0.999743062692703	0.7391717325227963
0.999743062692703	0.739312179365381
0.999743062692703	0.7394526795895097
0.999743062692703	0.7395932332256225
0.999743062692703	0.7397338403041825
0.999743062692703	0.739874500855676
0.999743062692703	0.7400152149106124
0.999743062692703	0.7401559824995244
0.999743062692703	0.740296803652968
0.999743062692703	0.7404376784015224
0.999743062692703	0.7405786067757899
0.999743062692703	0.7407195888063963
0.999743062692703	0.7408606245239908
0.999743062692703	0.7410017139592459
0.999743062692703	0.7411428571428571
0.999743062692703	0.7412840541055439
0.999743062692703	0.7414253048780488
0.999743062692703	0.7415666094911378
0.999743062692703	0.7417079679756005
0.999743062692703	0.7418493803622498
0.9994861253854059	0.7418001525553013
0.9994861253854059	0.7419416364676712
0.9994861253854059	0.742083174360931
0.9994861253854059	0.7422247662659798
0.9994861253854059	0.7423664122137404
0.9994861253854059	0.7425081122351593
0.9994861253854059	0.7426498663612066
0.9994861253854059	0.7427916746228757
0.9994861253854059	0.7429335370511841
0.9994861253854059	0.7430754536771729
0.9994861253854059	0.7432174245319068
0.9994861253854059	0.7433594496464743
0.9994861253854059	0.7435015290519877
0.9994861253854059	0.7436436627795833
0.9994861253854059	0.7437858508604207
0.9994861253854059	0.7439280933256837
0.9994861253854059	0.74407039020658
0.9994861253854059	0.7442127415343409
0.9994861253854059	0.744355147340222
0.9994861253854059	0.7444976076555024
0.9994861253854059	0.7446401225114855
0.9994861253854059	0.7447826919394984
0.9994861253854059	0.7449253159708924
0.9994861253854059	0.7450679946370428
0.9994861253854059	0.7452107279693486
0.9994861253854059	0.7453535159992336
0.9994861253854059	0.7454963587581449
0.9994861253854059	0.7456392562775541
0.9994861253854059	0.745782208588957
0.9994861253854059	0.7459252157238735
0.9994861253854059	0.7460682777138473
0.9994861253854059	0.7462113945904469
0.9994861253854059	0.7463545663852648
0.9994861253854059	0.7464977931299175
0.9994861253854059	0.746641074856046
0.9994861253854059	0.7467844115953158
0.9994861253854059	0.7469278033794163
0.9994861253854059	0.7470712502400615
0.9994861253854059	0.7472147522089896
0.9994861253854059	0.7473583093179635
0.9994861253854059	0.7475019215987702
0.9994861253854059	0.7476455890832212
0.9994861253854059	0.7477893118031527
0.9994861253854059	0.7479330897904249
0.9994861253854059	0.7480769230769231
0.9994861253854059	0.7482208116945567
0.9994861253854059	0.7483647556752597
0.9994861253854059	0.7485087550509909
0.9994861253854059	0.7486528098537336
0.9994861253854059	0.7487969201154957
0.9994861253854059	0.7489410858683095
0.9994861253854059	0.7490853071442326
0.9994861253854059	0.7492295839753467
0.9994861253854059	0.7493739163937584
0.9994861253854059	0.7495183044315993
0.9994861253854059	0.7496627481210253
0.9994861253854059	0.7498072474942175
0.9994861253854059	0.7499518025833816
0.9994861253854059	0.7500964134207482
0.9994861253854059	0.7502410800385728
0.9994861253854059	0.7503858024691358
0.9994861253854059	0.7505305807447424
0.9994861253854059	0.7506754148977229
0.9994861253854059	0.7508203049604324
0.9994861253854059	0.750965250965251
0.9994861253854059	0.7511102529445839
0.9994861253854059	0.7512553109308613
0.9994861253854059	0.7514004249565386
0.9994861253854059	0.7515455950540958
0.9994861253854059	0.7516908212560387
0.9994861253854059	0.7518361035948976
0.9994861253854059	0.7519814421032283
0.9994861253854059	0.7521268368136118
0.9994861253854059	0.7522722877586541
0.9994861253854059	0.7524177949709865
0.9994861253854059	0.7525633584832656
0.9994861253854059	0.7527089783281734
0.9994861253854059	0.7528546545384168
0.9994861253854059	0.7530003871467286
0.9994861253854059	0.7531461761858664
0.9994861253854059	0.7532920216886135
0.9994861253854059	0.7534379236877784
0.9994861253854059	0.7535838822161953
0.9994861253854059	0.7537298973067235
0.9994861253854059	0.7538759689922481
0.9994861253854059	0.7540220973056794
0.9994861253854059	0.7541682822799535
0.9994861253854059	0.7543145239480318
0.9994861253854059	0.7544608223429015
0.9994861253854059	0.7546071774975752
0.9994861253854059	0.7547535894450912
0.9994861253854059	0.7549000582185135
0.9994861253854059	0.7550465838509317
0.9994861253854059	0.7551931663754611
0.9994861253854059	0.7553398058252427
0.9994861253854059	0.7554865022334434
0.9994861253854059	0.7556332556332557
0.9994861253854059	0.7557800660578978
0.9994861253854059	0.755926933540614
0.9994861253854059	0.7560738581146744
0.9994861253854059	0.7562208398133748
0.9994861253854059	0.756367878670037
0.9994861253854059	0.7565149747180085
0.9994861253854059	0.7566621279906633
0.9994861253854059	0.7568093385214008
0.9994861253854059	0.7569566063436466
0.9994861253854059	0.7571039314908524
0.9994861253854059	0.757251313996496
0.9994861253854059	0.757398753894081
0.9994861253854059	0.7575462512171373
0.9994861253854059	0.7576938059992209
0.9994861253854059	0.7578414182739139
0.9994861253854059	0.7579890880748247
0.9994861253854059	0.7581368154355876
0.9994861253854059	0.7582846003898636
0.9994861253854059	0.7584324429713395
0.9994861253854059	0.7585803432137286
0.9994861253854059	0.7587283011507704
0.9994861253854059	0.758876316816231
0.9994861253854059	0.7590243902439024
0.9994861253854059	0.7591725214676034
0.9994861253854059	0.759320710521179
0.9994861253854059	0.7594689574385006
0.9994861253854059	0.7596172622534662
0.9994861253854059	0.759765625
0.9994861253854059	0.7599140457120531
0.9994861253854059	0.760062524423603
0.9994861253854059	0.7602110611686536
0.9994861253854059	0.7603596559812353
0.9994861253854059	0.7605083088954057
0.9994861253854059	0.7606570199452484
0.9994861253854059	0.7608057891648738
0.9994861253854059	0.7609546165884195
0.9994861253854059	0.761103502250049
0.9994861253854059	0.761252446183953
0.9994861253854059	0.7614014484243492
0.9994861253854059	0.7615505090054816
0.9994861253854059	0.7616996279616213
0.9994861253854059	0.7618488053270662
0.9994861253854059	0.761998041136141
0.9994861253854059	0.7621473354231975
0.9994861253854059	0.7622966882226141
0.9994861253854059	0.7624460995687965
0.9994861253854059	0.7625955694961772
0.9994861253854059	0.7627450980392156
0.9994861253854059	0.7628946852323986
0.9994861253854059	0.7630443311102393
0.9994861253854059	0.7631940357072788
0.9994861253854059	0.7633437990580848
0.9994861253854059	0.7634936211972522
0.9994861253854059	0.7636435021594032
0.9994861253854059	0.7637934419791871
0.9994861253854059	0.7639434406912804
0.9994861253854059	0.764093498330387
0.9994861253854059	0.7642436149312377
0.9994861253854059	0.7643937905285911
0.9994861253854059	0.7645440251572327
0.9994861253854059	0.7646943188519756
0.9994861253854059	0.7648446716476602
0.9994861253854059	0.7649950835791544
0.9994861253854059	0.7651455546813533
0.9994861253854059	0.7652960849891797
0.9994861253854059	0.7654466745375836
0.9994861253854059	0.765597323361543
0.9994861253854059	0.765748031496063
0.9994861253854059	0.7658987989761764
0.9994861253854059	0.7660496258369437
0.9994861253854059	0.7662005121134529
0.9994861253854059	0.7663514578408196
0.9994861253854059	0.7665024630541872
0.9994861253854059	0.7666535277887269
0.9994861253854059	0.7668046520796373
0.9994861253854059	0.7669558359621451
0.9994861253854059	0.7671070794715046
0.9994861253854059	0.7672583826429981
0.9994861253854059	0.7674097455119353
0.9994861253854059	0.7675611681136543
0.9994861253854059	0.7677126504835208
0.9994861253854059	0.7678641926569285
0.9994861253854059	0.7680157946692991
0.9994861253854059	0.7681674565560821
0.9994861253854059	0.7683191783527553
0.9994861253854059	0.7684709600948242
0.9994861253854059	0.7686228018178226
0.9994861253854059	0.7687747035573123
0.9994861253854059	0.7689266653488832
0.9994861253854059	0.7690786872281534
0.9994861253854059	0.7692307692307693
0.9994861253854059	0.7693829113924051
0.9994861253854059	0.7695351137487636
0.9994861253854059	0.7696873763355758
0.9994861253854059	0.7698396991886008
0.9994861253854059	0.7699920823436263
0.9994861253854059	0.770144525836468
0.9994861253854059	0.7702970297029703
0.9994861253854059	0.7704495939790057
0.9994861253854059	0.7706022187004754
0.9994861253854059	0.7707549039033089
0.9994861253854059	0.7709076496234641
0.9994861253854059	0.7710604558969276
0.9994861253854059	0.7712133227597145
0.9994861253854059	0.7713662502478683
0.9994861253854059	0.7715192383974613
0.9994861253854059	0.7716722872445944
0.9994861253854059	0.7718253968253969
0.9994861253854059	0.771978567176027
0.9994861253854059	0.7721317983326716
0.9994861253854059	0.7722850903315466
0.9994861253854059	0.772438443208896
0.9994861253854059	0.7725918570009931
0.9994861253854059	0.7727453317441398
0.9994861253854059	0.7728988674746672
0.9994861253854059	0.7732061220433314
0.9994861253854059	0.7733598409542743
0.9994861253854059	0.7735136209982104
0.9994861253854059	0.773667462211615
0.9994861253854059	0.7738213646309926
0.9994861253854059	0.7739753282928771
0.9994861253854059	0.7741293532338308
0.9994861253854059	0.7742834394904459
0.9994861253854059	0.7744375870993431
0.9994861253854059	0.7745917960971724
0.9994861253854059	0.7747460665206134
0.9994861253854059	0.7749003984063745
0.9994861253854059	0.7750547917911935
0.9994861253854059	0.7752092467118374
0.9994861253854059	0.7753637632051027
0.9994861253854059	0.7755183413078149
0.9994861253854059	0.7756729810568295
0.9994861253854059	0.7758276824890307
0.9994861253854059	0.7759824456413326
0.9994861253854059	0.7761372705506784
0.9994861253854059	0.7762921572540411
0.9994861253854059	0.7764471057884231
0.9994861253854059	0.7766021161908565
0.9994861253854059	0.7767571884984026
0.9994861253854059	0.7769123227481526
0.9994861253854059	0.7770675189772274
0.9994861253854059	0.7772227772227772
0.9994861253854059	0.7773780975219824
0.9994861253854059	0.7775334799120528
0.9994861253854059	0.7776889244302279
0.9994861253854059	0.7778444311137772
0.9994861253854059	0.778
0.9994861253854059	0.7781556311262252
0.9994861253854059	0.7783113245298119
0.9994861253854059	0.7784670802481489
0.9994861253854059	0.7786228983186549
0.9994861253854059	0.7787787787787788
0.9994861253854059	0.7789347216659992
0.9994861253854059	0.779090727017825
0.9994861253854059	0.7792467948717948
0.9994861253854059	0.7794029252654778
0.9994861253854059	0.779559118236473
0.9994861253854059	0.7797153738224093
0.9994861253854059	0.7798716920609463
0.9994861253854059	0.7800280729897734
0.9994861253854059	0.7801845166466105
0.9994861253854059	0.7803410230692076
0.9994861253854059	0.7804975922953451
0.9994861253854059	0.7806542243628336
0.9994861253854059	0.7808109193095143
0.9994861253854059	0.7809676771732584
0.9994861253854059	0.7811244979919679
0.9994861253854059	0.781281381803575
0.9994861253854059	0.7814383286460426
0.9994861253854059	0.7815953385573639
0.9994861253854059	0.7817524115755627
0.9994861253854059	0.7819095477386935
0.9994861253854059	0.7820667470848411
0.9994861253854059	0.7822240096521215
0.9994861253854059	0.7823813354786806
0.9994861253854059	0.7825387246026957
0.9994861253854059	0.7826961770623743
0.9994861253854059	0.782853692895955
0.9994861253854059	0.783011272141707
0.9994861253854059	0.7831689148379304
0.9994861253854059	0.7833266210229561
0.9994861253854059	0.783484390735146
0.9994861253854059	0.7836422240128929
0.9994861253854059	0.7838001208946201
0.9994861253854059	0.7839580814187828
0.9994861253854059	0.7841161056238661
0.9994861253854059	0.7842741935483871
0.9994861253854059	0.7844323452308933
0.9994861253854059	0.7845905607099637
0.9994861253854059	0.7847488400242082
0.9994861253854059	0.7849071832122679
0.9994861253854059	0.7850655903128153
0.9994861253854059	0.7852240613645539
0.9994861253854059	0.7853825964062184
0.9994861253854059	0.7855411954765751
0.9994861253854059	0.7856998586144214
0.9994861253854059	0.7858585858585858
0.9994861253854059	0.7860173772479289
0.9994861253854059	0.786176232821342
0.9994861253854059	0.7863351526177481
0.9994861253854059	0.7864941366761019
0.9994861253854059	0.7866531850353893
0.9994861253854059	0.7868122977346278
0.9994861253854059	0.7869714748128667
0.9994861253854059	0.7871307163091865
0.9994861253854059	0.7872900222626998
0.9994861253854059	0.7874493927125507
0.9994861253854059	0.7876088276979145
0.9994861253854059	0.7877683272579992
0.9994861253854059	0.7879278914320438
0.9994861253854059	0.7880875202593193
0.9994861253854059	0.7882472137791287
0.9994861253854059	0.7884069720308067
0.9994861253854059	0.7885667950537198
0.9994861253854059	0.7887266828872669
0.9994861253854059	0.7888866355708781
0.9994861253854059	0.7890466531440162
0.9994861253854059	0.7892067356461757
0.9994861253854059	0.7893668831168831
0.9994861253854059	0.7895270955956972
0.9994861253854059	0.7896873731222087
0.9994861253854059	0.7898477157360406
0.9994861253854059	0.7900081234768481
0.9994861253854059	0.7901685963843185
0.9994861253854059	0.7903291344981714
0.9994861253854059	0.7904897378581589
0.9994861253854059	0.790650406504065
0.9994861253854059	0.7908111404757064
0.9994861253854059	0.7909719398129321
0.9994861253854059	0.7911328045556233
0.9994861253854059	0.791293734743694
0.9994861253854059	0.7914547304170906
0.9994861253854059	0.7916157916157917
0.9994861253854059	0.7917769183798087
0.9994861253854059	0.7919381107491856
0.9994861253854059	0.7920993687639992
0.9994861253854059	0.7922606924643585
0.9994861253854059	0.7924220818904054
0.9994861253854059	0.7925835370823145
0.9994861253854059	0.7927450580802935
0.9994861253854059	0.7929066449245822
0.9994861253854059	0.7930682976554536
0.9994861253854059	0.7932300163132137
0.9994861253854059	0.793391800938201
0.9994861253854059	0.7935536515707874
0.9994861253854059	0.7937155682513772
0.9994861253854059	0.7938775510204081
0.9994861253854059	0.7940395999183507
0.9994861253854059	0.7942017149857085
0.9994861253854059	0.7943638962630182
0.9994861253854059	0.7945261437908496
0.9994861253854059	0.7946884576098059
0.9994861253854059	0.7948508377605231
0.9994861253854059	0.7950132842836706
0.9994861253854059	0.7951757972199509
0.9994861253854059	0.7953383766101002
0.9994861253854059	0.7955010224948875
0.9994861253854059	0.7956637349151156
0.9994861253854059	0.7958265139116203
0.9994861253854059	0.7959893595252712
0.9994861253854059	0.7961522717969709
0.9994861253854059	0.7963152507676561
0.9994861253854059	0.7964782964782965
0.9994861253854059	0.7966414089698955
0.9994861253854059	0.7968045882834903
0.9994861253854059	0.7969678344601516
0.9994861253854059	0.7971311475409836
0.9994861253854059	0.7972945275671244
0.9994861253854059	0.7974579745797458
0.9994861253854059	0.7976214886200533
0.9994861253854059	0.7977850697292863
0.9994861253854059	0.7979487179487179
0.9994861253854059	0.7981124333196553
0.9994861253854059	0.7982762158834393
0.9994861253854059	0.798440065681445
0.9994861253854059	0.798603982755081
0.9994861253854059	0.7987679671457906
0.9994861253854059	0.7989320188950503
0.9994861253854059	0.7990961380443714
0.9994861253854059	0.799260324635299
0.9994861253854059	0.7994245787094123
0.9994861253854059	0.7995889003083247
0.9994861253854059	0.7997532894736842
0.9994861253854059	0.7999177462471725
0.9994861253854059	0.800082270670506
0.9994861253854059	0.8002468627854351
0.9994861253854059	0.8004115226337448
0.9994861253854059	0.8005762502572545
0.9994861253854059	0.800741045697818
0.9994861253854059	0.8009059089973235
0.9994861253854059	0.8010708401976936
0.9994861253854059	0.8012358393408857
0.9994861253854059	0.8014009064688916
0.9994861253854059	0.8015660416237379
0.9994861253854059	0.8017312448474856
0.9994861253854059	0.8018965161822305
0.9994861253854059	0.8020618556701031
0.9994861253854059	0.8022272633532687
0.9994861253854059	0.8023927392739274
0.9994861253854059	0.802558283474314
0.9994861253854059	0.8027238959966984
0.9994861253854059	0.8028895768833849
0.9994861253854059	0.8030553261767135
0.9994861253854059	0.8032211439190584
0.9994861253854059	0.8033870301528294
0.9994861253854059	0.803552984920471
0.9994861253854059	0.8037190082644629
0.9994861253854059	0.8038851002273197
0.9994861253854059	0.8040512608515916
0.9994861253854059	0.8042174901798635
0.9994861253854059	0.804383788254756
0.9994861253854059	0.8045501551189245
0.9994861253854059	0.80471659081506
0.9994861253854059	0.8048830953858886
0.9994861253854059	0.8050496688741722
0.9994861253854059	0.8052163113227075
0.9994861253854059	0.8053830227743272
0.9994861253854059	0.805549803271899
0.9994861253854059	0.8057166528583264
0.9994861253854059	0.8058835715765486
0.9994861253854059	0.80605055946954
0.9994861253854059	0.8062176165803109
0.9994861253854059	0.8063847429519071
0.9994861253854059	0.8065519386274104
0.9994861253854059	0.8067192036499378
0.9994861253854059	0.8068865380626427
0.9994861253854059	0.8070539419087137
0.9994861253854059	0.8072214152313758
0.9994861253854059	0.8073889580738896
0.9994861253854059	0.8075565704795515
0.9994861253854059	0.8077242524916943
0.9994861253854059	0.8078920041536864
0.9994861253854059	0.8080598255089323
0.9994861253854059	0.8082277166008727
0.9994861253854059	0.8083956774729842
0.9994861253854059	0.8085637081687799
0.9994861253854059	0.8087318087318087
0.9994861253854059	0.808899979205656
0.9994861253854059	0.8090682196339434
0.9994861253854059	0.8092365300603287
0.9994861253854059	0.809404910528506
0.9994861253854059	0.809573361082206
0.9994861253854059	0.8097418817651957
0.9994861253854059	0.8099104726212784
0.9994861253854059	0.8100791336942941
0.9994861253854059	0.8102478650281192
0.9994861253854059	0.8104166666666667
0.9994861253854059	0.8105855386538863
0.9994861253854059	0.810754481033764
0.9994861253854059	0.8109234938503231
0.9994861253854059	0.8110925771476231
0.9994861253854059	0.8112617309697602
0.9994861253854059	0.8114309553608677
0.9994861253854059	0.8116002503651157
0.9994861253854059	0.8117696160267112
0.9994861253854059	0.8119390523898977
0.9994861253854059	0.8121085594989561
0.9994861253854059	0.8122781373982042
0.9994861253854059	0.8124477861319966
0.9994861253854059	0.8126175057447252
0.9994861253854059	0.812787296280819
0.9994861253854059	0.812957157784744
0.9994861253854059	0.8131270903010034
0.9994861253854059	0.8132970938741376
0.9994861253854059	0.8134671685487244
0.9994861253854059	0.8136373143693788
0.9994861253854059	0.8138075313807531
0.9994861253854059	0.8139778196275371
0.9994861253854059	0.8141481791544579
0.9994861253854059	0.8143186100062801
0.9994861253854059	0.8144891122278057
0.9994861253854059	0.8146596858638744
0.9994861253854059	0.8148303309593632
0.9994861253854059	0.8150010475591871
0.9994861253854059	0.8151718357082984
0.9994861253854059	0.8153426954516872
0.9994861253854059	0.8155136268343816
0.9994861253854059	0.8156846299014469
0.9994861253854059	0.8158557046979866
0.9994861253854059	0.816026851269142
0.9994861253854059	0.8161980696600923
0.9994861253854059	0.8163693599160545
0.9994861253854059	0.8165407220822838
0.9994861253854059	0.8167121562040731
0.9994861253854059	0.8168836623267535
0.9994861253854059	0.8170552404956942
0.9994861253854059	0.8172268907563025
0.9994861253854059	0.817398613154024
0.9994861253854059	0.8175704077343422
0.9994861253854059	0.817742274542779
0.9994861253854059	0.8179142136248949
0.9994861253854059	0.8180862250262881
0.9994861253854059	0.8182583087925958
0.9994861253854059	0.8184304649694929
0.9994861253854059	0.8186026936026936
0.9994861253854059	0.8187749947379499
0.9994861253854059	0.8189473684210526
0.9994861253854059	0.8191198146978311
0.9994861253854059	0.8192923336141533
0.9994861253854059	0.8194649252159258
0.9994861253854059	0.8196375895490939
0.9994861253854059	0.8198103266596417
0.9994861253854059	0.8199831365935919
0.9994861253854059	0.8201560193970061
0.9994861253854059	0.8203289751159848
0.9994861253854059	0.8205020037966674
0.9994861253854059	0.820675105485232
0.9994861253854059	0.8208482802278961
0.9994861253854059	0.821021528070916
0.9994861253854059	0.8211948490605868
0.9994861253854059	0.8213682432432432
0.9994861253854059	0.8215417106652587
0.9994861253854059	0.821715251373046
0.9994861253854059	0.8218888654130573
0.9994861253854059	0.8220625528317836
0.9994861253854059	0.8222363136757557
0.9994861253854059	0.8224101479915433
0.9994861253854059	0.822584055825756
0.9994861253854059	0.8227580372250423
0.9994861253854059	0.8229320922360905
0.9994861253854059	0.8231062209056285
0.9994861253854059	0.8232804232804233
0.9994861253854059	0.823454699407282
0.9994861253854059	0.823629049333051
0.9994861253854059	0.8238034731046167
0.9994861253854059	0.8239779707689049
0.9994861253854059	0.8241525423728814
0.9994861253854059	0.8243271879635516
0.9994861253854059	0.824501907587961
0.9994861253854059	0.8246767012931948
0.9994861253854059	0.8248515691263782
0.9994861253854059	0.8250265111346765
0.9994861253854059	0.8252015273652948
0.9994861253854059	0.8253766178654784
0.9994861253854059	0.8255517826825127
0.9994861253854059	0.8257270218637232
0.9994861253854059	0.8259023354564756
0.9994861253854059	0.8260777235081759
0.9994861253854059	0.8262531860662702
0.9994861253854059	0.8264287231782451
0.9994861253854059	0.8266043348916277
0.9994861253854059	0.8267800212539851
0.9994861253854059	0.8269557823129252
0.9994861253854059	0.8271316181160961
0.9994861253854059	0.8273075287111867
0.9994861253854059	0.8274835141459264
0.9994861253854059	0.8276595744680851
0.9994861253854059	0.8278357097254735
0.9994861253854059	0.8280119199659429
0.9994861253854059	0.8281882052373856
0.9994861253854059	0.8283645655877342
0.9994861253854059	0.8285410010649628
0.9994861253854059	0.8287175117170856
0.9994861253854059	0.8288940975921585
0.9994861253854059	0.829070758738278
0.9994861253854059	0.8292474952035813
0.9994861253854059	0.8294243070362474
0.9994861253854059	0.8296011942844956
0.9994861253854059	0.8297781569965871
0.9994861253854059	0.8299551952208235
0.9994861253854059	0.8301323090055485
0.9994861253854059	0.8303094983991463
0.9994861253854059	0.8304867634500427
0.9994861253854059	0.8306641042067051
0.9994861253854059	0.8308415207176421
0.9994861253854059	0.8310190130314036
0.9994861253854059	0.8311965811965812
0.9994861253854059	0.831374225261808
0.9994861253854059	0.8315519452757588
0.9994861253854059	0.8317297412871499
0.9994861253854059	0.8319076133447391
0.9994861253854059	0.8320855614973262
0.9994861253854059	0.8322635857937527
0.9994861253854059	0.8324416862829018
0.9994861253854059	0.8326198630136986
0.9994861253854059	0.8327981160351102
0.9994861253854059	0.8329764453961456
0.9994861253854059	0.8331548511458556
0.9994861253854059	0.8333333333333334
0.9994861253854059	0.8335118920077137
0.9994861253854059	0.833690527218174
0.9994861253854059	0.8338692390139335
0.9994861253854059	0.8340480274442539
0.9994861253854059	0.8342268925584387
0.9994861253854059	0.8344058344058344
0.9994861253854059	0.8345848530358292
0.9994861253854059	0.8347639484978541
0.9994861253854059	0.8349431208413822
0.9994861253854059	0.8351223701159296
0.9994861253854059	0.8353016963710543
0.9994861253854059	0.8354810996563574
0.9994861253854059	0.8356605800214822
0.9994861253854059	0.8358401375161152
0.9994861253854059	0.8360197721899849
0.9994861253854059	0.8361994840928633
0.9994861253854059	0.8363792732745646
0.9994861253854059	0.8365591397849462
0.9994861253854059	0.8367390836739084
0.9994861253854059	0.8369191049913941
0.9994861253854059	0.8370992037873897
0.9994861253854059	0.8372793801119243
0.9994861253854059	0.83745963401507
0.9994861253854059	0.8376399655469423
0.9994861253854059	0.8378203747576998
0.9994861253854059	0.8380008616975442
0.9994861253854059	0.8381814264167206
0.9994861253854059	0.8383620689655172
0.9994861253854059	0.838542789394266
0.9994861253854059	0.838723587753342
0.9994861253854059	0.8389044640931637
0.9994861253854059	0.8390854184641933
0.9994861253854059	0.8392664509169363
0.9994861253854059	0.8394475615019422
0.9994861253854059	0.8396287502698035
0.9994861253854059	0.8398100172711571
0.9994861253854059	0.8399913625566833
0.9992291880781089	0.8399568034557235
0.9992291880781089	0.8401382588031973
0.9992291880781089	0.8403197925669835
0.9992291880781089	0.8405014047979252
0.9992291880781089	0.8406830955469088
0.9992291880781089	0.8408648648648649
0.9992291880781089	0.8410467128027682
0.9992291880781089	0.8412286394116375
0.9992291880781089	0.8414106447425357
0.9992291880781089	0.84159272884657
0.9992291880781089	0.8417748917748917
0.9992291880781089	0.8419571335786967
0.9992291880781089	0.8421394543092248
0.9992291880781089	0.8423218540177605
0.9992291880781089	0.8425043327556326
0.9992291880781089	0.8426868905742145
0.9992291880781089	0.8428695275249242
0.9992291880781089	0.8430522436592239
0.9992291880781089	0.843235039028621
0.9992291880781089	0.8434179136846671
0.9992291880781089	0.8436008676789588
0.9992291880781089	0.8437839010631374
0.9992291880781089	0.8439670138888888
0.9992291880781089	0.8441502062079445
0.9992291880781089	0.8443334780720799
0.9992291880781089	0.8445168295331161
0.9992291880781089	0.8447002606429193
0.9992291880781089	0.8448837714534
0.9992291880781089	0.8450673620165146
0.9992291880781089	0.8452510323842642
0.9992291880781089	0.8454347826086956
0.9992291880781089	0.8456186127419004
0.9992291880781089	0.8458025228360156
0.9992291880781089	0.8459865129432238
0.9992291880781089	0.8461705831157529
0.9992291880781089	0.846354733405876
0.9992291880781089	0.8465389638659121
0.9992291880781089	0.8467232745482256
0.9992291880781089	0.8469076655052264
0.9992291880781089	0.8470921367893705
0.9992291880781089	0.8472766884531591
0.9992291880781089	0.8474613205491393
0.9992291880781089	0.847646033129904
0.9992291880781089	0.8478308262480925
0.9992291880781089	0.848015699956389
0.9992291880781089	0.8482006543075246
0.9992291880781089	0.8483856893542757
0.9992291880781089	0.8485708051494654
0.9992291880781089	0.8487560017459624
0.9992291880781089	0.8489412791966819
0.9992291880781089	0.8491266375545852
0.9992291880781089	0.8493120768726796
0.9992291880781089	0.8494975972040192
0.9992291880781089	0.8496831986017042
0.9992291880781089	0.8498688811188811
0.9992291880781089	0.8500546448087432
0.9992291880781089	0.8502404897245299
0.9992291880781089	0.8504264159195276
0.9992291880781089	0.8506124234470691
0.9992291880781089	0.8507985123605338
0.9992291880781089	0.8509846827133479
0.9992291880781089	0.8511709345589845
0.9992291880781089	0.8513572679509632
0.9992291880781089	0.8515436829428509
0.9992291880781089	0.851730179588261
0.9992291880781089	0.8519167579408543
0.9992291880781089	0.8521034180543383
0.9992291880781089	0.8522901599824677
0.9992291880781089	0.8524769837790442
0.9992291880781089	0.8526638894979172
0.9992291880781089	0.8528508771929825
0.9992291880781089	0.8530379469181838
0.9992291880781089	0.8532250987275121
0.9992291880781089	0.8534123326750055
0.9992291880781089	0.8535996488147498
0.9992291880781089	0.8537870472008782
0.9992291880781089	0.8539745278875713
0.9992291880781089	0.8541620909290578
0.9992291880781089	0.8543497363796133
0.9992291880781089	0.8545374642935618
0.9992291880781089	0.8547252747252747
0.9992291880781089	0.8549131677291713
0.9992291880781089	0.8551011433597185
0.9992291880781089	0.8552892016714317
0.9992291880781089	0.8554773427188738
0.9992291880781089	0.8556655665566557
0.9992291880781089	0.8558538732394366
0.9992291880781089	0.8560422628219239
0.9992291880781089	0.8562307353588727
0.9992291880781089	0.856419290905087
0.9992291880781089	0.8566079295154185
0.9992291880781089	0.8567966512447676
0.9992291880781089	0.8569854561480829
0.9992291880781089	0.8571743442803614
0.9992291880781089	0.857363315696649
0.9992291880781089	0.8575523704520397
0.9992291880781089	0.8577415086016762
0.9992291880781089	0.8579307302007501
0.9992291880781089	0.8581200353045013
0.9992291880781089	0.858309423968219
0.9992291880781089	0.8584988962472406
0.9992291880781089	0.858688452196953
0.9992291880781089	0.8588780918727915
0.9992291880781089	0.8590678153302408
0.9992291880781089	0.8592576226248343
0.9992291880781089	0.8594475138121547
0.9992291880781089	0.8596374889478338
0.9992291880781089	0.8598275480875525
0.9992291880781089	0.8600176912870411
0.9992291880781089	0.8602079186020792
0.9992291880781089	0.8603982300884956
0.9992291880781089	0.8605886258021687
0.9992291880781089	0.8607791057990262
0.9992291880781089	0.8609696701350454
0.9992291880781089	0.8611603188662533
0.9992291880781089	0.8613510520487264
0.9992291880781089	0.861541869738591
0.9992291880781089	0.861732771992023
0.9992291880781089	0.8619237588652482
0.9992291880781089	0.8621148304145422
0.9992291880781089	0.8623059866962306
0.9992291880781089	0.8624972277666888
0.9992291880781089	0.8626885536823425
0.9992291880781089	0.8628799644996672
0.9992291880781089	0.8630714602751887
0.9992291880781089	0.8632630410654828
0.9992291880781089	0.8634547069271759
0.9992291880781089	0.8636464579169443
0.9992291880781089	0.8638382940915149
0.9992291880781089	0.864030215507665
0.9992291880781089	0.8642222222222222
0.9992291880781089	0.864414314292065
0.9992291880781089	0.8646064917741219
0.9992291880781089	0.8647987547253725
0.9992291880781089	0.864991103202847
0.9992291880781089	0.8651835372636263
0.9992291880781089	0.865376056964842
0.9992291880781089	0.8655686623636768
0.9992291880781089	0.8657613535173642
0.9992291880781089	0.8659541304831886
0.9992291880781089	0.8661469933184855
0.9992291880781089	0.8663399420806416
0.9992291880781089	0.8665329768270945
0.9992291880781089	0.8667260976153331
0.9992291880781089	0.8669193045028979
0.9992291880781089	0.8671125975473801
0.9992291880781089	0.8673059768064229
0.9992291880781089	0.8674994423377203
0.9992291880781089	0.8676929941990182
0.9992291880781089	0.8678866324481143
0.9992291880781089	0.8680803571428571
0.9992291880781089	0.8682741683411476
0.9992291880781089	0.868468066100938
0.9992291880781089	0.8686620504802323
0.9992291880781089	0.8688561215370867
0.9992291880781089	0.869050279329609
0.9992291880781089	0.8692445239159589
0.9992291880781089	0.8694388553543483
0.9992291880781089	0.8696332737030411
0.9992291880781089	0.8698277790203534
0.9992291880781089	0.8700223713646532
0.9992291880781089	0.8702170507943612
0.9992291880781089	0.8704118173679498
0.9992291880781089	0.8706066711439445
0.9992291880781089	0.8708016121809226
0.9992291880781089	0.870996640537514
0.9992291880781089	0.8711917562724014
0.9992291880781089	0.87138695944432
0.9992291880781089	0.8715822501120574
0.9992291880781089	0.8717776283344542
0.9992291880781089	0.8719730941704036
0.9992291880781089	0.8721686476788517
0.9992291880781089	0.8723642889187977
0.9992291880781089	0.8725600179492933
0.9992291880781089	0.8727558348294434
0.9992291880781089	0.8729517396184063
0.9992291880781089	0.8731477323753929
0.9992291880781089	0.8733438131596677
0.9992291880781089	0.8735399820305481
0.9992291880781089	0.873736239047405
0.9992291880781089	0.8739325842696629
0.9992291880781089	0.8741290177567993
0.9992291880781089	0.8743255395683454
0.9992291880781089	0.8745221497638858
0.9992291880781089	0.8747188484030589
0.9992291880781089	0.8749156355455568
0.9992291880781089	0.8751125112511251
0.9992291880781089	0.8753094755795634
0.9992291880781089	0.8755065285907249
0.9992291880781089	0.875703670344517
0.9992291880781089	0.8759009009009009
0.9992291880781089	0.8760982203198918
0.9992291880781089	0.8762956286615593
0.9992291880781089	0.8764931259860266
0.9992291880781089	0.8766907123534716
0.9992291880781089	0.8768883878241263
0.9992291880781089	0.8770861524582769
0.9992291880781089	0.8772840063162644
0.9992291880781089	0.8774819494584838
0.9992291880781089	0.8776799819453848
0.9992291880781089	0.8778781038374718
0.9992291880781089	0.8780763151953037
0.9992291880781089	0.8782746160794941
0.9992291880781089	0.8784730065507116
0.9992291880781089	0.8786714866696792
0.9992291880781089	0.8788700564971751
0.9992291880781089	0.8790687160940326
0.9992291880781089	0.8792674655211395
0.9992291880781089	0.8794663048394392
0.9992291880781089	0.8796652341099299
0.9992291880781089	0.8798642533936651
0.9992291880781089	0.8800633627517538
0.9992291880781089	0.8802625622453599
0.9992291880781089	0.8804618519357029
0.9992291880781089	0.880661231884058
0.9992291880781089	0.8808607021517554
0.9992291880781089	0.8810602628001812
0.9992291880781089	0.8812599138907773
0.9992291880781089	0.8814596554850408
0.9992291880781089	0.8816594876445251
0.9992291880781089	0.881859410430839
0.9992291880781089	0.8820594239056475
0.9992291880781089	0.8822595281306715
0.9992291880781089	0.8824597231676877
0.9992291880781089	0.8826600090785293
0.9992291880781089	0.8828603859250851
0.9992291880781089	0.8830608537693007
0.9992291880781089	0.8832614126731774
0.9992291880781089	0.8834620626987733
0.9992291880781089	0.8836628039082027
0.9992291880781089	0.8838636363636364
0.9992291880781089	0.8840645601273016
0.9992291880781089	0.8842655752614825
0.9992291880781089	0.8844666818285194
0.9992291880781089	0.8846678798908099
0.9992291880781089	0.8848691695108077
0.9992291880781089	0.8850705507510241
0.9992291880781089	0.8852720236740269
0.9992291880781089	0.8854735883424408
0.9992291880781089	0.8856752448189479
0.9992291880781089	0.885876993166287
0.9992291880781089	0.8860788334472545
0.9992291880781089	0.8862807657247037
0.9992291880781089	0.8864827900615455
0.9992291880781089	0.8866849065207478
0.9992291880781089	0.8868871151653364
0.9992291880781089	0.8870894160583942
0.9992291880781089	0.8872918092630618
0.9992291880781089	0.8874942948425376
0.9992291880781089	0.8876968728600776
0.9992291880781089	0.8878995433789955
0.9992291880781089	0.8881023064626627
0.9992291880781089	0.8883051621745089
0.9992291880781089	0.8885081105780215
0.9992291880781089	0.8887111517367459
0.9992291880781089	0.8889142857142858
0.9992291880781089	0.8891175125743027
0.9992291880781089	0.8893208323805168
0.9992291880781089	0.8895242451967064
0.9992291880781089	0.8897277510867079
0.9992291880781089	0.8899313501144165
0.9992291880781089	0.8901350423437857
0.9992291880781089	0.8903388278388278
0.9992291880781089	0.8905427066636135
0.9992291880781089	0.8907466788822721
0.9992291880781089	0.890950744558992
0.9992291880781089	0.8911549037580202
0.9992291880781089	0.8913591565436626
0.9992291880781089	0.8915635029802843
0.9992291880781089	0.8917679431323091
0.9992291880781089	0.8919724770642202
0.9992291880781089	0.8921771048405598
0.9992291880781089	0.8923818265259293
0.9992291880781089	0.8925866421849896
0.9992291880781089	0.892791551882461
0.9992291880781089	0.8929965556831229
0.9992291880781089	0.8932016536518145
0.9992291880781089	0.8934068458534344
0.9992291880781089	0.8936121323529411
0.9992291880781089	0.8938175132153527
0.9992291880781089	0.8940229885057471
0.9992291880781089	0.894228558289262
0.9992291880781089	0.8944342226310947
0.9992291880781089	0.8946399815965034
0.9992291880781089	0.8948458352508053
0.9992291880781089	0.8950517836593785
0.9992291880781089	0.8952578268876611
0.9992291880781089	0.8954639650011513
0.9992291880781089	0.8956701980654076
0.9992291880781089	0.8958765261460493
0.9992291880781089	0.8960829493087558
0.9992291880781089	0.8962894676192671
0.9992291880781089	0.8964960811433841
0.9992291880781089	0.896702789946968
0.9992291880781089	0.896909594095941
0.9992291880781089	0.8971164936562861
0.9992291880781089	0.8973234886940471
0.9992291880781089	0.8975305792753289
0.9992291880781089	0.8977377654662974
0.9992291880781089	0.8979450473331794
0.9992291880781089	0.8981524249422633
0.9992291880781089	0.8983598983598984
0.9992291880781089	0.8985674676524954
0.9992291880781089	0.8987751328865264
0.9992291880781089	0.8989828941285252
0.9992291880781089	0.8991907514450868
0.9992291880781089	0.8993987049028677
0.9992291880781089	0.8996067545685866
0.9992291880781089	0.8998149005090236
0.9992291880781089	0.9000231427910206
0.9992291880781089	0.9002314814814815
0.9992291880781089	0.9004399166473721
0.9992291880781089	0.9006484483557202
0.9992291880781089	0.9008570766736159
0.9992291880781089	0.9010658016682113
0.9992291880781089	0.9012746234067207
0.9992291880781089	0.901483541956421
0.9992291880781089	0.901692557384651
0.9992291880781089	0.9019016697588126
0.9992291880781089	0.9021108791463698
0.9992291880781089	0.9023201856148492
0.9992291880781089	0.9025295892318403
0.9992291880781089	0.9027390900649953
0.9992291880781089	0.9029486881820292
0.9992291880781089	0.9031583836507199
0.9992291880781089	0.9033681765389082
0.9992291880781089	0.9035780669144982
0.9992291880781089	0.9037880548454567
0.9992291880781089	0.9039981403998141
0.9992291880781089	0.9042083236456638
0.9992291880781089	0.9044186046511627
0.9992291880781089	0.9046289834845312
0.9992291880781089	0.904839460214053
0.9992291880781089	0.9050500349080755
0.9992291880781089	0.9052607076350093
0.9992291880781089	0.9054714784633294
0.9992291880781089	0.9056823474615743
0.9992291880781089	0.9058933146983461
0.9992291880781089	0.9061043802423113
0.9992291880781089	0.9063155441622
0.9992291880781089	0.9065268065268065
0.9992291880781089	0.9067381674049895
0.9992291880781089	0.9069496268656716
0.9992291880781089	0.9071611849778399
0.9992291880781089	0.907372841810546
0.9992291880781089	0.9075845974329055
0.9992291880781089	0.907796451914099
0.9992291880781089	0.9080084053233715
0.9992291880781089	0.9082204577300327
0.9992291880781089	0.9084326092034571
0.9992291880781089	0.9086448598130841
0.9992291880781089	0.9088572096284179
0.9992291880781089	0.9090696587190276
0.9992291880781089	0.9092822071545476
0.9992291880781089	0.9094948550046773
0.9992291880781089	0.9097076023391812
0.9992291880781089	0.9099204492278896
0.9992291880781089	0.9101333957406974
0.9992291880781089	0.9103464419475655
0.9992291880781089	0.9105595879185202
0.9992291880781089	0.9107728337236534
0.9992291880781089	0.9109861794331225
0.9992291880781089	0.9111996251171509
0.9992291880781089	0.9114131708460277
0.9992291880781089	0.9116268166901078
0.9992291880781089	0.9118405627198124
0.9992291880781089	0.9120544090056285
0.9992291880781089	0.9122683556181093
0.9992291880781089	0.9124824026278743
0.9992291880781089	0.912696550105609
0.9992291880781089	0.9129107981220658
0.9992291880781089	0.9131251467480629
0.9992291880781089	0.9133395960544857
0.9992291880781089	0.9135541461122857
0.9992291880781089	0.9137687969924813
0.9992291880781089	0.9139835487661575
0.9992291880781089	0.9141984015044664
0.9992291880781089	0.9144133552786269
0.9992291880781089	0.9146284101599247
0.9992291880781089	0.914843566219713
0.9992291880781089	0.9150588235294118
0.9992291880781089	0.9152741821605084
0.9992291880781089	0.9154896421845574
0.9992291880781089	0.9157052036731811
0.9992291880781089	0.9159208666980688
0.9992291880781089	0.9161366313309777
0.9992291880781089	0.9163524976437323
0.9992291880781089	0.9165684657082254
0.9992291880781089	0.9167845355964168
0.9992291880781089	0.9170007073803348
0.9992291880781089	0.9172169811320755
0.9992291880781089	0.9174333569238028
0.9992291880781089	0.917649834827749
0.9992291880781089	0.9178664149162143
0.9992291880781089	0.9180830972615676
0.9992291880781089	0.9182998819362456
0.9992291880781089	0.9185167690127539
0.9992291880781089	0.9187337585636665
0.9992291880781089	0.9189508506616257
0.9992291880781089	0.9191680453793429
0.9992291880781089	0.9193853427895982
0.9992291880781089	0.91960274296524
0.9992291880781089	0.9198202459791863
0.9992291880781089	0.9200378519044239
0.9992291880781089	0.9202555608140085
0.9992291880781089	0.9204733727810651
0.9992291880781089	0.9206912878787878
0.9992291880781089	0.9209093061804404
0.9992291880781089	0.9211274277593557
0.9992291880781089	0.9213456526889363
0.9992291880781089	0.921563981042654
0.9992291880781089	0.9217824128940507
0.9992291880781089	0.9220009483167378
0.9992291880781089	0.9222195873843965
0.9992291880781089	0.922438330170778
0.9992291880781089	0.9226571767497035
0.9992291880781089	0.9228761271950641
0.9992291880781089	0.9230951815808213
0.9992291880781089	0.9233143399810066
0.9992291880781089	0.9235336024697222
0.9992291880781089	0.9237529691211401
0.9992291880781089	0.9239724400095034
0.9992291880781089	0.9241920152091255
0.9992291880781089	0.9244116947943903
0.9992291880781089	0.9246314788397527
0.9992291880781089	0.9248513674197384
0.9992291880781089	0.9250713606089439
0.9992291880781089	0.9252914584820366
0.9992291880781089	0.9255116611137554
0.9992291880781089	0.9257319685789098
0.9992291880781089	0.925952380952381
0.9992291880781089	0.9261728983091212
0.9992291880781089	0.9263935207241544
0.9992291880781089	0.9266142482725757
0.9992291880781089	0.9268350810295519
0.9992291880781089	0.9270560190703218
0.9992291880781089	0.9272770624701955
0.9992291880781089	0.9274982113045552
0.9992291880781089	0.927719465648855
0.9992291880781089	0.9279408255786209
0.9992291880781089	0.928162291169451
0.9992291880781089	0.928383862497016
0.9992291880781089	0.9286055396370583
0.9992291880781089	0.9288273226653929
0.9992291880781089	0.9290492116579073
0.9992291880781089	0.9292712066905615
0.9992291880781089	0.9294933078393881
0.9992291880781089	0.9297155151804924
0.9992291880781089	0.9299378287900526
0.9992291880781089	0.9301602487443196
0.9992291880781089	0.9303827751196172
0.9992291880781089	0.9306054079923427
0.9992291880781089	0.930828147438966
0.9992291880781089	0.9310509935360306
0.9992291880781089	0.9312739463601533
0.9992291880781089	0.931497005988024
0.9992291880781089	0.9317201724964064
0.9992291880781089	0.9319434459621375
0.9992291880781089	0.9321668264621285
0.9992291880781089	0.9323903140733637
0.9992291880781089	0.9326139088729016
0.9992291880781089	0.9328376109378748
0.9992291880781089	0.9330614203454894
0.9992291880781089	0.9332853371730262
0.9992291880781089	0.9335093614978397
0.9992291880781089	0.9337334933973589
0.9992291880781089	0.9339577329490875
0.9992291880781089	0.9341820802306029
0.9992291880781089	0.9344065353195579
0.9992291880781089	0.9346310982936794
0.9992291880781089	0.9348557692307692
0.9992291880781089	0.935080548208704
0.9992291880781089	0.9353054353054353
0.9992291880781089	0.9355304305989897
0.9992291880781089	0.9357555341674687
0.9992291880781089	0.9359807460890494
0.9992291880781089	0.9362060664419837
0.9992291880781089	0.9364314953045991
0.9992291880781089	0.9366570327552987
0.9992291880781089	0.9368826788725608
0.9992291880781089	0.9371084337349398
0.9992291880781089	0.9373342974210653
0.9992291880781089	0.9375602700096431
0.9992291880781089	0.937786351579455
0.9992291880781089	0.9380125422093584
0.9992291880781089	0.9382388419782871
0.9992291880781089	0.938465250965251
0.9992291880781089	0.9386917692493363
0.9992291880781089	0.9389183969097055
0.9992291880781089	0.9391451340255976
0.9992291880781089	0.9393719806763285
0.9992291880781089	0.9395989369412902
0.9992291880781089	0.9398260028999517
0.9992291880781089	0.9400531786318589
0.9992291880781089	0.9402804642166345
0.9992291880781089	0.9405078597339782
0.9992291880781089	0.9407353652636672
0.9992291880781089	0.9409629808855553
0.9992291880781089	0.941190706679574
0.9992291880781089	0.9414185427257322
0.9992291880781089	0.9416464891041162
0.9992291880781089	0.9418745458948898
0.9992291880781089	0.9421027131782945
0.9992291880781089	0.9423309910346499
0.9992291880781089	0.9425593795443529
0.9992291880781089	0.9427878787878788
0.9992291880781089	0.9430164888457808
0.9992291880781089	0.9432452097986903
0.9992291880781089	0.9434740417273169
0.9992291880781089	0.9437029847124484
0.9992291880781089	0.9439320388349515
0.9992291880781089	0.9441612041757708
0.9992291880781089	0.94439048081593
0.9992291880781089	0.9446198688365315
0.9992291880781089	0.9448493683187561
0.9992291880781089	0.9450789793438639
0.9992291880781089	0.945308701993194
0.9992291880781089	0.9455385363481643
0.9992291880781089	0.9457684824902723
0.9992291880781089	0.9459985405010947
0.9992291880781089	0.9462287104622871
0.9992291880781089	0.9464589924555853
0.9992291880781089	0.9466893865628043
0.9992291880781089	0.9469198928658388
0.9992291880781089	0.9471505114466634
0.9992291880781089	0.9473812423873326
0.9992291880781089	0.9476120857699805
0.9992291880781089	0.9478430416768219
0.9992291880781089	0.9480741101901512
0.9992291880781089	0.9483052913923433
0.9992291880781089	0.9485365853658536
0.9992291880781089	0.9487679921932178
0.9992291880781089	0.9489995119570522
0.9992291880781089	0.9492311447400537
0.9992291880781089	0.949462890625
0.9992291880781089	0.9496947496947497
0.9992291880781089	0.9499267220322423
0.9992291880781089	0.9501588077204984
0.9992291880781089	0.9503910068426198
0.9992291880781089	0.9506233194817892
0.9992291880781089	0.9508557457212714
0.9992291880781089	0.9510882856444118
0.9992291880781089	0.951320939334638
0.9992291880781089	0.9515537068754588
0.9992291880781089	0.951786588350465
0.9992291880781089	0.9520195838433293
0.9992291880781089	0.952252693437806
0.9992291880781089	0.952485917217732
0.9992291880781089	0.9527192552670259
0.9992291880781089	0.9529527076696888
0.9992291880781089	0.953186274509804
0.9992291880781089	0.9534199558715372
0.9992291880781089	0.9536537518391368
0.9992291880781089	0.953887662496934
0.9992291880781089	0.9541216879293425
0.9992291880781089	0.9543558282208588
0.9992291880781089	0.9545900834560629
0.9992291880781089	0.954824453719617
0.9992291880781089	0.9550589390962672
0.9992291880781089	0.9552935396708425
0.9992291880781089	0.9555282555282555
0.9992291880781089	0.9557630867535021
0.9992291880781089	0.9559980334316618
0.9992291880781089	0.9562330956478977
0.9992291880781089	0.956468273487457
0.9992291880781089	0.9567035670356704
0.9992291880781089	0.9569389763779528
0.9992291880781089	0.9571745015998031
0.9992291880781089	0.9574101427868045
0.9992291880781089	0.9576459000246245
0.9992291880781089	0.9578817733990148
0.9992291880781089	0.9581177629958118
0.9992291880781089	0.9583538689009364
0.9992291880781089	0.9585900912003944
0.9992291880781089	0.9588264299802761
0.9992291880781089	0.9590628853267571
0.9992291880781089	0.9592994573260977
0.9992291880781089	0.9595361460646434
0.9992291880781089	0.9597729516288253
0.9992291880781089	0.9600098741051593
0.9992291880781089	0.9602469135802469
0.9992291880781089	0.9604840701407755
0.9992291880781089	0.9607213438735178
0.9992291880781089	0.9609587348653323
0.9992291880781089	0.9611962432031637
0.9992291880781089	0.961433868974042
0.9992291880781089	0.9616716122650841
0.9992291880781089	0.9619094731634924
0.9992291880781089	0.9621474517565561
0.9992291880781089	0.9623855481316506
0.9992291880781089	0.9626237623762376
0.9992291880781089	0.9628620945778658
0.9992291880781089	0.9631005448241704
0.9992291880781089	0.9633391132028735
0.9992291880781089	0.9635777998017839
0.9992291880781089	0.963816604708798
0.9992291880781089	0.9640555280118989
0.9992291880781089	0.964294569799157
0.9992291880781089	0.9645337301587301
0.9992291880781089	0.9647730091788638
0.9992291880781089	0.9650124069478908
0.9992291880781089	0.9652519235542318
0.9992291880781089	0.9654915590863953
0.9992291880781089	0.9657313136329774
0.9992291880781089	0.9659711872826627
0.9992291880781089	0.9662111801242236
0.9992291880781089	0.9664512922465208
0.9992291880781089	0.9666915237385036
0.9992291880781089	0.9669318746892094
0.9992291880781089	0.9671723451877643
0.9992291880781089	0.9674129353233831
0.9992291880781089	0.9676536451853694
0.9992291880781089	0.967894474863116
0.9992291880781089	0.968135424446104
0.9992291880781089	0.9683764940239044
0.9992291880781089	0.9686176836861768
0.9992291880781089	0.9688589935226707
0.9992291880781089	0.9691004236232246
0.9992291880781089	0.9693419740777667
0.9992291880781089	0.9695836449763151
0.9992291880781089	0.9698254364089776
0.9992291880781089	0.9700673484659517
0.9992291880781089	0.970309381237525
0.9992291880781089	0.9705515348140754
0.9992291880781089	0.9707938092860708
0.9992291880781089	0.9710362047440699
0.9992291880781089	0.9712787212787213
0.9992291880781089	0.9715213589807644
0.9992291880781089	0.9717641179410295
0.9992291880781089	0.9720069982504373
0.9992291880781089	0.97225
0.9992291880781089	0.9724931232808202
0.9992291880781089	0.972736368184092
0.9992291880781089	0.9729797348011008
0.9992291880781089	0.9732232232232232
0.9992291880781089	0.9734668335419274
0.9992291880781089	0.9737105658487731
0.9992291880781089	0.973954420235412
0.9992291880781089	0.9741983967935872
0.9992291880781089	0.9744424956151341
0.9992291880781089	0.9746867167919799
0.9992291880781089	0.9749310604161444
0.9992291880781089	0.9751755265797393
0.9992291880781089	0.9754201153749686
0.9992291880781089	0.9756648268941295
0.9992291880781089	0.9759096612296111
0.9992291880781089	0.9761546184738956
0.9992291880781089	0.9763996987195581
0.9992291880781089	0.9766449020592667
0.9992291880781089	0.9768902285857824
0.9992291880781089	0.9771356783919598
0.9992291880781089	0.9773812515707464
0.9992291880781089	0.9776269482151835
0.9992291880781089	0.9778727684184059
0.9992291880781089	0.9781187122736419
0.9992291880781089	0.9783647798742139
0.9992291880781089	0.978610971313538
0.9992291880781089	0.9788572866851246
0.9992291880781089	0.979103726082578
0.9992291880781089	0.979350289599597
0.9992291880781089	0.9795969773299749
0.9992291880781089	0.9798437893675989
0.9992291880781089	0.9800907258064516
0.9992291880781089	0.98033778674061
0.9992291880781089	0.9805849722642461
0.9992291880781089	0.9808322824716267
0.9992291880781089	0.981079717457114
0.9992291880781089	0.9813272773151652
0.9992291880781089	0.9815749621403331
0.9992291880781089	0.9818227720272659
0.9992291880781089	0.9820707070707071
0.9992291880781089	0.9823187673654964
0.9992291880781089	0.9825669530065689
0.9992291880781089	0.9828152640889563
0.9992291880781089	0.9830637007077856
0.9992291880781089	0.9833122629582807
0.9992291880781089	0.9835609509357612
0.9992291880781089	0.9838097647356439
0.9992291880781089	0.9840587044534413
0.9992291880781089	0.9843077701847633
0.9992291880781089	0.9845569620253165
0.9992291880781089	0.984806280070904
0.9992291880781089	0.9850557244174265
0.9992291880781089	0.9853052951608817
0.9992291880781089	0.9855549923973644
0.9992291880781089	0.9858048162230671
0.9992291880781089	0.9860547667342799
0.9992291880781089	0.9863048440273903
0.9992291880781089	0.9865550481988838
0.9992291880781089	0.9868053793453438
0.9992291880781089	0.9870558375634517
0.9992291880781089	0.9873064229499873
0.9992291880781089	0.9875571356018283
0.9992291880781089	0.9878079756159512
0.9992291880781089	0.9880589430894309
0.9992291880781089	0.988310038119441
0.9992291880781089	0.9885612608032537
0.9992291880781089	0.9888126112382405
0.9992291880781089	0.9890640895218719
0.9992291880781089	0.9893156957517171
0.9992291880781089	0.9895674300254453
0.9992291880781089	0.9898192924408247
0.9992291880781089	0.990071283095723
0.9992291880781089	0.990323402088108
0.9992291880781089	0.9905756495160468
0.9992291880781089	0.990828025477707
0.9992291880781089	0.9910805300713558
0.9992291880781089	0.9913331633953607
0.9992291880781089	0.9915859255481897
0.9992291880781089	0.9918388166284111
0.9992291880781089	0.9920918367346939
0.9992291880781089	0.9923449859658076
0.9992291880781089	0.9925982644206227
0.9992291880781089	0.9928516721981108
0.9992291880781089	0.9931052093973443
0.9992291880781089	0.9933588761174968
0.9992291880781089	0.9936126724578437
0.9992291880781089	0.9938665985177613
0.9992291880781089	0.994120654396728
0.9992291880781089	0.9943748401943237
0.9992291880781089	0.9946291560102302
0.9992291880781089	0.9948836019442313
0.9992291880781089	0.9951381780962129
0.9992291880781089	0.9953928845661633
0.998972250770812	0.9953917050691244
0.998972250770812	0.9956466069142126
0.998972250770812	0.9959016393442623
0.998972250770812	0.9961568024596464
0.998972250770812	0.9964120963608406
0.998972250770812	0.9966675211484235
0.998972250770812	0.9969230769230769
0.9987153134635149	0.9969222877660938
0.9987153134635149	0.9971780400205233
0.9987153134635149	0.9974339235309212
0.9987153134635149	0.9976899383983573
0.9984583761562179	0.9976893453145058
0.9984583761562179	0.9979455572675912
0.9984583761562179	0.9982019008476753
0.9982014388489209	0.9982014388489209
0.9982014388489209	0.9984579799537394
0.9979445015416238	0.9984575835475579
0.9976875642343268	0.9984571869375161
0.9976875642343268	0.9987139917695473
0.9974306269270298	0.9987136609210188
0.9971736896197327	0.9987133299022131
0.9971736896197327	0.998970398970399
0.9969167523124358	0.9989701338825953
0.9966598150051388	0.9989698686582539
0.9964028776978417	0.9989696032972695
0.9961459403905447	0.9989693377995362
0.9958890030832477	0.9989690721649485
0.9956320657759506	0.9989688063934004
0.9956320657759506	0.9992264053635895
0.9953751284686536	0.9992262058292494
0.9951181911613566	0.9992260061919505
0.9948612538540597	0.9992258064516129
0.9946043165467626	0.999225606608157
0.9943473792394656	0.9992254066615027
0.9940904419321686	0.9992252066115702
0.9938335046248715	0.9992250064582795
0.9935765673175745	0.9992248062015504
0.9933196300102775	0.9992246058413027
0.9930626927029804	0.999224405377456
0.9928057553956835	0.9992242048099301
0.9925488180883865	0.9992240041386445
0.9922918807810894	0.9992238033635188
0.9920349434737924	0.9992236024844721
0.9917780061664954	0.9992234015014237
0.9915210688591983	0.9992232004142931
0.9912641315519013	0.9992229992229992
0.9910071942446043	0.9992227979274612
0.9907502569373073	0.9992225965275978
0.9904933196300103	0.9992223950233281
0.9902363823227133	0.9992221934145709
0.9899794450154162	0.9992219917012448
0.9897225077081192	0.9992217898832685
0.9894655704008222	0.9992215879605605
0.9892086330935251	0.9992213859330392
0.9889516957862282	0.9992211838006231
0.9886947584789312	0.9992209815632304
0.9884378211716341	0.9992207792207792
0.9881808838643371	0.9992205767731879
0.9879239465570401	0.9992203742203742
0.987667009249743	0.9992201715622563
0.987410071942446	0.999219968798752
0.987153134635149	0.9992197659297789
0.986896197327852	0.9992195629552549
0.986639260020555	0.9992193598750976
0.986382322713258	0.9992191566892243
0.986125385405961	0.9992189533975527
0.9858684480986639	0.99921875
0.9856115107913669	0.9992185464964835
0.9853545734840699	0.9992183428869202
0.9850976361767728	0.9992181391712275
0.9848406988694759	0.9992179353493222
0.9845837615621789	0.9992177314211212
0.9843268242548818	0.9992175273865415
0.9840698869475848	0.9992173232454996
0.9838129496402878	0.9992171189979123
0.9835560123329907	0.9992169146436961
0.9832990750256937	0.9992167101827676
0.9830421377183967	0.999216505615043
0.9827852004110997	0.9992163009404389
0.9825282631038027	0.9992160961588712
0.9822713257965057	0.9992158912702561
0.9820143884892086	0.9992156862745099
0.9817574511819116	0.9992154811715481
0.9815005138746146	0.9992152759612869
0.9812435765673175	0.9992150706436421
0.9809866392600206	0.9992148652185292
0.9807297019527236	0.9992146596858639
0.9804727646454265	0.9992144540455616
0.9802158273381295	0.999214248297538
0.9799588900308325	0.9992140424417082
0.9797019527235354	0.9992138364779874
0.9794450154162384	0.999213630406291
0.9791880781089414	0.9992134242265338
0.9789311408016445	0.999213217938631
0.9786742034943474	0.9992130115424974
0.9784172661870504	0.9992128050380478
0.9781603288797533	0.9992125984251968
0.9779033915724563	0.9992123917038592
0.9776464542651593	0.9992121848739496
0.9773895169578622	0.9992119779353822
0.9771325796505652	0.9992117708880714
0.9768756423432683	0.9992115637319317
0.9766187050359713	0.999211356466877
0.9763617677286742	0.9992111490928215
0.9761048304213772	0.9992109416096792
0.9758478931140802	0.9992107340173638
0.9755909558067831	0.9992105263157894
0.9753340184994861	0.9992103185048697
0.975077081192189	0.9992101105845181
0.9748201438848921	0.9992099025546484
0.9745632065775951	0.9992096944151738
0.9743062692702981	0.9992094861660079
0.974049331963001	0.9992092778070638
0.973792394655704	0.9992090693382547
0.973535457348407	0.9992088607594937
0.9732785200411099	0.9992086520706938
0.9730215827338129	0.9992084432717678
0.972764645426516	0.9992082343626286
0.9725077081192189	0.999208025343189
0.9722507708119219	0.9992078162133615
0.9719938335046249	0.9992076069730587
0.9717368961973278	0.9992073976221929
0.9714799588900308	0.9992071881606766
0.9712230215827338	0.9992069785884219
0.9709660842754368	0.9992067689053411
0.9707091469681398	0.9992065591113463
0.9704522096608428	0.9992063492063492
0.9701952723535457	0.999206139190262
0.9699383350462487	0.9992059290629963
0.9696813977389517	0.9992057188244639
0.9694244604316546	0.9992055084745762
0.9691675231243576	0.999205298013245
0.9689105858170607	0.9992050874403816
0.9686536485097637	0.9992048767558972
0.9683967112024666	0.999204665959703
0.9681397738951696	0.9992044550517104
0.9678828365878726	0.9992042440318303
0.9676258992805755	0.9992040328999735
0.9673689619732785	0.9992038216560509
0.9671120246659815	0.9992036102999734
0.9668550873586845	0.9992033988316517
0.9665981500513875	0.999203187250996
0.9663412127440905	0.9992029755579172
0.9660842754367934	0.9992027637523253
0.9658273381294964	0.9992025518341308
0.9655704008221994	0.9992023398032438
0.9653134635149023	0.9992021276595745
0.9650565262076053	0.9992019154030327
0.9647995889003084	0.9992017030335285
0.9645426515930113	0.9992014905509715
0.9642857142857143	0.9992012779552716
0.9640287769784173	0.9992010652463382
0.9637718396711202	0.999200852424081
0.9635149023638232	0.9992006394884093
0.9632579650565262	0.9992004264392325
0.9630010277492291	0.9992002132764596
0.9627440904419322	0.9992
0.9624871531346352	0.9991997866097626
0.9622302158273381	0.9991995731056563
0.9619732785200411	0.9991993594875901
0.9617163412127441	0.9991991457554725
0.961459403905447	0.9991989319092123
0.96120246659815	0.999198717948718
0.9609455292908531	0.999198503873898
0.960688591983556	0.9991982896846606
0.960431654676259	0.9991980753809142
0.960174717368962	0.9991978609625668
0.959917780061665	0.9991976464295266
0.9596608427543679	0.9991974317817014
0.9594039054470709	0.9991972170189992
0.9591469681397738	0.9991970021413277
0.9588900308324769	0.9991967871485944
0.9586330935251799	0.999196572040707
0.9583761562178829	0.999196356817573
0.9581192189105858	0.9991961414790996
0.9578622816032888	0.9991959260251944
0.9576053442959918	0.999195710455764
0.9573484069886947	0.999195494770716
0.9570914696813977	0.9991952789699571
0.9568345323741008	0.9991950630533941
0.9565775950668037	0.999194847020934
0.9563206577595067	0.9991946308724832
0.9560637204522097	0.9991944146079484
0.9558067831449126	0.9991941982272361
0.9555498458376156	0.9991939817302525
0.9552929085303186	0.999193765116904
0.9550359712230215	0.9991935483870967
0.9547790339157246	0.9991933315407368
0.9545220966084276	0.99919311457773
0.9542651593011305	0.9991928974979822
0.9540082219938335	0.9991926803013994
0.9537512846865365	0.999192462987887
0.9534943473792394	0.9991922455573505
0.9532374100719424	0.9991920280096956
0.9529804727646455	0.9991918103448276
0.9527235354573484	0.9991915925626516
0.9524665981500514	0.9991913746630727
0.9522096608427544	0.9991911566459962
0.9519527235354573	0.9991909385113269
0.9516957862281603	0.9991907202589695
0.9514388489208633	0.999190501888829
0.9511819116135662	0.9991902834008097
0.9509249743062693	0.9991900647948164
0.9506680369989723	0.9991898460707535
0.9504110996916753	0.9991896272285251
0.9501541623843782	0.9991894082680357
0.9498972250770812	0.9991891891891892
0.9496402877697842	0.9991889699918897
0.9493833504624871	0.9991887506760411
0.9491264131551901	0.9991885312415472
0.9488694758478932	0.9991883116883117
0.9486125385405961	0.9991880920162381
0.9483556012332991	0.9991878722252301
0.9480986639260021	0.9991876523151909
0.947841726618705	0.9991874322860238
0.947584789311408	0.9991872121376321
0.947327852004111	0.9991869918699187
0.9470709146968139	0.9991867714827867
0.946813977389517	0.9991865509761388
0.94655704008222	0.9991863303498779
0.9463001027749229	0.9991861096039066
0.9460431654676259	0.9991858887381275
0.9457862281603289	0.999185667752443
0.9455292908530318	0.9991854466467553
0.9452723535457348	0.9991852254209669
0.9450154162384378	0.9991850040749797
0.9447584789311408	0.9991847826086957
0.9445015416238438	0.9991845610220168
0.9442446043165468	0.9991843393148451
0.9439876670092497	0.9991841174870819
0.9437307297019527	0.999183895538629
0.9434737923946557	0.9991836734693877
0.9432168550873586	0.9991834512792597
0.9429599177800617	0.9991832289681459
0.9427029804727647	0.9991830065359477
0.9424460431654677	0.9991827839825661
0.9421891058581706	0.999182561307902
0.9419321685508736	0.9991823385118561
0.9416752312435765	0.9991821155943293
0.9414182939362795	0.9991818925552223
0.9411613566289825	0.9991816693944353
0.9409044193216856	0.999181446111869
0.9406474820143885	0.9991812227074236
0.9403905447070915	0.9991809991809992
0.9401336073997945	0.999180775532496
0.9398766700924974	0.9991805517618138
0.9396197327852004	0.9991803278688525
0.9393627954779034	0.9991801038535119
0.9391058581706063	0.9991798797156917
0.9388489208633094	0.9991796554552912
0.9385919835560124	0.9991794310722101
0.9383350462487153	0.9991792065663475
0.9380781089414183	0.9991789819376026
0.9378211716341213	0.9991787571858747
0.9375642343268242	0.9991785323110625
0.9373072970195272	0.9991783073130649
0.9370503597122302	0.9991780821917808
0.9367934224049332	0.9991778569471088
0.9365364850976362	0.9991776315789473
0.9362795477903392	0.999177406087195
0.9360226104830421	0.9991771804717499
0.9357656731757451	0.9991769547325103
0.9355087358684481	0.9991767288693744
0.935251798561151	0.9991765028822399
0.9349948612538541	0.999176276771005
0.9347379239465571	0.9991760505355671
0.93448098663926	0.9991758241758242
0.934224049331963	0.9991755976916735
0.933967112024666	0.9991753710830127
0.933710174717369	0.9991751443497388
0.9334532374100719	0.9991749174917491
0.9331963001027749	0.9991746905089408
0.932939362795478	0.9991744634012107
0.9326824254881809	0.9991742361684558
0.9324254881808839	0.9991740088105727
0.9321685508735869	0.999173781327458
0.9319116135662898	0.9991735537190083
0.9316546762589928	0.9991733259851199
0.9313977389516958	0.9991730981256891
0.9311408016443987	0.9991728701406121
0.9308838643371018	0.9991726420297848
0.9306269270298048	0.9991724137931034
0.9303699897225077	0.9991721854304636
0.9301130524152107	0.999171956941761
0.9298561151079137	0.9991717283268913
0.9295991778006166	0.9991714995857498
0.9293422404933196	0.9991712707182321
0.9290853031860226	0.9991710417242332
0.9288283658787256	0.9991708126036484
0.9285714285714286	0.9991705833563727
0.9283144912641316	0.9991703539823009
0.9280575539568345	0.9991701244813278
0.9278006166495375	0.9991698948533481
0.9275436793422405	0.9991696650982563
0.9272867420349434	0.9991694352159468
0.9270298047276464	0.999169205206314
0.9267728674203495	0.9991689750692521
0.9265159301130524	0.999168744804655
0.9262589928057554	0.9991685144124168
0.9260020554984584	0.9991682838924314
0.9257451181911613	0.9991680532445923
0.9254881808838643	0.9991678224687933
0.9252312435765673	0.9991675915649278
0.9249743062692704	0.9991673605328892
0.9247173689619733	0.9991671293725708
0.9244604316546763	0.9991668980838656
0.9242034943473793	0.9991666666666666
0.9239465570400822	0.9991664351208669
0.9236896197327852	0.9991662034463591
0.9234326824254881	0.9991659716430359
0.9231757451181911	0.9991657397107898
0.9229188078108942	0.9991655076495132
0.9226618705035972	0.9991652754590985
0.9224049331963001	0.9991650431394378
0.9221479958890031	0.9991648106904232
0.9218910585817061	0.9991645781119465
0.921634121274409	0.9991643454038998
0.921377183967112	0.9991641125661744
0.921120246659815	0.9991638795986622
0.920863309352518	0.9991636465012546
0.920606372045221	0.9991634132738427
0.920349434737924	0.999163179916318
0.9200924974306269	0.9991629464285714
0.9198355601233299	0.999162712810494
0.9195786228160329	0.9991624790619765
0.9193216855087358	0.9991622451829097
0.9190647482014388	0.9991620111731844
0.9188078108941419	0.9991617770326907
0.9185508735868448	0.9991615427613192
0.9182939362795478	0.99916130835896
0.9180369989722508	0.9991610738255033
0.9177800616649537	0.9991608391608392
0.9175231243576567	0.9991606043648573
0.9172661870503597	0.9991603694374476
0.9170092497430626	0.9991601343784995
0.9167523124357657	0.9991598991879026
0.9164953751284687	0.9991596638655462
0.9162384378211716	0.9991594284113197
0.9159815005138746	0.9991591928251121
0.9157245632065776	0.9991589571068125
0.9154676258992805	0.9991587212563096
0.9152106885919835	0.9991584852734923
0.9149537512846866	0.9991582491582491
0.9146968139773896	0.9991580129104687
0.9144398766700925	0.9991577765300393
0.9141829393627955	0.9991575400168492
0.9139260020554985	0.9991573033707866
0.9136690647482014	0.9991570665917393
0.9134121274409044	0.9991568296795953
0.9131551901336074	0.9991565926342424
0.9128982528263104	0.999156355455568
0.9126413155190134	0.99915611814346
0.9123843782117164	0.9991558806978053
0.9121274409044193	0.9991556431184914
0.9118705035971223	0.9991554054054054
0.9116135662898253	0.9991551675584343
0.9113566289825282	0.9991549295774648
0.9110996916752312	0.9991546914623838
0.9108427543679343	0.9991544532130778
0.9105858170606372	0.9991542148294333
0.9103288797533402	0.9991539763113367
0.9100719424460432	0.9991537376586742
0.9098150051387461	0.9991534988713319
0.9095580678314491	0.9991532599491956
0.9093011305241521	0.9991530208921513
0.909044193216855	0.9991527817000847
0.9087872559095581	0.9991525423728813
0.9085303186022611	0.9991523029104267
0.908273381294964	0.999152063312606
0.908016443987667	0.9991518235793045
0.90775950668037	0.9991515837104072
0.9075025693730729	0.9991513437057992
0.9072456320657759	0.9991511035653651
0.906988694758479	0.9991508632889895
0.906731757451182	0.9991506228765572
0.9064748201438849	0.9991503823279524
0.9062178828365879	0.9991501416430595
0.9059609455292909	0.9991499008217626
0.9057040082219938	0.9991496598639455
0.9054470709146968	0.9991494187694925
0.9051901336073997	0.999149177538287
0.9049331963001028	0.9991489361702127
0.9046762589928058	0.9991486946651532
0.9044193216855088	0.9991484530229918
0.9041623843782117	0.9991482112436116
0.9039054470709147	0.9991479693268958
0.9036485097636177	0.9991477272727273
0.9033915724563206	0.9991474850809889
0.9031346351490236	0.9991472427515634
0.9028776978417267	0.9991470002843332
0.9026207605344296	0.9991467576791809
0.9023638232271326	0.9991465149359886
0.9021068859198356	0.9991462720546386
0.9018499486125385	0.9991460290350128
0.9015930113052415	0.9991457858769932
0.9013360739979445	0.9991455425804614
0.9010791366906474	0.9991452991452991
0.9008221993833505	0.9991450555713879
0.9005652620760535	0.9991448118586089
0.9003083247687564	0.9991445680068435
0.9000513874614594	0.9991443240159726
0.8997944501541624	0.9991440798858773
0.8995375128468653	0.9991438356164384
0.8992805755395683	0.9991435912075364
0.8990236382322713	0.999143346659052
0.8987667009249743	0.9991431019708654
0.8985097636176773	0.9991428571428571
0.8982528263103803	0.9991426121749071
0.8979958890030832	0.9991423670668954
0.8977389516957862	0.9991421218187018
0.8974820143884892	0.9991418764302059
0.8972250770811921	0.9991416309012876
0.8969681397738952	0.9991413852318259
0.8967112024665982	0.9991411394217006
0.8964542651593012	0.9991408934707904
0.8961973278520041	0.9991406473789745
0.8959403905447071	0.9991404011461318
0.89568345323741	0.999140154772141
0.895426515930113	0.9991399082568807
0.895169578622816	0.9991396616002294
0.8949126413155191	0.9991394148020654
0.894655704008222	0.9991391678622669
0.894398766700925	0.9991389207807119
0.894141829393628	0.9991386735572783
0.8938848920863309	0.9991384261918438
0.8936279547790339	0.9991381786842861
0.8933710174717369	0.9991379310344828
0.8931140801644398	0.999137683242311
0.8928571428571429	0.9991374353076481
0.8926002055498459	0.999137187230371
0.8923432682425488	0.9991369390103567
0.8920863309352518	0.999136690647482
0.8918293936279548	0.9991364421416234
0.8915724563206577	0.9991361934926577
0.8913155190133607	0.9991359447004609
0.8910585817060637	0.9991356957649092
0.8908016443987667	0.999135446685879
0.8905447070914697	0.9991351974632459
0.8902877697841727	0.9991349480968859
0.8900308324768756	0.9991346985866744
0.8897738951695786	0.999134448932487
0.8895169578622816	0.9991341991341991
0.8892600205549845	0.999133949191686
0.8890030832476875	0.9991336991048224
0.8887461459403906	0.9991334488734835
0.8884892086330936	0.9991331984975441
0.8882322713257965	0.9991329479768786
0.8879753340184995	0.9991326973113617
0.8877183967112025	0.9991324465008675
0.8874614594039054	0.9991321955452704
0.8872045220966084	0.9991319444444444
0.8869475847893115	0.9991316931982633
0.8866906474820144	0.9991314418066011
0.8864337101747174	0.9991311902693311
0.8861767728674204	0.9991309385863267
0.8859198355601233	0.9991306867574616
0.8856628982528263	0.9991304347826087
0.8854059609455293	0.9991301826616411
0.8851490236382322	0.9991299303944315
0.8848920863309353	0.999129677980853
0.8846351490236383	0.9991294254207778
0.8843782117163412	0.9991291727140784
0.8841212744090442	0.9991289198606271
0.8838643371017472	0.9991286668602962
0.8836073997944501	0.9991284137129576
0.8833504624871531	0.999128160418483
0.8830935251798561	0.9991279069767441
0.8828365878725591	0.9991276533876127
0.8825796505652621	0.9991273996509599
0.8823227132579651	0.999127145766657
0.882065775950668	0.9991268917345751
0.881808838643371	0.9991266375545852
0.881551901336074	0.999126383226558
0.8812949640287769	0.9991261287503641
0.8810380267214799	0.9991258741258742
0.880781089414183	0.9991256193529583
0.880524152106886	0.9991253644314869
0.8802672147995889	0.9991251093613298
0.8800102774922919	0.9991248541423571
0.8797533401849948	0.9991245987744383
0.8794964028776978	0.999124343257443
0.8792394655704008	0.9991240875912408
0.8789825282631039	0.999123831775701
0.8787255909558068	0.9991235758106923
0.8784686536485098	0.9991233196960841
0.8782117163412128	0.9991230634317451
0.8779547790339157	0.9991228070175439
0.8776978417266187	0.999122550453349
0.8774409044193217	0.9991222937390287
0.8771839671120246	0.9991220368744512
0.8769270298047277	0.9991217798594848
0.8766700924974307	0.9991215226939971
0.8764131551901336	0.9991212653778558
0.8761562178828366	0.9991210079109288
0.8758992805755396	0.9991207502930832
0.8756423432682425	0.9991204925241864
0.8753854059609455	0.9991202346041056
0.8751284686536485	0.9991199765327076
0.8748715313463515	0.9991197183098591
0.8746145940390545	0.9991194599354271
0.8743576567317575	0.9991192014092778
0.8741007194244604	0.9991189427312775
0.8738437821171634	0.9991186839012925
0.8735868448098664	0.9991184249191889
0.8733299075025693	0.9991181657848325
0.8730729701952723	0.9991179064980888
0.8728160328879754	0.9991176470588236
0.8725590955806783	0.999117387466902
0.8723021582733813	0.9991171277221895
0.8720452209660843	0.9991168678245511
0.8717882836587872	0.9991166077738516
0.8715313463514902	0.9991163475699558
0.8712744090441932	0.9991160872127284
0.8710174717368961	0.9991158267020336
0.8707605344295992	0.9991155660377359
0.8705035971223022	0.9991153052196992
0.8702466598150052	0.9991150442477876
0.8699897225077081	0.9991147831218649
0.8697327852004111	0.9991145218417946
0.869475847893114	0.9991142604074402
0.869218910585817	0.9991139988186651
0.8689619732785201	0.9991137370753324
0.8687050359712231	0.999113475177305
0.868448098663926	0.9991132131244458
0.868191161356629	0.9991129509166173
0.867934224049332	0.9991126885536823
0.8676772867420349	0.999112426035503
0.8674203494347379	0.9991121633619414
0.8671634121274409	0.9991119005328597
0.8669064748201439	0.9991116375481196
0.8666495375128469	0.9991113744075829
0.8663926002055499	0.9991111111111111
0.8661356628982528	0.9991108476585655
0.8658787255909558	0.9991105840498073
0.8656217882836588	0.9991103202846975
0.8653648509763617	0.999110056363097
0.8651079136690647	0.9991097922848665
0.8648509763617678	0.9991095280498664
0.8645940390544707	0.9991092636579573
0.8643371017471737	0.9991089991089991
0.8640801644398767	0.9991087344028521
0.8638232271325796	0.9991084695393759
0.8635662898252826	0.9991082045184304
0.8633093525179856	0.9991079393398751
0.8630524152106885	0.9991076740035693
0.8627954779033916	0.9991074085093722
0.8625385405960946	0.9991071428571429
0.8622816032887975	0.9991068770467401
0.8620246659815005	0.9991066110780227
0.8617677286742035	0.9991063449508489
0.8615107913669064	0.9991060786650775
0.8612538540596094	0.9991058122205663
0.8609969167523125	0.9991055456171736
0.8607399794450155	0.999105278854757
0.8604830421377184	0.9991050119331742
0.8602261048304214	0.999104744852283
0.8599691675231244	0.9991044776119403
0.8597122302158273	0.9991042102120036
0.8594552929085303	0.9991039426523297
0.8591983556012333	0.9991036749327756
0.8589414182939363	0.9991034070531979
0.8586844809866393	0.9991031390134529
0.8584275436793423	0.9991028708133971
0.8581706063720452	0.9991026024528866
0.8579136690647482	0.9991023339317774
0.8576567317574512	0.9991020652499252
0.8573997944501541	0.9991017964071857
0.8571428571428571	0.9991015274034142
0.8568859198355602	0.9991012582384662
0.8566289825282631	0.9991009889121966
0.8563720452209661	0.9991007194244604
0.8561151079136691	0.9991004497751125
0.855858170606372	0.9991001799640072
0.855601233299075	0.9990999099909991
0.855344295991778	0.9990996398559424
0.8550873586844809	0.999099369558691
0.854830421377184	0.9990990990990991
0.854573484069887	0.9990988284770201
0.85431654676259	0.9990985576923077
0.8540596094552929	0.9990982867448152
0.8538026721479959	0.9990980156343957
0.8535457348406988	0.9990977443609023
0.8532887975334018	0.9990974729241877
0.8530318602261048	0.9990972013241047
0.8527749229188079	0.9990969295605057
0.8525179856115108	0.999096657633243
0.8522610483042138	0.9990963855421687
0.8520041109969168	0.9990961132871347
0.8517471736896197	0.9990958408679927
0.8514902363823227	0.9990955682845946
0.8512332990750257	0.9990952955367913
0.8509763617677287	0.9990950226244344
0.8507194244604317	0.9990947495473748
0.8504624871531347	0.9990944763054633
0.8502055498458376	0.9990942028985508
0.8499486125385406	0.9990939293264874
0.8496916752312436	0.9990936555891239
0.8494347379239465	0.99909338168631
0.8491778006166495	0.999093107617896
0.8489208633093526	0.9990928333837314
0.8486639260020555	0.9990925589836661
0.8484069886947585	0.9990922844175492
0.8481500513874615	0.99909200968523
0.8478931140801644	0.9990917347865577
0.8476361767728674	0.999091459721381
0.8473792394655704	0.9990911844895486
0.8471223021582733	0.9990909090909091
0.8468653648509764	0.9990906335253107
0.8466084275436794	0.9990903577926016
0.8463514902363823	0.9990900818926297
0.8460945529290853	0.9990898058252428
0.8458376156217883	0.9990895295902883
0.8455806783144912	0.9990892531876139
0.8453237410071942	0.9990889766170665
0.8450668036998972	0.9990886998784934
0.8448098663926003	0.9990884229717412
0.8445529290853032	0.9990881458966565
0.8442959917780062	0.9990878686530861
0.8440390544707091	0.9990875912408759
0.8437821171634121	0.9990873136598722
0.8435251798561151	0.9990870359099209
0.843268242548818	0.9990867579908675
0.843011305241521	0.9990864799025578
0.8427543679342241	0.9990862016448371
0.8424974306269271	0.9990859232175503
0.84224049331963	0.9990856446205425
0.841983556012333	0.9990853658536586
0.841726618705036	0.9990850869167429
0.8414696813977389	0.99908480780964
0.8412127440904419	0.9990845285321941
0.840955806783145	0.9990842490842491
0.8406988694758479	0.9990839694656488
0.8404419321685509	0.9990836896762371
0.8401849948612539	0.999083409715857
0.8399280575539568	0.9990831295843521
0.8396711202466598	0.9990828492815653
0.8394141829393628	0.9990825688073395
0.8391572456320657	0.9990822881615172
0.8389003083247688	0.9990820073439413
0.8386433710174718	0.9990817263544536
0.8383864337101747	0.9990814451928965
0.8381294964028777	0.9990811638591118
0.8378725590955807	0.9990808823529411
0.8376156217882836	0.9990806006742262
0.8373586844809866	0.9990803188228081
0.8371017471736896	0.9990800367985281
0.8368448098663926	0.999079754601227
0.8365878725590956	0.9990794722307457
0.8363309352517986	0.9990791896869244
0.8360739979445015	0.9990789069696039
0.8358170606372045	0.9990786240786241
0.8355601233299075	0.9990783410138249
0.8353031860226104	0.9990780577750461
0.8350462487153134	0.9990777743621273
0.8347893114080165	0.9990774907749077
0.8345323741007195	0.9990772070132267
0.8342754367934224	0.9990769230769231
0.8340184994861254	0.9990766389658357
0.8337615621788284	0.9990763546798029
0.8335046248715313	0.9990760702186634
0.8332476875642343	0.9990757855822551
0.8329907502569374	0.9990755007704161
0.8327338129496403	0.999075215782984
0.8324768756423433	0.9990749306197965
0.8322199383350463	0.9990746452806909
0.8319630010277492	0.9990743597655045
0.8317060637204522	0.9990740740740741
0.8314491264131552	0.9990737882062365
0.8311921891058581	0.9990735021618283
0.8309352517985612	0.9990732159406858
0.8306783144912642	0.9990729295426453
0.8304213771839671	0.9990726429675425
0.8301644398766701	0.9990723562152134
0.8299075025693731	0.9990720692854933
0.829650565262076	0.9990717821782178
0.829393627954779	0.9990714948932219
0.829136690647482	0.9990712074303405
0.828879753340185	0.9990709197894085
0.828622816032888	0.9990706319702602
0.828365878725591	0.9990703439727301
0.8281089414182939	0.9990700557966522
0.8278520041109969	0.9990697674418605
0.8275950668036999	0.9990694789081885
0.8273381294964028	0.99906919019547
0.8270811921891058	0.9990689013035382
0.8268242548818089	0.999068612232226
0.8265673175745119	0.9990683229813665
0.8263103802672148	0.9990680335507922
0.8260534429599178	0.9990677439403356
0.8257965056526207	0.999067454149829
0.8255395683453237	0.9990671641791045
0.8252826310380267	0.9990668740279938
0.8250256937307296	0.9990665836963286
0.8247687564234327	0.9990662931839402
0.8245118191161357	0.99906600249066
0.8242548818088387	0.9990657116163189
0.8239979445015416	0.9990654205607477
0.8237410071942446	0.9990651293237769
0.8234840698869476	0.9990648379052369
0.8232271325796505	0.9990645463049579
0.8229701952723536	0.9990642545227698
0.8224563206577595	0.9990636704119851
0.8221993833504625	0.9990633780830471
0.8219424460431655	0.9990630855715178
0.8216855087358684	0.9990627928772259
0.8214285714285714	0.9990625
0.8211716341212744	0.9990622069396686
0.8209146968139774	0.99906191369606
0.8206577595066804	0.9990616202690021
0.8204008221993834	0.9990613266583229
0.8201438848920863	0.9990610328638497
0.8198869475847893	0.9990607388854101
0.8196300102774923	0.9990604447228312
0.8193730729701952	0.9990601503759399
0.8191161356628982	0.9990598558445628
0.8188591983556013	0.9990595611285267
0.8186022610483042	0.9990592662276576
0.8183453237410072	0.9990589711417817
0.8180883864337102	0.9990586758707248
0.8178314491264131	0.9990583804143126
0.8175745118191161	0.9990580847723705
0.8173175745118191	0.9990577889447236
0.817060637204522	0.9990574929311969
0.8168036998972251	0.9990571967316153
0.8165467625899281	0.9990569003458032
0.816289825282631	0.9990566037735849
0.816032887975334	0.9990563070147845
0.815775950668037	0.999056010069226
0.81551901336074	0.9990557129367328
0.8152620760534429	0.9990554156171285
0.8150051387461459	0.9990551181102362
0.814748201438849	0.999054820415879
0.8144912641315519	0.9990545225338796
0.8142343268242549	0.9990542244640606
0.8139773895169579	0.9990539262062441
0.8137204522096608	0.9990536277602524
0.8134635149023638	0.9990533291259073
0.8132065775950668	0.9990530303030303
0.8129496402877698	0.999052731291443
0.8126927029804728	0.9990524320909665
0.8124357656731758	0.9990521327014218
0.8121788283658787	0.9990518331226296
0.8119218910585817	0.9990515333544103
0.8116649537512847	0.9990512333965844
0.8114080164439876	0.9990509332489719
0.8111510791366906	0.9990506329113924
0.8108941418293937	0.9990503323836657
0.8106372045220966	0.9990500316656111
0.8103802672147996	0.9990497307570478
0.8101233299075026	0.9990494296577946
0.8098663926002055	0.9990491283676703
0.8096094552929085	0.9990488268864933
0.8093525179856115	0.9990485252140818
0.8090955806783144	0.9990482233502538
0.8088386433710175	0.999047921294827
0.8085817060637205	0.9990476190476191
0.8083247687564235	0.9990473166084471
0.8080678314491264	0.9990470139771284
0.8078108941418294	0.9990467111534795
0.8075539568345323	0.9990464081373173
0.8072970195272353	0.9990461049284579
0.8070400822199383	0.9990458015267175
0.8067831449126414	0.9990454979319122
0.8067831449126414	0.9993634627625716
0.8065262076053443	0.9993632601082458
0.8062692702980473	0.9993630573248408
0.8060123329907503	0.9993628544122332
0.8057553956834532	0.9993626513702996
0.8054984583761562	0.9993624481989162
0.8052415210688592	0.9993622448979592
0.8049845837615622	0.9993620414673047
0.8047276464542652	0.9993618379068283
0.8044707091469682	0.999361634216406
0.8042137718396711	0.9993614303959132
0.8039568345323741	0.9993612264452252
0.8036998972250771	0.9993610223642172
0.80344295991778	0.9993608181527645
0.803186022610483	0.9993606138107417
0.8029290853031861	0.9993604093380236
0.802672147995889	0.999360204734485
0.802415210688592	0.99936
0.802158273381295	0.9993597951344431
0.8019013360739979	0.9993595901376882
0.8016443987667009	0.9993593850096092
0.8013874614594039	0.9993591797500802
0.8011305241521068	0.9993589743589744
0.8008735868448099	0.9993587688361655
0.8006166495375129	0.9993585631815266
0.8003597122302158	0.9993583573949311
0.8001027749229188	0.9993581514762516
0.7998458376156218	0.9993579454253612
0.7995889003083247	0.9993577392421323
0.7993319630010277	0.9993575329264375
0.7990750256937307	0.9993573264781491
0.7988180883864338	0.9993571198971392
0.7985611510791367	0.9993569131832798
0.7983042137718397	0.9993567063364426
0.7980472764645427	0.9993564993564994
0.7977903391572456	0.9993562922433216
0.7975334018499486	0.9993560849967804
0.7972764645426516	0.9993558776167472
0.7970195272353545	0.9993556701030928
0.7967625899280576	0.9993554624556881
0.7965056526207606	0.9993552546744036
0.7962487153134635	0.9993550467591099
0.7959917780061665	0.9993548387096775
0.7957348406988695	0.9993546305259762
0.7954779033915724	0.9993544222078761
0.7952209660842754	0.999354213755247
0.7949640287769785	0.9993540051679587
0.7947070914696814	0.9993537964458804
0.7944501541623844	0.9993535875888817
0.7941932168550874	0.9993533785968316
0.7939362795477903	0.999353169469599
0.7936793422404933	0.9993529602070528
0.7934224049331963	0.9993527508090615
0.7931654676258992	0.9993525412754937
0.7929085303186023	0.9993523316062176
0.7926515930113053	0.9993521218011014
0.7923946557040082	0.9993519118600129
0.7921377183967112	0.9993517017828201
0.7918807810894142	0.9993514915693904
0.7916238437821171	0.9993512812195913
0.7913669064748201	0.9993510707332901
0.7911099691675231	0.9993508601103538
0.7908530318602262	0.9993506493506493
0.7905960945529291	0.9993504384540435
0.7903391572456321	0.9993502274204028
0.790082219938335	0.9993500162495937
0.789825282631038	0.9993498049414824
0.789568345323741	0.999349593495935
0.789311408016444	0.9993493819128172
0.7890544707091469	0.9993491701919948
0.78879753340185	0.9993489583333334
0.788540596094553	0.9993487463366981
0.7882836587872559	0.9993485342019544
0.7880267214799589	0.999348321928967
0.7877697841726619	0.999348109517601
0.7875128468653648	0.9993478969677209
0.7872559095580678	0.9993476842791911
0.7869989722507709	0.999347471451876
0.7867420349434738	0.9993472584856397
0.7864850976361768	0.999347045380346
0.7862281603288798	0.999346832135859
0.7859712230215827	0.9993466187520418
0.7857142857142857	0.9993464052287582
0.7854573484069887	0.9993461915658712
0.7852004110996916	0.999345977763244
0.7849434737923947	0.9993457638207393
0.7846865364850977	0.9993455497382199
0.7844295991778006	0.9993453355155483
0.7841726618705036	0.9993451211525868
0.7839157245632066	0.9993449066491975
0.7836587872559095	0.9993446920052425
0.7834018499486125	0.9993444772205834
0.7831449126413155	0.999344262295082
0.7828879753340185	0.9993440472285995
0.7826310380267215	0.9993438320209974
0.7823741007194245	0.9993436166721366
0.7821171634121274	0.9993434011818779
0.7818602261048304	0.9993431855500821
0.7816032887975334	0.9993429697766097
0.7813463514902363	0.9993427538613211
0.7810894141829393	0.9993425378040762
0.7808324768756424	0.9993423216047352
0.7805755395683454	0.9993421052631579
0.7803186022610483	0.9993418887792037
0.7800616649537513	0.9993416721527321
0.7798047276464543	0.9993414553836022
0.7795477903391572	0.9993412384716732
0.7792908530318602	0.9993410214168039
0.7790339157245632	0.999340804218853
0.7787769784172662	0.9993405868776789
0.7785200411099692	0.9993403693931399
0.7782631038026722	0.999340151765094
0.7780061664953751	0.9993399339933994
0.7777492291880781	0.9993397160779135
0.7774922918807811	0.9993394980184941
0.777235354573484	0.9993392798149984
0.7769784172661871	0.9993390614672836
0.7767214799588901	0.9993388429752066
0.776464542651593	0.9993386243386243
0.776207605344296	0.9993384055573933
0.775950668036999	0.99933818663137
0.7756937307297019	0.9993379675604105
0.7754367934224049	0.9993377483443708
0.7751798561151079	0.999337528983107
0.774922918807811	0.9993373094764745
0.7746659815005139	0.9993370898243288
0.7744090441932169	0.9993368700265252
0.7741521068859198	0.9993366500829187
0.7738951695786228	0.9993364299933643
0.7736382322713258	0.9993362097577165
0.7733812949640287	0.99933598937583
0.7731243576567317	0.9993357688475589
0.7728674203494348	0.9993355481727575
0.7726104830421378	0.9993353273512795
0.7723535457348407	0.9993351063829787
0.7720966084275437	0.9993348852677086
0.7718396711202467	0.9993346640053227
0.7715827338129496	0.9993344425956738
0.7713257965056526	0.9993342210386151
0.7710688591983555	0.9993339993339994
0.7708119218910586	0.9993337774816788
0.7705549845837616	0.9993335554815062
0.7702980472764646	0.9993333333333333
0.7700411099691675	0.9993331110370124
0.7697841726618705	0.9993328885923949
0.7695272353545735	0.9993326659993327
0.7692702980472764	0.9993324432576769
0.7690133607399794	0.9993322203672788
0.7687564234326825	0.9993319973279893
0.7684994861253854	0.9993317741396592
0.7682425488180884	0.9993315508021391
0.7679856115107914	0.9993313273152792
0.7677286742034943	0.9993311036789297
0.7674717368961973	0.9993308798929408
0.7672147995889003	0.999330655957162
0.7669578622816033	0.9993304318714429
0.7667009249743063	0.999330207635633
0.7664439876670093	0.9993299832495812
0.7661870503597122	0.9993297587131368
0.7659301130524152	0.9993295340261482
0.7656731757451182	0.9993293091884641
0.7654162384378211	0.9993290841999329
0.7651593011305241	0.9993288590604027
0.7649023638232272	0.9993286337697214
0.7646454265159301	0.9993284083277367
0.7643884892086331	0.9993281827342962
0.7641315519013361	0.9993279569892473
0.763874614594039	0.999327731092437
0.763617677286742	0.9993275050437121
0.763360739979445	0.9993272788429196
0.763103802672148	0.9993270524899058
0.762846865364851	0.999326825984517
0.762589928057554	0.9993265993265993
0.762332990750257	0.9993263725159987
0.7620760534429599	0.9993261455525606
0.7618191161356629	0.9993259184361307
0.7615621788283659	0.9993256911665542
0.7613052415210688	0.9993254637436763
0.7610483042137718	0.9993252361673415
0.7607913669064749	0.9993250084373946
0.7605344295991778	0.9993247805536799
0.7602774922918808	0.9993245525160419
0.7600205549845838	0.9993243243243243
0.7597636176772867	0.999324095978371
0.7595066803699897	0.9993238674780257
0.7592497430626927	0.9993236388231316
0.7589928057553957	0.9993234100135318
0.7587358684480987	0.9993231810490694
0.7584789311408017	0.999322951929587
0.7582219938335046	0.9993227226549272
0.7579650565262076	0.9993224932249323
0.7577081192189106	0.9993222636394442
0.7574511819116135	0.9993220338983051
0.7571942446043165	0.9993218040013564
0.7569373072970196	0.9993215739484396
0.7566803699897225	0.999321343739396
0.7564234326824255	0.9993211133740665
0.7561664953751285	0.999320882852292
0.7559095580678314	0.9993206521739131
0.7556526207605344	0.99932042133877
0.7553956834532374	0.9993201903467029
0.7551387461459403	0.9993199591975519
0.7548818088386434	0.9993197278911564
0.7546248715313464	0.9993194964273563
0.7543679342240494	0.9993192648059904
0.7541109969167523	0.9993190330268982
0.7538540596094553	0.9993188010899182
0.7535971223021583	0.9993185689948892
0.7533401849948612	0.9993183367416496
0.7530832476875642	0.9993181043300375
0.7528263103802673	0.9993178717598908
0.7525693730729702	0.9993176390310474
0.7523124357656732	0.9993174061433447
0.7520554984583762	0.99931717309662
0.7517985611510791	0.9993169398907104
0.7515416238437821	0.9993167065254527
0.7512846865364851	0.9993164730006835
0.751027749229188	0.9993162393162394
0.7507708119218911	0.9993160054719562
0.7505138746145941	0.9993157714676703
0.750256937307297	0.999315537303217
0.75	0.9993153029784321
0.749743062692703	0.9993150684931507
0.7494861253854059	0.999314833847208
0.7492291880781089	0.9993145990404386
0.748972250770812	0.9993143640726774
0.7487153134635149	0.9993141289437586
0.7484583761562179	0.9993138936535163
0.7482014388489209	0.9993136582017845
0.7479445015416238	0.9993134225883968
0.7476875642343268	0.9993131868131868
0.7474306269270298	0.9993129508759876
0.7471736896197327	0.9993127147766323
0.7469167523124358	0.9993124785149536
0.7466598150051388	0.9993122420907841
0.7464028776978417	0.9993120055039559
0.7461459403905447	0.9993117687543015
0.7458890030832477	0.9993115318416523
0.7456320657759506	0.9993112947658402
0.7453751284686536	0.9993110575266965
0.7451181911613566	0.9993108201240524
0.7448612538540597	0.9993105825577387
0.7446043165467626	0.9993103448275862
0.7443473792394656	0.9993101069334254
0.7440904419321686	0.9993098688750862
0.7438335046248715	0.9993096306523991
0.7435765673175745	0.9993093922651933
0.7433196300102775	0.9993091537132988
0.7430626927029804	0.9993089149965446
0.7428057553956835	0.9993086761147598
0.7425488180883865	0.9993084370677732
0.7422918807810894	0.9993081978554134
0.7420349434737924	0.9993079584775086
0.7417780061664954	0.9993077189338871
0.7415210688591983	0.9993074792243767
0.7412641315519013	0.9993072393488049
0.7410071942446043	0.9993069993069993
0.7407502569373073	0.9993067590987869
0.7404933196300103	0.9993065187239945
0.7402363823227133	0.9993062781824489
0.7399794450154162	0.9993060374739764
0.7397225077081192	0.9993057965984034
0.7394655704008222	0.9993055555555556
0.7392086330935251	0.9993053143452588
0.7389516957862282	0.9993050729673384
0.7386947584789312	0.9993048314216197
0.7384378211716341	0.9993045897079277
0.7381808838643371	0.9993043478260869
0.7379239465570401	0.9993041057759221
0.737667009249743	0.9993038635572572
0.737410071942446	0.9993036211699164
0.737153134635149	0.9993033786137234
0.736896197327852	0.9993031358885017
0.736639260020555	0.9993028929940746
0.736382322713258	0.999302649930265
0.736125385405961	0.9993024066968957
0.7358684480986639	0.9993021632937893
0.7356115107913669	0.9993019197207679
0.7353545734840699	0.9993016759776536
0.7350976361767728	0.9993014320642682
0.7348406988694759	0.9993011879804332
0.7345837615621789	0.9993009437259699
0.7343268242548818	0.9993006993006993
0.7340698869475848	0.9993004547044421
0.7338129496402878	0.9993002099370188
0.7335560123329907	0.9992999649982499
0.7332990750256937	0.9992997198879552
0.7330421377183967	0.9992994746059545
0.7327852004110997	0.9992992291520673
0.7325282631038027	0.9992989835261129
0.7322713257965057	0.9992987377279102
0.7320143884892086	0.9992984917572781
0.7317574511819116	0.9992982456140351
0.7315005138746146	0.9992979992979993
0.7312435765673175	0.9992977528089888
0.7309866392600206	0.9992975061468212
0.7307297019527236	0.9992972593113141
0.7304727646454265	0.9992970123022847
0.7302158273381295	0.9992967651195499
0.7299588900308325	0.9992965177629265
0.7297019527235354	0.9992962702322308
0.7294450154162384	0.9992960225272791
0.7291880781089414	0.9992957746478873
0.7289311408016445	0.9992955265938711
0.7286742034943474	0.9992952783650458
0.7284172661870504	0.9992950299612267
0.7281603288797533	0.9992947813822285
0.7279033915724563	0.9992945326278659
0.7276464542651593	0.9992942836979535
0.7273895169578622	0.9992940345923049
0.7271325796505652	0.9992937853107344
0.7268756423432683	0.9992935358530555
0.7266187050359713	0.9992932862190813
0.7263617677286742	0.999293036408625
0.7261048304213772	0.9992927864214993
0.7258478931140802	0.9992925362575168
0.7255909558067831	0.9992922859164898
0.7253340184994861	0.9992920353982301
0.725077081192189	0.9992917847025495
0.7248201438848921	0.9992915338292596
0.7245632065775951	0.9992912827781715
0.7243062692702981	0.999291031549096
0.724049331963001	0.999290780141844
0.723792394655704	0.9992905285562256
0.723535457348407	0.9992902767920511
0.7232785200411099	0.9992900248491303
0.7230215827338129	0.9992897727272727
0.722764645426516	0.9992895204262877
0.7225077081192189	0.9992892679459844
0.7222507708119219	0.9992890152861713
0.7219938335046249	0.9992887624466572
0.7217368961973278	0.9992885094272501
0.7214799588900308	0.999288256227758
0.7212230215827338	0.9992880028479886
0.7209660842754368	0.9992877492877493
0.7207091469681398	0.9992874955468471
0.7204522096608428	0.9992872416250891
0.7201952723535457	0.9992869875222816
0.7199383350462487	0.9992867332382311
0.7196813977389517	0.9992864787727435
0.7194244604316546	0.9992862241256245
0.7191675231243576	0.9992859692966798
0.7189105858170607	0.9992857142857143
0.7186536485097637	0.9992854590925331
0.7183967112024666	0.9992852037169406
0.7181397738951696	0.9992849481587415
0.7178828365878726	0.9992846924177397
0.7176258992805755	0.9992844364937388
0.7173689619732785	0.9992841803865425
0.7171120246659815	0.9992839240959541
0.7168550873586845	0.9992836676217765
0.7165981500513875	0.9992834109638122
0.7163412127440905	0.9992831541218637
0.7160842754367934	0.9992828970957333
0.7158273381294964	0.9992826398852224
0.7155704008221994	0.9992823824901328
0.7153134635149023	0.9992821249102656
0.7150565262076053	0.9992818671454219
0.7147995889003084	0.9992816091954023
0.7145426515930113	0.9992813510600072
0.7142857142857143	0.9992810927390366
0.7140287769784173	0.9992808342322905
0.7137718396711202	0.9992805755395684
0.7135149023638232	0.9992803166606693
0.7132579650565262	0.9992800575953924
0.7130010277492291	0.9992797983435362
0.7127440904419322	0.9992795389048992
0.7124871531346352	0.9992792792792793
0.7122302158273381	0.9992790194664743
0.7119732785200411	0.999278759466282
0.7117163412127441	0.9992784992784993
0.711459403905447	0.9992782389029231
0.71120246659815	0.9992779783393502
0.7109455292908531	0.9992777175875768
0.710688591983556	0.9992774566473989
0.710431654676259	0.9992771955186122
0.710174717368962	0.9992769342010123
0.709917780061665	0.9992766726943942
0.7096608427543679	0.9992764109985528
0.7094039054470709	0.9992761491132827
0.7091469681397738	0.999275887038378
0.7088900308324769	0.9992756247736327
0.7086330935251799	0.9992753623188406
0.7083761562178829	0.9992750996737948
0.7081192189105858	0.9992748368382887
0.7078622816032888	0.9992745738121146
0.7076053442959918	0.9992743105950653
0.7073484069886947	0.9992740471869328
0.7070914696813977	0.9992737835875091
0.7068345323741008	0.9992735197965855
0.7065775950668037	0.9992732558139535
0.7063206577595067	0.9992729916394039
0.7060637204522097	0.9992727272727273
0.7058067831449126	0.9992724627137141
0.7055498458376156	0.9992721979621543
0.7052929085303186	0.9992719330178377
0.7050359712230215	0.9992716678805535
0.7047790339157246	0.9992714025500911
0.7045220966084276	0.999271137026239
0.7042651593011305	0.999270871308786
0.7040082219938335	0.9992706053975201
0.7037512846865365	0.9992703392922291
0.7034943473792394	0.9992700729927008
0.7032374100719424	0.9992698064987222
0.7029804727646455	0.9992695398100804
0.7027235354573484	0.999269272926562
0.7024665981500514	0.9992690058479532
0.7022096608427544	0.9992687385740402
0.7019527235354573	0.9992684711046086
0.7016957862281603	0.9992682034394438
0.7014388489208633	0.9992679355783309
0.7011819116135662	0.9992676675210546
0.7009249743062693	0.9992673992673993
0.7006680369989723	0.9992671308171491
0.7004110996916753	0.999266862170088
0.7001541623843782	0.9992665933259993
0.6998972250770812	0.9992663242846662
0.6996402877697842	0.9992660550458715
0.6993833504624871	0.9992657856093979
0.6991264131551901	0.9992655159750276
0.6988694758478932	0.9992652461425422
0.6986125385405961	0.9992649761117236
0.6983556012332991	0.9992647058823529
0.6980986639260021	0.9992644354542111
0.697841726618705	0.9992641648270787
0.697584789311408	0.9992638940007361
0.697327852004111	0.9992636229749632
0.6970709146968139	0.9992633517495396
0.696813977389517	0.9992630803242447
0.69655704008222	0.9992628086988573
0.6963001027749229	0.9992625368731564
0.6960431654676259	0.9992622648469199
0.6957862281603289	0.9992619926199262
0.6955292908530318	0.9992617201919527
0.6952723535457348	0.9992614475627769
0.6950154162384378	0.9992611747321758
0.6947584789311408	0.9992609016999261
0.6945015416238438	0.9992606284658041
0.6942446043165468	0.9992603550295858
0.6939876670092497	0.9992600813910469
0.6937307297019527	0.999259807549963
0.6934737923946557	0.9992595335061089
0.6932168550873586	0.9992592592592593
0.6929599177800617	0.9992589848091886
0.6927029804727647	0.9992587101556709
0.6924460431654677	0.9992584352984798
0.6921891058581706	0.9992581602373887
0.6919321685508736	0.9992578849721707
0.6916752312435765	0.9992576095025983
0.6914182939362795	0.9992573338284441
0.6911613566289825	0.9992570579494799
0.6909044193216856	0.9992567818654775
0.6906474820143885	0.9992565055762082
0.6903905447070915	0.999256229081443
0.6901336073997945	0.9992559523809523
0.6898766700924974	0.9992556754745069
0.6896197327852004	0.9992553983618764
0.6893627954779034	0.9992551210428305
0.6891058581706063	0.9992548435171386
0.6888489208633094	0.9992545657845695
0.6885919835560124	0.9992542878448919
0.6883350462487153	0.9992540096978739
0.6880781089414183	0.9992537313432835
0.6878211716341213	0.9992534527808884
0.6875642343268242	0.9992531740104555
0.6873072970195272	0.999252895031752
0.6870503597122302	0.9992526158445441
0.6867934224049332	0.9992523364485981
0.6865364850976362	0.9992520568436799
0.6862795477903392	0.9992517770295548
0.6860226104830421	0.999251497005988
0.6857656731757451	0.9992512167727443
0.6855087358684481	0.9992509363295881
0.685251798561151	0.9992506556762832
0.6849948612538541	0.9992503748125937
0.6847379239465571	0.9992500937382827
0.68448098663926	0.9992498124531133
0.684224049331963	0.999249530956848
0.683967112024666	0.9992492492492493
0.683710174717369	0.9992489673300788
0.6834532374100719	0.9992486851990984
0.6831963001027749	0.9992484028560692
0.682939362795478	0.9992481203007518
0.6826824254881809	0.9992478375329071
0.6824254881808839	0.999247554552295
0.6821685508735869	0.9992472713586752
0.6819116135662898	0.9992469879518072
0.6816546762589928	0.9992467043314501
0.6813977389516958	0.9992464204973625
0.6811408016443987	0.9992461364493027
0.6808838643371018	0.9992458521870287
0.6806269270298048	0.999245567710298
0.6803699897225077	0.999245283018868
0.6801130524152107	0.9992449981124952
0.6798561151079137	0.9992447129909365
0.6795991778006166	0.9992444276539478
0.6793422404933196	0.999244142101285
0.6790853031860226	0.9992438563327032
0.6788283658787256	0.9992435703479576
0.6785714285714286	0.9992432841468029
0.6783144912641316	0.9992429977289932
0.6780575539568345	0.9992427110942824
0.6778006166495375	0.9992424242424243
0.6775436793422405	0.9992421371731717
0.6772867420349434	0.9992418498862775
0.6770298047276464	0.9992415623814941
0.6767728674203495	0.9992412746585736
0.6765159301130524	0.9992409867172676
0.6762589928057554	0.9992406985573272
0.6760020554984584	0.9992404101785036
0.6757451181911613	0.9992401215805471
0.6754881808838643	0.9992398327632079
0.6752312435765673	0.9992395437262357
0.6749743062692704	0.99923925446938
0.6747173689619733	0.9992389649923896
0.6744604316546763	0.9992386752950133
0.6742034943473793	0.9992383853769993
0.6739465570400822	0.9992380952380953
0.6736896197327852	0.9992378048780488
0.6734326824254881	0.9992375142966069
0.6731757451181911	0.9992372234935164
0.6729188078108942	0.9992369324685234
0.6726618705035972	0.999236641221374
0.6724049331963001	0.9992363497518136
0.6721479958890031	0.9992360580595875
0.6718910585817061	0.9992357661444402
0.671634121274409	0.9992354740061162
0.671377183967112	0.9992351816443594
0.671120246659815	0.9992348890589136
0.670863309352518	0.9992345962495216
0.670606372045221	0.9992343032159265
0.670349434737924	0.9992340099578706
0.6700924974306269	0.9992337164750957
0.6698355601233299	0.9992334227673438
0.6695786228160329	0.9992331288343558
0.6693216855087358	0.9992328346758726
0.6690647482014388	0.9992325402916347
0.6688078108941419	0.9992322456813819
0.6685508735868448	0.999231950844854
0.6682939362795478	0.9992316557817903
0.6680369989722508	0.9992313604919293
0.6677800616649537	0.9992310649750096
0.6675231243576567	0.9992307692307693
0.6672661870503597	0.9992304732589458
0.6670092497430626	0.9992301770592764
0.6667523124357657	0.9992298806314979
0.6664953751284687	0.9992295839753467
0.6662384378211716	0.9992292870905588
0.6659815005138746	0.9992289899768697
0.6657245632065776	0.9992286926340147
0.6654676258992805	0.9992283950617284
0.6652106885919835	0.9992280972597453
0.6649537512846866	0.9992277992277993
0.6646968139773896	0.9992275009656237
0.6644398766700925	0.999227202472952
0.6641829393627955	0.9992269037495168
0.6639260020554985	0.9992266047950503
0.6636690647482014	0.9992263056092844
0.6634121274409044	0.9992260061919505
0.6631551901336074	0.9992257065427798
0.6628982528263104	0.9992254066615027
0.6626413155190134	0.9992251065478497
0.6623843782117164	0.9992248062015504
0.6621274409044193	0.9992245056223342
0.6618705035971223	0.9992242048099301
0.6616135662898253	0.9992239037640668
0.6613566289825282	0.9992236024844721
0.6610996916752312	0.9992233009708738
0.6608427543679343	0.9992229992229992
0.6605858170606372	0.9992226972405752
0.6603288797533402	0.9992223950233281
0.6600719424460432	0.999222092570984
0.6598150051387461	0.9992217898832685
0.6595580678314491	0.9992214869599065
0.6593011305241521	0.9992211838006231
0.659044193216855	0.9992208804051422
0.6587872559095581	0.9992205767731879
0.6585303186022611	0.9992202729044835
0.658273381294964	0.999219968798752
0.658016443987667	0.999219664455716
0.65775950668037	0.9992193598750976
0.6575025693730729	0.9992190550566185
0.6572456320657759	0.99921875
0.656988694758479	0.9992184447049629
0.656731757451182	0.9992181391712275
0.6564748201438849	0.9992178333985139
0.6562178828365879	0.9992175273865415
0.6559609455292909	0.9992172211350293
0.6557040082219938	0.9992169146436961
0.6554470709146968	0.9992166079122601
0.6551901336073997	0.9992163009404389
0.6549331963001028	0.9992159937279498
0.6546762589928058	0.9992156862745099
0.6544193216855088	0.9992153785798352
0.6541623843782117	0.9992150706436421
0.6539054470709147	0.9992147624656459
0.6536485097636177	0.9992144540455616
0.6533915724563206	0.9992141453831042
0.6531346351490236	0.9992138364779874
0.6528776978417267	0.9992135273299253
0.6526207605344296	0.999213217938631
0.6523638232271326	0.9992129083038174
0.6521068859198356	0.9992125984251968
0.6518499486125385	0.9992122883024813
0.6515930113052415	0.9992119779353822
0.6515930113052415	0.9996058336618053
0.6513360739979445	0.9996056782334385
0.6510791366906474	0.9996055226824457
0.6508221993833505	0.999605367008682
0.6505652620760535	0.9996052112120016
0.6503083247687564	0.9996050552922591
0.6500513874614594	0.9996048992493086
0.6497944501541624	0.999604743083004
0.6495375128468653	0.9996045867931989
0.6492805755395683	0.9996044303797469
0.6490236382322713	0.999604273842501
0.6487667009249743	0.9996041171813144
0.6485097636176773	0.9996039603960396
0.6482528263103803	0.9996038034865293
0.6479958890030832	0.9996036464526358
0.6477389516957862	0.999603489294211
0.6474820143884892	0.9996033320111067
0.6472250770811921	0.9996031746031746
0.6469681397738952	0.999603017070266
0.6467112024665982	0.9996028594122319
0.6464542651593012	0.9996027016289233
0.6461973278520041	0.9996025437201908
0.6459403905447071	0.9996023856858847
0.64568345323741	0.9996022275258553
0.645426515930113	0.9996020692399522
0.645169578622816	0.9996019108280255
0.6449126413155191	0.9996017522899243
0.644655704008222	0.999601593625498
0.644398766700925	0.9996014348345954
0.644141829393628	0.9996012759170654
0.6438848920863309	0.9996011168727563
0.6436279547790339	0.9996009577015164
0.6433710174717369	0.9996007984031936
0.6431140801644398	0.9996006389776357
0.6428571428571429	0.9996004794246903
0.6426002055498459	0.9996003197442046
0.6423432682425488	0.9996001599360256
0.6420863309352518	0.9996
0.6418293936279548	0.9995998399359743
0.6415724563206577	0.999599679743795
0.6413155190133607	0.9995995194233079
0.6410585817060637	0.9995993589743589
0.6408016443987667	0.9995991983967936
0.6405447070914697	0.9995990376904571
0.6402877697841727	0.9995988768551946
0.6400308324768756	0.9995987158908507
0.6397738951695786	0.9995985547972702
0.6395169578622816	0.9995983935742971
0.6392600205549845	0.9995982322217758
0.6390030832476875	0.9995980707395499
0.6387461459403906	0.9995979091274628
0.6384892086330936	0.999597747385358
0.6382322713257965	0.9995975855130784
0.6379753340184995	0.999597423510467
0.6377183967112025	0.999597261377366
0.6374614594039054	0.999597099113618
0.6372045220966084	0.9995969367190649
0.6369475847893115	0.9995967741935484
0.6366906474820144	0.99959661153691
0.6364337101747174	0.9995964487489911
0.6361767728674204	0.9995962858296327
0.6359198355601233	0.9995961227786753
0.6356628982528263	0.9995959595959596
0.6354059609455293	0.9995957962813258
0.6351490236382322	0.9995956328346138
0.6348920863309353	0.9995954692556634
0.6346351490236383	0.9995953055443141
0.6343782117163412	0.9995951417004049
0.6341212744090442	0.9995949777237748
0.6338643371017472	0.9995948136142626
0.6336073997944501	0.9995946493717065
0.6333504624871531	0.9995944849959448
0.6330935251798561	0.9995943204868154
0.6328365878725591	0.9995941558441559
0.6325796505652621	0.9995939910678034
0.6323227132579651	0.9995938261575954
0.632065775950668	0.9995936611133686
0.631808838643371	0.9995934959349594
0.631551901336074	0.9995933306222041
0.6312949640287769	0.999593165174939
0.6310380267214799	0.9995929995929996
0.630781089414183	0.9995928338762216
0.630524152106886	0.9995926680244399
0.6302672147995889	0.9995925020374898
0.6300102774922919	0.9995923359152059
0.6297533401849948	0.9995921696574225
0.6292394655704008	0.9995918367346939
0.6289825282631039	0.9995916700694161
0.6287255909558068	0.9995915032679739
0.6284686536485098	0.9995913363302003
0.6282117163412128	0.9995911692559281
0.6279547790339157	0.9995910020449897
0.6276978417266187	0.9995908346972177
0.6274409044193217	0.9995906672124437
0.6271839671120246	0.9995904995904996
0.6269270298047277	0.9995903318312167
0.6266700924974307	0.9995901639344262
0.6264131551901336	0.999589995899959
0.6261562178828366	0.9995898277276456
0.6258992805755396	0.9995896594173164
0.6256423432682425	0.9995894909688013
0.6253854059609455	0.9995893223819302
0.6251284686536485	0.9995891536565324
0.6248715313463515	0.9995889847924373
0.6246145940390545	0.9995888157894737
0.6243576567317575	0.9995886466474702
0.6241007194244604	0.9995884773662551
0.6238437821171634	0.9995883079456567
0.6235868448098664	0.9995881383855024
0.6233299075025693	0.99958796868562
0.6230729701952723	0.9995877988458368
0.6228160328879754	0.9995876288659794
0.6225590955806783	0.9995874587458746
0.6223021582733813	0.9995872884853487
0.6220452209660843	0.999587118084228
0.6217882836587872	0.9995869475423379
0.6215313463514902	0.9995867768595041
0.6212744090441932	0.9995866060355518
0.6210174717368961	0.9995864350703061
0.6207605344295992	0.9995862639635912
0.6205035971223022	0.9995860927152318
0.6202466598150052	0.9995859213250518
0.6199897225077081	0.9995857497928748
0.6197327852004111	0.9995855781185247
0.619475847893114	0.9995854063018242
0.619218910585817	0.9995852343425964
0.6189619732785201	0.9995850622406639
0.6187050359712231	0.9995848899958489
0.618448098663926	0.9995847176079734
0.618191161356629	0.9995845450768591
0.617934224049332	0.9995843724023276
0.6176772867420349	0.9995841995841996
0.6174203494347379	0.9995840266222962
0.6171634121274409	0.9995838535164377
0.6169064748201439	0.9995836802664446
0.6166495375128469	0.9995835068721366
0.6163926002055499	0.9995833333333334
0.6161356628982528	0.9995831596498541
0.6158787255909558	0.9995829858215179
0.6156217882836588	0.9995828118481435
0.6153648509763617	0.9995826377295493
0.6151079136690647	0.9995824634655532
0.6148509763617678	0.9995822890559732
0.6145940390544707	0.9995821145006268
0.6143371017471737	0.9995819397993311
0.6140801644398767	0.999581764951903
0.6138232271325796	0.999581589958159
0.6135662898252826	0.9995814148179154
0.6133093525179856	0.9995812395309883
0.6130524152106885	0.9995810640971932
0.6127954779033916	0.9995808885163453
0.6125385405960946	0.99958071278826
0.6122816032887975	0.9995805369127517
0.6120246659815005	0.9995803608896349
0.6117677286742035	0.9995801847187238
0.6115107913669064	0.999580008399832
0.6112538540596094	0.9995798319327731
0.6109969167523125	0.9995796553173603
0.6107399794450155	0.9995794785534062
0.6104830421377184	0.9995793016407236
0.6102261048304214	0.9995791245791246
0.6099691675231244	0.999578947368421
0.6097122302158273	0.9995787700084247
0.6094552929085303	0.9995785924989464
0.6091983556012333	0.9995784148397976
0.6089414182939363	0.9995782370307887
0.6086844809866393	0.9995780590717299
0.6084275436793423	0.9995778809624314
0.6081706063720452	0.9995777027027027
0.6079136690647482	0.9995775242923531
0.6076567317574512	0.9995773457311918
0.6073997944501541	0.9995771670190274
0.6071428571428571	0.9995769881556683
0.6068859198355602	0.9995768091409225
0.6066289825282631	0.9995766299745978
0.6063720452209661	0.9995764506565015
0.6061151079136691	0.9995762711864407
0.605858170606372	0.9995760915642221
0.605601233299075	0.9995759117896522
0.605344295991778	0.9995757318625371
0.6050873586844809	0.9995755517826825
0.604830421377184	0.9995753715498938
0.604573484069887	0.9995751911639762
0.60431654676259	0.9995750106247344
0.6040596094552929	0.9995748299319728
0.6038026721479959	0.9995746490854955
0.6035457348406988	0.9995744680851064
0.6032887975334018	0.9995742869306088
0.6030318602261048	0.9995741056218058
0.6027749229188079	0.9995739241585002
0.6025179856115108	0.9995737425404945
0.6022610483042138	0.9995735607675906
0.6020041109969168	0.9995733788395904
0.6017471736896197	0.9995731967562953
0.6014902363823227	0.9995730145175064
0.6012332990750257	0.9995728321230244
0.6009763617677287	0.9995726495726496
0.6007194244604317	0.9995724668661822
0.6004624871531347	0.9995722840034217
0.6002055498458376	0.9995721009841677
0.5999486125385406	0.9995719178082192
0.5996916752312436	0.9995717344753747
0.5994347379239465	0.9995715509854327
0.5991778006166495	0.9995713673381912
0.5989208633093526	0.9995711835334476
0.5986639260020555	0.9995709995709996
0.5984069886947585	0.9995708154506437
0.5981500513874615	0.9995706311721769
0.5978931140801644	0.9995704467353952
0.5976361767728674	0.9995702621400946
0.5973792394655704	0.9995700773860705
0.5971223021582733	0.9995698924731182
0.5968653648509764	0.9995697074010327
0.5966084275436794	0.9995695221696083
0.5963514902363823	0.9995693367786391
0.5960945529290853	0.999569151227919
0.5958376156217883	0.9995689655172414
0.5955806783144912	0.9995687796463993
0.5953237410071942	0.9995685936151855
0.5950668036998972	0.9995684074233924
0.5948098663926003	0.9995682210708118
0.5945529290853032	0.9995680345572354
0.5942959917780062	0.9995678478824547
0.5940390544707091	0.9995676610462603
0.5937821171634121	0.9995674740484429
0.5935251798561151	0.9995672868887927
0.593268242548818	0.9995670995670995
0.593011305241521	0.9995669120831528
0.5927543679342241	0.9995667244367418
0.5924974306269271	0.9995665366276549
0.59224049331963	0.9995663486556808
0.591983556012333	0.9995661605206074
0.591726618705036	0.9995659722222222
0.5914696813977389	0.9995657837603127
0.5912127440904419	0.9995655951346655
0.590955806783145	0.9995654063450674
0.5906988694758479	0.9995652173913043
0.5904419321685509	0.9995650282731623
0.5901849948612539	0.9995648389904265
0.5899280575539568	0.999564649542882
0.5896711202466598	0.9995644599303136
0.5894141829393628	0.9995642701525055
0.5891572456320657	0.9995640802092415
0.5889003083247688	0.9995638901003053
0.5886433710174718	0.9995636998254799
0.5883864337101747	0.9995635093845482
0.5881294964028777	0.9995633187772925
0.5878725590955807	0.999563128003495
0.5876156217882836	0.9995629370629371
0.5873586844809866	0.9995627459554001
0.5871017471736896	0.9995625546806649
0.5868448098663926	0.999562363238512
0.5865878725590956	0.9995621716287215
0.5863309352517986	0.9995619798510732
0.5860739979445015	0.9995617879053462
0.5858170606372045	0.9995615957913196
0.5855601233299075	0.999561403508772
0.5853031860226104	0.9995612110574813
0.5850462487153134	0.9995610184372257
0.5847893114080165	0.9995608256477821
0.5845323741007195	0.9995606326889279
0.5842754367934224	0.9995604395604396
0.5840184994861254	0.9995602462620933
0.5837615621788284	0.9995600527936648
0.5835046248715313	0.9995598591549296
0.5832476875642343	0.9995596653456627
0.5829907502569374	0.9995594713656387
0.5827338129496403	0.999559277214632
0.5824768756423433	0.9995590828924162
0.5822199383350463	0.9995588883987648
0.5819630010277492	0.999558693733451
0.5817060637204522	0.9995584988962473
0.5814491264131552	0.9995583038869258
0.5811921891058581	0.9995581087052585
0.5809352517985612	0.9995579133510168
0.5806783144912642	0.9995577178239717
0.5804213771839671	0.9995575221238938
0.5801644398766701	0.9995573262505534
0.5799075025693731	0.9995571302037201
0.579650565262076	0.9995569339831635
0.579393627954779	0.9995567375886525
0.579136690647482	0.9995565410199556
0.578879753340185	0.9995563442768411
0.578622816032888	0.9995561473590768
0.578365878725591	0.9995559502664298
0.5781089414182939	0.9995557529986673
0.5778520041109969	0.9995555555555555
0.5775950668036999	0.9995553579368608
0.5773381294964028	0.9995551601423488
0.5770811921891058	0.9995549621717846
0.5768242548818089	0.9995547640249333
0.5765673175745119	0.999554565701559
0.5763103802672148	0.999554367201426
0.5760534429599178	0.9995541685242978
0.5757965056526207	0.9995539696699376
0.5755395683453237	0.999553770638108
0.5752826310380267	0.9995535714285714
0.5750256937307296	0.9995533720410897
0.5747687564234327	0.9995531724754245
0.5745118191161357	0.9995529727313366
0.5742548818088387	0.9995527728085868
0.5739979445015416	0.9995525727069351
0.5737410071942446	0.9995523724261415
0.5734840698869476	0.999552171965965
0.5732271325796505	0.9995519713261649
0.5729701952723536	0.9995517705064993
0.5727132579650566	0.9995515695067264
0.5724563206577595	0.9995513683266039
0.5721993833504625	0.9995511669658886
0.5719424460431655	0.9995509654243376
0.5716855087358684	0.9995507637017071
0.5714285714285714	0.9995505617977528
0.5711716341212744	0.9995503597122302
0.5709146968139774	0.9995501574448943
0.5706577595066804	0.9995499549954996
0.5704008221993834	0.9995497523638001
0.5701438848920863	0.9995495495495496
0.5698869475847893	0.9995493465525012
0.5696300102774923	0.9995491433724075
0.5693730729701952	0.9995489400090212
0.5691161356628982	0.9995487364620939
0.5688591983556013	0.999548532731377
0.5686022610483042	0.9995483288166215
0.5683453237410072	0.9995481247175779
0.5680883864337102	0.9995479204339964
0.5678314491264131	0.9995477159656264
0.5675745118191161	0.9995475113122172
0.5673175745118191	0.9995473064735174
0.567060637204522	0.9995471014492754
0.5668036998972251	0.9995468962392388
0.5665467625899281	0.9995466908431551
0.566032887975334	0.9995462794918331
0.565775950668037	0.9995460735360872
0.56551901336074	0.9995458673932789
0.5652620760534429	0.9995456610631531
0.5650051387461459	0.9995454545454545
0.564748201438849	0.9995452478399273
0.5644912641315519	0.9995450409463148
0.5642343268242549	0.9995448338643604
0.5639773895169579	0.9995446265938069
0.5637204522096608	0.9995444191343964
0.5634635149023638	0.9995442114858706
0.5632065775950668	0.9995440036479708
0.5629496402877698	0.9995437956204379
0.5626927029804728	0.9995435874030123
0.5624357656731758	0.9995433789954338
0.5621788283658787	0.9995431703974418
0.5619218910585817	0.9995429616087751
0.5616649537512847	0.9995427526291724
0.5614080164439876	0.9995425434583715
0.5611510791366906	0.9995423340961098
0.5608941418293937	0.9995421245421245
0.5606372045220966	0.9995419147961521
0.5603802672147996	0.9995417048579285
0.5601233299075026	0.9995414947271893
0.5598663926002055	0.9995412844036697
0.5596094552929085	0.9995410738871042
0.5593525179856115	0.9995408631772268
0.5590955806783144	0.9995406522737712
0.5588386433710175	0.9995404411764706
0.5585817060637205	0.9995402298850574
0.5583247687564235	0.999540018399264
0.5580678314491264	0.9995398067188219
0.5578108941418294	0.9995395948434622
0.5575539568345323	0.9995393827729157
0.5572970195272353	0.9995391705069124
0.5570400822199383	0.9995389580451821
0.5567831449126414	0.9995387453874539
0.5565262076053443	0.9995385325334564
0.5562692702980473	0.9995383194829178
0.5560123329907503	0.9995381062355658
0.5557553956834532	0.9995378927911276
0.5554984583761562	0.9995376791493297
0.5552415210688592	0.9995374653098983
0.5549845837615622	0.999537251272559
0.5547276464542652	0.999537037037037
0.5544707091469682	0.999536822603057
0.5542137718396711	0.9995366079703429
0.5539568345323741	0.9995363931386184
0.5536998972250771	0.9995361781076066
0.55344295991778	0.9995359628770302
0.553186022610483	0.999535747446611
0.5529290853031861	0.9995355318160706
0.552672147995889	0.9995353159851301
0.552415210688592	0.99953509995351
0.552158273381295	0.9995348837209302
0.5519013360739979	0.9995346672871103
0.5516443987667009	0.999534450651769
0.5513874614594039	0.999534233814625
0.5511305241521068	0.9995340167753961
0.5508735868448099	0.9995337995337995
0.5506166495375129	0.9995335820895522
0.5503597122302158	0.9995333644423705
0.5501027749229188	0.9995331465919701
0.5498458376156218	0.9995329285380663
0.5495889003083247	0.9995327102803738
0.5493319630010277	0.9995324918186068
0.5490750256937307	0.999532273152479
0.5488180883864338	0.9995320542817033
0.5485611510791367	0.9995318352059925
0.5483042137718397	0.9995316159250586
0.5480472764645427	0.9995313964386129
0.5477903391572456	0.9995311767463666
0.5475334018499486	0.9995309568480301
0.5472764645426516	0.999530736743313
0.5470195272353545	0.9995305164319249
0.5467625899280576	0.9995302959135745
0.5465056526207606	0.9995300751879699
0.5462487153134635	0.999529854254819
0.5459917780061665	0.9995296331138288
0.5457348406988695	0.9995294117647059
0.5454779033915724	0.9995291902071564
0.5452209660842754	0.9995289684408856
0.5449640287769785	0.9995287464655985
0.5447070914696814	0.9995285242809995
0.5444501541623844	0.9995283018867924
0.5441932168550874	0.9995280792826805
0.5439362795477903	0.9995278564683664
0.5436793422404933	0.9995276334435522
0.5434224049331963	0.9995274102079396
0.5431654676258992	0.9995271867612293
0.5429085303186023	0.9995269631031221
0.5426515930113053	0.9995267392333176
0.5423946557040082	0.9995265151515151
0.5421377183967112	0.9995262908574135
0.5418807810894142	0.999526066350711
0.5416238437821171	0.9995258416311048
0.5413669064748201	0.9995256166982922
0.5411099691675231	0.9995253915519696
0.5408530318602262	0.9995251661918328
0.5405960945529291	0.9995249406175772
0.5403391572456321	0.9995247148288974
0.540082219938335	0.9995244888254874
0.539825282631038	0.9995242626070409
0.539568345323741	0.9995240361732508
0.539311408016444	0.9995238095238095
0.5390544707091469	0.9995235826584088
0.53879753340185	0.9995233555767398
0.538540596094553	0.9995231282784931
0.5382836587872559	0.9995229007633588
0.5380267214799589	0.9995226730310263
0.5377697841726619	0.9995224450811844
0.5375128468653648	0.9995222169135213
0.5372559095580678	0.9995219885277247
0.5369989722507709	0.9995217599234816
0.5367420349434738	0.9995215311004785
0.5364850976361768	0.9995213020584012
0.5362281603288798	0.9995210727969349
0.5359712230215827	0.9995208433157643
0.5357142857142857	0.9995206136145733
0.5354573484069887	0.9995203836930455
0.5352004110996916	0.9995201535508638
0.5349434737923947	0.99951992318771
0.5346865364850977	0.9995196926032661
0.5344295991778006	0.9995194617972128
0.5341726618705036	0.9995192307692308
0.5339157245632066	0.9995189995189995
0.5336587872559095	0.9995187680461982
0.5334018499486125	0.9995185363505056
0.5331449126413155	0.9995183044315993
0.5328879753340185	0.9995180722891567
0.5326310380267215	0.9995178399228544
0.5323741007194245	0.9995176073323685
0.5321171634121274	0.9995173745173745
0.5318602261048304	0.9995171414775471
0.5316032887975334	0.9995169082125603
0.5313463514902363	0.9995166747220879
0.5310894141829393	0.9995164410058027
0.5308324768756424	0.9995162070633768
0.5305755395683454	0.9995159728944821
0.5303186022610483	0.9995157384987894
0.5300616649537513	0.999515503875969
0.5298047276464543	0.9995152690256908
0.5295477903391572	0.9995150339476236
0.5292908530318602	0.9995147986414362
0.5290339157245632	0.9995145631067961
0.5287769784172662	0.9995143273433705
0.5285200411099692	0.999514091350826
0.5282631038026722	0.9995138551288284
0.5280061664953751	0.9995136186770428
0.5277492291880781	0.9995133819951338
0.5274922918807811	0.9995131450827653
0.527235354573484	0.9995129079396006
0.5269784172661871	0.9995126705653021
0.5267214799588901	0.999512432959532
0.526464542651593	0.9995121951219512
0.526207605344296	0.9995119570522206
0.525950668036999	0.99951171875
0.5256937307297019	0.9995114802149487
0.5254367934224049	0.9995112414467253
0.5251798561151079	0.9995110024449878
0.524922918807811	0.9995107632093934
0.5246659815005139	0.9995105237395986
0.5244090441932169	0.9995102840352595
0.5241521068859198	0.9995100440960314
0.5238951695786228	0.9995098039215686
0.5236382322713258	0.9995095635115253
0.5233812949640287	0.9995093228655545
0.5231243576567317	0.9995090819833088
0.5228674203494348	0.99950884086444
0.5226104830421378	0.9995085995085995
0.5223535457348407	0.9995083579154376
0.5220966084275437	0.999508116084604
0.5218396711202467	0.999507874015748
0.5215827338129496	0.999507631708518
0.5213257965056526	0.9995073891625615
0.5210688591983555	0.9995071463775259
0.5208119218910586	0.9995069033530573
0.5205549845837616	0.9995066600888012
0.5202980472764646	0.9995064165844028
0.5200411099691675	0.9995061728395062
0.5197841726618705	0.9995059288537549
0.5195272353545735	0.9995056846267919
0.5192702980472764	0.9995054401582592
0.5190133607399794	0.9995051954477981
0.5187564234326825	0.9995049504950495
0.5184994861253854	0.9995047052996533
0.5182425488180884	0.9995044598612488
0.5179856115107914	0.9995042141794744
0.5177286742034943	0.9995039682539683
0.5174717368961973	0.9995037220843672
0.5172147995889003	0.9995034756703078
0.5169578622816033	0.9995032290114257
0.5167009249743063	0.9995029821073559
0.5164439876670093	0.9995027349577325
0.5161870503597122	0.9995024875621891
0.5159301130524152	0.9995022399203584
0.5156731757451182	0.9995019920318725
0.5154162384378211	0.9995017438963627
0.5151593011305241	0.9995014955134596
0.5149023638232272	0.9995012468827931
0.5146454265159301	0.9995009980039921
0.5143884892086331	0.9995007488766849
0.5141315519013361	0.9995004995004995
0.513874614594039	0.9995002498750625
0.513617677286742	0.9995
0.513360739979445	0.9994997498749375
0.513103802672148	0.9994994994994995
0.512846865364851	0.99949924887331
0.512589928057554	0.999498997995992
0.512332990750257	0.9994987468671679
0.5120760534429599	0.9994984954864594
0.5118191161356629	0.9994982438534872
0.5113052415210688	0.9994977398292315
0.5110483042137718	0.9994974874371859
0.5107913669064749	0.9994972347913524
0.5105344295991778	0.9994969818913481
0.5102774922918808	0.9994967287367891
0.5100205549845838	0.999496475327291
0.5097636176772867	0.9994962216624685
0.5095066803699897	0.9994959677419355
0.5092497430626927	0.9994957135653051
0.5089928057553957	0.9994954591321897
0.5087358684480987	0.9994952044422009
0.5084789311408017	0.9994949494949495
0.5082219938335046	0.9994946942900454
0.5079650565262076	0.9994944388270981
0.5077081192189106	0.9994941831057157
0.5074511819116135	0.9994939271255061
0.5071942446043165	0.999493670886076
0.5069373072970196	0.9994934143870314
0.5066803699897225	0.9994931576279777
0.5064234326824255	0.9994929006085193
0.5061664953751285	0.9994926433282597
0.5059095580678314	0.999492385786802
0.5056526207605344	0.9994921279837481
0.5053956834532374	0.9994918699186992
0.5051387461459403	0.9994916115912558
0.5048818088386434	0.9994913530010173
0.5046248715313464	0.9994910941475827
0.5043679342240494	0.9994908350305499
0.5041109969167523	0.999490575649516
0.5038540596094553	0.9994903160040775
0.5035971223021583	0.9994900560938297
0.5033401849948612	0.9994897959183674
0.5030832476875642	0.9994895354772844
0.5028263103802673	0.9994892747701737
0.5025693730729702	0.9994890137966275
0.5023124357656732	0.9994887525562373
0.5020554984583762	0.9994884910485934
0.5017985611510791	0.9994882292732856
0.5015416238437821	0.9994879672299027
0.5012846865364851	0.9994877049180327
0.501027749229188	0.9994874423372629
0.5007708119218911	0.9994871794871795
0.5005138746145941	0.9994869163673679
0.500256937307297	0.9994866529774127
0.5	0.9994863893168978
0.49974306269270297	0.9994861253854059
0.499486125385406	0.9994858611825193
0.49922918807810895	0.9994855967078189
0.4989722507708119	0.9994853319608852
0.4987153134635149	0.9994850669412977
0.4984583761562179	0.9994848016486347
0.4982014388489209	0.9994845360824742
0.49794450154162384	0.999484270242393
0.4976875642343268	0.999484004127967
0.49743062692702983	0.9994837377387713
0.4971736896197328	0.9994834710743802
0.49691675231243576	0.999483204134367
0.4966598150051387	0.999482936918304
0.49640287769784175	0.999482669425763
0.4961459403905447	0.9994824016563147
0.4958890030832477	0.9994821336095288
0.49563206577595065	0.9994818652849741
0.49537512846865367	0.9994815966822188
0.49511819116135664	0.9994813278008299
0.4948612538540596	0.9994810586403736
0.49460431654676257	0.9994807892004154
0.4943473792394656	0.9994805194805195
0.49409044193216856	0.9994802494802495
0.4938335046248715	0.999479979199168
0.4935765673175745	0.9994797086368367
0.4933196300102775	0.9994794377928162
0.4930626927029805	0.9994791666666667
0.49280575539568344	0.9994788952579469
0.4925488180883864	0.9994786235662148
0.49229188078108943	0.9994783515910276
0.4920349434737924	0.9994780793319415
0.49177800616649536	0.9994778067885117
0.49152106885919833	0.9994775339602926
0.49126413155190135	0.9994772608468374
0.4907502569373073	0.9994767137624281
0.4904933196300103	0.9994764397905759
0.48997944501541624	0.999475890985325
0.4897225077081192	0.9994756161510225
0.4894655704008222	0.9994753410283316
0.4892086330935252	0.9994750656167979
0.48895169578622816	0.9994747899159664
0.4886947584789311	0.999474513925381
0.48843782117163415	0.9994742376445847
0.4881808838643371	0.9994739610731194
0.4879239465570401	0.9994736842105263
0.48766700924974304	0.9994734070563455
0.48741007194244607	0.9994731296101159
0.48715313463514903	0.9994728518713759
0.486896197327852	0.9994725738396625
0.48663926002055496	0.9994722955145119
0.486382322713258	0.9994720168954594
0.48612538540596095	0.9994717379820391
0.4858684480986639	0.9994714587737844
0.4856115107913669	0.9994711792702274
0.4853545734840699	0.9994708994708995
0.4850976361767729	0.9994706193753309
0.48484069886947584	0.9994703389830508
0.4845837615621788	0.9994700582935877
0.4843268242548818	0.9994697773064687
0.4840698869475848	0.9994694960212201
0.48381294964028776	0.9994692144373672
0.4835560123329907	0.9994689325544344
0.48329907502569375	0.9994686503719448
0.4830421377183967	0.9994683678894205
0.4827852004110997	0.999468085106383
0.48252826310380265	0.9994678020223523
0.48227132579650567	0.9994675186368477
0.48201438848920863	0.9994672349493873
0.4817574511819116	0.9994669509594882
0.48150051387461457	0.9994666666666666
0.4812435765673176	0.9994663820704376
0.48098663926002055	0.999466097170315
0.4807297019527235	0.999465811965812
0.48047276464542654	0.9994655264564404
0.4802158273381295	0.9994652406417113
0.4799588900308325	0.9994649545211343
0.47970195272353544	0.9994646680942184
0.47944501541623846	0.9994643813604713
0.47918807810894143	0.9994640943193998
0.4789311408016444	0.9994638069705094
0.47867420349434736	0.9994635193133047
0.4784172661870504	0.9994632313472893
0.47816032887975335	0.9994629430719656
0.4779033915724563	0.999462654486835
0.4776464542651593	0.9994623655913979
0.4773895169578623	0.9994620763851533
0.47713257965056527	0.9994617868675996
0.47687564234326824	0.9994614970382337
0.4766187050359712	0.9994612068965517
0.4763617677286742	0.9994609164420485
0.4761048304213772	0.9994606256742179
0.47584789311408016	0.9994603345925526
0.47533401849948614	0.9994597514856834
0.4750770811921891	0.9994594594594595
0.4748201438848921	0.9994591671173607
0.47456320657759504	0.9994588744588745
0.47430626927029806	0.9994585814834868
0.47404933196300103	0.9994582881906826
0.473792394655704	0.9994579945799458
0.47353545734840696	0.9994577006507592
0.47302158273381295	0.999457111834962
0.4727646454265159	0.9994568169473113
0.4725077081192189	0.9994565217391305
0.4722507708119219	0.9994562262098967
0.47199383350462487	0.999455930359086
0.47173689619732784	0.9994556341861731
0.47147995889003086	0.9994553376906318
0.4712230215827338	0.9994550408719346
0.4709660842754368	0.9994547437295529
0.47070914696813976	0.9994544462629569
0.4704522096608428	0.9994541484716157
0.47019527235354575	0.9994538503549972
0.4699383350462487	0.9994535519125683
0.4696813977389517	0.9994532531437944
0.4694244604316547	0.99945295404814
0.46916752312435767	0.9994526546250684
0.46891058581706063	0.9994523548740416
0.4686536485097636	0.9994520547945206
0.4683967112024666	0.9994517543859649
0.4681397738951696	0.9994514536478333
0.46788283658787255	0.9994511525795828
0.4676258992805755	0.99945085118067
0.46736896197327854	0.9994505494505495
0.4671120246659815	0.999450247388675
0.4668550873586845	0.9994499449944995
0.46659815005138744	0.9994496422674739
0.46634121274409046	0.9994493392070485
0.4660842754367934	0.9994490358126722
0.4658273381294964	0.9994487320837927
0.46557040082219936	0.9994484280198566
0.4653134635149024	0.9994481236203091
0.46505652620760535	0.9994478188845941
0.4647995889003083	0.9994475138121547
0.4645426515930113	0.9994472084024323
0.4642857142857143	0.9994469026548672
0.46402877697841727	0.9994465965688988
0.46377183967112023	0.9994462901439646
0.4635149023638232	0.9994459833795014
0.4632579650565262	0.9994456762749445
0.4630010277492292	0.9994453688297282
0.46274409044193215	0.9994450610432852
0.4624871531346352	0.9994447529150472
0.46223021582733814	0.9994444444444445
0.4619732785200411	0.9994441356309061
0.4617163412127441	0.9994438264738599
0.4614594039054471	0.9994435169727324
0.46120246659815006	0.9994432071269488
0.46094552929085303	0.9994428969359331
0.460688591983556	0.9994425863991081
0.460431654676259	0.9994422755158952
0.460174717368962	0.9994419642857143
0.45991778006166495	0.9994416527079844
0.4596608427543679	0.9994413407821229
0.45940390544707094	0.9994410285075461
0.4591469681397739	0.9994407158836689
0.45889003083247687	0.9994404029099049
0.45863309352517984	0.9994400895856663
0.45837615621788286	0.9994397759103641
0.4581192189105858	0.999439461883408
0.4578622816032888	0.9994391475042064
0.4573484069886948	0.9994385176866929
0.4568345323741007	0.9994378864530635
0.4565775950668037	0.999437570303712
0.4563206577595067	0.9994372537985369
0.45606372045220966	0.9994369369369369
0.45580678314491263	0.9994366197183099
0.4555498458376156	0.9994363021420518
0.45477903391572455	0.9994353472614342
0.4545220966084275	0.9994350282485875
0.45426515930113054	0.9994347088750707
0.45375128468653647	0.9994340690435767
0.45323741007194246	0.9994334277620397
0.4527235354573484	0.9994327850255247
0.4524665981500514	0.9994324631101021
0.4522096608427544	0.9994321408290744
0.45195272353545735	0.9994318181818181
0.4516957862281603	0.9994314951677089
0.45143884892086333	0.9994311717861206
0.4511819116135663	0.9994308480364257
0.45092497430626927	0.9994305239179955
0.45041109969167525	0.999429874572406
0.4501541623843782	0.9994295493439818
0.4498972250770812	0.9994292237442922
0.44964028776978415	0.9994288977727013
0.4493833504624872	0.9994285714285714
0.4488694758478931	0.9994279176201373
0.4486125385405961	0.9994275901545506
0.4483556012332991	0.9994272623138603
0.44809866392600206	0.9994269340974212
0.447841726618705	0.9994266055045872
0.447584789311408	0.9994262765347103
0.447327852004111	0.9994259471871412
0.447070914696814	0.9994256174612292
0.44681397738951695	0.9994252873563219
0.4465570400822199	0.9994249568717654
0.44630010277492294	0.9994246260069045
0.4460431654676259	0.9994242947610823
0.44578622816032887	0.9994239631336406
0.44552929085303183	0.9994236311239193
0.44527235354573486	0.9994232987312572
0.4450154162384378	0.9994229659549914
0.4447584789311408	0.9994226327944573
0.44450154162384375	0.9994222992489891
0.4442446043165468	0.999421965317919
0.44398766700924974	0.9994216310005783
0.4437307297019527	0.9994212962962963
0.44347379239465573	0.9994209612044007
0.4432168550873587	0.9994206257242179
0.44295991778006166	0.9994202898550725
0.44270298047276463	0.9994199535962877
0.44244604316546765	0.9994196169471852
0.4421891058581706	0.9994192799070848
0.4419321685508736	0.999418942475305
0.44167523124357655	0.9994186046511628
0.44141829393627957	0.9994182664339732
0.44116135662898254	0.9994179278230501
0.4409044193216855	0.9994175888177053
0.44064748201438847	0.9994172494172494
0.4403905447070915	0.9994169096209913
0.44013360739979446	0.9994165694282381
0.4398766700924974	0.9994162288382954
0.4396197327852004	0.9994158878504673
0.4393627954779034	0.9994155464640561
0.4391058581706064	0.9994152046783625
0.43884892086330934	0.9994148624926857
0.4385919835560123	0.9994145199063232
0.43833504624871533	0.9994141769185706
0.4380781089414183	0.9994138335287222
0.43782117163412126	0.9994134897360704
0.43756423432682423	0.9994131455399061
0.43730729701952725	0.9994128009395185
0.4370503597122302	0.999412455934195
0.4367934224049332	0.9994121105232217
0.43653648509763615	0.9994117647058823
0.4362795477903392	0.9994114184814596
0.43602261048304214	0.9994110718492344
0.4357656731757451	0.9994107248084856
0.43550873586844807	0.9994103773584906
0.4352517985611511	0.9994100294985251
0.43499486125385406	0.999409681227863
0.434737923946557	0.9994093325457767
0.43448098663926005	0.9994089834515366
0.434224049331963	0.9994086339444116
0.433967112024666	0.9994082840236687
0.43371017471736895	0.9994079336885732
0.43345323741007197	0.9994075829383886
0.43319630010277493	0.999407231772377
0.4329393627954779	0.9994068801897983
0.43268242548818087	0.9994065281899109
0.4324254881808839	0.9994061757719715
0.43216855087358685	0.9994058229352347
0.4319116135662898	0.9994054696789536
0.4316546762589928	0.9994051160023796
0.4313977389516958	0.9994047619047619
0.4311408016443988	0.9994044073853484
0.43088386433710174	0.9994040524433849
0.4306269270298047	0.9994036970781157
0.43036998972250773	0.9994033412887828
0.4301130524152107	0.9994029850746269
0.42985611510791366	0.9994026284348865
0.4295991778006166	0.9994022713687986
0.42934224049331965	0.9994019138755981
0.4290853031860226	0.9994015559545183
0.4288283658787256	0.9994011976047904
0.42857142857142855	0.9994008388256441
0.42831449126413157	0.999400479616307
0.42805755395683454	0.9994001199760048
0.4278006166495375	0.9993997599039616
0.42754367934224047	0.9993993993993994
0.4272867420349435	0.9993990384615384
0.42702980472764646	0.9993986770895971
0.4267728674203494	0.9993983152827918
0.4265159301130524	0.9993979530403372
0.4262589928057554	0.9993975903614458
0.4260020554984584	0.9993972272453285
0.42574511819116134	0.9993968636911942
0.42548818088386436	0.9993964996982498
0.4249743062692703	0.9993957703927493
0.42471736896197326	0.9993954050785974
0.4244604316546763	0.999395039322444
0.42420349434737925	0.9993946731234867
0.4239465570400822	0.9993943064809206
0.4236896197327852	0.9993939393939394
0.4234326824254882	0.9993935718617344
0.42317574511819117	0.9993932038834952
0.42291880781089414	0.9993928354584092
0.4226618705035971	0.9993924665856622
0.4224049331963001	0.9993920972644377
0.4221479958890031	0.9993917274939172
0.42189105858170606	0.9993913572732805
0.421634121274409	0.9993909866017052
0.42137718396711205	0.9993906154783668
0.421120246659815	0.999390243902439
0.420863309352518	0.9993898718730934
0.42060637204522094	0.9993894993894994
0.42034943473792397	0.9993891264508247
0.42009249743062693	0.9993887530562348
0.4198355601233299	0.999388379204893
0.41957862281603286	0.9993880048959608
0.4193216855087359	0.9993876301285977
0.41906474820143885	0.9993872549019608
0.4188078108941418	0.9993868792152054
0.4185508735868448	0.9993865030674847
0.4180369989722508	0.9993857493857494
0.41778006166495374	0.9993853718500307
0.4175231243576567	0.9993849938499385
0.4172661870503597	0.9993846153846154
0.4170092497430627	0.999384236453202
0.41675231243576566	0.9993838570548367
0.4164953751284687	0.9993834771886559
0.41623843782117165	0.999383096853794
0.4159815005138746	0.9993827160493827
0.4157245632065776	0.9993823347745522
0.4154676258992806	0.9993819530284301
0.41521068859198357	0.9993815708101422
0.41495375128468653	0.9993811881188119
0.4146968139773895	0.9993808049535604
0.4144398766700925	0.9993804213135068
0.4141829393627955	0.9993800371977681
0.41392600205549845	0.999379652605459
0.4136690647482014	0.9993792675356921
0.41341212744090444	0.9993788819875776
0.4131551901336074	0.9993784959602238
0.4128982528263104	0.9993781094527363
0.41264131551901334	0.9993777224642191
0.41238437821171636	0.9993773349937733
0.41212744090441933	0.9993769470404984
0.4118705035971223	0.9993765586034913
0.41161356628982526	0.9993761696818465
0.4113566289825283	0.9993757802746567
0.41109969167523125	0.9993753903810119
0.4108427543679342	0.999375
0.4105858170606372	0.9993746091307066
0.4103288797533402	0.9993742177722152
0.41007194244604317	0.9993738259236068
0.40981500513874614	0.9993734335839599
0.4095580678314491	0.9993730407523511
0.4093011305241521	0.9993726474278545
0.4090441932168551	0.9993722536095417
0.40878725590955806	0.9993718592964824
0.408530318602261	0.9993714644877436
0.40827338129496404	0.9993710691823899
0.408016443987667	0.9993706733794839
0.40775950668037	0.9993702770780857
0.40750256937307294	0.9993698802772527
0.40724563206577596	0.9993694829760403
0.40698869475847893	0.9993690851735015
0.4067317574511819	0.9993686868686869
0.4064748201438849	0.9993682880606444
0.4062178828365879	0.9993678887484198
0.40596094552929085	0.9993674889310563
0.4057040082219938	0.9993670886075949
0.40544707091469684	0.999366687777074
0.4051901336073998	0.9993662864385298
0.40493319630010277	0.9993658845909955
0.40467625899280574	0.9993654822335025
0.40441932168550876	0.9993650793650793
0.4041623843782117	0.9993646759847522
0.4039054470709147	0.9993642720915448
0.40364850976361766	0.9993638676844784
0.4033915724563207	0.9993634627625716
0.40313463514902365	0.9993630573248408
0.4028776978417266	0.9993626513702996
0.4026207605344296	0.9993622448979592
0.4023638232271326	0.9993618379068283
0.40210688591983557	0.9993614303959132
0.40184994861253853	0.9993610223642172
0.4015930113052415	0.9993606138107417
0.4013360739979445	0.999360204734485
0.4010791366906475	0.9993597951344431
0.40082219938335045	0.9993593850096092
0.4005652620760534	0.9993589743589744
0.40030832476875644	0.9993585631815266
0.3997944501541624	0.9993577392421323
0.39953751284686534	0.9993573264781491
0.39928057553956836	0.9993569131832798
0.3990236382322713	0.9993564993564994
0.3987667009249743	0.9993560849967804
0.39850976361767726	0.9993556701030928
0.3982528263103803	0.9993552546744036
0.39799588900308325	0.9993548387096775
0.3977389516957862	0.9993544222078761
0.39748201438848924	0.9993540051679587
0.3972250770811922	0.9993535875888817
0.39696813977389517	0.999353169469599
0.39671120246659813	0.9993527508090615
0.39645426515930116	0.9993523316062176
0.3961973278520041	0.9993519118600129
0.3959403905447071	0.9993514915693904
0.39568345323741005	0.9993510707332901
0.3954265159301131	0.9993506493506493
0.39516957862281604	0.9993502274204028
0.394912641315519	0.9993498049414824
0.394655704008222	0.9993493819128172
0.394398766700925	0.9993489583333334
0.39414182939362796	0.9993485342019544
0.39388489208633093	0.999348109517601
0.3936279547790339	0.9993476842791911
0.3933710174717369	0.9993472584856397
0.3931140801644399	0.999346832135859
0.39285714285714285	0.9993464052287582
0.3926002055498458	0.999345977763244
0.39234326824254884	0.9993455497382199
0.3920863309352518	0.9993451211525868
0.39182939362795477	0.9993446920052425
0.39157245632065774	0.999344262295082
0.39131551901336076	0.9993438320209974
0.3910585817060637	0.9993434011818779
0.3908016443987667	0.9993429697766097
0.3902877697841727	0.9993421052631579
0.39003083247687564	0.9993416721527321
0.3895169578622816	0.999340804218853
0.3892600205549846	0.9993403693931399
0.38900308324768756	0.9993399339933994
0.38874614594039053	0.9993394980184941
0.38848920863309355	0.9993390614672836
0.3882322713257965	0.9993386243386243
0.3879753340184995	0.99933818663137
0.38771839671120245	0.9993377483443708
0.3874614594039055	0.9993373094764745
0.38720452209660844	0.9993368700265252
0.3869475847893114	0.9993364299933643
0.38669064748201437	0.99933598937583
0.3864337101747174	0.9993355481727575
0.38617677286742036	0.9993351063829787
0.3859198355601233	0.9993346640053227
0.3856628982528263	0.9993342210386151
0.3854059609455293	0.9993337774816788
0.3851490236382323	0.9993333333333333
0.38489208633093525	0.9993328885923949
0.38437821171634123	0.9993319973279893
0.3841212744090442	0.9993315508021391
0.38386433710174717	0.9993311036789297
0.38360739979445013	0.999330655957162
0.38335046248715315	0.999330207635633
0.3830935251798561	0.9993297587131368
0.3828365878725591	0.9993293091884641
0.38257965056526205	0.9993288590604027
0.3823227132579651	0.9993284083277367
0.38206577595066804	0.9993279569892473
0.381808838643371	0.9993275050437121
0.381551901336074	0.9993270524899058
0.381294964028777	0.9993265993265993
0.38103802672147996	0.9993261455525606
0.3807810894141829	0.9993256911665542
0.3805241521068859	0.9993252361673415
0.3802672147995889	0.9993247805536799
0.3800102774922919	0.9993243243243243
0.37975334018499485	0.9993238674780257
0.37949640287769787	0.9993234100135318
0.37923946557040084	0.999322951929587
0.3789825282631038	0.9993224932249323
0.37872559095580677	0.9993220338983051
0.3784686536485098	0.9993215739484396
0.37821171634121276	0.9993211133740665
0.3779547790339157	0.9993206521739131
0.3776978417266187	0.9993201903467029
0.3774409044193217	0.9993197278911564
0.3771839671120247	0.9993192648059904
0.37692702980472764	0.9993188010899182
0.3766700924974306	0.9993183367416496
0.37641315519013363	0.9993178717598908
0.3761562178828366	0.9993174061433447
0.37589928057553956	0.9993169398907104
0.37564234326824253	0.9993164730006835
0.37538540596094555	0.9993160054719562
0.3751284686536485	0.999315537303217
0.3748715313463515	0.9993150684931507
0.37461459403905445	0.9993145990404386
0.37435765673175747	0.9993141289437586
0.37410071942446044	0.9993136582017845
0.3738437821171634	0.9993131868131868
0.3733299075025694	0.9993122420907841
0.3728160328879753	0.9993112947658402
0.3725590955806783	0.9993108201240524
0.3723021582733813	0.9993103448275862
0.3720452209660843	0.9993098688750862
0.37178828365878724	0.9993093922651933
0.3715313463514902	0.9993089149965446
0.37127440904419323	0.9993084370677732
0.3710174717368962	0.9993079584775086
0.37076053442959916	0.9993074792243767
0.37050359712230213	0.9993069993069993
0.3699897225077081	0.9993060374739764
0.3697327852004111	0.9993055555555556
0.3694758478931141	0.9993050729673384
0.3692189105858171	0.9993045897079277
0.36896197327852004	0.9993041057759221
0.368705035971223	0.9993036211699164
0.368448098663926	0.9993031358885017
0.36793422404933196	0.9993021632937893
0.3676772867420349	0.9993016759776536
0.36742034943473795	0.9993011879804332
0.3671634121274409	0.9993006993006993
0.3669064748201439	0.9993002099370188
0.36664953751284685	0.9992997198879552
0.36639260020554987	0.9992992291520673
0.36613566289825283	0.9992987377279102
0.3658787255909558	0.9992982456140351
0.36562178828365877	0.9992977528089888
0.3653648509763618	0.9992972593113141
0.36510791366906475	0.9992967651195499
0.3648509763617677	0.9992962702322308
0.3645940390544707	0.9992957746478873
0.36382322713257964	0.9992942836979535
0.3635662898252826	0.9992937853107344
0.36330935251798563	0.9992932862190813
0.3630524152106886	0.9992927864214993
0.36279547790339156	0.9992922859164898
0.3625385405960945	0.9992917847025495
0.36228160328879755	0.9992912827781715
0.3620246659815005	0.999290780141844
0.3617677286742035	0.9992902767920511
0.36151079136690645	0.9992897727272727
0.36125385405960947	0.9992892679459844
0.36099691675231244	0.9992887624466572
0.3607399794450154	0.999288256227758
0.3604830421377184	0.9992877492877493
0.3602261048304214	0.9992872416250891
0.35996916752312436	0.9992867332382311
0.3597122302158273	0.9992862241256245
0.35945529290853034	0.9992857142857143
0.3591983556012333	0.9992852037169406
0.3589414182939363	0.9992846924177397
0.35868448098663924	0.9992841803865425
0.35842754367934226	0.9992836676217765
0.35817060637204523	0.9992831541218637
0.3579136690647482	0.9992826398852224
0.35765673175745116	0.9992821249102656
0.3573997944501542	0.9992816091954023
0.35714285714285715	0.9992810927390366
0.3568859198355601	0.9992805755395684
0.3566289825282631	0.9992800575953924
0.3563720452209661	0.9992795389048992
0.35611510791366907	0.9992790194664743
0.35585817060637204	0.9992784992784993
0.355601233299075	0.9992779783393502
0.355344295991778	0.9992774566473989
0.355087358684481	0.9992769342010123
0.35483042137718396	0.9992764109985528
0.3545734840698869	0.999275887038378
0.35431654676258995	0.9992753623188406
0.3540596094552929	0.9992748368382887
0.3538026721479959	0.9992743105950653
0.35354573484069884	0.9992737835875091
0.35328879753340187	0.9992732558139535
0.35303186022610483	0.9992727272727273
0.35251798561151076	0.9992716678805535
0.3522610483042138	0.999271137026239
0.35200411099691675	0.9992706053975201
0.35149023638232274	0.9992695398100804
0.3512332990750257	0.9992690058479532
0.3509763617677287	0.9992684711046086
0.35071942446043164	0.9992679355783309
0.35046248715313466	0.9992673992673993
0.3502055498458376	0.999266862170088
0.3499486125385406	0.9992663242846662
0.34969167523124356	0.9992657856093979
0.3494347379239466	0.9992652461425422
0.34917780061664955	0.9992647058823529
0.3489208633093525	0.9992641648270787
0.3486639260020555	0.9992636229749632
0.3484069886947585	0.9992630803242447
0.34815005138746147	0.9992625368731564
0.34789311408016443	0.9992619926199262
0.3476361767728674	0.9992614475627769
0.3473792394655704	0.9992609016999261
0.3471223021582734	0.9992603550295858
0.34686536485097635	0.999259807549963
0.3466084275436793	0.9992592592592593
0.34635149023638234	0.9992587101556709
0.3460945529290853	0.9992581602373887
0.3458376156217883	0.9992576095025983
0.34558067831449124	0.9992570579494799
0.34506680369989723	0.9992559523809523
0.3448098663926002	0.9992553983618764
0.34455292908530316	0.9992548435171386
0.3442959917780062	0.9992542878448919
0.3437821171634121	0.9992531740104555
0.3435251798561151	0.9992526158445441
0.3432682425488181	0.9992520568436799
0.34301130524152107	0.999251497005988
0.34275436793422404	0.9992509363295881
0.34249743062692706	0.9992503748125937
0.34224049331963	0.9992498124531133
0.34172661870503596	0.9992486851990984
0.341469681397739	0.9992481203007518
0.34121274409044194	0.999247554552295
0.3409558067831449	0.9992469879518072
0.3406988694758479	0.9992464204973625
0.3404419321685509	0.9992458521870287
0.34018499486125386	0.999245283018868
0.33992805755395683	0.9992447129909365
0.3396711202466598	0.999244142101285
0.3394141829393628	0.9992435703479576
0.3391572456320658	0.9992429977289932
0.33890030832476875	0.9992424242424243
0.3386433710174717	0.9992418498862775
0.33838643371017474	0.9992412746585736
0.3381294964028777	0.9992406985573272
0.33787255909558067	0.9992401215805471
0.33761562178828364	0.9992395437262357
0.33735868448098666	0.9992389649923896
0.3371017471736896	0.9992383853769993
0.3368448098663926	0.9992378048780488
0.33658787255909556	0.9992372234935164
0.33607399794450155	0.9992360580595875
0.3358170606372045	0.9992354740061162
0.3355601233299075	0.9992348890589136
0.3353031860226105	0.9992343032159265
0.33504624871531347	0.9992337164750957
0.33478931140801643	0.9992331288343558
0.3345323741007194	0.9992325402916347
0.3340184994861254	0.9992313604919293
0.33376156217882835	0.9992307692307693
0.3335046248715313	0.9992301770592764
0.33324768756423434	0.9992295839753467
0.3329907502569373	0.9992289899768697
0.3327338129496403	0.9992283950617284
0.3324768756423433	0.9992277992277993
0.33221993833504626	0.999227202472952
0.3319630010277492	0.9992266047950503
0.3317060637204522	0.9992260061919505
0.3314491264131552	0.9992254066615027
0.3311921891058582	0.9992248062015504
0.3306783144912641	0.9992236024844721
0.33042137718396714	0.9992229992229992
0.32990750256937307	0.9992217898832685
0.32965056526207603	0.9992211838006231
0.32939362795477906	0.9992205767731879
0.329136690647482	0.999219968798752
0.328879753340185	0.9992193598750976
0.32862281603288795	0.99921875
0.328365878725591	0.9992181391712275
0.32810894141829394	0.9992175273865415
0.3278520041109969	0.9992169146436961
0.3275950668036999	0.9992163009404389
0.32682425488180883	0.9992144540455616
0.3265673175745118	0.9992138364779874
0.3263103802672148	0.999213217938631
0.3260534429599178	0.9992125984251968
0.32579650565262075	0.9992119779353822
0.3255395683453237	0.999211356466877
0.32528263103802674	0.9992107340173638
0.3250256937307297	0.9992101105845181
0.32476875642343267	0.9992094861660079
0.32451181911613564	0.9992088607594937
0.3239979445015416	0.9992076069730587
0.3237410071942446	0.9992069785884219
0.3234840698869476	0.9992063492063492
0.3232271325796506	0.9992057188244639
0.32297019527235354	0.9992050874403816
0.32245632065775953	0.9992038216560509
0.3221993833504625	0.999203187250996
0.32194244604316546	0.9992025518341308
0.32168550873586843	0.9992019154030327
0.32142857142857145	0.9992012779552716
0.3211716341212744	0.9992006394884093
0.32065775950668035	0.9991993594875901
0.3204008221993834	0.999198717948718
0.32014388489208634	0.9991980753809142
0.3198869475847893	0.9991974317817014
0.31963001027749227	0.9991967871485944
0.3193730729701953	0.9991961414790996
0.31911613566289826	0.999195494770716
0.3188591983556012	0.999194847020934
0.3186022610483042	0.9991941982272361
0.3183453237410072	0.9991935483870967
0.3180883864337102	0.9991928974979822
0.31783144912641315	0.9991922455573505
0.3175745118191161	0.9991915925626516
0.31731757451181913	0.9991909385113269
0.3170606372045221	0.9991902834008097
0.31680369989722507	0.9991896272285251
0.31628982528263105	0.9991883116883117
0.316032887975334	0.9991876523151909
0.315775950668037	0.9991869918699187
0.31551901336073995	0.9991863303498779
0.315262076053443	0.999185667752443
0.31500513874614594	0.9991850040749797
0.31449126413155193	0.9991836734693877
0.31397738951695786	0.9991823385118561
0.3137204522096608	0.9991816693944353
0.3132065775950668	0.9991803278688525
0.3129496402877698	0.9991796554552912
0.31243576567317577	0.9991783073130649
0.31217882836587874	0.9991776315789473
0.3119218910585817	0.9991769547325103
0.31166495375128467	0.999176276771005
0.3114080164439877	0.9991755976916735
0.31115107913669066	0.9991749174917491
0.3108941418293936	0.9991742361684558
0.3106372045220966	0.9991735537190083
0.3103802672147996	0.9991728701406121
0.3101233299075026	0.9991721854304636
0.30986639260020554	0.9991714995857498
0.30935251798561153	0.9991701244813278
0.3090955806783145	0.9991694352159468
0.30883864337101746	0.999168744804655
0.30858170606372043	0.9991680532445923
0.30832476875642345	0.9991673605328892
0.3080678314491264	0.9991666666666666
0.3078108941418294	0.9991659716430359
0.30755395683453235	0.9991652754590985
0.30729701952723537	0.9991645781119465
0.30704008221993834	0.9991638795986622
0.3067831449126413	0.999163179916318
0.30652620760534427	0.9991624790619765
0.3062692702980473	0.9991617770326907
0.30601233299075026	0.9991610738255033
0.3057553956834532	0.9991603694374476
0.3052415210688592	0.9991589571068125
0.30472764645426514	0.9991575400168492
0.30421377183967113	0.99915611814346
0.3039568345323741	0.9991554054054054
0.30369989722507706	0.9991546914623838
0.3034429599177801	0.9991539763113367
0.30318602261048305	0.9991532599491956
0.302672147995889	0.9991518235793045
0.302415210688592	0.9991511035653651
0.30190133607399794	0.9991496598639455
0.3016443987667009	0.9991489361702127
0.3011305241521069	0.9991474850809889
0.30087358684480986	0.9991467576791809
0.30035971223021585	0.9991452991452991
0.3001027749229188	0.9991445680068435
0.2998458376156218	0.9991438356164384
0.29958890030832475	0.9991431019708654
0.29933196300102777	0.9991423670668954
0.29907502569373073	0.9991416309012876
0.2988180883864337	0.9991408934707904
0.29856115107913667	0.999140154772141
0.2983042137718397	0.9991394148020654
0.29804727646454265	0.9991386735572783
0.2975334018499486	0.999137187230371
0.2972764645426516	0.9991364421416234
0.2970195272353546	0.9991356957649092
0.2965056526207605	0.9991341991341991
0.29624871531346353	0.9991334488734835
0.2959917780061665	0.9991326973113617
0.29573484069886946	0.9991319444444444
0.2954779033915725	0.9991311902693311
0.29522096608427545	0.9991304347826087
0.2947070914696814	0.9991289198606271
0.2944501541623844	0.999128160418483
0.29419321685508737	0.9991273996509599
0.2936793422404933	0.9991258741258742
0.2934224049331963	0.9991251093613298
0.29290853031860226	0.9991235758106923
0.29239465570400824	0.9991220368744512
0.2921377183967112	0.9991212653778558
0.2918807810894142	0.9991204925241864
0.29162384378211714	0.9991197183098591
0.2908530318602261	0.999117387466902
0.29059609455292906	0.9991166077738516
0.2903391572456321	0.9991158267020336
0.29008221993833505	0.9991150442477876
0.289825282631038	0.9991142604074402
0.289568345323741	0.999113475177305
0.289311408016444	0.9991126885536823
0.28905447070914697	0.9991119005328597
0.28879753340184994	0.9991111111111111
0.2885405960945529	0.9991103202846975
0.2882836587872559	0.9991095280498664
0.2880267214799589	0.9991087344028521
0.28776978417266186	0.9991079393398751
0.2875128468653648	0.9991071428571429
0.28725590955806785	0.9991063449508489
0.2869989722507708	0.9991055456171736
0.2867420349434738	0.999104744852283
0.2864850976361768	0.9991039426523297
0.28622816032887977	0.9991031390134529
0.28597122302158273	0.9991023339317774
0.2857142857142857	0.9991015274034142
0.2854573484069887	0.9991007194244604
0.2852004110996917	0.9990999099909991
0.28442959917780064	0.9990974729241877
0.2841726618705036	0.999096657633243
0.2839157245632066	0.9990958408679927
0.28365878725590954	0.9990950226244344
0.28340184994861256	0.9990942028985508
0.2831449126413155	0.99909338168631
0.2828879753340185	0.9990925589836661
0.2823741007194245	0.9990909090909091
0.28211716341212745	0.9990900818926297
0.2818602261048304	0.9990892531876139
0.2816032887975334	0.9990884229717412
0.2813463514902364	0.9990875912408759
0.2805755395683453	0.9990850869167429
0.2803186022610483	0.9990842490842491
0.2800616649537513	0.999083409715857
0.27980472764645425	0.9990825688073395
0.2795477903391572	0.9990817263544536
0.27929085303186024	0.9990808823529411
0.2790339157245632	0.9990800367985281
0.2787769784172662	0.9990791896869244
0.27852004110996914	0.9990783410138249
0.27826310380267216	0.9990774907749077
0.27800616649537513	0.9990766389658357
0.2777492291880781	0.9990757855822551
0.2774922918807811	0.9990749306197965
0.2772353545734841	0.9990740740740741
0.27697841726618705	0.9990732159406858
0.27672147995889	0.9990723562152134
0.27646454265159304	0.9990714948932219
0.276207605344296	0.9990706319702602
0.27595066803699897	0.9990697674418605
0.27569373072970194	0.9990689013035382
0.27543679342240496	0.9990680335507922
0.2751798561151079	0.9990671641791045
0.2749229188078109	0.9990662931839402
0.27466598150051386	0.9990654205607477
0.2744090441932169	0.9990645463049579
0.27415210688591984	0.9990636704119851
0.2738951695786228	0.9990627928772259
0.2736382322713258	0.99906191369606
0.2733812949640288	0.9990610328638497
0.27312435765673176	0.9990601503759399
0.27286742034943473	0.9990592662276576
0.2726104830421377	0.9990583804143126
0.2723535457348407	0.9990574929311969
0.2720966084275437	0.9990566037735849
0.27183967112024665	0.9990557129367328
0.2715827338129496	0.999054820415879
0.27132579650565264	0.9990539262062441
0.27081192189105857	0.9990521327014218
0.27029804727646456	0.9990503323836657
0.2700411099691675	0.9990494296577946
0.2697841726618705	0.9990485252140818
0.26952723535457346	0.9990476190476191
0.26901336073997945	0.9990458015267175
0.2687564234326824	0.9990448901623686
0.26849948612538543	0.9990439770554493
0.2682425488180884	0.999043062200957
0.26798561151079137	0.9990421455938697
0.26772867420349433	0.9990412272291467
0.26747173689619735	0.9990403071017274
0.2669578622816033	0.9990384615384615
0.26670092497430625	0.9990375360923965
0.2664439876670093	0.9990366088631984
0.26618705035971224	0.9990356798457087
0.2659301130524152	0.999034749034749
0.2656731757451182	0.9990338164251208
0.2654162384378212	0.9990328820116054
0.26515930113052416	0.9990319457889641
0.2649023638232271	0.999031007751938
0.2646454265159301	0.9990300678952473
0.2643884892086331	0.9990291262135922
0.2641315519013361	0.9990281827016521
0.26387461459403905	0.9990272373540856
0.263617677286742	0.9990262901655307
0.26336073997944504	0.9990253411306043
0.26284686536485097	0.9990234375
0.26258992805755393	0.9990224828934506
0.26233299075025696	0.9990215264187867
0.2620760534429599	0.9990205680705191
0.2618191161356629	0.9990196078431373
0.26156217882836585	0.9990186457311089
0.2613052415210689	0.9990176817288802
0.26104830421377184	0.9990167158308751
0.2607913669064748	0.9990157480314961
0.2605344295991778	0.9990147783251232
0.2602774922918808	0.9990138067061144
0.26002055498458376	0.9990128331688055
0.25976361767728673	0.9990118577075099
0.2595066803699897	0.9990108803165183
0.2592497430626927	0.999009900990099
0.2589928057553957	0.9990089197224975
0.25873586844809865	0.9990079365079365
0.25847893114080167	0.9990069513406157
0.25822199383350464	0.9990059642147118
0.2579650565262076	0.9990049751243781
0.25770811921891057	0.999003984063745
0.2574511819116136	0.9990029910269193
0.25719424460431656	0.999001996007984
0.2569373072970195	0.999000999000999
0.2566803699897225	0.999
0.2564234326824255	0.998998998998999
0.2561664953751285	0.998997995991984
0.25590955806783144	0.9989969909729187
0.2556526207605344	0.998995983935743
0.25539568345323743	0.9989949748743718
0.2551387461459404	0.9989939637826962
0.25488180883864336	0.998992950654582
0.25462487153134633	0.998991935483871
0.25436793422404935	0.9989909182643795
0.2541109969167523	0.998989898989899
0.2538540596094553	0.9989888776541962
0.25359712230215825	0.9989878542510121
0.2533401849948613	0.9989868287740629
0.25308324768756424	0.9989858012170385
0.2528263103802672	0.9989847715736041
0.25256937307297017	0.9989837398373984
0.2523124357656732	0.9989827060020345
0.25205549845837616	0.9989816700610998
0.2515416238437821	0.9989795918367347
0.2512846865364851	0.9989785495403473
0.2510277492291881	0.9989775051124744
0.25077081192189105	0.9989764585465711
0.250513874614594	0.9989754098360656
0.25025693730729703	0.9989743589743589
0.25	0.9989733059548255
0.249743062692703	0.998972250770812
0.24948612538540596	0.9989711934156379
0.24922918807810895	0.9989701338825953
0.24897225077081192	0.9989690721649485
0.24871531346351491	0.9989680082559339
0.24845837615621788	0.9989669421487604
0.24820143884892087	0.9989658738366081
0.24794450154162384	0.9989648033126294
0.24768756423432683	0.9989637305699481
0.2474306269270298	0.9989626556016598
0.2471736896197328	0.9989615784008308
0.24691675231243576	0.998960498960499
0.24665981500513876	0.9989594172736732
0.24640287769784172	0.9989583333333333
0.24614594039054472	0.9989572471324296
0.24588900308324768	0.9989561586638831
0.24563206577595068	0.9989550679205852
0.24537512846865364	0.9989539748953975
0.24511819116135664	0.9989528795811519
0.2448612538540596	0.9989517819706499
0.2446043165467626	0.9989506820566632
0.24434737923946556	0.9989495798319328
0.24409044193216856	0.9989484752891693
0.24383350462487152	0.9989473684210526
0.24357656731757452	0.9989462592202318
0.24331963001027748	0.9989451476793249
0.24306269270298048	0.9989440337909187
0.24280575539568344	0.9989429175475687
0.24254881808838644	0.9989417989417989
0.2422918807810894	0.9989406779661016
0.2420349434737924	0.9989395546129375
0.24177800616649536	0.9989384288747346
0.24152106885919836	0.9989373007438895
0.24126413155190132	0.9989361702127659
0.24100719424460432	0.9989350372736954
0.24075025693730728	0.9989339019189766
0.24049331963001028	0.9989327641408752
0.24023638232271327	0.9989316239316239
0.23997944501541624	0.9989304812834224
0.23972250770811923	0.9989293361884368
0.2394655704008222	0.9989281886387996
0.2392086330935252	0.9989270386266095
0.23895169578622816	0.9989258861439313
0.23869475847893115	0.9989247311827957
0.2381808838643371	0.9989224137931034
0.23792394655704008	0.9989212513484358
0.23766700924974307	0.9989200863930886
0.23741007194244604	0.9989189189189189
0.23715313463514903	0.9989177489177489
0.236896197327852	0.9989165763813651
0.236639260020555	0.9989154013015185
0.23638232271325796	0.998914223669924
0.23612538540596095	0.9989130434782608
0.23586844809866392	0.998911860718172
0.2356115107913669	0.9989106753812637
0.23535457348406988	0.9989094874591058
0.23509763617677287	0.9989082969432315
0.23484069886947584	0.9989071038251366
0.23458376156217883	0.9989059080962801
0.2343268242548818	0.9989047097480832
0.2340698869475848	0.9989035087719298
0.23381294964028776	0.9989023051591658
0.23355601233299075	0.9989010989010989
0.23329907502569372	0.9988998899889989
0.2330421377183967	0.998898678414097
0.23278520041109968	0.9988974641675854
0.23252826310380267	0.9988962472406181
0.23227132579650564	0.9988950276243094
0.23201438848920863	0.9988938053097345
0.2317574511819116	0.9988925802879292
0.2315005138746146	0.9988913525498891
0.2312435765673176	0.9988901220865705
0.23098663926002055	0.9988888888888889
0.23072970195272355	0.9988876529477196
0.23047276464542651	0.9988864142538976
0.2302158273381295	0.9988851727982163
0.22995889003083247	0.9988839285714286
0.22970195272353547	0.9988826815642458
0.22944501541623843	0.9988814317673378
0.22918807810894143	0.9988801791713325
0.2289311408016444	0.9988789237668162
0.2286742034943474	0.9988776655443322
0.22841726618705036	0.998876404494382
0.22816032887975335	0.9988751406074241
0.22790339157245632	0.9988738738738738
0.2276464542651593	0.9988726042841037
0.22738951695786228	0.9988713318284425
0.22713257965056527	0.9988700564971752
0.22687564234326824	0.998868778280543
0.22661870503597123	0.9988674971687429
0.2263617677286742	0.9988662131519275
0.2261048304213772	0.9988649262202043
0.22584789311408016	0.9988636363636364
0.22559095580678315	0.9988623435722411
0.22533401849948612	0.9988610478359908
0.2250770811921891	0.9988597491448119
0.22482014388489208	0.9988584474885844
0.22456320657759507	0.9988571428571429
0.22430626927029804	0.9988558352402745
0.22404933196300103	0.9988545246277205
0.223792394655704	0.9988532110091743
0.22327852004110996	0.9988505747126437
0.22327852004110996	1.0
0.22302158273381295	1.0
0.22276464542651592	1.0
0.22225077081192188	1.0
0.22199383350462487	1.0
0.22173689619732787	1.0
0.22147995889003083	1.0
0.22122302158273383	1.0
0.2209660842754368	1.0
0.22070914696813979	1.0
0.22045220966084275	1.0
0.22019527235354575	1.0
0.2199383350462487	1.0
0.21942446043165467	1.0
0.21916752312435767	1.0
0.21891058581706063	1.0
0.21865364850976363	1.0
0.2183967112024666	1.0
0.2181397738951696	1.0
0.21788283658787255	1.0
0.2173689619732785	1.0
0.21659815005138747	1.0
0.21634121274409043	1.0
0.21608427543679343	1.0
0.2158273381294964	1.0
0.2155704008221994	1.0
0.21531346351490235	1.0
0.21505652620760535	1.0
0.2147995889003083	1.0
0.2145426515930113	1.0
0.21428571428571427	1.0
0.21402877697841727	1.0
0.21351490236382323	1.0
0.2132579650565262	1.0
0.2130010277492292	1.0
0.21274409044193218	1.0
0.21248715313463515	1.0
0.21223021582733814	1.0
0.2119732785200411	1.0
0.2117163412127441	1.0
0.21145940390544707	1.0
0.21120246659815006	1.0
0.21094552929085303	1.0
0.21017471736896198	1.0
0.20991778006166495	1.0
0.2094039054470709	1.0
0.2091469681397739	1.0
0.20889003083247687	1.0
0.20863309352517986	1.0
0.20811921891058582	1.0
0.2078622816032888	1.0
0.20734840698869475	1.0
0.20709146968139774	1.0
0.2065775950668037	1.0
0.20632065775950667	1.0
0.20606372045220966	1.0
0.20580678314491263	1.0
0.20554984583761562	1.0
0.2052929085303186	1.0
0.20503597122302158	1.0
0.20477903391572455	1.0
0.2042651593011305	1.0
0.2040082219938335	1.0
0.20375128468653647	1.0
0.20349434737923947	1.0
0.20323741007194246	1.0
0.20298047276464543	1.0
0.20272353545734842	1.0
0.20246659815005139	1.0
0.20195272353545735	1.0
0.20169578622816034	1.0
0.2014388489208633	1.0
0.2011819116135663	1.0
0.20092497430626927	1.0
0.20066803699897226	1.0
0.20041109969167523	1.0
0.20015416238437822	1.0
0.1998972250770812	1.0
0.19964028776978418	1.0
0.19938335046248715	1.0
0.19912641315519014	1.0
0.1988694758478931	1.0
0.1986125385405961	1.0
0.19809866392600206	1.0
0.19784172661870503	1.0
0.19758478931140802	1.0
0.197327852004111	1.0
0.19707091469681398	1.0
0.19681397738951695	1.0
0.19655704008221994	1.0
0.1963001027749229	1.0
0.1960431654676259	1.0
0.19578622816032887	1.0
0.19552929085303186	1.0
0.19527235354573483	1.0
0.19501541623843782	1.0
0.1947584789311408	1.0
0.19450154162384378	1.0
0.19424460431654678	1.0
0.19398766700924974	1.0
0.19373072970195274	1.0
0.1934737923946557	1.0
0.1932168550873587	1.0
0.19295991778006166	1.0
0.19270298047276466	1.0
0.19218910585817062	1.0
0.19167523124357658	1.0
0.19141829393627954	1.0
0.1906474820143885	1.0
0.19039054470709146	1.0
0.19013360739979446	1.0
0.18987667009249742	1.0
0.18961973278520042	1.0
0.18936279547790338	1.0
0.18910585817060638	1.0
0.18884892086330934	1.0
0.18859198355601234	1.0
0.1883350462487153	1.0
0.1880781089414183	1.0
0.18782117163412126	1.0
0.18756423432682426	1.0
0.18730729701952722	1.0
0.18705035971223022	1.0
0.18679342240493318	1.0
0.18653648509763618	1.0
0.18627954779033915	1.0
0.18602261048304214	1.0
0.1855087358684481	1.0
0.18525179856115107	1.0
0.18499486125385406	1.0
0.18473792394655705	1.0
0.18448098663926002	1.0
0.18396711202466598	1.0
0.18345323741007194	1.0
0.18319630010277493	1.0
0.1829393627954779	1.0
0.1826824254881809	1.0
0.18242548818088386	1.0
0.18216855087358685	1.0
0.18191161356628982	1.0
0.18165467625899281	1.0
0.18139773895169578	1.0
0.18114080164439877	1.0
0.18062692702980473	1.0
0.1803699897225077	1.0
0.1801130524152107	1.0
0.17985611510791366	1.0
0.17959917780061666	1.0
0.17934224049331962	1.0
0.17908530318602262	1.0
0.17882836587872558	1.0
0.17831449126413154	1.0
0.17805755395683454	1.0
0.1778006166495375	1.0
0.1775436793422405	1.0
0.17728674203494346	1.0
0.17702980472764646	1.0
0.17677286742034942	1.0
0.17651593011305242	1.0
0.17625899280575538	1.0
0.17600205549845838	1.0
0.17574511819116137	1.0
0.17523124357656733	1.0
0.1749743062692703	1.0
0.1747173689619733	1.0
0.17446043165467626	1.0
0.17420349434737925	1.0
0.17394655704008222	1.0
0.1736896197327852	1.0
0.17343268242548818	1.0
0.17317574511819117	1.0
0.17266187050359713	1.0
0.1724049331963001	1.0
0.1721479958890031	1.0
0.17189105858170606	1.0
0.17163412127440905	1.0
0.17137718396711202	1.0
0.171120246659815	1.0
0.17086330935251798	1.0
0.17060637204522097	1.0
0.17034943473792394	1.0
0.17009249743062693	1.0
0.16932168550873586	1.0
0.16906474820143885	1.0
0.16880781089414182	1.0
0.1685508735868448	1.0
0.16829393627954778	1.0
0.16803699897225077	1.0
0.16778006166495374	1.0
0.16752312435765673	1.0
0.1672661870503597	1.0
0.1670092497430627	1.0
0.16649537512846865	1.0
0.16623843782117165	1.0
0.1659815005138746	1.0
0.1657245632065776	1.0
0.16546762589928057	1.0
0.16495375128468653	1.0
0.16469681397738953	1.0
0.1644398766700925	1.0
0.1641829393627955	1.0
0.16392600205549845	1.0
0.16366906474820145	1.0
0.16341212744090441	1.0
0.1631551901336074	1.0
0.16289825282631037	1.0
0.16264131551901337	1.0
0.16238437821171633	1.0
0.16212744090441933	1.0
0.1618705035971223	1.0
0.1616135662898253	1.0
0.16135662898252826	1.0
0.16109969167523125	1.0
0.16084275436793422	1.0
0.1605858170606372	1.0
0.16007194244604317	1.0
0.15981500513874614	1.0
0.15955806783144913	1.0
0.1593011305241521	1.0
0.1590441932168551	1.0
0.15878725590955806	1.0
0.15853031860226105	1.0
0.15827338129496402	1.0
0.158016443987667	1.0
0.15775950668036998	1.0
0.15750256937307297	1.0
0.15724563206577596	1.0
0.15698869475847893	1.0
0.15673175745118192	1.0
0.1564748201438849	1.0
0.15621788283658788	1.0
0.15596094552929085	1.0
0.1554470709146968	1.0
0.1551901336073998	1.0
0.15493319630010277	1.0
0.15467625899280577	1.0
0.15441932168550873	1.0
0.15416238437821173	1.0
0.1539054470709147	1.0
0.15339157245632065	1.0
0.15313463514902365	1.0
0.1528776978417266	1.0
0.15236382322713257	1.0
0.15210688591983557	1.0
0.1513360739979445	1.0
0.1510791366906475	1.0
0.15056526207605345	1.0
0.1503083247687564	1.0
0.1500513874614594	1.0
0.14979445015416237	1.0
0.14953751284686537	1.0
0.14928057553956833	1.0
0.14902363823227133	1.0
0.1487667009249743	1.0
0.1485097636176773	1.0
0.14825282631038025	1.0
0.14799588900308325	1.0
0.14773895169578624	1.0
0.1474820143884892	1.0
0.1472250770811922	1.0
0.14696813977389517	1.0
0.14671120246659816	1.0
0.14645426515930113	1.0
0.14619732785200412	1.0
0.1459403905447071	1.0
0.14568345323741008	1.0
0.14542651593011305	1.0
0.14516957862281604	1.0
0.144912641315519	1.0
0.144655704008222	1.0
0.14439876670092497	1.0
0.14388489208633093	1.0
0.1433710174717369	1.0
0.14285714285714285	1.0
0.14260020554984584	1.0
0.1423432682425488	1.0
0.14182939362795477	1.0
0.14157245632065776	1.0
0.14131551901336073	1.0
0.14105858170606372	1.0
0.1408016443987667	1.0
0.14054470709146968	1.0
0.14003083247687564	1.0
0.1397738951695786	1.0
0.1395169578622816	1.0
0.13926002055498457	1.0
0.13900308324768756	1.0
0.13848920863309352	1.0
0.13823227132579652	1.0
0.13771839671120248	1.0
0.13720452209660844	1.0
0.1369475847893114	1.0
0.1366906474820144	1.0
0.13617677286742036	1.0
0.13591983556012333	1.0
0.13566289825282632	1.0
0.13540596094552929	1.0
0.13489208633093525	1.0
0.13463514902363824	1.0
0.1343782117163412	1.0
0.1341212744090442	1.0
0.13360739979445016	1.0
0.13335046248715313	1.0
0.13309352517985612	1.0
0.1328365878725591	1.0
0.13257965056526208	1.0
0.13232271325796505	1.0
0.131808838643371	1.0
0.13129496402877697	1.0
0.13103802672147996	1.0
0.13078108941418293	1.0
0.1302672147995889	1.0
0.13001027749229188	1.0
0.12923946557040084	1.0
0.1289825282631038	1.0
0.1287255909558068	1.0
0.12821171634121276	1.0
0.12795477903391572	1.0
0.12769784172661872	1.0
0.12718396711202468	1.0
0.12667009249743064	1.0
0.1264131551901336	1.0
0.1261562178828366	1.0
0.12589928057553956	1.0
0.12564234326824256	1.0
0.12538540596094552	1.0
0.1248715313463515	1.0
0.12461459403905448	1.0
0.12435765673175746	1.0
0.12410071942446044	1.0
0.12384378211716342	1.0
0.1235868448098664	1.0
0.12332990750256938	1.0
0.12281603288797534	1.0
0.1223021582733813	1.0
0.12204522096608428	1.0
0.12178828365878726	1.0
0.12153134635149024	1.0
0.12127440904419322	1.0
0.1210174717368962	1.0
0.12076053442959918	1.0
0.12024665981500514	1.0
0.11998972250770812	1.0
0.11947584789311408	1.0
0.11921891058581706	1.0
0.11896197327852004	1.0
0.11870503597122302	1.0
0.118448098663926	1.0
0.11793422404933196	1.0
0.11767728674203494	1.0
0.11742034943473792	1.0
0.1171634121274409	1.0
0.11690647482014388	1.0
0.11664953751284686	1.0
0.11639260020554984	1.0
0.1158787255909558	1.0
0.1156217882836588	1.0
0.11536485097636177	1.0
0.11510791366906475	1.0
0.11459403905447071	1.0
0.1143371017471737	1.0
0.11382322713257965	1.0
0.11356628982528263	1.0
0.11330935251798561	1.0
0.1130524152106886	1.0
0.11279547790339157	1.0
0.11253854059609456	1.0
0.11228160328879754	1.0
0.11202466598150052	1.0
0.1117677286742035	1.0
0.11151079136690648	1.0
0.11125385405960946	1.0
0.11073997944501542	1.0
0.1104830421377184	1.0
0.11022610483042138	1.0
0.10996916752312436	1.0
0.10945529290853032	1.0
0.1091983556012333	1.0
0.10894141829393628	1.0
0.10817060637204522	1.0
0.1079136690647482	1.0
0.10765673175745118	1.0
0.10714285714285714	1.0
0.10688591983556012	1.0
0.1066289825282631	1.0
0.10637204522096609	1.0
0.10611510791366907	1.0
0.10585817060637205	1.0
0.10560123329907503	1.0
0.10508735868448099	1.0
0.10483042137718397	1.0
0.10457348406988695	1.0
0.10431654676258993	1.0
0.10380267214799589	1.0
0.10354573484069887	1.0
0.10303186022610483	1.0
0.10277492291880781	1.0
0.10226104830421377	1.0
0.10174717368961973	1.0
0.10149023638232271	1.0
0.10097636176772867	1.0
0.10071942446043165	1.0
0.10046248715313463	1.0
0.10020554984583761	1.0
0.0999486125385406	1.0
0.09969167523124357	1.0
0.09943473792394655	1.0
0.09892086330935251	1.0
0.09789311408016443	1.0
0.09763617677286741	1.0
0.0973792394655704	1.0
0.09712230215827339	1.0
0.09686536485097637	1.0
0.09635149023638233	1.0
0.09609455292908531	1.0
0.09558067831449127	1.0
0.09532374100719425	1.0
0.09480986639260021	1.0
0.09455292908530319	1.0
0.09429599177800617	1.0
0.09403905447070915	1.0
0.09378211716341213	1.0
0.09352517985611511	1.0
0.09301130524152107	1.0
0.09275436793422405	1.0
0.09249743062692703	1.0
0.09224049331963001	1.0
0.09172661870503597	1.0
0.09121274409044193	1.0
0.09095580678314491	1.0
0.09069886947584789	1.0
0.09044193216855087	1.0
0.09018499486125385	1.0
0.08992805755395683	1.0
0.08967112024665981	1.0
0.08941418293936279	1.0
0.08915724563206577	1.0
0.08890030832476875	1.0
0.08838643371017471	1.0
0.08812949640287769	1.0
0.08787255909558069	1.0
0.08761562178828367	1.0
0.08735868448098665	1.0
0.08710174717368963	1.0
0.0868448098663926	1.0
0.08658787255909559	1.0
0.08633093525179857	1.0
0.08607399794450155	1.0
0.08530318602261049	1.0
0.08504624871531347	1.0
0.08478931140801645	1.0
0.08453237410071943	1.0
0.08401849948612539	1.0
0.08376156217882837	1.0
0.08324768756423433	1.0
0.08273381294964029	1.0
0.08247687564234327	1.0
0.08221993833504625	1.0
0.08196300102774923	1.0
0.08170606372045221	1.0
0.08119218910585817	1.0
0.08093525179856115	1.0
0.08067831449126413	1.0
0.08042137718396711	1.0
0.08016443987667009	1.0
0.07965056526207605	1.0
0.07939362795477903	1.0
0.07913669064748201	1.0
0.07887975334018499	1.0
0.07862281603288798	1.0
0.07836587872559096	1.0
0.07810894141829394	1.0
0.07785200411099692	1.0
0.0775950668036999	1.0
0.07733812949640288	1.0
0.07708119218910586	1.0
0.07656731757451182	1.0
0.07605344295991778	1.0
0.07579650565262076	1.0
0.07528263103802672	1.0
0.0750256937307297	1.0
0.07476875642343268	1.0
0.07451181911613566	1.0
0.07425488180883864	1.0
0.07348406988694758	1.0
0.07322713257965056	1.0
0.07271325796505652	1.0
0.07219938335046248	1.0
0.07194244604316546	1.0
0.07168550873586844	1.0
0.07142857142857142	1.0
0.0711716341212744	1.0
0.07091469681397738	1.0
0.07040082219938334	1.0
0.07014388489208633	1.0
0.0698869475847893	1.0
0.06963001027749229	1.0
0.06937307297019528	1.0
0.06911613566289826	1.0
0.06885919835560124	1.0
0.06860226104830422	1.0
0.0683453237410072	1.0
0.06808838643371018	1.0
0.06783144912641316	1.0
0.06731757451181912	1.0
0.06680369989722508	1.0
0.06654676258992806	1.0
0.06628982528263104	1.0
0.06603288797533402	1.0
0.065775950668037	1.0
0.06526207605344296	1.0
0.06500513874614594	1.0
0.06474820143884892	1.0
0.06423432682425488	1.0
0.06397738951695786	1.0
0.06294964028776978	1.0
0.06269270298047276	1.0
0.06243576567317575	1.0
0.06217882836587873	1.0
0.06192189105858171	1.0
0.06166495375128469	1.0
0.06115107913669065	1.0
0.06089414182939363	1.0
0.06038026721479959	1.0
0.06012332990750257	1.0
0.05986639260020555	1.0
0.05960945529290853	1.0
0.05909558067831449	1.0
0.05883864337101747	1.0
0.05858170606372045	1.0
0.05832476875642343	1.0
0.05806783144912641	1.0
0.0578108941418294	1.0
0.05755395683453238	1.0
0.05729701952723536	1.0
0.05704008221993834	1.0
0.05678314491264132	1.0
0.0565262076053443	1.0
0.05626927029804728	1.0
0.05601233299075026	1.0
0.05575539568345324	1.0
0.05549845837615622	1.0
0.0552415210688592	1.0
0.05498458376156218	1.0
0.05447070914696814	1.0
0.05421377183967112	1.0
0.0539568345323741	1.0
0.05369989722507708	1.0
0.05344295991778006	1.0
0.053186022610483046	1.0
0.052929085303186026	1.0
0.052672147995889006	1.0
0.052415210688591986	1.0
0.051901336073997946	1.0
0.051130524152106886	1.0
0.050873586844809866	1.0
0.050359712230215826	1.0
0.05010277492291881	1.0
0.04958890030832477	1.0
0.04907502569373073	1.0
0.04881808838643371	1.0
0.048047276464542654	1.0
0.047790339157245634	1.0
0.047533401849948614	1.0
0.047019527235354575	1.0
0.046762589928057555	1.0
0.046505652620760535	1.0
0.046248715313463515	1.0
0.045991778006166495	1.0
0.045734840698869475	1.0
0.045477903391572455	1.0
0.045220966084275435	1.0
0.044964028776978415	1.0
0.044450154162384375	1.0
0.044193216855087356	1.0
0.04393627954779034	1.0
0.0434224049331963	1.0
0.04316546762589928	1.0
0.04290853031860226	1.0
0.04265159301130524	1.0
0.04239465570400822	1.0
0.04188078108941418	1.0
0.04162384378211716	1.0
0.04136690647482014	1.0
0.041109969167523124	1.0
0.040853031860226104	1.0
0.040339157245632064	1.0
0.039825282631038024	1.0
0.039568345323741004	1.0
0.03931140801644399	1.0
0.03905447070914697	1.0
0.03879753340184995	1.0
0.03854059609455293	1.0
0.03802672147995889	1.0
0.03776978417266187	1.0
0.03725590955806783	1.0
0.03674203494347379	1.0
0.03648509763617677	1.0
0.03597122302158273	1.0
0.03571428571428571	1.0
0.03545734840698869	1.0
0.03520041109969167	1.0
0.03494347379239465	1.0
0.03468653648509764	1.0
0.03442959917780062	1.0
0.03391572456320658	1.0
0.03340184994861254	1.0
0.0328879753340185	1.0
0.03263103802672148	1.0
0.03237410071942446	1.0
0.03211716341212744	1.0
0.03186022610483042	1.0
0.0316032887975334	1.0
0.03134635149023638	1.0
0.031089414182939364	1.0
0.030575539568345324	1.0
0.030318602261048305	1.0
0.030061664953751285	1.0
0.029804727646454265	1.0
0.029290853031860225	1.0
0.029033915724563205	1.0
0.02877697841726619	1.0
0.02852004110996917	1.0
0.02826310380267215	1.0
0.02800616649537513	1.0
0.02723535457348407	1.0
0.026207605344295993	1.0
0.025693730729701953	1.0
0.025436793422404933	1.0
0.025179856115107913	1.0
0.024922918807810893	1.0
0.024665981500513873	1.0
0.024409044193216854	1.0
0.023638232271325797	1.0
0.023381294964028777	1.0
0.023124357656731757	1.0
0.022867420349434738	1.0
0.022096608427543678	1.0
0.02158273381294964	1.0
0.02081192189105858	1.0
0.020554984583761562	1.0
0.020041109969167522	1.0
0.019784172661870502	1.0
0.019270298047276466	1.0
0.018756423432682426	1.0
0.018499486125385406	1.0
0.017985611510791366	1.0
0.017728674203494346	1.0
0.01695786228160329	1.0
0.01670092497430627	1.0
0.01644398766700925	1.0
0.01618705035971223	1.0
0.01567317574511819	1.0
0.015416238437821172	1.0
0.014645426515930112	1.0
0.014131551901336074	1.0
0.013103802672147996	1.0
0.011819116135662899	1.0
0.01079136690647482	1.0
0.008992805755395683	1.0
0.008735868448098663	1.0
0.008478931140801645	1.0
0.007451181911613566	1.0
0.006680369989722507	1.0
0.006423432682425488	1.0
0.005909558067831449	1.0
0.00539568345323741	1.0
0.004881808838643371	1.0
0.0046248715313463515	1.0
0.003854059609455293	1.0
0.0035971223021582736	1.0
0.0033401849948612537	1.0
0.0028263103802672147	1.0
0.0025693730729701952	1.0
0.0020554984583761563	1.0
0.0017985611510791368	1.0
0.0012846865364850976	1.0
0.0010277492291880781	1.0
0.0007708119218910585	1.0
0.00025693730729701953	1.0
0.0	1.0
