# average_precision["micro"]	0.9974440243142431
recall	precision
1.0	0.5311135371179039
0.999743062692703	0.5310495427869524
0.999743062692703	0.5311220311220312
0.999743062692703	0.5311945392491467
0.999743062692703	0.5312670671764064
0.999743062692703	0.5313396149119214
0.999743062692703	0.5314121824638077
0.999743062692703	0.5314847698401858
0.999743062692703	0.5316300040989206
0.999743062692703	0.5317026509975403
0.999743062692703	0.5317753177531775
0.999743062692703	0.5318480043739748
0.999743062692703	0.5319207108680792
0.999743062692703	0.5319934372436423
0.999743062692703	0.53206618350882
0.999743062692703	0.5321389496717724
0.999743062692703	0.5322117357406647
0.999743062692703	0.5322845417236662
0.999743062692703	0.5323573676289506
0.999743062692703	0.5324302134646962
0.999743062692703	0.5325030792390858
0.999743062692703	0.5325759649603066
0.999743062692703	0.5326488706365503
0.999743062692703	0.5327217962760131
0.999743062692703	0.5327947418868958
0.999743062692703	0.5328677074774034
0.999743062692703	0.5329406930557458
0.999743062692703	0.533013698630137
0.999743062692703	0.5330867242087958
0.999743062692703	0.5331597697999452
0.999743062692703	0.5332328354118131
0.999743062692703	0.5333059210526315
0.999743062692703	0.5333790267306374
0.999743062692703	0.5334521524540718
0.999743062692703	0.5335252982311806
0.999743062692703	0.5335984640702139
0.999743062692703	0.5336716499794267
0.999743062692703	0.5337448559670782
0.999743062692703	0.5338180820414323
0.999743062692703	0.5338913282107574
0.999743062692703	0.5339645944833264
0.999743062692703	0.534037880867417
0.999743062692703	0.5341111873713109
0.999743062692703	0.5341845140032949
0.999743062692703	0.53425786077166
0.999743062692703	0.534331227684702
0.999743062692703	0.5344046147507211
0.999743062692703	0.534478021978022
0.999743062692703	0.5345514493749142
0.999743062692703	0.5346248969497115
0.999743062692703	0.5346983647107324
0.999743062692703	0.5347718526663001
0.999743062692703	0.5348453608247423
0.999743062692703	0.534918889194391
0.999743062692703	0.5349924377835831
0.999743062692703	0.5350660066006601
0.999743062692703	0.5351395956539678
0.999743062692703	0.535213204951857
0.999743062692703	0.5352868345026827
0.999743062692703	0.5353604843148047
0.999743062692703	0.5354341543965873
0.999743062692703	0.5355078447563997
0.999743062692703	0.5355815554026153
0.999743062692703	0.5356552863436124
0.999743062692703	0.5357290375877737
0.999743062692703	0.5358028091434867
0.999743062692703	0.5358766010191434
0.999743062692703	0.5359504132231405
0.999743062692703	0.5360242457638793
0.999743062692703	0.5360980986497658
0.999743062692703	0.5361719718892104
0.999743062692703	0.5362458654906285
0.999743062692703	0.5363197794624397
0.999743062692703	0.5363937138130687
0.999743062692703	0.5364676685509444
0.999743062692703	0.5365416436845009
0.999743062692703	0.5366156392221763
0.999743062692703	0.5367636915436612
0.999743062692703	0.5368377483443708
0.999743062692703	0.5369118255829999
0.999743062692703	0.53698592326801
0.999743062692703	0.5370600414078675
0.999743062692703	0.5371341800110436
0.999743062692703	0.5372083390860141
0.999743062692703	0.5372825186412593
0.999743062692703	0.5373567186852645
0.999743062692703	0.5374309392265193
0.999743062692703	0.5375051802735185
0.999743062692703	0.537579441834761
0.999743062692703	0.5376537239187509
0.999743062692703	0.5377280265339967
0.999743062692703	0.5378023496890117
0.999743062692703	0.537876693392314
0.999743062692703	0.5379510576524263
0.999743062692703	0.5380254424778761
0.999743062692703	0.5380998478771954
0.999743062692703	0.5381742738589211
0.999743062692703	0.538248720431595
0.999743062692703	0.5383231876037632
0.999743062692703	0.5383976753839768
0.999743062692703	0.5384721837807915
0.999743062692703	0.5385467128027681
0.999743062692703	0.5386212624584718
0.999743062692703	0.5387704237053448
0.999743062692703	0.5388450353136685
0.999743062692703	0.5389196675900277
0.999743062692703	0.5389943205430116
0.999743062692703	0.5390689941812137
0.999743062692703	0.5391436885132327
0.999743062692703	0.5392184035476718
0.999743062692703	0.5392931392931393
0.999743062692703	0.5393678957582478
0.999743062692703	0.5394426729516152
0.999743062692703	0.5395922895576203
0.999743062692703	0.5396671289875173
0.999743062692703	0.5397419891801915
0.999743062692703	0.5398168701442841
0.999743062692703	0.5398917718884418
0.999743062692703	0.5399666944213156
0.999743062692703	0.5400416377515614
0.999743062692703	0.54011660188784
0.999743062692703	0.5401915868388172
0.999743062692703	0.540266592613163
0.999743062692703	0.5403416192195528
0.999743062692703	0.5404166666666667
0.999743062692703	0.5404917349631894
0.999743062692703	0.5405668241178105
0.999743062692703	0.5406419341392247
0.999743062692703	0.5407170650361312
0.999743062692703	0.5407922168172342
0.999743062692703	0.5408673894912427
0.999743062692703	0.5409425830668706
0.999743062692703	0.5410177975528365
0.999743062692703	0.541093032957864
0.999743062692703	0.5411682892906815
0.999743062692703	0.5412435665600223
0.999743062692703	0.5413188647746243
0.999743062692703	0.5413941839432308
0.999743062692703	0.5414695240745895
0.999743062692703	0.541544885177453
0.999743062692703	0.5416202672605791
0.999743062692703	0.54169567033273
0.999743062692703	0.5417710944026733
0.999743062692703	0.5418465394791812
0.999743062692703	0.5419220055710307
0.999743062692703	0.5419974926870038
0.999743062692703	0.5420730008358874
0.999743062692703	0.5421485300264735
0.999743062692703	0.5422240802675585
0.999743062692703	0.5422996515679442
0.999743062692703	0.5423752439364371
0.999743062692703	0.5424508573818486
0.999743062692703	0.542526491912995
0.999743062692703	0.5426021475386975
0.999743062692703	0.5426778242677824
0.999743062692703	0.5427535221090808
0.999743062692703	0.5428292410714286
0.999743062692703	0.5429049811636668
0.999743062692703	0.5429807423946413
0.999743062692703	0.5430565247732031
0.999743062692703	0.5431323283082077
0.999743062692703	0.543208153008516
0.999743062692703	0.5432839988829936
0.999743062692703	0.5433598659405111
0.999743062692703	0.5434357541899442
0.999743062692703	0.5435116636401732
0.999743062692703	0.5435875943000839
0.999743062692703	0.5436635461785665
0.999743062692703	0.5437395192845165
0.999743062692703	0.5438155136268343
0.999743062692703	0.5438915292144255
0.999743062692703	0.5439675660562002
0.999743062692703	0.5440436241610739
0.999743062692703	0.5441197035379667
0.999743062692703	0.5441958041958042
0.999743062692703	0.5442719261435166
0.999743062692703	0.5443480693900392
0.999743062692703	0.5444242339443123
0.999743062692703	0.5445004198152813
0.999743062692703	0.5445766270118965
0.999743062692703	0.5446528555431132
0.999743062692703	0.5447291054178917
0.999743062692703	0.5448053766451975
0.999743062692703	0.5448816692340008
0.999743062692703	0.5449579831932773
0.999743062692703	0.5450343185320072
0.999743062692703	0.5451106752591762
0.999743062692703	0.5452634529147982
0.999743062692703	0.5453398738612474
0.999743062692703	0.5454163162321278
0.999743062692703	0.5454927800364503
0.999743062692703	0.5455692652832305
0.999743062692703	0.5456457719814892
0.999743062692703	0.5457223001402525
0.999743062692703	0.545798849768551
0.999743062692703	0.5458754208754208
0.999743062692703	0.5459520134699032
0.999743062692703	0.5460286275610441
0.999743062692703	0.5461052631578948
0.999743062692703	0.5461819202695115
0.999743062692703	0.5462585989049558
0.999743062692703	0.546335299073294
0.999743062692703	0.5464120207835979
0.999743062692703	0.5464887640449438
0.999743062692703	0.5465655288664139
0.999743062692703	0.5466423152570947
0.999743062692703	0.5467191232260784
0.999743062692703	0.5467959527824621
0.999743062692703	0.5468728039353479
0.999743062692703	0.5469496766938431
0.999743062692703	0.5470265710670603
0.999743062692703	0.5471034870641169
0.999743062692703	0.5471804246941359
0.999743062692703	0.5473343648895765
0.999743062692703	0.5474113674732696
0.999743062692703	0.5474883917264669
0.999743062692703	0.5475654376583169
0.999743062692703	0.5476425052779733
0.999743062692703	0.5477195945945946
0.999743062692703	0.5477967056173448
0.999743062692703	0.5478738383553928
0.999743062692703	0.5479509928179129
0.999743062692703	0.5480281690140845
0.999743062692703	0.548105366953092
0.999743062692703	0.5481825866441251
0.999743062692703	0.5482598280963787
0.999743062692703	0.548337091319053
0.999743062692703	0.548414376321353
0.999743062692703	0.5484916831124894
0.999743062692703	0.5485690117016777
0.999743062692703	0.5486463620981388
0.999743062692703	0.5487237343110986
0.999743062692703	0.5488011283497884
0.999743062692703	0.5488785442234447
0.999743062692703	0.5489559819413092
0.999743062692703	0.5490334415126288
0.999743062692703	0.5491109229466554
0.999743062692703	0.5491884262526464
0.999743062692703	0.5492659514398645
0.999743062692703	0.5493434985175772
0.999743062692703	0.5494210674950579
0.999743062692703	0.5494986583815845
0.999743062692703	0.5495762711864407
0.999743062692703	0.549653905918915
0.999743062692703	0.5497315625883018
0.999743062692703	0.5498092412039
0.999743062692703	0.5498869417750142
0.999743062692703	0.549964664310954
0.999743062692703	0.5501201753145766
0.999743062692703	0.550197963800905
0.999743062692703	0.5502757742893508
0.999743062692703	0.5503536067892504
0.999743062692703	0.5505093378607809
0.999743062692703	0.5505872364511109
0.999743062692703	0.5506651570902915
0.999743062692703	0.5507430997876858
0.999743062692703	0.5508210645526613
0.999743062692703	0.5508990513945915
0.999743062692703	0.5510550913468347
0.999743062692703	0.5511331444759207
0.999743062692703	0.551211219719507
0.999743062692703	0.5512893170869935
0.999743062692703	0.5513674365877852
0.999743062692703	0.5514455782312925
0.999743062692703	0.5515237420269312
0.999743062692703	0.5516019279841224
0.999743062692703	0.5516801361122926
0.999743062692703	0.5517583664208735
0.999743062692703	0.5518366189193022
0.999743062692703	0.5519931905234785
0.999743062692703	0.5520715096481271
0.999743062692703	0.5521498510004257
0.999743062692703	0.5522282145898382
0.999743062692703	0.5523066004258339
0.999743062692703	0.5523850085178875
0.999743062692703	0.5524634388754792
0.999743062692703	0.5525418915080943
0.999743062692703	0.5526203664252237
0.999743062692703	0.5526988636363637
0.999743062692703	0.5527773831510158
0.999743062692703	0.5528559249786871
0.999743062692703	0.5529344891288902
0.999743062692703	0.5530130756111427
0.999743062692703	0.553091684434968
0.999743062692703	0.5531703156098948
0.999743062692703	0.5532489691454572
0.999743062692703	0.5533276450511946
0.999743062692703	0.553406343336652
0.999743062692703	0.5534850640113798
0.999743062692703	0.5535638070849338
0.999743062692703	0.5536425725668753
0.999743062692703	0.553721360466771
0.999743062692703	0.553800170794193
0.999743062692703	0.5538790035587189
0.999743062692703	0.5539578587699316
0.999743062692703	0.5540367364374199
0.999743062692703	0.5541156365707776
0.999743062692703	0.554194559179604
0.999743062692703	0.5542735042735043
0.999743062692703	0.554431461954973
0.999743062692703	0.5545104745617785
0.999743062692703	0.5545895096921323
0.999743062692703	0.5546685673556664
0.999743062692703	0.5547476475620188
0.999743062692703	0.5548267503208327
0.999743062692703	0.554905875641757
0.999743062692703	0.5549850235344459
0.999743062692703	0.5550641940085592
0.999743062692703	0.5551433870737623
0.999743062692703	0.555222602739726
0.999743062692703	0.5553018410161268
0.999743062692703	0.5553811019126463
0.999743062692703	0.5554603854389721
0.999743062692703	0.5555396916047972
0.999743062692703	0.55561902041982
0.999743062692703	0.5556983718937446
0.999743062692703	0.5557777460362805
0.999743062692703	0.5558571428571428
0.999743062692703	0.5559365623660523
0.999743062692703	0.556016004572735
0.999743062692703	0.556095469486923
0.999743062692703	0.5561749571183533
0.999743062692703	0.5562544674767691
0.999743062692703	0.5563340005719188
0.999743062692703	0.5564135564135564
0.999743062692703	0.5564931350114416
0.999743062692703	0.5565727363753398
0.999743062692703	0.5566523605150214
0.999743062692703	0.5567320074402633
0.999743062692703	0.5568116771608471
0.999743062692703	0.5568913696865607
0.999743062692703	0.5569710850271973
0.999743062692703	0.5570508231925555
0.999743062692703	0.5571305841924399
0.999743062692703	0.5572103680366605
0.999743062692703	0.5573700042973786
0.999743062692703	0.5574498567335243
0.999743062692703	0.5575297320533028
0.999743062692703	0.5576895513831159
0.999743062692703	0.557769495412844
0.999743062692703	0.5578494623655914
0.999743062692703	0.5579294522512188
0.999743062692703	0.5580094650795927
0.999743062692703	0.5580895008605852
0.999743062692703	0.558169559604074
0.999743062692703	0.5582496413199426
0.999743062692703	0.55832974601808
0.999743062692703	0.5584098737083811
0.999743062692703	0.5584900244007464
0.999743062692703	0.5585701981050818
0.999743062692703	0.5586503948312993
0.999743062692703	0.5587306145893165
0.999743062692703	0.5588108573890564
0.999743062692703	0.5588911232404481
0.999743062692703	0.5589714121534263
0.999743062692703	0.559051724137931
0.999743062692703	0.5591320592039086
0.999743062692703	0.5592124173613108
0.999743062692703	0.5592927986200948
0.999743062692703	0.5593732029902243
0.999743062692703	0.5594536304816679
0.999743062692703	0.5595340811044004
0.999743062692703	0.5596145548684022
0.999743062692703	0.5596950517836594
0.999743062692703	0.559775571860164
0.999743062692703	0.5598561151079137
0.999743062692703	0.5599366815369118
0.999743062692703	0.5600172711571675
0.9994861253854059	0.559953936951202
0.9994861253854059	0.5600345522602936
0.9994861253854059	0.5601151907847373
0.9994861253854059	0.5601958525345622
0.9994861253854059	0.5602765375198041
0.9994861253854059	0.5603572457505042
0.9994861253854059	0.5604379772367094
0.9994861253854059	0.5605187319884726
0.9994861253854059	0.5605995100158524
0.9994861253854059	0.5606803113289133
0.9994861253854059	0.5607611359377253
0.9994861253854059	0.5608419838523645
0.9994861253854059	0.5609228550829127
0.9994861253854059	0.5610037496394578
0.9994861253854059	0.5610846675320929
0.9994861253854059	0.5611656087709175
0.9994861253854059	0.5612465733660367
0.9994861253854059	0.5613275613275613
0.9994861253854059	0.5614085726656083
0.9994861253854059	0.5614896073903002
0.9994861253854059	0.5615706655117656
0.9994861253854059	0.5616517470401386
0.9994861253854059	0.5617328519855596
0.9994861253854059	0.5618139803581744
0.9994861253854059	0.5618951321681352
0.9994861253854059	0.5619763074255996
0.9994861253854059	0.5620575061407311
0.9994861253854059	0.5621387283236994
0.9994861253854059	0.5622199739846798
0.9994861253854059	0.5623012431338538
0.9994861253854059	0.5623825357814082
0.9994861253854059	0.5624638519375361
0.9994861253854059	0.5625451916124368
0.9994861253854059	0.5626265548163147
0.9994861253854059	0.5627079415593809
0.9994861253854059	0.5627893518518519
0.9994861253854059	0.5628707857039502
0.9994861253854059	0.5629522431259045
0.9994861253854059	0.563033724127949
0.9994861253854059	0.5631152287203243
0.9994861253854059	0.5631967569132764
0.9994861253854059	0.5632783087170576
0.9994861253854059	0.5633598841419262
0.9994861253854059	0.563441483198146
0.9994861253854059	0.5635231058959872
0.9994861253854059	0.5636047522457259
0.9994861253854059	0.5636864222576439
0.9994861253854059	0.563768115942029
0.9994861253854059	0.5638498333091753
0.9994861253854059	0.5639315743693825
0.9994861253854059	0.5640133391329564
0.9994861253854059	0.5640951276102089
0.9994861253854059	0.5641769398114576
0.9994861253854059	0.564340635427245
0.9994861253854059	0.5644225188624492
0.9994861253854059	0.5645044260629807
0.9994861253854059	0.5645863570391872
0.9994861253854059	0.5646683118014225
0.9994861253854059	0.5647502903600464
0.9994861253854059	0.5648322927254247
0.9994861253854059	0.5649143189079291
0.9994861253854059	0.5649963689179376
0.9994861253854059	0.5650784427658339
0.9994861253854059	0.5651605404620078
0.9994861253854059	0.5652426620168556
0.9994861253854059	0.565324807440779
0.9994861253854059	0.565406976744186
0.9994861253854059	0.5654891699374909
0.9994861253854059	0.5655713870311136
0.9994861253854059	0.5656536280354806
0.9994861253854059	0.5657358929610239
0.9994861253854059	0.5658181818181818
0.9994861253854059	0.5659004946173989
0.9994861253854059	0.5659828313691255
0.9994861253854059	0.5660651920838184
0.9994861253854059	0.56614757677194
0.9994861253854059	0.5662299854439592
0.9994861253854059	0.5663124181103508
0.9994861253854059	0.5663948747815958
0.9994861253854059	0.5664773554681811
0.9994861253854059	0.5665598601806
0.9994861253854059	0.5666423889293518
0.9994861253854059	0.5667249417249417
0.9994861253854059	0.5668075185778814
0.9994861253854059	0.5668901194986884
0.9994861253854059	0.5669727444978866
0.9994861253854059	0.5670553935860059
0.9994861253854059	0.5671380667735821
0.9994861253854059	0.5672207640711577
0.9994861253854059	0.567303485489281
0.9994861253854059	0.5673862310385064
0.9994861253854059	0.5674690007293947
0.9994861253854059	0.5675517945725124
0.9994861253854059	0.5676346125784328
0.9994861253854059	0.5677174547577349
0.9994861253854059	0.5678003211210042
0.9994861253854059	0.5678832116788322
0.9994861253854059	0.5679661264418163
0.9994861253854059	0.5680490654205608
0.9994861253854059	0.5681320286256755
0.9994861253854059	0.5682150160677768
0.9994861253854059	0.5682980277574872
0.9994861253854059	0.5683810637054354
0.9994861253854059	0.5684641239222563
0.9994861253854059	0.5685472084185911
0.9994861253854059	0.5686303172050869
0.9994861253854059	0.5687134502923976
0.9994861253854059	0.5687966076911829
0.9994861253854059	0.5688797894121088
0.9994861253854059	0.5689629954658476
0.9994861253854059	0.5690462258630778
0.9994861253854059	0.5691294806144843
0.9994861253854059	0.569212759730758
0.9994861253854059	0.5692960632225962
0.9994861253854059	0.5693793911007026
0.9994861253854059	0.5694627433757868
0.9994861253854059	0.5695461200585652
0.9994861253854059	0.5696295211597598
0.9994861253854059	0.5697129466900996
0.9994861253854059	0.5697963966603193
0.9994861253854059	0.5698798710811602
0.9994861253854059	0.5699633699633699
0.9994861253854059	0.5700468933177022
0.9994861253854059	0.5701304411549172
0.9994861253854059	0.5702140134857813
0.9994861253854059	0.5702976103210673
0.9994861253854059	0.5703812316715543
0.9994861253854059	0.5704648775480275
0.9994861253854059	0.570548547961279
0.9994861253854059	0.5706322429221065
0.9994861253854059	0.5707159624413145
0.9994861253854059	0.5707997065297139
0.9994861253854059	0.5708834751981215
0.9994861253854059	0.5709672684573609
0.9994861253854059	0.5710510863182618
0.9994861253854059	0.5711349287916605
0.9994861253854059	0.5712187958883994
0.9994861253854059	0.5713026876193273
0.9994861253854059	0.5713866039952996
0.9994861253854059	0.5714705450271779
0.9994861253854059	0.5715545107258302
0.9994861253854059	0.5717225161669606
0.9994861253854059	0.5718065559312068
0.9994861253854059	0.571890620405763
0.9994861253854059	0.5719747096015292
0.9994861253854059	0.5720588235294117
0.9994861253854059	0.5721429622003236
0.9994861253854059	0.5722271256251839
0.9994861253854059	0.5723113138149184
0.9994861253854059	0.5723955267804591
0.9994861253854059	0.5724797645327446
0.9994861253854059	0.57256402708272
0.9994861253854059	0.5726483144413367
0.9994861253854059	0.5727326266195524
0.9994861253854059	0.5728169636283316
0.9994861253854059	0.572901325478645
0.9994861253854059	0.5730701237477902
0.9994861253854059	0.5731545601885959
0.9994861253854059	0.5732390215148836
0.9994861253854059	0.5733235077376566
0.9994861253854059	0.5734080188679245
0.9994861253854059	0.5734925549167035
0.9994861253854059	0.5735771158950163
0.9994861253854059	0.5736617018138918
0.9994861253854059	0.5737463126843658
0.9994861253854059	0.5738309485174804
0.9994861253854059	0.5739156093242844
0.9994861253854059	0.574000295115833
0.9994861253854059	0.5740850059031877
0.9994861253854059	0.574169741697417
0.9994861253854059	0.5742545025095955
0.9994861253854059	0.5743392883508046
0.9994861253854059	0.5744240992321323
0.9994861253854059	0.5745089351646728
0.9994861253854059	0.5745937961595273
0.9994861253854059	0.5746786822278033
0.9994861253854059	0.5747635933806147
0.9994861253854059	0.5748485296290823
0.9994861253854059	0.5749334909843334
0.9994861253854059	0.5750184774575019
0.9994861253854059	0.575103489059728
0.9994861253854059	0.5751885258021588
0.9994861253854059	0.5752735876959479
0.9994861253854059	0.5753586747522556
0.9994861253854059	0.5754437869822485
0.9994861253854059	0.5755289243971001
0.9994861253854059	0.5756140870079905
0.9994861253854059	0.5756992748261063
0.9994861253854059	0.5757844878626406
0.9994861253854059	0.5758697261287935
0.9994861253854059	0.5759549896357714
0.9994861253854059	0.5760402783947876
0.9994861253854059	0.5761255924170616
0.9994861253854059	0.5762109317138202
0.9994861253854059	0.5763816861757297
0.9994861253854059	0.5764671013633669
0.9994861253854059	0.5765525418704609
0.9994861253854059	0.5766380077082716
0.9994861253854059	0.5767234988880652
0.9994861253854059	0.5768090154211151
0.9994861253854059	0.5768945573187009
0.9994861253854059	0.5769801245921091
0.9994861253854059	0.5770657172526331
0.9994861253854059	0.5771513353115727
0.9994861253854059	0.5772369787802345
0.9994861253854059	0.5774083419919845
0.9994861253854059	0.5774940617577197
0.9994861253854059	0.5775798069784707
0.9994861253854059	0.5776655776655777
0.9994861253854059	0.5777513738303877
0.9994861253854059	0.5778371954842543
0.9994861253854059	0.5779230426385381
0.9994861253854059	0.5780089153046062
0.9994861253854059	0.5780948134938326
0.9994861253854059	0.5781807372175981
0.9994861253854059	0.5782666864872901
0.9994861253854059	0.5783526613143027
0.9994861253854059	0.5784386617100372
0.9994861253854059	0.5785246876859013
0.9994861253854059	0.5786107392533095
0.9994861253854059	0.5786968164236834
0.9994861253854059	0.5787829192084512
0.9994861253854059	0.5788690476190477
0.9994861253854059	0.5789552016669147
0.9994861253854059	0.579041381363501
0.9994861253854059	0.579127586720262
0.9994861253854059	0.5792138177486599
0.9994861253854059	0.5793000744601638
0.9994861253854059	0.5793863568662496
0.9994861253854059	0.5794726649784001
0.9994861253854059	0.5795589988081049
0.9994861253854059	0.5796453583668604
0.9994861253854059	0.5797317436661699
0.9994861253854059	0.5798181547175436
0.9994861253854059	0.5799045915324985
0.9994861253854059	0.5799910541225585
0.9994861253854059	0.5800775424992544
0.9994861253854059	0.5801640566741237
0.9994861253854059	0.5802505966587113
0.9994861253854059	0.5803371624645681
0.9994861253854059	0.5804237541032528
0.9994861253854059	0.5805103715863305
0.9994861253854059	0.5805970149253732
0.9994861253854059	0.58068368413196
0.9994861253854059	0.5807703792176769
0.9994861253854059	0.5808571001941167
0.9994861253854059	0.5809438470728794
0.9994861253854059	0.5810306198655714
0.9994861253854059	0.5811174185838064
0.9994861253854059	0.5812042432392052
0.9994861253854059	0.5812910938433951
0.9994861253854059	0.5813779704080108
0.9994861253854059	0.5814648729446936
0.9994861253854059	0.5815518014650919
0.9994861253854059	0.5816387559808612
0.9994861253854059	0.5817257365036638
0.9994861253854059	0.5818127430451691
0.9994861253854059	0.5818997756170531
0.9994861253854059	0.5819868342309994
0.9994861253854059	0.5820739188986982
0.9994861253854059	0.5821610296318468
0.9994861253854059	0.5822481664421494
0.9994861253854059	0.5823353293413174
0.9994861253854059	0.5824225183410691
0.9994861253854059	0.5825097334531297
0.9994861253854059	0.5825969746892317
0.9994861253854059	0.5826842420611145
0.9994861253854059	0.5827715355805243
0.9994861253854059	0.5828588552592149
0.9994861253854059	0.5829462011089465
0.9994861253854059	0.5830335731414868
0.9994861253854059	0.5831209713686104
0.9994861253854059	0.5832083958020989
0.9994861253854059	0.5832958464537412
0.9994861253854059	0.5833833233353329
0.9994861253854059	0.5834708264586771
0.9994861253854059	0.5835583558355836
0.9994861253854059	0.5836459114778695
0.9994861253854059	0.5837334933973589
0.9994861253854059	0.5838211016058832
0.9994861253854059	0.5839087361152807
0.9994861253854059	0.5839963969373968
0.9994861253854059	0.5840840840840841
0.9994861253854059	0.5841717975672023
0.9994861253854059	0.5842595373986182
0.9994861253854059	0.5843473035902058
0.9994861253854059	0.5844350961538461
0.9994861253854059	0.5845229151014275
0.9994861253854059	0.5846107604448452
0.9994861253854059	0.5846986321960018
0.9994861253854059	0.584786530366807
0.9994861253854059	0.5848744549691776
0.9994861253854059	0.5849624060150376
0.9994861253854059	0.5850503835163182
0.9994861253854059	0.5851383874849578
0.9994861253854059	0.5852264179329021
0.9994861253854059	0.5853144748721035
0.9994861253854059	0.5854025583145221
0.9994861253854059	0.5854906682721253
0.9994861253854059	0.585578804756887
0.9994861253854059	0.585666967780789
0.9994861253854059	0.58575515735582
0.9994861253854059	0.5858433734939759
0.9994861253854059	0.5859316162072601
0.9994861253854059	0.586019885507683
0.9994861253854059	0.5861081814072623
0.9994861253854059	0.5861965039180229
0.9994861253854059	0.586284853051997
0.9994861253854059	0.586373228821224
0.9994861253854059	0.5864616312377506
0.9994861253854059	0.5865500603136309
0.9994861253854059	0.586638516060926
0.9994861253854059	0.5867269984917044
0.9994861253854059	0.5868155076180419
0.9994861253854059	0.5869040434520217
0.9994861253854059	0.5869926060057341
0.9994861253854059	0.5870811952912768
0.9994861253854059	0.5871698113207547
0.9994861253854059	0.5872584541062802
0.9994861253854059	0.5873471236599728
0.9994861253854059	0.5874358199939596
0.9994861253854059	0.5875245431203746
0.9994861253854059	0.5876132930513596
0.9994861253854059	0.5877020697990633
0.9994861253854059	0.5877908733756422
0.9994861253854059	0.5878797037932598
0.9994861253854059	0.587968561064087
0.9994861253854059	0.5880574452003023
0.9994861253854059	0.5881463562140913
0.9994861253854059	0.5882352941176471
0.9994861253854059	0.588413250642868
0.9994861253854059	0.5885022692889561
0.9994861253854059	0.5885913148736571
0.9994861253854059	0.5886803874092009
0.9994861253854059	0.588769486907825
0.9994861253854059	0.5888586133817741
0.9994861253854059	0.5889477668433005
0.9994861253854059	0.5890369473046638
0.9994861253854059	0.5891261547781311
0.9994861253854059	0.5892153892759769
0.9994861253854059	0.5893046508104832
0.9994861253854059	0.5893939393939394
0.9994861253854059	0.5894832550386422
0.9994861253854059	0.5895725977568961
0.9994861253854059	0.5896619675610126
0.9994861253854059	0.5897513644633111
0.9994861253854059	0.5898407884761183
0.9994861253854059	0.5899302396117683
0.9994861253854059	0.5900197178826028
0.9994861253854059	0.5901092233009708
0.9994861253854059	0.5901987558792292
0.9994861253854059	0.590288315629742
0.9994861253854059	0.5903779025648809
0.9994861253854059	0.5904675166970249
0.9994861253854059	0.5905571580385608
0.9994861253854059	0.5906468266018828
0.9994861253854059	0.5907365223993926
0.9994861253854059	0.5908262454434994
0.9994861253854059	0.5909159957466201
0.9994861253854059	0.591005773321179
0.9994861253854059	0.591095578179608
0.9994861253854059	0.5911854103343465
0.9994861253854059	0.5912752697978416
0.9994861253854059	0.5913651565825478
0.9994861253854059	0.5914550707009275
0.9994861253854059	0.5915450121654501
0.9994861253854059	0.5916349809885931
0.9994861253854059	0.5917249771828414
0.9994861253854059	0.5918150007606877
0.9994861253854059	0.5919050517346318
0.9994861253854059	0.5919951301171815
0.9994861253854059	0.5920852359208524
0.9994861253854059	0.5921753691581672
0.9994861253854059	0.5922655298416565
0.9994861253854059	0.5923557179838587
0.9994861253854059	0.5924459335973196
0.9994861253854059	0.5925361766945926
0.9994861253854059	0.5926264472882389
0.9994861253854059	0.5927167453908274
0.9994861253854059	0.5928070710149345
0.9994861253854059	0.5928974241731443
0.9994861253854059	0.5929878048780488
0.9994861253854059	0.5930782131422473
0.9994861253854059	0.5931686489783471
0.9994861253854059	0.5932591123989629
0.9994861253854059	0.5933496034167175
0.9994861253854059	0.593440122044241
0.9994861253854059	0.5935306682941714
0.9994861253854059	0.5936212421791546
0.9994861253854059	0.5937118437118437
0.9994861253854059	0.5938024729049001
0.9994861253854059	0.5938931297709924
0.9994861253854059	0.5939838143227973
0.9994861253854059	0.5940745265729994
0.9994861253854059	0.5941652665342905
0.9994861253854059	0.5943468296409473
0.9994861253854059	0.594437652811736
0.9994861253854059	0.5945285037444598
0.9994861253854059	0.5946193824518495
0.9994861253854059	0.5947102889466442
0.9994861253854059	0.5948012232415902
0.9994861253854059	0.5948921853494418
0.9994861253854059	0.5949831752829612
0.9994861253854059	0.5950741930549182
0.9994861253854059	0.5951652386780906
0.9994861253854059	0.595256312165264
0.9994861253854059	0.5953474135292317
0.9994861253854059	0.5954385427827951
0.9994861253854059	0.595529699938763
0.9994861253854059	0.5956208850099526
0.9994861253854059	0.5957120980091883
0.9994861253854059	0.5958033389493032
0.9994861253854059	0.5958946078431373
0.9994861253854059	0.5959859047035392
0.9994861253854059	0.596077229543365
0.9994861253854059	0.5961685823754789
0.9994861253854059	0.5962599632127529
0.9994861253854059	0.5963513720680669
0.9994861253854059	0.5964428089543085
0.9994861253854059	0.5965342738843735
0.9994861253854059	0.5966257668711656
0.9994861253854059	0.5967172879275963
0.9994861253854059	0.5968088370665848
0.9994861253854059	0.5969004143010588
0.9994861253854059	0.5969920196439533
0.9994861253854059	0.5970836531082118
0.9994861253854059	0.5971753147067854
0.9994861253854059	0.5972670044526331
0.9994861253854059	0.5973587223587223
0.9994861253854059	0.597450468438028
0.9994861253854059	0.5975422427035331
0.9994861253854059	0.5976340451682286
0.9994861253854059	0.5977258758451137
0.9994861253854059	0.5978177347471954
0.9994861253854059	0.5979096218874884
0.9994861253854059	0.5980015372790162
0.9994861253854059	0.5980934809348093
0.9994861253854059	0.5981854528679071
0.9994861253854059	0.5982774530913565
0.9994861253854059	0.5983694816182126
0.9994861253854059	0.5984615384615385
0.9994861253854059	0.5985536236344053
0.9994861253854059	0.5986457371498922
0.9994861253854059	0.5987378790210867
0.9994861253854059	0.5988300492610837
0.9994861253854059	0.5989222478829869
0.9994861253854059	0.5990144748999076
0.9994861253854059	0.5991067303249653
0.9994861253854059	0.5991990141712877
0.9994861253854059	0.5992913264520104
0.9994861253854059	0.5993836671802774
0.9994861253854059	0.5994760363692403
0.9994861253854059	0.5995684340320592
0.9994861253854059	0.5996608601819022
0.9994861253854059	0.5997533148319457
0.9994861253854059	0.599845797995374
0.9994861253854059	0.5999383096853794
0.9994861253854059	0.6000308499151628
0.9994861253854059	0.6001234186979327
0.9994861253854059	0.6002160160469063
0.9994861253854059	0.6003086419753086
0.9994861253854059	0.6004012964963729
0.9994861253854059	0.6004939796233405
0.9994861253854059	0.6005866913694612
0.9994861253854059	0.6006794317479925
0.9994861253854059	0.6008649984553599
0.9994861253854059	0.6009578248107523
0.9994861253854059	0.6010506798516687
0.9994861253854059	0.6011435635914079
0.9994861253854059	0.6012364760432767
0.9994861253854059	0.6013294172205905
0.9994861253854059	0.6014223871366728
0.9994861253854059	0.6015153858048554
0.9994861253854059	0.6016084132384782
0.9994861253854059	0.6017014694508894
0.9994861253854059	0.6017945544554455
0.9994861253854059	0.6018876682655113
0.9994861253854059	0.6019808108944599
0.9994861253854059	0.6020739823556724
0.9994861253854059	0.6021671826625387
0.9994861253854059	0.6022604118284565
0.9994861253854059	0.6023536698668318
0.9994861253854059	0.6024469567910794
0.9994861253854059	0.6025402726146221
0.9994861253854059	0.6026336173508908
0.9994861253854059	0.602726991013325
0.9994861253854059	0.6028203936153727
0.9994861253854059	0.6029138251704897
0.9994861253854059	0.6030072856921408
0.9994861253854059	0.6031007751937985
0.9994861253854059	0.6031942936889441
0.9994861253854059	0.603287841191067
0.9994861253854059	0.6033814177136653
0.9994861253854059	0.6034750232702452
0.9994861253854059	0.6035686578743211
0.9994861253854059	0.6036623215394165
0.9994861253854059	0.6037560142790626
0.9994861253854059	0.6038497361067992
0.9994861253854059	0.6039434870361745
0.9994861253854059	0.6040372670807453
0.9994861253854059	0.6041310762540767
0.9994861253854059	0.6042249145697421
0.9994861253854059	0.6043187820413236
0.9994861253854059	0.6044126786824114
0.9994861253854059	0.6045066045066045
0.9994861253854059	0.6046005595275101
0.9994861253854059	0.604694543758744
0.9994861253854059	0.6047885572139303
0.9994861253854059	0.6048825999067019
0.9994861253854059	0.6049766718506998
0.9994861253854059	0.6050707730595738
0.9994861253854059	0.6051649035469819
0.9994861253854059	0.605259063326591
0.9994861253854059	0.6053532524120759
0.9994861253854059	0.6054474708171206
0.9994861253854059	0.6055417185554172
0.9994861253854059	0.6056359956406664
0.9994861253854059	0.6057303020865774
0.9994861253854059	0.6058246379068681
0.9994861253854059	0.6059190031152648
0.9994861253854059	0.6060133977255024
0.9994861253854059	0.6061078217513244
0.9994861253854059	0.6062022752064827
0.9994861253854059	0.6062967581047382
0.9994861253854059	0.6063912704598597
0.9994861253854059	0.6064858122856251
0.9994861253854059	0.606580383595821
0.9994861253854059	0.6066749844042421
0.9994861253854059	0.6067696147246919
0.9994861253854059	0.6068642745709828
0.9994861253854059	0.6069589639569356
0.9994861253854059	0.6070536828963795
0.9994861253854059	0.6071484314031528
0.9994861253854059	0.6072432094911021
0.9994861253854059	0.6073380171740828
0.9994861253854059	0.6074328544659587
0.9994861253854059	0.6075277213806028
0.9994861253854059	0.6076226179318963
0.9994861253854059	0.6077175441337291
0.9994861253854059	0.6078125
0.9994861253854059	0.6079074855446164
0.9994861253854059	0.6080025007814942
0.9994861253854059	0.6080975457245584
0.9994861253854059	0.6081926203877424
0.9994861253854059	0.6082877247849883
0.9994861253854059	0.6083828589302471
0.9994861253854059	0.6084780228374785
0.9994861253854059	0.6085732165206508
0.9994861253854059	0.6086684399937412
0.9994861253854059	0.6087636932707355
0.9994861253854059	0.6088589763656285
0.9994861253854059	0.6089542892924233
0.9994861253854059	0.6090496320651323
0.9994861253854059	0.6091450046977764
0.9994861253854059	0.6092404072043853
0.9994861253854059	0.6093358395989975
0.9994861253854059	0.6094313018956603
0.9994861253854059	0.6095267941084299
0.9994861253854059	0.6096223162513713
0.9994861253854059	0.609717868338558
0.9994861253854059	0.6098134503840728
0.9994861253854059	0.6099090624020069
0.9994861253854059	0.6100047044064607
0.9994861253854059	0.6101003764115432
0.9994861253854059	0.6101960784313726
0.9994861253854059	0.6102918104800753
0.9994861253854059	0.6103875725717872
0.9994861253854059	0.6104833647206529
0.9994861253854059	0.6105791869408256
0.9994861253854059	0.6106750392464678
0.9994861253854059	0.6107709216517506
0.9994861253854059	0.6108668341708543
0.9994861253854059	0.6109627768179676
0.9994861253854059	0.6110587496072887
0.9994861253854059	0.6111547525530243
0.9994861253854059	0.6112507856693903
0.9994861253854059	0.6113468489706113
0.9994861253854059	0.6114429424709211
0.9994861253854059	0.6115390661845622
0.9994861253854059	0.6116352201257862
0.9994861253854059	0.6117314043088536
0.9994861253854059	0.6118276187480339
0.9994861253854059	0.6120201384518565
0.9994861253854059	0.6121164437450826
0.9994861253854059	0.6122127793515896
0.9994861253854059	0.6123091452856918
0.9994861253854059	0.6124055415617129
0.9994861253854059	0.6125019681939852
0.9994861253854059	0.6125984251968504
0.9994861253854059	0.612694912584659
0.9994861253854059	0.6127914303717706
0.9994861253854059	0.612887978572554
0.9994861253854059	0.6129845572013867
0.9994861253854059	0.6130811662726556
0.9994861253854059	0.6131778058007566
0.9994861253854059	0.6132744758000946
0.9994861253854059	0.6133711762850835
0.9994861253854059	0.6134679072701467
0.9994861253854059	0.613564668769716
0.9994861253854059	0.6136614607982331
0.9994861253854059	0.6137582833701483
0.9994861253854059	0.6138551364999211
0.9994861253854059	0.6139520202020202
0.9994861253854059	0.6140489344909235
0.9994861253854059	0.6141458793811178
0.9994861253854059	0.6142428548870993
0.9994861253854059	0.6143398610233733
0.9994861253854059	0.6144368978044543
0.9994861253854059	0.6145339652448657
0.9994861253854059	0.6146310633591404
0.9994861253854059	0.6147281921618205
0.9994861253854059	0.6148253516674569
0.9994861253854059	0.6149225418906101
0.9994861253854059	0.6150197628458498
0.9994861253854059	0.6151170145477546
0.9994861253854059	0.6152142970109126
0.9994861253854059	0.6153116102499209
0.9994861253854059	0.6154089542793861
0.9994861253854059	0.615506329113924
0.9994861253854059	0.6156037347681595
0.9994861253854059	0.6157011712567269
0.9994861253854059	0.6157986385942694
0.9994861253854059	0.6158961367954402
0.9994861253854059	0.615993665874901
0.9994861253854059	0.6160912258473235
0.9994861253854059	0.6161888167273879
0.9994861253854059	0.6162864385297845
0.9994861253854059	0.6163840912692125
0.9994861253854059	0.6164817749603804
0.9994861253854059	0.616579489618006
0.9994861253854059	0.6166772352568167
0.9994861253854059	0.616775011891549
0.9994861253854059	0.616872819536949
0.9994861253854059	0.6169706582077716
0.9994861253854059	0.6170685279187818
0.9994861253854059	0.6171664286847532
0.9994861253854059	0.6172643605204697
0.9994861253854059	0.6173623234407237
0.9994861253854059	0.6174603174603175
0.9994861253854059	0.6175583425940625
0.9994861253854059	0.6176563988567799
0.9994861253854059	0.6177544862633
0.9994861253854059	0.6178526048284625
0.9994861253854059	0.6179507545671168
0.9994861253854059	0.6180489354941214
0.9994861253854059	0.6181471476243445
0.9994861253854059	0.6182453909726637
0.9994861253854059	0.618343665553966
0.9994861253854059	0.6184419713831478
0.9994861253854059	0.6185403084751153
0.9994861253854059	0.6186386768447837
0.9994861253854059	0.6187370765070781
0.9994861253854059	0.6188355074769328
0.9994861253854059	0.6189339697692919
0.9994861253854059	0.6190324633991089
0.9994861253854059	0.6191309883813465
0.9994861253854059	0.6192295447309774
0.9994861253854059	0.6193281324629836
0.9994861253854059	0.6194267515923567
0.9994861253854059	0.6195254021340978
0.9994861253854059	0.6196240841032176
0.9994861253854059	0.6197227975147364
0.9994861253854059	0.6198215423836839
0.9994861253854059	0.6199203187250996
0.9994861253854059	0.6200191265540325
0.9994861253854059	0.6201179658855412
0.9994861253854059	0.6202168367346939
0.9994861253854059	0.6203157391165683
0.9994861253854059	0.620414673046252
0.9994861253854059	0.6205136385388419
0.9994861253854059	0.6206126356094448
0.9994861253854059	0.6207116642731769
0.9994861253854059	0.6208107245451644
0.9994861253854059	0.6209098164405427
0.9994861253854059	0.6210089399744572
0.9994861253854059	0.6211080951620629
0.9994861253854059	0.6212072820185245
0.9994861253854059	0.6213065005590162
0.9994861253854059	0.6214057507987221
0.9994861253854059	0.6215050327528359
0.9994861253854059	0.6216043464365612
0.9994861253854059	0.6217036918651111
0.9994861253854059	0.6218030690537084
0.9994861253854059	0.6219024780175859
0.9994861253854059	0.622001918771986
0.9994861253854059	0.6221013913321606
0.9994861253854059	0.6222008957133717
0.9994861253854059	0.622300431930891
0.9994861253854059	0.6224
0.9994861253854059	0.6224995999359898
0.9994861253854059	0.6225992317541613
0.9994861253854059	0.6226988954698255
0.9994861253854059	0.6227985910983029
0.9994861253854059	0.622898318654924
0.9994861253854059	0.6229980781550288
0.9994861253854059	0.6230978696139676
0.9994861253854059	0.6231976930471003
0.9994861253854059	0.6232975484697965
0.9994861253854059	0.6233974358974359
0.9994861253854059	0.623497355345408
0.9994861253854059	0.6235973068291119
0.9994861253854059	0.623697290363957
0.9994861253854059	0.6237973059653624
0.9994861253854059	0.623897353648757
0.9994861253854059	0.6239974334295797
0.9994861253854059	0.6240975453232793
0.9994861253854059	0.6241976893453145
0.9994861253854059	0.624297865511154
0.9994861253854059	0.6243980738362761
0.9994861253854059	0.6244983143361695
0.9994861253854059	0.6245985870263326
0.9994861253854059	0.6247992290395117
0.9994861253854059	0.6248995983935743
0.9994861253854059	0.625
0.9994861253854059	0.6251004338743371
0.9994861253854059	0.625200900032144
0.9994861253854059	0.6253013984889889
0.9994861253854059	0.6254019292604501
0.9994861253854059	0.6255024923621161
0.9994861253854059	0.6256030878095851
0.9994861253854059	0.6257037156184655
0.9994861253854059	0.6258043758043758
0.9994861253854059	0.6259050683829445
0.9994861253854059	0.6260057933698101
0.9994861253854059	0.6261065507806213
0.9994861253854059	0.6262073406310367
0.9994861253854059	0.6263081629367252
0.9994861253854059	0.6264090177133655
0.9994861253854059	0.6265099049766468
0.9994861253854059	0.626610824742268
0.9994861253854059	0.6267117770259385
0.9994861253854059	0.6268127618433774
0.9994861253854059	0.6269137792103142
0.9994861253854059	0.6270148291424887
0.9994861253854059	0.6271159116556505
0.9994861253854059	0.6272170267655595
0.9994861253854059	0.6273181744879858
0.9994861253854059	0.6274193548387097
0.9994861253854059	0.6275205678335215
0.9994861253854059	0.627621813488222
0.9994861253854059	0.627723091818622
0.9994861253854059	0.6278244028405423
0.9994861253854059	0.6279257465698144
0.9994861253854059	0.6280271230222796
0.9994861253854059	0.6281285322137897
0.9994861253854059	0.6282299741602068
0.9994861253854059	0.6283314488774027
0.9994861253854059	0.6284329563812601
0.9994861253854059	0.6285344966876717
0.9994861253854059	0.6286360698125404
0.9994861253854059	0.6287376757717795
0.9994861253854059	0.6288393145813126
0.9994861253854059	0.6289409862570736
0.9994861253854059	0.6290426908150065
0.9994861253854059	0.6291444282710659
0.9994861253854059	0.6292461986412164
0.9994861253854059	0.6293480019414335
0.9994861253854059	0.6294498381877023
0.9994861253854059	0.6295517073960187
0.9994861253854059	0.6296536095823891
0.9994861253854059	0.6297555447628298
0.9994861253854059	0.6298575129533679
0.9994861253854059	0.6299595141700405
0.9994861253854059	0.6300615484288954
0.9994861253854059	0.6301636157459906
0.9994861253854059	0.6302657161373947
0.9994861253854059	0.6303678496191866
0.9994861253854059	0.6304700162074555
0.9994861253854059	0.6305722159183011
0.9994861253854059	0.630674448767834
0.9994861253854059	0.6307767147721745
0.9994861253854059	0.6308790139474538
0.9994861253854059	0.6309813463098135
0.9994861253854059	0.6310837118754056
0.9994861253854059	0.6311861106603927
0.9994861253854059	0.6312885426809477
0.9994861253854059	0.6313910079532543
0.9994861253854059	0.6314935064935064
0.9994861253854059	0.6315960383179088
0.9994861253854059	0.6316986034426761
0.9994861253854059	0.6318012018840344
0.9994861253854059	0.6319038336582197
0.9994861253854059	0.6320064987814785
0.9994861253854059	0.6321091972700682
0.9994861253854059	0.6322119291402568
0.9994861253854059	0.6323146944083224
0.9994861253854059	0.6324174930905544
0.9994861253854059	0.6325203252032521
0.9994861253854059	0.6326231907627257
0.9994861253854059	0.632726089785296
0.9994861253854059	0.6328290222872947
0.9994861253854059	0.6329319882850635
0.9994861253854059	0.6330349877949553
0.9994861253854059	0.6331380208333334
0.9994861253854059	0.6332410874165717
0.9994861253854059	0.633344187561055
0.9994861253854059	0.6334473212831786
0.9994861253854059	0.6335504885993485
0.9994861253854059	0.6336536895259814
0.9994861253854059	0.6337569240795047
0.9994861253854059	0.6338601922763565
0.9994861253854059	0.6339634941329857
0.9994861253854059	0.6340668296658517
0.9994861253854059	0.6341701988914249
0.9994861253854059	0.6342736018261862
0.9994861253854059	0.6343770384866275
0.9994861253854059	0.6344805088892513
0.9994861253854059	0.634584013050571
0.9994861253854059	0.6346875509871105
0.9994861253854059	0.6347911227154047
0.9994861253854059	0.6348947282519993
0.9994861253854059	0.6349983676134509
0.9994861253854059	0.6351020408163265
0.9994861253854059	0.6352057478772044
0.9994861253854059	0.6353094888126736
0.9994861253854059	0.6354132636393336
0.9994861253854059	0.6355170723737952
0.9994861253854059	0.6356209150326797
0.9994861253854059	0.6357247916326197
0.9994861253854059	0.6358287021902582
0.9994861253854059	0.6359326467222495
0.9994861253854059	0.6360366252452584
0.9994861253854059	0.6361406377759607
0.9994861253854059	0.6362446843310435
0.9994861253854059	0.6363487649272043
0.9994861253854059	0.6364528795811518
0.9994861253854059	0.6365570283096056
0.9994861253854059	0.6366612111292962
0.9994861253854059	0.6367654280569651
0.9994861253854059	0.6368696791093648
0.9994861253854059	0.6369739643032586
0.9994861253854059	0.6370782836554209
0.9994861253854059	0.6371826371826372
0.9994861253854059	0.6372870249017037
0.9994861253854059	0.6373914468294282
0.9994861253854059	0.6374959029826286
0.9994861253854059	0.6376003933781347
0.9994861253854059	0.6377049180327868
0.9994861253854059	0.6378094769634366
0.9994861253854059	0.6379140701869466
0.9994861253854059	0.6380186977201903
0.9994861253854059	0.6381233595800525
0.9994861253854059	0.638228055783429
0.9994861253854059	0.6383327863472268
0.9994861253854059	0.6384375512883637
0.9994861253854059	0.6385423506237689
0.9994861253854059	0.6386471843703825
0.9994861253854059	0.638752052545156
0.9994861253854059	0.6388569551650517
0.9994861253854059	0.6389618922470434
0.9994861253854059	0.6390668638081156
0.9994861253854059	0.6391718698652645
0.9994861253854059	0.6392769104354972
0.9994861253854059	0.6393819855358317
0.9994861253854059	0.6394870951832977
0.9994861253854059	0.6395922393949359
0.9994861253854059	0.639697418187798
0.9994861253854059	0.6398026315789473
0.9994861253854059	0.6399078795854581
0.9994861253854059	0.640013162224416
0.9994861253854059	0.6401184795129176
0.9994861253854059	0.640223831468071
0.9994861253854059	0.6403292181069958
0.9994861253854059	0.6404346394468226
0.9994861253854059	0.6405400955046929
0.9994861253854059	0.6406455862977603
0.9994861253854059	0.6407511118431889
0.9994861253854059	0.6408566721581549
0.9994861253854059	0.6409622672598451
0.9994861253854059	0.6410678971654581
0.9994861253854059	0.6411735618922038
0.9994861253854059	0.641279261457303
0.9994861253854059	0.6413849958779885
0.9994861253854059	0.6414907651715039
0.9994861253854059	0.6415965693551048
0.9994861253854059	0.6417024084460574
0.9994861253854059	0.64180828246164
0.9994861253854059	0.641914191419142
0.9994861253854059	0.642020135335864
0.9994861253854059	0.6421261142291185
0.9994861253854059	0.6422321281162292
0.9994861253854059	0.642338177014531
0.9994861253854059	0.6424442609413707
0.9994861253854059	0.6425503799141064
0.9994861253854059	0.6426565339501074
0.9994861253854059	0.6427627230667547
0.9994861253854059	0.6428689472814411
0.9994861253854059	0.6429752066115703
0.9994861253854059	0.6430815010745577
0.9994861253854059	0.6431878306878307
0.9994861253854059	0.6432941954688275
0.9994861253854059	0.6434005954349984
0.9994861253854059	0.6435070306038048
0.9994861253854059	0.6436135009927201
0.9994861253854059	0.6437200066192289
0.9994861253854059	0.6438265475008276
0.9994861253854059	0.643933123655024
0.9994861253854059	0.6440397350993378
0.9994861253854059	0.6441463818512999
0.9994861253854059	0.6442530639284532
0.9994861253854059	0.6443597813483518
0.9994861253854059	0.6444665341285619
0.9994861253854059	0.6445733222866611
0.9994861253854059	0.6446801458402387
0.9994861253854059	0.6447870048068954
0.9994861253854059	0.644893899204244
0.9994861253854059	0.6450008290499089
0.9994861253854059	0.6451077943615257
0.9994861253854059	0.6452147951567424
0.9994861253854059	0.6453218314532183
0.9994861253854059	0.6454289032686246
0.9994861253854059	0.6455360106206439
0.9994861253854059	0.645643153526971
0.9994861253854059	0.6457503320053121
0.9994861253854059	0.6458575460733853
0.9994861253854059	0.6459647957489206
0.9994861253854059	0.6460720810496595
0.9994861253854059	0.6461794019933554
0.9994861253854059	0.6462867585977737
0.9994861253854059	0.6463941508806913
0.9994861253854059	0.646501578859897
0.9994861253854059	0.6466090425531915
0.9994861253854059	0.6467165419783873
0.9994861253854059	0.6468240771533089
0.9994861253854059	0.6469316480957924
0.9994861253854059	0.647039254823686
0.9994861253854059	0.6471468973548494
0.9994861253854059	0.6472545757071547
0.9994861253854059	0.6473622898984857
0.9994861253854059	0.6474700399467377
0.9994861253854059	0.6475778258698185
0.9994861253854059	0.6476856476856477
0.9994861253854059	0.6477935054121565
0.9994861253854059	0.6479013990672885
0.9994861253854059	0.6480093286689989
0.9994861253854059	0.6481172942352549
0.9994861253854059	0.648225295784036
0.9994861253854059	0.6483333333333333
0.9994861253854059	0.6484414069011502
0.9994861253854059	0.6485495165055019
0.9994861253854059	0.6486576621644156
0.9994861253854059	0.6487658438959306
0.9994861253854059	0.6488740617180984
0.9994861253854059	0.6489823156489823
0.9994861253854059	0.6490906057066578
0.9994861253854059	0.6491989319092123
0.9994861253854059	0.6493072942747454
0.9994861253854059	0.6494156928213689
0.9994861253854059	0.6495241275672066
0.9994861253854059	0.6496325985303941
0.9994861253854059	0.6497411057290797
0.9994861253854059	0.6498496491814233
0.9994861253854059	0.6499582289055973
0.9994861253854059	0.6500668449197861
0.9994861253854059	0.6501754972421862
0.9994861253854059	0.6502841858910063
0.9994861253854059	0.6503929108844675
0.9994861253854059	0.6505016722408027
0.9994861253854059	0.6506104699782572
0.9994861253854059	0.6507193041150886
0.9994861253854059	0.6508281746695667
0.9994861253854059	0.6509370816599732
0.9994861253854059	0.6510460251046025
0.9994861253854059	0.6511550050217609
0.9994861253854059	0.6512640214297672
0.9994861253854059	0.6513730743469525
0.9994861253854059	0.6514821637916597
0.9994861253854059	0.6515912897822446
0.9994861253854059	0.6517004523370749
0.9994861253854059	0.6518096514745308
0.9994861253854059	0.6519188872130048
0.9994861253854059	0.6520281595709018
0.9994861253854059	0.6521374685666387
0.9994861253854059	0.6522468142186452
0.9994861253854059	0.652356196545363
0.9994861253854059	0.6524656155652465
0.9994861253854059	0.6525750712967623
0.9994861253854059	0.6526845637583892
0.9994861253854059	0.6527940929686189
0.9994861253854059	0.652903658945955
0.9994861253854059	0.6530132617089138
0.9994861253854059	0.6531229012760241
0.9994861253854059	0.653232577665827
0.9994861253854059	0.653342290896876
0.9994861253854059	0.6534520409877372
0.9994861253854059	0.6535618279569892
0.9994861253854059	0.653671651823223
0.9994861253854059	0.653781512605042
0.9994861253854059	0.6538914103210623
0.9994861253854059	0.6540013449899126
0.9994861253854059	0.6541113166302337
0.9994861253854059	0.6542213252606794
0.9994861253854059	0.6543313708999159
0.9994861253854059	0.6544414535666218
0.9994861253854059	0.6545515732794884
0.9994861253854059	0.6546617300572198
0.9994861253854059	0.6547719239185322
0.9994861253854059	0.6548821548821548
0.9994861253854059	0.6549924229668295
0.9994861253854059	0.6551027281913102
0.9994861253854059	0.6552130705743642
0.9994861253854059	0.6553234501347709
0.9994861253854059	0.6554338668913227
0.9994861253854059	0.6555443208628244
0.9994861253854059	0.6556548120680937
0.9994861253854059	0.6557653405259609
0.9994861253854059	0.6558759062552689
0.9994861253854059	0.6559865092748736
0.9994861253854059	0.6560971496036431
0.9994861253854059	0.6562078272604588
0.9994861253854059	0.6563185422642146
0.9994861253854059	0.656429294633817
0.9994861253854059	0.6565400843881857
0.9994861253854059	0.6566509115462525
0.9994861253854059	0.6567617761269627
0.9994861253854059	0.6568726781492739
0.9994861253854059	0.6569836176321567
0.9994861253854059	0.6570945945945946
0.9994861253854059	0.6572056090555837
0.9994861253854059	0.6573166610341331
0.9994861253854059	0.6574277505492648
0.9994861253854059	0.6575388776200135
0.9994861253854059	0.6576500422654269
0.9994861253854059	0.6577612445045654
0.9994861253854059	0.6578724843565026
0.9994861253854059	0.6579837618403248
0.9994861253854059	0.6580950769751311
0.9994861253854059	0.6582064297800339
0.9994861253854059	0.6583178202741581
0.9994861253854059	0.6584292484766419
0.9994861253854059	0.6585407144066362
0.9994861253854059	0.6586522180833051
0.9994861253854059	0.6587637595258256
0.9994861253854059	0.6588753387533876
0.9994861253854059	0.658986955785194
0.9994861253854059	0.6590986106404608
0.9994861253854059	0.6592103033384172
0.9994861253854059	0.6593220338983051
0.9994861253854059	0.6594338023393795
0.9994861253854059	0.6595456086809088
0.9994861253854059	0.659657452942174
0.9994861253854059	0.6597693351424695
0.9994861253854059	0.6598812553011026
0.9994861253854059	0.6599932134373939
0.9994861253854059	0.6601052095706771
0.9994861253854059	0.6602172437202987
0.9994861253854059	0.6603293159056187
0.9994861253854059	0.6604414261460102
0.9994861253854059	0.6605535744608593
0.9994861253854059	0.6606657608695652
0.9994861253854059	0.6607779853915406
0.9994861253854059	0.6608902480462113
0.9994861253854059	0.6610025488530161
0.9994861253854059	0.6611148878314073
0.9994861253854059	0.6612272650008499
0.9994861253854059	0.6613396803808228
0.9994861253854059	0.6614521339908179
0.9994861253854059	0.6615646258503401
0.9994861253854059	0.661677155978908
0.9994861253854059	0.6617897243960531
0.9994861253854059	0.6619023311213204
0.9994861253854059	0.6620149761742682
0.9994861253854059	0.6621276595744681
0.9994861253854059	0.662240381341505
0.9994861253854059	0.662353141494977
0.9994861253854059	0.6624659400544959
0.9994861253854059	0.6625787770396866
0.9994861253854059	0.6626916524701874
0.9994861253854059	0.66280456636565
0.9994861253854059	0.6629175187457396
0.9994861253854059	0.6630305096301347
0.9994861253854059	0.6631435390385271
0.9994861253854059	0.6632566069906224
0.9994861253854059	0.6633697135061392
0.9994861253854059	0.6634828586048098
0.9994861253854059	0.66359604230638
0.9994861253854059	0.6637092646306091
0.9994861253854059	0.6638225255972696
0.9994861253854059	0.6639358252261478
0.9994861253854059	0.6640491635370434
0.9994861253854059	0.6641625405497695
0.9994861253854059	0.664275956284153
0.9994861253854059	0.6643894107600341
0.9994861253854059	0.6645029039972669
0.9994861253854059	0.6646164360157184
0.9994861253854059	0.66473000683527
0.9994861253854059	0.6648436164758161
0.9994861253854059	0.6649572649572649
0.9994861253854059	0.6650709522995384
0.9994861253854059	0.6651846785225718
0.9994861253854059	0.6652984436463143
0.9994861253854059	0.6654122476907287
0.9994861253854059	0.6655260906757913
0.9994861253854059	0.6656399726214921
0.9994861253854059	0.665753893547835
0.9994861253854059	0.6658678534748373
0.9994861253854059	0.6659818524225304
0.9994861253854059	0.666095890410959
0.9994861253854059	0.6662099674601816
0.9994861253854059	0.6663240835902706
0.9994861253854059	0.6664382388213124
0.9994861253854059	0.6665524331734064
0.9994861253854059	0.6666666666666666
0.9994861253854059	0.6667809393212204
0.9994861253854059	0.6668952511572089
0.9994861253854059	0.6670096021947873
0.9994861253854059	0.6671239924541245
0.9994861253854059	0.6672384219554031
0.9994861253854059	0.6673528907188196
0.9994861253854059	0.6674673987645847
0.9994861253854059	0.6675819461129227
0.9992291880781089	0.6675248884311706
0.9992291880781089	0.6676394849785408
0.9992291880781089	0.6677541208791209
0.9992291880781089	0.6678687961531856
0.9992291880781089	0.6679835108210237
0.9992291880781089	0.6680982649029377
0.9992291880781089	0.6682130584192439
0.9992291880781089	0.6683278913902733
0.9992291880781089	0.6684427638363699
0.9992291880781089	0.6685576757778924
0.9992291880781089	0.6686726272352133
0.9992291880781089	0.6687876182287188
0.9992291880781089	0.6689026487788098
0.9992291880781089	0.6690177189059006
0.9992291880781089	0.6691328286304198
0.9992291880781089	0.6692479779728102
0.9992291880781089	0.6693631669535284
0.9992291880781089	0.6694783955930452
0.9992291880781089	0.6695936639118457
0.9992291880781089	0.6697089719304288
0.9992291880781089	0.6698243196693077
0.9992291880781089	0.6699397071490095
0.9992291880781089	0.6700551343900758
0.9992291880781089	0.6701706014130622
0.9992291880781089	0.6702861082385384
0.9992291880781089	0.6704016548870885
0.9992291880781089	0.6705172413793103
0.9992291880781089	0.6706328677358165
0.9992291880781089	0.6707485339772336
0.9992291880781089	0.6708642401242022
0.9992291880781089	0.6709799861973775
0.9992291880781089	0.6710957722174288
0.9992291880781089	0.6712115982050397
0.9992291880781089	0.6713274641809079
0.9992291880781089	0.6714433701657458
0.9992291880781089	0.6715593161802798
0.9992291880781089	0.6716753022452504
0.9992291880781089	0.671791328381413
0.9992291880781089	0.671907394609537
0.9992291880781089	0.6720235009504061
0.9992291880781089	0.6721396474248186
0.9992291880781089	0.6722558340535869
0.9992291880781089	0.6723720608575381
0.9992291880781089	0.6724883278575134
0.9992291880781089	0.6726046350743687
0.9992291880781089	0.6727209825289743
0.9992291880781089	0.6728373702422146
0.9992291880781089	0.6729537982349888
0.9992291880781089	0.6730702665282104
0.9992291880781089	0.6731867751428077
0.9992291880781089	0.673303324099723
0.9992291880781089	0.6734199134199135
0.9992291880781089	0.6735365431243505
0.9992291880781089	0.6736532132340204
0.9992291880781089	0.6737699237699237
0.9992291880781089	0.6738866747530757
0.9992291880781089	0.674003466204506
0.9992291880781089	0.6741202981452591
0.9992291880781089	0.6742371705963939
0.9992291880781089	0.6743540835789839
0.9992291880781089	0.6744710371141173
0.9992291880781089	0.6745880312228968
0.9992291880781089	0.67470506592644
0.9992291880781089	0.6748221412458789
0.9992291880781089	0.6749392572023603
0.9992291880781089	0.6750564138170456
0.9992291880781089	0.6751736111111111
0.9992291880781089	0.6752908491057475
0.9992291880781089	0.6754081278221604
0.9992291880781089	0.6755254472815703
0.9992291880781089	0.675642807505212
0.9992291880781089	0.6757602085143354
0.9992291880781089	0.6758776503302051
0.9992291880781089	0.6759951329741005
0.9992291880781089	0.6761126564673157
0.9992291880781089	0.6762302208311598
0.9992291880781089	0.6763478260869565
0.9992291880781089	0.6764654722560445
0.9992291880781089	0.6765831593597773
0.9992291880781089	0.6767008874195233
0.9992291880781089	0.6768186564566655
0.9992291880781089	0.6769364664926023
0.9992291880781089	0.6770543175487466
0.9992291880781089	0.6771722096465262
0.9992291880781089	0.6772901428073842
0.9992291880781089	0.6774081170527783
0.9992291880781089	0.6775261324041811
0.9992291880781089	0.6776441888830806
0.9992291880781089	0.6777622865109795
0.9992291880781089	0.6778804253093952
0.9992291880781089	0.6779986052998606
0.9992291880781089	0.6781168265039232
0.9992291880781089	0.6782350889431461
0.9992291880781089	0.6783533926391069
0.9992291880781089	0.6784717376133985
0.9992291880781089	0.6785901238876287
0.9992291880781089	0.6787085514834206
0.9992291880781089	0.6788270204224123
0.9992291880781089	0.678945530726257
0.9992291880781089	0.679064082416623
0.9992291880781089	0.6791826755151938
0.9992291880781089	0.6793013100436681
0.9992291880781089	0.6794199860237596
0.9992291880781089	0.6795387034771972
0.9992291880781089	0.6796574624257252
0.9992291880781089	0.6797762628911029
0.9992291880781089	0.6798951048951049
0.9992291880781089	0.6800139884595209
0.9992291880781089	0.680132913606156
0.9992291880781089	0.6802518803568305
0.9992291880781089	0.68037088873338
0.9992291880781089	0.6804899387576553
0.9992291880781089	0.6806090304515225
0.9992291880781089	0.6807281638368633
0.9992291880781089	0.6808473389355743
0.9992291880781089	0.6809665557695675
0.9992291880781089	0.6810858143607705
0.9992291880781089	0.6812051147311263
0.9992291880781089	0.6813244569025928
0.9992291880781089	0.6814438408971438
0.9992291880781089	0.6815632667367684
0.9992291880781089	0.6816827344434706
0.9992291880781089	0.6818022440392707
0.9992291880781089	0.6819217955462038
0.9992291880781089	0.6820413889863206
0.9992291880781089	0.6821610243816875
0.9992291880781089	0.6822807017543859
0.9992291880781089	0.6824004211265134
0.9992291880781089	0.6825201825201825
0.9992291880781089	0.6826399859575215
0.9992291880781089	0.6827598314606742
0.9992291880781089	0.6828797190517998
0.9992291880781089	0.6829996487530734
0.9992291880781089	0.6831196205866854
0.9992291880781089	0.6832396345748419
0.9992291880781089	0.6833596907397645
0.9992291880781089	0.6834797891036907
0.9992291880781089	0.6835999296888733
0.9992291880781089	0.6837201125175809
0.9992291880781089	0.6838403376120977
0.9992291880781089	0.6839606049947239
0.9992291880781089	0.6840809146877749
0.9992291880781089	0.684201266713582
0.9992291880781089	0.6843216610944923
0.9992291880781089	0.6844420978528687
0.9992291880781089	0.6845625770110896
0.9992291880781089	0.6846830985915493
0.9992291880781089	0.6848036626166578
0.9992291880781089	0.6849242691088412
0.9992291880781089	0.6850449180905408
0.9992291880781089	0.6851656095842142
0.9992291880781089	0.6852863436123348
0.9992291880781089	0.6854071201973916
0.9992291880781089	0.6855279393618896
0.9992291880781089	0.6856488011283498
0.9992291880781089	0.6857697055193087
0.9992291880781089	0.6858906525573192
0.9992291880781089	0.6860116422649497
0.9992291880781089	0.6861326746647848
0.9992291880781089	0.6862537497794248
0.9992291880781089	0.686374867631486
0.9992291880781089	0.686496028243601
0.9992291880781089	0.686617231638418
0.9992291880781089	0.6867384778386014
0.9992291880781089	0.6868597668668315
0.9992291880781089	0.6869810987458046
0.9992291880781089	0.6871024734982332
0.9992291880781089	0.6872238911468457
0.9992291880781089	0.6873453517143867
0.9992291880781089	0.6874668552236167
0.9992291880781089	0.6875884016973126
0.9992291880781089	0.687709991158267
0.9992291880781089	0.687831623629289
0.9992291880781089	0.6879532991332036
0.9992291880781089	0.6880750176928521
0.9992291880781089	0.6881967793310918
0.9992291880781089	0.6883185840707965
0.9992291880781089	0.6884404319348557
0.9992291880781089	0.6885623229461756
0.9992291880781089	0.6886842571276784
0.9992291880781089	0.6888062345023025
0.9992291880781089	0.6889282550930027
0.9992291880781089	0.6890503189227498
0.9992291880781089	0.6891724260145313
0.9992291880781089	0.6892945763913506
0.9992291880781089	0.6894167700762276
0.9992291880781089	0.6895390070921986
0.9992291880781089	0.689661287462316
0.9992291880781089	0.6897836112096488
0.9992291880781089	0.6899059783572823
0.9992291880781089	0.690028388928318
0.9992291880781089	0.690150842945874
0.9992291880781089	0.6902733404330849
0.9992291880781089	0.6903958814131014
0.9992291880781089	0.6905184659090909
0.9992291880781089	0.6906410939442372
0.9992291880781089	0.6907637655417407
0.9992291880781089	0.690886480724818
0.9992291880781089	0.6910092395167022
0.9992291880781089	0.6911320419406434
0.9992291880781089	0.6912548880199075
0.9992291880781089	0.6913777777777778
0.9992291880781089	0.6915007112375533
0.9992291880781089	0.6916236884225503
0.9992291880781089	0.691746709356101
0.9992291880781089	0.6918697740615549
0.9992291880781089	0.6919928825622775
0.9992291880781089	0.6921160348816515
0.9992291880781089	0.6922392310430758
0.9992291880781089	0.6923624710699662
0.9992291880781089	0.6924857549857549
0.9992291880781089	0.6926090828138913
0.9992291880781089	0.6927324545778412
0.9992291880781089	0.6928558703010868
0.9992291880781089	0.6929793300071276
0.9992291880781089	0.6931028337194796
0.9992291880781089	0.6932263814616756
0.9992291880781089	0.6933499732572651
0.9992291880781089	0.6934736091298146
0.9992291880781089	0.6935972891029071
0.9992291880781089	0.6937210132001427
0.9992291880781089	0.6938447814451383
0.9992291880781089	0.6939685938615274
0.9992291880781089	0.6940924504729609
0.9992291880781089	0.694216351303106
0.9992291880781089	0.6943402963756472
0.9992291880781089	0.6944642857142858
0.9992291880781089	0.6945883193427398
0.9992291880781089	0.6947123972847445
0.9992291880781089	0.6948365195640521
0.9992291880781089	0.6949606862044317
0.9992291880781089	0.6950848972296694
0.9992291880781089	0.6952091526635681
0.9992291880781089	0.6953334525299482
0.9992291880781089	0.6954577968526466
0.9992291880781089	0.6955821856555178
0.9992291880781089	0.6957066189624329
0.9992291880781089	0.6958310967972804
0.9992291880781089	0.6959556191839656
0.9992291880781089	0.6960801861464113
0.9992291880781089	0.6962047977085571
0.9992291880781089	0.6963294538943599
0.9992291880781089	0.6964541547277937
0.9992291880781089	0.6965789002328497
0.9992291880781089	0.6967036904335364
0.9992291880781089	0.6968285253538792
0.9992291880781089	0.6969534050179211
0.9992291880781089	0.6970783294497221
0.9992291880781089	0.6972032986733596
0.9992291880781089	0.6973283127129281
0.9992291880781089	0.6974533715925395
0.9992291880781089	0.6975784753363229
0.9992291880781089	0.6977036239684248
0.9992291880781089	0.6978288175130092
0.9992291880781089	0.697954055994257
0.9992291880781089	0.6980793394363669
0.9992291880781089	0.6982046678635547
0.9992291880781089	0.6983300413000538
0.9992291880781089	0.6984554597701149
0.9992291880781089	0.6985809232980061
0.9992291880781089	0.698706431908013
0.9992291880781089	0.6988319856244385
0.9992291880781089	0.6989575844716032
0.9992291880781089	0.6990832284738451
0.9992291880781089	0.6992089176555196
0.9992291880781089	0.6993346520409999
0.9992291880781089	0.6994604316546763
0.9992291880781089	0.699586256520957
0.9992291880781089	0.6997121266642677
0.9992291880781089	0.6998380421090517
0.9992291880781089	0.6999640028797696
0.9992291880781089	0.7000900090009001
0.9992291880781089	0.7002160604969392
0.9992291880781089	0.7003421573924005
0.9992291880781089	0.7004682997118156
0.9992291880781089	0.7005944874797334
0.9992291880781089	0.7007207207207207
0.9992291880781089	0.700846999459362
0.9992291880781089	0.7009733237202596
0.9992291880781089	0.7010996935280331
0.9992291880781089	0.7012261089073206
0.9992291880781089	0.7013525698827773
0.9992291880781089	0.7014790764790765
0.9992291880781089	0.7016056287209093
0.9992291880781089	0.7017322266329845
0.9992291880781089	0.7018588702400289
0.9992291880781089	0.701985559566787
0.9992291880781089	0.7021122946380213
0.9992291880781089	0.702239075478512
0.9992291880781089	0.7023659021130576
0.9992291880781089	0.702492774566474
0.9992291880781089	0.7026196928635953
0.9992291880781089	0.7027466570292736
0.9992291880781089	0.7028736670883788
0.9992291880781089	0.703000723065799
0.9992291880781089	0.7031278249864401
0.9992291880781089	0.7032549728752261
0.9992291880781089	0.703382166757099
0.9992291880781089	0.7035094066570188
0.9992291880781089	0.7036366925999639
0.9992291880781089	0.7037640246109301
0.9992291880781089	0.7038914027149321
0.9992291880781089	0.7040188269370021
0.9992291880781089	0.7041462973021908
0.9992291880781089	0.7042738138355669
0.9992291880781089	0.704401376562217
0.9992291880781089	0.7045289855072464
0.9992291880781089	0.7046566406957783
0.9992291880781089	0.7047843421529539
0.9992291880781089	0.7049120899039333
0.9992291880781089	0.7050398839738942
0.9992291880781089	0.7051677243880327
0.9992291880781089	0.7052956111715633
0.9992291880781089	0.7054235443497189
0.9992291880781089	0.7055515239477503
0.9992291880781089	0.7056795499909272
0.9992291880781089	0.7058076225045372
0.9992291880781089	0.7059357415138864
0.9992291880781089	0.7060639070442992
0.9992291880781089	0.7061921191211186
0.9992291880781089	0.7063203777697058
0.9992291880781089	0.7064486830154405
0.9992291880781089	0.7065770348837209
0.9992291880781089	0.7067054333999636
0.9992291880781089	0.7068338785896038
0.9992291880781089	0.7069623704780948
0.9992291880781089	0.7070909090909091
0.9992291880781089	0.707219494453537
0.9992291880781089	0.7073481265914878
0.9992291880781089	0.7074768055302892
0.9992291880781089	0.7076055312954876
0.9992291880781089	0.7077343039126479
0.9992291880781089	0.7078631234073535
0.9992291880781089	0.7079919898052066
0.9992291880781089	0.7081209031318281
0.9992291880781089	0.7082498634128574
0.9992291880781089	0.7083788706739527
0.9992291880781089	0.7085079249407906
0.9992291880781089	0.7086370262390671
0.9992291880781089	0.7087661745944961
0.9992291880781089	0.7088953700328108
0.9992291880781089	0.709024612579763
0.9992291880781089	0.7091539022611233
0.9992291880781089	0.709283239102681
0.9992291880781089	0.7094126231302444
0.9992291880781089	0.7095420543696406
0.9992291880781089	0.7096715328467154
0.9992291880781089	0.7098010585873334
0.9992291880781089	0.7099306316173786
0.9992291880781089	0.7100602519627534
0.9992291880781089	0.710189919649379
0.9992291880781089	0.7103196347031964
0.9992291880781089	0.7104493971501644
0.9992291880781089	0.7105792070162616
0.9992291880781089	0.7107090643274854
0.9992291880781089	0.7108389691098519
0.9992291880781089	0.7109689213893967
0.9992291880781089	0.7110989211921741
0.9992291880781089	0.7112289685442575
0.9992291880781089	0.7113590634717395
0.9992291880781089	0.7114892060007318
0.9992291880781089	0.711619396157365
0.9992291880781089	0.7117496339677891
0.9992291880781089	0.7118799194581732
0.998972250770812	0.7118271695349688
0.998972250770812	0.7119575169382897
0.998972250770812	0.7120879120879121
0.998972250770812	0.7122183550100751
0.998972250770812	0.712348845731037
0.998972250770812	0.7124793842770754
0.998972250770812	0.7126099706744868
0.998972250770812	0.7127406049495876
0.998972250770812	0.7128712871287128
0.998972250770812	0.7130020172382175
0.998972250770812	0.7131327953044754
0.998972250770812	0.71326362135388
0.998972250770812	0.713394495412844
0.998972250770812	0.7135254175077996
0.998972250770812	0.7136563876651982
0.998972250770812	0.7137874059115109
0.998972250770812	0.713918472273228
0.998972250770812	0.7140495867768595
0.998972250770812	0.7141807494489346
0.998972250770812	0.7143119603160022
0.998972250770812	0.7144432194046306
0.998972250770812	0.7145745267414079
0.998972250770812	0.7147058823529412
0.998972250770812	0.7148372862658577
0.998972250770812	0.714968738506804
0.998972250770812	0.7151002391024462
0.998972250770812	0.7152317880794702
0.998972250770812	0.7153633854645814
0.998972250770812	0.715495031284505
0.998972250770812	0.7156267255659856
0.998972250770812	0.7157584683357879
0.998972250770812	0.715890259620696
0.998972250770812	0.7160220994475138
0.998972250770812	0.716153987843065
0.998972250770812	0.7162859248341931
0.998972250770812	0.7164179104477612
0.998972250770812	0.7165499447106524
0.998972250770812	0.7166820276497696
0.998972250770812	0.7168141592920354
0.998972250770812	0.7169463396643924
0.998972250770812	0.717078568793803
0.998972250770812	0.7172108467072495
0.998972250770812	0.7173431734317344
0.998972250770812	0.7174755489942793
0.998972250770812	0.717607973421927
0.998972250770812	0.717740446741739
0.998972250770812	0.7178729689807977
0.998972250770812	0.718005540166205
0.998972250770812	0.7181381603250832
0.998972250770812	0.7182708294845742
0.998972250770812	0.7184035476718403
0.998972250770812	0.7185363149140639
0.998972250770812	0.7186691312384473
0.998972250770812	0.718801996672213
0.998972250770812	0.7189349112426036
0.998972250770812	0.7190678749768818
0.998972250770812	0.7192008879023307
0.998972250770812	0.7193339500462534
0.998972250770812	0.7194670614359734
0.998972250770812	0.719600222098834
0.998972250770812	0.7197334320621992
0.998972250770812	0.719866691353453
0.998972250770812	0.72
0.998972250770812	0.7201333580292647
0.998972250770812	0.7202667654686921
0.998972250770812	0.7204002223457476
0.998972250770812	0.720533728687917
0.998972250770812	0.7206672845227062
0.998972250770812	0.7208008898776418
0.998972250770812	0.7209345447802707
0.998972250770812	0.7210682492581603
0.998972250770812	0.7212020033388982
0.998972250770812	0.7213358070500928
0.998972250770812	0.7214696604193728
0.998972250770812	0.7216035634743875
0.998972250770812	0.7217375162428068
0.998972250770812	0.7218715187523208
0.998972250770812	0.7220055710306407
0.998972250770812	0.7221396731054978
0.998972250770812	0.7222738250046442
0.998972250770812	0.7224080267558528
0.998972250770812	0.722542278386917
0.998972250770812	0.7226765799256506
0.998972250770812	0.7228109313998885
0.998972250770812	0.7229453328374861
0.998972250770812	0.7230797842663195
0.998972250770812	0.7232142857142857
0.998972250770812	0.7233488372093023
0.998972250770812	0.7234834387793078
0.998972250770812	0.7236180904522613
0.998972250770812	0.723752792256143
0.998972250770812	0.7238875442189536
0.998972250770812	0.7240223463687151
0.998972250770812	0.72415719873347
0.998972250770812	0.7242921013412816
0.998972250770812	0.7244270542202348
0.998972250770812	0.7245620573984346
0.998972250770812	0.7246971109040075
0.998972250770812	0.7248322147651006
0.998972250770812	0.7249673690098826
0.998972250770812	0.7251025736665423
0.998972250770812	0.7252378287632905
0.998972250770812	0.7253731343283583
0.998972250770812	0.7255084903899981
0.998972250770812	0.7256438969764838
0.998972250770812	0.7257793541161097
0.998972250770812	0.7259148618371919
0.998972250770812	0.7260504201680672
0.998972250770812	0.7261860291370937
0.998972250770812	0.7263216887726508
0.998972250770812	0.726457399103139
0.998972250770812	0.7265931601569801
0.998972250770812	0.7267289719626169
0.998972250770812	0.7268648345485137
0.998972250770812	0.7270007479431563
0.998972250770812	0.7271367121750514
0.998972250770812	0.7272727272727273
0.998972250770812	0.7274087932647334
0.998972250770812	0.7275449101796407
0.998972250770812	0.7276810780460415
0.998972250770812	0.7278172968925496
0.998972250770812	0.7279535667478
0.998972250770812	0.7280898876404495
0.998972250770812	0.7282262595991759
0.998972250770812	0.7283626826526789
0.998972250770812	0.7284991568296796
0.998972250770812	0.7286356821589205
0.998972250770812	0.7287722586691658
0.998972250770812	0.7289088863892014
0.998972250770812	0.7290455653478343
0.998972250770812	0.7291822955738935
0.998972250770812	0.7293190770962296
0.998972250770812	0.7294559099437148
0.998972250770812	0.729592794145243
0.998972250770812	0.7297297297297297
0.998972250770812	0.7298667167261123
0.998972250770812	0.7300037551633496
0.998972250770812	0.7301408450704225
0.998972250770812	0.7302779864763336
0.998972250770812	0.730415179410107
0.998972250770812	0.7305524239007892
0.998972250770812	0.7306897199774478
0.998972250770812	0.7308270676691729
0.998972250770812	0.7309644670050761
0.998972250770812	0.7311019180142911
0.998972250770812	0.7312394207259733
0.998972250770812	0.7313769751693002
0.998972250770812	0.7315145813734714
0.998972250770812	0.731652239367708
0.998972250770812	0.7317899491812535
0.998972250770812	0.7319277108433735
0.998972250770812	0.7320655243833553
0.998972250770812	0.7322033898305085
0.998972250770812	0.7323413072141646
0.998972250770812	0.7324792765636775
0.998972250770812	0.7326172979084229
0.998972250770812	0.7327553712777988
0.998972250770812	0.7328934967012253
0.998972250770812	0.7330316742081447
0.998972250770812	0.7331699038280218
0.998972250770812	0.7333081855903433
0.998972250770812	0.733446519524618
0.998972250770812	0.7335849056603774
0.998972250770812	0.733723344027175
0.998972250770812	0.7338618346545867
0.998972250770812	0.7340003775722107
0.998972250770812	0.7341389728096677
0.998972250770812	0.7342776203966006
0.998972250770812	0.7344163203626747
0.998972250770812	0.7345550727375779
0.998972250770812	0.7346938775510204
0.998972250770812	0.7348327348327348
0.998972250770812	0.7349716446124763
0.998972250770812	0.7351106069200227
0.998972250770812	0.735249621785174
0.998972250770812	0.735388689237753
0.998972250770812	0.735527809307605
0.998972250770812	0.7356669820245979
0.998972250770812	0.7358062074186222
0.998972250770812	0.7359454855195912
0.998972250770812	0.7360848163574404
0.998972250770812	0.7362241999621284
0.998972250770812	0.7363636363636363
0.998972250770812	0.7365031255919682
0.998972250770812	0.7366426676771505
0.998972250770812	0.7367822626492325
0.998972250770812	0.7369219105382866
0.998972250770812	0.7370616113744076
0.998972250770812	0.7372013651877133
0.998972250770812	0.7373411720083444
0.998972250770812	0.7374810318664643
0.998972250770812	0.7376209447922595
0.998972250770812	0.7377609108159393
0.998972250770812	0.7379009299677358
0.998972250770812	0.7380410022779044
0.998972250770812	0.738181127776723
0.998972250770812	0.738321306494493
0.998972250770812	0.7384615384615385
0.998972250770812	0.7386018237082067
0.998972250770812	0.738742162264868
0.998972250770812	0.7388825541619156
0.998972250770812	0.7390229994297662
0.998972250770812	0.7391634980988593
0.998972250770812	0.7393040501996577
0.998972250770812	0.7394446557626474
0.998972250770812	0.7395853148183374
0.998972250770812	0.7397260273972602
0.998972250770812	0.7398667935299714
0.998972250770812	0.7400076132470499
0.998972250770812	0.7401484865790977
0.998972250770812	0.7402894135567403
0.998972250770812	0.7404303942106265
0.998972250770812	0.7405714285714285
0.998972250770812	0.7407125166698418
0.998972250770812	0.7408536585365854
0.998972250770812	0.7409948542024014
0.998972250770812	0.7412774070543374
0.998972250770812	0.7414187643020596
0.998972250770812	0.741560175472058
0.998972250770812	0.7417016405951927
0.998972250770812	0.7418431597023469
0.998972250770812	0.7419847328244275
0.998972250770812	0.742126359992365
0.998972250770812	0.7422680412371134
0.998972250770812	0.7424097765896506
0.998972250770812	0.7425515660809778
0.998972250770812	0.7426934097421204
0.998972250770812	0.7428353076041269
0.998972250770812	0.7429772596980699
0.998972250770812	0.7431192660550459
0.998972250770812	0.7432613267061747
0.998972250770812	0.7434034416826004
0.998972250770812	0.7435456110154905
0.998972250770812	0.7436878347360367
0.998972250770812	0.7438301128754544
0.998972250770812	0.7439724454649828
0.998972250770812	0.7441148325358852
0.998972250770812	0.7442572741194488
0.998972250770812	0.7443997702469844
0.998972250770812	0.7445423209498276
0.998972250770812	0.7446849262593372
0.998972250770812	0.7448275862068966
0.998972250770812	0.7449703008239126
0.998972250770812	0.7451130701418168
0.998972250770812	0.7452558941920644
0.998972250770812	0.745398773006135
0.998972250770812	0.7455417066155321
0.998972250770812	0.7456846950517837
0.998972250770812	0.7458277383464416
0.998972250770812	0.7459708365310821
0.998972250770812	0.7461139896373057
0.998972250770812	0.746257197696737
0.998972250770812	0.7464004607410252
0.998972250770812	0.7465437788018433
0.998972250770812	0.7466871519108892
0.998972250770812	0.7468305800998848
0.998972250770812	0.7469740634005764
0.998972250770812	0.7471176018447349
0.998972250770812	0.7472611954641553
0.998972250770812	0.7474048442906575
0.998972250770812	0.7475485483560854
0.998972250770812	0.7476923076923077
0.998972250770812	0.7478361223312175
0.998972250770812	0.7479799923047326
0.998972250770812	0.748123917644795
0.998972250770812	0.7482678983833718
0.998972250770812	0.7484119345524542
0.998972250770812	0.7485560261840585
0.998972250770812	0.7487001733102253
0.998972250770812	0.74884437596302
0.998972250770812	0.7489886341745329
0.998972250770812	0.7491329479768786
0.998972250770812	0.7492773174021969
0.998972250770812	0.7494217424826523
0.998972250770812	0.7495662232504338
0.998972250770812	0.7497107597377555
0.998972250770812	0.7498553519768563
0.998972250770812	0.75
0.998972250770812	0.7501447038394752
0.998972250770812	0.7502894635275955
0.998972250770812	0.7504342790966995
0.998972250770812	0.7505791505791506
0.998972250770812	0.7507240780073373
0.998972250770812	0.7508690614136733
0.998972250770812	0.7510141008305968
0.998972250770812	0.7511591962905718
0.998972250770812	0.7513043478260869
0.998972250770812	0.751449555469656
0.998972250770812	0.7515948192538179
0.998972250770812	0.7517401392111369
0.998972250770812	0.7518855153742022
0.998972250770812	0.7520309477756286
0.998972250770812	0.7521764364480558
0.998972250770812	0.7523219814241486
0.998972250770812	0.7524675827365976
0.998972250770812	0.7526132404181185
0.998972250770812	0.752758954501452
0.998972250770812	0.7529047250193648
0.998972250770812	0.7530505520046484
0.998972250770812	0.75319643549012
0.998972250770812	0.7533423755086224
0.998972250770812	0.7534883720930232
0.998972250770812	0.7536344252762163
0.998972250770812	0.7537805350911206
0.998972250770812	0.7539267015706806
0.998972250770812	0.7540729247478666
0.998972250770812	0.7542192046556742
0.998972250770812	0.7543655413271245
0.998972250770812	0.7545119347952649
0.998972250770812	0.7546583850931677
0.998972250770812	0.7548048922539313
0.998972250770812	0.7549514563106796
0.998972250770812	0.7550980772965624
0.998972250770812	0.7552447552447552
0.998972250770812	0.7553914901884593
0.998972250770812	0.7555382821609017
0.998972250770812	0.7556851311953353
0.998972250770812	0.7558320373250389
0.998972250770812	0.7559790005833171
0.998972250770812	0.7561260210035006
0.998972250770812	0.7562730986189458
0.998972250770812	0.756420233463035
0.998972250770812	0.7565674255691769
0.998972250770812	0.7567146749708058
0.998972250770812	0.7568619817013821
0.998972250770812	0.7570093457943925
0.998972250770812	0.7571567672833496
0.998972250770812	0.7573042462017919
0.998972250770812	0.7574517825832846
0.998972250770812	0.7575993764614185
0.998972250770812	0.757747027869811
0.998972250770812	0.7578947368421053
0.998972250770812	0.7580425034119711
0.998972250770812	0.7581903276131046
0.998972250770812	0.7583382094792276
0.998972250770812	0.758486149044089
0.998972250770812	0.7586341463414634
0.998972250770812	0.7587822014051522
0.998972250770812	0.758930314268983
0.998972250770812	0.7590784849668099
0.998972250770812	0.7592267135325131
0.998972250770812	0.759375
0.998972250770812	0.7595233444032038
0.998972250770812	0.7596717467760844
0.998972250770812	0.7598202071526285
0.998972250770812	0.7599687255668491
0.998972250770812	0.7601173020527859
0.998972250770812	0.7602659366445053
0.998972250770812	0.7604146293761002
0.998972250770812	0.7605633802816901
0.998972250770812	0.7607121893954216
0.998972250770812	0.7608610567514678
0.998972250770812	0.7610099823840282
0.998972250770812	0.7611589663273297
0.998972250770812	0.7613080086156256
0.998972250770812	0.7614571092831962
0.998972250770812	0.7616062683643486
0.998972250770812	0.7617554858934169
0.998972250770812	0.7619047619047619
0.998972250770812	0.7620540964327714
0.998972250770812	0.7622034895118605
0.998972250770812	0.7623529411764706
0.998972250770812	0.7625024514610708
0.998972250770812	0.7626520204001569
0.998972250770812	0.7628016480282519
0.998972250770812	0.7629513343799058
0.998972250770812	0.7631010794896957
0.998972250770812	0.7632508833922261
0.998972250770812	0.7634007461221284
0.998972250770812	0.7635506677140613
0.998972250770812	0.7637006482027107
0.998972250770812	0.7638506876227897
0.998972250770812	0.7640007860090391
0.998972250770812	0.7641509433962265
0.998972250770812	0.7643011598191468
0.998972250770812	0.7644514353126229
0.998972250770812	0.7646017699115044
0.998972250770812	0.7647521636506688
0.998972250770812	0.7649026165650207
0.998972250770812	0.7650531286894924
0.998972250770812	0.7652037000590435
0.998972250770812	0.7653543307086614
0.998972250770812	0.7655050206733609
0.998972250770812	0.7656557699881843
0.998972250770812	0.7658065786882017
0.998972250770812	0.7659574468085106
0.998972250770812	0.7661083743842364
0.998972250770812	0.7662593614505321
0.998972250770812	0.7664104080425783
0.998972250770812	0.7665615141955836
0.998972250770812	0.7667126799447841
0.998972250770812	0.7668639053254438
0.998972250770812	0.7670151903728546
0.998972250770812	0.7671665351223362
0.998972250770812	0.7673179396092362
0.998972250770812	0.7674694038689301
0.998972250770812	0.7676209279368214
0.998972250770812	0.7677725118483413
0.998972250770812	0.7679241556389492
0.998972250770812	0.7680758593441328
0.998972250770812	0.7682276229994073
0.998972250770812	0.7683794466403162
0.998972250770812	0.7685313303024313
0.998972250770812	0.7686832740213523
0.998972250770812	0.7688352778327071
0.998972250770812	0.7689873417721519
0.998972250770812	0.769139465875371
0.998972250770812	0.7692916501780768
0.998972250770812	0.7694438947160103
0.998972250770812	0.7695961995249406
0.998972250770812	0.7697485646406652
0.998972250770812	0.7699009900990099
0.998972250770812	0.7700534759358288
0.998972250770812	0.7702060221870047
0.998972250770812	0.7703586288884486
0.998972250770812	0.7705112960760999
0.998972250770812	0.7706640237859267
0.998972250770812	0.7708168120539255
0.998972250770812	0.7709696609161214
0.998972250770812	0.771122570408568
0.998972250770812	0.7712755405673477
0.998972250770812	0.7714285714285715
0.998972250770812	0.7715816630283786
0.998972250770812	0.7717348154029376
0.998972250770812	0.7718880285884455
0.998972250770812	0.7720413026211279
0.998972250770812	0.7721946375372393
0.998972250770812	0.7723480333730631
0.998972250770812	0.7725014901649115
0.998972250770812	0.7726550079491256
0.998972250770812	0.7728085867620751
0.998972250770812	0.772962226640159
0.998972250770812	0.7731159276198051
0.998972250770812	0.7732696897374701
0.998972250770812	0.77342351302964
0.998972250770812	0.7735773975328293
0.998972250770812	0.7737313432835821
0.998972250770812	0.7738853503184714
0.998972250770812	0.7740394186740991
0.998972250770812	0.7741935483870968
0.998972250770812	0.7743477394941247
0.998972250770812	0.7745019920318725
0.998972250770812	0.7746563060370592
0.998972250770812	0.774965118596771
0.998972250770812	0.7751196172248804
0.998972250770812	0.7755834829443446
0.998972250770812	0.7757382282521947
0.998972250770812	0.7762028348971851
0.998972250770812	0.7774445110977805
0.998972250770812	0.7776
0.998972250770812	0.7779111644657863
0.9987153134635149	0.7794265089232003
0.9987153134635149	0.7802087515054195
0.9987153134635149	0.7806788511749347
0.9987153134635149	0.7811495176848875
0.9987153134635149	0.782249949688066
0.9987153134635149	0.7828801611278953
0.9987153134635149	0.7843018563357547
0.9987153134635149	0.7854111941806425
0.9987153134635149	0.7868421052631579
0.9987153134635149	0.7879586458544496
0.9987153134635149	0.7887581168831169
0.9987153134635149	0.7892385786802031
0.9987153134635149	0.7897196261682243
0.9987153134635149	0.7908443540183113
0.9987153134635149	0.7914884952148239
0.9987153134635149	0.7926182707993474
0.9987153134635149	0.7940755873340143
0.9987153134635149	0.794400163498876
0.9987153134635149	0.7952127659574468
0.9987153134635149	0.7953754859832208
0.9987153134635149	0.7955382726156365
0.9987153134635149	0.7957011258955988
0.9987153134635149	0.7958640458640459
0.9987153134635149	0.7960270325619496
0.9987153134635149	0.7961900860303155
0.9987153134635149	0.7963532063101824
0.9987153134635149	0.7965163934426229
0.9987153134635149	0.7966796474687436
0.9987153134635149	0.7968429684296843
0.9987153134635149	0.7970063563666189
0.9987153134635149	0.7971698113207547
0.9987153134635149	0.7973333333333333
0.9987153134635149	0.7974969224456299
0.9987153134635149	0.7976605786989535
0.9987153134635149	0.797824302134647
0.9987153134635149	0.7979880927940874
0.9987153134635149	0.7981519507186858
0.9987153134635149	0.7983158759498871
0.9987153134635149	0.7984798685291701
0.9987153134635149	0.7986439284980481
0.9987153134635149	0.7988080558980682
0.9987153134635149	0.7989722507708119
0.9987153134635149	0.7991365131578947
0.9987153134635149	0.7993008431009665
0.9987153134635149	0.7994652406417112
0.9987153134635149	0.7996297058218473
0.9987153134635149	0.7997942386831276
0.9987153134635149	0.7999588392673389
0.9987153134635149	0.800123507616303
0.9987153134635149	0.8002882437718757
0.9987153134635149	0.8004530477759473
0.9987153134635149	0.8006179196704428
0.9987153134635149	0.8007828594973218
0.9987153134635149	0.8009478672985783
0.9987153134635149	0.8011129431162407
0.9987153134635149	0.8012780869923727
0.9987153134635149	0.8014432989690722
0.9987153134635149	0.8016085790884718
0.9987153134635149	0.8017739273927392
0.9987153134635149	0.8019393439240767
0.9987153134635149	0.8021048287247214
0.9987153134635149	0.8022703818369453
0.9987153134635149	0.8024360033030553
0.9987153134635149	0.8026016931653933
0.9987153134635149	0.8027674514663362
0.9987153134635149	0.8029332782482959
0.9987153134635149	0.803099173553719
0.9987153134635149	0.8032651374250879
0.9987153134635149	0.8034311699049194
0.9987153134635149	0.803597271035766
0.9987153134635149	0.803763440860215
0.9987153134635149	0.8039296794208893
0.9987153134635149	0.8040959867604468
0.9987153134635149	0.8042623629215808
0.9987153134635149	0.8044288079470199
0.9987153134635149	0.8045953218795281
0.9987153134635149	0.8047619047619048
0.9987153134635149	0.8049285566369849
0.9987153134635149	0.8050952775476388
0.9987153134635149	0.8052620675367723
0.9987153134635149	0.805428926647327
0.9987153134635149	0.8055958549222798
0.9987153134635149	0.8057628524046434
0.9987153134635149	0.8059299191374663
0.9987153134635149	0.8060970551638325
0.9987153134635149	0.8062642605268616
0.9987153134635149	0.8064315352697096
0.9987153134635149	0.8065988794355675
0.9987153134635149	0.8067662930676629
0.9987153134635149	0.8069337762092589
0.9987153134635149	0.8071013289036545
0.9987153134635149	0.8072689511941848
0.9987153134635149	0.807436643124221
0.9987153134635149	0.8076044047371702
0.9987153134635149	0.8077722360764755
0.9987153134635149	0.8079401371856163
0.9987153134635149	0.8081081081081081
0.9987153134635149	0.8082761488875027
0.9987153134635149	0.8084442595673876
0.9987153134635149	0.8086124401913876
0.9987153134635149	0.8087806908031627
0.9987153134635149	0.80894901144641
0.9987153134635149	0.8091174021648626
0.9987153134635149	0.8092858630022902
0.9987153134635149	0.809454394002499
0.9987153134635149	0.8096229952093313
0.9987153134635149	0.8097916666666667
0.9987153134635149	0.8099604084184205
0.9987153134635149	0.8101292205085452
0.9987153134635149	0.8102981029810298
0.9987153134635149	0.8104670558798999
0.9987153134635149	0.810636079249218
0.9987153134635149	0.810805173133083
0.9987153134635149	0.8109743375756311
0.9987153134635149	0.8111435726210351
0.9987153134635149	0.8113128783135045
0.9987153134635149	0.811482254697286
0.9987153134635149	0.8116517018166632
0.9987153134635149	0.8118212197159566
0.9987153134635149	0.8119908084395238
0.9987153134635149	0.8121604680317593
0.9987153134635149	0.8123301985370951
0.9987153134635149	0.8125
0.9987153134635149	0.8126698724649801
0.9987153134635149	0.8128398159765788
0.9987153134635149	0.8130098305793767
0.9987153134635149	0.8131799163179916
0.9987153134635149	0.8133500732370789
0.9987153134635149	0.8135203013813311
0.9987153134635149	0.8136906007954783
0.9987153134635149	0.8138609715242882
0.9987153134635149	0.8140314136125655
0.9987153134635149	0.8142019271051529
0.9987153134635149	0.8143725120469306
0.9987153134635149	0.8145431684828164
0.9987153134635149	0.8147138964577657
0.9987153134635149	0.8148846960167715
0.9987153134635149	0.8150555672048647
0.9987153134635149	0.8152265100671141
0.9987153134635149	0.8153975246486259
0.9987153134635149	0.8155686109945447
0.9987153134635149	0.8157397691500524
0.9987153134635149	0.8159109991603695
0.9987153134635149	0.8160823010707537
0.9987153134635149	0.8162536749265015
0.9987153134635149	0.8164251207729468
0.9987153134635149	0.8165966386554622
0.9987153134635149	0.8167682286194579
0.9987153134635149	0.8169398907103825
0.9987153134635149	0.8171116249737229
0.9987153134635149	0.8172834314550042
0.9987153134635149	0.8174553101997897
0.9987153134635149	0.8176272612536811
0.9987153134635149	0.8177992846623185
0.9987153134635149	0.8179713804713805
0.9987153134635149	0.8181435487265839
0.9987153134635149	0.8183157894736842
0.9987153134635149	0.8184881027584755
0.9987153134635149	0.8186604886267902
0.9987153134635149	0.8188329471244997
0.9987153134635149	0.8190054782975137
0.9987153134635149	0.8191780821917808
0.9987153134635149	0.8193507588532883
0.9987153134635149	0.8195235083280624
0.9987153134635149	0.8196963306621678
0.9987153134635149	0.8198692259017085
0.9987153134635149	0.820042194092827
0.9987153134635149	0.820215235281705
0.9987153134635149	0.8203883495145631
0.9987153134635149	0.820561536837661
0.9987153134635149	0.8207347972972973
0.9987153134635149	0.82090813093981
0.9987153134635149	0.8210815378115758
0.9987153134635149	0.8212550179590112
0.9987153134635149	0.8214285714285714
0.9987153134635149	0.8216021982667512
0.9987153134635149	0.8217758985200846
0.9987153134635149	0.8219496722351448
0.9987153134635149	0.8221235194585449
0.9987153134635149	0.8222974402369367
0.9987153134635149	0.8224714346170122
0.9987153134635149	0.8226455026455026
0.9987153134635149	0.8228196443691786
0.9987153134635149	0.8229938598348507
0.9987153134635149	0.8231681490893689
0.9987153134635149	0.823342512179623
0.9987153134635149	0.8235169491525424
0.9987153134635149	0.8236914600550964
0.9987153134635149	0.8238660449342942
0.9987153134635149	0.8240407038371846
0.9987153134635149	0.8242154368108566
0.9987153134635149	0.824390243902439
0.9987153134635149	0.8245651251591005
0.9987153134635149	0.82474008062805
0.9987153134635149	0.8249151103565365
0.9987153134635149	0.8250902143918488
0.9987153134635149	0.8252653927813164
0.9987153134635149	0.8254406455723083
0.9987153134635149	0.8256159728122345
0.9987153134635149	0.8257913745485447
0.9987153134635149	0.8259668508287292
0.9987153134635149	0.8261424017003188
0.9987153134635149	0.8263180272108843
0.9987153134635149	0.8264937274080374
0.9987153134635149	0.82666950233943
0.9987153134635149	0.8268453520527548
0.9987153134635149	0.8270212765957446
0.9987153134635149	0.8271972760161737
0.9987153134635149	0.8273733503618561
0.9987153134635149	0.8275494996806472
0.9984583761562179	0.8275127768313458
0.9984583761562179	0.8276890308839191
0.9984583761562179	0.8278653600340861
0.9984583761562179	0.828041764329853
0.9984583761562179	0.8282182438192668
0.9984583761562179	0.8283947985504156
0.9984583761562179	0.8285714285714286
0.9984583761562179	0.8287481339304755
0.9984583761562179	0.8289249146757679
0.9984583761562179	0.8291017708555579
0.9984583761562179	0.8292787025181392
0.9984583761562179	0.8294557097118463
0.9984583761562179	0.8296327924850555
0.9984583761562179	0.829809950886184
0.9984583761562179	0.8299871849636907
0.9984583761562179	0.8301644947660757
0.9984583761562179	0.8303418803418804
0.9984583761562179	0.830519341739688
0.9984583761562179	0.8306968790081232
0.9984583761562179	0.8308744921958521
0.9984583761562179	0.8310521813515825
0.9984583761562179	0.8312299465240641
0.9984583761562179	0.8314077877620881
0.9984583761562179	0.8315857051144875
0.9984583761562179	0.831763698630137
0.9984583761562179	0.8319417683579533
0.9984583761562179	0.832119914346895
0.9984583761562179	0.8322981366459627
0.9984583761562179	0.8324764353041988
0.9984583761562179	0.8326548103706878
0.9984583761562179	0.8328332618945564
0.9984583761562179	0.8330117899249732
0.9984583761562179	0.8331903945111492
0.9984583761562179	0.8333690757023375
0.9984583761562179	0.8335478335478336
0.9984583761562179	0.8337266680969749
0.9984583761562179	0.8339055793991417
0.9984583761562179	0.8340845675037561
0.9984583761562179	0.8342636324602833
0.9984583761562179	0.8344427743182307
0.9984583761562179	0.8346219931271478
0.9984583761562179	0.8348012889366273
0.9984583761562179	0.8349806617963043
0.9984583761562179	0.8351601117558565
0.9984583761562179	0.8353396388650043
0.9984583761562179	0.8355192431735111
0.9984583761562179	0.8356989247311828
0.9984583761562179	0.8358786835878683
0.9984583761562179	0.8360585197934596
0.9982014388489209	0.8360232408005165
0.9982014388489209	0.8362031855359449
0.9982014388489209	0.8363832077502691
0.9982014388489209	0.83656330749354
0.9982014388489209	0.8367434848158518
0.9982014388489209	0.8369237397673417
0.9982014388489209	0.8371040723981901
0.9982014388489209	0.8372844827586207
0.9982014388489209	0.8374649708989006
0.9982014388489209	0.8376455368693402
0.9982014388489209	0.8378261807202932
0.9982014388489209	0.838006902502157
0.9982014388489209	0.8381877022653722
0.9982014388489209	0.8383685800604229
0.9982014388489209	0.8385495359378372
0.9982014388489209	0.8387305699481865
0.9982014388489209	0.8389116821420859
0.9982014388489209	0.8390928725701944
0.9982014388489209	0.8392741412832145
0.9982014388489209	0.8394554883318929
0.9982014388489209	0.8396369137670197
0.9982014388489209	0.8398184176394293
0.9982014388489209	0.84
0.9982014388489209	0.840181660899654
0.9982014388489209	0.8403634003893575
0.9982014388489209	0.8405452185201212
0.9982014388489209	0.8407271153429994
0.9982014388489209	0.8409090909090909
0.9982014388489209	0.8410911452695389
0.9982014388489209	0.8412732784755306
0.9982014388489209	0.8414554905782976
0.9982014388489209	0.8416377816291161
0.9982014388489209	0.8418201516793066
0.9982014388489209	0.842002600780234
0.9982014388489209	0.842185128983308
0.9982014388489209	0.8423677363399826
0.9982014388489209	0.8425504229017566
0.9982014388489209	0.8427331887201736
0.9982014388489209	0.8429160338468215
0.9982014388489209	0.8430989583333334
0.9982014388489209	0.8432819622313871
0.9982014388489209	0.8434650455927052
0.9982014388489209	0.8436482084690554
0.9982014388489209	0.8438314509122502
0.9982014388489209	0.8440147729741473
0.9982014388489209	0.8441981747066493
0.9982014388489209	0.844381656161704
0.9982014388489209	0.8445652173913043
0.9982014388489209	0.8447488584474886
0.9982014388489209	0.8449325793823401
0.9982014388489209	0.8451163802479879
0.9982014388489209	0.8453002610966057
0.9982014388489209	0.8454842219804135
0.9982014388489209	0.8456682629516761
0.9982014388489209	0.8458523840627041
0.9982014388489209	0.8460365853658537
0.9982014388489209	0.8462208669135265
0.9982014388489209	0.8464052287581699
0.9982014388489209	0.8465896709522772
0.9982014388489209	0.8467741935483871
0.9982014388489209	0.8469587965990844
0.9982014388489209	0.8471434801569996
0.9982014388489209	0.8473282442748091
0.9982014388489209	0.8475130890052356
0.9982014388489209	0.8476980144010473
0.9982014388489209	0.8478830205150589
0.9982014388489209	0.8480681074001309
0.9982014388489209	0.8482532751091703
0.9982014388489209	0.84843852369513
0.9982014388489209	0.8486238532110092
0.9982014388489209	0.8488092637098537
0.9982014388489209	0.8489947552447552
0.9982014388489209	0.8491803278688524
0.9982014388489209	0.8493659816353302
0.9982014388489209	0.8495517165974197
0.9982014388489209	0.8497375328083989
0.9982014388489209	0.8499234303215927
0.9982014388489209	0.850109409190372
0.9982014388489209	0.8502954694681549
0.9982014388489209	0.8504816112084063
0.9982014388489209	0.8506678344646376
0.9982014388489209	0.8508541392904073
0.9982014388489209	0.8510405257393209
0.9982014388489209	0.8512269938650306
0.9982014388489209	0.851413543721236
0.9982014388489209	0.8516001753616834
0.9982014388489209	0.8517868888401666
0.9982014388489209	0.8519736842105263
0.9982014388489209	0.8521605615266505
0.9982014388489209	0.8523475208424748
0.9982014388489209	0.8525345622119815
0.9982014388489209	0.852721685689201
0.9982014388489209	0.8529088913282108
0.9982014388489209	0.8530961791831357
0.9982014388489209	0.8532835493081484
0.9982014388489209	0.8534710017574693
0.9982014388489209	0.8536585365853658
0.9982014388489209	0.8538461538461538
0.9982014388489209	0.8540338535941965
0.9982014388489209	0.854221635883905
0.9982014388489209	0.8544095007697383
0.9982014388489209	0.8545974483062032
0.9982014388489209	0.8547854785478548
0.9982014388489209	0.8549735915492958
0.9982014388489209	0.8551617873651772
0.9982014388489209	0.8553500660501981
0.9982014388489209	0.8555384276591059
0.9982014388489209	0.8557268722466961
0.9982014388489209	0.8559153998678123
0.9982014388489209	0.8561040105773469
0.9982014388489209	0.8562927044302402
0.9982014388489209	0.8564814814814815
0.9982014388489209	0.856670341786108
0.9982014388489209	0.856859285399206
0.9982014388489209	0.85704831237591
0.9982014388489209	0.8572374227714034
0.9982014388489209	0.8574266166409181
0.9982014388489209	0.8576158940397351
0.9982014388489209	0.8578052550231839
0.9982014388489209	0.8579946996466431
0.9982014388489209	0.8581842279655401
0.9982014388489209	0.8583738400353513
0.9982014388489209	0.8585635359116022
0.9982014388489209	0.8587533156498673
0.9982014388489209	0.8589431793057705
0.9982014388489209	0.8591331269349846
0.9982014388489209	0.8593231585932316
0.9982014388489209	0.8595132743362832
0.9982014388489209	0.8597034742199602
0.9982014388489209	0.8598937583001328
0.9982014388489209	0.8600841266327208
0.9982014388489209	0.8602745792736936
0.9982014388489209	0.8604651162790697
0.9982014388489209	0.860655737704918
0.9982014388489209	0.8608464436073565
0.9982014388489209	0.8610372340425532
0.9982014388489209	0.8612281090667258
0.9982014388489209	0.8614190687361419
0.9982014388489209	0.8616101131071191
0.9982014388489209	0.8618012422360248
0.9982014388489209	0.8619924561792767
0.9982014388489209	0.8621837549933422
0.9982014388489209	0.8623751387347391
0.9982014388489209	0.8625666074600356
0.9982014388489209	0.8627581612258495
0.9982014388489209	0.8629498000888494
0.9982014388489209	0.8631415241057543
0.9982014388489209	0.8633333333333333
0.9982014388489209	0.8635252278284063
0.9982014388489209	0.8637172076478434
0.9982014388489209	0.8639092728485657
0.9982014388489209	0.8641014234875445
0.9982014388489209	0.864293659621802
0.9982014388489209	0.8644859813084113
0.9982014388489209	0.8646783886044959
0.9982014388489209	0.8648708815672307
0.9982014388489209	0.8650634602538411
0.9982014388489209	0.8652561247216035
0.9982014388489209	0.8654488750278458
0.9982014388489209	0.8656417112299465
0.9982014388489209	0.8658346333853354
0.9982014388489209	0.8660276415514936
0.9982014388489209	0.8662207357859532
0.9982014388489209	0.8664139161462979
0.9982014388489209	0.8666071826901628
0.9982014388489209	0.8668005354752343
0.9982014388489209	0.8669939745592502
0.9982014388489209	0.8671875
0.9982014388489209	0.8673811118553248
0.9982014388489209	0.8675748101831174
0.9982014388489209	0.8677685950413223
0.9982014388489209	0.8679624664879356
0.9982014388489209	0.8681564245810056
0.9982014388489209	0.8683504693786321
0.9982014388489209	0.8685446009389671
0.9982014388489209	0.8687388193202147
0.9982014388489209	0.8689331245806308
0.9982014388489209	0.8691275167785235
0.9982014388489209	0.8693219959722533
0.9982014388489209	0.8695165622202328
0.9982014388489209	0.8697112155809268
0.9982014388489209	0.8699059561128527
0.9982014388489209	0.8701007838745801
0.9982014388489209	0.8702956989247311
0.9982014388489209	0.8704907013219807
0.9982014388489209	0.8706857911250561
0.9982014388489209	0.8708809683927371
0.9982014388489209	0.8710762331838565
0.9982014388489209	0.8712715855572999
0.9982014388489209	0.8714670255720054
0.9982014388489209	0.8716625532869643
0.9982014388489209	0.8718581687612208
0.9982014388489209	0.8720538720538721
0.9982014388489209	0.8722496632240683
0.9982014388489209	0.8724455423310128
0.9982014388489209	0.8726415094339622
0.9982014388489209	0.8728375645922265
0.9982014388489209	0.8730337078651685
0.9982014388489209	0.8732299393122049
0.9982014388489209	0.8734262589928058
0.9982014388489209	0.8736226669664943
0.9982014388489209	0.8738191632928475
0.9982014388489209	0.8740157480314961
0.9982014388489209	0.8742124212421242
0.9982014388489209	0.8744091829844699
0.9982014388489209	0.8746060333183251
0.9982014388489209	0.8748029723035352
0.9982014388489209	0.875
0.9982014388489209	0.875197116467673
0.9982014388489209	0.8753943217665615
0.9982014388489209	0.8755916159567275
0.9982014388489209	0.8757889990982868
0.9982014388489209	0.8759864712514093
0.9982014388489209	0.8761840324763194
0.9982014388489209	0.8763816828332958
0.9982014388489209	0.8765794223826715
0.9982014388489209	0.8767772511848341
0.9982014388489209	0.8769751693002258
0.9982014388489209	0.8771731767893429
0.9982014388489209	0.8773712737127372
0.9982014388489209	0.8775694601310142
0.9982014388489209	0.877767736104835
0.9982014388489209	0.8779661016949153
0.9982014388489209	0.8781645569620253
0.9982014388489209	0.8783631019669907
0.9982014388489209	0.878561736770692
0.9982014388489209	0.8787604614340647
0.9982014388489209	0.8789592760180995
0.9982014388489209	0.8791581805838425
0.9982014388489209	0.8793571751923948
0.9982014388489209	0.8795562599049128
0.9982014388489209	0.8797554347826086
0.9982014388489209	0.8799546998867497
0.9982014388489209	0.8801540552786589
0.9982014388489209	0.8803535010197144
0.9982014388489209	0.8805530371713509
0.9982014388489209	0.8807526637950578
0.9982014388489209	0.8809523809523809
0.9982014388489209	0.8811521887049217
0.9982014388489209	0.8813520871143375
0.9982014388489209	0.8815520762423418
0.9982014388489209	0.8817521561507036
0.9982014388489209	0.8819523269012486
0.9982014388489209	0.8821525885558583
0.9982014388489209	0.8823529411764706
0.9982014388489209	0.8825533848250795
0.9982014388489209	0.8827539195637355
0.9982014388489209	0.8829545454545454
0.9982014388489209	0.8831552625596727
0.9982014388489209	0.883356070941337
0.9982014388489209	0.8835569706618148
0.9982014388489209	0.8837579617834395
0.9982014388489209	0.8839590443686007
0.9982014388489209	0.8841602184797451
0.9982014388489209	0.8843614841793763
0.9979445015416238	0.8843351548269581
0.9979445015416238	0.8845365520382601
0.9979445015416238	0.8847380410022779
0.9979445015416238	0.884939621781727
0.9979445015416238	0.8851412944393802
0.9979445015416238	0.885343059038067
0.9979445015416238	0.8855449156406748
0.9979445015416238	0.8857468643101483
0.9979445015416238	0.8859489051094891
0.9979445015416238	0.8861510381017568
0.9979445015416238	0.8863532633500685
0.9979445015416238	0.8865555809175987
0.9979445015416238	0.8867579908675799
0.9979445015416238	0.8869604932633022
0.9979445015416238	0.8871630881681133
0.9979445015416238	0.8873657756454192
0.9979445015416238	0.8875685557586838
0.9979445015416238	0.8877714285714285
0.9979445015416238	0.8879743941472337
0.9979445015416238	0.888177452549737
0.9979445015416238	0.888380603842635
0.9979445015416238	0.888583848089682
0.9979445015416238	0.888787185354691
0.9979445015416238	0.8889906157015335
0.9979445015416238	0.8891941391941391
0.9979445015416238	0.8893977558964965
0.9979445015416238	0.8896014658726523
0.9979445015416238	0.8898052691867124
0.9979445015416238	0.8900091659028414
0.9979445015416238	0.8902131560852624
0.9979445015416238	0.8904172397982577
0.9979445015416238	0.8906214171061683
0.9979445015416238	0.8908256880733945
0.9979445015416238	0.8910300527643955
0.9979445015416238	0.8912345112436898
0.9979445015416238	0.8914390635758549
0.9979445015416238	0.891643709825528
0.9979445015416238	0.8918484500574053
0.9979445015416238	0.8920532843362425
0.9979445015416238	0.892258212726855
0.9979445015416238	0.8924632352941176
0.9979445015416238	0.8926683521029648
0.9979445015416238	0.8928735632183908
0.9979445015416238	0.8930788687054495
0.9979445015416238	0.8932842686292548
0.9979445015416238	0.8934897630549804
0.9979445015416238	0.8936953520478601
0.9979445015416238	0.8939010356731876
0.9979445015416238	0.8941068139963168
0.9979445015416238	0.8943126870826618
0.9979445015416238	0.8945186549976969
0.9979445015416238	0.894724717806957
0.9979445015416238	0.8949308755760369
0.9979445015416238	0.8951371283705923
0.9979445015416238	0.8953434762563394
0.9979445015416238	0.8955499192990547
0.9979445015416238	0.8957564575645757
0.9979445015416238	0.8959630911188005
0.9979445015416238	0.8961698200276881
0.9979445015416238	0.8963766443572583
0.9979445015416238	0.8965835641735919
0.9979445015416238	0.8967905795428307
0.9979445015416238	0.8969976905311778
0.9976875642343268	0.896973896973897
0.9976875642343268	0.897181146025878
0.9976875642343268	0.8973884908712734
0.9976875642343268	0.8975959315765141
0.9976875642343268	0.8978034682080925
0.9976875642343268	0.8980111008325624
0.9976875642343268	0.8982188295165394
0.9976875642343268	0.8984266543267005
0.9976875642343268	0.8986345753297847
0.9976875642343268	0.8988425925925926
0.9976875642343268	0.8990507061819866
0.9976875642343268	0.8992589161648912
0.9976875642343268	0.8994672226082928
0.9976875642343268	0.8996756255792401
0.9976875642343268	0.8998841251448436
0.9976875642343268	0.9000927213722764
0.9976875642343268	0.9003014143287735
0.9976875642343268	0.9005102040816326
0.9976875642343268	0.9007190906982139
0.9976875642343268	0.9009280742459397
0.9976875642343268	0.9011371547922952
0.9976875642343268	0.9013463324048282
0.9976875642343268	0.9015556071511492
0.9976875642343268	0.9017649790989317
0.9976875642343268	0.9019744483159118
0.9976875642343268	0.9021840148698885
0.9976875642343268	0.9023936788287241
0.9976875642343268	0.902603440260344
0.9976875642343268	0.9028132992327366
0.9976875642343268	0.9030232558139535
0.9976875642343268	0.9032333100721098
0.9976875642343268	0.903443462075384
0.9976875642343268	0.9036537118920177
0.9976875642343268	0.9038640595903166
0.9974306269270298	0.9038416763678696
0.9974306269270298	0.904052165812762
0.9974306269270298	0.9042627533193571
0.9974306269270298	0.9044734389561976
0.9974306269270298	0.90468422279189
0.9974306269270298	0.9048951048951049
0.9974306269270298	0.9051060853345768
0.9974306269270298	0.9053171641791045
0.9974306269270298	0.9055283414975507
0.9974306269270298	0.9057396173588428
0.9974306269270298	0.905950991831972
0.9974306269270298	0.9061624649859944
0.9974306269270298	0.9063740368900304
0.9974306269270298	0.9065857076132648
0.9974306269270298	0.9067974772249474
0.9974306269270298	0.9070093457943925
0.9974306269270298	0.9072213133909792
0.9974306269270298	0.9074333800841514
0.9974306269270298	0.9076455459434183
0.9974306269270298	0.9078578110383536
0.9974306269270298	0.9080701754385965
0.9974306269270298	0.9082826392138512
0.9974306269270298	0.9084952024338872
0.9974306269270298	0.9087078651685393
0.9974306269270298	0.9089206274877077
0.9974306269270298	0.9091334894613583
0.9974306269270298	0.9093464511595222
0.9974306269270298	0.9095595126522962
0.9974306269270298	0.909772674009843
0.9974306269270298	0.909985935302391
0.9974306269270298	0.9101992966002345
0.9974306269270298	0.9104127579737336
0.9974306269270298	0.9106263194933145
0.9974306269270298	0.9108399812294697
0.9974306269270298	0.9110537432527576
0.9974306269270298	0.9112676056338028
0.9974306269270298	0.9114815684432965
0.9974306269270298	0.9116956317519962
0.9974306269270298	0.9119097956307258
0.9974306269270298	0.912124060150376
0.9974306269270298	0.9123384253819037
0.9974306269270298	0.9125528913963329
0.9974306269270298	0.9127674582647543
0.9974306269270298	0.9129821260583255
0.9974306269270298	0.913196894848271
0.9974306269270298	0.9134117647058824
0.9974306269270298	0.9136267357025183
0.9974306269270298	0.9138418079096046
0.9974306269270298	0.9140569813986343
0.9974306269270298	0.9142722562411681
0.9974306269270298	0.9144876325088339
0.9974306269270298	0.9147031102733271
0.9974306269270298	0.9149186896064105
0.9974306269270298	0.9151343705799151
0.9974306269270298	0.9153501532657392
0.9974306269270298	0.9155660377358491
0.9974306269270298	0.9157820240622788
0.9974306269270298	0.9159981123171307
0.9974306269270298	0.916214302572575
0.9974306269270298	0.9164305949008499
0.9974306269270298	0.9166469893742621
0.9974306269270298	0.9168634860651866
0.9974306269270298	0.9170800850460666
0.9974306269270298	0.917296786389414
0.9974306269270298	0.917513590167809
0.9974306269270298	0.9177304964539007
0.9974306269270298	0.9179475053204067
0.9974306269270298	0.9181646168401135
0.9974306269270298	0.9183818310858765
0.9974306269270298	0.9185991481306199
0.9974306269270298	0.9188165680473372
0.9974306269270298	0.9190340909090909
0.9974306269270298	0.9192517167890125
0.9974306269270298	0.9194694457603032
0.9974306269270298	0.9196872778962332
0.9974306269270298	0.9199052132701422
0.9974306269270298	0.9201232519554396
0.9974306269270298	0.9203413940256046
0.9974306269270298	0.9205596395541854
0.9974306269270298	0.9207779886148008
0.9974306269270298	0.9209964412811388
0.9974306269270298	0.9212149976269578
0.9974306269270298	0.9214336577260859
0.9974306269270298	0.9216524216524217
0.9974306269270298	0.9218712894799335
0.9974306269270298	0.9220902612826604
0.9974306269270298	0.9223093371347113
0.9974306269270298	0.9225285171102662
0.9974306269270298	0.922747801283575
0.9974306269270298	0.9229671897289586
0.9974306269270298	0.9231866825208086
0.9974306269270298	0.923406279733587
0.9974306269270298	0.9236259814418273
0.9974306269270298	0.9238457877201333
0.9974306269270298	0.9240656986431802
0.9974306269270298	0.9242857142857143
0.9974306269270298	0.924505834722553
0.9974306269270298	0.924726060028585
0.9974306269270298	0.9249463902787706
0.9974306269270298	0.9251668255481411
0.9974306269270298	0.9253873659117997
0.9974306269270298	0.9256080114449213
0.9974306269270298	0.9258287622227522
0.9974306269270298	0.9260496183206107
0.9974306269270298	0.9262705798138869
0.9974306269270298	0.926491646778043
0.9974306269270298	0.926712819288613
0.9974306269270298	0.9269340974212035
0.9974306269270298	0.9271554812514927
0.9974306269270298	0.9273769708552317
0.9974306269270298	0.9275985663082438
0.9974306269270298	0.9278202676864244
0.9974306269270298	0.9280420750657423
0.9974306269270298	0.9282639885222381
0.9974306269270298	0.9284860081320259
0.9974306269270298	0.9287081339712918
0.9974306269270298	0.9289303661162958
0.9974306269270298	0.9291527046433701
0.9974306269270298	0.9293751496289203
0.9974306269270298	0.9295977011494253
0.9974306269270298	0.9298203592814371
0.9974306269270298	0.9300431241015812
0.9974306269270298	0.9302659956865564
0.9974306269270298	0.9304889741131351
0.9974306269270298	0.9307120594581635
0.9974306269270298	0.9309352517985612
0.9974306269270298	0.9311585512113216
0.9971736896197327	0.9311420345489443
0.9971736896197327	0.9313654907607392
0.9971736896197327	0.9315890542486798
0.9971736896197327	0.931812725090036
0.9971736896197327	0.9320365033621518
0.9971736896197327	0.9322603891424454
0.9969167523124358	0.9322441134070159
0.9969167523124358	0.9324681566931026
0.9969167523124358	0.9326923076923077
0.9969167523124358	0.9329165664823275
0.9969167523124358	0.9331409331409332
0.9969167523124358	0.9333654077459707
0.9969167523124358	0.933589990375361
0.9969167523124358	0.9338146811070999
0.9969167523124358	0.9340394800192585
0.9969167523124358	0.9342643871899832
0.9969167523124358	0.9344894026974951
0.9969167523124358	0.9347145266200916
0.9969167523124358	0.9349397590361446
0.9969167523124358	0.9351651000241022
0.9969167523124358	0.9353905496624879
0.9969167523124358	0.9356161080299011
0.9969167523124358	0.9358417752050169
0.9969167523124358	0.9360675512665863
0.9969167523124358	0.9362934362934363
0.9969167523124358	0.9365194303644702
0.9969167523124358	0.9367455335586673
0.9969167523124358	0.9369717459550834
0.9969167523124358	0.9371980676328503
0.9969167523124358	0.9374244986711766
0.9969167523124358	0.9376510391493476
0.9969167523124358	0.9378776891467246
0.9969167523124358	0.9381044487427466
0.9969167523124358	0.9383313180169287
0.9969167523124358	0.9385582970488631
0.9969167523124358	0.9387853859182193
0.9969167523124358	0.9390125847047435
0.9969167523124358	0.9392398934882595
0.9969167523124358	0.9394673123486683
0.9969167523124358	0.9396948413659482
0.9969167523124358	0.939922480620155
0.9969167523124358	0.9401502301914223
0.9966598150051388	0.9401357246728066
0.9966598150051388	0.9403636363636364
0.9966598150051388	0.9405916585838991
0.9966598150051388	0.940819791414019
0.9966598150051388	0.9410480349344978
0.9966598150051388	0.941276389225916
0.9966598150051388	0.941504854368932
0.9966598150051388	0.9417334304442826
0.9966598150051388	0.9419621175327829
0.9966598150051388	0.9421909157153266
0.9966598150051388	0.9424198250728864
0.9966598150051388	0.9426488456865127
0.9966598150051388	0.9428779776373359
0.9966598150051388	0.9431072210065645
0.9966598150051388	0.9433365758754864
0.9966598150051388	0.9435660423254683
0.9966598150051388	0.9437956204379562
0.9966598150051388	0.9440253102944756
0.9966598150051388	0.9442551119766309
0.9966598150051388	0.9444850255661067
0.9966598150051388	0.9447150511446664
0.9966598150051388	0.9449451887941535
0.9966598150051388	0.9451754385964912
0.9966598150051388	0.9454058006336826
0.9966598150051388	0.9456362749878108
0.9966598150051388	0.9458668617410387
0.9966598150051388	0.9460975609756097
0.9966598150051388	0.9463283727738473
0.9964028776978417	0.9463152757442655
0.9964028776978417	0.9465462533561142
0.9964028776978417	0.94677734375
0.9964028776978417	0.947008547008547
0.9964028776978417	0.9472398632144602
0.9964028776978417	0.9474712924505253
0.9961459403905447	0.9474584555229717
0.9961459403905447	0.9476900513321926
0.9961459403905447	0.947921760391198
0.9958890030832477	0.9479090242112986
0.9958890030832477	0.9481409001956947
0.9958890030832477	0.9483728896501101
0.9958890030832477	0.9486049926578561
0.9958890030832477	0.9488372093023256
0.9958890030832477	0.9490695396669931
0.9956320657759506	0.9490570658829293
0.9956320657759506	0.9492895639392455
0.9956320657759506	0.9495221759372703
0.9956320657759506	0.9497549019607843
0.9956320657759506	0.9499877420936504
0.9956320657759506	0.9502206964198137
0.9956320657759506	0.9504537650233015
0.9956320657759506	0.9506869479882237
0.9956320657759506	0.950920245398773
0.9956320657759506	0.9511536573392243
0.9956320657759506	0.9513871838939357
0.9956320657759506	0.9516208251473477
0.9956320657759506	0.9518545811839842
0.9956320657759506	0.952088452088452
0.9956320657759506	0.9523224379454411
0.9956320657759506	0.9525565388397247
0.9956320657759506	0.9527907548561594
0.9956320657759506	0.9530250860796852
0.9956320657759506	0.9532595325953259
0.9956320657759506	0.953494094488189
0.9956320657759506	0.9537287718434654
0.9956320657759506	0.9539635647464303
0.9956320657759506	0.9541984732824428
0.9956320657759506	0.9544334975369458
0.9956320657759506	0.9546686375954668
0.9953751284686536	0.9546574667323805
0.9951181911613566	0.9546462903623367
0.9951181911613566	0.9548816568047337
0.9951181911613566	0.9551171393341553
0.9951181911613566	0.9553527380365071
0.9948612538540597	0.9553417221811005
0.9948612538540597	0.9555774925962488
0.9948612538540597	0.9558133794124908
0.9948612538540597	0.9560493827160493
0.9948612538540597	0.9562855025932329
0.9948612538540597	0.9565217391304348
0.9948612538540597	0.9567580924141339
0.9948612538540597	0.9569945625308948
0.9948612538540597	0.9572311495673671
0.9948612538540597	0.9574678536102869
0.9948612538540597	0.9577046747464754
0.9948612538540597	0.9579416130628402
0.9946043165467626	0.9579312051472407
0.9946043165467626	0.9581683168316831
0.9946043165467626	0.9584055459272097
0.9946043165467626	0.9586428925210501
0.9946043165467626	0.9588803567005202
0.9946043165467626	0.9591179385530227
0.9946043165467626	0.9593556381660471
0.9946043165467626	0.959593455627169
0.9946043165467626	0.9598313910240516
0.9946043165467626	0.9600694444444444
0.9946043165467626	0.9603076159761845
0.9946043165467626	0.960545905707196
0.9946043165467626	0.9607843137254902
0.9946043165467626	0.9610228401191658
0.9946043165467626	0.9612614849764093
0.9946043165467626	0.9615002483854943
0.9946043165467626	0.9617391304347827
0.9946043165467626	0.9619781312127237
0.9946043165467626	0.9622172508078548
0.9946043165467626	0.9624564893088016
0.9946043165467626	0.9626958468042776
0.9946043165467626	0.9629353233830846
0.9946043165467626	0.963174919134113
0.9946043165467626	0.9634146341463414
0.9946043165467626	0.9636544685088374
0.9946043165467626	0.963894422310757
0.9946043165467626	0.9641344956413449
0.9946043165467626	0.9643746885899352
0.9946043165467626	0.9646150012459507
0.9946043165467626	0.9648554336989033
0.9946043165467626	0.9650959860383944
0.9946043165467626	0.9653366583541148
0.9946043165467626	0.9655774507358443
0.9946043165467626	0.965818363273453
0.9946043165467626	0.9660593960569004
0.9946043165467626	0.9663005491762356
0.9946043165467626	0.966541822721598
0.9946043165467626	0.9667832167832168
0.9946043165467626	0.9670247314514114
0.9946043165467626	0.9672663668165917
0.9946043165467626	0.9675081229692577
0.9946043165467626	0.96775
0.9946043165467626	0.9679919979994999
0.9946043165467626	0.9682341170585292
0.9946043165467626	0.968476357267951
0.9946043165467626	0.9687187187187187
0.9946043165467626	0.9689612015018774
0.9946043165467626	0.9692038057085628
0.9946043165467626	0.9694465314300025
0.9943473792394656	0.9694388777555111
0.9943473792394656	0.9696817840140316
0.9943473792394656	0.9699248120300752
0.9943473792394656	0.9701679618952118
0.9943473792394656	0.9704112337011033
0.9943473792394656	0.9706546275395034
0.9943473792394656	0.9708981435022579
0.9943473792394656	0.9711417816813049
0.9943473792394656	0.9713855421686747
0.9943473792394656	0.9716294250564901
0.9943473792394656	0.9718734304369664
0.9943473792394656	0.9721175584024114
0.9943473792394656	0.9723618090452262
0.9943473792394656	0.972606182457904
0.9943473792394656	0.9728506787330317
0.9943473792394656	0.9730952979632889
0.9943473792394656	0.9733400402414487
0.9943473792394656	0.9735849056603774
0.9940904419321686	0.9735782586814293
0.9940904419321686	0.97382330732444
0.9938335046248715	0.973816717019134
0.9938335046248715	0.9740619491312013
0.9938335046248715	0.9743073047858942
0.9938335046248715	0.9745527840765936
0.9935765673175745	0.9745463709677419
0.9935765673175745	0.9747920342828333
0.9935765673175745	0.9750378214826021
0.9935765673175745	0.9752837326607818
0.9935765673175745	0.9755297679112008
0.9935765673175745	0.975775927327782
0.9935765673175745	0.9760222110045431
0.9935765673175745	0.976268619035597
0.9935765673175745	0.9765151515151516
0.9935765673175745	0.9767618085375095
0.9935765673175745	0.9770085901970692
0.9935765673175745	0.9772554965883244
0.9935765673175745	0.9775025278058646
0.9933196300102775	0.9774968394437421
0.9933196300102775	0.9777440566514921
0.9933196300102775	0.9779913989375159
0.9933196300102775	0.9782388663967612
0.9933196300102775	0.9784864591242723
0.9933196300102775	0.9787341772151898
0.9930626927029804	0.9787287920992657
0.9930626927029804	0.9789766970618035
0.9930626927029804	0.9792247276412465
0.9930626927029804	0.9794728839330968
0.9928057553956835	0.979467680608365
0.9928057553956835	0.9797160243407708
0.9925488180883865	0.9797108800405783
0.9925488180883865	0.9799594114662608
0.9925488180883865	0.9802080690180157
0.9922918807810894	0.9802030456852792
0.9922918807810894	0.9804518913429805
0.9922918807810894	0.9807008633824277
0.9922918807810894	0.9809499618999238
0.9922918807810894	0.9811991869918699
0.9920349434737924	0.9811944091486658
0.9920349434737924	0.9814438230808338
0.9920349434737924	0.9816933638443935
0.9920349434737924	0.981943031536114
0.9920349434737924	0.9821928262528619
0.9920349434737924	0.982442748091603
0.9920349434737924	0.9826927971494018
0.9920349434737924	0.9829429735234216
0.9917780061664954	0.9829386299974535
0.9917780061664954	0.9831889964340296
0.9917780061664954	0.9834394904458599
0.9917780061664954	0.9836901121304791
0.9917780061664954	0.9839408615855213
0.9917780061664954	0.98419173890872
0.9917780061664954	0.9844427441979087
0.9917780061664954	0.9846938775510204
0.9915210688591983	0.9846899719316152
0.9915210688591983	0.9849412965798877
0.9915210688591983	0.9851927495532296
0.9912641315519013	0.9851889683350358
0.9910071942446043	0.9851851851851852
0.9910071942446043	0.9854368932038835
0.9910071942446043	0.9856887298747764
0.9910071942446043	0.9859406952965235
0.9907502569373073	0.9859371004858093
0.9907502569373073	0.9861892583120204
0.9907502569373073	0.9864415451522128
0.9904933196300103	0.9864380757420675
0.9904933196300103	0.9866905554133606
0.9904933196300103	0.9869431643625192
0.9904933196300103	0.9871959026888605
0.9904933196300103	0.9874487704918032
0.9904933196300103	0.9877017678708686
0.9902363823227133	0.9876986160943106
0.9902363823227133	0.9879518072289156
0.9902363823227133	0.9882051282051282
0.9902363823227133	0.9884585791228521
0.9899794450154162	0.9884556182657773
0.9897225077081192	0.9884526558891455
0.9897225077081192	0.9887063655030801
0.9897225077081192	0.9889602053915276
0.9897225077081192	0.9892141756548536
0.9897225077081192	0.9894682763935269
0.9897225077081192	0.9897225077081192
0.9894655704008222	0.9897198663582627
0.9892086330935251	0.9897172236503856
0.9889516957862282	0.9897145795834404
0.9886947584789312	0.9897119341563786
0.9884378211716341	0.9897092873681502
0.9884378211716341	0.9899639732372619
0.9884378211716341	0.9902187902187902
0.9881808838643371	0.990216271884655
0.9879239465570401	0.9902137522534123
0.987667009249743	0.9902112313240597
0.987410071942446	0.9902087090955939
0.987153134635149	0.9902061855670103
0.987153134635149	0.9904614591389533
0.986896197327852	0.9904589994842703
0.986639260020555	0.9904565385607429
0.986382322713258	0.990454076367389
0.986382322713258	0.9907096774193548
0.986125385405961	0.9907072792978833
0.9858684480986639	0.9907048799380326
0.9858684480986639	0.9909607438016529
0.9856115107913669	0.9909584086799277
0.9853545734840699	0.9909560723514211
0.9850976361767728	0.9909537348151978
0.9850976361767728	0.9912099276111686
0.9850976361767728	0.991466252909232
0.9848406988694759	0.9914640455250905
0.9845837615621789	0.9914618369987064
0.9845837615621789	0.9917184265010351
0.9843268242548818	0.9917162826818535
0.9840698869475848	0.9917141377524599
0.9838129496402878	0.9917119917119918
0.9835560123329907	0.9917098445595854
0.9832990750256937	0.9917076962943768
0.9830421377183967	0.9917055469155003
0.9827852004110997	0.9917033964220897
0.9825282631038027	0.991701244813278
0.9822713257965057	0.9916990920881972
0.9822713257965057	0.9919564089257914
0.9820143884892086	0.9919543213080716
0.9817574511819116	0.9919522326064382
0.9815005138746146	0.9919501428200468
0.9812435765673175	0.9919480519480519
0.9809866392600206	0.9919459599896077
0.9809866392600206	0.9922037422037422
0.9807297019527236	0.992201715622563
0.9804727646454265	0.9921996879875195
0.9802158273381295	0.9921976592977894
0.9799588900308325	0.9921956295525495
0.9797019527235354	0.9921935987509758
0.9797019527235354	0.9924518479958355
0.9794450154162384	0.9924498828430096
0.9791880781089414	0.9924479166666667
0.9791880781089414	0.992706433967179
0.9791880781089414	0.9929650859822824
0.9789311408016445	0.9929632525410477
0.9786742034943474	0.9929614181438999
0.9784172661870504	0.9929595827900912
0.9784172661870504	0.9932185706833594
0.9781603288797533	0.9932168014609966
0.9779033915724563	0.9932150313152401
0.9776464542651593	0.9932132602453667
0.9773895169578622	0.9932114882506528
0.9771325796505652	0.9932097153303735
0.9768756423432683	0.9932079414838035
0.9768756423432683	0.9934674679905932
0.9766187050359713	0.9934657605854679
0.9763617677286742	0.9934640522875817
0.9761048304213772	0.9934623430962343
0.9758478931140802	0.9934606330107245
0.9755909558067831	0.9934589220303506
0.9753340184994861	0.9934572101544098
0.975077081192189	0.993455497382199
0.9748201438848921	0.9934537837130138
0.9745632065775951	0.9934520691461498
0.9743062692702981	0.9934503536809012
0.974049331963001	0.9934486373165619
0.974049331963001	0.9937090432503276
0.973792394655704	0.9937073938122706
0.973535457348407	0.993705743509048
0.9732785200411099	0.993704092339979
0.9732785200411099	0.9939648386250328
0.9732785200411099	0.9942257217847769
0.9730215827338129	0.9942242058283014
0.972764645426516	0.9942226890756303
0.9725077081192189	0.9942211715261361
0.9722507708119219	0.9942196531791907
0.9719938335046249	0.9942181340341656
0.9717368961973278	0.9942166140904312
0.9714799588900308	0.9942150933473574
0.9712230215827338	0.9942135718043135
0.9709660842754368	0.9942120494606682
0.9707091469681398	0.9942105263157894
0.9704522096608428	0.9942090023690445
0.9701952723535457	0.9942074776197999
0.9699383350462487	0.9942059520674217
0.9696813977389517	0.994204425711275
0.9694244604316546	0.9942028985507246
0.9691675231243576	0.9942013705851345
0.9689105858170607	0.9941998418138677
0.9686536485097637	0.994198312236287
0.9686536485097637	0.9944605644948562
0.9683967112024666	0.9944591029023747
0.9681397738951696	0.9944576405384006
0.9678828365878726	0.9944561774023232
0.9676258992805755	0.9944547134935305
0.9673689619732785	0.9944532488114105
0.9671120246659815	0.9944517833553501
0.9668550873586845	0.9944503171247357
0.9665981500513875	0.9944488501189532
0.9663412127440905	0.9944473823373876
0.9660842754367934	0.9944459137794235
0.9658273381294964	0.9944444444444445
0.9655704008221994	0.9944429743318338
0.9653134635149023	0.994441503440974
0.9650565262076053	0.9944400317712471
0.9647995889003084	0.9944385593220338
0.9645426515930113	0.9944370860927152
0.9642857142857143	0.994435612082671
0.9640287769784173	0.9944341372912802
0.9637718396711202	0.9944326617179216
0.9635149023638232	0.994431185361973
0.9632579650565262	0.9944297082228116
0.9630010277492291	0.9944282302998143
0.9627440904419322	0.9944267515923567
0.9624871531346352	0.9944252720998141
0.9622302158273381	0.9944237918215614
0.9619732785200411	0.9944223107569721
0.9617163412127441	0.9944208289054197
0.961459403905447	0.9944193462662769
0.96120246659815	0.9944178628389154
0.9609455292908531	0.9944163786227067
0.960688591983556	0.9944148936170213
0.960431654676259	0.994413407821229
0.960174717368962	0.9944119212346993
0.959917780061665	0.9944104338568006
0.9596608427543679	0.994408945686901
0.9594039054470709	0.9944074567243675
0.9591469681397738	0.9944059669685669
0.9588900308324769	0.9944044764188649
0.9586330935251799	0.9944029850746269
0.9583761562178829	0.9944014929352173
0.9581192189105858	0.9944
0.9578622816032888	0.9943985062683383
0.9576053442959918	0.9943970117395945
0.9573484069886947	0.9943955164131305
0.9570914696813977	0.9943940202883075
0.9568345323741008	0.994392523364486
0.9565775950668037	0.9943910256410257
0.9563206577595067	0.9943895271172856
0.9563206577595067	0.994655264564404
0.9560637204522097	0.9946538358727612
0.9558067831449126	0.9946524064171123
0.9555498458376156	0.9946509761968441
0.9552929085303186	0.994649545211343
0.9550359712230215	0.9946481134599946
0.9547790339157246	0.9946466809421841
0.9545220966084276	0.9946452476572959
0.9542651593011305	0.9946438136047134
0.9540082219938335	0.99464237878382
0.9537512846865365	0.9946409431939979
0.9537512846865365	0.9949075314928973
0.9534943473792394	0.9949061662198392
0.9532374100719424	0.9949048002145348
0.9529804727646455	0.9949034334763949
0.9527235354573484	0.9949020660048297
0.9527235354573484	0.9951690821256038
0.9524665981500514	0.9951677852348993
0.9524665981500514	0.9954350161117078
0.9522096608427544	0.9954337899543378
0.9519527235354573	0.9954325631380978
0.9516957862281603	0.9954313356624563
0.9514388489208633	0.9954301075268818
0.9511819116135662	0.9954288787308416
0.9509249743062693	0.9954276492738031
0.9506680369989723	0.9954264191552327
0.9504110996916753	0.9954251883745964
0.9501541623843782	0.9954239569313593
0.9498972250770812	0.9954227248249865
0.9496402877697842	0.9954214920549421
0.9493833504624871	0.9954202586206896
0.9491264131551901	0.9954190245216923
0.9488694758478932	0.9954177897574124
0.9486125385405961	0.9954165543273119
0.9483556012332991	0.9954153182308522
0.9480986639260021	0.9954140814674939
0.947841726618705	0.9954128440366973
0.947584789311408	0.9954116059379218
0.947327852004111	0.9954103671706264
0.9470709146968139	0.9954091277342695
0.946813977389517	0.995407887628309
0.94655704008222	0.9954066468522021
0.94655704008222	0.9956756756756757
0.9463001027749229	0.9956745066234117
0.9460431654676259	0.9956733369388859
0.9457862281603289	0.9956721666215851
0.9455292908530318	0.9956709956709957
0.9452723535457348	0.9956698240866035
0.9452723535457348	0.9959393611261506
0.9450154162384378	0.9959382615759546
0.9447584789311408	0.9959371614301191
0.9447584789311408	0.9962069899756164
0.9445015416238438	0.9962059620596206
0.9442446043165468	0.9962049335863378
0.9439876670092497	0.9962039045553145
0.9437307297019527	0.996202874966097
0.9434737923946557	0.9962018448182312
0.9432168550873586	0.9962008141112618
0.9429599177800617	0.996199782844734
0.9429599177800617	0.9964702688026066
0.9427029804727647	0.996469310157523
0.9424460431654677	0.9964683509915784
0.9421891058581706	0.9964673913043478
0.9419321685508736	0.9964664310954063
0.9416752312435765	0.9964654703643284
0.9414182939362795	0.9964645091106881
0.9411613566289825	0.9964635473340587
0.9409044193216856	0.9964625850340136
0.9406474820143885	0.9964616222101252
0.9403905447070915	0.9964606588619657
0.9401336073997945	0.9964596949891068
0.9398766700924974	0.9964587305911196
0.9396197327852004	0.9964577656675749
0.9393627954779034	0.9964568002180431
0.9391058581706063	0.9964558342420938
0.9388489208633094	0.9964548677392965
0.9385919835560124	0.9964539007092199
0.9383350462487153	0.9964529331514325
0.9380781089414183	0.9964519650655022
0.9378211716341213	0.9964509964509964
0.9375642343268242	0.9964500273074822
0.9373072970195272	0.9964490576345261
0.9370503597122302	0.996448087431694
0.9367934224049332	0.9964471166985516
0.9365364850976362	0.9964461454346637
0.9365364850976362	0.9967186218211649
0.9362795477903392	0.9967177242888403
0.9360226104830421	0.9967168262653898
0.9357656731757451	0.9967159277504105
0.9355087358684481	0.9967150287434985
0.935251798561151	0.9967141292442497
0.9349948612538541	0.9967132292522597
0.9347379239465571	0.9967123287671232
0.93448098663926	0.9967114277884351
0.934224049331963	0.9967105263157895
0.933967112024666	0.9967096243487799
0.933710174717369	0.9967087218869994
0.9334532374100719	0.9967078189300411
0.9331963001027749	0.9967069154774972
0.932939362795478	0.9967060115289597
0.9326824254881809	0.9967051070840197
0.9324254881808839	0.9967042021422686
0.9321685508735869	0.9967032967032967
0.9319116135662898	0.9967023907666942
0.9316546762589928	0.9967014843320505
0.9313977389516958	0.9967005773989552
0.9311408016443987	0.9966996699669967
0.9308838643371018	0.9966987620357635
0.9306269270298048	0.9966978536048432
0.9303699897225077	0.9966969446738233
0.9301130524152107	0.9966960352422908
0.9298561151079137	0.996695125309832
0.9295991778006166	0.996694214876033
0.9293422404933196	0.9966933039404795
0.9290853031860226	0.9966923925027563
0.9288283658787256	0.9966914805624483
0.9285714285714286	0.9966905681191396
0.9283144912641316	0.9966896551724138
0.9280575539568345	0.9966887417218543
0.9278006166495375	0.9966878277670439
0.9275436793422405	0.9966869133075649
0.9272867420349434	0.9966859983429992
0.9270298047276464	0.9966850828729282
0.9270298047276464	0.9969604863221885
0.9267728674203495	0.9969596462133775
0.9265159301130524	0.9969588056400331
0.9262589928057554	0.9969579646017699
0.9260020554984584	0.996957123098202
0.9257451181911613	0.996956281128943
0.9257451181911613	0.9972322169941876
0.9254881808838643	0.9972314507198228
0.9252312435765673	0.9972306840210468
0.9249743062692704	0.997229916897507
0.9247173689619733	0.9972291493488501
0.9244604316546763	0.9972283813747228
0.9242034943473793	0.9972276129747712
0.9239465570400822	0.9972268441486412
0.9236896197327852	0.9972260748959778
0.9234326824254881	0.9972253052164262
0.9231757451181911	0.9972245351096308
0.9229188078108942	0.997223764575236
0.9226618705035972	0.9972229936128854
0.9224049331963001	0.9972222222222222
0.9221479958890031	0.9972214504028897
0.9218910585817061	0.9972206781545303
0.921634121274409	0.9972199054767862
0.921377183967112	0.9972191323692993
0.921120246659815	0.9972183588317107
0.920863309352518	0.9972175848636616
0.920606372045221	0.9972168104647926
0.920349434737924	0.9972160356347439
0.9200924974306269	0.9972152603731551
0.9198355601233299	0.9972144846796658
0.9195786228160329	0.9972137085539148
0.9193216855087358	0.9972129319955407
0.9190647482014388	0.9972121550041818
0.9188078108941419	0.9972113775794758
0.9185508735868448	0.99721059972106
0.9182939362795478	0.9972098214285714
0.9180369989722508	0.9972090427016467
0.9177800616649537	0.9972082635399219
0.9175231243576567	0.9972074839430327
0.9172661870503597	0.9972067039106145
0.9170092497430626	0.9972059234423023
0.9167523124357657	0.9972051425377306
0.9164953751284687	0.9972043611965334
0.9162384378211716	0.9972035794183445
0.9159815005138746	0.9972027972027973
0.9157245632065776	0.9972020145495244
0.9154676258992805	0.9972012314581584
0.9152106885919835	0.9972004479283315
0.9149537512846866	0.9971996639596752
0.9146968139773896	0.9971988795518207
0.9144398766700925	0.997198094704399
0.9141829393627955	0.9971973094170403
0.9139260020554985	0.9971965236893748
0.9136690647482014	0.997195737521032
0.9134121274409044	0.9971949509116409
0.9131551901336074	0.9971941638608305
0.9128982528263104	0.997193376368229
0.9126413155190134	0.9971925884334644
0.9123843782117164	0.997191800056164
0.9121274409044193	0.9971910112359551
0.9118705035971223	0.9971902219724642
0.9116135662898253	0.9971894322653176
0.9113566289825282	0.9971886421141412
0.9110996916752312	0.9971878515185602
0.9108427543679343	0.9971870604781997
0.9105858170606372	0.9971862689926843
0.9103288797533402	0.9971854770616381
0.9100719424460432	0.9971846846846847
0.9098150051387461	0.9971838918614475
0.9095580678314491	0.9971830985915493
0.9093011305241521	0.9971823048746126
0.909044193216855	0.9971815107102593
0.9087872559095581	0.9971807160981111
0.9085303186022611	0.9971799210377891
0.908273381294964	0.997179125528914
0.908016443987667	0.9971783295711061
0.90775950668037	0.9971775331639853
0.9075025693730729	0.9971767363071711
0.9072456320657759	0.9971759390002825
0.906988694758479	0.9971751412429378
0.906731757451182	0.9971743430347556
0.9064748201438849	0.9971735443753533
0.9062178828365879	0.9971727452643483
0.9059609455292909	0.9971719457013575
0.9057040082219938	0.9971711456859972
0.9054470709146968	0.9971703452178834
0.9051901336073997	0.9971695442966317
0.9049331963001028	0.9971687429218573
0.9046762589928058	0.9971679410931747
0.9044193216855088	0.9971671388101983
0.9041623843782117	0.9971663360725418
0.9039054470709147	0.9971655328798186
0.9036485097636177	0.9971647292316416
0.9033915724563206	0.9971639251276234
0.9031346351490236	0.9971631205673759
0.9028776978417267	0.9971623155505108
0.9026207605344296	0.9971615100766392
0.9023638232271326	0.997160704145372
0.9021068859198356	0.9971598977563192
0.9018499486125385	0.9971590909090909
0.9015930113052415	0.9971582836032964
0.9013360739979445	0.9971574758385446
0.9010791366906474	0.9971566676144441
0.9008221993833505	0.997155858930603
0.9005652620760535	0.9971550497866287
0.9003083247687564	0.9971542401821286
0.9000513874614594	0.9971534301167093
0.8997944501541624	0.9971526195899773
0.8995375128468653	0.9971518086015381
0.8992805755395683	0.9971509971509972
0.8990236382322713	0.9971501852379595
0.8987667009249743	0.9971493728620296
0.8985097636176773	0.9971485600228115
0.8982528263103803	0.9971477467199087
0.8979958890030832	0.9971469329529244
0.8977389516957862	0.9971461187214612
0.8974820143884892	0.9971453040251214
0.8972250770811921	0.9971444888635066
0.8969681397738952	0.9971436732362182
0.8967112024665982	0.9971428571428571
0.8964542651593012	0.9971420405830237
0.8961973278520041	0.9971412235563178
0.8959403905447071	0.9971404060623391
0.89568345323741	0.9971395881006865
0.895426515930113	0.9971387696709585
0.895169578622816	0.9971379507727532
0.8949126413155191	0.9971371314056685
0.894655704008222	0.9971363115693013
0.894398766700925	0.9971354912632484
0.894141829393628	0.997134670487106
0.894141829393628	0.9974204643164231
0.8938848920863309	0.9974197247706422
0.8936279547790339	0.9974189848006882
0.8933710174717369	0.9974182444061962
0.8931140801644398	0.9974175035868006
0.8928571428571429	0.9974167623421355
0.8926002055498459	0.9974160206718347
0.8923432682425488	0.9974152785755313
0.8920863309352518	0.9974145360528583
0.8918293936279548	0.9974137931034482
0.8915724563206577	0.997413049726933
0.8913155190133607	0.9974123059229443
0.8910585817060637	0.997411561691113
0.8908016443987667	0.9974108170310702
0.8905447070914697	0.997410071942446
0.8902877697841727	0.9974093264248705
0.8900308324768756	0.997408580477973
0.8897738951695786	0.9974078341013825
0.8895169578622816	0.9974070872947277
0.8892600205549845	0.9974063400576368
0.8890030832476875	0.9974055923897377
0.8887461459403906	0.9974048442906575
0.8884892086330936	0.9974040957600231
0.8882322713257965	0.997403346797461
0.8879753340184995	0.9974025974025974
0.8877183967112025	0.9974018475750578
0.8874614594039054	0.9974010973144672
0.8872045220966084	0.9974003466204506
0.8869475847893115	0.9973995954926322
0.8866906474820144	0.9973988439306358
0.8864337101747174	0.997398091934085
0.8861767728674204	0.9973973395026027
0.8859198355601233	0.9973965866358114
0.8856628982528263	0.9973958333333334
0.8856628982528263	0.997684515195369
0.8854059609455293	0.9976838448176027
0.8851490236382322	0.9976831740515494
0.8848920863309353	0.9976825028968713
0.8846351490236383	0.997681831353231
0.8843782117163412	0.9976811594202899
0.8841212744090442	0.9976804870977095
0.8838643371017472	0.9976798143851509
0.8836073997944501	0.9976791412822744
0.8833504624871531	0.9976784677887406
0.8830935251798561	0.997677793904209
0.8828365878725591	0.9976771196283392
0.8825796505652621	0.99767644496079
0.8823227132579651	0.9976757699012202
0.882065775950668	0.997675094449288
0.881808838643371	0.9976744186046511
0.881551901336074	0.9976737423669672
0.8812949640287769	0.997673065735893
0.8810380267214799	0.9976723887110852
0.880781089414183	0.9976717112922002
0.880524152106886	0.9976710334788937
0.8802672147995889	0.9976703552708212
0.8800102774922919	0.9976696766676376
0.8797533401849948	0.9976689976689976
0.8794964028776978	0.9976683182745555
0.8792394655704008	0.997667638483965
0.8789825282631039	0.9976669582968796
0.8787255909558068	0.9976662777129521
0.8784686536485098	0.9976655967318354
0.8782117163412128	0.9976649153531816
0.8779547790339157	0.9976642335766424
0.8776978417266187	0.9976635514018691
0.8774409044193217	0.997662868828513
0.8771839671120246	0.9976621858562245
0.8769270298047277	0.9976615024846536
0.8766700924974307	0.9976608187134502
0.8764131551901336	0.9976601345422638
0.8761562178828366	0.9976594499707431
0.8758992805755396	0.9976587649985367
0.8756423432682425	0.9976580796252927
0.8753854059609455	0.9976573938506589
0.8751284686536485	0.9976567076742824
0.8748715313463515	0.9976560210958101
0.8746145940390545	0.9976553341148886
0.8743576567317575	0.9976546467311639
0.8741007194244604	0.9976539589442815
0.8738437821171634	0.9976532707538868
0.8735868448098664	0.9976525821596244
0.8733299075025693	0.9976518931611388
0.8730729701952723	0.997651203758074
0.8728160328879754	0.9976505139500734
0.8725590955806783	0.9976498237367802
0.8723021582733813	0.9976491331178372
0.8720452209660843	0.9976484420928865
0.8717882836587872	0.9976477506615701
0.8715313463514902	0.9976470588235294
0.8712744090441932	0.9976463665784054
0.8710174717368961	0.9976456739258387
0.8707605344295992	0.9976449808654695
0.8705035971223022	0.9976442873969376
0.8702466598150052	0.9976435935198822
0.8699897225077081	0.9976428992339422
0.8697327852004111	0.9976422045387563
0.8697327852004111	0.9979363207547169
0.869475847893114	0.9979357121792981
0.869218910585817	0.9979351032448378
0.8689619732785201	0.997934493951018
0.8687050359712231	0.9979338842975206
0.868448098663926	0.9979332742840271
0.868191161356629	0.9979326639102185
0.867934224049332	0.9979320531757755
0.8676772867420349	0.9979314420803782
0.8674203494347379	0.9979308306237068
0.8671634121274409	0.9979302188054405
0.8669064748201439	0.9979296066252588
0.8666495375128469	0.9979289940828402
0.8663926002055499	0.9979283811778633
0.8661356628982528	0.9979277679100059
0.8658787255909558	0.9979271542789458
0.8656217882836588	0.9979265402843602
0.8653648509763617	0.9979259259259259
0.8651079136690647	0.9979253112033195
0.8648509763617678	0.997924696116217
0.8645940390544707	0.9979240806642942
0.8643371017471737	0.9979234648472264
0.8640801644398767	0.9979228486646884
0.8638232271325796	0.997922232116355
0.8635662898252826	0.9979216152019003
0.8633093525179856	0.997920997920998
0.8630524152106885	0.9979203802733214
0.8627954779033916	0.9979197622585438
0.8625385405960946	0.9979191438763377
0.8622816032887975	0.9979185251263752
0.8620246659815005	0.9979179060083284
0.8617677286742035	0.9979172865218685
0.8615107913669064	0.9979166666666667
0.8612538540596094	0.9979160464423936
0.8609969167523125	0.9979154258487195
0.8607399794450155	0.9979148048853143
0.8604830421377184	0.9979141835518475
0.8602261048304214	0.9979135618479881
0.8599691675231244	0.9979129397734049
0.8597122302158273	0.9979123173277662
0.8594552929085303	0.9979116945107399
0.8591983556012333	0.9979110713219934
0.8589414182939363	0.997910447761194
0.8586844809866393	0.9979098238280084
0.8584275436793423	0.9979091995221028
0.8581706063720452	0.9979085748431431
0.8579136690647482	0.997907949790795
0.8576567317574512	0.9979073243647235
0.8573997944501541	0.9979066985645934
0.8571428571428571	0.9979060723900688
0.8568859198355602	0.9979054458408139
0.8566289825282631	0.9979048189164921
0.8563720452209661	0.9979041916167665
0.8561151079136691	0.9979035639412998
0.855858170606372	0.9979029358897543
0.855601233299075	0.997902307461792
0.855344295991778	0.9979016786570744
0.8550873586844809	0.9979010494752624
0.854830421377184	0.9979004199160167
0.854573484069887	0.9978997899789979
0.85431654676259	0.9978991596638656
0.8540596094552929	0.9978985289702792
0.8538026721479959	0.9978978978978978
0.8535457348406988	0.9978972664463803
0.8532887975334018	0.9978966346153846
0.8530318602261048	0.9978960024045687
0.8527749229188079	0.99789536981359
0.8525179856115108	0.9978947368421053
0.8522610483042138	0.9978941034897714
0.8520041109969168	0.9978934697562444
0.8517471736896197	0.99789283564118
0.8514902363823227	0.9978922011442337
0.8512332990750257	0.9978915662650603
0.8509763617677287	0.9978909310033143
0.8507194244604317	0.9978902953586498
0.8504624871531347	0.9978896593307205
0.8502055498458376	0.9978890229191797
0.8499486125385406	0.9978883861236802
0.8496916752312436	0.9978877489438744
0.8494347379239465	0.9978871113794144
0.8491778006166495	0.9978864734299517
0.8489208633093526	0.9978858350951374
0.8486639260020555	0.9978851963746224
0.8484069886947585	0.9978845572680568
0.8481500513874615	0.9978839177750907
0.8478931140801644	0.9978832778953735
0.8476361767728674	0.9978826376285541
0.8473792394655704	0.9978819969742814
0.8471223021582733	0.9978813559322034
0.8468653648509764	0.9978807145019679
0.8466084275436794	0.9978800726832223
0.8463514902363823	0.9978794304756134
0.8460945529290853	0.9978787878787879
0.8458376156217883	0.9978781448923917
0.8455806783144912	0.9978775015160704
0.8453237410071942	0.9978768577494692
0.8450668036998972	0.997876213592233
0.8448098663926003	0.9978755690440061
0.8445529290853032	0.9978749241044323
0.8442959917780062	0.9978742787731552
0.8440390544707091	0.9978736330498177
0.8437821171634121	0.9978729869340626
0.8435251798561151	0.997872340425532
0.843268242548818	0.9978716935238674
0.843011305241521	0.9978710462287105
0.8427543679342241	0.9978703985397018
0.8424974306269271	0.9978697504564821
0.84224049331963	0.997869101978691
0.841983556012333	0.9978684531059683
0.841726618705036	0.997867803837953
0.8414696813977389	0.997867154174284
0.8412127440904419	0.9978665041145992
0.840955806783145	0.9978658536585366
0.8406988694758479	0.9978652028057334
0.8404419321685509	0.9978645515558268
0.8401849948612539	0.9978638999084528
0.8399280575539568	0.9978632478632479
0.8396711202466598	0.9978625954198473
0.8394141829393628	0.9978619425778864
0.8391572456320657	0.9978612893369997
0.8389003083247688	0.9978606356968215
0.8386433710174718	0.9978599816569856
0.8383864337101747	0.9978593272171253
0.8381294964028777	0.9978586723768736
0.8378725590955807	0.9978580171358629
0.8376156217882836	0.9978573614937252
0.8373586844809866	0.9978567054500919
0.8371017471736896	0.9978560490045941
0.8368448098663926	0.9978553921568627
0.8365878725590956	0.9978547349065278
0.8363309352517986	0.9978540772532188
0.8360739979445015	0.9978534191965654
0.8358170606372045	0.9978527607361963
0.8355601233299075	0.9978521018717398
0.8353031860226104	0.9978514426028238
0.8350462487153134	0.9978507829290758
0.8347893114080165	0.9978501228501229
0.8345323741007195	0.9978494623655914
0.8342754367934224	0.9978488014751076
0.8340184994861254	0.9978481401782969
0.8337615621788284	0.9978474784747847
0.8335046248715313	0.9978468163641956
0.8332476875642343	0.9978461538461538
0.8329907502569374	0.9978454909202832
0.8327338129496403	0.9978448275862069
0.8324768756423433	0.9978441638435479
0.8322199383350463	0.9978434996919285
0.8319630010277492	0.9978428351309707
0.8317060637204522	0.997842170160296
0.8314491264131552	0.9978415047795252
0.8311921891058581	0.9978408389882788
0.8309352517985612	0.9978401727861771
0.8306783144912642	0.9978395061728395
0.8304213771839671	0.9978388391478852
0.8301644398766701	0.9978381717109327
0.8299075025693731	0.9978375038616002
0.829650565262076	0.9978368355995055
0.829393627954779	0.9978361669242658
0.829136690647482	0.9978354978354979
0.828879753340185	0.9978348283328178
0.828622816032888	0.9978341584158416
0.828365878725591	0.9978334880841845
0.8281089414182939	0.9978328173374613
0.8278520041109969	0.9978321461752865
0.8275950668036999	0.9978314745972738
0.8273381294964028	0.9978308026030369
0.8270811921891058	0.9978301301921885
0.8268242548818089	0.997829457364341
0.8265673175745119	0.9978287841191067
0.8263103802672148	0.9978281104560968
0.8260534429599178	0.9978274363749224
0.8257965056526207	0.997826761875194
0.8255395683453237	0.9978260869565218
0.8252826310380267	0.997825411618515
0.8250256937307296	0.9978247358607831
0.8247687564234327	0.9978240596829344
0.8245118191161357	0.9978233830845771
0.8242548818088387	0.9978227060653189
0.8239979445015416	0.9978220286247667
0.8237410071942446	0.9978213507625272
0.8234840698869476	0.9978206724782067
0.8232271325796505	0.9978199937714107
0.8229701952723536	0.9978193146417446
0.8227132579650566	0.9978186350888127
0.8224563206577595	0.9978179551122195
0.8221993833504625	0.9978172747115684
0.8219424460431655	0.9978165938864629
0.8216855087358684	0.9978159126365055
0.8214285714285714	0.9978152309612984
0.8211716341212744	0.9978145488604433
0.8209146968139774	0.9978138663335415
0.8206577595066804	0.9978131833801936
0.8204008221993834	0.9978125
0.8201438848920863	0.9978118161925602
0.8198869475847893	0.9978111319574734
0.8196300102774923	0.9978104472943384
0.8193730729701952	0.9978097622027534
0.8191161356628982	0.9978090766823161
0.8188591983556013	0.9978083907326236
0.8186022610483042	0.9978077043532728
0.8183453237410072	0.9978070175438597
0.8180883864337102	0.9978063303039799
0.8178314491264131	0.9978056426332288
0.8175745118191161	0.997804954531201
0.8173175745118191	0.9978042659974906
0.817060637204522	0.9978035770316912
0.8168036998972251	0.9978028876333961
0.8165467625899281	0.9978021978021978
0.816289825282631	0.9978015075376885
0.816032887975334	0.9978008168394596
0.815775950668037	0.9978001257071024
0.81551901336074	0.9977994341402074
0.8152620760534429	0.9977987421383647
0.8150051387461459	0.9977980497011639
0.814748201438849	0.9977973568281938
0.8144912641315519	0.9977966635190432
0.8142343268242549	0.9977959697732998
0.8139773895169579	0.9977952755905511
0.8137204522096608	0.9977945809703844
0.8134635149023638	0.9977938859123857
0.8132065775950668	0.9977931904161412
0.8129496402877698	0.9977924944812362
0.8126927029804728	0.9977917981072555
0.8124357656731758	0.9977911012937836
0.8121788283658787	0.9977904040404041
0.8119218910585817	0.9977897063467004
0.8116649537512847	0.9977890082122552
0.8114080164439876	0.9977883096366509
0.8111510791366906	0.9977876106194691
0.8108941418293937	0.9977869111602908
0.8106372045220966	0.997786211258697
0.8103802672147996	0.9977855109142676
0.8101233299075026	0.9977848101265823
0.8098663926002055	0.99778410889522
0.8096094552929085	0.9977834072197593
0.8093525179856115	0.9977827050997783
0.8090955806783144	0.9977820025348543
0.8088386433710175	0.9977812995245642
0.8085817060637205	0.9977805960684845
0.8083247687564235	0.9977798921661909
0.8078108941418294	0.997778483021263
0.8075539568345323	0.9977777777777778
0.8072970195272353	0.9977770720863767
0.8070400822199383	0.9977763659466328
0.8067831449126414	0.9977756593581188
0.8065262076053443	0.9977749523204069
0.8062692702980473	0.9977742448330683
0.8060123329907503	0.9977735368956743
0.8057553956834532	0.9977728285077951
0.8054984583761562	0.9977721196690006
0.8052415210688592	0.9977714103788602
0.8049845837615622	0.9977707006369426
0.8047276464542652	0.9977699904428162
0.8047276464542652	0.9980879541108987
0.8044707091469682	0.9980873445967485
0.8042137718396711	0.9980867346938775
0.8039568345323741	0.9980861244019139
0.8036998972250771	0.998085513720485
0.80344295991778	0.998084902649218
0.803186022610483	0.9980842911877394
0.8029290853031861	0.9980836793356755
0.802672147995889	0.9980830670926517
0.802415210688592	0.9980824544582934
0.802158273381295	0.9980818414322251
0.8019013360739979	0.998081228014071
0.8016443987667009	0.9980806142034548
0.8013874614594039	0.99808
0.8011305241521068	0.9980793854033291
0.8008735868448099	0.9980787704130644
0.8006166495375129	0.9980781550288277
0.8003597122302158	0.9980775392502403
0.8001027749229188	0.9980769230769231
0.7998458376156218	0.9980763065084963
0.7995889003083247	0.9980756895445798
0.7993319630010277	0.9980750721847931
0.7990750256937307	0.9980744544287549
0.7988180883864338	0.9980738362760835
0.7985611510791367	0.9980732177263969
0.7983042137718397	0.9980725987793125
0.7980472764645427	0.9980719794344473
0.7977903391572456	0.9980713596914176
0.7975334018499486	0.9980707395498393
0.7972764645426516	0.9980701190093277
0.7970195272353545	0.9980694980694981
0.7967625899280576	0.9980688767299646
0.7965056526207606	0.9980682549903412
0.7962487153134635	0.9980676328502416
0.7959917780061665	0.9980670103092784
0.7957348406988695	0.9980663873670641
0.7954779033915724	0.9980657640232108
0.7952209660842754	0.9980651402773298
0.7949640287769785	0.9980645161290322
0.7947070914696814	0.9980638915779284
0.7944501541623844	0.9980632666236281
0.7941932168550874	0.9980626412657411
0.7939362795477903	0.998062015503876
0.7936793422404933	0.9980613893376413
0.7934224049331963	0.9980607627666451
0.7931654676258992	0.9980601357904947
0.7929085303186023	0.9980595084087969
0.7926515930113053	0.9980588806211582
0.7923946557040082	0.9980582524271845
0.7921377183967112	0.9980576238264811
0.7921377183967112	0.998380829015544
0.7918807810894142	0.9983803045027535
0.7916238437821171	0.9983797796500324
0.7913669064748201	0.9983792544570502
0.7911099691675231	0.998378728923476
0.7908530318602262	0.9983782030489783
0.7905960945529291	0.9983776768332252
0.7903391572456321	0.9983771502758845
0.790082219938335	0.9983766233766234
0.789825282631038	0.9983760961351088
0.789568345323741	0.9983755685510072
0.789311408016444	0.9983750406239844
0.7890544707091469	0.9983745123537061
0.78879753340185	0.9983739837398374
0.788540596094553	0.998373454782043
0.7882836587872559	0.998372925479987
0.7880267214799589	0.9983723958333334
0.7877697841726619	0.9983718658417453
0.7875128468653648	0.998371335504886
0.7872559095580678	0.9983708048224177
0.7869989722507709	0.9983702737940026
0.7867420349434738	0.9983697424193022
0.7864850976361768	0.9983692106979778
0.7862281603288798	0.99836867862969
0.7859712230215827	0.9983681462140992
0.7857142857142857	0.9983676134508651
0.7854573484069887	0.9983670803396473
0.7852004110996916	0.9983665468801045
0.7849434737923947	0.9983660130718954
0.7846865364850977	0.998365478914678
0.7844295991778006	0.9983649444081099
0.7841726618705036	0.9983644095518482
0.7839157245632066	0.9983638743455497
0.7836587872559095	0.9983633387888707
0.7834018499486125	0.998362802881467
0.7831449126413155	0.9983622666229938
0.7828879753340185	0.9983617300131061
0.7826310380267215	0.9983611930514585
0.7823741007194245	0.9983606557377049
0.7821171634121274	0.9983601180714988
0.7818602261048304	0.9983595800524935
0.7816032887975334	0.9983590416803413
0.7813463514902363	0.9983585029546946
0.7810894141829393	0.9983579638752053
0.7808324768756424	0.9983574244415243
0.7805755395683454	0.9983568846533026
0.7803186022610483	0.9983563445101906
0.7800616649537513	0.9983558040118382
0.7798047276464543	0.9983552631578947
0.7795477903391572	0.9983547219480092
0.7792908530318602	0.9983541803818301
0.7790339157245632	0.9983536384590056
0.7787769784172662	0.9983530961791831
0.7785200411099692	0.9983525535420099
0.7782631038026722	0.9983520105471325
0.7780061664953751	0.9983514671941972
0.7777492291880781	0.9983509234828496
0.7774922918807811	0.9983503794127351
0.777235354573484	0.9983498349834984
0.7769784172661871	0.9983492901947838
0.7767214799588901	0.9983487450462352
0.776464542651593	0.9983481995374959
0.776207605344296	0.9983476536682089
0.775950668036999	0.9983471074380166
0.7756937307297019	0.9983465608465608
0.7754367934224049	0.9983460138934833
0.7751798561151079	0.9983454665784249
0.774922918807811	0.9983449189010262
0.7746659815005139	0.9983443708609272
0.7744090441932169	0.9983438224577674
0.7741521068859198	0.9983432736911863
0.7738951695786228	0.998342724560822
0.7736382322713258	0.998342175066313
0.7733812949640287	0.9983416252072969
0.7731243576567317	0.9983410749834107
0.7728674203494348	0.9983405243942914
0.7726104830421378	0.998339973439575
0.7723535457348407	0.9983394221188974
0.7720966084275437	0.9983388704318937
0.7718396711202467	0.9983383183781988
0.7715827338129496	0.9983377659574468
0.7713257965056526	0.9983372131692717
0.7710688591983555	0.9983366600133067
0.7708119218910586	0.9983361064891847
0.7705549845837616	0.998335552596538
0.7702980472764646	0.9983349983349983
0.7700411099691675	0.9983344437041972
0.7697841726618705	0.9983338887037654
0.7695272353545735	0.9983333333333333
0.7692702980472764	0.9983327775925308
0.7690133607399794	0.9983322214809873
0.7687564234326825	0.9983316649983317
0.7684994861253854	0.9983311081441922
0.7682425488180884	0.998330550918197
0.7679856115107914	0.9983299933199733
0.7677286742034943	0.998329435349148
0.7674717368961973	0.9983288770053476
0.7672147995889003	0.9983283182881979
0.7669578622816033	0.9983277591973244
0.7667009249743063	0.998327199732352
0.7664439876670093	0.9983266398929049
0.7661870503597122	0.9983260796786073
0.7659301130524152	0.9983255190890824
0.7656731757451182	0.998324958123953
0.7654162384378211	0.9983243967828418
0.7651593011305241	0.9983238350653705
0.7649023638232272	0.9983232729711603
0.7646454265159301	0.9983227104998322
0.7643884892086331	0.9983221476510067
0.7641315519013361	0.9983215844243034
0.763874614594039	0.9983210208193418
0.763617677286742	0.9983204568357407
0.763360739979445	0.9983198924731183
0.763103802672148	0.9983193277310924
0.762846865364851	0.9983187626092804
0.762589928057554	0.9983181971072991
0.762332990750257	0.9983176312247645
0.7620760534429599	0.9983170649612925
0.7618191161356629	0.9983164983164983
0.7615621788283659	0.9983159312899966
0.7613052415210688	0.9983153638814016
0.7610483042137718	0.9983147960903269
0.7607913669064749	0.9983142279163857
0.7605344295991778	0.9983136593591906
0.7602774922918808	0.9983130904183536
0.7600205549845838	0.9983125210934863
0.7597636176772867	0.9983119513841998
0.7595066803699897	0.9983113812901047
0.7592497430626927	0.9983108108108109
0.7589928057553957	0.9983102399459277
0.7587358684480987	0.9983096686950642
0.7584789311408017	0.9983090970578289
0.7582219938335046	0.9983085250338295
0.7579650565262076	0.9983079526226735
0.7577081192189106	0.9983073798239676
0.7574511819116135	0.998306806637318
0.7571942446043165	0.9983062330623306
0.7569373072970196	0.9983056590986107
0.7566803699897225	0.9983050847457627
0.7564234326824255	0.9983045100033909
0.7561664953751285	0.998303934871099
0.7559095580678314	0.99830335934849
0.7556526207605344	0.9983027834351663
0.7553956834532374	0.99830220713073
0.7551387461459403	0.9983016304347826
0.7548818088386434	0.9983010533469249
0.7546248715313464	0.9983004758667573
0.7543679342240494	0.9982998979938796
0.7541109969167523	0.9982993197278912
0.7538540596094553	0.9982987410683906
0.7535971223021583	0.9982981620149761
0.7533401849948612	0.9982975825672454
0.7530832476875642	0.9982970027247956
0.7528263103802673	0.9982964224872232
0.7525693730729702	0.998295841854124
0.7523124357656732	0.9982952608250938
0.7520554984583762	0.9982946793997272
0.7517985611510791	0.9982940975776186
0.7515416238437821	0.9982935153583617
0.7512846865364851	0.9982929327415501
0.751027749229188	0.9982923497267759
0.7505138746145941	0.9982911825017088
0.750256937307297	0.9982905982905983
0.75	0.9982900136798906
0.749743062692703	0.9982894286691755
0.7494861253854059	0.9982888432580425
0.7492291880781089	0.9982882574460801
0.748972250770812	0.9982876712328768
0.7487153134635149	0.9982870846180198
0.7484583761562179	0.9982864976010967
0.7482014388489209	0.9982859101816935
0.7479445015416238	0.9982853223593965
0.7476875642343268	0.9982847341337907
0.7474306269270298	0.9982841455044612
0.7471736896197327	0.9982835564709921
0.7469167523124358	0.998282967032967
0.7466598150051388	0.998282377189969
0.7464028776978417	0.9982817869415808
0.7461459403905447	0.998281196287384
0.7458890030832477	0.9982806052269602
0.7456320657759506	0.99828001375989
0.7453751284686536	0.9982794218857536
0.7451181911613566	0.9982788296041308
0.7448612538540597	0.9982782369146006
0.7446043165467626	0.9982776438167413
0.7443473792394656	0.9982770503101309
0.7440904419321686	0.9982764563943468
0.7438335046248715	0.9982758620689656
0.7435765673175745	0.9982752673335633
0.7433196300102775	0.9982746721877157
0.7430626927029804	0.9982740766309975
0.7428057553956835	0.9982734806629834
0.7425488180883865	0.998272884283247
0.7420349434737924	0.9982716902868994
0.7394655704008222	0.9982656954561221
0.7381808838643371	0.998262682418346
0.7353545734840699	0.9982560167422393
0.7340698869475848	0.9982529699510831
0.7302158273381295	0.9982437653670531
0.7281603288797533	0.9982388164846777
0.7243062692702981	0.998229461756374
0.7214799588900308	0.9982225382154284
0.7181397738951696	0.9982142857142857
0.7165981500513875	0.9985678481919084
0.7122302158273381	0.9985590778097982
0.711459403905447	0.9985575189325641
0.710688591983556	0.9985559566787003
0.710431654676259	0.9985554351751534
0.7096608427543679	0.9985538684020245
0.7088900308324769	0.9985522982265653
0.7086330935251799	0.998551774076756
0.7083761562178829	0.9985512495472655
0.7081192189105858	0.9985507246376811
0.7078622816032888	0.9985501993475897
0.7076053442959918	0.9985496736765772
0.7073484069886947	0.9985491476242292
0.7070914696813977	0.9985486211901307
0.7068345323741008	0.9985480943738657
0.7065775950668037	0.9985475671750181
0.7063206577595067	0.998547039593171
0.7060637204522097	0.998546511627907
0.7058067831449126	0.9985459832788077
0.7055498458376156	0.9985454545454545
0.7052929085303186	0.9985449254274281
0.7050359712230215	0.9985443959243085
0.7047790339157246	0.9985438660356752
0.7045220966084276	0.9985433357611071
0.7042651593011305	0.9985428051001821
0.7040082219938335	0.9985422740524781
0.7037512846865365	0.998541742617572
0.7034943473792394	0.9985412107950401
0.7032374100719424	0.9985406785844583
0.7029804727646455	0.9985401459854014
0.7027235354573484	0.9985396129974443
0.7024665981500514	0.9985390796201608
0.7022096608427544	0.9985385458531238
0.7019527235354573	0.9985380116959064
0.7016957862281603	0.9985374771480804
0.7014388489208633	0.9985369422092173
0.7011819116135662	0.9985364068788877
0.7009249743062693	0.9985358711566618
0.7006680369989723	0.9985353350421091
0.7004110996916753	0.9985347985347985
0.7001541623843782	0.9985342616342983
0.6998972250770812	0.998533724340176
0.6996402877697842	0.9985331866519985
0.6993833504624871	0.9985326485693323
0.6991264131551901	0.9985321100917431
0.6988694758478932	0.9985315712187959
0.6986125385405961	0.9985310319500551
0.6983556012332991	0.9985304922850845
0.6980986639260021	0.9985299522234473
0.697841726618705	0.9985294117647059
0.697584789311408	0.9985288709084222
0.697327852004111	0.9985283296541575
0.6970709146968139	0.9985277880014722
0.696813977389517	0.9985272459499264
0.69655704008222	0.9985267034990792
0.6963001027749229	0.9985261606484893
0.6960431654676259	0.9985256173977147
0.6957862281603289	0.9985250737463127
0.6955292908530318	0.9985245296938399
0.6952723535457348	0.9985239852398524
0.6950154162384378	0.9985234403839055
0.6947584789311408	0.9985228951255539
0.6945015416238438	0.9985223494643517
0.6942446043165468	0.9985218033998522
0.6939876670092497	0.9985212569316081
0.6937307297019527	0.9985207100591716
0.6934737923946557	0.998520162782094
0.6932168550873586	0.9985196150999259
0.6929599177800617	0.9985190670122177
0.6927029804727647	0.9985185185185185
0.6924460431654677	0.9985179696183771
0.6921891058581706	0.9985174203113417
0.6919321685508736	0.9985168705969596
0.6916752312435765	0.9985163204747775
0.6914182939362795	0.9985157699443413
0.6911613566289825	0.9985152190051967
0.6909044193216856	0.9985146676568882
0.6906474820143885	0.9985141158989599
0.6903905447070915	0.998513563730955
0.6901336073997945	0.9985130111524163
0.6898766700924974	0.9985124581628858
0.6896197327852004	0.9985119047619048
0.6893627954779034	0.9985113509490138
0.6891058581706063	0.9985107967237528
0.6888489208633094	0.9985102420856611
0.6885919835560124	0.9985096870342772
0.6883350462487153	0.998509131569139
0.6880781089414183	0.9985085756897838
0.6878211716341213	0.9985080193957478
0.6875642343268242	0.9985074626865672
0.6873072970195272	0.9985069055617768
0.6870503597122302	0.9985063480209111
0.6867934224049332	0.9985057900635039
0.6865364850976362	0.9985052316890882
0.6860226104830421	0.9985041136873598
0.6857656731757451	0.9985035540591096
0.6855087358684481	0.9985029940119761
0.685251798561151	0.9985024335454886
0.6849948612538541	0.998501872659176
0.6847379239465571	0.9985013113525665
0.68448098663926	0.9985007496251874
0.684224049331963	0.9985001874765654
0.683967112024666	0.9984996249062266
0.683710174717369	0.9984990619136961
0.6834532374100719	0.9984984984984985
0.6831963001027749	0.9984979346601577
0.682939362795478	0.9984973703981969
0.6826824254881809	0.9984968057121383
0.6824254881808839	0.9984962406015038
0.6821685508735869	0.9984956750658143
0.6819116135662898	0.9984951091045899
0.6816546762589928	0.9984945427173504
0.6813977389516958	0.9984939759036144
0.6811408016443987	0.9984934086629002
0.6808838643371018	0.9984928409947249
0.6806269270298048	0.9984922728986053
0.6803699897225077	0.9984917043740573
0.6801130524152107	0.998491135420596
0.6798561151079137	0.9984905660377359
0.6795991778006166	0.9984899962249906
0.6793422404933196	0.9984894259818731
0.6790853031860226	0.9984888553078958
0.6788283658787256	0.99848828420257
0.6785714285714286	0.9984877126654065
0.6783144912641316	0.9984871406959153
0.6780575539568345	0.9984865682936057
0.6778006166495375	0.9984859954579863
0.6775436793422405	0.998485422188565
0.6772867420349434	0.9984848484848485
0.6770298047276464	0.9984842743463433
0.6767728674203495	0.9984836997725549
0.6765159301130524	0.9984831247629883
0.6762589928057554	0.9984825493171472
0.6757451181911613	0.9984813971146546
0.6754881808838643	0.9984808203570072
0.6752312435765673	0.9984802431610942
0.6749743062692704	0.9984796655264158
0.6747173689619733	0.9984790874524715
0.6744604316546763	0.99847850893876
0.6742034943473793	0.9984779299847792
0.6739465570400822	0.9984773505900266
0.6736896197327852	0.9984767707539984
0.6734326824254881	0.9984761904761905
0.6731757451181911	0.9984756097560976
0.6729188078108942	0.9984750285932139
0.6726618705035972	0.9984744469870328
0.6724049331963001	0.9984738649370469
0.6721479958890031	0.9984732824427481
0.6718910585817061	0.9984726995036274
0.671634121274409	0.998472116119175
0.671377183967112	0.9984715322888804
0.671120246659815	0.9984709480122325
0.670863309352518	0.998470363288719
0.670606372045221	0.9984697781178271
0.670349434737924	0.9984691924990432
0.6700924974306269	0.998468606431853
0.6698355601233299	0.9984680199157411
0.6695786228160329	0.9984674329501916
0.6693216855087358	0.9984668455346877
0.6690647482014388	0.9984662576687117
0.6688078108941419	0.9984656693517453
0.6685508735868448	0.9984650805832693
0.6682939362795478	0.9984644913627639
0.6680369989722508	0.9984639016897081
0.6677800616649537	0.9984633115635805
0.6675231243576567	0.9984627209838586
0.6672661870503597	0.9984621299500193
0.6670092497430626	0.9984615384615385
0.6667523124357657	0.9984609465178915
0.6664953751284687	0.9984603541185527
0.6662384378211716	0.9984597612629957
0.6659815005138746	0.9984591679506933
0.6657245632065776	0.9984585741811175
0.6654676258992805	0.9984579799537394
0.6652106885919835	0.9984573852680293
0.6649537512846866	0.9984567901234568
0.6646968139773896	0.9984561945194905
0.6644398766700925	0.9984555984555985
0.6641829393627955	0.9984550019312476
0.6639260020554985	0.9984544049459042
0.6636690647482014	0.9984538074990337
0.6634121274409044	0.9984532095901005
0.6631551901336074	0.9984526112185687
0.6628982528263104	0.9984520123839009
0.6626413155190134	0.9984514130855594
0.6623843782117164	0.9984508133230054
0.6621274409044193	0.9984502130956994
0.6618705035971223	0.9984496124031008
0.6616135662898253	0.9984490112446684
0.6613566289825282	0.9984484096198604
0.6610996916752312	0.9984478075281334
0.6608427543679343	0.9984472049689441
0.6605858170606372	0.9984466019417476
0.6603288797533402	0.9984459984459985
0.6600719424460432	0.9984453944811504
0.6598150051387461	0.9984447900466563
0.6595580678314491	0.9984441851419681
0.6593011305241521	0.998443579766537
0.659044193216855	0.9984429739198132
0.6587872559095581	0.9984423676012462
0.6585303186022611	0.9984417608102844
0.658273381294964	0.9984411535463756
0.658016443987667	0.9984405458089669
0.65775950668037	0.9984399375975039
0.6575025693730729	0.998439328911432
0.6572456320657759	0.9984387197501952
0.656988694758479	0.998438110113237
0.656731757451182	0.9984375
0.6564748201438849	0.9984368894099257
0.6562178828365879	0.9984362783424551
0.6559609455292909	0.9984356667970278
0.6557040082219938	0.9984350547730829
0.6554470709146968	0.9984344422700587
0.6551901336073997	0.9984338292873923
0.6549331963001028	0.9984332158245202
0.6546762589928058	0.9984326018808778
0.6544193216855088	0.9984319874558997
0.6541623843782117	0.9984313725490196
0.6539054470709147	0.9984307571596704
0.6536485097636177	0.9984301412872841
0.6533915724563206	0.9984295249312917
0.6531346351490236	0.9984289080911233
0.6528776978417267	0.9984282907662082
0.6526207605344296	0.9984276729559748
0.6523638232271326	0.9984270546598506
0.6521068859198356	0.998426435877262
0.6518499486125385	0.9984258166076347
0.6515930113052415	0.9984251968503937
0.6513360739979445	0.9984245766049625
0.6510791366906474	0.9984239558707644
0.6508221993833505	0.9984233346472211
0.6505652620760535	0.998422712933754
0.6503083247687564	0.998422090729783
0.6500513874614594	0.9984214680347278
0.6497944501541624	0.9984208448480063
0.6495375128468653	0.9984202211690363
0.6492805755395683	0.9984195969972343
0.6490236382322713	0.9984189723320158
0.6487667009249743	0.9984183471727955
0.6485097636176773	0.9984177215189873
0.6482528263103803	0.998417095370004
0.6479958890030832	0.9984164687252574
0.6477389516957862	0.9984158415841584
0.6474820143884892	0.9984152139461173
0.6472250770811921	0.998414585810543
0.6469681397738952	0.9984139571768438
0.6467112024665982	0.9984133280444268
0.6464542651593012	0.9984126984126984
0.6461973278520041	0.9984120682810639
0.6459403905447071	0.9984114376489277
0.64568345323741	0.9984108065156932
0.645426515930113	0.9984101748807631
0.645169578622816	0.9984095427435388
0.6449126413155191	0.9984089101034208
0.644655704008222	0.9984082769598089
0.644398766700925	0.9984076433121019
0.644141829393628	0.9984070091596974
0.6438848920863309	0.998406374501992
0.6436279547790339	0.9984057393383818
0.6433710174717369	0.9984051036682615
0.6431140801644398	0.9984044674910252
0.6428571428571429	0.9984038308060654
0.6426002055498459	0.9984031936127744
0.6423432682425488	0.9984025559105432
0.6420863309352518	0.9984019176987615
0.6418293936279548	0.9984012789768185
0.6415724563206577	0.9984006397441023
0.6413155190133607	0.9984
0.6410585817060637	0.9983993597438976
0.6408016443987667	0.9983987189751802
0.6405447070914697	0.9983980776932319
0.6402877697841727	0.9983974358974359
0.6400308324768756	0.9983967935871744
0.6397738951695786	0.9983961507618284
0.6395169578622816	0.9983955074207782
0.6392600205549845	0.9983948635634029
0.6390030832476875	0.9983942191890807
0.6387461459403906	0.9983935742971888
0.6384892086330936	0.9983929288871033
0.6382322713257965	0.9983922829581994
0.6379753340184995	0.9983916365098512
0.6377183967112025	0.998390989541432
0.6374614594039054	0.9983903420523139
0.6372045220966084	0.998389694041868
0.6369475847893115	0.9983890455094644
0.6366906474820144	0.9983883964544722
0.6364337101747174	0.9983877468762595
0.6361767728674204	0.9983870967741936
0.6359198355601233	0.9983864461476402
0.6356628982528263	0.9983857949959645
0.6354059609455293	0.9983851433185305
0.6351490236382322	0.9983844911147012
0.6348920863309353	0.9983838383838384
0.6346351490236383	0.9983831851253031
0.6343782117163412	0.9983825313384553
0.6341212744090442	0.9983818770226537
0.6338643371017472	0.9983812221772562
0.6336073997944501	0.9983805668016195
0.6333504624871531	0.9983799108950993
0.6330935251798561	0.9983792544570502
0.6328365878725591	0.9983785974868261
0.6325796505652621	0.9983779399837794
0.6323227132579651	0.9983772819472616
0.632065775950668	0.9983766233766234
0.631808838643371	0.998375964271214
0.631551901336074	0.9983753046303818
0.6312949640287769	0.9983746444534742
0.6310380267214799	0.9983739837398374
0.630781089414183	0.9983733224888166
0.630524152106886	0.9983726606997559
0.6302672147995889	0.9983719983719984
0.6300102774922919	0.998371335504886
0.6297533401849948	0.9983706720977596
0.6294964028776978	0.9983700081499592
0.6292394655704008	0.9983693436608235
0.6289825282631039	0.99836867862969
0.6287255909558068	0.9983680130558955
0.6284686536485098	0.9983673469387755
0.6282117163412128	0.9983666802776644
0.6279547790339157	0.9983660130718954
0.6276978417266187	0.998365345320801
0.6274409044193217	0.9983646770237122
0.6271839671120246	0.9983640081799591
0.6269270298047277	0.9983633387888707
0.6266700924974307	0.9983626688497749
0.6264131551901336	0.9983619983619983
0.6261562178828366	0.9983613273248668
0.6258992805755396	0.9983606557377049
0.6256423432682425	0.998359983599836
0.6253854059609455	0.9983593109105825
0.6251284686536485	0.9983586376692655
0.6248715313463515	0.9983579638752053
0.6246145940390545	0.9983572895277207
0.6243576567317575	0.9983566146261298
0.6241007194244604	0.9983559391697493
0.6238437821171634	0.9983552631578947
0.6235868448098664	0.9983545865898807
0.6233299075025693	0.9983539094650206
0.6230729701952723	0.9983532317826266
0.6228160328879754	0.9983525535420099
0.6225590955806783	0.9983518747424804
0.6223021582733813	0.998351195383347
0.6220452209660843	0.9983505154639175
0.6217882836587872	0.9983498349834984
0.6215313463514902	0.998349153941395
0.6212744090441932	0.9983484723369116
0.6210174717368961	0.9983477901693515
0.6207605344295992	0.9983471074380166
0.6205035971223022	0.9983464241422075
0.6202466598150052	0.9983457402812241
0.6199897225077081	0.998345055854365
0.6197327852004111	0.9983443708609272
0.619475847893114	0.998343685300207
0.619218910585817	0.9983429991714996
0.6189619732785201	0.9983423124740987
0.6187050359712231	0.9983416252072969
0.618448098663926	0.9983409373703858
0.618191161356629	0.9983402489626556
0.617934224049332	0.9983395599833956
0.6176772867420349	0.9983388704318937
0.6174203494347379	0.9983381803074366
0.6171634121274409	0.99833748960931
0.6169064748201439	0.9983367983367983
0.6166495375128469	0.9983361064891847
0.6163926002055499	0.9983354140657511
0.6161356628982528	0.9983347210657785
0.6158787255909558	0.9983340274885465
0.6156217882836588	0.9983333333333333
0.6153648509763617	0.9983326385994165
0.6151079136690647	0.9983319432860718
0.6148509763617678	0.9983312473925741
0.6145940390544707	0.998330550918197
0.6143371017471737	0.998329853862213
0.6140801644398767	0.9983291562238931
0.6138232271325796	0.9983284580025074
0.6135662898252826	0.9983277591973244
0.6133093525179856	0.9983270598076118
0.6130524152106885	0.998326359832636
0.6127954779033916	0.9983256592716618
0.6125385405960946	0.998324958123953
0.6122816032887975	0.9983242563887725
0.6120246659815005	0.9983235540653814
0.6117677286742035	0.9983228511530399
0.6115107913669064	0.9983221476510067
0.6112538540596094	0.9983214435585397
0.6109969167523125	0.998320738874895
0.6107399794450155	0.998320033599328
0.6104830421377184	0.9983193277310924
0.6102261048304214	0.9983186212694409
0.6099691675231244	0.9983179142136249
0.6097122302158273	0.9983172065628944
0.6094552929085303	0.9983164983164983
0.6091983556012333	0.9983157894736842
0.6089414182939363	0.9983150800336984
0.6086844809866393	0.9983143699957859
0.6084275436793423	0.9983136593591906
0.6081706063720452	0.9983129481231547
0.6079136690647482	0.9983122362869198
0.6076567317574512	0.9983115238497257
0.6073997944501541	0.9983108108108109
0.6071428571428571	0.9983100971694128
0.6068859198355602	0.9983093829247676
0.6066289825282631	0.99830866807611
0.6063720452209661	0.9983079526226735
0.6061151079136691	0.9983072365636902
0.605858170606372	0.9983065198983911
0.605601233299075	0.9983058026260059
0.605344295991778	0.9983050847457627
0.6050873586844809	0.9983043662568886
0.604830421377184	0.998303647158609
0.604573484069887	0.9983029274501485
0.60431654676259	0.99830220713073
0.6040596094552929	0.9983014861995754
0.6038026721479959	0.9983007646559049
0.6035457348406988	0.9983000424989376
0.6032887975334018	0.9982993197278912
0.6030318602261048	0.9982985963419821
0.6027749229188079	0.9982978723404256
0.6025179856115108	0.998297147722435
0.6022610483042138	0.9982964224872232
0.6020041109969168	0.9982956966340009
0.6017471736896197	0.9982949701619779
0.6014902363823227	0.9982942430703625
0.6012332990750257	0.9982935153583617
0.6009763617677287	0.9982927870251814
0.6007194244604317	0.9982920580700256
0.6004624871531347	0.9982913284920973
0.6002055498458376	0.9982905982905983
0.5999486125385406	0.9982898674647285
0.5996916752312436	0.998289136013687
0.5994347379239465	0.998288403936671
0.5991778006166495	0.9982876712328768
0.5989208633093526	0.9982869379014989
0.5986639260020555	0.998286203941731
0.5984069886947585	0.9982854693527646
0.5981500513874615	0.9982847341337907
0.5978931140801644	0.9982839982839983
0.5976361767728674	0.9982832618025751
0.5973792394655704	0.9982825246887076
0.5971223021582733	0.9982817869415808
0.5968653648509764	0.9982810485603781
0.5966084275436794	0.998280309544282
0.5963514902363823	0.9982795698924731
0.5960945529290853	0.9982788296041308
0.5958376156217883	0.998278088678433
0.5958376156217883	0.9987080103359173
0.5955806783144912	0.998707453683757
0.5953237410071942	0.9987068965517242
0.5950668036998972	0.9987063389391979
0.5948098663926003	0.9987057808455565
0.5945529290853032	0.998705222270177
0.5942959917780062	0.9987046632124352
0.5940390544707091	0.9987041036717063
0.5937821171634121	0.9987035436473639
0.5935251798561151	0.9987029831387808
0.593268242548818	0.9987024221453287
0.593011305241521	0.9987018606663782
0.5927543679342241	0.9987012987012988
0.5924974306269271	0.9987007362494587
0.59224049331963	0.9987001733102253
0.591983556012333	0.9986996098829649
0.591726618705036	0.9986990459670425
0.5914696813977389	0.9986984815618222
0.5912127440904419	0.9986979166666666
0.590955806783145	0.998697351280938
0.5906988694758479	0.9986967854039965
0.5904419321685509	0.9986962190352021
0.5901849948612539	0.9986956521739131
0.5899280575539568	0.9986950848194868
0.5896711202466598	0.9986945169712794
0.5894141829393628	0.998693948628646
0.5891572456320657	0.9986933797909407
0.5889003083247688	0.9986928104575163
0.5886433710174718	0.9986922406277245
0.5883864337101747	0.9986916703009159
0.5881294964028777	0.9986910994764397
0.5878725590955807	0.9986905281536447
0.5876156217882836	0.9986899563318777
0.5873586844809866	0.9986893840104849
0.5871017471736896	0.9986888111888111
0.5868448098663926	0.9986882378662003
0.5865878725590956	0.9986876640419947
0.5863309352517986	0.9986870897155361
0.5860739979445015	0.9986865148861647
0.5858170606372045	0.9986859395532195
0.5855601233299075	0.9986853637160386
0.5853031860226104	0.9986847873739588
0.5850462487153134	0.9986842105263158
0.5847893114080165	0.998683633172444
0.5845323741007195	0.9986830553116769
0.5842754367934224	0.9986824769433466
0.5840184994861254	0.9986818980667839
0.5837615621788284	0.9986813186813187
0.5835046248715313	0.9986807387862797
0.5832476875642343	0.9986801583809943
0.5829907502569374	0.9986795774647887
0.5827338129496403	0.9986789960369881
0.5824768756423433	0.9986784140969163
0.5822199383350463	0.998677831643896
0.5819630010277492	0.9986772486772487
0.5817060637204522	0.9986766651962946
0.5814491264131552	0.998676081200353
0.5811921891058581	0.9986754966887417
0.5809352517985612	0.9986749116607774
0.5806783144912642	0.9986743261157756
0.5804213771839671	0.9986737400530504
0.5801644398766701	0.9986731534719151
0.5799075025693731	0.9986725663716814
0.579650565262076	0.99867197875166
0.579393627954779	0.9986713906111603
0.579136690647482	0.9986708019494904
0.578879753340185	0.9986702127659575
0.578622816032888	0.998669623059867
0.578365878725591	0.9986690328305236
0.5781089414182939	0.9986684420772304
0.5778520041109969	0.9986678507992895
0.5775950668036999	0.9986672589960017
0.5773381294964028	0.9986666666666667
0.5770811921891058	0.9986660738105825
0.5768242548818089	0.9986654804270463
0.5765673175745119	0.9986648865153538
0.5763103802672148	0.9986642920747997
0.5760534429599178	0.9986636971046771
0.5757965056526207	0.9986631016042781
0.5755395683453237	0.9986625055728935
0.5752826310380267	0.9986619090098127
0.5750256937307296	0.998661311914324
0.5747687564234327	0.9986607142857142
0.5745118191161357	0.9986601161232693
0.5742548818088387	0.9986595174262735
0.5739979445015416	0.9986589181940099
0.5737410071942446	0.9986583184257602
0.5734840698869476	0.9986577181208054
0.5732271325796505	0.9986571172784243
0.5729701952723536	0.9986565158978952
0.5727132579650566	0.9986559139784946
0.5724563206577595	0.9986553115194979
0.5721993833504625	0.9986547085201793
0.5719424460431655	0.9986541049798116
0.5716855087358684	0.998653500897666
0.5714285714285714	0.998652896273013
0.5711716341212744	0.9986522911051213
0.5709146968139774	0.9986516853932584
0.5706577595066804	0.9986510791366906
0.5704008221993834	0.9986504723346828
0.5701438848920863	0.9986498649864987
0.5698869475847893	0.9986492570914003
0.5696300102774923	0.9986486486486487
0.5693730729701952	0.9986480396575034
0.5691161356628982	0.9986474301172227
0.5688591983556013	0.9986468200270636
0.5686022610483042	0.9986462093862816
0.5683453237410072	0.9986455981941309
0.5680883864337102	0.9986449864498645
0.5678314491264131	0.9986443741527339
0.5675745118191161	0.9986437613019892
0.5673175745118191	0.9986431478968792
0.567060637204522	0.9986425339366516
0.5668036998972251	0.9986419194205522
0.5665467625899281	0.998641304347826
0.566289825282631	0.9986406887177164
0.566032887975334	0.9986400725294651
0.565775950668037	0.998639455782313
0.56551901336074	0.9986388384754991
0.5652620760534429	0.9986382206082615
0.5650051387461459	0.9986376021798365
0.564748201438849	0.9986369831894594
0.5644912641315519	0.9986363636363637
0.5642343268242549	0.9986357435197817
0.5639773895169579	0.9986351228389445
0.5637204522096608	0.9986345015930814
0.5634635149023638	0.9986338797814208
0.5632065775950668	0.9986332574031891
0.5629496402877698	0.9986326344576116
0.5626927029804728	0.9986320109439124
0.5621788283658787	0.998630762209037
0.5619218910585817	0.9986301369863013
0.5616649537512847	0.9986295111923252
0.5614080164439876	0.9986288848263254
0.5611510791366906	0.9986282578875172
0.5608941418293937	0.9986276303751144
0.5606372045220966	0.9986270022883296
0.5603802672147996	0.9986263736263736
0.5601233299075026	0.9986257443884563
0.5598663926002055	0.9986251145737856
0.5596094552929085	0.9986244841815681
0.5593525179856115	0.9986238532110092
0.5590955806783144	0.9986232216613126
0.5588386433710175	0.9986225895316805
0.5585817060637205	0.9986219568213137
0.5583247687564235	0.9986213235294118
0.5580678314491264	0.9986206896551724
0.5578108941418294	0.9986200551977921
0.5575539568345323	0.9986194201564658
0.5572970195272353	0.9986187845303868
0.5570400822199383	0.9986181483187471
0.5567831449126414	0.9986175115207373
0.5565262076053443	0.9986168741355463
0.5562692702980473	0.9986162361623616
0.5560123329907503	0.9986155976003692
0.5557553956834532	0.9986149584487535
0.5554984583761562	0.9986143187066975
0.5552415210688592	0.9986136783733827
0.5549845837615622	0.9986130374479889
0.5547276464542652	0.9986123959296948
0.5544707091469682	0.998611753817677
0.5542137718396711	0.9986111111111111
0.5539568345323741	0.998610467809171
0.5536998972250771	0.9986098239110287
0.55344295991778	0.9986091794158554
0.553186022610483	0.99860853432282
0.5529290853031861	0.9986078886310905
0.552672147995889	0.9986072423398329
0.552415210688592	0.9986065954482118
0.552158273381295	0.9986059479553904
0.5519013360739979	0.99860529986053
0.5516443987667009	0.9986046511627907
0.5513874614594039	0.9986040018613308
0.5511305241521068	0.9986033519553073
0.5508735868448099	0.9986027014438752
0.5506166495375129	0.9986020503261882
0.5503597122302158	0.9986013986013986
0.5501027749229188	0.9986007462686567
0.5498458376156218	0.9986000933271115
0.5495889003083247	0.9985994397759104
0.5493319630010277	0.998598785614199
0.5490750256937307	0.9985981308411215
0.5488180883864338	0.9985974754558204
0.5485611510791367	0.9985968194574368
0.5483042137718397	0.99859616284511
0.5480472764645427	0.9985955056179775
0.5477903391572456	0.9985948477751756
0.5475334018499486	0.9985941893158388
0.5472764645426516	0.9985935302390999
0.5470195272353545	0.9985928705440901
0.5467625899280576	0.998592210229939
0.5465056526207606	0.9985915492957746
0.5462487153134635	0.9985908877407234
0.5459917780061665	0.9985902255639098
0.5457348406988695	0.998589562764457
0.5454779033915724	0.9985888993414863
0.5452209660842754	0.9985882352941177
0.5449640287769785	0.998587570621469
0.5447070914696814	0.9985869053226566
0.5444501541623844	0.9985862393967955
0.5441932168550874	0.9985855728429985
0.5439362795477903	0.9985849056603774
0.5436793422404933	0.9985842378480415
0.5434224049331963	0.9985835694050992
0.5431654676258992	0.9985829003306566
0.5429085303186023	0.9985822306238186
0.5426515930113053	0.9985815602836879
0.5423946557040082	0.9985808893093662
0.5421377183967112	0.9985802176999526
0.5418807810894142	0.9985795454545454
0.5416238437821171	0.9985788725722407
0.5413669064748201	0.9985781990521327
0.5411099691675231	0.9985775248933144
0.5408530318602262	0.9985768500948766
0.5405960945529291	0.9985761746559089
0.5403391572456321	0.9985754985754985
0.540082219938335	0.9985748218527316
0.539825282631038	0.998574144486692
0.539568345323741	0.9985734664764622
0.539311408016444	0.9985727878211227
0.5390544707091469	0.9985721085197525
0.53879753340185	0.9985714285714286
0.538540596094553	0.9985707479752263
0.5382836587872559	0.9985700667302193
0.5380267214799589	0.9985693848354793
0.5377697841726619	0.9985687022900763
0.5375128468653648	0.9985680190930788
0.5372559095580678	0.998567335243553
0.5369989722507709	0.9985666507405638
0.5367420349434738	0.998565965583174
0.5364850976361768	0.9985652797704447
0.5362281603288798	0.9985645933014354
0.5359712230215827	0.9985639061752034
0.5357142857142857	0.9985632183908046
0.5354573484069887	0.9985625299472928
0.5352004110996916	0.99856184084372
0.5349434737923947	0.9985611510791367
0.5346865364850977	0.9985604606525912
0.5344295991778006	0.9985597695631301
0.5341726618705036	0.9985590778097982
0.5339157245632066	0.9985583853916387
0.5336587872559095	0.9985576923076923
0.5334018499486125	0.9985569985569985
0.5331449126413155	0.9985563041385948
0.5328879753340185	0.9985556090515166
0.5326310380267215	0.9985549132947977
0.5323741007194245	0.9985542168674699
0.5321171634121274	0.9985535197685632
0.5318602261048304	0.9985528219971056
0.5316032887975334	0.9985521235521235
0.5313463514902363	0.9985514244326412
0.5310894141829393	0.9985507246376811
0.5308324768756424	0.9985500241662639
0.5305755395683454	0.9985493230174082
0.5303186022610483	0.9985486211901307
0.5300616649537513	0.9985479186834463
0.5298047276464543	0.998547215496368
0.5295477903391572	0.998546511627907
0.5292908530318602	0.9985458070770722
0.5290339157245632	0.998545101842871
0.5287769784172662	0.9985443959243085
0.5285200411099692	0.9985436893203884
0.5282631038026722	0.9985429820301117
0.5280061664953751	0.9985422740524781
0.5277492291880781	0.9985415653864852
0.5274922918807811	0.9985408560311284
0.527235354573484	0.9985401459854014
0.5269784172661871	0.998539435248296
0.5267214799588901	0.9985387238188017
0.526464542651593	0.9985380116959064
0.526207605344296	0.9985372988785958
0.525950668036999	0.9985365853658537
0.5256937307297019	0.9985358711566618
0.5254367934224049	0.99853515625
0.5251798561151079	0.9985344406448461
0.524922918807811	0.998533724340176
0.5246659815005139	0.9985330073349633
0.5244090441932169	0.9985322896281801
0.5241521068859198	0.9985315712187959
0.5238951695786228	0.9985308521057786
0.5236382322713258	0.9985301322880941
0.5233812949640287	0.9985294117647059
0.5231243576567317	0.9985286905345758
0.5228674203494348	0.9985279685966634
0.5226104830421378	0.9985272459499264
0.5223535457348407	0.9985265225933202
0.5220966084275437	0.9985257985257985
0.5218396711202467	0.9985250737463127
0.5215827338129496	0.9985243482538121
0.5213257965056526	0.9985236220472441
0.5210688591983555	0.9985228951255539
0.5208119218910586	0.9985221674876847
0.5205549845837616	0.9985214391325776
0.5202980472764646	0.9985207100591716
0.5200411099691675	0.9985199802664035
0.5197841726618705	0.9985192497532083
0.5195272353545735	0.9985185185185185
0.5192702980472764	0.9985177865612648
0.5190133607399794	0.9985170538803757
0.5187564234326825	0.9985163204747775
0.5184994861253854	0.9985155863433943
0.5182425488180884	0.9985148514851485
0.5179856115107914	0.9985141158989599
0.5177286742034943	0.9985133795837463
0.5174717368961973	0.9985126425384234
0.5169578622816033	0.9985111662531018
0.5167009249743063	0.9985104270109235
0.5164439876670093	0.9985096870342772
0.5161870503597122	0.9985089463220675
0.5159301130524152	0.9985082048731975
0.5156731757451182	0.9985074626865672
0.5154162384378211	0.9985067197610752
0.5151593011305241	0.9985059760956175
0.5149023638232272	0.9985052316890882
0.5146454265159301	0.9985044865403788
0.5143884892086331	0.9985037406483791
0.5141315519013361	0.9985029940119761
0.513874614594039	0.9985022466300549
0.513617677286742	0.9985014985014985
0.513360739979445	0.9985007496251874
0.513103802672148	0.9985
0.512846865364851	0.9984992496248124
0.512589928057554	0.9984984984984985
0.512332990750257	0.9984977466199298
0.5120760534429599	0.998496993987976
0.5118191161356629	0.9984962406015038
0.5115621788283659	0.9984954864593781
0.5113052415210688	0.9984947315604616
0.5110483042137718	0.9984939759036144
0.5107913669064749	0.9984932194876946
0.5105344295991778	0.9984924623115577
0.5102774922918808	0.9984917043740573
0.5100205549845838	0.9984909456740443
0.5097636176772867	0.9984901862103673
0.5095066803699897	0.9984894259818731
0.5092497430626927	0.9984886649874055
0.5089928057553957	0.9984879032258065
0.5087358684480987	0.9984871406959153
0.5084789311408017	0.9984863773965691
0.5082219938335046	0.9984856133266027
0.5079650565262076	0.9984848484848485
0.5077081192189106	0.9984840828701365
0.5074511819116135	0.9984833164812943
0.5071942446043165	0.9984825493171472
0.5069373072970196	0.9984817813765182
0.5066803699897225	0.9984810126582279
0.5064234326824255	0.9984802431610942
0.5061664953751285	0.9984794728839331
0.5059095580678314	0.9984787018255578
0.5056526207605344	0.9984779299847792
0.5053956834532374	0.9984771573604061
0.5051387461459403	0.9984763839512443
0.5051387461459403	0.9989837398373984
0.5048818088386434	0.9989832231825114
0.5046248715313464	0.9989827060020345
0.5043679342240494	0.9989821882951654
0.5041109969167523	0.9989816700610998
0.5038540596094553	0.9989811512990321
0.5035971223021583	0.9989806320081549
0.5033401849948612	0.9989801121876594
0.5030832476875642	0.9989795918367347
0.5028263103802673	0.9989790709545686
0.5025693730729702	0.9989785495403473
0.5023124357656732	0.9989780275932549
0.5020554984583762	0.9989775051124744
0.5017985611510791	0.9989769820971867
0.5015416238437821	0.9989764585465711
0.5012846865364851	0.9989759344598055
0.501027749229188	0.9989754098360656
0.5007708119218911	0.9989748846745259
0.5005138746145941	0.9989743589743589
0.500256937307297	0.9989738327347357
0.5	0.9989733059548255
0.49974306269270297	0.9989727786337956
0.499486125385406	0.998972250770812
0.49922918807810895	0.9989717223650385
0.4989722507708119	0.9989711934156379
0.4987153134635149	0.9989706639217705
0.4984583761562179	0.9989701338825953
0.4982014388489209	0.9989696032972695
0.49794450154162384	0.9989690721649485
0.4976875642343268	0.998968540484786
0.49743062692702983	0.9989680082559339
0.4971736896197328	0.9989674754775426
0.49691675231243576	0.9989669421487604
0.4966598150051387	0.9989664082687338
0.49640287769784175	0.9989658738366081
0.4961459403905447	0.9989653388515262
0.4958890030832477	0.9989648033126294
0.49563206577595065	0.9989642672190575
0.49537512846865367	0.9989637305699481
0.49511819116135664	0.9989631933644375
0.4948612538540596	0.9989626556016598
0.49460431654676257	0.9989621172807472
0.4943473792394656	0.9989615784008308
0.49409044193216856	0.9989610389610389
0.4938335046248715	0.998960498960499
0.4935765673175745	0.998959958398336
0.4933196300102775	0.9989594172736732
0.4930626927029805	0.9989588755856325
0.49280575539568344	0.9989583333333333
0.4925488180883864	0.9989577905158937
0.49229188078108943	0.9989572471324296
0.4920349434737924	0.9989567031820553
0.49177800616649536	0.9989561586638831
0.49152106885919833	0.9989556135770234
0.49126413155190135	0.9989550679205852
0.4910071942446043	0.9989545216936748
0.4907502569373073	0.9989539748953975
0.4904933196300103	0.998953427524856
0.49023638232271327	0.9989528795811519
0.48997944501541624	0.998952331063384
0.4897225077081192	0.9989517819706499
0.4894655704008222	0.9989512323020451
0.4892086330935252	0.9989506820566632
0.48895169578622816	0.9989501312335958
0.4886947584789311	0.9989495798319328
0.48843782117163415	0.998949027850762
0.4881808838643371	0.9989484752891693
0.4879239465570401	0.9989479221462388
0.48766700924974304	0.9989473684210526
0.48741007194244607	0.9989468141126909
0.48715313463514903	0.9989462592202318
0.486896197327852	0.9989457037427517
0.48663926002055496	0.9989451476793249
0.486382322713258	0.9989445910290238
0.48612538540596095	0.9989440337909187
0.4858684480986639	0.9989434759640782
0.4856115107913669	0.9989429175475687
0.4853545734840699	0.9989423585404548
0.4850976361767729	0.9989417989417989
0.48484069886947584	0.9989412387506618
0.4845837615621788	0.9989406779661016
0.4843268242548818	0.9989401165871754
0.4840698869475848	0.9989395546129375
0.48381294964028776	0.9989389920424403
0.4835560123329907	0.9989384288747346
0.48329907502569375	0.9989378651088688
0.4830421377183967	0.9989373007438895
0.4827852004110997	0.998936735778841
0.48252826310380265	0.9989361702127659
0.48227132579650567	0.9989356040447046
0.48201438848920863	0.9989350372736954
0.4817574511819116	0.9989344698987747
0.48150051387461457	0.9989339019189766
0.4812435765673176	0.9989333333333333
0.48098663926002055	0.9989327641408752
0.4807297019527235	0.99893219434063
0.48047276464542654	0.9989316239316239
0.4802158273381295	0.9989310529128808
0.4799588900308325	0.9989304812834224
0.47970195272353544	0.9989299090422686
0.47944501541623846	0.9989293361884368
0.47918807810894143	0.9989287627209427
0.4789311408016444	0.9989281886387996
0.47867420349434736	0.9989276139410188
0.4784172661870504	0.9989270386266095
0.47816032887975335	0.9989264626945786
0.4779033915724563	0.9989258861439313
0.4776464542651593	0.99892530897367
0.4773895169578623	0.9989247311827957
0.47713257965056527	0.9989241527703067
0.47687564234326824	0.9989235737351991
0.4766187050359712	0.9989229940764675
0.4763617677286742	0.9989224137931034
0.4761048304213772	0.9989218328840971
0.47584789311408016	0.9989212513484358
0.4755909558067831	0.9989206691851052
0.47533401849948614	0.9989200863930886
0.4750770811921891	0.9989195029713668
0.4748201438848921	0.9989189189189189
0.47456320657759504	0.9989183342347214
0.47430626927029806	0.9989177489177489
0.47404933196300103	0.9989171629669734
0.473792394655704	0.9989165763813651
0.47353545734840696	0.9989159891598915
0.47327852004111	0.9989154013015185
0.47302158273381295	0.9989148128052089
0.4727646454265159	0.998914223669924
0.4725077081192189	0.9989136338946225
0.4722507708119219	0.9989130434782608
0.47199383350462487	0.9989124524197933
0.47173689619732784	0.998911860718172
0.47147995889003086	0.9989112683723462
0.4712230215827338	0.9989106753812637
0.4709660842754368	0.9989100817438692
0.47070914696813976	0.9989094874591058
0.4704522096608428	0.9989088925259137
0.47019527235354575	0.9989082969432315
0.4699383350462487	0.9989077007099946
0.4696813977389517	0.9989071038251366
0.4694244604316547	0.9989065062875888
0.46916752312435767	0.9989059080962801
0.46891058581706063	0.9989053092501369
0.4686536485097636	0.9989047097480832
0.4683967112024666	0.9989041095890411
0.4681397738951696	0.9989035087719298
0.46788283658787255	0.9989029072956664
0.4676258992805755	0.9989023051591658
0.46736896197327854	0.9989017023613399
0.4671120246659815	0.9989010989010989
0.4668550873586845	0.9989004947773502
0.46659815005138744	0.9988998899889989
0.46634121274409046	0.9988992845349477
0.4660842754367934	0.998898678414097
0.4658273381294964	0.9988980716253444
0.46557040082219936	0.9988974641675854
0.4653134635149024	0.9988968560397132
0.46505652620760535	0.9988962472406181
0.4647995889003083	0.9988956377691883
0.4645426515930113	0.9988950276243094
0.4642857142857143	0.9988944168048646
0.46402877697841727	0.9988938053097345
0.46377183967112023	0.9988931931377975
0.4635149023638232	0.9988925802879292
0.4632579650565262	0.9988919667590028
0.4630010277492292	0.9988913525498891
0.46274409044193215	0.9988907376594565
0.4624871531346352	0.9988901220865705
0.46223021582733814	0.9988895058300944
0.4619732785200411	0.9988888888888889
0.4617163412127441	0.9988882712618121
0.4614594039054471	0.9988876529477196
0.46120246659815006	0.9988870339454646
0.46094552929085303	0.9988864142538976
0.460688591983556	0.9988857938718663
0.460431654676259	0.9988851727982163
0.460174717368962	0.9988845510317903
0.45991778006166495	0.9988839285714286
0.4596608427543679	0.9988833054159687
0.45940390544707094	0.9988826815642458
0.4591469681397739	0.9988820570150923
0.45889003083247687	0.9988814317673378
0.45863309352517984	0.9988808058198098
0.45837615621788286	0.9988801791713325
0.4581192189105858	0.9988795518207283
0.4578622816032888	0.9988789237668162
0.45760534429599176	0.9988782950084127
0.4573484069886948	0.9988776655443322
0.45709146968139774	0.9988770353733858
0.4568345323741007	0.998876404494382
0.4565775950668037	0.9988757729061271
0.4563206577595067	0.9988751406074241
0.45606372045220966	0.9988745075970737
0.45580678314491263	0.9988738738738738
0.4555498458376156	0.9988732394366198
0.4552929085303186	0.9988726042841037
0.4550359712230216	0.9988719684151156
0.45477903391572455	0.9988713318284425
0.4545220966084275	0.9988706945228685
0.45426515930113054	0.9988700564971752
0.4540082219938335	0.9988694177501414
0.45375128468653647	0.998868778280543
0.4534943473792395	0.9988681380871534
0.4529804727646454	0.9988668555240793
0.4527235354573484	0.9988662131519275
0.4524665981500514	0.9988655700510494
0.4522096608427544	0.9988649262202043
0.45195272353545735	0.9988642816581488
0.4516957862281603	0.9988636363636364
0.45143884892086333	0.9988629903354178
0.4511819116135663	0.9988623435722411
0.45092497430626927	0.9988616960728515
0.45066803699897223	0.9988610478359908
0.45041109969167525	0.9988603988603989
0.4501541623843782	0.9988597491448119
0.4498972250770812	0.9988590986879635
0.44964028776978415	0.9988584474885844
0.4493833504624872	0.9988577955454027
0.44912641315519014	0.9988571428571429
0.4486125385405961	0.9988558352402745
0.4483556012332991	0.9988551803091014
0.44809866392600206	0.9988545246277205
0.447841726618705	0.9988538681948425
0.447584789311408	0.9988532110091743
0.447327852004111	0.9988525530694206
0.447070914696814	0.9988518943742825
0.44681397738951695	0.9988512349224583
0.4465570400822199	0.9988505747126437
0.44630010277492294	0.9988499137435307
0.4460431654676259	0.998849252013809
0.44578622816032887	0.9988485895221646
0.44552929085303183	0.9988479262672811
0.44527235354573486	0.9988472622478386
0.4450154162384378	0.9988465974625144
0.4447584789311408	0.9988459319099827
0.44450154162384375	0.9988452655889145
0.4442446043165468	0.998844598497978
0.44398766700924974	0.9988439306358381
0.4437307297019527	0.9988432620011567
0.44347379239465573	0.9988425925925926
0.4432168550873587	0.9988419224088014
0.44295991778006166	0.9988412514484357
0.44270298047276463	0.998840579710145
0.4421891058581706	0.9988392338943702
0.4419321685508736	0.9988385598141696
0.44167523124357655	0.9988378849506101
0.44141829393627957	0.9988372093023256
0.44116135662898254	0.9988365328679465
0.4409044193216855	0.9988358556461001
0.44064748201438847	0.9988351776354106
0.4403905447070915	0.9988344988344988
0.44013360739979446	0.9988338192419826
0.4398766700924974	0.9988331388564761
0.4396197327852004	0.9988324576765908
0.4393627954779034	0.9988317757009346
0.4391058581706064	0.9988310929281122
0.43884892086330934	0.9988304093567252
0.4385919835560123	0.9988297249853716
0.43833504624871533	0.9988290398126464
0.4380781089414183	0.9988283538371412
0.43782117163412126	0.9988276670574443
0.43756423432682423	0.9988269794721407
0.43730729701952725	0.9988262910798122
0.4370503597122302	0.998825601879037
0.4367934224049332	0.9988249118683902
0.43653648509763615	0.9988242210464433
0.4362795477903392	0.9988235294117647
0.43602261048304214	0.9988228369629194
0.4357656731757451	0.9988221436984688
0.43550873586844807	0.9988214496169712
0.4352517985611511	0.9988207547169812
0.43499486125385406	0.9988200589970502
0.434737923946557	0.9988193624557261
0.434224049331963	0.9988179669030733
0.433967112024666	0.9988172678888232
0.43371017471736895	0.9988165680473373
0.43345323741007197	0.9988158673771462
0.43319630010277493	0.9988151658767772
0.4329393627954779	0.998814463544754
0.43268242548818087	0.9988137603795967
0.4324254881808839	0.998813056379822
0.43216855087358685	0.998812351543943
0.4319116135662898	0.9988116458704694
0.4316546762589928	0.9988109393579072
0.4313977389516958	0.998810232004759
0.4311408016443988	0.9988095238095238
0.43088386433710174	0.9988088147706968
0.4306269270298047	0.99880810488677
0.43036998972250773	0.9988073941562313
0.4301130524152107	0.9988066825775657
0.42985611510791366	0.9988059701492538
0.4295991778006166	0.998805256869773
0.42934224049331965	0.9988045427375971
0.4290853031860226	0.9988038277511961
0.4288283658787256	0.9988031119090365
0.42857142857142855	0.9988023952095808
0.42831449126413157	0.9988016776512882
0.42805755395683454	0.9988009592326139
0.4278006166495375	0.9988002399520096
0.42754367934224047	0.9987995198079231
0.4272867420349435	0.9987987987987988
0.42702980472764646	0.9987980769230769
0.4267728674203494	0.9987973541791942
0.4265159301130524	0.9987966305655837
0.4262589928057554	0.9987959060806743
0.4260020554984584	0.9987951807228915
0.42574511819116134	0.9987944544906571
0.42548818088386436	0.9987937273823885
0.42523124357656733	0.9987929993964997
0.4249743062692703	0.998792270531401
0.42471736896197326	0.9987915407854985
0.4244604316546763	0.9987908101571947
0.42420349434737925	0.9987900786448881
0.4239465570400822	0.9987893462469734
0.4236896197327852	0.9987886129618413
0.4234326824254882	0.9987878787878788
0.42317574511819117	0.9987871437234688
0.42291880781089414	0.9987864077669902
0.4226618705035971	0.9987856709168185
0.4224049331963001	0.9987849331713244
0.4221479958890031	0.9987841945288753
0.42189105858170606	0.9987834549878345
0.421634121274409	0.9987827145465612
0.42137718396711205	0.9987819732034104
0.421120246659815	0.9987812309567337
0.420863309352518	0.998780487804878
0.42060637204522094	0.9987797437461867
0.42034943473792397	0.9987789987789988
0.42009249743062693	0.9987782529016493
0.4198355601233299	0.9987775061124694
0.41957862281603286	0.998776758409786
0.4193216855087359	0.9987760097919217
0.41906474820143885	0.9987752602571953
0.4188078108941418	0.9987745098039216
0.4185508735868448	0.9987737584304108
0.4182939362795478	0.9987730061349693
0.4180369989722508	0.9987722529158993
0.41778006166495374	0.9987714987714987
0.4175231243576567	0.9987707437000615
0.4172661870503597	0.998769987699877
0.4170092497430627	0.9987692307692307
0.41675231243576566	0.9987684729064039
0.4164953751284687	0.9987677141096735
0.41623843782117165	0.998766954377312
0.4159815005138746	0.9987661937075879
0.4157245632065776	0.9987654320987654
0.4154676258992806	0.9987646695491044
0.41521068859198357	0.9987639060568603
0.41495375128468653	0.9987631416202845
0.4146968139773895	0.9987623762376238
0.4144398766700925	0.9987616099071207
0.4141829393627955	0.9987608426270136
0.41392600205549845	0.9987600743955363
0.4136690647482014	0.9987593052109182
0.41341212744090444	0.9987585350713842
0.4131551901336074	0.9987577639751553
0.4128982528263104	0.9987569919204475
0.41264131551901334	0.9987562189054726
0.41238437821171636	0.998755444928438
0.41212744090441933	0.9987546699875467
0.4118705035971223	0.9987538940809969
0.41161356628982526	0.9987531172069826
0.4113566289825283	0.9987523393636931
0.41109969167523125	0.9987515605493134
0.4108427543679342	0.9987507807620237
0.4105858170606372	0.99875
0.4103288797533402	0.9987492182614134
0.41007194244604317	0.9987484355444305
0.40981500513874614	0.9987476518472135
0.4095580678314491	0.9987468671679198
0.4093011305241521	0.9987460815047022
0.4090441932168551	0.998745294855709
0.40878725590955806	0.9987445072190835
0.408530318602261	0.9987437185929648
0.40827338129496404	0.9987429289754871
0.408016443987667	0.9987421383647799
0.40775950668037	0.9987413467589679
0.40750256937307294	0.9987405541561712
0.40724563206577596	0.9987397605545053
0.40698869475847893	0.9987389659520807
0.4067317574511819	0.9987381703470032
0.4064748201438849	0.9987373737373737
0.4062178828365879	0.9987365761212887
0.40596094552929085	0.9987357774968394
0.4057040082219938	0.9987349778621126
0.40544707091469684	0.9987341772151899
0.4051901336073998	0.9987333755541482
0.40493319630010277	0.9987325728770595
0.40467625899280574	0.9987317691819911
0.40441932168550876	0.998730964467005
0.4041623843782117	0.9987301587301587
0.4039054470709147	0.9987293519695044
0.40364850976361766	0.9987285441830897
0.4033915724563207	0.9987277353689568
0.40313463514902365	0.9987269255251432
0.4028776978417266	0.9987261146496815
0.4026207605344296	0.9987253027405991
0.4023638232271326	0.9987244897959183
0.40210688591983557	0.9987236758136566
0.40184994861253853	0.9987228607918263
0.4015930113052415	0.9987220447284345
0.4013360739979445	0.9987212276214834
0.4010791366906475	0.9987204094689699
0.40082219938335045	0.998719590268886
0.4005652620760534	0.9987187700192185
0.40030832476875644	0.9987179487179487
0.4000513874614594	0.9987171263630532
0.3997944501541624	0.9987163029525032
0.39953751284686534	0.9987154784842646
0.39928057553956836	0.9987146529562982
0.3990236382322713	0.9987138263665595
0.3987667009249743	0.9987129987129987
0.39850976361767726	0.9987121699935608
0.3982528263103803	0.9987113402061856
0.39799588900308325	0.9987105093488072
0.3977389516957862	0.9987096774193548
0.39748201438848924	0.9987088444157521
0.3972250770811922	0.9987080103359173
0.39696813977389517	0.9987071751777634
0.39671120246659813	0.9987063389391979
0.39645426515930116	0.998705501618123
0.3961973278520041	0.9987046632124352
0.3959403905447071	0.998703823720026
0.39568345323741005	0.9987029831387808
0.3954265159301131	0.9987021414665801
0.39516957862281604	0.9987012987012988
0.394912641315519	0.9987004548408057
0.394655704008222	0.9986996098829649
0.394398766700925	0.9986987638256344
0.39414182939362796	0.9986979166666666
0.39388489208633093	0.9986970684039088
0.3936279547790339	0.9986962190352021
0.3933710174717369	0.9986953685583823
0.3931140801644399	0.9986945169712794
0.39285714285714285	0.9986936642717178
0.3926002055498458	0.9986928104575163
0.39234326824254884	0.9986919555264879
0.3920863309352518	0.9986910994764397
0.39182939362795477	0.9986902423051736
0.39157245632065774	0.9986893840104849
0.39131551901336076	0.9986885245901639
0.3910585817060637	0.9986876640419947
0.3908016443987667	0.9986868023637557
0.39054470709146966	0.9986859395532195
0.3902877697841727	0.9986850756081526
0.39003083247687564	0.9986842105263158
0.3897738951695786	0.9986833443054641
0.3895169578622816	0.9986824769433466
0.3892600205549846	0.998681608437706
0.38900308324768756	0.9986807387862797
0.38874614594039053	0.9986798679867986
0.38848920863309355	0.9986789960369881
0.3882322713257965	0.998678122934567
0.3879753340184995	0.9986772486772487
0.38771839671120245	0.99867637326274
0.3874614594039055	0.9986754966887417
0.38720452209660844	0.998674618952949
0.3869475847893114	0.9986737400530504
0.38669064748201437	0.9986728599867286
0.3864337101747174	0.99867197875166
0.38617677286742036	0.998671096345515
0.3859198355601233	0.9986702127659575
0.3856628982528263	0.9986693280106453
0.3854059609455293	0.9986684420772304
0.3851490236382323	0.9986675549633578
0.38489208633093525	0.9986666666666667
0.3846351490236382	0.9986657771847899
0.38437821171634123	0.9986648865153538
0.3841212744090442	0.9986639946559787
0.38386433710174717	0.9986631016042781
0.38360739979445013	0.9986622073578595
0.3830935251798561	0.9986604152712659
0.3828365878725591	0.9986595174262735
0.38257965056526205	0.9986586183769283
0.3823227132579651	0.9986577181208054
0.38206577595066804	0.9986568166554735
0.381808838643371	0.9986559139784946
0.381551901336074	0.9986550100874243
0.381294964028777	0.9986541049798116
0.38103802672147996	0.9986531986531987
0.3807810894141829	0.9986522911051213
0.3805241521068859	0.9986513823331086
0.3802672147995889	0.9986504723346828
0.3800102774922919	0.9986495611073599
0.37975334018499485	0.9986486486486487
0.37949640287769787	0.9986477349560514
0.37923946557040084	0.9986468200270636
0.3789825282631038	0.998645903859174
0.37872559095580677	0.9986449864498645
0.3784686536485098	0.9986440677966102
0.37821171634121276	0.9986431478968792
0.3779547790339157	0.9986422267481331
0.3776978417266187	0.998641304347826
0.3774409044193217	0.9986403806934059
0.3771839671120247	0.998639455782313
0.37692702980472764	0.998638529611981
0.3766700924974306	0.9986376021798365
0.37641315519013363	0.9986366734832992
0.3761562178828366	0.9986357435197817
0.37589928057553956	0.9986348122866894
0.37564234326824253	0.9986338797814208
0.37538540596094555	0.9986329460013671
0.3751284686536485	0.9986320109439124
0.3748715313463515	0.998631074606434
0.37461459403905445	0.9986301369863013
0.37435765673175747	0.9986291980808774
0.37410071942446044	0.9986282578875172
0.3738437821171634	0.9986273164035689
0.37358684480986637	0.9986263736263736
0.3733299075025694	0.9986254295532646
0.37307297019527236	0.9986244841815681
0.3728160328879753	0.9986235375086029
0.3725590955806783	0.9986225895316805
0.3723021582733813	0.9986216402481047
0.3720452209660843	0.9986206896551724
0.37178828365878724	0.9986197377501725
0.3715313463514902	0.9986187845303868
0.37127440904419323	0.9986178299930891
0.3710174717368962	0.9986168741355463
0.37076053442959916	0.9986159169550173
0.37050359712230213	0.9986149584487535
0.37024665981500515	0.9986139986139986
0.3699897225077081	0.9986130374479889
0.3697327852004111	0.9986120749479528
0.3694758478931141	0.9986111111111111
0.3692189105858171	0.9986101459346769
0.36896197327852004	0.9986091794158554
0.368705035971223	0.9986082115518441
0.368448098663926	0.9986072423398329
0.368191161356629	0.9986062717770035
0.36793422404933196	0.99860529986053
0.3676772867420349	0.9986043265875785
0.36742034943473795	0.9986033519553073
0.3671634121274409	0.9986023759608665
0.3669064748201439	0.9986013986013986
0.36664953751284685	0.9986004198740378
0.36639260020554987	0.9985994397759104
0.36613566289825283	0.9985984583041345
0.3658787255909558	0.9985974754558204
0.36562178828365877	0.9985964912280701
0.3653648509763618	0.9985955056179775
0.36510791366906475	0.9985945186226283
0.3648509763617677	0.9985935302390999
0.3645940390544707	0.9985925404644617
0.3643371017471737	0.9985915492957746
0.3640801644398767	0.9985905567300916
0.36382322713257964	0.998589562764457
0.3635662898252826	0.9985885673959068
0.36330935251798563	0.998587570621469
0.3630524152106886	0.9985865724381625
0.36279547790339156	0.9985855728429985
0.3625385405960945	0.9985845718329794
0.36228160328879755	0.9985835694050992
0.3620246659815005	0.9985825655563431
0.3617677286742035	0.9985815602836879
0.36151079136690645	0.9985805535841022
0.36125385405960947	0.9985795454545454
0.36099691675231244	0.9985785358919688
0.3607399794450154	0.9985775248933144
0.3604830421377184	0.998576512455516
0.3602261048304214	0.9985754985754985
0.35996916752312436	0.9985744832501782
0.3597122302158273	0.9985734664764622
0.35945529290853034	0.9985724482512491
0.3591983556012333	0.9985714285714286
0.3589414182939363	0.9985704074338814
0.35868448098663924	0.9985693848354793
0.35842754367934226	0.9985683607730852
0.35817060637204523	0.998567335243553
0.3579136690647482	0.9985663082437276
0.35765673175745116	0.9985652797704447
0.3573997944501542	0.9985642498205313
0.35714285714285715	0.9985632183908046
0.3568859198355601	0.9985621854780733
0.3566289825282631	0.9985611510791367
0.3563720452209661	0.9985601151907847
0.35611510791366907	0.9985590778097982
0.35585817060637204	0.9985580389329488
0.355601233299075	0.9985569985569985
0.355344295991778	0.9985559566787003
0.355087358684481	0.9985549132947977
0.35483042137718396	0.9985538684020245
0.3545734840698869	0.9985528219971056
0.35431654676258995	0.998551774076756
0.3540596094552929	0.9985507246376811
0.3538026721479959	0.9985496736765772
0.35354573484069884	0.9985486211901307
0.35328879753340187	0.9985475671750181
0.35303186022610483	0.998546511627907
0.3527749229188078	0.9985454545454545
0.35251798561151076	0.9985443959243085
0.3522610483042138	0.9985433357611071
0.35200411099691675	0.9985422740524781
0.35149023638232274	0.9985401459854014
0.3512332990750257	0.9985390796201608
0.35071942446043164	0.9985369422092173
0.35046248715313466	0.9985358711566618
0.3502055498458376	0.9985347985347985
0.3499486125385406	0.998533724340176
0.34969167523124356	0.9985326485693323
0.3494347379239466	0.9985315712187959
0.34917780061664955	0.9985304922850845
0.3489208633093525	0.9985294117647059
0.3486639260020555	0.9985283296541575
0.3484069886947585	0.9985272459499264
0.34815005138746147	0.9985261606484893
0.34789311408016443	0.9985250737463127
0.3476361767728674	0.9985239852398524
0.3473792394655704	0.9985228951255539
0.3471223021582734	0.9985218033998522
0.34686536485097635	0.9985207100591716
0.3466084275436793	0.9985196150999259
0.34635149023638234	0.9985185185185185
0.3460945529290853	0.9985174203113417
0.3458376156217883	0.9985163204747775
0.34558067831449124	0.9985152190051967
0.34532374100719426	0.9985141158989599
0.34506680369989723	0.9985130111524163
0.3448098663926002	0.9985119047619048
0.34455292908530316	0.9985107967237528
0.3442959917780062	0.9985096870342772
0.34403905447070915	0.9985085756897838
0.3437821171634121	0.9985074626865672
0.3435251798561151	0.9985063480209111
0.3432682425488181	0.9985052316890882
0.34301130524152107	0.9985041136873598
0.34275436793422404	0.9985029940119761
0.34249743062692706	0.998501872659176
0.34224049331963	0.9985007496251874
0.341983556012333	0.9984996249062266
0.34172661870503596	0.9984984984984985
0.341469681397739	0.9984973703981969
0.34121274409044194	0.9984962406015038
0.3409558067831449	0.9984951091045899
0.3406988694758479	0.9984939759036144
0.3404419321685509	0.9984928409947249
0.34018499486125386	0.9984917043740573
0.33992805755395683	0.9984905660377359
0.3396711202466598	0.9984894259818731
0.3394141829393628	0.99848828420257
0.3391572456320658	0.9984871406959153
0.33890030832476875	0.9984859954579863
0.3386433710174717	0.9984848484848485
0.33838643371017474	0.9984836997725549
0.3381294964028777	0.9984825493171472
0.33787255909558067	0.9984813971146546
0.33761562178828364	0.9984802431610942
0.33735868448098666	0.9984790874524715
0.3371017471736896	0.9984779299847792
0.3368448098663926	0.9984767707539984
0.33658787255909556	0.9984756097560976
0.3363309352517986	0.9984744469870328
0.33607399794450155	0.9984732824427481
0.3358170606372045	0.998472116119175
0.3355601233299075	0.9984709480122325
0.3353031860226105	0.9984697781178271
0.33478931140801643	0.9984674329501916
0.3345323741007194	0.9984662576687117
0.3342754367934224	0.9984650805832693
0.3340184994861254	0.9984639016897081
0.33376156217882835	0.9984627209838586
0.3335046248715313	0.9984615384615385
0.33324768756423434	0.9984603541185527
0.3329907502569373	0.9984591679506933
0.3327338129496403	0.9984579799537394
0.3324768756423433	0.9984567901234568
0.33221993833504626	0.9984555984555985
0.3319630010277492	0.9984544049459042
0.3317060637204522	0.9984532095901005
0.3314491264131552	0.9984520123839009
0.3311921891058582	0.9984508133230054
0.33093525179856115	0.9984496124031008
0.3306783144912641	0.9984484096198604
0.33042137718396714	0.9984472049689441
0.3301644398766701	0.9984459984459985
0.32990750256937307	0.9984447900466563
0.32965056526207603	0.998443579766537
0.32939362795477906	0.9984423676012462
0.329136690647482	0.9984411535463756
0.328879753340185	0.9984399375975039
0.32862281603288795	0.9984387197501952
0.328365878725591	0.9984375
0.32810894141829394	0.9984362783424551
0.3278520041109969	0.9984350547730829
0.3275950668036999	0.9984338292873923
0.32708119218910586	0.9984313725490196
0.32682425488180883	0.9984301412872841
0.3265673175745118	0.9984289080911233
0.3263103802672148	0.9984276729559748
0.3260534429599178	0.998426435877262
0.32579650565262075	0.9984251968503937
0.3255395683453237	0.9984239558707644
0.32528263103802674	0.998422712933754
0.3250256937307297	0.9984214680347278
0.32476875642343267	0.9984202211690363
0.32451181911613564	0.9984189723320158
0.32425488180883866	0.9984177215189873
0.3239979445015416	0.9984164687252574
0.3237410071942446	0.9984152139461173
0.3234840698869476	0.9984139571768438
0.3232271325796506	0.9984126984126984
0.32297019527235354	0.9984114376489277
0.3227132579650565	0.9984101748807631
0.32245632065775953	0.9984089101034208
0.3221993833504625	0.9984076433121019
0.32194244604316546	0.998406374501992
0.32168550873586843	0.9984051036682615
0.32142857142857145	0.9984038308060654
0.3211716341212744	0.9984025559105432
0.3209146968139774	0.9984012789768185
0.32065775950668035	0.9984
0.3204008221993834	0.9983987189751802
0.32014388489208634	0.9983974358974359
0.3198869475847893	0.9983961507618284
0.31963001027749227	0.9983948635634029
0.3193730729701953	0.9983935742971888
0.31911613566289826	0.9983922829581994
0.3188591983556012	0.998390989541432
0.3186022610483042	0.998389694041868
0.3183453237410072	0.9983883964544722
0.3180883864337102	0.9983870967741936
0.31783144912641315	0.9983857949959645
0.3175745118191161	0.9983844911147012
0.31731757451181913	0.9983831851253031
0.3170606372045221	0.9983818770226537
0.31680369989722507	0.9983805668016195
0.31654676258992803	0.9983792544570502
0.31628982528263105	0.9983779399837794
0.316032887975334	0.9983766233766234
0.315775950668037	0.9983753046303818
0.31551901336073995	0.9983739837398374
0.315262076053443	0.9983726606997559
0.31500513874614594	0.998371335504886
0.3147482014388489	0.9983700081499592
0.31449126413155193	0.99836867862969
0.3142343268242549	0.9983673469387755
0.31397738951695786	0.9983660130718954
0.31346351490236385	0.9983633387888707
0.3132065775950668	0.9983619983619983
0.3129496402877698	0.9983606557377049
0.31243576567317577	0.9983579638752053
0.31217882836587874	0.9983566146261298
0.3119218910585817	0.9983552631578947
0.3114080164439877	0.9983525535420099
0.31115107913669066	0.998351195383347
0.3108941418293936	0.9983498349834984
0.3106372045220966	0.9983484723369116
0.3101233299075026	0.9983457402812241
0.30986639260020554	0.9983443708609272
0.3096094552929085	0.9983429991714996
0.30935251798561153	0.9983416252072969
0.30883864337101746	0.9983388704318937
0.30858170606372043	0.99833748960931
0.30832476875642345	0.9983361064891847
0.3080678314491264	0.9983347210657785
0.3078108941418294	0.9983333333333333
0.30755395683453235	0.9983319432860718
0.30729701952723537	0.998330550918197
0.30704008221993834	0.9983291562238931
0.3067831449126413	0.9983277591973244
0.3062692702980473	0.998324958123953
0.30601233299075026	0.9983235540653814
0.3057553956834532	0.9983221476510067
0.30549845837615625	0.998320738874895
0.3052415210688592	0.9983193277310924
0.3049845837615622	0.9983179142136249
0.30472764645426514	0.9983164983164983
0.30447070914696817	0.9983150800336984
0.30421377183967113	0.9983136593591906
0.3039568345323741	0.9983122362869198
0.30369989722507706	0.9983108108108109
0.3034429599177801	0.9983093829247676
0.30318602261048305	0.9983079526226735
0.302929085303186	0.9983065198983911
0.302672147995889	0.9983050847457627
0.302415210688592	0.998303647158609
0.302158273381295	0.99830220713073
0.30190133607399794	0.9983007646559049
0.3016443987667009	0.9982993197278912
0.3013874614594039	0.9982978723404256
0.3011305241521069	0.9982964224872232
0.30087358684480986	0.9982949701619779
0.3006166495375128	0.9982935153583617
0.30035971223021585	0.9982920580700256
0.3001027749229188	0.9982905982905983
0.2998458376156218	0.998289136013687
0.29958890030832475	0.9982876712328768
0.29933196300102777	0.998286203941731
0.29907502569373073	0.9982847341337907
0.2988180883864337	0.9982832618025751
0.29856115107913667	0.9982817869415808
0.2983042137718397	0.998280309544282
0.2977903391572456	0.9982773471145564
0.2975334018499486	0.9982758620689656
0.2972764645426516	0.998274374460742
0.2970195272353546	0.998272884283247
0.29676258992805754	0.9982713915298185
0.2965056526207605	0.9982698961937716
0.29624871531346353	0.9982683982683983
0.2959917780061665	0.9982668977469671
0.29573484069886946	0.9982653946227233
0.2954779033915725	0.9982638888888888
0.29522096608427545	0.998262380538662
0.2949640287769784	0.9982608695652174
0.2947070914696814	0.9982593559617058
0.2944501541623844	0.9982578397212544
0.29419321685508737	0.998256320836966
0.29393627954779034	0.9982547993019197
0.2936793422404933	0.9982532751091703
0.2934224049331963	0.9982517482517482
0.2931654676258993	0.9982502187226596
0.29290853031860226	0.9982486865148862
0.2926515930113052	0.9982471516213848
0.29239465570400824	0.9982456140350877
0.2921377183967112	0.9982440737489026
0.2918807810894142	0.9982425307557118
0.29162384378211714	0.9982409850483729
0.29136690647482016	0.9982394366197183
0.29110996916752313	0.9982378854625551
0.2908530318602261	0.9982363315696648
0.29059609455292906	0.9982347749338041
0.2903391572456321	0.9982332155477032
0.29008221993833505	0.9982316534040672
0.289825282631038	0.9982300884955753
0.289568345323741	0.9982285208148804
0.289311408016444	0.99822695035461
0.28905447070914697	0.9982253771073647
0.2885405960945529	0.9982222222222222
0.2882836587872559	0.998220640569395
0.2880267214799589	0.9982190560997328
0.28776978417266186	0.9982174688057041
0.2875128468653648	0.9982158786797503
0.28725590955806785	0.9982142857142857
0.2869989722507708	0.998212689901698
0.2867420349434738	0.998211091234347
0.2864850976361768	0.9982094897045658
0.28622816032887977	0.9982078853046595
0.28597122302158273	0.9982062780269059
0.2857142857142857	0.9982046678635548
0.2854573484069887	0.9982030548068284
0.2852004110996917	0.9982014388489209
0.28494347379239465	0.9981998199819982
0.2846865364850976	0.9981981981981982
0.28442959917780064	0.9981965734896303
0.2841726618705036	0.9981949458483754
0.2839157245632066	0.998193315266486
0.28365878725590954	0.9981916817359855
0.28340184994861256	0.9981900452488688
0.2831449126413155	0.9981884057971014
0.2828879753340185	0.9981867633726201
0.28263103802672146	0.9981851179673321
0.2823741007194245	0.9981834695731153
0.2818602261048304	0.9981801637852593
0.2816032887975334	0.9981785063752276
0.2813463514902364	0.9981768459434822
0.28108941418293937	0.9981751824817519
0.28083247687564233	0.9981735159817352
0.2805755395683453	0.9981718464351006
0.2803186022610483	0.9981701738334858
0.2800616649537513	0.9981684981684982
0.27980472764645425	0.998166819431714
0.2795477903391572	0.998165137614679
0.27929085303186024	0.9981634527089073
0.2790339157245632	0.9981617647058824
0.2787769784172662	0.9981600735970562
0.27852004110996914	0.998158379373849
0.27826310380267216	0.9981566820276497
0.27800616649537513	0.9981549815498155
0.2777492291880781	0.9981532779316713
0.2774922918807811	0.9981515711645101
0.2772353545734841	0.9981498612395929
0.27697841726618705	0.9981481481481481
0.27672147995889	0.9981464318813716
0.27646454265159304	0.9981447124304267
0.276207605344296	0.9981429897864438
0.27595066803699897	0.9981412639405205
0.27569373072970194	0.998139534883721
0.27543679342240496	0.9981378026070763
0.2751798561151079	0.9981360671015843
0.2749229188078109	0.9981343283582089
0.27466598150051386	0.9981325863678805
0.2744090441932169	0.9981308411214953
0.27415210688591984	0.9981290926099158
0.2738951695786228	0.99812734082397
0.2736382322713258	0.9981255857544518
0.2733812949640288	0.99812382739212
0.27312435765673176	0.9981220657276996
0.27286742034943473	0.9981203007518797
0.2723535457348407	0.9981167608286252
0.2720966084275437	0.998114985862394
0.27183967112024665	0.9981132075471698
0.2715827338129496	0.9981114258734656
0.27132579650565264	0.998109640831758
0.2710688591983556	0.9981078524124882
0.27081192189105857	0.9981060606060606
0.27055498458376154	0.9981042654028436
0.27029804727646456	0.9981024667931688
0.2700411099691675	0.9981006647673314
0.2697841726618705	0.9980988593155894
0.26952723535457346	0.9980970504281637
0.2692702980472765	0.9980952380952381
0.26901336073997945	0.998093422306959
0.2687564234326824	0.9980916030534351
0.26849948612538543	0.9980897803247374
0.2682425488180884	0.9980879541108987
0.26798561151079137	0.9980861244019139
0.26772867420349433	0.9980842911877394
0.26747173689619735	0.9980824544582934
0.2672147995889003	0.9980806142034548
0.2669578622816033	0.9980787704130644
0.26670092497430625	0.9980769230769231
0.2664439876670093	0.9980750721847931
0.26618705035971224	0.9980732177263969
0.2659301130524152	0.9980713596914176
0.2656731757451182	0.9980694980694981
0.2654162384378212	0.9980676328502416
0.2649023638232271	0.9980638915779284
0.2646454265159301	0.998062015503876
0.2643884892086331	0.9980601357904947
0.2641315519013361	0.9980582524271845
0.26387461459403905	0.9980563654033042
0.263617677286742	0.9980544747081712
0.26336073997944504	0.9980525803310614
0.263103802672148	0.9980506822612085
0.26284686536485097	0.9980487804878049
0.26258992805755393	0.998046875
0.26233299075025696	0.9980449657869013
0.2620760534429599	0.9980430528375733
0.2618191161356629	0.9980411361410382
0.26156217882836585	0.9980392156862745
0.2613052415210689	0.9980372914622179
0.26104830421377184	0.9980353634577603
0.2607913669064748	0.9980334316617503
0.2605344295991778	0.9980314960629921
0.2602774922918808	0.9980295566502463
0.26002055498458376	0.9980276134122288
0.25976361767728673	0.998025666337611
0.2595066803699897	0.9980237154150198
0.2592497430626927	0.9980217606330366
0.2589928057553957	0.998019801980198
0.25873586844809865	0.998017839444995
0.25847893114080167	0.998015873015873
0.25822199383350464	0.9980139026812314
0.2579650565262076	0.9980119284294234
0.25770811921891057	0.9980099502487563
0.2574511819116136	0.99800796812749
0.25719424460431656	0.9980059820538385
0.2569373072970195	0.998003992015968
0.2566803699897225	0.998001998001998
0.2564234326824255	0.998
0.2561664953751285	0.997997997997998
0.25590955806783144	0.9979959919839679
0.2556526207605344	0.9979939819458375
0.25539568345323743	0.9979919678714859
0.2551387461459404	0.9979899497487437
0.25488180883864336	0.9979879275653923
0.25462487153134633	0.9979859013091642
0.25436793422404935	0.9979838709677419
0.2541109969167523	0.9979818365287588
0.2538540596094553	0.997979797979798
0.25359712230215825	0.9979777553083923
0.2533401849948613	0.9979757085020243
0.25308324768756424	0.9979736575481256
0.25256937307297017	0.9979695431472081
0.2523124357656732	0.9979674796747967
0.25205549845837616	0.9979654120040692
0.2517985611510791	0.9979633401221996
0.2515416238437821	0.9979612640163099
0.2512846865364851	0.9979591836734694
0.2510277492291881	0.9979570990806946
0.25077081192189105	0.9979550102249489
0.250513874614594	0.9979529170931423
0.25025693730729703	0.9979508196721312
0.25	0.997948717948718
0.249743062692703	0.997946611909651
0.24948612538540596	0.9979445015416238
0.24922918807810895	0.9979423868312757
0.24897225077081192	0.9979402677651905
0.24871531346351491	0.9979381443298969
0.24845837615621788	0.9979360165118679
0.24820143884892087	0.9979338842975206
0.24794450154162384	0.9979317476732161
0.24768756423432683	0.9979296066252588
0.2474306269270298	0.9979274611398964
0.2471736896197328	0.9979253112033195
0.24691675231243576	0.9979231568016614
0.24665981500513876	0.997920997920998
0.24640287769784172	0.9979188345473465
0.24614594039054472	0.9979166666666667
0.24588900308324768	0.9979144942648592
0.24563206577595068	0.9979123173277662
0.24537512846865364	0.9979101358411703
0.24511819116135664	0.997907949790795
0.2448612538540596	0.9979057591623036
0.2446043165467626	0.9979035639412998
0.24434737923946556	0.9979013641133263
0.24409044193216856	0.9978991596638656
0.24383350462487152	0.9978969505783386
0.24357656731757452	0.9978947368421053
0.24331963001027748	0.9978925184404637
0.24306269270298048	0.9978902953586498
0.24280575539568344	0.9978880675818373
0.24254881808838644	0.9978858350951374
0.2422918807810894	0.9978835978835979
0.2420349434737924	0.9978813559322034
0.24177800616649536	0.9978791092258749
0.24152106885919836	0.9978768577494692
0.24126413155190132	0.997874601487779
0.24100719424460432	0.997872340425532
0.24075025693730728	0.9978700745473909
0.24049331963001028	0.997867803837953
0.24023638232271327	0.9978655282817502
0.23997944501541624	0.9978632478632479
0.23972250770811923	0.9978609625668449
0.2394655704008222	0.9978586723768736
0.2392086330935252	0.9978563772775991
0.23895169578622816	0.9978540772532188
0.23869475847893115	0.9978517722878625
0.23843782117163412	0.9978494623655914
0.2381808838643371	0.9978471474703983
0.23792394655704008	0.9978448275862069
0.23766700924974307	0.9978425026968716
0.23741007194244604	0.9978401727861771
0.23715313463514903	0.9978378378378379
0.236896197327852	0.9978354978354979
0.236639260020555	0.9978331527627302
0.23638232271325796	0.9978308026030369
0.23612538540596095	0.997828447339848
0.23586844809866392	0.9978260869565218
0.2356115107913669	0.9978237214363439
0.23535457348406988	0.9978213507625272
0.23509763617677287	0.9978189749182116
0.23484069886947584	0.9978165938864629
0.23458376156217883	0.9978142076502732
0.2343268242548818	0.9978118161925602
0.2340698869475848	0.9978094194961665
0.23381294964028776	0.9978070175438597
0.23355601233299075	0.9978046103183315
0.23329907502569372	0.9978021978021978
0.2330421377183967	0.9977997799779978
0.23278520041109968	0.9977973568281938
0.23252826310380267	0.9977949283351709
0.23227132579650564	0.9977924944812362
0.23201438848920863	0.9977900552486187
0.2317574511819116	0.9977876106194691
0.2315005138746146	0.9977851605758582
0.2312435765673176	0.9977827050997783
0.23098663926002055	0.9977802441731409
0.23072970195272355	0.9977777777777778
0.23047276464542651	0.9977753058954394
0.2302158273381295	0.9977728285077951
0.22995889003083247	0.9977703455964325
0.22970195272353547	0.9977678571428571
0.22944501541623843	0.9977653631284916
0.22918807810894143	0.9977628635346756
0.2289311408016444	0.9977603583426652
0.2286742034943474	0.9977578475336323
0.22841726618705036	0.9977553310886644
0.22816032887975335	0.9977528089887641
0.22790339157245632	0.9977502812148481
0.2276464542651593	0.9977477477477478
0.22738951695786228	0.9977452085682075
0.22713257965056527	0.9977426636568849
0.22687564234326824	0.9977401129943503
0.22661870503597123	0.997737556561086
0.2261048304213772	0.9977324263038548
0.22584789311408016	0.9977298524404086
0.22559095580678315	0.9977272727272727
0.22533401849948612	0.9977246871444824
0.2250770811921891	0.9977220956719818
0.22482014388489208	0.9977194982896237
0.22456320657759507	0.997716894977169
0.22430626927029804	0.9977142857142857
0.22404933196300103	0.9977116704805492
0.223535457348407	0.9977064220183486
0.22327852004110996	0.9977037887485649
0.22302158273381295	0.9977011494252873
0.22276464542651592	0.997698504027618
0.2225077081192189	0.9976958525345622
0.22225077081192188	0.9976931949250288
0.22199383350462487	0.9976905311778291
0.22173689619732787	0.9976878612716763
0.22147995889003083	0.9976851851851852
0.22070914696813979	0.9976771196283392
0.22045220966084275	0.9976744186046511
0.22019527235354575	0.9976717112922002
0.2199383350462487	0.9976689976689976
0.2196813977389517	0.9976662777129521
0.21942446043165467	0.9976635514018691
0.21916752312435767	0.9976608187134502
0.21891058581706063	0.9976580796252927
0.21865364850976363	0.9976553341148886
0.2183967112024666	0.9976525821596244
0.2181397738951696	0.9976498237367802
0.21788283658787255	0.9976470588235294
0.21762589928057555	0.9976442873969376
0.2171120246659815	0.9976387249114522
0.21685508735868447	0.9976359338061466
0.21659815005138747	0.9976331360946745
0.21634121274409043	0.9976303317535545
0.21608427543679343	0.9976275207591934
0.2158273381294964	0.997624703087886
0.2155704008221994	0.9976218787158145
0.21531346351490235	0.9976190476190476
0.21505652620760535	0.9976162097735399
0.2147995889003083	0.9976133651551312
0.2145426515930113	0.997610513739546
0.21428571428571427	0.9976076555023924
0.21428571428571427	0.9988023952095808
0.21402877697841727	0.9988009592326139
0.21377183967112023	0.9987995198079231
0.21351490236382323	0.9987980769230769
0.2132579650565262	0.9987966305655837
0.2130010277492292	0.9987951807228915
0.21274409044193218	0.9987937273823885
0.21248715313463515	0.998792270531401
0.21223021582733814	0.9987908101571947
0.2119732785200411	0.9987893462469734
0.2117163412127441	0.9987878787878788
0.21145940390544707	0.9987864077669902
0.21120246659815006	0.9987849331713244
0.21094552929085303	0.9987834549878345
0.21068859198355602	0.9987819732034104
0.210431654676259	0.998780487804878
0.21017471736896198	0.9987789987789988
0.20991778006166495	0.9987775061124694
0.20966084275436794	0.9987760097919217
0.2094039054470709	0.9987745098039216
0.2091469681397739	0.9987730061349693
0.20889003083247687	0.9987714987714987
0.20863309352517986	0.998769987699877
0.20837615621788283	0.9987684729064039
0.20811921891058582	0.998766954377312
0.2078622816032888	0.9987654320987654
0.20760534429599178	0.9987639060568603
0.20734840698869475	0.9987623762376238
0.20709146968139774	0.9987608426270136
0.2065775950668037	0.9987577639751553
0.20632065775950667	0.9987562189054726
0.20606372045220966	0.9987546699875467
0.20580678314491263	0.9987531172069826
0.20554984583761562	0.9987515605493134
0.2052929085303186	0.99875
0.20503597122302158	0.9987484355444305
0.20477903391572455	0.9987468671679198
0.20452209660842754	0.998745294855709
0.2042651593011305	0.9987437185929648
0.2040082219938335	0.9987421383647799
0.20375128468653647	0.9987405541561712
0.20349434737923947	0.9987389659520807
0.20323741007194246	0.9987373737373737
0.20298047276464543	0.9987357774968394
0.20195272353545735	0.9987293519695044
0.20169578622816034	0.9987277353689568
0.2014388489208633	0.9987261146496815
0.2011819116135663	0.9987244897959183
0.20092497430626927	0.9987228607918263
0.20066803699897226	0.9987212276214834
0.20041109969167523	0.998719590268886
0.20015416238437822	0.9987179487179487
0.19964028776978418	0.9987146529562982
0.19938335046248715	0.9987129987129987
0.19912641315519014	0.9987113402061856
0.1988694758478931	0.9987096774193548
0.1986125385405961	0.9987080103359173
0.19835560123329907	0.9987063389391979
0.19784172661870503	0.9987029831387808
0.19758478931140802	0.9987012987012988
0.197327852004111	0.9986996098829649
0.19707091469681398	0.9986979166666666
0.19681397738951695	0.9986962190352021
0.19655704008221994	0.9986945169712794
0.1963001027749229	0.9986928104575163
0.1960431654676259	0.9986910994764397
0.19578622816032887	0.9986893840104849
0.19552929085303186	0.9986876640419947
0.19527235354573483	0.9986859395532195
0.19501541623843782	0.9986842105263158
0.1947584789311408	0.9986824769433466
0.19450154162384378	0.9986807387862797
0.19424460431654678	0.9986789960369881
0.19398766700924974	0.9986772486772487
0.19373072970195274	0.9986754966887417
0.1934737923946557	0.9986737400530504
0.1932168550873587	0.99867197875166
0.19295991778006166	0.9986702127659575
0.19270298047276466	0.9986684420772304
0.19244604316546762	0.9986666666666667
0.19218910585817062	0.9986648865153538
0.19193216855087358	0.9986631016042781
0.19167523124357658	0.998661311914324
0.19141829393627954	0.9986595174262735
0.19116135662898254	0.9986577181208054
0.1906474820143885	0.9986541049798116
0.19039054470709146	0.9986522911051213
0.19013360739979446	0.9986504723346828
0.18987667009249742	0.9986486486486487
0.18961973278520042	0.9986468200270636
0.18936279547790338	0.9986449864498645
0.18910585817060638	0.9986431478968792
0.18884892086330934	0.998641304347826
0.18859198355601234	0.998639455782313
0.1883350462487153	0.9986376021798365
0.1880781089414183	0.9986357435197817
0.18756423432682426	0.9986320109439124
0.18730729701952722	0.9986301369863013
0.18705035971223022	0.9986282578875172
0.18679342240493318	0.9986263736263736
0.18653648509763618	0.9986244841815681
0.18627954779033915	0.9986225895316805
0.18602261048304214	0.9986206896551724
0.1857656731757451	0.9986187845303868
0.1855087358684481	0.9986168741355463
0.18525179856115107	0.9986149584487535
0.18499486125385406	0.9986130374479889
0.18473792394655705	0.9986111111111111
0.18448098663926002	0.9986091794158554
0.184224049331963	0.9986072423398329
0.18396711202466598	0.99860529986053
0.18371017471736897	0.9986033519553073
0.18345323741007194	0.9986013986013986
0.18319630010277493	0.9985994397759104
0.1829393627954779	0.9985974754558204
0.1826824254881809	0.9985955056179775
0.18242548818088386	0.9985935302390999
0.18216855087358685	0.9985915492957746
0.18191161356628982	0.998589562764457
0.18165467625899281	0.998587570621469
0.18139773895169578	0.9985855728429985
0.18114080164439877	0.9985835694050992
0.18088386433710174	0.9985815602836879
0.18062692702980473	0.9985795454545454
0.1803699897225077	0.9985775248933144
0.17985611510791366	0.9985734664764622
0.17959917780061666	0.9985714285714286
0.17934224049331962	0.9985693848354793
0.17908530318602262	0.998567335243553
0.17882836587872558	0.9985652797704447
0.17857142857142858	0.9985632183908046
0.17831449126413154	0.9985611510791367
0.17805755395683454	0.9985590778097982
0.1778006166495375	0.9985569985569985
0.1775436793422405	0.9985549132947977
0.17728674203494346	0.9985528219971056
0.17702980472764646	0.9985507246376811
0.17651593011305242	0.998546511627907
0.17600205549845838	0.9985422740524781
0.17574511819116137	0.9985401459854014
0.17548818088386434	0.9985380116959064
0.17523124357656733	0.9985358711566618
0.1749743062692703	0.998533724340176
0.1747173689619733	0.9985315712187959
0.17446043165467626	0.9985294117647059
0.17394655704008222	0.9985250737463127
0.1736896197327852	0.9985228951255539
0.17317574511819117	0.9985185185185185
0.17291880781089414	0.9985163204747775
0.17266187050359713	0.9985141158989599
0.1724049331963001	0.9985119047619048
0.1721479958890031	0.9985096870342772
0.17189105858170606	0.9985074626865672
0.17163412127440905	0.9985052316890882
0.17137718396711202	0.9985029940119761
0.171120246659815	0.9985007496251874
0.17086330935251798	0.9984984984984985
0.17060637204522097	0.9984962406015038
0.17009249743062693	0.9984917043740573
0.1698355601233299	0.9984894259818731
0.1695786228160329	0.9984871406959153
0.16932168550873586	0.9984848484848485
0.16906474820143885	0.9984825493171472
0.16880781089414182	0.9984802431610942
0.1685508735868448	0.9984779299847792
0.16829393627954778	0.9984756097560976
0.16803699897225077	0.9984732824427481
0.16778006166495374	0.9984709480122325
0.16752312435765673	0.998468606431853
0.1672661870503597	0.9984662576687117
0.16675231243576566	0.9984615384615385
0.16649537512846865	0.9984591679506933
0.16623843782117165	0.9984567901234568
0.1659815005138746	0.9984544049459042
0.1657245632065776	0.9984520123839009
0.16546762589928057	0.9984496124031008
0.16521068859198357	0.9984472049689441
0.16495375128468653	0.9984447900466563
0.16469681397738953	0.9984423676012462
0.1644398766700925	0.9984399375975039
0.1641829393627955	0.9984375
0.16392600205549845	0.9984350547730829
0.16366906474820145	0.9984326018808778
0.16341212744090441	0.9984301412872841
0.1631551901336074	0.9984276729559748
0.16289825282631037	0.9984251968503937
0.16264131551901337	0.998422712933754
0.16238437821171633	0.9984202211690363
0.16212744090441933	0.9984177215189873
0.1618705035971223	0.9984152139461173
0.1616135662898253	0.9984126984126984
0.16135662898252826	0.9984101748807631
0.16109969167523125	0.9984076433121019
0.16084275436793422	0.9984051036682615
0.1605858170606372	0.9984025559105432
0.16032887975334018	0.9984
0.16007194244604317	0.9983974358974359
0.15981500513874614	0.9983948635634029
0.15955806783144913	0.9983922829581994
0.1593011305241521	0.998389694041868
0.1590441932168551	0.9983870967741936
0.15878725590955806	0.9983844911147012
0.15853031860226105	0.9983818770226537
0.15827338129496402	0.9983792544570502
0.158016443987667	0.9983766233766234
0.15775950668036998	0.9983739837398374
0.15750256937307297	0.998371335504886
0.15724563206577596	0.99836867862969
0.15698869475847893	0.9983660130718954
0.15673175745118192	0.9983633387888707
0.1564748201438849	0.9983606557377049
0.15596094552929085	0.9983552631578947
0.15570400822199384	0.9983525535420099
0.1554470709146968	0.9983498349834984
0.1551901336073998	0.9983471074380166
0.15493319630010277	0.9983443708609272
0.15467625899280577	0.9983416252072969
0.15441932168550873	0.9983388704318937
0.15416238437821173	0.9983361064891847
0.1539054470709147	0.9983333333333333
0.15364850976361769	0.998330550918197
0.15339157245632065	0.9983277591973244
0.15313463514902365	0.998324958123953
0.1528776978417266	0.9983221476510067
0.1526207605344296	0.9983193277310924
0.15236382322713257	0.9983164983164983
0.15210688591983557	0.9983136593591906
0.15184994861253853	0.9983108108108109
0.15159301130524153	0.9983079526226735
0.1513360739979445	0.9983050847457627
0.1510791366906475	0.99830220713073
0.15082219938335045	0.9982993197278912
0.15056526207605345	0.9982964224872232
0.1503083247687564	0.9982935153583617
0.1500513874614594	0.9982905982905983
0.14979445015416237	0.9982876712328768
0.14953751284686537	0.9982847341337907
0.14928057553956833	0.9982817869415808
0.14902363823227133	0.9982788296041308
0.1487667009249743	0.9982758620689656
0.1485097636176773	0.998272884283247
0.14825282631038025	0.9982698961937716
0.14799588900308325	0.9982668977469671
0.14773895169578624	0.9982638888888888
0.1474820143884892	0.9982608695652174
0.1472250770811922	0.9982578397212544
0.14696813977389517	0.9982547993019197
0.14671120246659816	0.9982517482517482
0.14645426515930113	0.9982486865148862
0.14619732785200412	0.9982456140350877
0.1459403905447071	0.9982425307557118
0.14542651593011305	0.9982363315696648
0.14516957862281604	0.9982332155477032
0.144912641315519	0.9982300884955753
0.144655704008222	0.99822695035461
0.14439876670092497	0.9982238010657194
0.14414182939362796	0.998220640569395
0.14388489208633093	0.9982174688057041
0.14362795477903392	0.9982142857142857
0.1433710174717369	0.998211091234347
0.14311408016443988	0.9982078853046595
0.14285714285714285	0.9982046678635548
0.14260020554984584	0.9982014388489209
0.1423432682425488	0.9981981981981982
0.1420863309352518	0.9981949458483754
0.14182939362795477	0.9981916817359855
0.14157245632065776	0.9981884057971014
0.14131551901336073	0.9981851179673321
0.14105858170606372	0.9981818181818182
0.1408016443987667	0.9981785063752276
0.14028776978417265	0.9981718464351006
0.14003083247687564	0.9981684981684982
0.1397738951695786	0.998165137614679
0.1395169578622816	0.9981617647058824
0.13926002055498457	0.998158379373849
0.13900308324768756	0.9981549815498155
0.13874614594039056	0.9981515711645101
0.13848920863309352	0.9981481481481481
0.13823227132579652	0.9981447124304267
0.13797533401849948	0.9981412639405205
0.13771839671120248	0.9981378026070763
0.13746145940390544	0.9981343283582089
0.1369475847893114	0.99812734082397
0.1366906474820144	0.99812382739212
0.13643371017471737	0.9981203007518797
0.13617677286742036	0.9981167608286252
0.13591983556012333	0.9981132075471698
0.13566289825282632	0.998109640831758
0.13540596094552929	0.9981060606060606
0.13514902363823228	0.9981024667931688
0.13489208633093525	0.9980988593155894
0.13463514902363824	0.9980952380952381
0.1343782117163412	0.9980916030534351
0.1341212744090442	0.9980879541108987
0.13360739979445016	0.9980806142034548
0.13335046248715313	0.9980769230769231
0.13309352517985612	0.9980732177263969
0.1328365878725591	0.9980694980694981
0.13257965056526208	0.9980657640232108
0.13232271325796505	0.998062015503876
0.13206577595066804	0.9980582524271845
0.131808838643371	0.9980544747081712
0.131551901336074	0.9980506822612085
0.13129496402877697	0.998046875
0.13103802672147996	0.9980430528375733
0.13078108941418293	0.9980392156862745
0.13052415210688592	0.9980353634577603
0.1302672147995889	0.9980314960629921
0.13001027749229188	0.9980276134122288
0.12975334018499485	0.9980237154150198
0.12949640287769784	0.998019801980198
0.12923946557040084	0.998015873015873
0.1289825282631038	0.9980119284294234
0.1287255909558068	0.99800796812749
0.12846865364850976	0.998003992015968
0.12821171634121276	0.998
0.12795477903391572	0.9979959919839679
0.12769784172661872	0.9979919678714859
0.12744090441932168	0.9979879275653923
0.12718396711202468	0.9979838709677419
0.12667009249743064	0.9979757085020243
0.1264131551901336	0.9979716024340771
0.1261562178828366	0.9979674796747967
0.12589928057553956	0.9979633401221996
0.12564234326824256	0.9979591836734694
0.12512846865364852	0.9979508196721312
0.1248715313463515	0.997946611909651
0.12461459403905448	0.9979423868312757
0.12435765673175746	0.9979381443298969
0.12410071942446044	0.9979338842975206
0.12384378211716342	0.9979296066252588
0.1235868448098664	0.9979253112033195
0.12332990750256938	0.997920997920998
0.12307297019527236	0.9979166666666667
0.12281603288797534	0.9979123173277662
0.12255909558067832	0.997907949790795
0.1223021582733813	0.9979035639412998
0.12204522096608428	0.9978991596638656
0.12178828365878726	0.9978947368421053
0.12153134635149024	0.9978902953586498
0.12127440904419322	0.9978858350951374
0.1210174717368962	0.9978813559322034
0.12076053442959918	0.9978768577494692
0.12050359712230216	0.997872340425532
0.12024665981500514	0.997867803837953
0.11998972250770812	0.9978632478632479
0.1197327852004111	0.9978586723768736
0.11947584789311408	0.9978540772532188
0.11896197327852004	0.9978448275862069
0.11870503597122302	0.9978401727861771
0.118448098663926	0.9978354978354979
0.11819116135662898	0.9978308026030369
0.11793422404933196	0.9978260869565218
0.11767728674203494	0.9978213507625272
0.11767728674203494	1.0
0.11742034943473792	1.0
0.1171634121274409	1.0
0.11664953751284686	1.0
0.11639260020554984	1.0
0.11613566289825282	1.0
0.1158787255909558	1.0
0.1156217882836588	1.0
0.11536485097636177	1.0
0.11485097636176773	1.0
0.11459403905447071	1.0
0.1143371017471737	1.0
0.11408016443987667	1.0
0.11382322713257965	1.0
0.11356628982528263	1.0
0.11330935251798561	1.0
0.1130524152106886	1.0
0.11279547790339157	1.0
0.11253854059609456	1.0
0.11228160328879754	1.0
0.11202466598150052	1.0
0.1117677286742035	1.0
0.11125385405960946	1.0
0.11099691675231244	1.0
0.11073997944501542	1.0
0.1104830421377184	1.0
0.11022610483042138	1.0
0.10996916752312436	1.0
0.10971223021582734	1.0
0.10945529290853032	1.0
0.1091983556012333	1.0
0.10894141829393628	1.0
0.10868448098663926	1.0
0.10842754367934224	1.0
0.10817060637204522	1.0
0.1079136690647482	1.0
0.10765673175745118	1.0
0.10739979445015416	1.0
0.10714285714285714	1.0
0.10688591983556012	1.0
0.1066289825282631	1.0
0.10637204522096609	1.0
0.10611510791366907	1.0
0.10585817060637205	1.0
0.10560123329907503	1.0
0.10534429599177801	1.0
0.10508735868448099	1.0
0.10483042137718397	1.0
0.10457348406988695	1.0
0.10431654676258993	1.0
0.10405960945529291	1.0
0.10380267214799589	1.0
0.10354573484069887	1.0
0.10328879753340185	1.0
0.10303186022610483	1.0
0.10251798561151079	1.0
0.10226104830421377	1.0
0.10200411099691675	1.0
0.10123329907502569	1.0
0.10097636176772867	1.0
0.10071942446043165	1.0
0.10046248715313463	1.0
0.10020554984583761	1.0
0.0999486125385406	1.0
0.09969167523124357	1.0
0.09943473792394655	1.0
0.09917780061664953	1.0
0.09892086330935251	1.0
0.0986639260020555	1.0
0.09840698869475847	1.0
0.09815005138746145	1.0
0.09789311408016443	1.0
0.0973792394655704	1.0
0.09712230215827339	1.0
0.09686536485097637	1.0
0.09660842754367935	1.0
0.09635149023638233	1.0
0.09609455292908531	1.0
0.09583761562178829	1.0
0.09558067831449127	1.0
0.09532374100719425	1.0
0.09506680369989723	1.0
0.09480986639260021	1.0
0.09455292908530319	1.0
0.09429599177800617	1.0
0.09403905447070915	1.0
0.09378211716341213	1.0
0.09352517985611511	1.0
0.09326824254881809	1.0
0.09301130524152107	1.0
0.09275436793422405	1.0
0.09249743062692703	1.0
0.09224049331963001	1.0
0.09198355601233299	1.0
0.09172661870503597	1.0
0.09146968139773895	1.0
0.09121274409044193	1.0
0.09095580678314491	1.0
0.09069886947584789	1.0
0.09044193216855087	1.0
0.09018499486125385	1.0
0.08992805755395683	1.0
0.08967112024665981	1.0
0.08941418293936279	1.0
0.08915724563206577	1.0
0.08890030832476875	1.0
0.08864337101747173	1.0
0.08812949640287769	1.0
0.08787255909558069	1.0
0.08761562178828367	1.0
0.08735868448098665	1.0
0.08710174717368963	1.0
0.0868448098663926	1.0
0.08658787255909559	1.0
0.08633093525179857	1.0
0.08607399794450155	1.0
0.0855601233299075	1.0
0.08530318602261049	1.0
0.08504624871531347	1.0
0.08478931140801645	1.0
0.08453237410071943	1.0
0.0842754367934224	1.0
0.08401849948612539	1.0
0.08376156217882837	1.0
0.08350462487153135	1.0
0.08324768756423433	1.0
0.0829907502569373	1.0
0.08273381294964029	1.0
0.08247687564234327	1.0
0.08221993833504625	1.0
0.08196300102774923	1.0
0.08170606372045221	1.0
0.08144912641315519	1.0
0.08119218910585817	1.0
0.08093525179856115	1.0
0.08067831449126413	1.0
0.08042137718396711	1.0
0.08016443987667009	1.0
0.07990750256937307	1.0
0.07965056526207605	1.0
0.07939362795477903	1.0
0.07913669064748201	1.0
0.07862281603288798	1.0
0.07836587872559096	1.0
0.07810894141829394	1.0
0.07785200411099692	1.0
0.0775950668036999	1.0
0.07733812949640288	1.0
0.07682425488180884	1.0
0.0763103802672148	1.0
0.07605344295991778	1.0
0.07579650565262076	1.0
0.07553956834532374	1.0
0.07528263103802672	1.0
0.0750256937307297	1.0
0.07476875642343268	1.0
0.07451181911613566	1.0
0.07425488180883864	1.0
0.07399794450154162	1.0
0.0737410071942446	1.0
0.07348406988694758	1.0
0.07322713257965056	1.0
0.07297019527235354	1.0
0.07271325796505652	1.0
0.0724563206577595	1.0
0.07219938335046248	1.0
0.07194244604316546	1.0
0.07142857142857142	1.0
0.0711716341212744	1.0
0.07091469681397738	1.0
0.07065775950668036	1.0
0.07040082219938334	1.0
0.07014388489208633	1.0
0.0698869475847893	1.0
0.06963001027749229	1.0
0.06937307297019528	1.0
0.06911613566289826	1.0
0.06885919835560124	1.0
0.06860226104830422	1.0
0.0683453237410072	1.0
0.06808838643371018	1.0
0.06783144912641316	1.0
0.06757451181911614	1.0
0.06731757451181912	1.0
0.0670606372045221	1.0
0.06680369989722508	1.0
0.06654676258992806	1.0
0.06628982528263104	1.0
0.06603288797533402	1.0
0.065775950668037	1.0
0.06551901336073998	1.0
0.06526207605344296	1.0
0.06500513874614594	1.0
0.06474820143884892	1.0
0.0644912641315519	1.0
0.06423432682425488	1.0
0.06397738951695786	1.0
0.06372045220966084	1.0
0.0632065775950668	1.0
0.06294964028776978	1.0
0.06269270298047276	1.0
0.06243576567317575	1.0
0.06192189105858171	1.0
0.06166495375128469	1.0
0.06140801644398767	1.0
0.06115107913669065	1.0
0.06089414182939363	1.0
0.06038026721479959	1.0
0.06012332990750257	1.0
0.05986639260020555	1.0
0.05960945529290853	1.0
0.05935251798561151	1.0
0.05909558067831449	1.0
0.05883864337101747	1.0
0.05858170606372045	1.0
0.05832476875642343	1.0
0.05806783144912641	1.0
0.0578108941418294	1.0
0.05755395683453238	1.0
0.05729701952723536	1.0
0.05704008221993834	1.0
0.05678314491264132	1.0
0.0565262076053443	1.0
0.05626927029804728	1.0
0.05601233299075026	1.0
0.05575539568345324	1.0
0.05549845837615622	1.0
0.0552415210688592	1.0
0.05498458376156218	1.0
0.05472764645426516	1.0
0.05447070914696814	1.0
0.05421377183967112	1.0
0.0539568345323741	1.0
0.05369989722507708	1.0
0.05344295991778006	1.0
0.053186022610483046	1.0
0.052929085303186026	1.0
0.052672147995889006	1.0
0.052158273381294966	1.0
0.051901336073997946	1.0
0.051644398766700926	1.0
0.051130524152106886	1.0
0.050873586844809866	1.0
0.050616649537512846	1.0
0.050359712230215826	1.0
0.05010277492291881	1.0
0.04984583761562179	1.0
0.04958890030832477	1.0
0.04933196300102775	1.0
0.04907502569373073	1.0
0.04881808838643371	1.0
0.048561151079136694	1.0
0.048304213771839674	1.0
0.048047276464542654	1.0
0.047790339157245634	1.0
0.047533401849948614	1.0
0.047276464542651594	1.0
0.047019527235354575	1.0
0.046762589928057555	1.0
0.046505652620760535	1.0
0.046248715313463515	1.0
0.045991778006166495	1.0
0.045477903391572455	1.0
0.045220966084275435	1.0
0.044964028776978415	1.0
0.044707091469681395	1.0
0.044450154162384375	1.0
0.044193216855087356	1.0
0.04393627954779034	1.0
0.04367934224049332	1.0
0.0434224049331963	1.0
0.04316546762589928	1.0
0.04290853031860226	1.0
0.04265159301130524	1.0
0.04239465570400822	1.0
0.0421377183967112	1.0
0.04188078108941418	1.0
0.04162384378211716	1.0
0.04136690647482014	1.0
0.040853031860226104	1.0
0.040596094552929084	1.0
0.040339157245632064	1.0
0.040082219938335044	1.0
0.039825282631038024	1.0
0.03931140801644399	1.0
0.03879753340184995	1.0
0.03828365878725591	1.0
0.03802672147995889	1.0
0.03776978417266187	1.0
0.03751284686536485	1.0
0.03725590955806783	1.0
0.03699897225077081	1.0
0.03674203494347379	1.0
0.03648509763617677	1.0
0.03622816032887975	1.0
0.03597122302158273	1.0
0.03571428571428571	1.0
0.03545734840698869	1.0
0.03520041109969167	1.0
0.03494347379239465	1.0
0.03468653648509764	1.0
0.03442959917780062	1.0
0.0341726618705036	1.0
0.03391572456320658	1.0
0.03365878725590956	1.0
0.03340184994861254	1.0
0.03314491264131552	1.0
0.03263103802672148	1.0
0.03237410071942446	1.0
0.03211716341212744	1.0
0.03186022610483042	1.0
0.0316032887975334	1.0
0.03134635149023638	1.0
0.031089414182939364	1.0
0.030575539568345324	1.0
0.030318602261048305	1.0
0.030061664953751285	1.0
0.029804727646454265	1.0
0.029290853031860225	1.0
0.02877697841726619	1.0
0.02852004110996917	1.0
0.02826310380267215	1.0
0.02800616649537513	1.0
0.02774922918807811	1.0
0.02749229188078109	1.0
0.02723535457348407	1.0
0.02697841726618705	1.0
0.02672147995889003	1.0
0.026464542651593013	1.0
0.026207605344295993	1.0
0.025950668036998973	1.0
0.025693730729701953	1.0
0.025436793422404933	1.0
0.025179856115107913	1.0
0.024922918807810893	1.0
0.024665981500513873	1.0
0.024409044193216854	1.0
0.024152106885919837	1.0
0.023638232271325797	1.0
0.023381294964028777	1.0
0.023124357656731757	1.0
0.022867420349434738	1.0
0.022610483042137718	1.0
0.022353545734840698	1.0
0.022096608427543678	1.0
0.02183967112024666	1.0
0.02158273381294964	1.0
0.02132579650565262	1.0
0.0210688591983556	1.0
0.02081192189105858	1.0
0.020554984583761562	1.0
0.020298047276464542	1.0
0.020041109969167522	1.0
0.019784172661870502	1.0
0.019527235354573486	1.0
0.019270298047276466	1.0
0.019013360739979446	1.0
0.018756423432682426	1.0
0.018499486125385406	1.0
0.018242548818088386	1.0
0.017985611510791366	1.0
0.017728674203494346	1.0
0.017471736896197326	1.0
0.01721479958890031	1.0
0.01695786228160329	1.0
0.01670092497430627	1.0
0.01644398766700925	1.0
0.01618705035971223	1.0
0.01593011305241521	1.0
0.01567317574511819	1.0
0.015416238437821172	1.0
0.015159301130524152	1.0
0.014902363823227132	1.0
0.014645426515930112	1.0
0.014388489208633094	1.0
0.014131551901336074	1.0
0.013874614594039054	1.0
0.013617677286742035	1.0
0.013360739979445015	1.0
0.013103802672147996	1.0
0.012846865364850977	1.0
0.012589928057553957	1.0
0.012332990750256937	1.0
0.012076053442959919	1.0
0.011819116135662899	1.0
0.011562178828365879	1.0
0.011305241521068859	1.0
0.011048304213771839	1.0
0.01079136690647482	1.0
0.0105344295991778	1.0
0.010277492291880781	1.0
0.010020554984583761	1.0
0.009763617677286743	1.0
0.009249743062692703	1.0
0.008992805755395683	1.0
0.008735868448098663	1.0
0.008478931140801645	1.0
0.008221993833504625	1.0
0.007965056526207605	1.0
0.007708119218910586	1.0
0.007194244604316547	1.0
0.006937307297019527	1.0
0.006680369989722507	1.0
0.006423432682425488	1.0
0.006166495375128468	1.0
0.005909558067831449	1.0
0.0051387461459403904	1.0
0.004881808838643371	1.0
0.0046248715313463515	1.0
0.004367934224049332	1.0
0.0041109969167523125	1.0
0.003854059609455293	1.0
0.0035971223021582736	1.0
0.0033401849948612537	1.0
0.003083247687564234	1.0
0.0028263103802672147	1.0
0.0025693730729701952	1.0
0.0023124357656731757	1.0
0.0020554984583761563	1.0
0.0017985611510791368	1.0
0.001541623843782117	1.0
0.0012846865364850976	1.0
0.0010277492291880781	1.0
0.0007708119218910585	1.0
0.0005138746145940391	1.0
0.00025693730729701953	1.0
0.0	1.0
