# average_precision["micro"]	0.9990549654437361
recall	precision
1.0	0.6257234726688103
0.999743062692703	0.6256632899179932
0.999743062692703	0.6257639112254745
0.999743062692703	0.6258645649026862
0.999743062692703	0.625965250965251
0.999743062692703	0.6260659694288013
0.999743062692703	0.6261667203089797
0.999743062692703	0.6262675036214389
0.999743062692703	0.6263683193818416
0.999743062692703	0.6264691676058606
0.999743062692703	0.6265700483091787
0.999743062692703	0.6266709615074891
0.999743062692703	0.6267719072164949
0.999743062692703	0.6268728854519091
0.999743062692703	0.6269738962294553
0.999743062692703	0.627074939564867
0.999743062692703	0.6271760154738878
0.999743062692703	0.6272771239722715
0.999743062692703	0.627378265075782
0.999743062692703	0.6274794388001935
0.999743062692703	0.6275806451612903
0.999743062692703	0.6276818841748669
0.999743062692703	0.627783155856728
0.999743062692703	0.6278844602226884
0.999743062692703	0.6279857972885733
0.999743062692703	0.6280871670702179
0.999743062692703	0.6281885695834679
0.999743062692703	0.628290004844179
0.999743062692703	0.6284929736714586
0.999743062692703	0.6285945072697899
0.999743062692703	0.6286960736791081
0.999743062692703	0.62879767291532
0.999743062692703	0.628899304994343
0.999743062692703	0.6290009699321047
0.999743062692703	0.6291026677445433
0.999743062692703	0.6292043984476067
0.999743062692703	0.6293061620572538
0.999743062692703	0.6294079585894532
0.999743062692703	0.6295097880601844
0.999743062692703	0.6296116504854369
0.999743062692703	0.6297135458812105
0.999743062692703	0.6298154742635157
0.999743062692703	0.629917435648373
0.999743062692703	0.6300194300518135
0.999743062692703	0.6301214574898786
0.999743062692703	0.63022351797862
0.999743062692703	0.6303256115341002
0.999743062692703	0.6304277381723914
0.999743062692703	0.630529897909577
0.999743062692703	0.6306320907617504
0.999743062692703	0.6307343167450153
0.999743062692703	0.6308365758754864
0.999743062692703	0.6309388681692881
0.999743062692703	0.631041193642556
0.999743062692703	0.6311435523114355
0.999743062692703	0.631245944192083
0.999743062692703	0.6313483693006653
0.999743062692703	0.6314508276533592
0.999743062692703	0.6315533192663528
0.999743062692703	0.6316558441558442
0.999743062692703	0.6317584023380419
0.999743062692703	0.6318609938291653
0.999743062692703	0.6319636186454443
0.999743062692703	0.6320662768031189
0.999743062692703	0.6321689683184403
0.999743062692703	0.6322716932076698
0.999743062692703	0.6323744514870795
0.999743062692703	0.6324772431729518
0.999743062692703	0.6325800682815802
0.999743062692703	0.6326829268292683
0.999743062692703	0.6327858188323304
0.999743062692703	0.6328887443070917
0.999743062692703	0.6329917032698877
0.999743062692703	0.6330946957370648
0.999743062692703	0.63330078125
0.999743062692703	0.633403874328504
0.999743062692703	0.6335070009768805
0.999743062692703	0.633610161211529
0.999743062692703	0.63371335504886
0.999743062692703	0.633816582505294
0.999743062692703	0.6339198435972629
0.999743062692703	0.634023138341209
0.999743062692703	0.6341264667535854
0.999743062692703	0.6342298288508558
0.999743062692703	0.6343332246494946
0.999743062692703	0.6344366541659873
0.999743062692703	0.6345401174168297
0.999743062692703	0.6346436144185288
0.999743062692703	0.634747145187602
0.999743062692703	0.6348507097405776
0.999743062692703	0.6349543080939948
0.999743062692703	0.6350579402644034
0.999743062692703	0.635265306122449
0.999743062692703	0.6353690398432397
0.999743062692703	0.6354728074473297
0.999743062692703	0.6355766089513231
0.999743062692703	0.6356804443718347
0.999743062692703	0.6357843137254902
0.999743062692703	0.6358882170289263
0.999743062692703	0.6359921542987904
0.999743062692703	0.6362001308044474
0.999743062692703	0.6363041700735895
0.999743062692703	0.6364082433758587
0.999743062692703	0.6365123507279569
0.999743062692703	0.6366164921465969
0.999743062692703	0.6367206676485027
0.999743062692703	0.6368248772504091
0.999743062692703	0.6369291209690621
0.999743062692703	0.6370333988212181
0.999743062692703	0.637137710823645
0.999743062692703	0.6372420569931215
0.999743062692703	0.6373464373464374
0.999743062692703	0.6374508519003932
0.999743062692703	0.6375553006718008
0.999743062692703	0.6376597836774828
0.999743062692703	0.637764300934273
0.999743062692703	0.6378688524590164
0.999743062692703	0.6379734382685687
0.999743062692703	0.6380780583797967
0.999743062692703	0.6382874015748031
0.999743062692703	0.6383921246923708
0.999743062692703	0.6384968821791926
0.999743062692703	0.638601674052191
0.999743062692703	0.6387065003282995
0.999743062692703	0.6388113610244623
0.999743062692703	0.6389162561576355
0.999743062692703	0.6390211857447857
0.999743062692703	0.639126149802891
0.999743062692703	0.6392311483489403
0.999743062692703	0.6394412489728841
0.999743062692703	0.6395463510848126
0.999743062692703	0.6396514877527536
0.999743062692703	0.639756658993752
0.999743062692703	0.6398618648248643
0.999743062692703	0.6399671052631579
0.999743062692703	0.6400723803257115
0.999743062692703	0.640177690029615
0.999743062692703	0.6402830343919698
0.999743062692703	0.6403884134298881
0.999743062692703	0.6404938271604939
0.999743062692703	0.640599275600922
0.999743062692703	0.6407047587683188
0.999743062692703	0.6408102766798419
0.999743062692703	0.6409158293526602
0.999743062692703	0.6410214168039539
0.999743062692703	0.6411270390509145
0.999743062692703	0.6412326961107448
0.999743062692703	0.6413383880006593
0.999743062692703	0.6414441147378833
0.999743062692703	0.6415498763396538
0.999743062692703	0.641655672823219
0.999743062692703	0.6417615042058387
0.999743062692703	0.6418673705047839
0.999743062692703	0.6419732717373371
0.999743062692703	0.6420792079207921
0.999743062692703	0.6421851790724542
0.999743062692703	0.6422911852096401
0.999743062692703	0.6423972263496781
0.999743062692703	0.6425033025099075
0.999743062692703	0.6426094137076797
0.999743062692703	0.6427155599603568
0.999743062692703	0.6428217412853131
0.999743062692703	0.6429279576999339
0.999743062692703	0.6430342092216162
0.999743062692703	0.6431404958677686
0.999743062692703	0.6432468176558109
0.999743062692703	0.6433531746031746
0.999743062692703	0.6434595667273028
0.999743062692703	0.6435659940456501
0.999743062692703	0.6436724565756824
0.999743062692703	0.6437789543348775
0.999743062692703	0.6438854873407248
0.999743062692703	0.6439920556107249
0.999743062692703	0.6440986591623903
0.999743062692703	0.644205298013245
0.999743062692703	0.6443119721808246
0.999743062692703	0.6444186816826764
0.999743062692703	0.6445254265363591
0.999743062692703	0.6446322067594433
0.999743062692703	0.6447390223695112
0.999743062692703	0.6448458733841564
0.999743062692703	0.6449527598209845
0.999743062692703	0.6450596816976127
0.999743062692703	0.6451666390316697
0.999743062692703	0.645273631840796
0.999743062692703	0.6453806601426438
0.999743062692703	0.6454877239548772
0.999743062692703	0.6455948232951717
0.999743062692703	0.6457019581812148
0.999743062692703	0.6458091286307054
0.999743062692703	0.6459163346613546
0.999743062692703	0.6460235762908849
0.999743062692703	0.6461308535370309
0.999743062692703	0.6462381664175386
0.999743062692703	0.6463455149501661
0.999743062692703	0.6464528991526832
0.999743062692703	0.6465603190428714
0.999743062692703	0.6466677746385242
0.999743062692703	0.6467752659574468
0.999743062692703	0.6468827930174563
0.999743062692703	0.6469903558363818
0.999743062692703	0.6470979544320639
0.999743062692703	0.6472055888223552
0.999743062692703	0.6473132590251206
0.999743062692703	0.6474209650582363
0.999743062692703	0.6475287069395906
0.999743062692703	0.6476364846870839
0.999743062692703	0.6477442983186282
0.999743062692703	0.6478521478521478
0.999743062692703	0.6479600333055787
0.999743062692703	0.6480679546968687
0.999743062692703	0.6481759120439781
0.999743062692703	0.6482839053648783
0.999743062692703	0.6483919346775537
0.999743062692703	0.6485
0.999743062692703	0.6486081013502251
0.999743062692703	0.6487162387462487
0.999743062692703	0.6488244122061031
0.999743062692703	0.6489326217478318
0.999743062692703	0.6490408673894913
0.999743062692703	0.6491491491491491
0.999743062692703	0.6492574670448857
0.999743062692703	0.649365821094793
0.999743062692703	0.6494742113169755
0.999743062692703	0.6495826377295493
0.999743062692703	0.6496911003506428
0.999743062692703	0.6497995991983968
0.999743062692703	0.6499081342909637
0.999743062692703	0.6500167056465085
0.999743062692703	0.650125313283208
0.999743062692703	0.6502339572192514
0.999743062692703	0.6503426374728397
0.999743062692703	0.6504513540621866
0.999743062692703	0.6505601070055175
0.999743062692703	0.6506688963210703
0.999743062692703	0.6507777220270948
0.999743062692703	0.6508865841418534
0.999743062692703	0.6509954826836205
0.999743062692703	0.6511044176706827
0.999743062692703	0.6512133891213389
0.999743062692703	0.6513223970539003
0.999743062692703	0.6514314414866901
0.999743062692703	0.6515405224380442
0.999743062692703	0.6516496399263105
0.999743062692703	0.6517587939698493
0.999743062692703	0.651867984587033
0.999743062692703	0.6519772117962467
0.999743062692703	0.6520864756158874
0.999743062692703	0.6521957760643647
0.999743062692703	0.6523051131601005
0.999743062692703	0.6524144869215291
0.999743062692703	0.6525238973670971
0.999743062692703	0.6526333445152633
0.999743062692703	0.6527428283844993
0.999743062692703	0.6528523489932886
0.999743062692703	0.6529619063601275
0.999743062692703	0.6530715005035247
0.999743062692703	0.653181131442001
0.999743062692703	0.6532907991940899
0.999743062692703	0.6534005037783376
0.999743062692703	0.653510245213302
0.999743062692703	0.6536200235175542
0.999743062692703	0.6537298387096774
0.999743062692703	0.6539495798319328
0.999743062692703	0.654059505799294
0.999743062692703	0.6541694687289845
0.999743062692703	0.6542794686396503
0.999743062692703	0.6543895055499496
0.999743062692703	0.6544995794785534
0.999743062692703	0.6546096904441454
0.999743062692703	0.6547198384654215
0.999743062692703	0.6548300235610905
0.999743062692703	0.6549402457498738
0.999743062692703	0.6550505050505051
0.999743062692703	0.655160801481731
0.999743062692703	0.6552711350623105
0.999743062692703	0.6553815058110156
0.999743062692703	0.6554919137466307
0.999743062692703	0.6556023588879528
0.999743062692703	0.6557128412537917
0.999743062692703	0.6558233608629699
0.999743062692703	0.6559339177343223
0.999743062692703	0.656044511886697
0.999743062692703	0.6561551433389544
0.999743062692703	0.6562658121099679
0.999743062692703	0.6563765182186235
0.999743062692703	0.6564872616838198
0.999743062692703	0.6565980425244684
0.999743062692703	0.6567088607594936
0.999743062692703	0.6568197164078325
0.999743062692703	0.656930609488435
0.999743062692703	0.6570415400202634
0.999743062692703	0.6571525080222935
0.999743062692703	0.6572635135135135
0.999743062692703	0.6573745565129245
0.999743062692703	0.6574856370395404
0.999743062692703	0.657596755112388
0.999743062692703	0.657707910750507
0.999743062692703	0.6578191039729502
0.999743062692703	0.6579303347987826
0.999743062692703	0.6580416032470827
0.999743062692703	0.6581529093369418
0.999743062692703	0.6582642530874641
0.999743062692703	0.6583756345177665
0.999743062692703	0.6584870536469792
0.999743062692703	0.6585985104942451
0.999743062692703	0.6587100050787201
0.999743062692703	0.6588215374195733
0.999743062692703	0.6589331075359864
0.999743062692703	0.6590447154471545
0.999743062692703	0.6591563611722853
0.999743062692703	0.6592680447305997
0.999743062692703	0.659379766141332
0.999743062692703	0.6594915254237288
0.999743062692703	0.6596033225970503
0.999743062692703	0.6597151576805697
0.999743062692703	0.659827030693573
0.999743062692703	0.6599389416553596
0.999743062692703	0.6600508905852417
0.999743062692703	0.660162877502545
0.999743062692703	0.6602749024266078
0.999743062692703	0.6603869653767821
0.999743062692703	0.6604990663724325
0.999743062692703	0.6606112054329372
0.999743062692703	0.6607233825776873
0.999743062692703	0.6608355978260869
0.999743062692703	0.660947851197554
0.999743062692703	0.6610601427115188
0.999743062692703	0.6611724723874257
0.999743062692703	0.6612848402447314
0.999743062692703	0.6613972463029066
0.999743062692703	0.6615096905814349
0.999743062692703	0.661622173099813
0.999743062692703	0.661734693877551
0.999743062692703	0.6618472529341725
0.999743062692703	0.661959850289214
0.999743062692703	0.6620724859622257
0.999743062692703	0.6621851599727706
0.999743062692703	0.6622978723404256
0.999743062692703	0.6624106230847804
0.999743062692703	0.6625234122254384
0.999743062692703	0.6626362397820164
0.999743062692703	0.6627491057741441
0.999743062692703	0.6628620102214651
0.999743062692703	0.6629749531436361
0.999743062692703	0.6630879345603272
0.999743062692703	0.6632009544912221
0.999743062692703	0.6633140129560178
0.999743062692703	0.6634271099744246
0.999743062692703	0.6635402455661664
0.999743062692703	0.6636534197509807
0.999743062692703	0.6637666325486182
0.999743062692703	0.6638798839788432
0.999743062692703	0.6639931740614334
0.999743062692703	0.6641065028161802
0.999743062692703	0.6642198702628883
0.999743062692703	0.6643332764213762
0.999743062692703	0.6644467213114754
0.999743062692703	0.6645602049530316
0.999743062692703	0.6646737273659037
0.999743062692703	0.6647872885699642
0.999743062692703	0.6649008885850991
0.999743062692703	0.6650145274312084
0.999743062692703	0.6651282051282051
0.999743062692703	0.6652419216960164
0.999743062692703	0.6653556771545828
0.999743062692703	0.6654694715238584
0.999743062692703	0.6655833048238111
0.999743062692703	0.6656971770744226
0.999743062692703	0.6658110882956879
0.999743062692703	0.665925038507616
0.999743062692703	0.6660390277302294
0.999743062692703	0.6661530559835644
0.999743062692703	0.6662671232876712
0.999743062692703	0.6663812296626135
0.999743062692703	0.6664953751284687
0.999743062692703	0.6666095597053281
0.999743062692703	0.6667237834132967
0.999743062692703	0.6668380462724935
0.999743062692703	0.6669523483030511
0.999743062692703	0.6670666895251157
0.999743062692703	0.6671810699588477
0.999743062692703	0.6672954896244212
0.999743062692703	0.6674099485420241
0.999743062692703	0.667524446731858
0.999743062692703	0.6676389842141386
0.999743062692703	0.6677535610090956
0.999743062692703	0.6678681771369722
0.999743062692703	0.6679828326180257
0.999743062692703	0.6680975274725275
0.999743062692703	0.6682122617207625
0.999743062692703	0.6683270353830298
0.999743062692703	0.6684418484796427
0.999743062692703	0.6685567010309278
0.999743062692703	0.6686715930572263
0.999743062692703	0.6687865245788931
0.999743062692703	0.6689014956162971
0.999743062692703	0.6690165061898212
0.999743062692703	0.6691315563198624
0.999743062692703	0.6692466460268318
0.999743062692703	0.6693617753311543
0.999743062692703	0.6694769442532691
0.999743062692703	0.6695921528136293
0.999743062692703	0.6697074010327022
0.999743062692703	0.6698226889309692
0.999743062692703	0.6699380165289256
0.999743062692703	0.6700533838470811
0.999743062692703	0.6701687909059594
0.999743062692703	0.6702842377260982
0.999743062692703	0.6703997243280496
0.999743062692703	0.6705152507323798
0.999743062692703	0.6706308169596691
0.999743062692703	0.670746423030512
0.999743062692703	0.6708620689655173
0.999743062692703	0.6709777547853079
0.999743062692703	0.6710934805105209
0.999743062692703	0.6712092461618079
0.999743062692703	0.6713250517598344
0.999743062692703	0.6714408973252805
0.999743062692703	0.6715567828788401
0.999743062692703	0.6716727084412222
0.999743062692703	0.6717886740331491
0.999743062692703	0.6719046796753583
0.999743062692703	0.672020725388601
0.999743062692703	0.6721368111936431
0.999743062692703	0.6722529371112647
0.999743062692703	0.6723691031622603
0.999743062692703	0.6724853093674387
0.999743062692703	0.6726015557476231
0.999743062692703	0.6727178423236515
0.999743062692703	0.6728341691163756
0.999743062692703	0.672950536146662
0.999743062692703	0.6730669434353918
0.999743062692703	0.6731833910034603
0.999743062692703	0.6732998788717771
0.999743062692703	0.6734164070612668
0.999743062692703	0.6735329755928683
0.999743062692703	0.6736495844875346
0.999743062692703	0.6737662337662338
0.999743062692703	0.673882923449948
0.999743062692703	0.6739996535596744
0.999743062692703	0.6741164241164241
0.999743062692703	0.6742332351412234
0.999743062692703	0.6743500866551126
0.999743062692703	0.6744669786791472
0.999743062692703	0.6745839112343966
0.999743062692703	0.6747008843419455
0.999743062692703	0.6748178980228928
0.999743062692703	0.6749349522983521
0.999743062692703	0.6750520471894518
0.999743062692703	0.6751691827173347
0.999743062692703	0.6752863589031586
0.999743062692703	0.6754035757680958
0.999743062692703	0.6755208333333333
0.999743062692703	0.6756381316200729
0.999743062692703	0.6757554706495311
0.999743062692703	0.675872850442939
0.999743062692703	0.6759902710215427
0.999743062692703	0.6761077324066029
0.999743062692703	0.6762252346193952
0.999743062692703	0.6763427776812098
0.999743062692703	0.6764603616133519
0.999743062692703	0.6765779864371414
0.999743062692703	0.676695652173913
0.999743062692703	0.6768133588450165
0.999743062692703	0.6769311064718163
0.999743062692703	0.6770488950756917
0.999743062692703	0.6771667246780368
0.999743062692703	0.6772845953002611
0.999743062692703	0.6774025069637883
0.999743062692703	0.6776384535005224
0.999743062692703	0.6777564884166521
0.999743062692703	0.6778745644599303
0.999743062692703	0.6779926816518558
0.999743062692703	0.6781108400139422
0.999743062692703	0.6782290395677183
0.999743062692703	0.678347280334728
0.999743062692703	0.6784655623365301
0.999743062692703	0.6785838855946983
0.999743062692703	0.6787022501308215
0.999743062692703	0.6788206559665039
0.999743062692703	0.6789391031233641
0.999743062692703	0.6790575916230367
0.999743062692703	0.6791761214871705
0.999743062692703	0.6792946927374302
0.999743062692703	0.679413305395495
0.999743062692703	0.6795319594830598
0.999743062692703	0.6796506550218341
0.999743062692703	0.679769392033543
0.999743062692703	0.6798881705399266
0.999743062692703	0.6800069905627403
0.999743062692703	0.6801258521237545
0.999743062692703	0.6802447552447553
0.999743062692703	0.6803636999475433
0.999743062692703	0.6804826862539349
0.999743062692703	0.6806017141857618
0.999743062692703	0.6807207837648706
0.999743062692703	0.6808398950131234
0.999743062692703	0.6809590479523976
0.999743062692703	0.681078242604586
0.999743062692703	0.6811974789915967
0.999743062692703	0.6813167571353528
0.999743062692703	0.6814360770577933
0.999743062692703	0.6815554387808723
0.999743062692703	0.6816748423265592
0.999743062692703	0.6817942877168389
0.999743062692703	0.6819137749737119
0.999743062692703	0.6820333041191937
0.999743062692703	0.6821528751753155
0.999743062692703	0.6822724881641241
0.999743062692703	0.6823921431076815
0.999743062692703	0.6825118400280652
0.999743062692703	0.6826315789473684
0.999743062692703	0.6827513598876996
0.999743062692703	0.6828711828711829
0.999743062692703	0.6829910479199579
0.999743062692703	0.6831109550561798
0.999743062692703	0.6832309043020193
0.999743062692703	0.6833508956796628
0.999743062692703	0.6834709292113121
0.999743062692703	0.6835910049191848
0.999743062692703	0.6837111228255139
0.999743062692703	0.6838312829525484
0.999743062692703	0.6839514853225523
0.999743062692703	0.6840717299578059
0.999743062692703	0.6841920168806049
0.999743062692703	0.6843123461132606
0.999743062692703	0.6844327176781002
0.999743062692703	0.6845531315974666
0.999743062692703	0.6846735878937181
0.999743062692703	0.6847940865892291
0.999743062692703	0.6849146277063897
0.999743062692703	0.6850352112676056
0.999743062692703	0.6851558372952985
0.999743062692703	0.6852765058119056
0.999743062692703	0.6853972168398802
0.999743062692703	0.6855179704016914
0.999743062692703	0.6856387665198238
0.999743062692703	0.6857596052167783
0.999743062692703	0.6858804865150714
0.999743062692703	0.6860014104372355
0.999743062692703	0.6861223770058191
0.999743062692703	0.6862433862433862
0.999743062692703	0.6863644381725172
0.999743062692703	0.686485532815808
0.999743062692703	0.6866066701958708
0.999743062692703	0.6867278503353336
0.999743062692703	0.6868490732568402
0.999743062692703	0.6869703389830508
0.999743062692703	0.6870916475366413
0.999743062692703	0.6872129989403037
0.999743062692703	0.6873343932167462
0.999743062692703	0.6874558303886926
0.999743062692703	0.6875773104788832
0.999743062692703	0.6876988335100742
0.999743062692703	0.687820399505038
0.999743062692703	0.687942008486563
0.999743062692703	0.6880636604774536
0.999743062692703	0.6881853555005306
0.999743062692703	0.6883070935786308
0.999743062692703	0.6884288747346072
0.999743062692703	0.6885506989913289
0.999743062692703	0.6886725663716814
0.999743062692703	0.6887944768985661
0.999743062692703	0.6889164305949008
0.999743062692703	0.6890384274836197
0.999743062692703	0.6891604675876727
0.999743062692703	0.6892825509300265
0.999743062692703	0.6894046775336641
0.999743062692703	0.6895268474215842
0.999743062692703	0.6896490606168025
0.999743062692703	0.6898936170212766
0.999743062692703	0.6900159602766448
0.999743062692703	0.690138346931536
0.999743062692703	0.6902607770090473
0.999743062692703	0.6903832505322924
0.999743062692703	0.6905057675244011
0.999743062692703	0.6906283280085197
0.999743062692703	0.6907509320078111
0.999743062692703	0.6908735795454546
0.999743062692703	0.6909962706446457
0.999743062692703	0.6911190053285968
0.999743062692703	0.6912417836205365
0.999743062692703	0.69136460554371
0.999743062692703	0.6914874711213791
0.999743062692703	0.6916103803768219
0.999743062692703	0.6917333333333333
0.999743062692703	0.6918563300142248
0.999743062692703	0.6919793704428241
0.999743062692703	0.692102454642476
0.999743062692703	0.6922255826365415
0.999743062692703	0.6923487544483986
0.999743062692703	0.6924719701014416
0.999743062692703	0.6925952296190815
0.999743062692703	0.6927185330247463
0.999743062692703	0.6928418803418803
0.999743062692703	0.6929652715939448
0.999743062692703	0.6930887068044175
0.999743062692703	0.6932121859967931
0.999743062692703	0.693335709194583
0.999743062692703	0.6934592764213152
0.999743062692703	0.6935828877005348
0.999743062692703	0.6937065430558031
0.999743062692703	0.693830242510699
0.999743062692703	0.6939539860888175
0.999743062692703	0.694077773813771
0.999743062692703	0.6942016057091882
0.999743062692703	0.6943254817987152
0.999743062692703	0.6944494021060147
0.999743062692703	0.6945733666547661
0.999743062692703	0.6946973754686663
0.999743062692703	0.6948214285714286
0.999743062692703	0.6949455259867834
0.999743062692703	0.695069667738478
0.999743062692703	0.695193853850277
0.999743062692703	0.6953180843459614
0.999743062692703	0.6954423592493297
0.999743062692703	0.6955666785841974
0.999743062692703	0.6956910423743966
0.999743062692703	0.6958154506437768
0.999743062692703	0.6960644007155635
0.999743062692703	0.6961889425657541
0.999743062692703	0.6963135289906943
0.999743062692703	0.6964381600143189
0.999743062692703	0.69656283566058
0.999743062692703	0.6966875559534468
0.999743062692703	0.6968123209169055
0.999743062692703	0.6969371305749597
0.999743062692703	0.6970619849516302
0.999743062692703	0.697186884070955
0.999743062692703	0.6973118279569892
0.999743062692703	0.6974368166338053
0.999743062692703	0.697561850125493
0.999743062692703	0.6976869284561592
0.999743062692703	0.6978120516499282
0.999743062692703	0.6979372197309417
0.999743062692703	0.6980624327233584
0.999743062692703	0.6981876906513548
0.999743062692703	0.6983129935391242
0.999743062692703	0.6984383414108778
0.999743062692703	0.6985637342908438
0.999743062692703	0.6986891722032681
0.999743062692703	0.6988146551724138
0.999743062692703	0.6989401832225616
0.999743062692703	0.6990657563780094
0.999743062692703	0.6991913746630728
0.999743062692703	0.6993170381020848
0.999743062692703	0.699442746719396
0.999743062692703	0.6995685005393744
0.999743062692703	0.6996942995864053
0.999743062692703	0.6998201438848921
0.999743062692703	0.6999460334592552
0.999743062692703	0.700071968333933
0.999743062692703	0.7001979485333814
0.999743062692703	0.7003239740820735
0.999743062692703	0.7004500450045005
0.999743062692703	0.7005761613251711
0.999743062692703	0.7007023230686116
0.999743062692703	0.700828530259366
0.999743062692703	0.7009547829219961
0.999743062692703	0.701081081081081
0.999743062692703	0.7012074247612182
0.999743062692703	0.7013338139870223
0.999743062692703	0.701460248783126
0.999743062692703	0.7015867291741796
0.999743062692703	0.7017132551848512
0.999743062692703	0.7018398268398268
0.999743062692703	0.7019664441638103
0.999743062692703	0.702093107181523
0.999743062692703	0.7022198159177044
0.999743062692703	0.7023465703971119
0.999743062692703	0.7024733706445206
0.999743062692703	0.7026002166847237
0.999743062692703	0.7027271085425321
0.999743062692703	0.7028540462427746
0.999743062692703	0.7029810298102981
0.999743062692703	0.7031080592699674
0.999743062692703	0.7032351346466654
0.999743062692703	0.7033622559652929
0.999743062692703	0.7034894232507684
0.999743062692703	0.703616636528029
0.999743062692703	0.7037438958220293
0.999743062692703	0.7038712011577424
0.999743062692703	0.7039985525601592
0.999743062692703	0.7041259500542888
0.999743062692703	0.7042533936651584
0.999743062692703	0.7043808834178131
0.999743062692703	0.7045084193373167
0.999743062692703	0.7046360014487505
0.999743062692703	0.7047636297772143
0.999743062692703	0.7048913043478261
0.999743062692703	0.705019025185722
0.999743062692703	0.7051467923160566
0.999743062692703	0.7052746057640021
0.999743062692703	0.7054024655547498
0.999743062692703	0.7055303717135086
0.999743062692703	0.705658324265506
0.999743062692703	0.7057863232359877
0.999743062692703	0.7059143686502177
0.999743062692703	0.7060424605334785
0.999743062692703	0.7061705989110708
0.999743062692703	0.7062987838083137
0.999743062692703	0.7064270152505446
0.999743062692703	0.7065552932631197
0.999743062692703	0.706683617871413
0.999743062692703	0.7068119891008174
0.999743062692703	0.7069404069767442
0.999743062692703	0.7070688715246229
0.999743062692703	0.7071973827699018
0.999743062692703	0.7073259407380477
0.999743062692703	0.7074545454545454
0.999743062692703	0.707583196944899
0.999743062692703	0.7077118952346307
0.999743062692703	0.7078406403492814
0.999743062692703	0.7079694323144105
0.999743062692703	0.708098271155596
0.999743062692703	0.7082271568984346
0.999743062692703	0.7083560895685418
0.999743062692703	0.7084850691915513
0.999743062692703	0.708614095793116
0.999743062692703	0.7087431693989071
0.999743062692703	0.7088722900346147
0.999743062692703	0.7090014577259475
0.999743062692703	0.7091306724986332
0.999743062692703	0.7092599343784178
0.999743062692703	0.7093892433910666
0.999743062692703	0.7095185995623632
0.999743062692703	0.7096480029181105
0.999743062692703	0.7097774534841299
0.999743062692703	0.7099069512862616
0.999743062692703	0.7100364963503649
0.999743062692703	0.7101660887023179
0.999743062692703	0.7102957283680176
0.999743062692703	0.7104254153733796
0.999743062692703	0.710555149744339
0.999743062692703	0.7106849315068493
0.999743062692703	0.7108147606868834
0.999743062692703	0.710944637310433
0.999743062692703	0.7110745614035088
0.999743062692703	0.7112045329921404
0.999743062692703	0.7114646187602852
0.999743062692703	0.7115947329919532
0.999743062692703	0.7117248948234863
0.999743062692703	0.7118551042810098
0.999743062692703	0.7119853613906679
0.999743062692703	0.7121156661786238
0.999743062692703	0.7122460186710599
0.999743062692703	0.7123764188941779
0.999743062692703	0.7125068668741988
0.999743062692703	0.7126373626373627
0.999743062692703	0.7127679062099286
0.999743062692703	0.7128984976181751
0.999743062692703	0.7130291368884002
0.999743062692703	0.7131598240469208
0.999743062692703	0.7132905591200733
0.999743062692703	0.7134213421342134
0.999743062692703	0.7135521731157162
0.999743062692703	0.7136830520909758
0.999743062692703	0.7138139790864062
0.999743062692703	0.7139449541284404
0.999743062692703	0.7140759772435309
0.999743062692703	0.7142070484581498
0.999743062692703	0.7143381677987883
0.999743062692703	0.7144693352919574
0.999743062692703	0.7146005509641873
0.999743062692703	0.714731814842028
0.999743062692703	0.7148631269520485
0.999743062692703	0.7149944873208379
0.999743062692703	0.7151258959750046
0.999743062692703	0.7152573529411764
0.999743062692703	0.7153888582460011
0.999743062692703	0.7155204119161457
0.999743062692703	0.7156520139782968
0.999743062692703	0.7157836644591612
0.999743062692703	0.7159153633854646
0.999743062692703	0.7160471107839529
0.999743062692703	0.7161789066813915
0.999743062692703	0.7163107511045655
0.999743062692703	0.7164426440802799
0.999743062692703	0.7165745856353591
0.999743062692703	0.7167065757966476
0.999743062692703	0.7168386145910096
0.999743062692703	0.7169707020453289
0.999743062692703	0.7171028381865094
0.999743062692703	0.7172350230414747
0.999743062692703	0.7173672566371682
0.999743062692703	0.7174995390005532
0.999743062692703	0.7176318701586131
0.999743062692703	0.7177642501383509
0.999743062692703	0.7178966789667897
0.999743062692703	0.7180291566709726
0.999743062692703	0.7181616832779624
0.999743062692703	0.7182942588148422
0.999743062692703	0.718426883308715
0.999743062692703	0.7185595567867036
0.999743062692703	0.7186922792759513
0.999743062692703	0.7188250508036209
0.999743062692703	0.7189578713968958
0.999743062692703	0.7190907410829791
0.999743062692703	0.7192236598890943
0.999743062692703	0.7193566278424848
0.999743062692703	0.7194896449704142
0.999743062692703	0.7196227113001664
0.999743062692703	0.7197558268590455
0.999743062692703	0.7198889916743756
0.999743062692703	0.7200222057735011
0.999743062692703	0.7201554691837868
0.999743062692703	0.7202887819326176
0.999743062692703	0.7204221440473987
0.999743062692703	0.7205555555555555
0.999743062692703	0.7206890164845342
0.999743062692703	0.7208225268618007
0.999743062692703	0.7209560867148416
0.999743062692703	0.7210896960711638
0.999743062692703	0.7212233549582947
0.999743062692703	0.721357063403782
0.999743062692703	0.7214908214351937
0.999743062692703	0.7216246290801187
0.999743062692703	0.7217584863661658
0.999743062692703	0.7218923933209648
0.999743062692703	0.7220263499721655
0.999743062692703	0.7221603563474388
0.999743062692703	0.7222944124744756
0.999743062692703	0.7224285183809878
0.999743062692703	0.7225626740947075
0.999743062692703	0.7226968796433878
0.999743062692703	0.7228311350548021
0.999743062692703	0.7229654403567447
0.999743062692703	0.7230997955770303
0.999743062692703	0.7232342007434944
0.999743062692703	0.7233686558839934
0.999743062692703	0.7235031610264039
0.999743062692703	0.7236377161986237
0.999743062692703	0.7237723214285714
0.999743062692703	0.723906976744186
0.999743062692703	0.7240416821734276
0.999743062692703	0.724176437744277
0.999743062692703	0.7243112434847356
0.999743062692703	0.7244460994228263
0.999743062692703	0.7245810055865922
0.999743062692703	0.7247159620040976
0.999743062692703	0.7248509687034277
0.999743062692703	0.7249860257126887
0.999743062692703	0.7251211330600075
0.999743062692703	0.7252562907735322
0.999743062692703	0.7253914988814317
0.999743062692703	0.7255267574118963
0.999743062692703	0.7256620663931369
0.999743062692703	0.7257974258533856
0.999743062692703	0.7259328358208955
0.999743062692703	0.726068296323941
0.999743062692703	0.7262038073908175
0.999743062692703	0.7263393690498413
0.999743062692703	0.726610644257703
0.999743062692703	0.7267463578632798
0.999743062692703	0.7268821221744816
0.999743062692703	0.727017937219731
0.999743062692703	0.7271538030274715
0.999743062692703	0.7272897196261682
0.999743062692703	0.7274256870443073
0.999743062692703	0.7275617053103964
0.999743062692703	0.7276977744529642
0.999743062692703	0.7278338945005611
0.999743062692703	0.7279700654817587
0.999743062692703	0.7281062874251497
0.999743062692703	0.7282425603593486
0.999743062692703	0.7283788843129914
0.999743062692703	0.728515259314735
0.999743062692703	0.7286516853932584
0.999743062692703	0.7287881625772616
0.999743062692703	0.7289246908954665
0.999743062692703	0.729061270376616
0.999743062692703	0.7291979010494752
0.999743062692703	0.7293345829428304
0.999743062692703	0.7294713160854893
0.999743062692703	0.7296081005062817
0.999743062692703	0.7297449362340586
0.999743062692703	0.7298818232976927
0.999743062692703	0.7300187617260788
0.999743062692703	0.7301557515481328
0.999743062692703	0.7302927927927928
0.999743062692703	0.7304298854890182
0.999743062692703	0.7305670296657905
0.999743062692703	0.7307042253521127
0.999743062692703	0.7308414725770098
0.999743062692703	0.7309787713695285
0.999743062692703	0.7311161217587373
0.999743062692703	0.7312535237737268
0.999743062692703	0.731390977443609
0.999743062692703	0.7315284827975184
0.999743062692703	0.7316660398646108
0.999743062692703	0.7318036486740643
0.999743062692703	0.731941309255079
0.999743062692703	0.7320790216368768
0.999743062692703	0.7322167858487015
0.999743062692703	0.7323546019198193
0.999743062692703	0.7324924698795181
0.999743062692703	0.7326303897571079
0.999743062692703	0.7327683615819209
0.999743062692703	0.7329063853833113
0.999743062692703	0.7330444611906556
0.999743062692703	0.7331825890333522
0.999743062692703	0.7333207689408218
0.999743062692703	0.733459000942507
0.999743062692703	0.7335972850678733
0.999743062692703	0.7337356213464077
0.999743062692703	0.7338740098076197
0.999743062692703	0.7340124504810414
0.999743062692703	0.7341509433962264
0.999743062692703	0.7342894885827514
0.999743062692703	0.7344280860702151
0.999743062692703	0.7345667358882386
0.999743062692703	0.7347054380664653
0.999743062692703	0.7348441926345609
0.999743062692703	0.7349829996222138
0.999743062692703	0.7351218590591347
0.999743062692703	0.7352607709750567
0.999743062692703	0.7353997353997354
0.999743062692703	0.735538752362949
0.999743062692703	0.735677821894498
0.999743062692703	0.7358169440242057
0.999743062692703	0.7359561187819179
0.999743062692703	0.7360953461975028
0.999743062692703	0.7362346263008515
0.999743062692703	0.7363739591218774
0.999743062692703	0.7365133446905168
0.999743062692703	0.7366527830367285
0.999743062692703	0.7367922741904942
0.999743062692703	0.7369318181818182
0.999743062692703	0.7370714150407274
0.999743062692703	0.7372110647972717
0.999743062692703	0.7373507674815236
0.999743062692703	0.7374905231235784
0.999743062692703	0.7376303317535545
0.999743062692703	0.7377701934015927
0.999743062692703	0.737910108097857
0.999743062692703	0.7380500758725341
0.999743062692703	0.7381900967558338
0.999743062692703	0.7383301707779886
0.999743062692703	0.7384702979692541
0.999743062692703	0.7386104783599089
0.999743062692703	0.7387507119802544
0.999743062692703	0.7388909988606153
0.999743062692703	0.739031339031339
0.999743062692703	0.7391717325227963
0.999743062692703	0.739312179365381
0.999743062692703	0.7394526795895097
0.999743062692703	0.7395932332256225
0.999743062692703	0.7397338403041825
0.999743062692703	0.739874500855676
0.999743062692703	0.7400152149106124
0.999743062692703	0.7401559824995244
0.999743062692703	0.740296803652968
0.999743062692703	0.7404376784015224
0.999743062692703	0.7405786067757899
0.999743062692703	0.7407195888063963
0.999743062692703	0.7408606245239908
0.999743062692703	0.7410017139592459
0.999743062692703	0.7411428571428571
0.999743062692703	0.7412840541055439
0.999743062692703	0.7414253048780488
0.999743062692703	0.7415666094911378
0.999743062692703	0.7417079679756005
0.999743062692703	0.7418493803622498
0.999743062692703	0.7419908466819222
0.999743062692703	0.7421323669654778
0.999743062692703	0.7422739412438001
0.999743062692703	0.7424155695477962
0.999743062692703	0.7425572519083969
0.999743062692703	0.7426989883565566
0.999743062692703	0.7428407789232532
0.999743062692703	0.7429826236394883
0.999743062692703	0.7431245225362872
0.999743062692703	0.7432664756446992
0.999743062692703	0.7434084829957968
0.999743062692703	0.7435505446206765
0.999743062692703	0.7436926605504587
0.999743062692703	0.7438348308162875
0.999743062692703	0.7439770554493308
0.999743062692703	0.7441193344807803
0.999743062692703	0.7442616679418516
0.999743062692703	0.7444040558637842
0.999743062692703	0.7445464982778416
0.999743062692703	0.744688995215311
0.999743062692703	0.7448315467075038
0.999743062692703	0.7449741527857553
0.999743062692703	0.7451168134814248
0.999743062692703	0.7452595288258954
0.999743062692703	0.7454022988505747
0.999743062692703	0.7455451235868941
0.999743062692703	0.7456880030663089
0.999743062692703	0.745830937320299
0.999743062692703	0.7459739263803681
0.999743062692703	0.7461169702780441
0.999743062692703	0.7462600690448792
0.999743062692703	0.7464032227124496
0.999743062692703	0.7465464313123561
0.999743062692703	0.7466896948762234
0.999743062692703	0.7468330134357005
0.999743062692703	0.7469763870224612
0.999743062692703	0.7471198156682027
0.999743062692703	0.7472632994046476
0.999743062692703	0.747406838263542
0.999743062692703	0.7475504322766571
0.999743062692703	0.7476940814757879
0.999743062692703	0.7478377858927542
0.999743062692703	0.7479815455594002
0.999743062692703	0.7481253605075947
0.999743062692703	0.7482692307692308
0.999743062692703	0.7484131563762262
0.999743062692703	0.7485571373605233
0.999743062692703	0.7487011737540888
0.999743062692703	0.7488452655889145
0.999743062692703	0.7489894128970164
0.999743062692703	0.7491336157104351
0.999743062692703	0.7492778740612362
0.999743062692703	0.7494221879815101
0.999743062692703	0.7495665575033712
0.999743062692703	0.7497109826589595
0.999743062692703	0.7498554634804394
0.999743062692703	0.75
0.999743062692703	0.7501445922498554
0.999743062692703	0.7502892402622445
0.999743062692703	0.7504339440694311
0.999743062692703	0.7505787037037037
0.999743062692703	0.750723519197376
0.999743062692703	0.7508683905827865
0.999743062692703	0.7510133178922987
0.999743062692703	0.7511583011583012
0.999743062692703	0.7513033404132072
0.999743062692703	0.7514484356894554
0.999743062692703	0.7515935870195094
0.999743062692703	0.7517387944358578
0.999743062692703	0.7518840579710145
0.999743062692703	0.7520293776575183
0.999743062692703	0.7521747535279335
0.999743062692703	0.7523201856148491
0.999743062692703	0.7524656739508799
0.999743062692703	0.7526112185686654
0.999743062692703	0.7527568195008706
0.999743062692703	0.7529024767801857
0.999743062692703	0.7530481904393265
0.999743062692703	0.7531939605110337
0.999743062692703	0.7533397870280736
0.999743062692703	0.7534856700232379
0.999743062692703	0.7536316095293434
0.999743062692703	0.7537776055792329
0.999743062692703	0.7539236582057741
0.999743062692703	0.7540697674418605
0.999743062692703	0.7542159333204109
0.999743062692703	0.7543621558743699
0.999743062692703	0.7545084351367074
0.999743062692703	0.7546547711404189
0.999743062692703	0.7548011639185257
0.999743062692703	0.7549476135040745
0.999743062692703	0.7550941199301378
0.999743062692703	0.7552406832298136
0.999743062692703	0.755387303436226
0.999743062692703	0.7555339805825243
0.999743062692703	0.7556807147018839
0.999743062692703	0.7558275058275058
0.999743062692703	0.755974353992617
0.999743062692703	0.7561212592304702
0.999743062692703	0.756268221574344
0.999743062692703	0.7564152410575428
0.999743062692703	0.7565623177133969
0.999743062692703	0.7567094515752626
0.999743062692703	0.7568566426765221
0.999743062692703	0.7570038910505836
0.999743062692703	0.7571511967308815
0.999743062692703	0.7572985597508758
0.999743062692703	0.757445980144053
0.999743062692703	0.7575934579439252
0.999743062692703	0.7577409931840312
0.999743062692703	0.7578885858979353
0.999743062692703	0.7580362361192285
0.999743062692703	0.7581839438815277
0.999743062692703	0.7583317092184759
0.999743062692703	0.7584795321637426
0.999743062692703	0.7586274127510236
0.999743062692703	0.7587753510140406
0.999743062692703	0.7589233469865418
0.999743062692703	0.759071400702302
0.999743062692703	0.759219512195122
0.999743062692703	0.759367681498829
0.999743062692703	0.759515908647277
0.999743062692703	0.759664193674346
0.999743062692703	0.7598125366139425
0.999743062692703	0.7599609375
0.999743062692703	0.7601093963664778
0.999743062692703	0.7602579132473622
0.999743062692703	0.760406488176666
0.999743062692703	0.7605551211884285
0.999743062692703	0.7607038123167156
0.999743062692703	0.7608525615956199
0.999743062692703	0.7610013690592607
0.999743062692703	0.761150234741784
0.999743062692703	0.7612991586773625
0.999743062692703	0.7614481409001957
0.999743062692703	0.7615971814445097
0.999743062692703	0.7617462803445576
0.999743062692703	0.7618954376346192
0.999743062692703	0.7620446533490012
0.999743062692703	0.7621939275220372
0.999743062692703	0.7623432601880877
0.999743062692703	0.7624926513815403
0.999743062692703	0.7626421011368091
0.999743062692703	0.7627916094883356
0.999743062692703	0.7629411764705882
0.999743062692703	0.7630908021180624
0.999743062692703	0.7632404864652805
0.999743062692703	0.7633902295467923
0.999743062692703	0.7635400313971743
0.999743062692703	0.7636898920510304
0.999743062692703	0.7638398115429917
0.999743062692703	0.7639897899077165
0.999743062692703	0.76413982717989
0.999743062692703	0.7642899233942251
0.999743062692703	0.7644400785854617
0.999743062692703	0.7645902927883671
0.999743062692703	0.7647405660377359
0.999743062692703	0.76489089836839
0.999743062692703	0.7650412898151789
0.999743062692703	0.7651917404129793
0.999743062692703	0.7653422501966956
0.999743062692703	0.7654928192012591
0.999743062692703	0.7656434474616293
0.999743062692703	0.7657941350127928
0.999743062692703	0.7659448818897637
0.999743062692703	0.7660956881275842
0.999743062692703	0.7662465537613233
0.999743062692703	0.7663974788260783
0.999743062692703	0.766548463356974
0.999743062692703	0.7666995073891626
0.999743062692703	0.7668506109578243
0.999743062692703	0.7670017740981667
0.999743062692703	0.7671529968454258
0.999743062692703	0.7673042792348649
0.999743062692703	0.7674556213017751
0.999743062692703	0.7676070230814757
0.999743062692703	0.7677584846093133
0.999743062692703	0.7679100059206632
0.999743062692703	0.7680615870509278
0.999743062692703	0.768213228035538
0.999743062692703	0.7683649289099526
0.999743062692703	0.7685166897096583
0.999743062692703	0.7686685104701699
0.999743062692703	0.7688203912270303
0.999743062692703	0.7689723320158103
0.999743062692703	0.7691243328721091
0.999743062692703	0.769276393831554
0.999743062692703	0.7694285149298002
0.999743062692703	0.7695806962025317
0.999743062692703	0.7697329376854599
0.999743062692703	0.7698852394143253
0.999743062692703	0.7700376014248961
0.999743062692703	0.7701900237529691
0.999743062692703	0.7703425064343694
0.999743062692703	0.7704950495049505
0.999743062692703	0.7706476530005941
0.999743062692703	0.7708003169572107
0.999743062692703	0.7709530414107391
0.999743062692703	0.7711058263971462
0.999743062692703	0.7712586719524281
0.999743062692703	0.7714115781126091
0.999743062692703	0.7715645449137418
0.999743062692703	0.771717572391908
0.999743062692703	0.7718706605832176
0.999743062692703	0.7720238095238096
0.999743062692703	0.7721770192498512
0.999743062692703	0.7723302897975387
0.999743062692703	0.7724836212030971
0.999743062692703	0.77263701350278
0.999743062692703	0.7727904667328699
0.999743062692703	0.7729439809296782
0.999743062692703	0.773097556129545
0.999743062692703	0.7732511923688394
0.999743062692703	0.7734048896839595
0.999743062692703	0.773558648111332
0.999743062692703	0.773712467687413
0.999743062692703	0.7738663484486874
0.999743062692703	0.774020290431669
0.999743062692703	0.7741742936729009
0.999743062692703	0.7743283582089552
0.999743062692703	0.7744824840764332
0.999743062692703	0.774636671311965
0.999743062692703	0.7747909199522103
0.999743062692703	0.7749452300338578
0.999743062692703	0.7750996015936255
0.999743062692703	0.7752540346682606
0.999743062692703	0.7754085292945396
0.999743062692703	0.7755630855092684
0.999743062692703	0.7757177033492823
0.999743062692703	0.7758723828514457
0.999743062692703	0.7760271240526526
0.999743062692703	0.7761819269898265
0.999743062692703	0.7763367916999202
0.999743062692703	0.7764917182199161
0.999743062692703	0.7766467065868263
0.999743062692703	0.7768017568376921
0.999743062692703	0.7769568690095847
0.999743062692703	0.7771120431396046
0.999743062692703	0.7772672792648821
0.999743062692703	0.7774225774225775
0.999743062692703	0.7775779376498801
0.999743062692703	0.7777333599840096
0.999743062692703	0.7778888444622151
0.999743062692703	0.7780443911217756
0.999743062692703	0.7782
0.999743062692703	0.7783556711342269
0.999743062692703	0.7785114045618248
0.999743062692703	0.7788230584467574
0.999743062692703	0.7789789789789789
0.999743062692703	0.7791349619543452
0.999743062692703	0.7792910074103745
0.999743062692703	0.7794471153846154
0.999743062692703	0.7796032859146463
0.999743062692703	0.7797595190380762
0.999743062692703	0.7799158147925436
0.999743062692703	0.7800721732157178
0.999743062692703	0.7802285943452978
0.999743062692703	0.7803850782190133
0.999743062692703	0.7805416248746239
0.999743062692703	0.7808549066827213
0.999743062692703	0.7810116419108791
0.999743062692703	0.7811684400722746
0.999743062692703	0.7814822253464551
0.999743062692703	0.7816392125351547
0.999743062692703	0.781796262808921
0.999743062692703	0.7819533762057878
0.999743062692703	0.7821105527638191
0.999743062692703	0.7822677925211098
0.999743062692703	0.7825824617860017
0.999743062692703	0.782897384305835
0.999743062692703	0.7830549406319179
0.999743062692703	0.7832125603864735
0.999743062692703	0.7833702436078116
0.999743062692703	0.783527990334273
0.999743062692703	0.7838436744560838
0.999743062692703	0.7841596130592503
0.999743062692703	0.7843176778875227
0.999743062692703	0.7844758064516129
0.999743062692703	0.7846339987900787
0.999743062692703	0.7847922549415087
0.999743062692703	0.7849505749445229
0.999743062692703	0.7851089588377724
0.999743062692703	0.7852674066599394
0.999743062692703	0.7854259184497376
0.999743062692703	0.7855844942459116
0.999743062692703	0.7857431340872375
0.999743062692703	0.7859018380125227
0.999743062692703	0.786060606060606
0.999743062692703	0.7862194382703577
0.999743062692703	0.7863783346806791
0.999743062692703	0.7865372953305033
0.999743062692703	0.786696320258795
0.999743062692703	0.78685540950455
0.999743062692703	0.7870145631067961
0.999743062692703	0.7871737811045924
0.999743062692703	0.7873330635370296
0.999743062692703	0.7874924104432302
0.999743062692703	0.7876518218623482
0.999743062692703	0.7878112978335695
0.999743062692703	0.7879708383961118
0.999743062692703	0.7881304435892242
0.999743062692703	0.788290113452188
0.999743062692703	0.7884498480243161
0.999743062692703	0.7886096473449534
0.999743062692703	0.7887695114534766
0.999743062692703	0.7889294403892944
0.999743062692703	0.7890894341918475
0.999743062692703	0.7892494929006085
0.999743062692703	0.7894096165550821
0.999743062692703	0.7895698051948052
0.999743062692703	0.7897300588593464
0.999743062692703	0.7898903775883069
0.999743062692703	0.7900507614213198
0.999743062692703	0.7902112103980503
0.999743062692703	0.7903717245581963
0.999743062692703	0.7905323039414872
0.999743062692703	0.7906929485876855
0.999743062692703	0.7908536585365854
0.999743062692703	0.7910144338280138
0.999743062692703	0.79117527450183
0.999743062692703	0.7913361805979255
0.999743062692703	0.7914971521562246
0.999743062692703	0.7916581892166836
0.999743062692703	0.7918192918192918
0.999743062692703	0.7919804600040709
0.999743062692703	0.7921416938110749
0.999743062692703	0.792302993280391
0.999743062692703	0.7924643584521385
0.999743062692703	0.7926257893664698
0.999743062692703	0.7927872860635696
0.999743062692703	0.792948848583656
0.999743062692703	0.7931104769669792
0.999743062692703	0.7932721712538227
0.999743062692703	0.7934339314845025
0.999743062692703	0.7935957576993677
0.999743062692703	0.7937576499388005
0.999743062692703	0.7939196082432157
0.999743062692703	0.7940816326530612
0.999743062692703	0.7942437232088181
0.999743062692703	0.7944058799510004
0.999743062692703	0.7945681029201552
0.999743062692703	0.7947303921568627
0.999743062692703	0.7948927477017365
0.999743062692703	0.795055169595423
0.999743062692703	0.7952176578786021
0.999743062692703	0.7953802125919869
0.999743062692703	0.7955428337763238
0.999743062692703	0.7957055214723926
0.999743062692703	0.7958682757210064
0.999743062692703	0.7960310965630114
0.999743062692703	0.7961939840392879
0.999743062692703	0.796356938190749
0.999743062692703	0.7965199590583418
0.999743062692703	0.7966830466830467
0.999743062692703	0.7968462011058776
0.999743062692703	0.797009422367882
0.999743062692703	0.7971727105101414
0.999743062692703	0.7973360655737705
0.999743062692703	0.7974994875999181
0.999743062692703	0.7976629766297663
0.999743062692703	0.7978265327045315
0.999743062692703	0.7979901558654635
0.999743062692703	0.7981538461538461
0.999743062692703	0.7983176036109971
0.999743062692703	0.798481428278268
0.999743062692703	0.7986453201970444
0.999743062692703	0.7988092794087457
0.999743062692703	0.7989733059548254
0.999743062692703	0.7991373998767715
0.999743062692703	0.7993015612161052
0.999743062692703	0.7994657900143826
0.999743062692703	0.7996300863131935
0.999743062692703	0.7997944501541624
0.999743062692703	0.7999588815789473
0.999743062692703	0.8001233806292412
0.999743062692703	0.8002879473467709
0.999743062692703	0.8004525817732977
0.999743062692703	0.8006172839506173
0.999743062692703	0.8007820539205598
0.999743062692703	0.8009468917249897
0.999743062692703	0.8011117974058061
0.999743062692703	0.8012767710049423
0.999743062692703	0.8014418125643666
0.999743062692703	0.8016069221260815
0.999743062692703	0.8017720997321245
0.999743062692703	0.8019373454245672
0.999743062692703	0.8021026592455164
0.999743062692703	0.8022680412371134
0.999743062692703	0.8024334914415343
0.999743062692703	0.8025990099009901
0.999743062692703	0.8027645966577265
0.999743062692703	0.8029302517540239
0.999743062692703	0.8030959752321981
0.999743062692703	0.8032617671345995
0.999743062692703	0.8034276275036135
0.999743062692703	0.8035935563816605
0.999743062692703	0.803759553811196
0.999743062692703	0.8039256198347108
0.999743062692703	0.8040917544947304
0.999743062692703	0.8042579578338156
0.999743062692703	0.8044242298945627
0.999743062692703	0.8045905707196029
0.999743062692703	0.8047569803516029
0.999743062692703	0.8049234588332643
0.999743062692703	0.8050900062073246
0.999743062692703	0.8052566225165563
0.999743062692703	0.8054233078037674
0.999743062692703	0.8055900621118013
0.999743062692703	0.805756885483537
0.999743062692703	0.805923777961889
0.999743062692703	0.8060907395898074
0.999743062692703	0.8062577704102777
0.999743062692703	0.8064248704663213
0.999743062692703	0.806592039800995
0.999743062692703	0.8067592784573917
0.999743062692703	0.8069265864786396
0.999743062692703	0.8070939639079029
0.999743062692703	0.8072614107883818
0.999743062692703	0.8074289271633119
0.999743062692703	0.8075965130759651
0.999743062692703	0.8077641685696492
0.999743062692703	0.8079318936877077
0.999743062692703	0.8080996884735202
0.999743062692703	0.8082675529705027
0.999743062692703	0.8084354872221068
0.999743062692703	0.8086034912718204
0.999743062692703	0.8087715651631677
0.999743062692703	0.8089397089397089
0.999743062692703	0.8091079226450405
0.999743062692703	0.8092762063227953
0.999743062692703	0.8094445600166424
0.999743062692703	0.8096129837702871
0.999743062692703	0.8097814776274714
0.999743062692703	0.8099500416319734
0.999743062692703	0.8101186758276078
0.999743062692703	0.8102873802582258
0.999743062692703	0.8104561549677151
0.999743062692703	0.810625
0.999743062692703	0.8107939153990414
0.999743062692703	0.810962901208837
0.999743062692703	0.8111319574734209
0.999743062692703	0.8113010842368641
0.999743062692703	0.8114702815432743
0.999743062692703	0.811639549436796
0.999743062692703	0.8118088879616107
0.999743062692703	0.8119782971619366
0.999743062692703	0.8121477770820288
0.999743062692703	0.8123173277661795
0.999743062692703	0.8124869492587179
0.999743062692703	0.8126566416040101
0.999743062692703	0.8128264048464592
0.999743062692703	0.8129962390305057
0.999743062692703	0.8131661442006269
0.999743062692703	0.8133361204013378
0.999743062692703	0.8135061676771901
0.999743062692703	0.8136762860727729
0.999743062692703	0.8138464756327128
0.999743062692703	0.8140167364016736
0.999743062692703	0.8141870684243565
0.999743062692703	0.8143574717455002
0.999743062692703	0.8145279464098807
0.999743062692703	0.8146984924623115
0.999743062692703	0.8148691099476439
0.999743062692703	0.8150397989107666
0.999743062692703	0.8152105593966059
0.999743062692703	0.8153813914501258
0.999743062692703	0.8155522951163278
0.999743062692703	0.8157232704402516
0.999743062692703	0.8158943174669742
0.999743062692703	0.8160654362416108
0.999743062692703	0.8162366268093141
0.999743062692703	0.8164078892152749
0.999743062692703	0.8165792235047219
0.999743062692703	0.8167506297229219
0.999743062692703	0.8169221079151795
0.999743062692703	0.8170936581268374
0.999743062692703	0.8172652804032766
0.999743062692703	0.817436974789916
0.999743062692703	0.8176087413322126
0.999743062692703	0.817780580075662
0.999743062692703	0.8179524910657978
0.999743062692703	0.8181244743481918
0.999743062692703	0.8182965299684543
0.999743062692703	0.8184686579722339
0.999743062692703	0.8186408584052177
0.999743062692703	0.8188131313131313
0.999743062692703	0.8189854767417386
0.999743062692703	0.8191578947368421
0.999743062692703	0.819330385344283
0.999743062692703	0.819502948609941
0.999743062692703	0.8196755845797346
0.999743062692703	0.8198482932996207
0.999743062692703	0.8200210748155954
0.999743062692703	0.820193929173693
0.999743062692703	0.8203668564199873
0.999743062692703	0.8205398566005905
0.999743062692703	0.8207129297616537
0.999743062692703	0.8208860759493671
0.999743062692703	0.8210592952099599
0.999743062692703	0.8212325875897003
0.999743062692703	0.8214059531348955
0.999743062692703	0.8215793918918919
0.999743062692703	0.821752903907075
0.999743062692703	0.8219264892268695
0.999743062692703	0.8221001478977393
0.999743062692703	0.8222738799661876
0.999743062692703	0.8224476854787571
0.999743062692703	0.8226215644820296
0.999743062692703	0.8227955170226263
0.999743062692703	0.8229695431472082
0.999743062692703	0.8231436429024751
0.999743062692703	0.8233178163351672
0.999743062692703	0.8234920634920635
0.999743062692703	0.8236663844199831
0.999743062692703	0.8238407791657845
0.999743062692703	0.8240152477763659
0.999743062692703	0.8241897902986656
0.999743062692703	0.824364406779661
0.999743062692703	0.82453909726637
0.999743062692703	0.8247138618058499
0.999743062692703	0.8248887004451982
0.999743062692703	0.8250636132315522
0.999743062692703	0.8252386002120891
0.999743062692703	0.8254136614340263
0.999743062692703	0.8255887969446213
0.999743062692703	0.8257640067911715
0.999743062692703	0.8259392910210146
0.999743062692703	0.8261146496815287
0.999743062692703	0.8262900828201316
0.999743062692703	0.826465590484282
0.999743062692703	0.8266411727214786
0.999743062692703	0.8268168295792605
0.999743062692703	0.8269925611052072
0.999743062692703	0.8271683673469388
0.999743062692703	0.8273442483521156
0.999743062692703	0.827520204168439
0.999743062692703	0.8276962348436503
0.999743062692703	0.8278723404255319
0.999743062692703	0.8280485209619068
0.999743062692703	0.8282247765006385
0.999743062692703	0.8284011070896317
0.999743062692703	0.8285775127768313
0.999743062692703	0.8287539936102236
0.999743062692703	0.8289305496378355
0.999743062692703	0.8291071809077349
0.999743062692703	0.8292838874680307
0.999743062692703	0.8294606693668727
0.999743062692703	0.829637526652452
0.999743062692703	0.8298144593730007
0.999743062692703	0.8299914675767918
0.999743062692703	0.83016855131214
0.999743062692703	0.8303457106274008
0.999743062692703	0.8305229455709712
0.999743062692703	0.8307002561912895
0.999743062692703	0.8308776425368354
0.999743062692703	0.8310551046561299
0.999743062692703	0.8312326425977355
0.999743062692703	0.8314102564102565
0.999743062692703	0.8315879461423381
0.999743062692703	0.8317657118426678
0.999743062692703	0.8319435535599743
0.999743062692703	0.8321214713430283
0.999743062692703	0.8322994652406417
0.999743062692703	0.8324775353016688
0.999743062692703	0.8326556815750054
0.999743062692703	0.832833904109589
0.999743062692703	0.8330122029543995
0.999743062692703	0.8331905781584582
0.999743062692703	0.8333690297708288
0.999743062692703	0.833547557840617
0.999743062692703	0.8337261624169702
0.999743062692703	0.8339048435490785
0.999743062692703	0.8340836012861736
0.999743062692703	0.83426243567753
0.999743062692703	0.8344413467724641
0.999743062692703	0.8346203346203346
0.999743062692703	0.8347993992705428
0.999743062692703	0.8349785407725322
0.999743062692703	0.8351577591757888
0.999743062692703	0.8353370545298411
0.999743062692703	0.8355164268842602
0.999743062692703	0.8356958762886598
0.999743062692703	0.835875402792696
0.999743062692703	0.8360550064460679
0.999743062692703	0.8362346872985171
0.999743062692703	0.836414445399828
0.999743062692703	0.836594280799828
0.999743062692703	0.8367741935483871
0.999743062692703	0.8369541836954184
0.999743062692703	0.8371342512908778
0.999743062692703	0.8373143963847643
0.999743062692703	0.8374946190271201
0.999743062692703	0.8376749192680302
0.999743062692703	0.8378552971576227
0.999743062692703	0.8380357527460693
0.999743062692703	0.8382162860835847
0.999743062692703	0.8383968972204267
0.999743062692703	0.8385775862068966
0.999743062692703	0.8387583530933391
0.999743062692703	0.8389391979301423
0.999743062692703	0.8391201207677378
0.999743062692703	0.8393011216566005
0.999743062692703	0.8394822006472492
0.999743062692703	0.839663357790246
0.999743062692703	0.8398445931361969
0.999743062692703	0.8400259067357513
0.999743062692703	0.8402072986396026
0.999743062692703	0.8403887688984881
0.999743062692703	0.8405703175631886
0.999743062692703	0.840751944684529
0.999743062692703	0.840933650313378
0.999743062692703	0.8411154345006485
0.999743062692703	0.8412972972972973
0.999743062692703	0.8414792387543253
0.999743062692703	0.8416612589227774
0.999743062692703	0.841843357853743
0.999743062692703	0.8420255355983554
0.999743062692703	0.8422077922077922
0.999743062692703	0.8423901277332756
0.999743062692703	0.8425725422260719
0.999743062692703	0.8427550357374919
0.999743062692703	0.8429376083188909
0.999743062692703	0.8431202600216685
0.999743062692703	0.8433029908972692
0.999743062692703	0.8434858009971818
0.999743062692703	0.8436686903729401
0.999743062692703	0.8438516590761224
0.999743062692703	0.8440347071583514
0.999743062692703	0.8442178346712953
0.999743062692703	0.8444010416666666
0.999743062692703	0.8445843281962231
0.999743062692703	0.8447676943117672
0.999743062692703	0.8449511400651466
0.999743062692703	0.8451346655082537
0.999743062692703	0.8453182706930263
0.999743062692703	0.8455019556714471
0.999743062692703	0.8456857204955445
0.999743062692703	0.8458695652173913
0.999743062692703	0.8460534898891063
0.999743062692703	0.8462374945628535
0.999743062692703	0.8464215792908418
0.999743062692703	0.8466057441253264
0.999743062692703	0.8467899891186071
0.999743062692703	0.84697431432303
0.999743062692703	0.8471587197909863
0.999743062692703	0.8473432055749129
0.999743062692703	0.8475277717272925
0.999743062692703	0.8477124183006536
0.999743062692703	0.8478971453475703
0.999743062692703	0.8480819529206626
0.999743062692703	0.8482668410725964
0.999743062692703	0.8484518098560837
0.999743062692703	0.8486368593238822
0.999743062692703	0.8488219895287958
0.999743062692703	0.8490072005236744
0.999743062692703	0.8491924923614143
0.999743062692703	0.8493778650949574
0.999743062692703	0.8495633187772926
0.999743062692703	0.8497488534614545
0.999743062692703	0.8499344692005243
0.999743062692703	0.8501201660476294
0.999743062692703	0.8503059440559441
0.999743062692703	0.8504918032786886
0.999743062692703	0.8506777437691299
0.999743062692703	0.8508637655805816
0.999743062692703	0.8510498687664042
0.999743062692703	0.8512360533800044
0.999743062692703	0.8514223194748359
0.999743062692703	0.8516086671043992
0.999743062692703	0.8517950963222417
0.999743062692703	0.8519816071819575
0.999743062692703	0.8521681997371879
0.999743062692703	0.852354874041621
0.999743062692703	0.8525416301489921
0.999743062692703	0.8527284681130834
0.999743062692703	0.8529153879877247
0.999743062692703	0.8531023898267923
0.999743062692703	0.8532894736842105
0.999743062692703	0.8534766396139505
0.999743062692703	0.8536638876700308
0.999743062692703	0.8538512179065174
0.999743062692703	0.8540386303775241
0.999743062692703	0.8542261251372119
0.999743062692703	0.8544137022397892
0.999743062692703	0.8546013617395124
0.999743062692703	0.8547891036906854
0.999743062692703	0.8549769281476599
0.999743062692703	0.8551648351648352
0.999743062692703	0.8553528247966586
0.999743062692703	0.8555408970976254
0.999743062692703	0.8557290521222785
0.999743062692703	0.855917289925209
0.999743062692703	0.856105610561056
0.999743062692703	0.856294014084507
0.999743062692703	0.8564825005502972
0.999743062692703	0.8566710700132101
0.999743062692703	0.8568597225280775
0.999743062692703	0.8570484581497797
0.999743062692703	0.8572372769332453
0.999743062692703	0.8574261789334509
0.999743062692703	0.857615164205422
0.999743062692703	0.8578042328042328
0.999743062692703	0.8579933847850055
0.999743062692703	0.8581826202029114
0.999743062692703	0.8583719391131701
0.999743062692703	0.8585613415710504
0.999743062692703	0.8587508276318694
0.999743062692703	0.8589403973509934
0.999743062692703	0.8591300507838375
0.999743062692703	0.8593197879858657
0.999743062692703	0.8595096090125911
0.999743062692703	0.8596995139195758
0.999743062692703	0.8598895027624309
0.999743062692703	0.860079575596817
0.999743062692703	0.8602697324784435
0.999743062692703	0.8604599734630695
0.999743062692703	0.860650298606503
0.999743062692703	0.8608407079646018
0.999743062692703	0.8610312015932728
0.999743062692703	0.8612217795484728
0.999743062692703	0.8614124418862077
0.999743062692703	0.8616031886625333
0.999743062692703	0.8617940199335549
0.999743062692703	0.8619849357554276
0.999743062692703	0.8621759361843563
0.999743062692703	0.8623670212765957
0.999743062692703	0.8625581910884504
0.999743062692703	0.862749445676275
0.999743062692703	0.8629407850964738
0.999743062692703	0.8631322094055013
0.999743062692703	0.8633237186598625
0.999743062692703	0.8635153129161118
0.999743062692703	0.8637069922308546
0.999743062692703	0.863898756660746
0.999743062692703	0.8640906062624917
0.999743062692703	0.8642825410928476
0.999743062692703	0.8644745612086203
0.999743062692703	0.8646666666666667
0.999743062692703	0.8648588575238942
0.999743062692703	0.865051133837261
0.999743062692703	0.8652434956637759
0.999743062692703	0.8654359430604982
0.999743062692703	0.8656284760845384
0.999743062692703	0.8658210947930574
0.999743062692703	0.8660137992432673
0.999743062692703	0.866206589492431
0.999743062692703	0.8663994655978624
0.999743062692703	0.8665924276169265
0.999743062692703	0.8667854756070394
0.999743062692703	0.8669786096256684
0.999743062692703	0.867171829730332
0.999743062692703	0.8673651359786001
0.999743062692703	0.8675585284280937
0.999743062692703	0.8677520071364853
0.999743062692703	0.867945572161499
0.999743062692703	0.8681392235609103
0.999743062692703	0.8683329613925463
0.999743062692703	0.8685267857142858
0.999743062692703	0.8687206965840589
0.999743062692703	0.8689146940598481
0.999743062692703	0.8691087781996872
0.999743062692703	0.8693029490616622
0.999743062692703	0.8694972067039106
0.999743062692703	0.8696915511846223
0.999743062692703	0.8698859825620389
0.999743062692703	0.8700805008944544
0.999743062692703	0.8702751062402148
0.999743062692703	0.8704697986577181
0.999743062692703	0.8706645782054151
0.999743062692703	0.8708594449418084
0.999743062692703	0.8710543989254533
0.999743062692703	0.8712494402149574
0.999743062692703	0.8714445688689809
0.999743062692703	0.8716397849462365
0.999743062692703	0.8718350885054896
0.999743062692703	0.872030479605558
0.999743062692703	0.8722259583053127
0.999743062692703	0.8724215246636772
0.999743062692703	0.8726171787396277
0.999743062692703	0.8728129205921938
0.999743062692703	0.8730087502804577
0.999743062692703	0.8732046678635548
0.9994861253854059	0.8731762065095399
0.9994861253854059	0.873372249663224
0.9994861253854059	0.8735683808668313
0.9994861253854059	0.8737646001796945
0.9994861253854059	0.8739609076611997
0.9994861253854059	0.8741573033707866
0.9994861253854059	0.8743537873679479
0.9994861253854059	0.8745503597122302
0.9994861253854059	0.8747470204632336
0.9994861253854059	0.8749437696806118
0.9994861253854059	0.875140607424072
0.9994861253854059	0.8753375337533753
0.9994861253854059	0.8755345487283367
0.9994861253854059	0.8757316524088249
0.9994861253854059	0.8759288448547624
0.9994861253854059	0.8761261261261262
0.9994861253854059	0.8763234962829466
0.9994861253854059	0.8765209553853087
0.9994861253854059	0.8767185034933513
0.9994861253854059	0.8769161406672679
0.9994861253854059	0.8771138669673055
0.9994861253854059	0.8773116824537663
0.9994861253854059	0.8775095871870066
0.9994861253854059	0.8777075812274369
0.9994861253854059	0.8779056646355224
0.9994861253854059	0.8781038374717833
0.9994861253854059	0.8783020997967939
0.9994861253854059	0.8785004516711834
0.9994861253854059	0.8786988931556359
0.9994861253854059	0.8788974243108902
0.9994861253854059	0.8790960451977401
0.9994861253854059	0.8792947558770343
0.9994861253854059	0.8794935564096766
0.9994861253854059	0.879692446856626
0.9994861253854059	0.8798914272788961
0.9994861253854059	0.8800904977375565
0.9994861253854059	0.8802896582937316
0.9994861253854059	0.8804889090086012
0.9994861253854059	0.8806882499434004
0.9994861253854059	0.8808876811594203
0.9994861253854059	0.8810872027180068
0.9994861253854059	0.8812868146805618
0.9994861253854059	0.881486517108543
0.9994861253854059	0.8816863100634633
0.9994861253854059	0.8818861936068919
0.9994861253854059	0.8820861678004536
0.9994861253854059	0.882286232705829
0.9994861253854059	0.882486388384755
0.9994861253854059	0.8826866348990243
0.9994861253854059	0.8828869723104857
0.9992291880781089	0.8828603859250851
0.9992291880781089	0.8830608537693007
0.9992291880781089	0.8832614126731774
0.9992291880781089	0.8834620626987733
0.9992291880781089	0.8836628039082027
0.9992291880781089	0.8838636363636364
0.9992291880781089	0.8840645601273016
0.9992291880781089	0.8842655752614825
0.9992291880781089	0.8844666818285194
0.9992291880781089	0.8846678798908099
0.9992291880781089	0.8848691695108077
0.9992291880781089	0.8850705507510241
0.9992291880781089	0.8852720236740269
0.9992291880781089	0.8854735883424408
0.9992291880781089	0.8856752448189479
0.9992291880781089	0.885876993166287
0.9992291880781089	0.8860788334472545
0.9992291880781089	0.8862807657247037
0.9992291880781089	0.8864827900615455
0.9992291880781089	0.8866849065207478
0.9992291880781089	0.8868871151653364
0.9992291880781089	0.8870894160583942
0.9992291880781089	0.8872918092630618
0.9992291880781089	0.8874942948425376
0.9992291880781089	0.8876968728600776
0.9992291880781089	0.8878995433789955
0.9992291880781089	0.8881023064626627
0.9992291880781089	0.8883051621745089
0.9992291880781089	0.8885081105780215
0.9992291880781089	0.8887111517367459
0.9992291880781089	0.8889142857142858
0.9992291880781089	0.8891175125743027
0.9992291880781089	0.8893208323805168
0.9992291880781089	0.8895242451967064
0.9992291880781089	0.8897277510867079
0.9992291880781089	0.8899313501144165
0.9992291880781089	0.8901350423437857
0.9992291880781089	0.8903388278388278
0.9992291880781089	0.8905427066636135
0.9992291880781089	0.8907466788822721
0.9992291880781089	0.890950744558992
0.9992291880781089	0.8911549037580202
0.9992291880781089	0.8913591565436626
0.9992291880781089	0.8915635029802843
0.9992291880781089	0.8917679431323091
0.9992291880781089	0.8919724770642202
0.9992291880781089	0.8921771048405598
0.9992291880781089	0.8923818265259293
0.9992291880781089	0.8925866421849896
0.9992291880781089	0.892791551882461
0.9992291880781089	0.8929965556831229
0.9992291880781089	0.8932016536518145
0.9992291880781089	0.8934068458534344
0.9992291880781089	0.8936121323529411
0.9992291880781089	0.8938175132153527
0.9992291880781089	0.8940229885057471
0.9992291880781089	0.894228558289262
0.9992291880781089	0.8944342226310947
0.9992291880781089	0.8946399815965034
0.9992291880781089	0.8948458352508053
0.9992291880781089	0.8950517836593785
0.9992291880781089	0.8952578268876611
0.9992291880781089	0.8954639650011513
0.9992291880781089	0.8956701980654076
0.9992291880781089	0.8958765261460493
0.9992291880781089	0.8960829493087558
0.9992291880781089	0.8962894676192671
0.9992291880781089	0.8964960811433841
0.9992291880781089	0.896702789946968
0.9992291880781089	0.896909594095941
0.998972250770812	0.8968858131487889
0.998972250770812	0.8970927549607752
0.998972250770812	0.8972997922917147
0.998972250770812	0.8975069252077562
0.998972250770812	0.8977141537751097
0.998972250770812	0.8979214780600462
0.998972250770812	0.8981288981288982
0.998972250770812	0.8983364140480592
0.998972250770812	0.8985440258839843
0.998972250770812	0.8987517337031901
0.998972250770812	0.8989595375722543
0.998972250770812	0.8991674375578168
0.998972250770812	0.8993754337265788
0.998972250770812	0.8995835261453031
0.998972250770812	0.8997917148808147
0.998972250770812	0.9
0.998972250770812	0.9002083815698079
0.998972250770812	0.9004168596572487
0.998972250770812	0.9006254343293955
0.998972250770812	0.9008341056533827
0.998972250770812	0.9010428736964079
0.998972250770812	0.9012517385257302
0.998972250770812	0.9014607002086714
0.998972250770812	0.9016697588126159
0.998972250770812	0.9018789144050104
0.998972250770812	0.9020881670533643
0.998972250770812	0.9022975168252495
0.998972250770812	0.9025069637883009
0.998972250770812	0.902716508010216
0.998972250770812	0.9029261495587553
0.998972250770812	0.9031358885017422
0.998972250770812	0.9033457249070632
0.998972250770812	0.9035556588426679
0.998972250770812	0.9037656903765691
0.998972250770812	0.9039758195768426
0.998972250770812	0.9041860465116279
0.998972250770812	0.9043963712491278
0.998972250770812	0.9046067938576082
0.998972250770812	0.9048173144053991
0.998972250770812	0.9050279329608939
0.998972250770812	0.9052386495925495
0.998972250770812	0.9054494643688868
0.998972250770812	0.9056603773584906
0.998972250770812	0.9058713886300093
0.998972250770812	0.9060824982521557
0.998972250770812	0.9062937062937063
0.998972250770812	0.9065050128235019
0.998972250770812	0.9067164179104478
0.998972250770812	0.906927921623513
0.998972250770812	0.9071395240317313
0.998972250770812	0.9073512252042008
0.998972250770812	0.907563025210084
0.998972250770812	0.9077749241186085
0.998972250770812	0.9079869219990658
0.998972250770812	0.9081990189208129
0.998972250770812	0.908411214953271
0.998972250770812	0.9086235101659266
0.998972250770812	0.908835904628331
0.998972250770812	0.9090483984101005
0.998972250770812	0.9092609915809168
0.998972250770812	0.9094736842105263
0.998972250770812	0.9096864763687412
0.998972250770812	0.9098993681254388
0.998972250770812	0.9101123595505618
0.998972250770812	0.9103254507141185
0.998972250770812	0.9105386416861827
0.998972250770812	0.9107519325368939
0.998972250770812	0.9109653233364574
0.998972250770812	0.9111788141551441
0.998972250770812	0.9113924050632911
0.998972250770812	0.9116060961313013
0.998972250770812	0.9118198874296435
0.998972250770812	0.912033779028853
0.998972250770812	0.9122477709995307
0.998972250770812	0.9124618634123445
0.998972250770812	0.9126760563380282
0.998972250770812	0.912890349847382
0.998972250770812	0.913104744011273
0.998972250770812	0.9133192389006343
0.998972250770812	0.9135338345864662
0.998972250770812	0.9137485311398355
0.998972250770812	0.9139633286318759
0.998972250770812	0.9141782271337879
0.998972250770812	0.9143932267168391
0.998972250770812	0.9146083274523642
0.998972250770812	0.9148235294117647
0.998972250770812	0.9150388326665098
0.998972250770812	0.9152542372881356
0.9987153134635149	0.9152342830233106
0.9987153134635149	0.9154498351389543
0.9987153134635149	0.9156654888103651
0.9987153134635149	0.9158812441093308
0.9987153134635149	0.9160971011077068
0.9987153134635149	0.9163130598774163
0.9987153134635149	0.9165291204904503
0.9987153134635149	0.9167452830188679
0.9987153134635149	0.916961547534796
0.9987153134635149	0.9171779141104295
0.9987153134635149	0.9173943828180317
0.9987153134635149	0.917610953729934
0.9987153134635149	0.917827626918536
0.9987153134635149	0.9180444024563061
0.9987153134635149	0.9182612804157808
0.9987153134635149	0.9184782608695652
0.9987153134635149	0.9186953438903332
0.9987153134635149	0.9189125295508275
0.9987153134635149	0.9191298179238591
0.9987153134635149	0.9193472090823084
0.9987153134635149	0.9195647030991246
0.9987153134635149	0.9197823000473261
0.9987153134635149	0.92
0.9987153134635149	0.920217803030303
0.9987153134635149	0.920435709211461
0.9987153134635149	0.9206537186167693
0.9987153134635149	0.9208718313195925
0.9987153134635149	0.921090047393365
0.9987153134635149	0.9213083669115905
0.9987153134635149	0.9215267899478425
0.9987153134635149	0.9217453165757648
0.9987153134635149	0.9219639468690702
0.9987153134635149	0.9221826809015421
0.9987153134635149	0.9224015187470337
0.9987153134635149	0.9226204604794683
0.9987153134635149	0.9228395061728395
0.9987153134635149	0.9230586559012112
0.9987153134635149	0.9232779097387174
0.9987153134635149	0.9234972677595629
0.9987153134635149	0.9237167300380228
0.9987153134635149	0.9239362966484431
0.9987153134635149	0.9241559676652401
0.9987153134635149	0.9243757431629013
0.9987153134635149	0.9245956232159848
0.9987153134635149	0.9248156078991197
0.9987153134635149	0.9250356972870062
0.9987153134635149	0.9252558914544157
0.9987153134635149	0.9254761904761905
0.9987153134635149	0.9256965944272446
0.9987153134635149	0.9259171033825632
0.9987153134635149	0.9261377174172027
0.9987153134635149	0.9263584366062917
0.9987153134635149	0.9265792610250297
0.9987153134635149	0.9268001907486886
0.9987153134635149	0.9270212258526115
0.9987153134635149	0.9272423664122137
0.9987153134635149	0.9274636125029826
0.9987153134635149	0.9276849642004773
0.9987153134635149	0.9279064215803294
0.9987153134635149	0.9281279847182426
0.9987153134635149	0.9283496536899928
0.9987153134635149	0.9285714285714286
0.9987153134635149	0.9287933094384707
0.9987153134635149	0.9290152963671128
0.9987153134635149	0.9292373894334209
0.9987153134635149	0.9294595887135342
0.9987153134635149	0.9296818942836642
0.9987153134635149	0.9299043062200957
0.9987153134635149	0.9301268245991864
0.9987153134635149	0.9303494494973672
0.9987153134635149	0.9305721809911419
0.9987153134635149	0.9307950191570882
0.9987153134635149	0.9310179640718563
0.9987153134635149	0.9312410158121706
0.9987153134635149	0.9314641744548287
0.9987153134635149	0.9316874400767018
0.9987153134635149	0.9319108127547351
0.9987153134635149	0.9321342925659473
0.9987153134635149	0.932357879587431
0.9987153134635149	0.9325815738963532
0.9987153134635149	0.9328053755699544
0.9987153134635149	0.9330292846855497
0.9987153134635149	0.9332533013205282
0.9987153134635149	0.9334774255523535
0.9987153134635149	0.9337016574585635
0.9987153134635149	0.9339259971167708
0.9987153134635149	0.9341504446046623
0.9987153134635149	0.934375
0.9987153134635149	0.9345996633806204
0.9987153134635149	0.9348244348244348
0.9987153134635149	0.9350493144094298
0.9987153134635149	0.935274302213667
0.9987153134635149	0.9354993983152828
0.9987153134635149	0.9357246027924891
0.9987153134635149	0.9359499157235733
0.9987153134635149	0.9361753371868978
0.9987153134635149	0.936400867260901
0.9987153134635149	0.9366265060240964
0.9984583761562179	0.9366112316220776
0.9984583761562179	0.9368370298939248
0.9984583761562179	0.9370629370629371
0.9984583761562179	0.9372889532079113
0.9984583761562179	0.9375150784077202
0.9984583761562179	0.9377413127413128
0.9984583761562179	0.9379676562877142
0.9984583761562179	0.9381941091260261
0.9984583761562179	0.9384206713354262
0.9984583761562179	0.938647342995169
0.9984583761562179	0.9388741241845856
0.9984583761562179	0.9391010149830836
0.9984583761562179	0.9393280154701474
0.9984583761562179	0.9395551257253385
0.9984583761562179	0.939782345828295
0.9984583761562179	0.9400096758587324
0.9984583761562179	0.9402371158964432
0.9984583761562179	0.9404646660212972
0.9984583761562179	0.9406923263132414
0.9984583761562179	0.9409200968523003
0.9984583761562179	0.941147977718576
0.9984583761562179	0.9413759689922481
0.9984583761562179	0.941604070753574
0.9984583761562179	0.941832283082889
0.9984583761562179	0.942060606060606
0.9982014388489209	0.9420465567410281
0.9982014388489209	0.9422750424448217
0.9982014388489209	0.9425036390101892
0.9982014388489209	0.9427323465178354
0.9982014388489209	0.9429611650485437
0.9982014388489209	0.9431900946831755
0.9982014388489209	0.9434191355026712
0.9982014388489209	0.9436482875880495
0.9982014388489209	0.9438775510204082
0.9982014388489209	0.9441069258809235
0.9982014388489209	0.9443364122508507
0.9982014388489209	0.9445660102115244
0.9982014388489209	0.944795719844358
0.9982014388489209	0.945025541230844
0.9982014388489209	0.9452554744525548
0.9982014388489209	0.9454855195911414
0.9982014388489209	0.945715676728335
0.9979445015416238	0.9457024592159727
0.9979445015416238	0.9459327812956648
0.9979445015416238	0.946163215590743
0.9979445015416238	0.9463937621832359
0.9979445015416238	0.9466244211552522
0.9979445015416238	0.946855192588981
0.9979445015416238	0.9470860765666911
0.9976875642343268	0.9470731707317073
0.9976875642343268	0.9473042205415955
0.9976875642343268	0.947535383113714
0.9976875642343268	0.9477666585306321
0.9976875642343268	0.947998046875
0.9976875642343268	0.9482295482295482
0.9976875642343268	0.9484611626770885
0.9976875642343268	0.9486928903005131
0.9976875642343268	0.9489247311827957
0.9976875642343268	0.9491566854069909
0.9974306269270298	0.9491442542787286
0.9974306269270298	0.9493763756419662
0.9974306269270298	0.9496086105675147
0.9974306269270298	0.9498409591387326
0.9974306269270298	0.9500734214390602
0.9974306269270298	0.9503059975520196
0.9974306269270298	0.9505386875612145
0.9974306269270298	0.9507714915503307
0.9974306269270298	0.9510044096031357
0.9974306269270298	0.9512374418034796
0.9974306269270298	0.9514705882352941
0.9974306269270298	0.9517038489825937
0.9974306269270298	0.9519372241294752
0.9974306269270298	0.9521707137601177
0.9974306269270298	0.9524043179587831
0.9974306269270298	0.952638036809816
0.9974306269270298	0.9528718703976435
0.9974306269270298	0.9531058188067764
0.9971736896197327	0.9530943025540275
0.9971736896197327	0.9533284205354949
0.9971736896197327	0.9535626535626536
0.9971736896197327	0.9537970017203244
0.9971736896197327	0.954031465093412
0.9971736896197327	0.9542660437669044
0.9971736896197327	0.9545007378258731
0.9971736896197327	0.9547355473554735
0.9971736896197327	0.9549704724409449
0.9971736896197327	0.9552055131676102
0.9971736896197327	0.9554406696208764
0.9971736896197327	0.955675941886235
0.9971736896197327	0.9559113300492611
0.9971736896197327	0.9561468341956146
0.9971736896197327	0.95638245441104
0.9971736896197327	0.9566181907813656
0.9971736896197327	0.9568540433925049
0.9971736896197327	0.9570900123304562
0.9971736896197327	0.9573260976813024
0.9971736896197327	0.9575622995312114
0.9971736896197327	0.9577986179664363
0.9971736896197327	0.9580350530733153
0.9969167523124358	0.9580246913580247
0.9969167523124358	0.9582612990861942
0.9969167523124358	0.958498023715415
0.9969167523124358	0.958734865332345
0.9969167523124358	0.9589718240237272
0.9969167523124358	0.9592088998763906
0.9969167523124358	0.9594460929772503
0.9969167523124358	0.9596834034133069
0.9969167523124358	0.9599208312716477
0.9969167523124358	0.9601583766394457
0.9969167523124358	0.9603960396039604
0.9969167523124358	0.9606338202525377
0.9969167523124358	0.9608717186726102
0.9969167523124358	0.9611097349516968
0.9969167523124358	0.9613478691774033
0.9969167523124358	0.9615861214374225
0.9969167523124358	0.961824491819534
0.9969167523124358	0.9620629804116043
0.9969167523124358	0.9623015873015873
0.9969167523124358	0.9625403125775241
0.9969167523124358	0.9627791563275434
0.9969167523124358	0.963018118639861
0.9969167523124358	0.9632571996027806
0.9969167523124358	0.9634963993046933
0.9969167523124358	0.9637357178340785
0.9969167523124358	0.9639751552795031
0.9969167523124358	0.9642147117296223
0.9969167523124358	0.9644543872731792
0.9969167523124358	0.9646941819990055
0.9969167523124358	0.9649340959960209
0.9969167523124358	0.9651741293532339
0.9969167523124358	0.9654142821597412
0.9969167523124358	0.9656545545047287
0.9969167523124358	0.9658949464774708
0.9969167523124358	0.9661354581673307
0.9969167523124358	0.9663760896637609
0.9969167523124358	0.966616841056303
0.9969167523124358	0.9668577124345876
0.9969167523124358	0.967098703888335
0.9969167523124358	0.9673398155073548
0.9969167523124358	0.9675810473815462
0.9969167523124358	0.967822399600898
0.9969167523124358	0.9680638722554891
0.9969167523124358	0.9683054654354879
0.9969167523124358	0.9685471792311533
0.9969167523124358	0.968789013732834
0.9969167523124358	0.9690309690309691
0.9969167523124358	0.9692730452160879
0.9969167523124358	0.9695152423788106
0.9969167523124358	0.9697575606098475
0.9969167523124358	0.97
0.9969167523124358	0.97024256064016
0.9969167523124358	0.9704852426213106
0.9969167523124358	0.9707280460345259
0.9969167523124358	0.970970970970971
0.9969167523124358	0.9712140175219024
0.9966598150051388	0.971206810215323
0.9966598150051388	0.97145003756574
0.9966598150051388	0.9716933867735471
0.9966598150051388	0.9719368579303432
0.9966598150051388	0.9721804511278196
0.9966598150051388	0.9724241664577589
0.9966598150051388	0.9726680040120361
0.9966598150051388	0.9729119638826185
0.9966598150051388	0.9731560461615655
0.9966598150051388	0.9734002509410289
0.9966598150051388	0.973644578313253
0.9966598150051388	0.9738890283705749
0.9966598150051388	0.9741336012054244
0.9964028776978417	0.9741271037427782
0.9964028776978417	0.9743718592964824
0.9964028776978417	0.9746167378738376
0.9964028776978417	0.9748617395676219
0.9964028776978417	0.9751068644707066
0.9964028776978417	0.9753521126760564
0.9964028776978417	0.9755974842767295
0.9964028776978417	0.9758429793658782
0.9964028776978417	0.9760885980367481
0.9964028776978417	0.9763343403826787
0.9961459403905447	0.9763283807605138
0.9958890030832477	0.9763224181360202
0.9958890030832477	0.9765684051398337
0.9956320657759506	0.9765625
0.9956320657759506	0.9768086715402067
0.9956320657759506	0.9770549672213817
0.9956320657759506	0.9773013871374527
0.9956320657759506	0.977547931382442
0.9956320657759506	0.9777946000504668
0.9956320657759506	0.9780413932357396
0.9956320657759506	0.9782883110325675
0.9956320657759506	0.9785353535353535
0.9956320657759506	0.9787825208385956
0.9956320657759506	0.9790298130368873
0.9956320657759506	0.9792772302249179
0.9953751284686536	0.9792719919110212
0.9951181911613566	0.9792667509481668
0.9948612538540597	0.9792615073343449
0.9948612538540597	0.9795092334935492
0.9948612538540597	0.979757085020243
0.9948612538540597	0.9800050620096178
0.9948612538540597	0.980253164556962
0.9946043165467626	0.9802481640921752
0.9943473792394656	0.9802431610942249
0.9943473792394656	0.9804915125411705
0.9943473792394656	0.9807399898631526
0.9940904419321686	0.9807351077313055
0.9940904419321686	0.9809837728194726
0.9940904419321686	0.9812325640375349
0.9938335046248715	0.9812278031456113
0.9938335046248715	0.9814767825425019
0.9938335046248715	0.9817258883248731
0.9935765673175745	0.9817212490479817
0.9935765673175745	0.9819705434230573
0.9935765673175745	0.9822199644399289
0.9935765673175745	0.9824695121951219
0.9935765673175745	0.9827191867852605
0.9935765673175745	0.9829689883070666
0.9935765673175745	0.9832189168573608
0.9935765673175745	0.9834689725330621
0.9935765673175745	0.983719155431188
0.9935765673175745	0.983969465648855
0.9933196300102775	0.9839653855942988
0.9933196300102775	0.9842158859470469
0.9933196300102775	0.9844665138782785
0.9930626927029804	0.9844625573102395
0.9930626927029804	0.9847133757961783
0.9930626927029804	0.9849643221202854
0.9930626927029804	0.9852153963803212
0.9928057553956835	0.9852116267210607
0.9928057553956835	0.9854628921193573
0.9925488180883865	0.9854591836734694
0.9922918807810894	0.9854554733350345
0.9922918807810894	0.9857069933639612
0.9922918807810894	0.9859586418177176
0.9922918807810894	0.9862104187946884
0.9920349434737924	0.9862068965517241
0.9917780061664954	0.9862033725089423
0.9917780061664954	0.9864554050600562
0.9917780061664954	0.9867075664621677
0.9915210688591983	0.9867041677320378
0.9912641315519013	0.9867007672634271
0.9912641315519013	0.9869531849577897
0.9912641315519013	0.9872057318321392
0.9910071942446043	0.9872024571282314
0.9910071942446043	0.9874551971326165
0.9910071942446043	0.987708066581306
0.9907502569373073	0.9877049180327869
0.9907502569373073	0.9879579810402255
0.9907502569373073	0.9882111737570477
0.9907502569373073	0.9884644962830044
0.9907502569373073	0.9887179487179487
0.9907502569373073	0.9889715311618363
0.9907502569373073	0.9892252437147255
0.9907502569373073	0.989479086476777
0.9907502569373073	0.9897330595482546
0.9907502569373073	0.989987163029525
0.9904933196300103	0.9899845916795069
0.9902363823227133	0.9899820190084767
0.9899794450154162	0.9899794450154162
0.9897225077081192	0.9899768696993061
0.9897225077081192	0.9902313624678664
0.9894655704008222	0.9902288506042685
0.9894655704008222	0.9904835390946503
0.9892086330935251	0.9904810908155389
0.9889516957862282	0.9904786412763767
0.9889516957862282	0.9907335907335907
0.9886947584789312	0.9907312049433573
0.9884378211716341	0.9907288179242854
0.9881808838643371	0.990726429675425
0.9879239465570401	0.9907240401958258
0.987667009249743	0.9907216494845361
0.987667009249743	0.9909770559422532
0.987410071942446	0.9909747292418772
0.987153134635149	0.9909724013412432
0.987153134635149	0.9912280701754386
0.987153134635149	0.9914838709677419
0.986896197327852	0.9914816726897264
0.986639260020555	0.9914794732765299
0.986639260020555	0.9917355371900827
0.986382322713258	0.9917334022216482
0.986125385405961	0.9917312661498708
0.9858684480986639	0.9917291289738951
0.9856115107913669	0.9917269906928645
0.9856115107913669	0.9919834497026119
0.9853545734840699	0.9919813760993275
0.9853545734840699	0.9922380336351876
0.9850976361767728	0.9922360248447205
0.9848406988694759	0.9922340150142377
0.9845837615621789	0.9922320041429311
0.9843268242548818	0.9922299922299922
0.9840698869475848	0.9922279792746114
0.9840698869475848	0.992485099766779
0.9838129496402878	0.9924831518921721
0.9838129496402878	0.9927404718693285
0.9835560123329907	0.9927385892116183
0.9832990750256937	0.9927367055771725
0.9832990750256937	0.9929942916450442
0.9830421377183967	0.9929924733973527
0.9827852004110997	0.9929906542056075
0.9825282631038027	0.992988834069073
0.9825282631038027	0.9932467532467533
0.9822713257965057	0.9932449987009613
0.9820143884892086	0.9932432432432432
0.9820143884892086	0.9935014296854692
0.9820143884892086	0.9937597503900156
0.9817574511819116	0.9937581274382314
0.9817574511819116	0.9940166493236212
0.9815005138746146	0.9940150923757481
0.9812435765673175	0.9940135346173867
0.9809866392600206	0.9940119760479041
0.9807297019527236	0.9940104166666667
0.9804727646454265	0.9940088564730398
0.9804727646454265	0.9942678478374153
0.9802158273381295	0.9942663539223352
0.9802158273381295	0.9945255474452555
0.9799588900308325	0.9945241199478487
0.9799588900308325	0.9947835159102765
0.9797019527235354	0.9947821549699974
0.9797019527235354	0.9950417536534447
0.9794450154162384	0.9950404594100757
0.9791880781089414	0.9950391644908616
0.9789311408016445	0.9950378688952729
0.9786742034943474	0.9950365726227796
0.9784172661870504	0.9950352756728508
0.9781603288797533	0.9950339780449555
0.9779033915724563	0.9950326797385621
0.9779033915724563	0.9952928870292888
0.9779033915724563	0.9955532304472927
0.9776464542651593	0.9955520669806384
0.9773895169578622	0.9955509029049987
0.9771325796505652	0.9955497382198953
0.9771325796505652	0.9958104215763289
0.9768756423432683	0.9958093242535359
0.9766187050359713	0.9958082263557768
0.9763617677286742	0.9958071278825996
0.9761048304213772	0.9958060288335517
0.9758478931140802	0.9958049292081804
0.9755909558067831	0.995803829006032
0.9753340184994861	0.9958027282266527
0.9753340184994861	0.9960640251902387
0.975077081192189	0.9960629921259843
0.975077081192189	0.99632449461801
0.9748201438848921	0.9963235294117647
0.9745632065775951	0.9963225636984502
0.9743062692702981	0.9963215974776668
0.974049331963001	0.9963206307490144
0.973792394655704	0.9963196635120926
0.973535457348407	0.9963186957665001
0.9732785200411099	0.9963177275118359
0.9730215827338129	0.996316758747698
0.972764645426516	0.9963157894736843
0.972764645426516	0.9965780468544354
0.9725077081192189	0.9965771458662454
0.9722507708119219	0.9965762444034765
0.9719938335046249	0.9965753424657534
0.9717368961973278	0.9965744400527009
0.9714799588900308	0.996573537163943
0.9712230215827338	0.9965726337991037
0.9709660842754368	0.9965717299578059
0.9707091469681398	0.9965708256396729
0.9704522096608428	0.9965699208443272
0.9701952723535457	0.9965690155713909
0.9699383350462487	0.9965681098204857
0.9699383350462487	0.996831264853446
0.9696813977389517	0.9968304278922345
0.9694244604316546	0.9968295904887715
0.9691675231243576	0.9968287526427061
0.9689105858170607	0.9968279143536876
0.9686536485097637	0.9968270756213644
0.9683967112024666	0.9968262364453848
0.9681397738951696	0.9968253968253968
0.9678828365878726	0.9968245567610479
0.9676258992805755	0.9968237162519852
0.9673689619732785	0.9968228752978554
0.9671120246659815	0.996822033898305
0.9668550873586845	0.9968211920529801
0.9665981500513875	0.9968203497615262
0.9663412127440905	0.9968195070235887
0.9660842754367934	0.9968186638388123
0.9658273381294964	0.9968178202068417
0.9655704008221994	0.996816976127321
0.9653134635149023	0.9968161315998939
0.9650565262076053	0.9968152866242038
0.9647995889003084	0.9968144411998938
0.9645426515930113	0.9968135953266065
0.9642857142857143	0.9968127490039841
0.9640287769784173	0.9968119022316685
0.9637718396711202	0.9968110550093011
0.9635149023638232	0.9968102073365231
0.9632579650565262	0.9968093592129753
0.9630010277492291	0.9968085106382979
0.9627440904419322	0.9968076616121309
0.9624871531346352	0.9968068121341139
0.9622302158273381	0.9968059622038861
0.9619732785200411	0.9968051118210862
0.9617163412127441	0.9968042609853529
0.961459403905447	0.996803409696324
0.96120246659815	0.996802557953637
0.9609455292908531	0.9968017057569296
0.960688591983556	0.9968008531058384
0.960431654676259	0.9968
0.960174717368962	0.9967991464390504
0.959917780061665	0.9967982924226254
0.9596608427543679	0.9967974379503602
0.9594039054470709	0.99679658302189
0.9591469681397738	0.9967957276368491
0.9588900308324769	0.9967948717948718
0.9586330935251799	0.9967940154955918
0.9583761562178829	0.9967931587386424
0.9581192189105858	0.9967923015236567
0.9578622816032888	0.9967914438502674
0.9576053442959918	0.9967905857181064
0.9573484069886947	0.9967897271268058
0.9570914696813977	0.9967888680759968
0.9568345323741008	0.9967880085653105
0.9565775950668037	0.9967871485943776
0.9563206577595067	0.9967862881628281
0.9560637204522097	0.996785427270292
0.9558067831449126	0.9967845659163987
0.9555498458376156	0.9967837041007773
0.9552929085303186	0.9967828418230563
0.9550359712230215	0.996781979082864
0.9547790339157246	0.9967811158798283
0.9545220966084276	0.9967802522135766
0.9542651593011305	0.9967793880837359
0.9542651593011305	0.9970469798657718
0.9540082219938335	0.9970461868958109
0.9537512846865365	0.9970453934998657
0.9534943473792394	0.9970445996775927
0.9532374100719424	0.9970438054286482
0.9529804727646455	0.9970430107526882
0.9527235354573484	0.9970422156493681
0.9527235354573484	0.9973103819257665
0.9527235354573484	0.9975786924939467
0.9524665981500514	0.9975780409041981
0.9522096608427544	0.9975773889636609
0.9519527235354573	0.9975767366720517
0.9516957862281603	0.997576084029087
0.9514388489208633	0.9975754310344828
0.9511819116135662	0.9975747776879548
0.9509249743062693	0.9975741239892183
0.9506680369989723	0.9975734699379887
0.9504110996916753	0.9975728155339806
0.9501541623843782	0.9975721607769086
0.9498972250770812	0.9975715056664868
0.9496402877697842	0.9975708502024292
0.9493833504624871	0.9975701943844493
0.9493833504624871	0.9978395895220091
0.9491264131551901	0.9978390059427337
0.9488694758478932	0.9978384220480951
0.9486125385405961	0.9978378378378379
0.9483556012332991	0.9978372533117059
0.9480986639260021	0.997836668469443
0.947841726618705	0.9978360833107925
0.947584789311408	0.9978354978354979
0.947327852004111	0.9978349120433018
0.9470709146968139	0.9978343259339469
0.946813977389517	0.9978337395071757
0.946813977389517	0.9981040086673889
0.94655704008222	0.9981034949878081
0.9463001027749229	0.9981029810298103
0.9460431654676259	0.9981024667931688
0.9457862281603289	0.9981019522776573
0.9455292908530318	0.9981014374830486
0.9452723535457348	0.9981009224091155
0.9450154162384378	0.998100407055631
0.9447584789311408	0.998099891422367
0.9445015416238438	0.9980993755090959
0.9442446043165468	0.9980988593155894
0.9439876670092497	0.9980983428416191
0.9437307297019527	0.9980978260869565
0.9434737923946557	0.9980973090513726
0.9432168550873586	0.9980967917346384
0.9429599177800617	0.9980962741365244
0.9427029804727647	0.9980957562568009
0.9424460431654677	0.9980952380952381
0.9421891058581706	0.9980947196516059
0.9419321685508736	0.9980942009256738
0.9416752312435765	0.9980936819172114
0.9414182939362795	0.9980931626259875
0.9411613566289825	0.9980926430517711
0.9409044193216856	0.9980921231943308
0.9406474820143885	0.9980916030534351
0.9403905447070915	0.9980910826288519
0.9401336073997945	0.9980905619203492
0.9398766700924974	0.9980900409276944
0.9396197327852004	0.9980895196506551
0.9393627954779034	0.9980889980889981
0.9391058581706063	0.9980884762424904
0.9388489208633094	0.9980879541108987
0.9385919835560124	0.9980874316939891
0.9383350462487153	0.9980869089915277
0.9380781089414183	0.9980863860032805
0.9378211716341213	0.9980858627290129
0.9375642343268242	0.9980853391684902
0.9373072970195272	0.9980848153214774
0.9370503597122302	0.9980842911877394
0.9367934224049332	0.9980837667670408
0.9365364850976362	0.9980832420591457
0.9362795477903392	0.9980827170638181
0.9360226104830421	0.9980821917808219
0.9357656731757451	0.9980816662099206
0.9355087358684481	0.9980811403508771
0.935251798561151	0.9980806142034548
0.9349948612538541	0.9980800877674163
0.9347379239465571	0.998079561042524
0.93448098663926	0.99807903402854
0.934224049331963	0.9980785067252265
0.933967112024666	0.9980779791323449
0.933710174717369	0.9980774512496566
0.9334532374100719	0.9980769230769231
0.9331963001027749	0.998076394613905
0.932939362795478	0.9980758658603628
0.9326824254881809	0.9980753368160572
0.9324254881808839	0.9980748074807481
0.9321685508735869	0.9980742778541953
0.9319116135662898	0.9980737479361586
0.9316546762589928	0.9980732177263969
0.9313977389516958	0.9980726872246696
0.9311408016443987	0.9980721564307353
0.9308838643371018	0.9980716253443526
0.9306269270298048	0.9980710939652797
0.9303699897225077	0.9980705622932745
0.9301130524152107	0.9980700303280948
0.9298561151079137	0.9980694980694981
0.9295991778006166	0.9980689655172413
0.9293422404933196	0.9980684326710817
0.9290853031860226	0.9980678995307756
0.9288283658787256	0.9980673660960795
0.9285714285714286	0.9980668323667495
0.9283144912641316	0.9980662983425415
0.9280575539568345	0.9980657640232108
0.9278006166495375	0.9980652294085129
0.9275436793422405	0.9980646944982029
0.9272867420349434	0.9980641592920354
0.9270298047276464	0.9980636237897649
0.9267728674203495	0.9980630879911455
0.9265159301130524	0.9980625518959314
0.9262589928057554	0.998062015503876
0.9260020554984584	0.9980614788147327
0.9257451181911613	0.9980609418282549
0.9254881808838643	0.9980604045441951
0.9252312435765673	0.998059866962306
0.9249743062692704	0.9980593290823399
0.9247173689619733	0.9980587909040488
0.9244604316546763	0.9980582524271845
0.9242034943473793	0.9980577136514983
0.9239465570400822	0.9980571745767416
0.9236896197327852	0.9980566352026652
0.9234326824254881	0.9980560955290197
0.9231757451181911	0.9980555555555556
0.9229188078108942	0.9980550152820228
0.9226618705035972	0.9980544747081712
0.9224049331963001	0.9980539338337503
0.9221479958890031	0.9980533926585095
0.9218910585817061	0.9980528511821974
0.921634121274409	0.9980523094045631
0.921377183967112	0.9980517673253548
0.921120246659815	0.9980512249443207
0.920863309352518	0.9980506822612085
0.920606372045221	0.998050139275766
0.920349434737924	0.9980495959877403
0.9200924974306269	0.9980490523968785
0.9198355601233299	0.9980485085029273
0.9195786228160329	0.998047964305633
0.9193216855087358	0.998047419804742
0.9190647482014388	0.998046875
0.9188078108941419	0.9980463298911527
0.9185508735868448	0.9980457844779452
0.9182939362795478	0.9980452387601229
0.9180369989722508	0.9980446927374301
0.9177800616649537	0.9980441464096116
0.9175231243576567	0.9980435997764114
0.9172661870503597	0.9980430528375733
0.9172661870503597	0.9983221476510067
0.9170092497430626	0.9983216783216783
0.9167523124357657	0.9983212087297146
0.9164953751284687	0.998320738874895
0.9162384378211716	0.9983202687569989
0.9159815005138746	0.9983197983758051
0.9157245632065776	0.9983193277310924
0.9154676258992805	0.9983188568226394
0.9152106885919835	0.9983183856502242
0.9149537512846866	0.9983179142136249
0.9146968139773896	0.9983174425126192
0.9144398766700925	0.9983169705469845
0.9141829393627955	0.9983164983164983
0.9139260020554985	0.9983160258209374
0.9136690647482014	0.9983155530600786
0.9134121274409044	0.9983150800336984
0.9131551901336074	0.998314606741573
0.9128982528263104	0.9983141331834785
0.9126413155190134	0.9983136593591906
0.9123843782117164	0.9983131852684847
0.9121274409044193	0.9983127109111362
0.9118705035971223	0.9983122362869198
0.9116135662898253	0.9983117613956106
0.9113566289825282	0.9983112862369828
0.9110996916752312	0.9983108108108109
0.9108427543679343	0.9983103351168685
0.9105858170606372	0.9983098591549295
0.9103288797533402	0.9983093829247676
0.9100719424460432	0.9983089064261556
0.9098150051387461	0.9983084296588667
0.9095580678314491	0.9983079526226735
0.9093011305241521	0.9983074753173484
0.909044193216855	0.9983069977426636
0.909044193216855	0.9985887665819927
0.9087872559095581	0.9985883681535855
0.9085303186022611	0.9985879695001412
0.908273381294964	0.998587570621469
0.908016443987667	0.9985871715173777
0.90775950668037	0.9985867721876767
0.9075025693730729	0.9985863726321742
0.9072456320657759	0.9985859728506787
0.906988694758479	0.9985855728429985
0.906731757451182	0.9985851726089418
0.9064748201438849	0.9985847721483159
0.9062178828365879	0.9985843714609286
0.9059609455292909	0.9985839705465873
0.9057040082219938	0.9985835694050992
0.9054470709146968	0.9985831680362709
0.9051901336073997	0.9985827664399093
0.9049331963001028	0.9985823646158208
0.9046762589928058	0.9985819625638117
0.9044193216855088	0.9985815602836879
0.9041623843782117	0.9985811577752554
0.9039054470709147	0.9985807550383197
0.9036485097636177	0.998580352072686
0.9033915724563206	0.9985799488781596
0.9031346351490236	0.9985795454545454
0.9028776978417267	0.9985791418016482
0.9026207605344296	0.9985787379192723
0.9023638232271326	0.998578333807222
0.9021068859198356	0.9985779294653014
0.9018499486125385	0.9985775248933144
0.9015930113052415	0.9985771200910644
0.9013360739979445	0.9985767150583547
0.9010791366906474	0.9985763097949886
0.9008221993833505	0.998575904300769
0.9005652620760535	0.9985754985754985
0.9003083247687564	0.9985750926189798
0.9000513874614594	0.9985746864310148
0.9000513874614594	0.9988594240091246
0.8997944501541624	0.9988590986879635
0.8995375128468653	0.9988587731811698
0.8992805755395683	0.9988584474885844
0.8990236382322713	0.9988581216100485
0.8987667009249743	0.9988577955454027
0.8985097636176773	0.9988574692944873
0.8982528263103803	0.9988571428571429
0.8979958890030832	0.9988568162332095
0.8977389516957862	0.9988564894225271
0.8974820143884892	0.9988561624249357
0.8972250770811921	0.9988558352402745
0.8969681397738952	0.9988555078683834
0.8967112024665982	0.9988551803091014
0.8964542651593012	0.9988548525622674
0.8961973278520041	0.9988545246277205
0.8959403905447071	0.9988541965052994
0.89568345323741	0.9988538681948425
0.895426515930113	0.9988535396961881
0.895169578622816	0.9988532110091743
0.8949126413155191	0.9988528821336392
0.894655704008222	0.9988525530694206
0.894398766700925	0.9988522238163559
0.894141829393628	0.9988518943742825
0.8938848920863309	0.9988515647430376
0.8936279547790339	0.9988512349224583
0.8933710174717369	0.9988509049123815
0.8931140801644398	0.9988505747126437
0.8928571428571429	0.9988502443230813
0.8926002055498459	0.9988499137435307
0.8923432682425488	0.998849582973828
0.8920863309352518	0.998849252013809
0.8918293936279548	0.9988489208633093
0.8915724563206577	0.9988485895221646
0.8913155190133607	0.9988482579902102
0.8910585817060637	0.9988479262672811
0.8908016443987667	0.9988475943532124
0.8905447070914697	0.9988472622478386
0.8902877697841727	0.9988469299509946
0.8900308324768756	0.9988465974625144
0.8897738951695786	0.9988462647822325
0.8895169578622816	0.9988459319099827
0.8892600205549845	0.9988455988455989
0.8890030832476875	0.9988452655889145
0.8887461459403906	0.9988449321397632
0.8884892086330936	0.998844598497978
0.8882322713257965	0.998844264663392
0.8879753340184995	0.9988439306358381
0.8877183967112025	0.9988435964151489
0.8874614594039054	0.9988432620011567
0.8872045220966084	0.998842927393694
0.8869475847893115	0.9988425925925926
0.8866906474820144	0.9988422575976845
0.8864337101747174	0.9988419224088014
0.8864337101747174	0.9991311902693311
0.8861767728674204	0.9991309385863267
0.8859198355601233	0.9991306867574616
0.8856628982528263	0.9991304347826087
0.8854059609455293	0.9991301826616411
0.8851490236382322	0.9991299303944315
0.8848920863309353	0.999129677980853
0.8846351490236383	0.9991294254207778
0.8843782117163412	0.9991291727140784
0.8841212744090442	0.9991289198606271
0.8838643371017472	0.9991286668602962
0.8836073997944501	0.9991284137129576
0.8833504624871531	0.999128160418483
0.8830935251798561	0.9991279069767441
0.8828365878725591	0.9991276533876127
0.8825796505652621	0.9991273996509599
0.8823227132579651	0.999127145766657
0.882065775950668	0.9991268917345751
0.881808838643371	0.9991266375545852
0.881551901336074	0.999126383226558
0.8812949640287769	0.9991261287503641
0.8810380267214799	0.9991258741258742
0.880781089414183	0.9991256193529583
0.880524152106886	0.9991253644314869
0.8802672147995889	0.9991251093613298
0.8800102774922919	0.9991248541423571
0.8797533401849948	0.9991245987744383
0.8794964028776978	0.999124343257443
0.8792394655704008	0.9991240875912408
0.8789825282631039	0.999123831775701
0.8787255909558068	0.9991235758106923
0.8784686536485098	0.9991233196960841
0.8782117163412128	0.9991230634317451
0.8779547790339157	0.9991228070175439
0.8776978417266187	0.999122550453349
0.8774409044193217	0.9991222937390287
0.8771839671120246	0.9991220368744512
0.8769270298047277	0.9991217798594848
0.8766700924974307	0.9991215226939971
0.8764131551901336	0.9991212653778558
0.8761562178828366	0.9991210079109288
0.8758992805755396	0.9991207502930832
0.8756423432682425	0.9991204925241864
0.8753854059609455	0.9991202346041056
0.8751284686536485	0.9991199765327076
0.8748715313463515	0.9991197183098591
0.8746145940390545	0.9991194599354271
0.8743576567317575	0.9991192014092778
0.8741007194244604	0.9991189427312775
0.8738437821171634	0.9991186839012925
0.8735868448098664	0.9991184249191889
0.8733299075025693	0.9991181657848325
0.8730729701952723	0.9991179064980888
0.8728160328879754	0.9991176470588236
0.8725590955806783	0.999117387466902
0.8723021582733813	0.9991171277221895
0.8720452209660843	0.9991168678245511
0.8717882836587872	0.9991166077738516
0.8715313463514902	0.9991163475699558
0.8712744090441932	0.9991160872127284
0.8710174717368961	0.9991158267020336
0.8707605344295992	0.9991155660377359
0.8705035971223022	0.9991153052196992
0.8702466598150052	0.9991150442477876
0.8699897225077081	0.9991147831218649
0.8697327852004111	0.9991145218417946
0.869475847893114	0.9991142604074402
0.869218910585817	0.9991139988186651
0.8689619732785201	0.9991137370753324
0.8687050359712231	0.999113475177305
0.868448098663926	0.9991132131244458
0.868191161356629	0.9991129509166173
0.867934224049332	0.9991126885536823
0.8676772867420349	0.999112426035503
0.8674203494347379	0.9991121633619414
0.8671634121274409	0.9991119005328597
0.8669064748201439	0.9991116375481196
0.8666495375128469	0.9991113744075829
0.8663926002055499	0.9991111111111111
0.8661356628982528	0.9991108476585655
0.8658787255909558	0.9991105840498073
0.8656217882836588	0.9991103202846975
0.8653648509763617	0.999110056363097
0.8651079136690647	0.9991097922848665
0.8648509763617678	0.9991095280498664
0.8645940390544707	0.9991092636579573
0.8643371017471737	0.9991089991089991
0.8640801644398767	0.9991087344028521
0.8638232271325796	0.9991084695393759
0.8635662898252826	0.9991082045184304
0.8633093525179856	0.9991079393398751
0.8630524152106885	0.9991076740035693
0.8627954779033916	0.9991074085093722
0.8625385405960946	0.9991071428571429
0.8622816032887975	0.9991068770467401
0.8620246659815005	0.9991066110780227
0.8617677286742035	0.9991063449508489
0.8615107913669064	0.9991060786650775
0.8615107913669064	0.9994038748137108
0.8612538540596094	0.9994036970781157
0.8609969167523125	0.9994035192365046
0.8607399794450155	0.9994033412887828
0.8604830421377184	0.9994031632348552
0.8602261048304214	0.9994029850746269
0.8599691675231244	0.9994028068080024
0.8597122302158273	0.9994026284348865
0.8594552929085303	0.9994024499551838
0.8591983556012333	0.9994022713687986
0.8589414182939363	0.9994020926756353
0.8586844809866393	0.9994019138755981
0.8584275436793423	0.9994017349685911
0.8581706063720452	0.9994015559545183
0.8579136690647482	0.9994013768332835
0.8579136690647482	0.9997005988023953
0.8576567317574512	0.9997005091344714
0.8573997944501541	0.9997004194128221
0.8571428571428571	0.9997003296373989
0.8568859198355602	0.9997002398081535
0.8566289825282631	0.9997001499250375
0.8563720452209661	0.9997000599880024
0.8561151079136691	0.9996999699969997
0.855858170606372	0.9996998799519808
0.855601233299075	0.999699789852897
0.855344295991778	0.9996996996996997
0.8550873586844809	0.99969960949234
0.854830421377184	0.9996995192307693
0.854573484069887	0.9996994289149383
0.85431654676259	0.9996993385447985
0.8540596094552929	0.9996992481203008
0.8538026721479959	0.9996991576413959
0.8535457348406988	0.9996990671080349
0.8532887975334018	0.9996989765201686
0.8530318602261048	0.9996988858777477
0.8527749229188079	0.9996987951807229
0.8525179856115108	0.9996987044290448
0.8522610483042138	0.9996986136226642
0.8520041109969168	0.9996985227615315
0.8517471736896197	0.9996984318455971
0.8514902363823227	0.9996983408748115
0.8512332990750257	0.9996982498491249
0.8509763617677287	0.9996981587684878
0.8507194244604317	0.9996980676328503
0.8504624871531347	0.9996979764421625
0.8502055498458376	0.9996978851963746
0.8499486125385406	0.9996977938954367
0.8496916752312436	0.9996977025392987
0.8494347379239465	0.9996976111279104
0.8491778006166495	0.999697519661222
0.8489208633093526	0.999697428139183
0.8486639260020555	0.9996973365617433
0.8484069886947585	0.9996972449288526
0.8481500513874615	0.9996971532404604
0.8478931140801644	0.9996970614965162
0.8476361767728674	0.9996969696969698
0.8473792394655704	0.9996968778417702
0.8471223021582733	0.9996967859308672
0.8468653648509764	0.9996966939642099
0.8466084275436794	0.9996966019417476
0.8463514902363823	0.9996965098634294
0.8460945529290853	0.9996964177292046
0.8458376156217883	0.9996963255390222
0.8455806783144912	0.9996962332928311
0.8453237410071942	0.9996961409905804
0.8450668036998972	0.9996960486322188
0.8448098663926003	0.9996959562176954
0.8445529290853032	0.9996958637469586
0.8442959917780062	0.9996957712199575
0.8440390544707091	0.9996956786366403
0.8437821171634121	0.9996955859969558
0.8435251798561151	0.9996954933008526
0.843268242548818	0.999695400548279
0.843011305241521	0.9996953077391835
0.8427543679342241	0.9996952148735142
0.8424974306269271	0.9996951219512196
0.84224049331963	0.9996950289722476
0.841983556012333	0.9996949359365467
0.841726618705036	0.9996948428440647
0.8414696813977389	0.9996947496947497
0.8412127440904419	0.9996946564885496
0.840955806783145	0.9996945632254124
0.8406988694758479	0.9996944699052857
0.8404419321685509	0.9996943765281173
0.8401849948612539	0.9996942830938551
0.8399280575539568	0.9996941896024465
0.8396711202466598	0.9996940960538391
0.8394141829393628	0.9996940024479805
0.8391572456320657	0.9996939087848179
0.8389003083247688	0.9996938150642989
0.8386433710174718	0.9996937212863706
0.8383864337101747	0.9996936274509803
0.8381294964028777	0.9996935335580754
0.8378725590955807	0.9996934396076027
0.8376156217882836	0.9996933455995094
0.8373586844809866	0.9996932515337423
0.8371017471736896	0.9996931574102486
0.8368448098663926	0.9996930632289748
0.8365878725590956	0.9996929689898679
0.8363309352517986	0.9996928746928747
0.8360739979445015	0.9996927803379416
0.8358170606372045	0.9996926859250154
0.8355601233299075	0.9996925914540424
0.8353031860226104	0.9996924969249692
0.8350462487153134	0.9996924023377423
0.8347893114080165	0.9996923076923077
0.8345323741007195	0.9996922129886119
0.8342754367934224	0.999692118226601
0.8340184994861254	0.9996920234062211
0.8337615621788284	0.9996919285274184
0.8335046248715313	0.9996918335901387
0.8332476875642343	0.999691738594328
0.8329907502569374	0.9996916435399321
0.8327338129496403	0.999691548426897
0.8324768756423433	0.9996914532551682
0.8322199383350463	0.9996913580246913
0.8319630010277492	0.9996912627354122
0.8317060637204522	0.9996911673872761
0.8314491264131552	0.9996910719802286
0.8311921891058581	0.9996909765142151
0.8309352517985612	0.9996908809891808
0.8306783144912642	0.9996907854050712
0.8304213771839671	0.9996906897618311
0.8301644398766701	0.999690594059406
0.8299075025693731	0.9996904982977406
0.829650565262076	0.9996904024767802
0.829393627954779	0.9996903065964695
0.829136690647482	0.9996902106567535
0.828879753340185	0.9996901146575767
0.828622816032888	0.9996900185988841
0.828365878725591	0.9996899224806202
0.8281089414182939	0.9996898263027295
0.8278520041109969	0.9996897300651567
0.8275950668036999	0.999689633767846
0.8273381294964028	0.999689537410742
0.8270811921891058	0.9996894409937889
0.8268242548818089	0.9996893445169307
0.8265673175745119	0.9996892479801118
0.8263103802672148	0.9996891513832763
0.8260534429599178	0.9996890547263682
0.8257965056526207	0.9996889580093312
0.8255395683453237	0.9996888612321095
0.8252826310380267	0.9996887643946467
0.8250256937307296	0.9996886674968867
0.8247687564234327	0.9996885705387729
0.8245118191161357	0.9996884735202493
0.8242548818088387	0.999688376441259
0.8239979445015416	0.9996882793017456
0.8237410071942446	0.9996881821016527
0.8234840698869476	0.9996880848409233
0.8232271325796505	0.9996879875195008
0.8229701952723536	0.9996878901373284
0.8227132579650566	0.999687792694349
0.8224563206577595	0.9996876951905059
0.8221993833504625	0.999687597625742
0.8219424460431655	0.9996875
0.8216855087358684	0.9996874023132228
0.8214285714285714	0.9996873045653534
0.8211716341212744	0.999687206756334
0.8209146968139774	0.9996871088861077
0.8206577595066804	0.9996870109546165
0.8204008221993834	0.9996869129618033
0.8201438848920863	0.9996868149076104
0.8198869475847893	0.99968671679198
0.8196300102774923	0.9996866186148543
0.8193730729701952	0.9996865203761756
0.8191161356628982	0.9996864220758859
0.8188591983556013	0.9996863237139272
0.8186022610483042	0.9996862252902416
0.8183453237410072	0.9996861268047709
0.8180883864337102	0.9996860282574568
0.8178314491264131	0.9996859296482412
0.8175745118191161	0.9996858309770656
0.8173175745118191	0.9996857322438718
0.817060637204522	0.9996856334486011
0.8168036998972251	0.9996855345911949
0.8165467625899281	0.9996854356715948
0.816289825282631	0.999685336689742
0.816032887975334	0.9996852376455776
0.815775950668037	0.9996851385390428
0.81551901336074	0.9996850393700787
0.8152620760534429	0.9996849401386263
0.8150051387461459	0.9996848408446265
0.814748201438849	0.9996847414880202
0.8144912641315519	0.9996846420687481
0.8142343268242549	0.9996845425867508
0.8139773895169579	0.9996844430419691
0.8137204522096608	0.9996843434343434
0.8134635149023638	0.9996842437638144
0.8132065775950668	0.9996841440303221
0.8129496402877698	0.9996840442338073
0.8126927029804728	0.9996839443742098
0.8124357656731758	0.9996838444514701
0.8121788283658787	0.9996837444655281
0.8119218910585817	0.999683644416324
0.8116649537512847	0.9996835443037975
0.8114080164439876	0.9996834441278886
0.8111510791366906	0.9996833438885371
0.8108941418293937	0.9996832435856826
0.8106372045220966	0.9996831432192649
0.8103802672147996	0.9996830427892235
0.8101233299075026	0.9996829422954978
0.8098663926002055	0.9996828417380272
0.8096094552929085	0.9996827411167513
0.8093525179856115	0.999682640431609
0.8090955806783144	0.9996825396825397
0.8088386433710175	0.9996824388694824
0.8085817060637205	0.9996823379923762
0.8083247687564235	0.9996822370511599
0.8080678314491264	0.9996821360457724
0.8078108941418294	0.9996820349761526
0.8075539568345323	0.9996819338422391
0.8072970195272353	0.9996818326439707
0.8070400822199383	0.9996817313812858
0.8067831449126414	0.9996816300541229
0.8065262076053443	0.9996815286624203
0.8062692702980473	0.9996814272061166
0.8060123329907503	0.9996813256851498
0.8057553956834532	0.999681224099458
0.8054984583761562	0.9996811224489796
0.8052415210688592	0.9996810207336523
0.8049845837615622	0.9996809189534142
0.8047276464542652	0.999680817108203
0.8044707091469682	0.9996807151979565
0.8042137718396711	0.9996806132226126
0.8039568345323741	0.9996805111821087
0.8036998972250771	0.9996804090763822
0.80344295991778	0.9996803069053708
0.803186022610483	0.9996802046690119
0.8029290853031861	0.9996801023672425
0.802672147995889	0.99968
0.802415210688592	0.9996798975672215
0.802158273381295	0.9996797950688441
0.8019013360739979	0.9996796925048046
0.8016443987667009	0.99967958987504
0.8013874614594039	0.9996794871794872
0.8011305241521068	0.9996793844180827
0.8008735868448099	0.9996792815907634
0.8006166495375129	0.9996791786974655
0.8003597122302158	0.9996790757381258
0.8001027749229188	0.9996789727126806
0.7998458376156218	0.9996788696210661
0.7995889003083247	0.9996787664632187
0.7993319630010277	0.9996786632390745
0.7990750256937307	0.9996785599485696
0.7988180883864338	0.9996784565916399
0.7985611510791367	0.9996783531682213
0.7983042137718397	0.9996782496782497
0.7980472764645427	0.9996781461216607
0.7977903391572456	0.9996780424983902
0.7975334018499486	0.9996779388083736
0.7972764645426516	0.9996778350515464
0.7970195272353545	0.999677731227844
0.7967625899280576	0.9996776273372018
0.7965056526207606	0.999677523379555
0.7962487153134635	0.9996774193548387
0.7959917780061665	0.9996773152629881
0.7957348406988695	0.999677211103938
0.7954779033915724	0.9996771068776235
0.7952209660842754	0.9996770025839793
0.7949640287769785	0.9996768982229403
0.7947070914696814	0.9996767937944409
0.7944501541623844	0.9996766892984158
0.7941932168550874	0.9996765847347995
0.7939362795477903	0.9996764801035264
0.7936793422404933	0.9996763754045307
0.7934224049331963	0.9996762706377469
0.7931654676258992	0.9996761658031088
0.7929085303186023	0.9996760609005507
0.7926515930113053	0.9996759559300065
0.7923946557040082	0.9996758508914101
0.7921377183967112	0.9996757457846952
0.7918807810894142	0.9996756406097956
0.7916238437821171	0.999675535366645
0.7913669064748201	0.9996754300551769
0.7911099691675231	0.9996753246753247
0.7908530318602262	0.9996752192270217
0.7905960945529291	0.9996751137102015
0.7903391572456321	0.9996750081247969
0.790082219938335	0.9996749024707412
0.789825282631038	0.9996747967479674
0.789568345323741	0.9996746909564086
0.789311408016444	0.9996745850959974
0.7890544707091469	0.9996744791666666
0.78879753340185	0.9996743731683491
0.788540596094553	0.9996742671009772
0.7882836587872559	0.9996741609644836
0.7880267214799589	0.9996740547588006
0.7877697841726619	0.9996739484838605
0.7875128468653648	0.9996738421395955
0.7872559095580678	0.999673735725938
0.7869989722507709	0.9996736292428199
0.7867420349434738	0.9996735226901731
0.7864850976361768	0.9996734160679295
0.7862281603288798	0.999673309376021
0.7859712230215827	0.9996732026143791
0.7857142857142857	0.9996730957829356
0.7854573484069887	0.9996729888816219
0.7852004110996916	0.9996728819103696
0.7849434737923947	0.99967277486911
0.7846865364850977	0.9996726677577742
0.7844295991778006	0.9996725605762934
0.7841726618705036	0.9996724533245988
0.7839157245632066	0.9996723460026212
0.7836587872559095	0.9996722386102918
0.7834018499486125	0.9996721311475409
0.7831449126413155	0.9996720236142997
0.7828879753340185	0.9996719160104987
0.7826310380267215	0.9996718083360683
0.7823741007194245	0.9996717005909389
0.7821171634121274	0.999671592775041
0.7818602261048304	0.9996714848883048
0.7816032887975334	0.9996713769306605
0.7813463514902363	0.9996712689020382
0.7810894141829393	0.9996711608023676
0.7808324768756424	0.999671052631579
0.7805755395683454	0.9996709443896018
0.7803186022610483	0.999670836076366
0.7800616649537513	0.9996707276918011
0.7798047276464543	0.9996706192358367
0.7795477903391572	0.999670510708402
0.7792908530318602	0.9996704021094265
0.7790339157245632	0.9996702934388394
0.7787769784172662	0.9996701846965699
0.7785200411099692	0.999670075882547
0.7782631038026722	0.9996699669966996
0.7780061664953751	0.9996698580389568
0.7777492291880781	0.999669749009247
0.7774922918807811	0.9996696399074991
0.777235354573484	0.9996695307336417
0.7769784172661871	0.9996694214876033
0.7767214799588901	0.9996693121693122
0.776464542651593	0.9996692027786966
0.776207605344296	0.999669093315685
0.775950668036999	0.9996689837802052
0.7756937307297019	0.9996688741721854
0.7754367934224049	0.9996687644915535
0.7751798561151079	0.9996686547382373
0.774922918807811	0.9996685449121644
0.7746659815005139	0.9996684350132626
0.7744090441932169	0.9996683250414594
0.7741521068859198	0.9996682149966821
0.7738951695786228	0.9996681048788583
0.7736382322713258	0.999667994687915
0.7733812949640287	0.9996678844237795
0.7731243576567317	0.9996677740863787
0.7728674203494348	0.9996676636756398
0.7726104830421378	0.9996675531914894
0.7723535457348407	0.9996674426338543
0.7720966084275437	0.9996673320026613
0.7718396711202467	0.9996672212978369
0.7715827338129496	0.9996671105193076
0.7713257965056526	0.9996669996669997
0.7710688591983555	0.9996668887408394
0.7708119218910586	0.9996667777407531
0.7705549845837616	0.9996666666666667
0.7702980472764646	0.9996665555185061
0.7700411099691675	0.9996664442961974
0.7697841726618705	0.9996663329996663
0.7695272353545735	0.9996662216288384
0.7692702980472764	0.9996661101836394
0.7690133607399794	0.9996659986639946
0.7687564234326825	0.9996658870698296
0.7684994861253854	0.9996657754010695
0.7682425488180884	0.9996656636576395
0.7679856115107914	0.9996655518394649
0.7677286742034943	0.9996654399464704
0.7674717368961973	0.999665327978581
0.7672147995889003	0.9996652159357214
0.7669578622816033	0.9996651038178165
0.7667009249743063	0.9996649916247906
0.7664439876670093	0.9996648793565683
0.7661870503597122	0.999664767013074
0.7659301130524152	0.999664654594232
0.7656731757451182	0.9996645420999665
0.7654162384378211	0.9996644295302013
0.7651593011305241	0.9996643168848607
0.7649023638232272	0.9996642041638684
0.7646454265159301	0.9996640913671482
0.7643884892086331	0.9996639784946236
0.7641315519013361	0.9996638655462184
0.763874614594039	0.9996637525218561
0.763617677286742	0.9996636394214599
0.763360739979445	0.9996635262449529
0.763103802672148	0.9996634129922585
0.762846865364851	0.9996632996632997
0.762589928057554	0.9996631862579993
0.762332990750257	0.9996630727762803
0.7620760534429599	0.9996629592180654
0.7618191161356629	0.9996628455832771
0.7615621788283659	0.9996627318718381
0.7613052415210688	0.9996626180836707
0.7610483042137718	0.9996625042186973
0.7607913669064749	0.99966239027684
0.7605344295991778	0.999662276258021
0.7602774922918808	0.9996621621621622
0.7600205549845838	0.9996620479891856
0.7597636176772867	0.9996619337390128
0.7595066803699897	0.9996618194115657
0.7592497430626927	0.9996617050067659
0.7589928057553957	0.9996615905245347
0.7587358684480987	0.9996614759647935
0.7584789311408017	0.9996613613274636
0.7582219938335046	0.9996612466124661
0.7579650565262076	0.9996611318197222
0.7577081192189106	0.9996610169491525
0.7574511819116135	0.9996609020006781
0.7571942446043165	0.9996607869742198
0.7569373072970196	0.999660671869698
0.7566803699897225	0.9996605566870332
0.7564234326824255	0.999660441426146
0.7561664953751285	0.9996603260869565
0.7559095580678314	0.9996602106693849
0.7556526207605344	0.9996600951733514
0.7553956834532374	0.999659979598776
0.7551387461459403	0.9996598639455783
0.7548818088386434	0.9996597482136781
0.7546248715313464	0.9996596324029953
0.7543679342240494	0.9996595165134491
0.7541109969167523	0.9996594005449592
0.7538540596094553	0.9996592844974447
0.7535971223021583	0.9996591683708248
0.7533401849948612	0.9996590521650187
0.7530832476875642	0.9996589358799455
0.7528263103802673	0.9996588195155237
0.7525693730729702	0.9996587030716724
0.7523124357656732	0.99965858654831
0.7520554984583762	0.9996584699453552
0.7517985611510791	0.9996583532627263
0.7515416238437821	0.9996582365003418
0.7512846865364851	0.9996581196581197
0.751027749229188	0.9996580027359782
0.7507708119218911	0.9996578857338351
0.7505138746145941	0.9996577686516085
0.750256937307297	0.999657651489216
0.75	0.9996575342465753
0.749743062692703	0.999657416923604
0.7494861253854059	0.9996572995202193
0.7492291880781089	0.9996571820363387
0.748972250770812	0.9996570644718793
0.7487153134635149	0.9996569468267581
0.7484583761562179	0.9996568291008923
0.7482014388489209	0.9996567112941984
0.7479445015416238	0.9996565934065934
0.7476875642343268	0.9996564754379939
0.7474306269270298	0.9996563573883162
0.7471736896197327	0.9996562392574768
0.7469167523124358	0.999656121045392
0.7466598150051388	0.999656002751978
0.7464028776978417	0.9996558843771507
0.7461459403905447	0.9996557659208262
0.7458890030832477	0.9996556473829201
0.7456320657759506	0.9996555287633483
0.7453751284686536	0.9996554100620262
0.7451181911613566	0.9996552912788693
0.7448612538540597	0.9996551724137931
0.7446043165467626	0.9996550534667127
0.7443473792394656	0.9996549344375432
0.7440904419321686	0.9996548153261995
0.7438335046248715	0.9996546961325967
0.7435765673175745	0.9996545768566494
0.7433196300102775	0.9996544574982723
0.7430626927029804	0.9996543380573799
0.7428057553956835	0.9996542185338866
0.7425488180883865	0.9996540989277066
0.7422918807810894	0.9996539792387543
0.7420349434737924	0.9996538594669436
0.7417780061664954	0.9996537396121884
0.7415210688591983	0.9996536196744025
0.7412641315519013	0.9996534996534997
0.7410071942446043	0.9996533795493934
0.7407502569373073	0.9996532593619972
0.7404933196300103	0.9996531390912244
0.7402363823227133	0.9996530187369882
0.7399794450154162	0.9996528982992017
0.7397225077081192	0.9996527777777777
0.7394655704008222	0.9996526571726294
0.7392086330935251	0.9996525364836693
0.7389516957862282	0.9996524157108099
0.7386947584789312	0.9996522948539638
0.7384378211716341	0.9996521739130435
0.7381808838643371	0.999652052887961
0.7379239465570401	0.9996519317786287
0.737667009249743	0.9996518105849582
0.737410071942446	0.9996516893068618
0.737153134635149	0.9996515679442509
0.736896197327852	0.9996514464970373
0.736639260020555	0.9996513249651325
0.736382322713258	0.9996512033484478
0.7358684480986639	0.999650959860384
0.7356115107913669	0.9996508379888268
0.7353545734840699	0.9996507160321342
0.7350976361767728	0.9996505939902166
0.7348406988694759	0.999650471862985
0.7345837615621789	0.9996503496503496
0.7343268242548818	0.9996502273522211
0.7340698869475848	0.9996501049685095
0.7338129496402878	0.999649982499125
0.7335560123329907	0.9996498599439776
0.7332990750256937	0.9996497373029772
0.7330421377183967	0.9996496145760336
0.7327852004110997	0.9996494917630564
0.7325282631038027	0.9996493688639552
0.7322713257965057	0.9996492458786391
0.7320143884892086	0.9996491228070176
0.7317574511819116	0.9996489996489997
0.7315005138746146	0.9996488764044944
0.7312435765673175	0.9996487530734106
0.7309866392600206	0.999648629655657
0.7307297019527236	0.9996485061511423
0.7304727646454265	0.999648382559775
0.7302158273381295	0.9996482588814632
0.7299588900308325	0.9996481351161154
0.7297019527235354	0.9996480112636396
0.7294450154162384	0.9996478873239436
0.7291880781089414	0.9996477632969355
0.7289311408016445	0.9996476391825229
0.7286742034943474	0.9996475149806133
0.7284172661870504	0.9996473906911142
0.7281603288797533	0.999647266313933
0.7279033915724563	0.9996471418489767
0.7276464542651593	0.9996470172961525
0.7273895169578622	0.9996468926553672
0.7271325796505652	0.9996467679265277
0.7268756423432683	0.9996466431095407
0.7266187050359713	0.9996465182043125
0.7263617677286742	0.9996463932107497
0.7261048304213772	0.9996462681287585
0.7258478931140802	0.9996461429582448
0.7255909558067831	0.9996460176991151
0.7253340184994861	0.9996458923512748
0.725077081192189	0.9996457669146298
0.7248201438848921	0.9996456413890857
0.7245632065775951	0.9996455157745481
0.7243062692702981	0.999645390070922
0.724049331963001	0.9996452642781128
0.723792394655704	0.9996451383960255
0.723535457348407	0.9996450124245652
0.7232785200411099	0.9996448863636364
0.7230215827338129	0.9996447602131439
0.722764645426516	0.9996446339729922
0.7225077081192189	0.9996445076430857
0.7222507708119219	0.9996443812233285
0.7219938335046249	0.9996442547136251
0.7217368961973278	0.999644128113879
0.7214799588900308	0.9996440014239943
0.7212230215827338	0.9996438746438746
0.7209660842754368	0.9996437477734236
0.7207091469681398	0.9996436208125445
0.7204522096608428	0.9996434937611408
0.7201952723535457	0.9996433666191156
0.7199383350462487	0.9996432393863718
0.7196813977389517	0.9996431120628123
0.7194244604316546	0.9996429846483399
0.7191675231243576	0.9996428571428572
0.7189105858170607	0.9996427295462665
0.7186536485097637	0.9996426018584703
0.7183967112024666	0.9996424740793708
0.7181397738951696	0.9996423462088698
0.7178828365878726	0.9996422182468694
0.7176258992805755	0.9996420901932713
0.7173689619732785	0.9996419620479771
0.7171120246659815	0.9996418338108882
0.7168550873586845	0.9996417054819061
0.7165981500513875	0.9996415770609319
0.7163412127440905	0.9996414485478666
0.7160842754367934	0.9996413199426112
0.7158273381294964	0.9996411912450663
0.7155704008221994	0.9996410624551328
0.7153134635149023	0.999640933572711
0.7150565262076053	0.9996408045977011
0.7147995889003084	0.9996406755300036
0.7145426515930113	0.9996405463695184
0.7142857142857143	0.9996404171161453
0.7140287769784173	0.9996402877697842
0.7137718396711202	0.9996401583303347
0.7135149023638232	0.9996400287976962
0.7132579650565262	0.9996398991717681
0.7130010277492291	0.9996397694524496
0.7127440904419322	0.9996396396396396
0.7124871531346352	0.9996395097332372
0.7122302158273381	0.999639379733141
0.7119732785200411	0.9996392496392497
0.7117163412127441	0.9996391194514616
0.711459403905447	0.9996389891696751
0.71120246659815	0.9996388587937883
0.7109455292908531	0.9996387283236994
0.710688591983556	0.9996385977593061
0.710431654676259	0.9996384671005062
0.710174717368962	0.9996383363471971
0.709917780061665	0.9996382054992764
0.7096608427543679	0.9996380745566413
0.7094039054470709	0.999637943519189
0.7091469681397738	0.9996378123868164
0.7088900308324769	0.9996376811594203
0.7086330935251799	0.9996375498368975
0.7083761562178829	0.9996374184191443
0.7081192189105858	0.9996372869060574
0.7078622816032888	0.9996371552975326
0.7076053442959918	0.9996370235934664
0.7073484069886947	0.9996368917937546
0.7070914696813977	0.9996367598982928
0.7068345323741008	0.9996366279069767
0.7065775950668037	0.9996364958197019
0.7063206577595067	0.9996363636363637
0.7060637204522097	0.9996362313568571
0.7058067831449126	0.9996360989810772
0.7055498458376156	0.9996359665089188
0.7052929085303186	0.9996358339402768
0.7050359712230215	0.9996357012750455
0.7047790339157246	0.9996355685131195
0.7045220966084276	0.999635435654393
0.7042651593011305	0.99963530269876
0.7040082219938335	0.9996351696461145
0.7037512846865365	0.9996350364963503
0.7034943473792394	0.9996349032493611
0.7032374100719424	0.9996347699050402
0.7029804727646455	0.999634636463281
0.7027235354573484	0.9996345029239766
0.7024665981500514	0.9996343692870201
0.7022096608427544	0.9996342355523044
0.7019527235354573	0.9996341017197219
0.7016957862281603	0.9996339677891655
0.7014388489208633	0.9996338337605273
0.7011819116135662	0.9996336996336996
0.7009249743062693	0.9996335654085746
0.7006680369989723	0.999633431085044
0.7004110996916753	0.9996332966629996
0.7001541623843782	0.9996331621423331
0.6998972250770812	0.9996330275229358
0.6996402877697842	0.999632892804699
0.6993833504624871	0.9996327579875137
0.6991264131551901	0.9996326230712711
0.6988694758478932	0.9996324880558618
0.6986125385405961	0.9996323529411765
0.6983556012332991	0.9996322177271055
0.6980986639260021	0.9996320824135394
0.697841726618705	0.9996319470003681
0.697584789311408	0.9996318114874816
0.697327852004111	0.9996316758747698
0.6970709146968139	0.9996315401621223
0.696813977389517	0.9996314043494287
0.69655704008222	0.9996312684365781
0.6963001027749229	0.99963113242346
0.6955292908530318	0.9996307237813885
0.6950154162384378	0.999630450849963
0.6947584789311408	0.999630314232902
0.6937307297019527	0.9996297667530544
0.6934737923946557	0.9996296296296296
0.6929599177800617	0.9996293550778355
0.6919321685508736	0.9996288047512992
0.6916752312435765	0.999628666914222
0.6909044193216856	0.9996282527881041
0.6906474820143885	0.9996281145407214
0.6901336073997945	0.9996278377372534
0.6893627954779034	0.9996274217585693
0.6891058581706063	0.9996272828922848
0.6888489208633094	0.9996271439224459
0.6883350462487153	0.9996268656716418
0.6880781089414183	0.9996267263904441
0.6878211716341213	0.9996265870052278
0.6875642343268242	0.9996264475158759
0.6873072970195272	0.999626307922272
0.6870503597122302	0.9996261682242991
0.6867934224049332	0.9996260284218399
0.6865364850976362	0.9996258885147774
0.6862795477903392	0.999625748502994
0.6860226104830421	0.9996256083863722
0.6857656731757451	0.999625468164794
0.6855087358684481	0.9996253278381416
0.685251798561151	0.9996251874062968
0.6849948612538541	0.9996250468691413
0.6847379239465571	0.9996249062265566
0.68448098663926	0.999624765478424
0.684224049331963	0.9996246246246246
0.683967112024666	0.9996244836650394
0.683710174717369	0.9996243425995492
0.6834532374100719	0.9996242014280345
0.6831963001027749	0.999624060150376
0.682939362795478	0.9996239187664535
0.6826824254881809	0.9996237772761475
0.6824254881808839	0.9996236356793377
0.6821685508735869	0.9996234939759037
0.6819116135662898	0.9996233521657251
0.6816546762589928	0.9996232102486813
0.6813977389516958	0.9996230682246513
0.6811408016443987	0.9996229260935143
0.6808838643371018	0.999622783855149
0.6806269270298048	0.9996226415094339
0.6803699897225077	0.9996224990562477
0.6798561151079137	0.9996222138269739
0.6795991778006166	0.9996220710506425
0.6793422404933196	0.9996219281663516
0.6788283658787256	0.9996216420734014
0.6785714285714286	0.9996214988644966
0.6783144912641316	0.9996213555471413
0.6780575539568345	0.9996212121212121
0.6778006166495375	0.9996210685865858
0.6775436793422405	0.9996209249431387
0.6772867420349434	0.999620781190747
0.6770298047276464	0.9996206373292867
0.6767728674203495	0.9996204933586338
0.6765159301130524	0.9996203492786636
0.6762589928057554	0.9996202050892518
0.6760020554984584	0.9996200607902735
0.6757451181911613	0.999619916381604
0.6754881808838643	0.9996197718631179
0.6752312435765673	0.99961962723469
0.6747173689619733	0.9996193376475067
0.6744604316546763	0.9996191926884996
0.6742034943473793	0.9996190476190476
0.6739465570400822	0.9996189024390244
0.6736896197327852	0.9996187571483035
0.6734326824254881	0.9996186117467581
0.6731757451181911	0.9996184662342618
0.6729188078108942	0.999618320610687
0.6726618705035972	0.9996181748759069
0.6724049331963001	0.9996180290297937
0.6721479958890031	0.9996178830722201
0.6718910585817061	0.9996177370030581
0.671634121274409	0.9996175908221797
0.671377183967112	0.9996174445294568
0.671120246659815	0.9996172981247609
0.670863309352518	0.9996171516079633
0.670606372045221	0.9996170049789352
0.670349434737924	0.9996168582375479
0.6700924974306269	0.9996167113836719
0.6698355601233299	0.9996165644171779
0.6695786228160329	0.9996164173379364
0.6693216855087358	0.9996162701458173
0.6690647482014388	0.999616122840691
0.6688078108941419	0.9996159754224271
0.6685508735868448	0.9996158278908951
0.6682939362795478	0.9996156802459646
0.6680369989722508	0.9996155324875048
0.6677800616649537	0.9996153846153846
0.6675231243576567	0.9996152366294728
0.6672661870503597	0.9996150885296382
0.6670092497430626	0.9996149403157489
0.6667523124357657	0.9996147919876733
0.6664953751284687	0.9996146435452794
0.6662384378211716	0.9996144949884348
0.6659815005138746	0.9996143463170073
0.6657245632065776	0.9996141975308642
0.6654676258992805	0.9996140486298727
0.6652106885919835	0.9996138996138996
0.6649537512846866	0.9996137504828119
0.6646968139773896	0.999613601236476
0.6644398766700925	0.9996134518747584
0.6641829393627955	0.9996133023975251
0.6639260020554985	0.9996131528046421
0.6636690647482014	0.9996130030959752
0.6634121274409044	0.9996128532713898
0.6631551901336074	0.9996127033307514
0.6628982528263104	0.9996125532739248
0.6626413155190134	0.9996124031007751
0.6623843782117164	0.9996122528111672
0.6621274409044193	0.9996121024049651
0.6618705035971223	0.9996119518820333
0.6616135662898253	0.999611801242236
0.6613566289825282	0.9996116504854369
0.6610996916752312	0.9996114996114996
0.6608427543679343	0.9996113486202876
0.6605858170606372	0.999611197511664
0.6603288797533402	0.999611046285492
0.6600719424460432	0.9996108949416342
0.6598150051387461	0.9996107434799533
0.6595580678314491	0.9996105919003115
0.6593011305241521	0.9996104402025711
0.659044193216855	0.9996102883865939
0.6587872559095581	0.9996101364522417
0.6585303186022611	0.999609984399376
0.658273381294964	0.9996098322278579
0.658016443987667	0.9996096799375488
0.65775950668037	0.9996095275283092
0.6575025693730729	0.999609375
0.6572456320657759	0.9996092223524814
0.656988694758479	0.9996090695856138
0.656731757451182	0.9996089166992569
0.6564748201438849	0.9996087636932708
0.6562178828365879	0.9996086105675147
0.6559609455292909	0.9996084573218481
0.6557040082219938	0.9996083039561301
0.6554470709146968	0.9996081504702194
0.6551901336073997	0.999607996863975
0.6546762589928058	0.9996076892899176
0.6544193216855088	0.999607535321821
0.6541623843782117	0.9996073812328229
0.6539054470709147	0.9996072270227808
0.6536485097636177	0.999607072691552
0.6533915724563206	0.9996069182389937
0.6531346351490236	0.9996067636649626
0.6528776978417267	0.9996066089693155
0.6526207605344296	0.9996064541519087
0.6523638232271326	0.9996062992125985
0.6521068859198356	0.9996061441512406
0.6518499486125385	0.9996059889676912
0.6515930113052415	0.9996058336618053
0.6513360739979445	0.9996056782334385
0.6510791366906474	0.9996055226824457
0.6508221993833505	0.999605367008682
0.6505652620760535	0.9996052112120016
0.6503083247687564	0.9996050552922591
0.6500513874614594	0.9996048992493086
0.6497944501541624	0.999604743083004
0.6495375128468653	0.9996045867931989
0.6492805755395683	0.9996044303797469
0.6490236382322713	0.999604273842501
0.6487667009249743	0.9996041171813144
0.6485097636176773	0.9996039603960396
0.6482528263103803	0.9996038034865293
0.6479958890030832	0.9996036464526358
0.6477389516957862	0.999603489294211
0.6474820143884892	0.9996033320111067
0.6472250770811921	0.9996031746031746
0.6469681397738952	0.999603017070266
0.6467112024665982	0.9996028594122319
0.6464542651593012	0.9996027016289233
0.6461973278520041	0.9996025437201908
0.6459403905447071	0.9996023856858847
0.64568345323741	0.9996022275258553
0.645426515930113	0.9996020692399522
0.645169578622816	0.9996019108280255
0.6449126413155191	0.9996017522899243
0.644655704008222	0.999601593625498
0.644398766700925	0.9996014348345954
0.644141829393628	0.9996012759170654
0.6438848920863309	0.9996011168727563
0.6436279547790339	0.9996009577015164
0.6433710174717369	0.9996007984031936
0.6431140801644398	0.9996006389776357
0.6428571428571429	0.9996004794246903
0.6426002055498459	0.9996003197442046
0.6423432682425488	0.9996001599360256
0.6420863309352518	0.9996
0.6418293936279548	0.9995998399359743
0.6415724563206577	0.999599679743795
0.6413155190133607	0.9995995194233079
0.6410585817060637	0.9995993589743589
0.6408016443987667	0.9995991983967936
0.6405447070914697	0.9995990376904571
0.6402877697841727	0.9995988768551946
0.6400308324768756	0.9995987158908507
0.6397738951695786	0.9995985547972702
0.6395169578622816	0.9995983935742971
0.6392600205549845	0.9995982322217758
0.6390030832476875	0.9995980707395499
0.6387461459403906	0.9995979091274628
0.6384892086330936	0.999597747385358
0.6382322713257965	0.9995975855130784
0.6379753340184995	0.999597423510467
0.6377183967112025	0.999597261377366
0.6374614594039054	0.999597099113618
0.6372045220966084	0.9995969367190649
0.6369475847893115	0.9995967741935484
0.6366906474820144	0.99959661153691
0.6364337101747174	0.9995964487489911
0.6361767728674204	0.9995962858296327
0.6359198355601233	0.9995961227786753
0.6356628982528263	0.9995959595959596
0.6354059609455293	0.9995957962813258
0.6351490236382322	0.9995956328346138
0.6348920863309353	0.9995954692556634
0.6346351490236383	0.9995953055443141
0.6343782117163412	0.9995951417004049
0.6341212744090442	0.9995949777237748
0.6338643371017472	0.9995948136142626
0.6336073997944501	0.9995946493717065
0.6333504624871531	0.9995944849959448
0.6330935251798561	0.9995943204868154
0.6328365878725591	0.9995941558441559
0.6325796505652621	0.9995939910678034
0.6323227132579651	0.9995938261575954
0.632065775950668	0.9995936611133686
0.631808838643371	0.9995934959349594
0.631551901336074	0.9995933306222041
0.6312949640287769	0.999593165174939
0.6310380267214799	0.9995929995929996
0.630781089414183	0.9995928338762216
0.630524152106886	0.9995926680244399
0.6302672147995889	0.9995925020374898
0.6300102774922919	0.9995923359152059
0.6297533401849948	0.9995921696574225
0.6294964028776978	0.9995920032639739
0.6292394655704008	0.9995918367346939
0.6289825282631039	0.9995916700694161
0.6287255909558068	0.9995915032679739
0.6284686536485098	0.9995913363302003
0.6282117163412128	0.9995911692559281
0.6279547790339157	0.9995910020449897
0.6276978417266187	0.9995908346972177
0.6274409044193217	0.9995906672124437
0.6271839671120246	0.9995904995904996
0.6269270298047277	0.9995903318312167
0.6266700924974307	0.9995901639344262
0.6264131551901336	0.999589995899959
0.6258992805755396	0.9995896594173164
0.6256423432682425	0.9995894909688013
0.6253854059609455	0.9995893223819302
0.6251284686536485	0.9995891536565324
0.6248715313463515	0.9995889847924373
0.6246145940390545	0.9995888157894737
0.6243576567317575	0.9995886466474702
0.6241007194244604	0.9995884773662551
0.6238437821171634	0.9995883079456567
0.6235868448098664	0.9995881383855024
0.6233299075025693	0.99958796868562
0.6230729701952723	0.9995877988458368
0.6228160328879754	0.9995876288659794
0.6225590955806783	0.9995874587458746
0.6223021582733813	0.9995872884853487
0.6220452209660843	0.999587118084228
0.6217882836587872	0.9995869475423379
0.6215313463514902	0.9995867768595041
0.6212744090441932	0.9995866060355518
0.6210174717368961	0.9995864350703061
0.6207605344295992	0.9995862639635912
0.6205035971223022	0.9995860927152318
0.6202466598150052	0.9995859213250518
0.6199897225077081	0.9995857497928748
0.6197327852004111	0.9995855781185247
0.619475847893114	0.9995854063018242
0.619218910585817	0.9995852343425964
0.6189619732785201	0.9995850622406639
0.6187050359712231	0.9995848899958489
0.618448098663926	0.9995847176079734
0.618191161356629	0.9995845450768591
0.617934224049332	0.9995843724023276
0.6174203494347379	0.9995840266222962
0.6171634121274409	0.9995838535164377
0.6169064748201439	0.9995836802664446
0.6166495375128469	0.9995835068721366
0.6163926002055499	0.9995833333333334
0.6161356628982528	0.9995831596498541
0.6158787255909558	0.9995829858215179
0.6156217882836588	0.9995828118481435
0.6153648509763617	0.9995826377295493
0.6151079136690647	0.9995824634655532
0.6148509763617678	0.9995822890559732
0.6145940390544707	0.9995821145006268
0.6143371017471737	0.9995819397993311
0.6140801644398767	0.999581764951903
0.6138232271325796	0.999581589958159
0.6135662898252826	0.9995814148179154
0.6133093525179856	0.9995812395309883
0.6130524152106885	0.9995810640971932
0.6127954779033916	0.9995808885163453
0.6125385405960946	0.99958071278826
0.6122816032887975	0.9995805369127517
0.6120246659815005	0.9995803608896349
0.6117677286742035	0.9995801847187238
0.6115107913669064	0.999580008399832
0.6112538540596094	0.9995798319327731
0.6109969167523125	0.9995796553173603
0.6107399794450155	0.9995794785534062
0.6104830421377184	0.9995793016407236
0.6102261048304214	0.9995791245791246
0.6099691675231244	0.999578947368421
0.6097122302158273	0.9995787700084247
0.6094552929085303	0.9995785924989464
0.6091983556012333	0.9995784148397976
0.6089414182939363	0.9995782370307887
0.6086844809866393	0.9995780590717299
0.6084275436793423	0.9995778809624314
0.6081706063720452	0.9995777027027027
0.6079136690647482	0.9995775242923531
0.6076567317574512	0.9995773457311918
0.6073997944501541	0.9995771670190274
0.6071428571428571	0.9995769881556683
0.6068859198355602	0.9995768091409225
0.6066289825282631	0.9995766299745978
0.6063720452209661	0.9995764506565015
0.6061151079136691	0.9995762711864407
0.605858170606372	0.9995760915642221
0.605601233299075	0.9995759117896522
0.605344295991778	0.9995757318625371
0.6050873586844809	0.9995755517826825
0.604830421377184	0.9995753715498938
0.604573484069887	0.9995751911639762
0.60431654676259	0.9995750106247344
0.6038026721479959	0.9995746490854955
0.6035457348406988	0.9995744680851064
0.6030318602261048	0.9995741056218058
0.6027749229188079	0.9995739241585002
0.6025179856115108	0.9995737425404945
0.6022610483042138	0.9995735607675906
0.6020041109969168	0.9995733788395904
0.6017471736896197	0.9995731967562953
0.6014902363823227	0.9995730145175064
0.6012332990750257	0.9995728321230244
0.6009763617677287	0.9995726495726496
0.6007194244604317	0.9995724668661822
0.6004624871531347	0.9995722840034217
0.6002055498458376	0.9995721009841677
0.5999486125385406	0.9995719178082192
0.5996916752312436	0.9995717344753747
0.5994347379239465	0.9995715509854327
0.5991778006166495	0.9995713673381912
0.5989208633093526	0.9995711835334476
0.5986639260020555	0.9995709995709996
0.5984069886947585	0.9995708154506437
0.5981500513874615	0.9995706311721769
0.5978931140801644	0.9995704467353952
0.5976361767728674	0.9995702621400946
0.5973792394655704	0.9995700773860705
0.5971223021582733	0.9995698924731182
0.5968653648509764	0.9995697074010327
0.5966084275436794	0.9995695221696083
0.5963514902363823	0.9995693367786391
0.5960945529290853	0.999569151227919
0.5958376156217883	0.9995689655172414
0.5955806783144912	0.9995687796463993
0.5953237410071942	0.9995685936151855
0.5950668036998972	0.9995684074233924
0.5948098663926003	0.9995682210708118
0.5945529290853032	0.9995680345572354
0.5942959917780062	0.9995678478824547
0.5940390544707091	0.9995676610462603
0.5937821171634121	0.9995674740484429
0.5935251798561151	0.9995672868887927
0.593268242548818	0.9995670995670995
0.593011305241521	0.9995669120831528
0.5927543679342241	0.9995667244367418
0.5924974306269271	0.9995665366276549
0.59224049331963	0.9995663486556808
0.591983556012333	0.9995661605206074
0.591726618705036	0.9995659722222222
0.5914696813977389	0.9995657837603127
0.5912127440904419	0.9995655951346655
0.590955806783145	0.9995654063450674
0.5906988694758479	0.9995652173913043
0.5904419321685509	0.9995650282731623
0.5901849948612539	0.9995648389904265
0.5899280575539568	0.999564649542882
0.5896711202466598	0.9995644599303136
0.5894141829393628	0.9995642701525055
0.5891572456320657	0.9995640802092415
0.5889003083247688	0.9995638901003053
0.5886433710174718	0.9995636998254799
0.5883864337101747	0.9995635093845482
0.5881294964028777	0.9995633187772925
0.5878725590955807	0.999563128003495
0.5876156217882836	0.9995629370629371
0.5873586844809866	0.9995627459554001
0.5871017471736896	0.9995625546806649
0.5868448098663926	0.999562363238512
0.5865878725590956	0.9995621716287215
0.5863309352517986	0.9995619798510732
0.5858170606372045	0.9995615957913196
0.5855601233299075	0.999561403508772
0.5853031860226104	0.9995612110574813
0.5850462487153134	0.9995610184372257
0.5847893114080165	0.9995608256477821
0.5845323741007195	0.9995606326889279
0.5842754367934224	0.9995604395604396
0.5840184994861254	0.9995602462620933
0.5837615621788284	0.9995600527936648
0.5835046248715313	0.9995598591549296
0.5832476875642343	0.9995596653456627
0.5829907502569374	0.9995594713656387
0.5827338129496403	0.999559277214632
0.5824768756423433	0.9995590828924162
0.5822199383350463	0.9995588883987648
0.5819630010277492	0.999558693733451
0.5817060637204522	0.9995584988962473
0.5814491264131552	0.9995583038869258
0.5811921891058581	0.9995581087052585
0.5809352517985612	0.9995579133510168
0.5806783144912642	0.9995577178239717
0.5804213771839671	0.9995575221238938
0.5801644398766701	0.9995573262505534
0.5799075025693731	0.9995571302037201
0.579650565262076	0.9995569339831635
0.579393627954779	0.9995567375886525
0.579136690647482	0.9995565410199556
0.578879753340185	0.9995563442768411
0.578622816032888	0.9995561473590768
0.578365878725591	0.9995559502664298
0.5781089414182939	0.9995557529986673
0.5778520041109969	0.9995555555555555
0.5775950668036999	0.9995553579368608
0.5773381294964028	0.9995551601423488
0.5770811921891058	0.9995549621717846
0.5768242548818089	0.9995547640249333
0.5765673175745119	0.999554565701559
0.5763103802672148	0.999554367201426
0.5760534429599178	0.9995541685242978
0.5757965056526207	0.9995539696699376
0.5755395683453237	0.999553770638108
0.5752826310380267	0.9995535714285714
0.5750256937307296	0.9995533720410897
0.5747687564234327	0.9995531724754245
0.5745118191161357	0.9995529727313366
0.5742548818088387	0.9995527728085868
0.5739979445015416	0.9995525727069351
0.5737410071942446	0.9995523724261415
0.5734840698869476	0.999552171965965
0.5732271325796505	0.9995519713261649
0.5729701952723536	0.9995517705064993
0.5727132579650566	0.9995515695067264
0.5724563206577595	0.9995513683266039
0.5721993833504625	0.9995511669658886
0.5719424460431655	0.9995509654243376
0.5716855087358684	0.9995507637017071
0.5714285714285714	0.9995505617977528
0.5711716341212744	0.9995503597122302
0.5709146968139774	0.9995501574448943
0.5706577595066804	0.9995499549954996
0.5704008221993834	0.9995497523638001
0.5701438848920863	0.9995495495495496
0.5698869475847893	0.9995493465525012
0.5696300102774923	0.9995491433724075
0.5693730729701952	0.9995489400090212
0.5691161356628982	0.9995487364620939
0.5688591983556013	0.999548532731377
0.5686022610483042	0.9995483288166215
0.5683453237410072	0.9995481247175779
0.5680883864337102	0.9995479204339964
0.5678314491264131	0.9995477159656264
0.5675745118191161	0.9995475113122172
0.5673175745118191	0.9995473064735174
0.567060637204522	0.9995471014492754
0.5668036998972251	0.9995468962392388
0.5665467625899281	0.9995466908431551
0.566289825282631	0.999546485260771
0.566032887975334	0.9995462794918331
0.565775950668037	0.9995460735360872
0.56551901336074	0.9995458673932789
0.5652620760534429	0.9995456610631531
0.5650051387461459	0.9995454545454545
0.564748201438849	0.9995452478399273
0.5644912641315519	0.9995450409463148
0.5642343268242549	0.9995448338643604
0.5639773895169579	0.9995446265938069
0.5637204522096608	0.9995444191343964
0.5634635149023638	0.9995442114858706
0.5632065775950668	0.9995440036479708
0.5629496402877698	0.9995437956204379
0.5626927029804728	0.9995435874030123
0.5624357656731758	0.9995433789954338
0.5621788283658787	0.9995431703974418
0.5619218910585817	0.9995429616087751
0.5616649537512847	0.9995427526291724
0.5614080164439876	0.9995425434583715
0.5611510791366906	0.9995423340961098
0.5608941418293937	0.9995421245421245
0.5606372045220966	0.9995419147961521
0.5603802672147996	0.9995417048579285
0.5601233299075026	0.9995414947271893
0.5598663926002055	0.9995412844036697
0.5596094552929085	0.9995410738871042
0.5593525179856115	0.9995408631772268
0.5590955806783144	0.9995406522737712
0.5588386433710175	0.9995404411764706
0.5585817060637205	0.9995402298850574
0.5583247687564235	0.999540018399264
0.5580678314491264	0.9995398067188219
0.5578108941418294	0.9995395948434622
0.5575539568345323	0.9995393827729157
0.5572970195272353	0.9995391705069124
0.5567831449126414	0.9995387453874539
0.5565262076053443	0.9995385325334564
0.5562692702980473	0.9995383194829178
0.5560123329907503	0.9995381062355658
0.5557553956834532	0.9995378927911276
0.5554984583761562	0.9995376791493297
0.5552415210688592	0.9995374653098983
0.5549845837615622	0.999537251272559
0.5547276464542652	0.999537037037037
0.5544707091469682	0.999536822603057
0.5542137718396711	0.9995366079703429
0.5539568345323741	0.9995363931386184
0.5536998972250771	0.9995361781076066
0.55344295991778	0.9995359628770302
0.553186022610483	0.999535747446611
0.5529290853031861	0.9995355318160706
0.552672147995889	0.9995353159851301
0.552415210688592	0.99953509995351
0.552158273381295	0.9995348837209302
0.5519013360739979	0.9995346672871103
0.5516443987667009	0.999534450651769
0.5513874614594039	0.999534233814625
0.5511305241521068	0.9995340167753961
0.5508735868448099	0.9995337995337995
0.5506166495375129	0.9995335820895522
0.5503597122302158	0.9995333644423705
0.5501027749229188	0.9995331465919701
0.5498458376156218	0.9995329285380663
0.5495889003083247	0.9995327102803738
0.5490750256937307	0.999532273152479
0.5488180883864338	0.9995320542817033
0.5485611510791367	0.9995318352059925
0.5483042137718397	0.9995316159250586
0.5480472764645427	0.9995313964386129
0.5477903391572456	0.9995311767463666
0.5475334018499486	0.9995309568480301
0.5472764645426516	0.999530736743313
0.5470195272353545	0.9995305164319249
0.5467625899280576	0.9995302959135745
0.5465056526207606	0.9995300751879699
0.5462487153134635	0.999529854254819
0.5459917780061665	0.9995296331138288
0.5457348406988695	0.9995294117647059
0.5454779033915724	0.9995291902071564
0.5452209660842754	0.9995289684408856
0.5449640287769785	0.9995287464655985
0.5447070914696814	0.9995285242809995
0.5444501541623844	0.9995283018867924
0.5441932168550874	0.9995280792826805
0.5439362795477903	0.9995278564683664
0.5436793422404933	0.9995276334435522
0.5434224049331963	0.9995274102079396
0.5431654676258992	0.9995271867612293
0.5429085303186023	0.9995269631031221
0.5426515930113053	0.9995267392333176
0.5423946557040082	0.9995265151515151
0.5421377183967112	0.9995262908574135
0.5418807810894142	0.999526066350711
0.5416238437821171	0.9995258416311048
0.5413669064748201	0.9995256166982922
0.5411099691675231	0.9995253915519696
0.5408530318602262	0.9995251661918328
0.5405960945529291	0.9995249406175772
0.5403391572456321	0.9995247148288974
0.540082219938335	0.9995244888254874
0.539825282631038	0.9995242626070409
0.539568345323741	0.9995240361732508
0.539311408016444	0.9995238095238095
0.5390544707091469	0.9995235826584088
0.53879753340185	0.9995233555767398
0.538540596094553	0.9995231282784931
0.5382836587872559	0.9995229007633588
0.5380267214799589	0.9995226730310263
0.5377697841726619	0.9995224450811844
0.5375128468653648	0.9995222169135213
0.5372559095580678	0.9995219885277247
0.5369989722507709	0.9995217599234816
0.5364850976361768	0.9995213020584012
0.5362281603288798	0.9995210727969349
0.5359712230215827	0.9995208433157643
0.5357142857142857	0.9995206136145733
0.5354573484069887	0.9995203836930455
0.5352004110996916	0.9995201535508638
0.5349434737923947	0.99951992318771
0.5346865364850977	0.9995196926032661
0.5344295991778006	0.9995194617972128
0.5341726618705036	0.9995192307692308
0.5339157245632066	0.9995189995189995
0.5334018499486125	0.9995185363505056
0.5331449126413155	0.9995183044315993
0.5328879753340185	0.9995180722891567
0.5326310380267215	0.9995178399228544
0.5323741007194245	0.9995176073323685
0.5321171634121274	0.9995173745173745
0.5318602261048304	0.9995171414775471
0.5316032887975334	0.9995169082125603
0.5313463514902363	0.9995166747220879
0.5310894141829393	0.9995164410058027
0.5308324768756424	0.9995162070633768
0.5305755395683454	0.9995159728944821
0.5303186022610483	0.9995157384987894
0.5300616649537513	0.999515503875969
0.5298047276464543	0.9995152690256908
0.5295477903391572	0.9995150339476236
0.5292908530318602	0.9995147986414362
0.5290339157245632	0.9995145631067961
0.5287769784172662	0.9995143273433705
0.5285200411099692	0.999514091350826
0.5282631038026722	0.9995138551288284
0.5280061664953751	0.9995136186770428
0.5277492291880781	0.9995133819951338
0.5274922918807811	0.9995131450827653
0.527235354573484	0.9995129079396006
0.5269784172661871	0.9995126705653021
0.5267214799588901	0.999512432959532
0.526464542651593	0.9995121951219512
0.526207605344296	0.9995119570522206
0.525950668036999	0.99951171875
0.5256937307297019	0.9995114802149487
0.5254367934224049	0.9995112414467253
0.5251798561151079	0.9995110024449878
0.524922918807811	0.9995107632093934
0.5246659815005139	0.9995105237395986
0.5244090441932169	0.9995102840352595
0.5241521068859198	0.9995100440960314
0.5238951695786228	0.9995098039215686
0.5236382322713258	0.9995095635115253
0.5233812949640287	0.9995093228655545
0.5231243576567317	0.9995090819833088
0.5228674203494348	0.99950884086444
0.5226104830421378	0.9995085995085995
0.5223535457348407	0.9995083579154376
0.5220966084275437	0.999508116084604
0.5218396711202467	0.999507874015748
0.5215827338129496	0.999507631708518
0.5213257965056526	0.9995073891625615
0.5210688591983555	0.9995071463775259
0.5208119218910586	0.9995069033530573
0.5205549845837616	0.9995066600888012
0.5202980472764646	0.9995064165844028
0.5197841726618705	0.9995059288537549
0.5195272353545735	0.9995056846267919
0.5192702980472764	0.9995054401582592
0.5190133607399794	0.9995051954477981
0.5187564234326825	0.9995049504950495
0.5184994861253854	0.9995047052996533
0.5182425488180884	0.9995044598612488
0.5179856115107914	0.9995042141794744
0.5177286742034943	0.9995039682539683
0.5174717368961973	0.9995037220843672
0.5172147995889003	0.9995034756703078
0.5167009249743063	0.9995029821073559
0.5164439876670093	0.9995027349577325
0.5161870503597122	0.9995024875621891
0.5159301130524152	0.9995022399203584
0.5156731757451182	0.9995019920318725
0.5154162384378211	0.9995017438963627
0.5151593011305241	0.9995014955134596
0.5149023638232272	0.9995012468827931
0.5146454265159301	0.9995009980039921
0.5143884892086331	0.9995007488766849
0.5141315519013361	0.9995004995004995
0.513874614594039	0.9995002498750625
0.513617677286742	0.9995
0.513360739979445	0.9994997498749375
0.513103802672148	0.9994994994994995
0.512846865364851	0.99949924887331
0.512589928057554	0.999498997995992
0.512332990750257	0.9994987468671679
0.5120760534429599	0.9994984954864594
0.5118191161356629	0.9994982438534872
0.5115621788283659	0.9994979919678715
0.5113052415210688	0.9994977398292315
0.5110483042137718	0.9994974874371859
0.5107913669064749	0.9994972347913524
0.5105344295991778	0.9994969818913481
0.5102774922918808	0.9994967287367891
0.5100205549845838	0.999496475327291
0.5097636176772867	0.9994962216624685
0.5095066803699897	0.9994959677419355
0.5092497430626927	0.9994957135653051
0.5089928057553957	0.9994954591321897
0.5087358684480987	0.9994952044422009
0.5084789311408017	0.9994949494949495
0.5082219938335046	0.9994946942900454
0.5079650565262076	0.9994944388270981
0.5077081192189106	0.9994941831057157
0.5074511819116135	0.9994939271255061
0.5071942446043165	0.999493670886076
0.5069373072970196	0.9994934143870314
0.5066803699897225	0.9994931576279777
0.5061664953751285	0.9994926433282597
0.5059095580678314	0.999492385786802
0.5056526207605344	0.9994921279837481
0.5053956834532374	0.9994918699186992
0.5051387461459403	0.9994916115912558
0.5046248715313464	0.9994910941475827
0.5043679342240494	0.9994908350305499
0.5041109969167523	0.999490575649516
0.5038540596094553	0.9994903160040775
0.5035971223021583	0.9994900560938297
0.5033401849948612	0.9994897959183674
0.5030832476875642	0.9994895354772844
0.5028263103802673	0.9994892747701737
0.5025693730729702	0.9994890137966275
0.5023124357656732	0.9994887525562373
0.5020554984583762	0.9994884910485934
0.5017985611510791	0.9994882292732856
0.5015416238437821	0.9994879672299027
0.5012846865364851	0.9994877049180327
0.501027749229188	0.9994874423372629
0.5007708119218911	0.9994871794871795
0.5005138746145941	0.9994869163673679
0.500256937307297	0.9994866529774127
0.5	0.9994863893168978
0.49974306269270297	0.9994861253854059
0.499486125385406	0.9994858611825193
0.49922918807810895	0.9994855967078189
0.4987153134635149	0.9994850669412977
0.4984583761562179	0.9994848016486347
0.4982014388489209	0.9994845360824742
0.49794450154162384	0.999484270242393
0.4976875642343268	0.999484004127967
0.49743062692702983	0.9994837377387713
0.4971736896197328	0.9994834710743802
0.49691675231243576	0.999483204134367
0.4966598150051387	0.999482936918304
0.49640287769784175	0.999482669425763
0.4958890030832477	0.9994821336095288
0.49563206577595065	0.9994818652849741
0.49537512846865367	0.9994815966822188
0.49511819116135664	0.9994813278008299
0.4948612538540596	0.9994810586403736
0.49460431654676257	0.9994807892004154
0.4943473792394656	0.9994805194805195
0.49409044193216856	0.9994802494802495
0.4938335046248715	0.999479979199168
0.4935765673175745	0.9994797086368367
0.4933196300102775	0.9994794377928162
0.4930626927029805	0.9994791666666667
0.49280575539568344	0.9994788952579469
0.4925488180883864	0.9994786235662148
0.49229188078108943	0.9994783515910276
0.4920349434737924	0.9994780793319415
0.49177800616649536	0.9994778067885117
0.49152106885919833	0.9994775339602926
0.49126413155190135	0.9994772608468374
0.4910071942446043	0.9994769874476988
0.4907502569373073	0.9994767137624281
0.4904933196300103	0.9994764397905759
0.49023638232271327	0.9994761655316919
0.48997944501541624	0.999475890985325
0.4897225077081192	0.9994756161510225
0.4894655704008222	0.9994753410283316
0.4892086330935252	0.9994750656167979
0.48895169578622816	0.9994747899159664
0.4886947584789311	0.999474513925381
0.48843782117163415	0.9994742376445847
0.4881808838643371	0.9994739610731194
0.4879239465570401	0.9994736842105263
0.48766700924974304	0.9994734070563455
0.48741007194244607	0.9994731296101159
0.48715313463514903	0.9994728518713759
0.486896197327852	0.9994725738396625
0.48663926002055496	0.9994722955145119
0.486382322713258	0.9994720168954594
0.48612538540596095	0.9994717379820391
0.4858684480986639	0.9994714587737844
0.4856115107913669	0.9994711792702274
0.4853545734840699	0.9994708994708995
0.4850976361767729	0.9994706193753309
0.48484069886947584	0.9994703389830508
0.4845837615621788	0.9994700582935877
0.4843268242548818	0.9994697773064687
0.4840698869475848	0.9994694960212201
0.48381294964028776	0.9994692144373672
0.4835560123329907	0.9994689325544344
0.48329907502569375	0.9994686503719448
0.4830421377183967	0.9994683678894205
0.48252826310380265	0.9994678020223523
0.48227132579650567	0.9994675186368477
0.48201438848920863	0.9994672349493873
0.4817574511819116	0.9994669509594882
0.48150051387461457	0.9994666666666666
0.4812435765673176	0.9994663820704376
0.48098663926002055	0.999466097170315
0.4807297019527235	0.999465811965812
0.48047276464542654	0.9994655264564404
0.4802158273381295	0.9994652406417113
0.4799588900308325	0.9994649545211343
0.47970195272353544	0.9994646680942184
0.47944501541623846	0.9994643813604713
0.47918807810894143	0.9994640943193998
0.4789311408016444	0.9994638069705094
0.47867420349434736	0.9994635193133047
0.4784172661870504	0.9994632313472893
0.47816032887975335	0.9994629430719656
0.4779033915724563	0.999462654486835
0.4776464542651593	0.9994623655913979
0.4773895169578623	0.9994620763851533
0.47713257965056527	0.9994617868675996
0.47687564234326824	0.9994614970382337
0.4766187050359712	0.9994612068965517
0.4763617677286742	0.9994609164420485
0.4761048304213772	0.9994606256742179
0.47584789311408016	0.9994603345925526
0.4755909558067831	0.9994600431965442
0.4750770811921891	0.9994594594594595
0.4748201438848921	0.9994591671173607
0.47456320657759504	0.9994588744588745
0.47430626927029806	0.9994585814834868
0.47404933196300103	0.9994582881906826
0.473792394655704	0.9994579945799458
0.47353545734840696	0.9994577006507592
0.47327852004111	0.9994574064026045
0.47302158273381295	0.999457111834962
0.4727646454265159	0.9994568169473113
0.4725077081192189	0.9994565217391305
0.4722507708119219	0.9994562262098967
0.47199383350462487	0.999455930359086
0.47173689619732784	0.9994556341861731
0.47147995889003086	0.9994553376906318
0.4712230215827338	0.9994550408719346
0.4709660842754368	0.9994547437295529
0.47070914696813976	0.9994544462629569
0.4704522096608428	0.9994541484716157
0.47019527235354575	0.9994538503549972
0.4699383350462487	0.9994535519125683
0.4696813977389517	0.9994532531437944
0.4694244604316547	0.99945295404814
0.46916752312435767	0.9994526546250684
0.46891058581706063	0.9994523548740416
0.4686536485097636	0.9994520547945206
0.4683967112024666	0.9994517543859649
0.4681397738951696	0.9994514536478333
0.46788283658787255	0.9994511525795828
0.4676258992805755	0.99945085118067
0.46736896197327854	0.9994505494505495
0.4671120246659815	0.999450247388675
0.4668550873586845	0.9994499449944995
0.46659815005138744	0.9994496422674739
0.46634121274409046	0.9994493392070485
0.4660842754367934	0.9994490358126722
0.4658273381294964	0.9994487320837927
0.4653134635149024	0.9994481236203091
0.46505652620760535	0.9994478188845941
0.4647995889003083	0.9994475138121547
0.4645426515930113	0.9994472084024323
0.4642857142857143	0.9994469026548672
0.46402877697841727	0.9994465965688988
0.46377183967112023	0.9994462901439646
0.4635149023638232	0.9994459833795014
0.4632579650565262	0.9994456762749445
0.4630010277492292	0.9994453688297282
0.46274409044193215	0.9994450610432852
0.4624871531346352	0.9994447529150472
0.46223021582733814	0.9994444444444445
0.4619732785200411	0.9994441356309061
0.4617163412127441	0.9994438264738599
0.4614594039054471	0.9994435169727324
0.46120246659815006	0.9994432071269488
0.46094552929085303	0.9994428969359331
0.460688591983556	0.9994425863991081
0.460431654676259	0.9994422755158952
0.460174717368962	0.9994419642857143
0.45991778006166495	0.9994416527079844
0.4596608427543679	0.9994413407821229
0.45940390544707094	0.9994410285075461
0.4591469681397739	0.9994407158836689
0.45889003083247687	0.9994404029099049
0.45863309352517984	0.9994400895856663
0.45837615621788286	0.9994397759103641
0.4581192189105858	0.999439461883408
0.4578622816032888	0.9994391475042064
0.45760534429599176	0.999438832772166
0.4573484069886948	0.9994385176866929
0.45709146968139774	0.999438202247191
0.4568345323741007	0.9994378864530635
0.4565775950668037	0.999437570303712
0.4563206577595067	0.9994372537985369
0.45606372045220966	0.9994369369369369
0.4555498458376156	0.9994363021420518
0.4552929085303186	0.9994359842075579
0.4550359712230216	0.9994356659142212
0.45477903391572455	0.9994353472614342
0.4545220966084275	0.9994350282485875
0.45426515930113054	0.9994347088750707
0.4540082219938335	0.9994343891402715
0.45375128468653647	0.9994340690435767
0.4534943473792395	0.9994337485843715
0.45323741007194246	0.9994334277620397
0.4529804727646454	0.9994331065759637
0.4527235354573484	0.9994327850255247
0.4524665981500514	0.9994324631101021
0.4522096608427544	0.9994321408290744
0.45195272353545735	0.9994318181818181
0.4516957862281603	0.9994314951677089
0.45143884892086333	0.9994311717861206
0.4511819116135663	0.9994308480364257
0.45092497430626927	0.9994305239179955
0.45066803699897223	0.9994301994301994
0.45041109969167525	0.999429874572406
0.4501541623843782	0.9994295493439818
0.4498972250770812	0.9994292237442922
0.44964028776978415	0.9994288977727013
0.4493833504624872	0.9994285714285714
0.44912641315519014	0.9994282447112636
0.4488694758478931	0.9994279176201373
0.4486125385405961	0.9994275901545506
0.4483556012332991	0.9994272623138603
0.44809866392600206	0.9994269340974212
0.447841726618705	0.9994266055045872
0.447584789311408	0.9994262765347103
0.447327852004111	0.9994259471871412
0.447070914696814	0.9994256174612292
0.44681397738951695	0.9994252873563219
0.4465570400822199	0.9994249568717654
0.44630010277492294	0.9994246260069045
0.4460431654676259	0.9994242947610823
0.44527235354573486	0.9994232987312572
0.4450154162384378	0.9994229659549914
0.4447584789311408	0.9994226327944573
0.44450154162384375	0.9994222992489891
0.4442446043165468	0.999421965317919
0.44398766700924974	0.9994216310005783
0.4437307297019527	0.9994212962962963
0.44347379239465573	0.9994209612044007
0.4432168550873587	0.9994206257242179
0.44295991778006166	0.9994202898550725
0.44270298047276463	0.9994199535962877
0.4421891058581706	0.9994192799070848
0.44167523124357655	0.9994186046511628
0.44141829393627957	0.9994182664339732
0.44116135662898254	0.9994179278230501
0.4409044193216855	0.9994175888177053
0.44064748201438847	0.9994172494172494
0.4403905447070915	0.9994169096209913
0.44013360739979446	0.9994165694282381
0.4398766700924974	0.9994162288382954
0.4396197327852004	0.9994158878504673
0.4393627954779034	0.9994155464640561
0.4391058581706064	0.9994152046783625
0.43884892086330934	0.9994148624926857
0.4385919835560123	0.9994145199063232
0.4380781089414183	0.9994138335287222
0.43782117163412126	0.9994134897360704
0.43756423432682423	0.9994131455399061
0.43730729701952725	0.9994128009395185
0.4370503597122302	0.999412455934195
0.4367934224049332	0.9994121105232217
0.43653648509763615	0.9994117647058823
0.4362795477903392	0.9994114184814596
0.43602261048304214	0.9994110718492344
0.4357656731757451	0.9994107248084856
0.43550873586844807	0.9994103773584906
0.4352517985611511	0.9994100294985251
0.43499486125385406	0.999409681227863
0.434737923946557	0.9994093325457767
0.43448098663926005	0.9994089834515366
0.434224049331963	0.9994086339444116
0.433967112024666	0.9994082840236687
0.43371017471736895	0.9994079336885732
0.43345323741007197	0.9994075829383886
0.43319630010277493	0.999407231772377
0.43268242548818087	0.9994065281899109
0.43216855087358685	0.9994058229352347
0.4319116135662898	0.9994054696789536
0.4316546762589928	0.9994051160023796
0.4313977389516958	0.9994047619047619
0.4311408016443988	0.9994044073853484
0.43088386433710174	0.9994040524433849
0.4306269270298047	0.9994036970781157
0.43036998972250773	0.9994033412887828
0.4301130524152107	0.9994029850746269
0.42985611510791366	0.9994026284348865
0.4295991778006166	0.9994022713687986
0.42934224049331965	0.9994019138755981
0.4290853031860226	0.9994015559545183
0.4288283658787256	0.9994011976047904
0.42857142857142855	0.9994008388256441
0.42831449126413157	0.999400479616307
0.42805755395683454	0.9994001199760048
0.4278006166495375	0.9993997599039616
0.42754367934224047	0.9993993993993994
0.4272867420349435	0.9993990384615384
0.42702980472764646	0.9993986770895971
0.4267728674203494	0.9993983152827918
0.4265159301130524	0.9993979530403372
0.4262589928057554	0.9993975903614458
0.4260020554984584	0.9993972272453285
0.42574511819116134	0.9993968636911942
0.42548818088386436	0.9993964996982498
0.42523124357656733	0.9993961352657005
0.4249743062692703	0.9993957703927493
0.4244604316546763	0.999395039322444
0.42420349434737925	0.9993946731234867
0.4239465570400822	0.9993943064809206
0.4236896197327852	0.9993939393939394
0.4234326824254882	0.9993935718617344
0.42317574511819117	0.9993932038834952
0.42291880781089414	0.9993928354584092
0.4226618705035971	0.9993924665856622
0.4224049331963001	0.9993920972644377
0.4221479958890031	0.9993917274939172
0.42189105858170606	0.9993913572732805
0.421634121274409	0.9993909866017052
0.42137718396711205	0.9993906154783668
0.421120246659815	0.999390243902439
0.420863309352518	0.9993898718730934
0.42060637204522094	0.9993894993894994
0.42034943473792397	0.9993891264508247
0.42009249743062693	0.9993887530562348
0.4198355601233299	0.999388379204893
0.41957862281603286	0.9993880048959608
0.4193216855087359	0.9993876301285977
0.41906474820143885	0.9993872549019608
0.4188078108941418	0.9993868792152054
0.4185508735868448	0.9993865030674847
0.4182939362795478	0.9993861264579497
0.4180369989722508	0.9993857493857494
0.41778006166495374	0.9993853718500307
0.4175231243576567	0.9993849938499385
0.4172661870503597	0.9993846153846154
0.4170092497430627	0.999384236453202
0.41675231243576566	0.9993838570548367
0.4164953751284687	0.9993834771886559
0.41623843782117165	0.999383096853794
0.4159815005138746	0.9993827160493827
0.4157245632065776	0.9993823347745522
0.4154676258992806	0.9993819530284301
0.41521068859198357	0.9993815708101422
0.41495375128468653	0.9993811881188119
0.4146968139773895	0.9993808049535604
0.4141829393627955	0.9993800371977681
0.41392600205549845	0.999379652605459
0.4136690647482014	0.9993792675356921
0.41341212744090444	0.9993788819875776
0.4131551901336074	0.9993784959602238
0.4128982528263104	0.9993781094527363
0.41264131551901334	0.9993777224642191
0.41238437821171636	0.9993773349937733
0.41212744090441933	0.9993769470404984
0.4118705035971223	0.9993765586034913
0.41161356628982526	0.9993761696818465
0.4113566289825283	0.9993757802746567
0.41109969167523125	0.9993753903810119
0.4108427543679342	0.999375
0.4105858170606372	0.9993746091307066
0.4103288797533402	0.9993742177722152
0.41007194244604317	0.9993738259236068
0.40981500513874614	0.9993734335839599
0.4095580678314491	0.9993730407523511
0.4093011305241521	0.9993726474278545
0.4090441932168551	0.9993722536095417
0.40878725590955806	0.9993718592964824
0.408530318602261	0.9993714644877436
0.40827338129496404	0.9993710691823899
0.408016443987667	0.9993706733794839
0.40775950668037	0.9993702770780857
0.40750256937307294	0.9993698802772527
0.40724563206577596	0.9993694829760403
0.40698869475847893	0.9993690851735015
0.4067317574511819	0.9993686868686869
0.4064748201438849	0.9993682880606444
0.4062178828365879	0.9993678887484198
0.40596094552929085	0.9993674889310563
0.4057040082219938	0.9993670886075949
0.40544707091469684	0.999366687777074
0.4051901336073998	0.9993662864385298
0.40493319630010277	0.9993658845909955
0.40467625899280574	0.9993654822335025
0.40441932168550876	0.9993650793650793
0.4041623843782117	0.9993646759847522
0.4039054470709147	0.9993642720915448
0.40364850976361766	0.9993638676844784
0.4033915724563207	0.9993634627625716
0.40313463514902365	0.9993630573248408
0.4028776978417266	0.9993626513702996
0.4026207605344296	0.9993622448979592
0.4023638232271326	0.9993618379068283
0.40210688591983557	0.9993614303959132
0.40184994861253853	0.9993610223642172
0.4015930113052415	0.9993606138107417
0.4013360739979445	0.999360204734485
0.4010791366906475	0.9993597951344431
0.40082219938335045	0.9993593850096092
0.4005652620760534	0.9993589743589744
0.40030832476875644	0.9993585631815266
0.4000513874614594	0.9993581514762516
0.3997944501541624	0.9993577392421323
0.39953751284686534	0.9993573264781491
0.39928057553956836	0.9993569131832798
0.3990236382322713	0.9993564993564994
0.3987667009249743	0.9993560849967804
0.39850976361767726	0.9993556701030928
0.3982528263103803	0.9993552546744036
0.3977389516957862	0.9993544222078761
0.39748201438848924	0.9993540051679587
0.3972250770811922	0.9993535875888817
0.39696813977389517	0.999353169469599
0.39671120246659813	0.9993527508090615
0.39645426515930116	0.9993523316062176
0.3961973278520041	0.9993519118600129
0.3959403905447071	0.9993514915693904
0.39568345323741005	0.9993510707332901
0.3954265159301131	0.9993506493506493
0.394912641315519	0.9993498049414824
0.394655704008222	0.9993493819128172
0.39388489208633093	0.999348109517601
0.3936279547790339	0.9993476842791911
0.3933710174717369	0.9993472584856397
0.3931140801644399	0.999346832135859
0.39285714285714285	0.9993464052287582
0.3926002055498458	0.999345977763244
0.39234326824254884	0.9993455497382199
0.3920863309352518	0.9993451211525868
0.39182939362795477	0.9993446920052425
0.39157245632065774	0.999344262295082
0.39131551901336076	0.9993438320209974
0.3910585817060637	0.9993434011818779
0.39054470709146966	0.9993425378040762
0.3902877697841727	0.9993421052631579
0.39003083247687564	0.9993416721527321
0.3897738951695786	0.9993412384716732
0.3895169578622816	0.999340804218853
0.3892600205549846	0.9993403693931399
0.38900308324768756	0.9993399339933994
0.38874614594039053	0.9993394980184941
0.38848920863309355	0.9993390614672836
0.3882322713257965	0.9993386243386243
0.3879753340184995	0.99933818663137
0.38771839671120245	0.9993377483443708
0.3874614594039055	0.9993373094764745
0.38720452209660844	0.9993368700265252
0.3869475847893114	0.9993364299933643
0.38669064748201437	0.99933598937583
0.3864337101747174	0.9993355481727575
0.38617677286742036	0.9993351063829787
0.3859198355601233	0.9993346640053227
0.3856628982528263	0.9993342210386151
0.3854059609455293	0.9993337774816788
0.3851490236382323	0.9993333333333333
0.38489208633093525	0.9993328885923949
0.3846351490236382	0.9993324432576769
0.38437821171634123	0.9993319973279893
0.3841212744090442	0.9993315508021391
0.38386433710174717	0.9993311036789297
0.38360739979445013	0.999330655957162
0.38335046248715315	0.999330207635633
0.3830935251798561	0.9993297587131368
0.3828365878725591	0.9993293091884641
0.38257965056526205	0.9993288590604027
0.3823227132579651	0.9993284083277367
0.38206577595066804	0.9993279569892473
0.381808838643371	0.9993275050437121
0.381551901336074	0.9993270524899058
0.381294964028777	0.9993265993265993
0.38103802672147996	0.9993261455525606
0.3807810894141829	0.9993256911665542
0.3802672147995889	0.9993247805536799
0.3800102774922919	0.9993243243243243
0.37975334018499485	0.9993238674780257
0.37949640287769787	0.9993234100135318
0.37923946557040084	0.999322951929587
0.3789825282631038	0.9993224932249323
0.37872559095580677	0.9993220338983051
0.37821171634121276	0.9993211133740665
0.3776978417266187	0.9993201903467029
0.3774409044193217	0.9993197278911564
0.3771839671120247	0.9993192648059904
0.37692702980472764	0.9993188010899182
0.3766700924974306	0.9993183367416496
0.37641315519013363	0.9993178717598908
0.3761562178828366	0.9993174061433447
0.37589928057553956	0.9993169398907104
0.37564234326824253	0.9993164730006835
0.37538540596094555	0.9993160054719562
0.3751284686536485	0.999315537303217
0.3748715313463515	0.9993150684931507
0.37435765673175747	0.9993141289437586
0.37435765673175747	1.0
0.37410071942446044	1.0
0.3738437821171634	1.0
0.37358684480986637	1.0
0.3733299075025694	1.0
0.3728160328879753	1.0
0.3725590955806783	1.0
0.3723021582733813	1.0
0.3720452209660843	1.0
0.37178828365878724	1.0
0.3715313463514902	1.0
0.37127440904419323	1.0
0.3710174717368962	1.0
0.37076053442959916	1.0
0.37050359712230213	1.0
0.37024665981500515	1.0
0.3697327852004111	1.0
0.3694758478931141	1.0
0.3692189105858171	1.0
0.36896197327852004	1.0
0.368705035971223	1.0
0.368448098663926	1.0
0.368191161356629	1.0
0.36793422404933196	1.0
0.3676772867420349	1.0
0.36742034943473795	1.0
0.3671634121274409	1.0
0.3669064748201439	1.0
0.36664953751284685	1.0
0.36639260020554987	1.0
0.36613566289825283	1.0
0.36562178828365877	1.0
0.3653648509763618	1.0
0.36510791366906475	1.0
0.3648509763617677	1.0
0.3645940390544707	1.0
0.3643371017471737	1.0
0.3640801644398767	1.0
0.36382322713257964	1.0
0.3635662898252826	1.0
0.36330935251798563	1.0
0.3630524152106886	1.0
0.36279547790339156	1.0
0.3625385405960945	1.0
0.36228160328879755	1.0
0.3617677286742035	1.0
0.36151079136690645	1.0
0.36125385405960947	1.0
0.36099691675231244	1.0
0.3607399794450154	1.0
0.3604830421377184	1.0
0.3602261048304214	1.0
0.35996916752312436	1.0
0.3597122302158273	1.0
0.35945529290853034	1.0
0.3591983556012333	1.0
0.3589414182939363	1.0
0.35868448098663924	1.0
0.35842754367934226	1.0
0.35817060637204523	1.0
0.3579136690647482	1.0
0.35765673175745116	1.0
0.3573997944501542	1.0
0.35714285714285715	1.0
0.3568859198355601	1.0
0.3566289825282631	1.0
0.35611510791366907	1.0
0.35585817060637204	1.0
0.355601233299075	1.0
0.355344295991778	1.0
0.35483042137718396	1.0
0.3545734840698869	1.0
0.35431654676258995	1.0
0.3540596094552929	1.0
0.3538026721479959	1.0
0.35354573484069884	1.0
0.35328879753340187	1.0
0.35303186022610483	1.0
0.3527749229188078	1.0
0.35251798561151076	1.0
0.3522610483042138	1.0
0.35200411099691675	1.0
0.3517471736896197	1.0
0.35149023638232274	1.0
0.3512332990750257	1.0
0.3509763617677287	1.0
0.35046248715313466	1.0
0.3502055498458376	1.0
0.3499486125385406	1.0
0.34969167523124356	1.0
0.3494347379239466	1.0
0.34917780061664955	1.0
0.3489208633093525	1.0
0.3486639260020555	1.0
0.3484069886947585	1.0
0.34815005138746147	1.0
0.34789311408016443	1.0
0.3476361767728674	1.0
0.3473792394655704	1.0
0.3471223021582734	1.0
0.34686536485097635	1.0
0.3466084275436793	1.0
0.34635149023638234	1.0
0.3460945529290853	1.0
0.3458376156217883	1.0
0.34558067831449124	1.0
0.34532374100719426	1.0
0.3448098663926002	1.0
0.34455292908530316	1.0
0.3442959917780062	1.0
0.3437821171634121	1.0
0.3435251798561151	1.0
0.3432682425488181	1.0
0.34301130524152107	1.0
0.34275436793422404	1.0
0.34249743062692706	1.0
0.34224049331963	1.0
0.341983556012333	1.0
0.34172661870503596	1.0
0.341469681397739	1.0
0.34121274409044194	1.0
0.3409558067831449	1.0
0.3406988694758479	1.0
0.3404419321685509	1.0
0.34018499486125386	1.0
0.33992805755395683	1.0
0.3396711202466598	1.0
0.3394141829393628	1.0
0.3386433710174717	1.0
0.33838643371017474	1.0
0.3381294964028777	1.0
0.33787255909558067	1.0
0.33761562178828364	1.0
0.33735868448098666	1.0
0.3371017471736896	1.0
0.3368448098663926	1.0
0.33658787255909556	1.0
0.3363309352517986	1.0
0.3358170606372045	1.0
0.3353031860226105	1.0
0.33504624871531347	1.0
0.33478931140801643	1.0
0.3345323741007194	1.0
0.3342754367934224	1.0
0.3340184994861254	1.0
0.33376156217882835	1.0
0.3335046248715313	1.0
0.33324768756423434	1.0
0.3329907502569373	1.0
0.3327338129496403	1.0
0.3324768756423433	1.0
0.33221993833504626	1.0
0.3319630010277492	1.0
0.3317060637204522	1.0
0.3314491264131552	1.0
0.3311921891058582	1.0
0.33093525179856115	1.0
0.3306783144912641	1.0
0.33042137718396714	1.0
0.3301644398766701	1.0
0.32990750256937307	1.0
0.32965056526207603	1.0
0.32939362795477906	1.0
0.329136690647482	1.0
0.328879753340185	1.0
0.32862281603288795	1.0
0.328365878725591	1.0
0.32810894141829394	1.0
0.3278520041109969	1.0
0.3275950668036999	1.0
0.3273381294964029	1.0
0.32708119218910586	1.0
0.32682425488180883	1.0
0.3265673175745118	1.0
0.3263103802672148	1.0
0.3260534429599178	1.0
0.32579650565262075	1.0
0.3255395683453237	1.0
0.32528263103802674	1.0
0.3250256937307297	1.0
0.32451181911613564	1.0
0.32425488180883866	1.0
0.3239979445015416	1.0
0.3237410071942446	1.0
0.3234840698869476	1.0
0.3232271325796506	1.0
0.32297019527235354	1.0
0.3227132579650565	1.0
0.32245632065775953	1.0
0.3221993833504625	1.0
0.32194244604316546	1.0
0.32168550873586843	1.0
0.32142857142857145	1.0
0.3211716341212744	1.0
0.3209146968139774	1.0
0.32065775950668035	1.0
0.3204008221993834	1.0
0.32014388489208634	1.0
0.3198869475847893	1.0
0.31963001027749227	1.0
0.3193730729701953	1.0
0.31911613566289826	1.0
0.3188591983556012	1.0
0.3186022610483042	1.0
0.3183453237410072	1.0
0.3180883864337102	1.0
0.31783144912641315	1.0
0.3175745118191161	1.0
0.31731757451181913	1.0
0.3170606372045221	1.0
0.31680369989722507	1.0
0.31628982528263105	1.0
0.316032887975334	1.0
0.315775950668037	1.0
0.31551901336073995	1.0
0.315262076053443	1.0
0.31500513874614594	1.0
0.3147482014388489	1.0
0.31449126413155193	1.0
0.31397738951695786	1.0
0.31346351490236385	1.0
0.3132065775950668	1.0
0.3129496402877698	1.0
0.31269270298047275	1.0
0.31243576567317577	1.0
0.31217882836587874	1.0
0.3119218910585817	1.0
0.31166495375128467	1.0
0.3114080164439877	1.0
0.31115107913669066	1.0
0.3108941418293936	1.0
0.3106372045220966	1.0
0.3103802672147996	1.0
0.3101233299075026	1.0
0.30986639260020554	1.0
0.3096094552929085	1.0
0.30935251798561153	1.0
0.3090955806783145	1.0
0.30858170606372043	1.0
0.3080678314491264	1.0
0.3078108941418294	1.0
0.30755395683453235	1.0
0.30704008221993834	1.0
0.3067831449126413	1.0
0.3062692702980473	1.0
0.30601233299075026	1.0
0.3057553956834532	1.0
0.30549845837615625	1.0
0.3052415210688592	1.0
0.3049845837615622	1.0
0.30472764645426514	1.0
0.30447070914696817	1.0
0.30421377183967113	1.0
0.30369989722507706	1.0
0.3034429599177801	1.0
0.30318602261048305	1.0
0.302672147995889	1.0
0.302415210688592	1.0
0.302158273381295	1.0
0.30190133607399794	1.0
0.3013874614594039	1.0
0.3011305241521069	1.0
0.30087358684480986	1.0
0.3006166495375128	1.0
0.30035971223021585	1.0
0.3001027749229188	1.0
0.2998458376156218	1.0
0.29958890030832475	1.0
0.29933196300102777	1.0
0.29907502569373073	1.0
0.2988180883864337	1.0
0.29856115107913667	1.0
0.2983042137718397	1.0
0.29804727646454265	1.0
0.2977903391572456	1.0
0.2975334018499486	1.0
0.2972764645426516	1.0
0.2970195272353546	1.0
0.29676258992805754	1.0
0.2965056526207605	1.0
0.29624871531346353	1.0
0.29573484069886946	1.0
0.2954779033915725	1.0
0.29522096608427545	1.0
0.2949640287769784	1.0
0.2947070914696814	1.0
0.2944501541623844	1.0
0.29419321685508737	1.0
0.29393627954779034	1.0
0.2936793422404933	1.0
0.2934224049331963	1.0
0.2931654676258993	1.0
0.29290853031860226	1.0
0.2926515930113052	1.0
0.29239465570400824	1.0
0.2921377183967112	1.0
0.2918807810894142	1.0
0.29162384378211714	1.0
0.29110996916752313	1.0
0.2908530318602261	1.0
0.29059609455292906	1.0
0.2903391572456321	1.0
0.29008221993833505	1.0
0.289825282631038	1.0
0.289568345323741	1.0
0.289311408016444	1.0
0.28905447070914697	1.0
0.28879753340184994	1.0
0.2885405960945529	1.0
0.2882836587872559	1.0
0.2880267214799589	1.0
0.28776978417266186	1.0
0.2875128468653648	1.0
0.28725590955806785	1.0
0.2869989722507708	1.0
0.2867420349434738	1.0
0.2864850976361768	1.0
0.28622816032887977	1.0
0.28597122302158273	1.0
0.2857142857142857	1.0
0.2854573484069887	1.0
0.2852004110996917	1.0
0.28494347379239465	1.0
0.2846865364850976	1.0
0.28442959917780064	1.0
0.2841726618705036	1.0
0.2839157245632066	1.0
0.28365878725590954	1.0
0.28340184994861256	1.0
0.2831449126413155	1.0
0.2828879753340185	1.0
0.28263103802672146	1.0
0.2823741007194245	1.0
0.28211716341212745	1.0
0.2818602261048304	1.0
0.2816032887975334	1.0
0.2813463514902364	1.0
0.28108941418293937	1.0
0.28083247687564233	1.0
0.2805755395683453	1.0
0.2803186022610483	1.0
0.2800616649537513	1.0
0.27980472764645425	1.0
0.2795477903391572	1.0
0.27929085303186024	1.0
0.2790339157245632	1.0
0.2787769784172662	1.0
0.27852004110996914	1.0
0.27826310380267216	1.0
0.27800616649537513	1.0
0.2777492291880781	1.0
0.2774922918807811	1.0
0.2772353545734841	1.0
0.27697841726618705	1.0
0.27672147995889	1.0
0.27646454265159304	1.0
0.276207605344296	1.0
0.27595066803699897	1.0
0.27569373072970194	1.0
0.27543679342240496	1.0
0.2751798561151079	1.0
0.2749229188078109	1.0
0.27466598150051386	1.0
0.2744090441932169	1.0
0.2738951695786228	1.0
0.2736382322713258	1.0
0.2733812949640288	1.0
0.27312435765673176	1.0
0.27286742034943473	1.0
0.2726104830421377	1.0
0.2723535457348407	1.0
0.2720966084275437	1.0
0.27183967112024665	1.0
0.2715827338129496	1.0
0.27132579650565264	1.0
0.2710688591983556	1.0
0.27081192189105857	1.0
0.27055498458376154	1.0
0.27029804727646456	1.0
0.2700411099691675	1.0
0.2697841726618705	1.0
0.26952723535457346	1.0
0.2692702980472765	1.0
0.26901336073997945	1.0
0.2687564234326824	1.0
0.26849948612538543	1.0
0.2682425488180884	1.0
0.26798561151079137	1.0
0.26772867420349433	1.0
0.26747173689619735	1.0
0.2672147995889003	1.0
0.2669578622816033	1.0
0.26670092497430625	1.0
0.2664439876670093	1.0
0.26618705035971224	1.0
0.2659301130524152	1.0
0.2656731757451182	1.0
0.2654162384378212	1.0
0.26515930113052416	1.0
0.2649023638232271	1.0
0.2646454265159301	1.0
0.2643884892086331	1.0
0.2641315519013361	1.0
0.26387461459403905	1.0
0.26336073997944504	1.0
0.263103802672148	1.0
0.26284686536485097	1.0
0.26258992805755393	1.0
0.26233299075025696	1.0
0.2620760534429599	1.0
0.2618191161356629	1.0
0.26156217882836585	1.0
0.2613052415210689	1.0
0.26104830421377184	1.0
0.2607913669064748	1.0
0.2605344295991778	1.0
0.2602774922918808	1.0
0.26002055498458376	1.0
0.25976361767728673	1.0
0.2595066803699897	1.0
0.2592497430626927	1.0
0.2589928057553957	1.0
0.25873586844809865	1.0
0.25847893114080167	1.0
0.25822199383350464	1.0
0.2579650565262076	1.0
0.25770811921891057	1.0
0.2574511819116136	1.0
0.25719424460431656	1.0
0.2569373072970195	1.0
0.2566803699897225	1.0
0.2564234326824255	1.0
0.2561664953751285	1.0
0.25590955806783144	1.0
0.2556526207605344	1.0
0.25539568345323743	1.0
0.2551387461459404	1.0
0.25488180883864336	1.0
0.25436793422404935	1.0
0.2541109969167523	1.0
0.2538540596094553	1.0
0.25359712230215825	1.0
0.2533401849948613	1.0
0.25308324768756424	1.0
0.2528263103802672	1.0
0.25256937307297017	1.0
0.2523124357656732	1.0
0.25205549845837616	1.0
0.2517985611510791	1.0
0.2515416238437821	1.0
0.2512846865364851	1.0
0.2510277492291881	1.0
0.25077081192189105	1.0
0.250513874614594	1.0
0.25025693730729703	1.0
0.25	1.0
0.249743062692703	1.0
0.24948612538540596	1.0
0.24922918807810895	1.0
0.24897225077081192	1.0
0.24871531346351491	1.0
0.24845837615621788	1.0
0.24820143884892087	1.0
0.24794450154162384	1.0
0.24768756423432683	1.0
0.2474306269270298	1.0
0.2471736896197328	1.0
0.24691675231243576	1.0
0.24665981500513876	1.0
0.24640287769784172	1.0
0.24614594039054472	1.0
0.24588900308324768	1.0
0.24563206577595068	1.0
0.24537512846865364	1.0
0.24511819116135664	1.0
0.2448612538540596	1.0
0.2446043165467626	1.0
0.24434737923946556	1.0
0.24409044193216856	1.0
0.24383350462487152	1.0
0.24357656731757452	1.0
0.24331963001027748	1.0
0.24306269270298048	1.0
0.24280575539568344	1.0
0.24254881808838644	1.0
0.2422918807810894	1.0
0.2420349434737924	1.0
0.24152106885919836	1.0
0.24126413155190132	1.0
0.24100719424460432	1.0
0.24075025693730728	1.0
0.24049331963001028	1.0
0.24023638232271327	1.0
0.23972250770811923	1.0
0.2394655704008222	1.0
0.2392086330935252	1.0
0.23895169578622816	1.0
0.23869475847893115	1.0
0.23843782117163412	1.0
0.2381808838643371	1.0
0.23766700924974307	1.0
0.23741007194244604	1.0
0.23715313463514903	1.0
0.236896197327852	1.0
0.236639260020555	1.0
0.23638232271325796	1.0
0.23612538540596095	1.0
0.23586844809866392	1.0
0.23535457348406988	1.0
0.23509763617677287	1.0
0.23484069886947584	1.0
0.23458376156217883	1.0
0.2343268242548818	1.0
0.2340698869475848	1.0
0.23381294964028776	1.0
0.23355601233299075	1.0
0.23329907502569372	1.0
0.2330421377183967	1.0
0.23278520041109968	1.0
0.23252826310380267	1.0
0.23227132579650564	1.0
0.23201438848920863	1.0
0.2317574511819116	1.0
0.2315005138746146	1.0
0.2312435765673176	1.0
0.23098663926002055	1.0
0.23072970195272355	1.0
0.23047276464542651	1.0
0.2302158273381295	1.0
0.22995889003083247	1.0
0.22970195272353547	1.0
0.22944501541623843	1.0
0.22918807810894143	1.0
0.2286742034943474	1.0
0.22841726618705036	1.0
0.22816032887975335	1.0
0.22790339157245632	1.0
0.2276464542651593	1.0
0.22738951695786228	1.0
0.22713257965056527	1.0
0.22687564234326824	1.0
0.22661870503597123	1.0
0.2263617677286742	1.0
0.2261048304213772	1.0
0.22584789311408016	1.0
0.22559095580678315	1.0
0.22533401849948612	1.0
0.22482014388489208	1.0
0.22456320657759507	1.0
0.22430626927029804	1.0
0.22404933196300103	1.0
0.223535457348407	1.0
0.22327852004110996	1.0
0.22302158273381295	1.0
0.22276464542651592	1.0
0.2225077081192189	1.0
0.22199383350462487	1.0
0.22173689619732787	1.0
0.22147995889003083	1.0
0.22122302158273383	1.0
0.2209660842754368	1.0
0.22045220966084275	1.0
0.22019527235354575	1.0
0.2199383350462487	1.0
0.2196813977389517	1.0
0.21942446043165467	1.0
0.21916752312435767	1.0
0.21891058581706063	1.0
0.21865364850976363	1.0
0.2183967112024666	1.0
0.2181397738951696	1.0
0.21788283658787255	1.0
0.21762589928057555	1.0
0.2173689619732785	1.0
0.2171120246659815	1.0
0.21685508735868447	1.0
0.21659815005138747	1.0
0.21634121274409043	1.0
0.21608427543679343	1.0
0.2158273381294964	1.0
0.2155704008221994	1.0
0.21531346351490235	1.0
0.21505652620760535	1.0
0.2147995889003083	1.0
0.2145426515930113	1.0
0.21402877697841727	1.0
0.21377183967112023	1.0
0.21351490236382323	1.0
0.2130010277492292	1.0
0.21274409044193218	1.0
0.21248715313463515	1.0
0.21223021582733814	1.0
0.2119732785200411	1.0
0.2117163412127441	1.0
0.21145940390544707	1.0
0.21120246659815006	1.0
0.21094552929085303	1.0
0.21068859198355602	1.0
0.210431654676259	1.0
0.21017471736896198	1.0
0.20991778006166495	1.0
0.20966084275436794	1.0
0.2094039054470709	1.0
0.2091469681397739	1.0
0.20889003083247687	1.0
0.20863309352517986	1.0
0.20837615621788283	1.0
0.20811921891058582	1.0
0.2078622816032888	1.0
0.20760534429599178	1.0
0.20734840698869475	1.0
0.20709146968139774	1.0
0.2065775950668037	1.0
0.20632065775950667	1.0
0.20606372045220966	1.0
0.20580678314491263	1.0
0.20554984583761562	1.0
0.2052929085303186	1.0
0.20503597122302158	1.0
0.20477903391572455	1.0
0.20452209660842754	1.0
0.2042651593011305	1.0
0.2040082219938335	1.0
0.20349434737923947	1.0
0.20323741007194246	1.0
0.20298047276464543	1.0
0.20246659815005139	1.0
0.20220966084275438	1.0
0.20195272353545735	1.0
0.20169578622816034	1.0
0.2011819116135663	1.0
0.20066803699897226	1.0
0.20041109969167523	1.0
0.20015416238437822	1.0
0.1998972250770812	1.0
0.19964028776978418	1.0
0.19938335046248715	1.0
0.19912641315519014	1.0
0.1988694758478931	1.0
0.1986125385405961	1.0
0.19835560123329907	1.0
0.19809866392600206	1.0
0.19784172661870503	1.0
0.19758478931140802	1.0
0.197327852004111	1.0
0.19707091469681398	1.0
0.19681397738951695	1.0
0.19655704008221994	1.0
0.1963001027749229	1.0
0.1960431654676259	1.0
0.19578622816032887	1.0
0.19552929085303186	1.0
0.19527235354573483	1.0
0.19501541623843782	1.0
0.1947584789311408	1.0
0.19450154162384378	1.0
0.19424460431654678	1.0
0.19398766700924974	1.0
0.19373072970195274	1.0
0.1934737923946557	1.0
0.1932168550873587	1.0
0.19295991778006166	1.0
0.19270298047276466	1.0
0.19244604316546762	1.0
0.19193216855087358	1.0
0.19167523124357658	1.0
0.19141829393627954	1.0
0.19116135662898254	1.0
0.1909044193216855	1.0
0.1906474820143885	1.0
0.19039054470709146	1.0
0.19013360739979446	1.0
0.18987667009249742	1.0
0.18936279547790338	1.0
0.18910585817060638	1.0
0.18884892086330934	1.0
0.18859198355601234	1.0
0.1883350462487153	1.0
0.1880781089414183	1.0
0.18782117163412126	1.0
0.18756423432682426	1.0
0.18730729701952722	1.0
0.18705035971223022	1.0
0.18679342240493318	1.0
0.18653648509763618	1.0
0.18627954779033915	1.0
0.18602261048304214	1.0
0.1855087358684481	1.0
0.18525179856115107	1.0
0.18499486125385406	1.0
0.18473792394655705	1.0
0.18448098663926002	1.0
0.184224049331963	1.0
0.18396711202466598	1.0
0.18371017471736897	1.0
0.18345323741007194	1.0
0.18319630010277493	1.0
0.1829393627954779	1.0
0.1826824254881809	1.0
0.18242548818088386	1.0
0.18216855087358685	1.0
0.18191161356628982	1.0
0.18165467625899281	1.0
0.18139773895169578	1.0
0.18114080164439877	1.0
0.18088386433710174	1.0
0.18062692702980473	1.0
0.1803699897225077	1.0
0.17985611510791366	1.0
0.17959917780061666	1.0
0.17934224049331962	1.0
0.17908530318602262	1.0
0.17882836587872558	1.0
0.17857142857142858	1.0
0.17831449126413154	1.0
0.17805755395683454	1.0
0.1778006166495375	1.0
0.1775436793422405	1.0
0.17728674203494346	1.0
0.17702980472764646	1.0
0.17677286742034942	1.0
0.17625899280575538	1.0
0.17600205549845838	1.0
0.17574511819116137	1.0
0.17548818088386434	1.0
0.17523124357656733	1.0
0.1749743062692703	1.0
0.1747173689619733	1.0
0.17446043165467626	1.0
0.17420349434737925	1.0
0.17394655704008222	1.0
0.1736896197327852	1.0
0.17343268242548818	1.0
0.17317574511819117	1.0
0.17291880781089414	1.0
0.17266187050359713	1.0
0.1724049331963001	1.0
0.1721479958890031	1.0
0.17189105858170606	1.0
0.17163412127440905	1.0
0.17137718396711202	1.0
0.171120246659815	1.0
0.17086330935251798	1.0
0.17060637204522097	1.0
0.17034943473792394	1.0
0.17009249743062693	1.0
0.1698355601233299	1.0
0.1695786228160329	1.0
0.16932168550873586	1.0
0.16906474820143885	1.0
0.16880781089414182	1.0
0.1685508735868448	1.0
0.16778006166495374	1.0
0.16752312435765673	1.0
0.1672661870503597	1.0
0.16675231243576566	1.0
0.16649537512846865	1.0
0.16623843782117165	1.0
0.1659815005138746	1.0
0.1657245632065776	1.0
0.16546762589928057	1.0
0.16469681397738953	1.0
0.1644398766700925	1.0
0.1641829393627955	1.0
0.16392600205549845	1.0
0.16366906474820145	1.0
0.16341212744090441	1.0
0.1631551901336074	1.0
0.16289825282631037	1.0
0.16264131551901337	1.0
0.16212744090441933	1.0
0.1618705035971223	1.0
0.1616135662898253	1.0
0.16135662898252826	1.0
0.16109969167523125	1.0
0.16032887975334018	1.0
0.16007194244604317	1.0
0.15981500513874614	1.0
0.15955806783144913	1.0
0.1593011305241521	1.0
0.1590441932168551	1.0
0.15878725590955806	1.0
0.15853031860226105	1.0
0.15827338129496402	1.0
0.15775950668036998	1.0
0.15750256937307297	1.0
0.15724563206577596	1.0
0.15698869475847893	1.0
0.15673175745118192	1.0
0.15621788283658788	1.0
0.15596094552929085	1.0
0.15570400822199384	1.0
0.1554470709146968	1.0
0.1551901336073998	1.0
0.15493319630010277	1.0
0.15467625899280577	1.0
0.15441932168550873	1.0
0.15416238437821173	1.0
0.1539054470709147	1.0
0.15364850976361769	1.0
0.15339157245632065	1.0
0.15313463514902365	1.0
0.1528776978417266	1.0
0.1526207605344296	1.0
0.15236382322713257	1.0
0.15210688591983557	1.0
0.15159301130524153	1.0
0.1513360739979445	1.0
0.15082219938335045	1.0
0.15056526207605345	1.0
0.1503083247687564	1.0
0.1500513874614594	1.0
0.14979445015416237	1.0
0.14953751284686537	1.0
0.14928057553956833	1.0
0.14902363823227133	1.0
0.1485097636176773	1.0
0.14799588900308325	1.0
0.14773895169578624	1.0
0.14696813977389517	1.0
0.14671120246659816	1.0
0.14619732785200412	1.0
0.1459403905447071	1.0
0.14568345323741008	1.0
0.14542651593011305	1.0
0.14516957862281604	1.0
0.144912641315519	1.0
0.144655704008222	1.0
0.14414182939362796	1.0
0.14388489208633093	1.0
0.14362795477903392	1.0
0.14311408016443988	1.0
0.14285714285714285	1.0
0.14260020554984584	1.0
0.1423432682425488	1.0
0.1420863309352518	1.0
0.14157245632065776	1.0
0.14131551901336073	1.0
0.14105858170606372	1.0
0.14054470709146968	1.0
0.14028776978417265	1.0
0.1397738951695786	1.0
0.1395169578622816	1.0
0.13926002055498457	1.0
0.13900308324768756	1.0
0.13874614594039056	1.0
0.13848920863309352	1.0
0.13823227132579652	1.0
0.13797533401849948	1.0
0.13771839671120248	1.0
0.13746145940390544	1.0
0.13720452209660844	1.0
0.1369475847893114	1.0
0.1366906474820144	1.0
0.13643371017471737	1.0
0.13617677286742036	1.0
0.13591983556012333	1.0
0.13566289825282632	1.0
0.13514902363823228	1.0
0.13489208633093525	1.0
0.13463514902363824	1.0
0.1341212744090442	1.0
0.13386433710174717	1.0
0.13335046248715313	1.0
0.13309352517985612	1.0
0.1328365878725591	1.0
0.13257965056526208	1.0
0.13232271325796505	1.0
0.131808838643371	1.0
0.131551901336074	1.0
0.13129496402877697	1.0
0.13103802672147996	1.0
0.13078108941418293	1.0
0.13052415210688592	1.0
0.1302672147995889	1.0
0.13001027749229188	1.0
0.12975334018499485	1.0
0.12949640287769784	1.0
0.12923946557040084	1.0
0.1287255909558068	1.0
0.12846865364850976	1.0
0.12821171634121276	1.0
0.12795477903391572	1.0
0.12769784172661872	1.0
0.12744090441932168	1.0
0.12718396711202468	1.0
0.12692702980472764	1.0
0.12667009249743064	1.0
0.1264131551901336	1.0
0.1261562178828366	1.0
0.12564234326824256	1.0
0.12538540596094552	1.0
0.12512846865364852	1.0
0.1248715313463515	1.0
0.12435765673175746	1.0
0.12410071942446044	1.0
0.1235868448098664	1.0
0.12332990750256938	1.0
0.12307297019527236	1.0
0.12281603288797534	1.0
0.12255909558067832	1.0
0.12204522096608428	1.0
0.12178828365878726	1.0
0.12153134635149024	1.0
0.12127440904419322	1.0
0.1210174717368962	1.0
0.12076053442959918	1.0
0.12024665981500514	1.0
0.1197327852004111	1.0
0.11947584789311408	1.0
0.11921891058581706	1.0
0.11896197327852004	1.0
0.11870503597122302	1.0
0.118448098663926	1.0
0.11819116135662898	1.0
0.11793422404933196	1.0
0.11767728674203494	1.0
0.11690647482014388	1.0
0.11664953751284686	1.0
0.11639260020554984	1.0
0.11613566289825282	1.0
0.1156217882836588	1.0
0.11536485097636177	1.0
0.11485097636176773	1.0
0.11459403905447071	1.0
0.1143371017471737	1.0
0.11408016443987667	1.0
0.11382322713257965	1.0
0.11356628982528263	1.0
0.11330935251798561	1.0
0.1130524152106886	1.0
0.11279547790339157	1.0
0.11253854059609456	1.0
0.11228160328879754	1.0
0.11202466598150052	1.0
0.11151079136690648	1.0
0.11125385405960946	1.0
0.11073997944501542	1.0
0.1104830421377184	1.0
0.10996916752312436	1.0
0.10971223021582734	1.0
0.10945529290853032	1.0
0.1091983556012333	1.0
0.10894141829393628	1.0
0.10868448098663926	1.0
0.10842754367934224	1.0
0.10817060637204522	1.0
0.1079136690647482	1.0
0.10765673175745118	1.0
0.10739979445015416	1.0
0.10714285714285714	1.0
0.10688591983556012	1.0
0.1066289825282631	1.0
0.10637204522096609	1.0
0.10611510791366907	1.0
0.10585817060637205	1.0
0.10560123329907503	1.0
0.10534429599177801	1.0
0.10508735868448099	1.0
0.10483042137718397	1.0
0.10457348406988695	1.0
0.10431654676258993	1.0
0.10405960945529291	1.0
0.10380267214799589	1.0
0.10354573484069887	1.0
0.10328879753340185	1.0
0.10303186022610483	1.0
0.10277492291880781	1.0
0.10226104830421377	1.0
0.10200411099691675	1.0
0.10174717368961973	1.0
0.10149023638232271	1.0
0.10123329907502569	1.0
0.10097636176772867	1.0
0.10046248715313463	1.0
0.10020554984583761	1.0
0.0999486125385406	1.0
0.09969167523124357	1.0
0.09943473792394655	1.0
0.0986639260020555	1.0
0.09815005138746145	1.0
0.09763617677286741	1.0
0.0973792394655704	1.0
0.09712230215827339	1.0
0.09686536485097637	1.0
0.09660842754367935	1.0
0.09635149023638233	1.0
0.09609455292908531	1.0
0.09583761562178829	1.0
0.09558067831449127	1.0
0.09506680369989723	1.0
0.09480986639260021	1.0
0.09455292908530319	1.0
0.09429599177800617	1.0
0.09403905447070915	1.0
0.09378211716341213	1.0
0.09352517985611511	1.0
0.09326824254881809	1.0
0.09301130524152107	1.0
0.09275436793422405	1.0
0.09249743062692703	1.0
0.09224049331963001	1.0
0.09172661870503597	1.0
0.09146968139773895	1.0
0.09121274409044193	1.0
0.09095580678314491	1.0
0.09069886947584789	1.0
0.09044193216855087	1.0
0.09018499486125385	1.0
0.08992805755395683	1.0
0.08967112024665981	1.0
0.08941418293936279	1.0
0.08915724563206577	1.0
0.08890030832476875	1.0
0.08838643371017471	1.0
0.08812949640287769	1.0
0.08787255909558069	1.0
0.08761562178828367	1.0
0.08735868448098665	1.0
0.08710174717368963	1.0
0.0868448098663926	1.0
0.08658787255909559	1.0
0.08633093525179857	1.0
0.08607399794450155	1.0
0.08581706063720453	1.0
0.0855601233299075	1.0
0.08530318602261049	1.0
0.08504624871531347	1.0
0.08478931140801645	1.0
0.0842754367934224	1.0
0.08401849948612539	1.0
0.08376156217882837	1.0
0.0829907502569373	1.0
0.08247687564234327	1.0
0.08221993833504625	1.0
0.08196300102774923	1.0
0.08170606372045221	1.0
0.08144912641315519	1.0
0.08119218910585817	1.0
0.08093525179856115	1.0
0.08067831449126413	1.0
0.08042137718396711	1.0
0.08016443987667009	1.0
0.07990750256937307	1.0
0.07965056526207605	1.0
0.07939362795477903	1.0
0.07913669064748201	1.0
0.07887975334018499	1.0
0.07862281603288798	1.0
0.07836587872559096	1.0
0.07810894141829394	1.0
0.0775950668036999	1.0
0.07708119218910586	1.0
0.0763103802672148	1.0
0.07605344295991778	1.0
0.07579650565262076	1.0
0.07553956834532374	1.0
0.07528263103802672	1.0
0.07451181911613566	1.0
0.07425488180883864	1.0
0.07399794450154162	1.0
0.0737410071942446	1.0
0.07348406988694758	1.0
0.07322713257965056	1.0
0.07297019527235354	1.0
0.07271325796505652	1.0
0.0724563206577595	1.0
0.07219938335046248	1.0
0.07194244604316546	1.0
0.07168550873586844	1.0
0.07142857142857142	1.0
0.0711716341212744	1.0
0.07091469681397738	1.0
0.07065775950668036	1.0
0.07040082219938334	1.0
0.07014388489208633	1.0
0.0698869475847893	1.0
0.06963001027749229	1.0
0.06937307297019528	1.0
0.06885919835560124	1.0
0.06860226104830422	1.0
0.06808838643371018	1.0
0.06783144912641316	1.0
0.06757451181911614	1.0
0.06731757451181912	1.0
0.0670606372045221	1.0
0.06680369989722508	1.0
0.06654676258992806	1.0
0.065775950668037	1.0
0.06551901336073998	1.0
0.06526207605344296	1.0
0.06500513874614594	1.0
0.06474820143884892	1.0
0.0644912641315519	1.0
0.06423432682425488	1.0
0.06397738951695786	1.0
0.06372045220966084	1.0
0.06346351490236382	1.0
0.0632065775950668	1.0
0.06294964028776978	1.0
0.06269270298047276	1.0
0.06243576567317575	1.0
0.06217882836587873	1.0
0.06115107913669065	1.0
0.06063720452209661	1.0
0.06012332990750257	1.0
0.05986639260020555	1.0
0.05960945529290853	1.0
0.05935251798561151	1.0
0.05909558067831449	1.0
0.05883864337101747	1.0
0.05858170606372045	1.0
0.05806783144912641	1.0
0.05755395683453238	1.0
0.05704008221993834	1.0
0.05678314491264132	1.0
0.05575539568345324	1.0
0.05549845837615622	1.0
0.0552415210688592	1.0
0.05498458376156218	1.0
0.05472764645426516	1.0
0.0539568345323741	1.0
0.05369989722507708	1.0
0.05344295991778006	1.0
0.053186022610483046	1.0
0.052929085303186026	1.0
0.052672147995889006	1.0
0.052415210688591986	1.0
0.052158273381294966	1.0
0.051901336073997946	1.0
0.051387461459403906	1.0
0.051130524152106886	1.0
0.050873586844809866	1.0
0.050616649537512846	1.0
0.050359712230215826	1.0
0.05010277492291881	1.0
0.04984583761562179	1.0
0.04958890030832477	1.0
0.04933196300102775	1.0
0.04907502569373073	1.0
0.04881808838643371	1.0
0.048561151079136694	1.0
0.048304213771839674	1.0
0.048047276464542654	1.0
0.047790339157245634	1.0
0.047533401849948614	1.0
0.047276464542651594	1.0
0.047019527235354575	1.0
0.046762589928057555	1.0
0.046505652620760535	1.0
0.046248715313463515	1.0
0.045991778006166495	1.0
0.045734840698869475	1.0
0.045477903391572455	1.0
0.045220966084275435	1.0
0.044964028776978415	1.0
0.044707091469681395	1.0
0.044450154162384375	1.0
0.044193216855087356	1.0
0.04393627954779034	1.0
0.04367934224049332	1.0
0.0434224049331963	1.0
0.04316546762589928	1.0
0.04290853031860226	1.0
0.04239465570400822	1.0
0.0421377183967112	1.0
0.04188078108941418	1.0
0.04162384378211716	1.0
0.04136690647482014	1.0
0.041109969167523124	1.0
0.040853031860226104	1.0
0.040596094552929084	1.0
0.040339157245632064	1.0
0.040082219938335044	1.0
0.039825282631038024	1.0
0.039568345323741004	1.0
0.03931140801644399	1.0
0.03905447070914697	1.0
0.03879753340184995	1.0
0.03802672147995889	1.0
0.03776978417266187	1.0
0.03751284686536485	1.0
0.03725590955806783	1.0
0.03699897225077081	1.0
0.03674203494347379	1.0
0.03622816032887975	1.0
0.03597122302158273	1.0
0.03571428571428571	1.0
0.03545734840698869	1.0
0.03468653648509764	1.0
0.03442959917780062	1.0
0.0341726618705036	1.0
0.03391572456320658	1.0
0.03365878725590956	1.0
0.03340184994861254	1.0
0.03314491264131552	1.0
0.0328879753340185	1.0
0.03263103802672148	1.0
0.03237410071942446	1.0
0.03211716341212744	1.0
0.03186022610483042	1.0
0.0316032887975334	1.0
0.03134635149023638	1.0
0.031089414182939364	1.0
0.030832476875642344	1.0
0.030575539568345324	1.0
0.030318602261048305	1.0
0.030061664953751285	1.0
0.029804727646454265	1.0
0.029547790339157245	1.0
0.029290853031860225	1.0
0.029033915724563205	1.0
0.02852004110996917	1.0
0.02826310380267215	1.0
0.02800616649537513	1.0
0.02774922918807811	1.0
0.02723535457348407	1.0
0.02697841726618705	1.0
0.02672147995889003	1.0
0.026464542651593013	1.0
0.026207605344295993	1.0
0.025950668036998973	1.0
0.025693730729701953	1.0
0.025436793422404933	1.0
0.025179856115107913	1.0
0.024922918807810893	1.0
0.024665981500513873	1.0
0.024409044193216854	1.0
0.024152106885919837	1.0
0.023895169578622817	1.0
0.023638232271325797	1.0
0.023381294964028777	1.0
0.023124357656731757	1.0
0.022867420349434738	1.0
0.022610483042137718	1.0
0.022353545734840698	1.0
0.022096608427543678	1.0
0.02183967112024666	1.0
0.02158273381294964	1.0
0.0210688591983556	1.0
0.02081192189105858	1.0
0.020554984583761562	1.0
0.020298047276464542	1.0
0.020041109969167522	1.0
0.019784172661870502	1.0
0.019527235354573486	1.0
0.019270298047276466	1.0
0.019013360739979446	1.0
0.018756423432682426	1.0
0.018499486125385406	1.0
0.018242548818088386	1.0
0.017985611510791366	1.0
0.017728674203494346	1.0
0.017471736896197326	1.0
0.01721479958890031	1.0
0.01695786228160329	1.0
0.01670092497430627	1.0
0.01644398766700925	1.0
0.01618705035971223	1.0
0.01593011305241521	1.0
0.01567317574511819	1.0
0.015416238437821172	1.0
0.015159301130524152	1.0
0.014902363823227132	1.0
0.014645426515930112	1.0
0.014388489208633094	1.0
0.014131551901336074	1.0
0.013874614594039054	1.0
0.013617677286742035	1.0
0.013360739979445015	1.0
0.013103802672147996	1.0
0.012846865364850977	1.0
0.012589928057553957	1.0
0.012332990750256937	1.0
0.012076053442959919	1.0
0.011819116135662899	1.0
0.011562178828365879	1.0
0.011305241521068859	1.0
0.011048304213771839	1.0
0.01079136690647482	1.0
0.0105344295991778	1.0
0.010277492291880781	1.0
0.010020554984583761	1.0
0.009763617677286743	1.0
0.009506680369989723	1.0
0.009249743062692703	1.0
0.008992805755395683	1.0
0.008735868448098663	1.0
0.008478931140801645	1.0
0.008221993833504625	1.0
0.007965056526207605	1.0
0.007708119218910586	1.0
0.007451181911613566	1.0
0.007194244604316547	1.0
0.006937307297019527	1.0
0.006680369989722507	1.0
0.006423432682425488	1.0
0.005909558067831449	1.0
0.005652620760534429	1.0
0.00539568345323741	1.0
0.0051387461459403904	1.0
0.004881808838643371	1.0
0.0046248715313463515	1.0
0.004367934224049332	1.0
0.0041109969167523125	1.0
0.003854059609455293	1.0
0.0035971223021582736	1.0
0.0033401849948612537	1.0
0.003083247687564234	1.0
0.0028263103802672147	1.0
0.0025693730729701952	1.0
0.0023124357656731757	1.0
0.0020554984583761563	1.0
0.0017985611510791368	1.0
0.001541623843782117	1.0
0.0012846865364850976	1.0
0.0010277492291880781	1.0
0.0007708119218910585	1.0
0.0005138746145940391	1.0
0.00025693730729701953	1.0
0.0	1.0
