# average_precision["micro"]	0.6269079335240756
recall	precision
1.0	0.500064242579982
0.999743062692703	0.5
0.999743062692703	0.5000642590926616
0.9994861253854059	0.5
0.9994861253854059	0.5000642756138322
0.9994861253854059	0.500128567755207
0.9992291880781089	0.5000642921435
0.998972250770812	0.5
0.998972250770812	0.5000643086816721
0.9987153134635149	0.5
0.9987153134635149	0.5000643252283545
0.9984583761562179	0.5
0.9982014388489209	0.49993565821644576
0.9979445015416238	0.49987129987129986
0.9976875642343268	0.4998069249581671
0.9974306269270298	0.49974253347064884
0.9971736896197327	0.49967812540234324
0.9969167523124358	0.49961370074684525
0.9969167523124358	0.4996780424983902
0.9969167523124358	0.49974240082431737
0.9966598150051388	0.4996779595517197
0.9966598150051388	0.49974233444988403
0.9966598150051388	0.4998067259373792
0.9966598150051388	0.49987113402061856
0.9966598150051388	0.4999355587060188
0.9964028776978417	0.49987110079917507
0.9961459403905447	0.4998066262730437
0.9961459403905447	0.49987106756059824
0.9961459403905447	0.49993552546744036
0.9961459403905447	0.5
0.9961459403905447	0.5000644911647104
0.9958890030832477	0.5
0.9956320657759506	0.4999354921945555
0.9953751284686536	0.49987096774193546
0.9953751284686536	0.49993547554523166
0.9948612538540597	0.49980637666193367
0.9948612538540597	0.49987090111025045
0.9948612538540597	0.4999354422207876
0.9946043165467626	0.499870867768595
0.9946043165467626	0.4999354255456541
0.9943473792394656	0.49987083440971325
0.9943473792394656	0.49993540886190413
0.9940904419321686	0.4998708010335917
0.9938335046248715	0.4998061765085928
0.9935765673175745	0.49974153528043425
0.9933196300102775	0.499741468459152
0.9930626927029804	0.49980602612181557
0.9925488180883865	0.49967662656836115
0.9922918807810894	0.49967654289041274
0.9920349434737924	0.49961180124223603
0.9920349434737924	0.49967645916914716
0.9920349434737924	0.4997411338338079
0.9920349434737924	0.49980582524271844
0.9920349434737924	0.4998705334023822
0.9920349434737924	0.49993525831930596
0.9917780061664954	0.49987049987049986
0.9917780061664954	0.49993524154902214
0.9917780061664954	0.5
0.9915210688591983	0.4999352247700479
0.9912641315519013	0.49987043275459964
0.9912641315519013	0.49993520798237656
0.9912641315519013	0.5
0.9910071942446043	0.49993519118600127
0.9910071942446043	0.5
0.9907502569373073	0.49993517438091534
0.9904933196300103	0.49987033195020747
0.9904933196300103	0.49993515756711193
0.9904933196300103	0.5
0.9904933196300103	0.5000648592554158
0.9904933196300103	0.5001297353399066
0.9904933196300103	0.5001946282600234
0.9904933196300103	0.5002595380223203
0.9904933196300103	0.500324464633355
0.9904933196300103	0.5003894080996885
0.9904933196300103	0.5004543684278853
0.9904933196300103	0.5005193456245132
0.9904933196300103	0.5005843396961434
0.9904933196300103	0.5006493506493507
0.9904933196300103	0.5007143784907131
0.9904933196300103	0.5007794232268121
0.9904933196300103	0.5008444848642328
0.9904933196300103	0.5009095634095634
0.9904933196300103	0.5009746588693957
0.9904933196300103	0.501039771250325
0.9904933196300103	0.5011049005589497
0.9902363823227133	0.501040041601664
0.9902363823227133	0.5011051878819399
0.9902363823227133	0.5011703511053316
0.9902363823227133	0.5012355312784498
0.9902363823227133	0.5013007284079084
0.9902363823227133	0.5013659425003252
0.9902363823227133	0.5014311735623211
0.9902363823227133	0.5014964216005205
0.9902363823227133	0.5015616866215513
0.9902363823227133	0.5016269686320448
0.9902363823227133	0.5016922676386357
0.9902363823227133	0.5017575836479625
0.9902363823227133	0.5018229166666667
0.9902363823227133	0.5018882667013934
0.9902363823227133	0.5019536337587913
0.9902363823227133	0.5020190178455126
0.9902363823227133	0.5020844189682127
0.9902363823227133	0.5021498371335504
0.9902363823227133	0.5022152723481886
0.9902363823227133	0.5022807246187931
0.9902363823227133	0.5023461939520334
0.9899794450154162	0.5022813192543345
0.9899794450154162	0.5023468057366363
0.9899794450154162	0.5024123092971704
0.9899794450154162	0.5024778299426187
0.9899794450154162	0.5025433676796661
0.9899794450154162	0.5026089225150013
0.9899794450154162	0.5026744944553164
0.9899794450154162	0.5027400835073069
0.9899794450154162	0.5028056896776719
0.9899794450154162	0.502871312973114
0.9899794450154162	0.5029369534003394
0.9899794450154162	0.5030026109660575
0.9899794450154162	0.5030682856769814
0.9899794450154162	0.5031339775398276
0.9899794450154162	0.5031996865613164
0.9899794450154162	0.5032654127481714
0.9899794450154162	0.5033311561071195
0.9899794450154162	0.5033969166448916
0.9899794450154162	0.5034626943682217
0.9899794450154162	0.5035284892838474
0.9899794450154162	0.50359430139851
0.9899794450154162	0.5036601307189542
0.9899794450154162	0.5037259772519284
0.9899794450154162	0.5037918410041841
0.9899794450154162	0.5038577219824768
0.9899794450154162	0.5039236201935653
0.9899794450154162	0.5039895356442119
0.9899794450154162	0.5040554683411826
0.9899794450154162	0.5041214182912469
0.9899794450154162	0.5041873855011777
0.9899794450154162	0.5042533699777516
0.9899794450154162	0.5043193717277487
0.9899794450154162	0.5043853907579526
0.9899794450154162	0.5044514270751506
0.9899794450154162	0.5045174806861333
0.9899794450154162	0.5045835515976951
0.9899794450154162	0.5046496398166339
0.9899794450154162	0.5047157453497512
0.9899794450154162	0.5047818682038517
0.9899794450154162	0.5048480083857443
0.9899794450154162	0.5049141659022408
0.9897225077081192	0.5048492791612058
0.9897225077081192	0.504915454187967
0.9897225077081192	0.5049816465652858
0.9897225077081192	0.5050478562999869
0.9897225077081192	0.5051140833988985
0.9897225077081192	0.5051803278688525
0.9897225077081192	0.5052465897166841
0.9894655704008222	0.5051816869998689
0.9894655704008222	0.505247966413015
0.9894655704008222	0.5053142632200499
0.9894655704008222	0.5053805774278215
0.9894655704008222	0.5054469090431816
0.9894655704008222	0.5055132580729851
0.9894655704008222	0.5055796245240909
0.9894655704008222	0.5056460084033614
0.9894655704008222	0.5057124097176625
0.9894655704008222	0.5057788284738639
0.9894655704008222	0.5058452646788388
0.9894655704008222	0.505911718339464
0.9894655704008222	0.5059781894626199
0.9894655704008222	0.5060446780551905
0.9894655704008222	0.5061111841240636
0.9892086330935251	0.5060462670872765
0.9892086330935251	0.5061127908505324
0.9892086330935251	0.5061793321062319
0.9892086330935251	0.5062458908612755
0.9892086330935251	0.5063124671225671
0.9892086330935251	0.5063790608970143
0.9889516957862282	0.5063141278610892
0.9889516957862282	0.5063807393763978
0.9889516957862282	0.5064473684210526
0.9889516957862282	0.5065140150019739
0.9889516957862282	0.5065806791260858
0.9889516957862282	0.5066473608003159
0.9889516957862282	0.5067140600315956
0.9889516957862282	0.5067807768268597
0.9889516957862282	0.5068475111930472
0.9886947584789312	0.5067825628868695
0.9886947584789312	0.5068493150684932
0.9886947584789312	0.5069160848373073
0.9886947584789312	0.5069828722002635
0.9886947584789312	0.5070496771643168
0.9886947584789312	0.5071164997364259
0.9886947584789312	0.5071833399235535
0.9886947584789312	0.5072501977326654
0.9886947584789312	0.5073170731707317
0.9886947584789312	0.5073839662447257
0.9886947584789312	0.5074508769616247
0.9886947584789312	0.5075178053284094
0.9884378211716341	0.507452842632898
0.9884378211716341	0.5075197889182058
0.9884378211716341	0.5075867528697717
0.9884378211716341	0.5076537344945896
0.9884378211716341	0.5077207337996569
0.9884378211716341	0.5077877507919747
0.9884378211716341	0.5078547854785479
0.9884378211716341	0.507921837866385
0.9884378211716341	0.5079889079624984
0.9884378211716341	0.5080559957739038
0.9884378211716341	0.5081231013076212
0.9884378211716341	0.5081902245706738
0.9884378211716341	0.5082573655700885
0.9884378211716341	0.5083245243128964
0.9884378211716341	0.5083917008061319
0.9884378211716341	0.5084588950568332
0.9884378211716341	0.5085261070720423
0.9884378211716341	0.5085933368588048
0.9884378211716341	0.5086605844241703
0.9884378211716341	0.5087278497751917
0.9884378211716341	0.5087951329189261
0.9884378211716341	0.5088624338624339
0.9884378211716341	0.5089297526127795
0.9884378211716341	0.508997089177031
0.9884378211716341	0.5090644435622601
0.9884378211716341	0.5091318157755426
0.9884378211716341	0.5091992058239576
0.9884378211716341	0.5092666137145883
0.9884378211716341	0.5093340394545214
0.9884378211716341	0.5094014830508474
0.9884378211716341	0.5094689445106608
0.9884378211716341	0.5095364238410596
0.9884378211716341	0.5096039210491455
0.9884378211716341	0.5096714361420244
0.9884378211716341	0.5097389691268054
0.9884378211716341	0.5098065200106017
0.9884378211716341	0.5098740888005302
0.9884378211716341	0.5099416755037116
0.9884378211716341	0.5100092801272703
0.9884378211716341	0.5100769026783346
0.9884378211716341	0.5101445431640366
0.9884378211716341	0.5102122015915119
0.9884378211716341	0.5102798779679002
0.9884378211716341	0.5103475723003449
0.9884378211716341	0.5104152845959931
0.9884378211716341	0.5104830148619958
0.9884378211716341	0.5105507631055076
0.9884378211716341	0.5106185293336872
0.9884378211716341	0.5106863135536971
0.9884378211716341	0.5107541157727031
0.9884378211716341	0.5108219359978754
0.9884378211716341	0.5108897742363878
0.9881808838643371	0.5108248107318369
0.9881808838643371	0.5108926673751328
0.9881808838643371	0.510960542048625
0.9881808838643371	0.5110284347595004
0.9881808838643371	0.5110963455149502
0.9881808838643371	0.511164274322169
0.9881808838643371	0.5112322211883558
0.9881808838643371	0.5113001861207126
0.9881808838643371	0.511368169126446
0.9881808838643371	0.511436170212766
0.9881808838643371	0.5115041893868866
0.9879239465570401	0.511439212556531
0.9879239465570401	0.5115072502328056
0.9879239465570401	0.5115753060138372
0.9879239465570401	0.5116433799068529
0.9879239465570401	0.5117114719190844
0.9879239465570401	0.5117795820577665
0.9879239465570401	0.5118477103301384
0.9879239465570401	0.511915856743443
0.9879239465570401	0.5119840213049268
0.9879239465570401	0.5120522040218405
0.9879239465570401	0.5121204049014385
0.9879239465570401	0.5121886239509791
0.9879239465570401	0.5122568611777245
0.987667009249743	0.5121918720852765
0.987667009249743	0.5122601279317697
0.987667009249743	0.5123284019725444
0.987667009249743	0.512396694214876
0.987667009249743	0.5124650046660445
0.987667009249743	0.5125333333333333
0.987410071942446	0.5124683291105481
0.987410071942446	0.5125366764470526
0.987410071942446	0.5126050420168067
0.987410071942446	0.5126734258271078
0.987410071942446	0.5127418278852568
0.987410071942446	0.5128102481985588
0.987410071942446	0.5128786867743227
0.987410071942446	0.5129471436198612
0.987410071942446	0.513015618742491
0.987153134635149	0.5129506008010681
0.987153134635149	0.5130190946721859
0.987153134635149	0.5130876068376068
0.987153134635149	0.5131561373046614
0.987153134635149	0.513224686080684
0.987153134635149	0.5132932531730127
0.987153134635149	0.5133618385889899
0.987153134635149	0.5134304423359615
0.987153134635149	0.5134990644212777
0.987153134635149	0.5135677048522925
0.987153134635149	0.5136363636363637
0.987153134635149	0.5137050407808531
0.987153134635149	0.5137737362931265
0.986896197327852	0.5137087067005484
0.986896197327852	0.5137774210807918
0.986896197327852	0.5138461538461538
0.986896197327852	0.5139149050040139
0.986896197327852	0.5139836745617556
0.986896197327852	0.5140524625267666
0.986896197327852	0.5141212689064383
0.986896197327852	0.514190093708166
0.986896197327852	0.5142589369393493
0.986896197327852	0.5143277986073915
0.986896197327852	0.5143966787197
0.986896197327852	0.514465577283686
0.986896197327852	0.5145344943067649
0.986896197327852	0.5146034297963559
0.986896197327852	0.5146723837598821
0.986896197327852	0.5147413562047708
0.986896197327852	0.5148103471384533
0.986896197327852	0.5148793565683646
0.986896197327852	0.5149483845019439
0.986896197327852	0.5150174309466344
0.986639260020555	0.5149523937240177
0.986639260020555	0.5150214592274678
0.986639260020555	0.5150905432595574
0.986639260020555	0.5151596458277435
0.986639260020555	0.5152287669394875
0.986382322713258	0.5151637144390767
0.986125385405961	0.5150986444772514
0.986125385405961	0.5151677852348994
0.986125385405961	0.5152369445563163
0.986125385405961	0.5153061224489796
0.986125385405961	0.5153753189203706
0.986125385405961	0.5154445339779747
0.986125385405961	0.5155137676292814
0.986125385405961	0.515583019881784
0.986125385405961	0.51565229074298
0.986125385405961	0.5157215802203708
0.986125385405961	0.5157908883214621
0.986125385405961	0.5158602150537634
0.986125385405961	0.5159295604247883
0.986125385405961	0.5159989244420543
0.986125385405961	0.5160683071130833
0.986125385405961	0.5161377084454007
0.9858684480986639	0.5160726294552791
0.9858684480986639	0.5161420500403551
0.9856115107913669	0.5160769541235033
0.9853545734840699	0.5160118406889128
0.9850976361767728	0.5159467097295115
0.9848406988694759	0.5158815612382234
0.9848406988694759	0.51595100282676
0.9845837615621789	0.5158858373721056
0.9845837615621789	0.5159552982361654
0.9845837615621789	0.5160247778077026
0.9843268242548818	0.515959595959596
0.9840698869475848	0.5158943965517241
0.9838129496402878	0.5158291795769905
0.9838129496402878	0.5158986796011856
0.9835560123329907	0.515833445627274
0.9835560123329907	0.5159029649595688
0.9835560123329907	0.5159725030327538
0.9835560123329907	0.5160420598544082
0.9832990750256937	0.5159768100310098
0.9832990750256937	0.5160463861920173
0.9830421377183967	0.5159811193526636
0.9830421377183967	0.5160507148637713
0.9830421377183967	0.5161203291514906
0.9830421377183967	0.5161899622234215
0.9830421377183967	0.5162596140871677
0.9827852004110997	0.5161943319838057
0.9827852004110997	0.5162640032393035
0.9827852004110997	0.5163336933045356
0.9825282631038027	0.5162683947617119
0.9822713257965057	0.5162030785849311
0.9820143884892086	0.5161377447670493
0.9820143884892086	0.5162074554294975
0.9820143884892086	0.5162771849250304
0.9820143884892086	0.5163469332612808
0.9817574511819116	0.5162815835697878
0.9817574511819116	0.5163513513513514
0.9817574511819116	0.5164909434982428
0.9784172661870504	0.5161290322580645
0.9768756423432683	0.5161553081726853
0.9758478931140802	0.5165941240478781
0.960174717368962	0.5172318339100346
0.9596608427543679	0.5171697590695098
0.9524665981500514	0.5178097499650789
0.9511819116135662	0.5178346621905161
0.9491264131551901	0.5176569506726457
0.947584789311408	0.5175413976985687
0.947327852004111	0.5174736842105263
0.947327852004111	0.5176189807665309
0.9450154162384378	0.5170814002530578
0.9437307297019527	0.5167416994935284
0.9434737923946557	0.5168191414496833
0.9429599177800617	0.5168286156879313
0.9419321685508736	0.5169204737732657
0.9416752312435765	0.516998166172944
0.9403905447070915	0.5168031629483197
0.9401336073997945	0.5168079096045197
0.9398766700924974	0.51673965249329
0.9393627954779034	0.5168952354022338
0.9391058581706063	0.5169000141422713
0.9388489208633094	0.5168316831683168
0.9385919835560124	0.5167633328617909
0.9385919835560124	0.5168364459535937
0.9385919835560124	0.5169827342202095
0.9383350462487153	0.5169143665958953
0.9383350462487153	0.5169875424688561
0.9380781089414183	0.5169191561659352
0.9378211716341213	0.5168507504956104
0.9378211716341213	0.5169239484492282
0.9375642343268242	0.5168555240793201
0.9375642343268242	0.5169287434480805
0.9375642343268242	0.5170019835647492
0.9373072970195272	0.516933541164801
0.9373072970195272	0.5170068027210885
0.9370503597122302	0.5169383416017009
0.9370503597122302	0.5170116246101503
0.9367934224049332	0.5169431447610946
0.9367934224049332	0.5170164492342598
0.9367934224049332	0.5170897745000709
0.9367934224049332	0.5171631205673759
0.9367934224049332	0.5172364874450277
0.9367934224049332	0.5173098751418842
0.9365364850976362	0.5172413793103449
0.9365364850976362	0.5173147885325007
0.9365364850976362	0.517388218594748
0.9365364850976362	0.5174616695059625
0.9362795477903392	0.5173931563254295
0.9362795477903392	0.5174666287986367
0.9362795477903392	0.5175401221417413
0.9362795477903392	0.5176136363636363
0.9362795477903392	0.5176871714732206
0.9362795477903392	0.5177607274793976
0.9362795477903392	0.5178343043910757
0.9362795477903392	0.5179079022171689
0.9362795477903392	0.5179815209665956
0.9362795477903392	0.5180551606482798
0.9360226104830421	0.517986634437651
0.9360226104830421	0.5180602957906713
0.9360226104830421	0.518133978096999
0.9360226104830421	0.5182076813655762
0.9360226104830421	0.5182814056053493
0.9360226104830421	0.5183551508252704
0.9360226104830421	0.5184289170342963
0.9360226104830421	0.5185027042413891
0.9360226104830421	0.5185765124555161
0.9360226104830421	0.5186503416856492
0.9360226104830421	0.518724191940766
0.9357656731757451	0.5186556536599259
0.9357656731757451	0.5187295257085885
0.9357656731757451	0.5188034188034188
0.9357656731757451	0.5188773329534122
0.9357656731757451	0.5189512681675691
0.9355087358684481	0.5188827134102892
0.935251798561151	0.5188141391106044
0.9349948612538541	0.5187455452601568
0.9349948612538541	0.518819503849444
0.9349948612538541	0.5188934835305861
0.9349948612538541	0.518967484312607
0.9349948612538541	0.5190415062045357
0.9349948612538541	0.5191155492154066
0.9349948612538541	0.5191896133542588
0.9349948612538541	0.519263698630137
0.9349948612538541	0.5193378050520908
0.9347379239465571	0.519269197830431
0.93448098663926	0.5192005710206995
0.934224049331963	0.519131924614506
0.933967112024666	0.5190632586034557
0.933967112024666	0.5191373893173379
0.933967112024666	0.5192115412083989
0.933967112024666	0.5192857142857142
0.933710174717369	0.5192170310044292
0.933710174717369	0.5192912260645899
0.933710174717369	0.5193654423324282
0.9334532374100719	0.5192967409948542
0.9331963001027749	0.5192280200142959
0.932939362795478	0.5191592793823278
0.932939362795478	0.5192335192335192
0.9326824254881809	0.5191647597254004
0.9326824254881809	0.519239021599199
0.9326824254881809	0.51931330472103
0.9326824254881809	0.5193876091000144
0.9326824254881809	0.5194619347452776
0.9326824254881809	0.519536281665951
0.9326824254881809	0.5196106498711709
0.9326824254881809	0.5196850393700787
0.9324254881808839	0.5196162657502864
0.9321685508735869	0.5195474724330517
0.9321685508735869	0.5196218848467488
0.9321685508735869	0.5196963185790001
0.9319116135662898	0.5196275071633237
0.9319116135662898	0.519701963031953
0.9316546762589928	0.5196331327027802
0.9316546762589928	0.5197076107209402
0.9316546762589928	0.5197821100917431
0.9316546762589928	0.5198566308243727
0.9316546762589928	0.5199311729280184
0.9313977389516958	0.519862326115015
0.9313977389516958	0.5199368904188181
0.9313977389516958	0.5200114761153349
0.9313977389516958	0.5200860832137734
0.9311408016443987	0.5200172191132156
0.9308838643371018	0.5199483352468427
0.9308838643371018	0.5200229654083537
0.9308838643371018	0.5200976169968418
0.9308838643371018	0.5201722900215362
0.9308838643371018	0.5202469844916715
0.9308838643371018	0.5203217004164872
0.9308838643371018	0.5203964378052284
0.9308838643371018	0.5204711966671455
0.9306269270298048	0.5204022988505748
0.9306269270298048	0.5204770800402356
0.9303699897225077	0.5204081632653061
0.9303699897225077	0.5204829667960328
0.9301130524152107	0.520414031052329
0.9298561151079137	0.5203450754852624
0.9298561151079137	0.5204199022145528
0.9295991778006166	0.5203509276571264
0.9293422404933196	0.5202819332566168
0.9293422404933196	0.5203567831966623
0.9290853031860226	0.5202877697841727
0.9290853031860226	0.520362642106778
0.9290853031860226	0.5204375359815774
0.9288283658787256	0.5203685043903843
0.9288283658787256	0.520443420673769
0.9288283658787256	0.5205183585313174
0.9288283658787256	0.5205933179723502
0.9288283658787256	0.5206682990061933
0.9288283658787256	0.5207433016421781
0.9288283658787256	0.5208183258896413
0.9288283658787256	0.520893371757925
0.9288283658787256	0.520968439256377
0.9285714285714286	0.5208993946382243
0.9285714285714286	0.5209744846475421
0.9283144912641316	0.5209054209919262
0.9280575539568345	0.5208363374188897
0.9280575539568345	0.5209114508220364
0.9280575539568345	0.5209865858935526
0.9278006166495375	0.5209174841315638
0.9278006166495375	0.5209926417544366
0.9278006166495375	0.521067821067821
0.9278006166495375	0.5211430220811084
0.9275436793422405	0.5210739030023095
0.9275436793422405	0.5211491266060344
0.9275436793422405	0.521224371931851
0.9272867420349434	0.5211552346570397
0.9272867420349434	0.5212305025996534
0.9270298047276464	0.5211613462371805
0.9267728674203495	0.5210921698930945
0.9265159301130524	0.5210229735587343
0.9265159301130524	0.5210982658959538
0.9265159301130524	0.5211735799971094
0.9262589928057554	0.5211043654235328
0.9262589928057554	0.5211797021830273
0.9260020554984584	0.5211104684788895
0.9260020554984584	0.5211858279103398
0.9257451181911613	0.5211165750650854
0.9257451181911613	0.5211919571821206
0.9257451181911613	0.5212673611111112
0.9254881808838643	0.521198090001447
0.9254881808838643	0.5212735166425471
0.9252312435765673	0.5212042263713996
0.9252312435765673	0.5212796757382745
0.9252312435765673	0.5213551469523672
0.9249743062692704	0.5212858384013901
0.9249743062692704	0.5213613323678494
0.9249743062692704	0.5214368482039398
0.9247173689619733	0.5213675213675214
0.9247173689619733	0.5214430599826138
0.9244604316546763	0.5213737139544994
0.9242034943473793	0.5213043478260869
0.9242034943473793	0.5213799101319032
0.9242034943473793	0.5214554943461873
0.9242034943473793	0.5215311004784688
0.9242034943473793	0.521606728538283
0.9242034943473793	0.5216823785351704
0.9239465570400822	0.5216129968088192
0.9239465570400822	0.5216886696648774
0.9239465570400822	0.5217643644805572
0.9239465570400822	0.5218400812654187
0.9239465570400822	0.5219158200290276
0.9239465570400822	0.5219915807809552
0.9236896197327852	0.5219221835075494
0.9236896197327852	0.5219979671845506
0.9234326824254881	0.5219285506825443
0.9234326824254881	0.5220043572984749
0.9234326824254881	0.5220801859384079
0.9234326824254881	0.5221560366119424
0.9231757451181911	0.522086602731764
0.9231757451181911	0.5221624763842465
0.9231757451181911	0.5222383720930233
0.9231757451181911	0.5223142898677133
0.9231757451181911	0.5223902297179412
0.9229188078108942	0.5223207794096263
0.9229188078108942	0.5223967422920303
0.9226618705035972	0.5223272727272728
0.9226618705035972	0.5224032586558045
0.9226618705035972	0.522479266695766
0.9224049331963001	0.5224097788125728
0.9221479958890031	0.5223402707029544
0.9221479958890031	0.5224163027656478
0.9218910585817061	0.5223467753675936
0.9218910585817061	0.5224228305183459
0.9218910585817061	0.5224989078200087
0.921634121274409	0.5224293620739877
0.921634121274409	0.5225054624908958
0.921377183967112	0.5224358974358975
0.921377183967112	0.5225120209820778
0.921377183967112	0.5225881667152433
0.921377183967112	0.5226643346450954
0.921120246659815	0.5225947521865889
0.920863309352518	0.5225251494386937
0.920863309352518	0.5226013414989793
0.920863309352518	0.5226775557824122
0.920606372045221	0.5226079346557759
0.920349434737924	0.5225382932166301
0.920349434737924	0.5226145316603443
0.920349434737924	0.5226907923537137
0.920349434737924	0.5227670753064798
0.920349434737924	0.52284338052839
0.920349434737924	0.5229197080291971
0.920349434737924	0.5229960578186597
0.920349434737924	0.523072429906542
0.920349434737924	0.5231488243026143
0.920349434737924	0.523225241016652
0.920349434737924	0.5233016800584368
0.920349434737924	0.5233781414377557
0.9200924974306269	0.5233084904281747
0.9200924974306269	0.5233849751534639
0.9198355601233299	0.5233153047800029
0.9198355601233299	0.5233918128654971
0.9195786228160329	0.5233221231174148
0.9195786228160329	0.5233986545773618
0.9195786228160329	0.5234752084247477
0.9195786228160329	0.5235517846693973
0.9193216855087358	0.5234820775420629
0.9190647482014388	0.5234123500146327
0.9190647482014388	0.523488950680521
0.9190647482014388	0.5235655737704918
0.9190647482014388	0.5236422192943933
0.9190647482014388	0.523718887262079
0.9190647482014388	0.523795577683409
0.9190647482014388	0.5238722905682484
0.9190647482014388	0.5239490259264684
0.9188078108941419	0.5238792850864342
0.9188078108941419	0.523956043956044
0.9188078108941419	0.5240328253223916
0.9188078108941419	0.5241096291953686
0.9188078108941419	0.5241864555848724
0.9185508735868448	0.524116698431315
0.9185508735868448	0.5241935483870968
0.9185508735868448	0.5242704208828274
0.9185508735868448	0.5243473159284248
0.9185508735868448	0.5244242335338125
0.9185508735868448	0.5245011737089202
0.9185508735868448	0.524578136463683
0.9182939362795478	0.5245083651306135
0.9182939362795478	0.5245853515338323
0.9182939362795478	0.5246623605402231
0.9182939362795478	0.5247393921597416
0.9182939362795478	0.5248164464023495
0.9182939362795478	0.5248935232780144
0.9182939362795478	0.5249706227967098
0.9182939362795478	0.5250477449684149
0.9182939362795478	0.5251248898031149
0.9182939362795478	0.5252020573108008
0.9182939362795478	0.5252792475014697
0.9182939362795478	0.5253564603851242
0.9182939362795478	0.525433695971773
0.9182939362795478	0.5255109542714307
0.9182939362795478	0.5255882352941177
0.9182939362795478	0.5256655390498602
0.9182939362795478	0.5257428655486908
0.9182939362795478	0.5258202148006473
0.9182939362795478	0.525897586815774
0.9182939362795478	0.5259749816041207
0.9182939362795478	0.5260523991757433
0.9182939362795478	0.5261298395407037
0.9182939362795478	0.5262073027090695
0.9182939362795478	0.5262847886909144
0.9182939362795478	0.5263622974963181
0.9182939362795478	0.526439829135366
0.9182939362795478	0.5265173836181497
0.9182939362795478	0.5265949609547664
0.9182939362795478	0.5266725611553198
0.9182939362795478	0.5267501842299189
0.9182939362795478	0.5268278301886793
0.9182939362795478	0.5269054990417219
0.9180369989722508	0.5268357416691242
0.9180369989722508	0.5269134345966672
0.9180369989722508	0.5269911504424779
0.9180369989722508	0.5270688892166986
0.9180369989722508	0.5271466509294778
0.9180369989722508	0.5272244355909694
0.9180369989722508	0.5273022432113341
0.9180369989722508	0.527380073800738
0.9180369989722508	0.5274579273693534
0.9180369989722508	0.5275358039273587
0.9180369989722508	0.527613703484938
0.9180369989722508	0.5276916260522818
0.9180369989722508	0.5277695716395864
0.9177800616649537	0.5276998079479982
0.9177800616649537	0.5277777777777778
0.9175231243576567	0.527707994680065
0.9175231243576567	0.5277859887673663
0.9175231243576567	0.5278640059127864
0.9175231243576567	0.5279420461265524
0.9175231243576567	0.528020109418897
0.9175231243576567	0.5280981958000591
0.9175231243576567	0.528176305280284
0.9175231243576567	0.5282544378698225
0.9175231243576567	0.5283325935789318
0.9175231243576567	0.5284107724178752
0.9175231243576567	0.5284889743969217
0.9175231243576567	0.5285671995263469
0.9175231243576567	0.5286454478164323
0.9175231243576567	0.5287237192774652
0.9175231243576567	0.5288020139197394
0.9175231243576567	0.5288803317535545
0.9175231243576567	0.5289586727892164
0.9175231243576567	0.5290370370370371
0.9175231243576567	0.5291154245073344
0.9175231243576567	0.5291938352104327
0.9175231243576567	0.5292722691566623
0.9175231243576567	0.5293507263563593
0.9175231243576567	0.5294292068198666
0.9175231243576567	0.5295077105575327
0.9175231243576567	0.5295862375797123
0.9175231243576567	0.5296647878967665
0.9175231243576567	0.5297433615190624
0.9175231243576567	0.5298219584569733
0.9175231243576567	0.5299005787208785
0.9175231243576567	0.5299792223211636
0.9172661870503597	0.5299094552471426
0.9172661870503597	0.5299881235154394
0.9172661870503597	0.5300668151447662
0.9172661870503597	0.5301455301455301
0.9172661870503597	0.530224268528145
0.9172661870503597	0.5303030303030303
0.9170092497430626	0.5302332491457435
0.9167523124357657	0.5301634472511144
0.9167523124357657	0.5302422351017981
0.9167523124357657	0.5303210463733651
0.9167523124357657	0.5303998810762598
0.9167523124357657	0.5304787392209337
0.9167523124357657	0.5305576208178439
0.9167523124357657	0.5306365258774539
0.9167523124357657	0.5307154544102335
0.9167523124357657	0.5307944064266588
0.9167523124357657	0.5308733819372117
0.9167523124357657	0.530952380952381
0.9167523124357657	0.5310314034826611
0.9167523124357657	0.5311104495385531
0.9167523124357657	0.5311895191305642
0.9167523124357657	0.5312686122692079
0.9167523124357657	0.5313477289650037
0.9164953751284687	0.531277926720286
0.9164953751284687	0.5313570683747951
0.9164953751284687	0.5314362336114422
0.9164953751284687	0.5315154224407689
0.9164953751284687	0.5315946348733234
0.9162384378211716	0.53152481740945
0.9159815005138746	0.5314549791293978
0.9159815005138746	0.5315342179812137
0.9159815005138746	0.531613480465255
0.9159815005138746	0.5316927665920954
0.9157245632065776	0.5316229116945107
0.9157245632065776	0.5317022228852752
0.9157245632065776	0.5317815577439571
0.9157245632065776	0.5318609162811521
0.9157245632065776	0.5319402985074627
0.9157245632065776	0.5320197044334976
0.9157245632065776	0.5320991340698716
0.9157245632065776	0.5321785874272063
0.9154676258992805	0.5321087216248507
0.9154676258992805	0.5321882001493652
0.9154676258992805	0.5322677024200777
0.9154676258992805	0.5323472284476318
0.9154676258992805	0.5324267782426778
0.9152106885919835	0.5323568973247647
0.9152106885919835	0.5324364723467863
0.9152106885919835	0.5325160711616086
0.9149537512846866	0.5324461722488039
0.9149537512846866	0.5325257963212203
0.9149537512846866	0.5326054442117858
0.9149537512846866	0.5326851159311893
0.9149537512846866	0.5327648114901257
0.9146968139773896	0.5326948975011222
0.9146968139773896	0.5327746183777312
0.9146968139773896	0.5328543631192936
0.9146968139773896	0.5329341317365269
0.9146968139773896	0.5330139242401557
0.9146968139773896	0.5330937406409104
0.9146968139773896	0.5331735809495283
0.9146968139773896	0.5332534451767525
0.9146968139773896	0.5333333333333333
0.9146968139773896	0.533413245430027
0.9146968139773896	0.5334931814775963
0.9146968139773896	0.5335731414868106
0.9146968139773896	0.5336531254684455
0.9146968139773896	0.5337331334332833
0.9146968139773896	0.5338131653921128
0.9146968139773896	0.5338932213557288
0.9146968139773896	0.5339733013349333
0.9146968139773896	0.534053405340534
0.9146968139773896	0.5341335333833458
0.9146968139773896	0.5342136854741897
0.9146968139773896	0.5342938616238931
0.9146968139773896	0.5343740618432903
0.9146968139773896	0.5344542861432218
0.9146968139773896	0.5345345345345346
0.9146968139773896	0.5346148070280823
0.9146968139773896	0.5346951036347252
0.9146968139773896	0.5347754243653298
0.9146968139773896	0.5348557692307693
0.9144398766700925	0.534785875281743
0.9144398766700925	0.5348662458671476
0.9144398766700925	0.5349466406132571
0.9144398766700925	0.5350270595309682
0.9144398766700925	0.5351075026311832
0.9144398766700925	0.535187969924812
0.9144398766700925	0.5352684614227703
0.9144398766700925	0.5353489771359807
0.9144398766700925	0.5354295170753723
0.9144398766700925	0.5355100812518808
0.9144398766700925	0.5355906696764484
0.9144398766700925	0.535671282360024
0.9144398766700925	0.5357519193135631
0.9144398766700925	0.5358325805480277
0.9144398766700925	0.5359132660743864
0.9144398766700925	0.5359939759036144
0.9144398766700925	0.5360747100466938
0.9144398766700925	0.5361554685146128
0.9144398766700925	0.5362362513183667
0.9144398766700925	0.5363170584689572
0.9144398766700925	0.5363978899773926
0.9144398766700925	0.536478745854688
0.9141829393627955	0.5364088647670737
0.9141829393627955	0.5364897466827503
0.9139260020554985	0.5364198461770472
0.9139260020554985	0.536500754147813
0.9139260020554985	0.5365816865288883
0.9139260020554985	0.5366626433313216
0.9139260020554985	0.5367436245661688
0.9139260020554985	0.5368246302444915
0.9139260020554985	0.5369056603773585
0.9139260020554985	0.5369867149758454
0.9139260020554985	0.5370677940510342
0.9139260020554985	0.5371488976140139
0.9136690647482014	0.5370789910889594
0.9136690647482014	0.5371601208459215
0.9136690647482014	0.5372412751170872
0.9136690647482014	0.537322453913569
0.9136690647482014	0.5374036572464863
0.9136690647482014	0.5374848851269649
0.9136690647482014	0.5375661375661376
0.9136690647482014	0.5376474145751436
0.9136690647482014	0.5377287161651293
0.9136690647482014	0.5378100423472474
0.9136690647482014	0.5378913931326577
0.9136690647482014	0.5379727685325265
0.9136690647482014	0.5380541685580269
0.9136690647482014	0.538135593220339
0.9136690647482014	0.5382170425306493
0.9136690647482014	0.5382985165001514
0.9136690647482014	0.5383800151400454
0.9136690647482014	0.5384615384615384
0.9136690647482014	0.5385430864758444
0.9136690647482014	0.5386246591941836
0.9136690647482014	0.5387062566277837
0.9136690647482014	0.5387878787878788
0.9136690647482014	0.53886952568571
0.9136690647482014	0.5389511973325251
0.9136690647482014	0.5390328937395786
0.9136690647482014	0.5391146149181322
0.9136690647482014	0.5391963608794541
0.9136690647482014	0.5392781316348195
0.9136690647482014	0.5393599271955104
0.9136690647482014	0.5394417475728155
0.9136690647482014	0.5395235927780306
0.9136690647482014	0.5396054628224582
0.9136690647482014	0.5396873577174078
0.9136690647482014	0.5397692774741955
0.9136690647482014	0.5398512221041445
0.9136690647482014	0.5399331916185849
0.9136690647482014	0.5400151860288535
0.9136690647482014	0.540097205346294
0.9136690647482014	0.5401792495822574
0.9136690647482014	0.5402613187481009
0.9136690647482014	0.5403434128551892
0.9136690647482014	0.5404255319148936
0.9136690647482014	0.5405076759385925
0.9136690647482014	0.540589844937671
0.9136690647482014	0.5406720389235213
0.9136690647482014	0.5407542579075426
0.9136690647482014	0.5408365019011406
0.9136690647482014	0.5409187709157286
0.9136690647482014	0.5410010649627263
0.9136690647482014	0.5410833840535606
0.9136690647482014	0.5411657281996652
0.9136690647482014	0.5412480974124809
0.9136690647482014	0.5413304917034556
0.9136690647482014	0.5414129110840439
0.9136690647482014	0.5414953555657073
0.9136690647482014	0.5415778251599147
0.9136690647482014	0.5416603198781417
0.9136690647482014	0.5417428397318708
0.9136690647482014	0.5418253847325918
0.9136690647482014	0.5419079548918013
0.9136690647482014	0.5419905502210028
0.9136690647482014	0.5420731707317074
0.9136690647482014	0.5421558164354322
0.9136690647482014	0.5422384873437024
0.9136690647482014	0.5423211834680494
0.9136690647482014	0.5424039048200122
0.9136690647482014	0.5424866514111365
0.9136690647482014	0.5425694232529753
0.9136690647482014	0.5426522203570884
0.9136690647482014	0.5427350427350427
0.9136690647482014	0.5428178903984124
0.9136690647482014	0.5429007633587786
0.9136690647482014	0.5429836616277294
0.9136690647482014	0.5430665852168601
0.9134121274409044	0.542996792424011
0.9134121274409044	0.5430797433547204
0.9134121274409044	0.5431627196333079
0.9134121274409044	0.5432457212713936
0.9134121274409044	0.5433287482806052
0.9134121274409044	0.5434118006725772
0.9134121274409044	0.5434948784589513
0.9134121274409044	0.5435779816513762
0.9134121274409044	0.5436611102615079
0.9134121274409044	0.5437442643010095
0.9134121274409044	0.5438274437815511
0.9134121274409044	0.5439106487148103
0.9134121274409044	0.5439938791124713
0.9134121274409044	0.5440771349862259
0.9134121274409044	0.5441604163477728
0.9134121274409044	0.5442437232088181
0.9134121274409044	0.5443270555810749
0.9134121274409044	0.5444104134762634
0.9131551901336074	0.544340634094042
0.9131551901336074	0.5444240196078431
0.9131551901336074	0.5445074306725908
0.9131551901336074	0.5445908673000307
0.9131551901336074	0.5446743295019157
0.9131551901336074	0.5447578172900062
0.9131551901336074	0.5448413306760693
0.9131551901336074	0.5449248696718798
0.9131551901336074	0.5450084342892194
0.9131551901336074	0.5450920245398773
0.9131551901336074	0.5451756404356496
0.9131551901336074	0.54525928198834
0.9131551901336074	0.5453429492097591
0.9131551901336074	0.545426642111725
0.9131551901336074	0.545510360706063
0.9131551901336074	0.5455941050046055
0.9131551901336074	0.5456778750191924
0.9131551901336074	0.5457616707616708
0.9131551901336074	0.5458454922438949
0.9131551901336074	0.5459293394777266
0.9131551901336074	0.5460132124750345
0.9128982528263104	0.5459434542102028
0.9128982528263104	0.5460273551559859
0.9128982528263104	0.5461112818936367
0.9128982528263104	0.5461952344350499
0.9128982528263104	0.5462792127921279
0.9128982528263104	0.5463632169767799
0.9128982528263104	0.5464472470009228
0.9128982528263104	0.5465313028764806
0.9126413155190134	0.5464615384615384
0.9126413155190134	0.5465456224034467
0.9126413155190134	0.5466297322253001
0.9126413155190134	0.5467138679390487
0.9126413155190134	0.5467980295566502
0.9126413155190134	0.5468822170900692
0.9126413155190134	0.5469664305512781
0.9126413155190134	0.5470506699522563
0.9126413155190134	0.5471349353049908
0.9126413155190134	0.5472192266214759
0.9126413155190134	0.5473035439137134
0.9123843782117164	0.547233780243489
0.9121274409044193	0.5471639950678175
0.9121274409044193	0.5472483428395252
0.9121274409044193	0.5473327166204132
0.9121274409044193	0.5474171164225135
0.9121274409044193	0.5475015422578655
0.9121274409044193	0.5475859941385162
0.9121274409044193	0.5476704720765196
0.9118705035971223	0.547600678907576
0.9118705035971223	0.5476851851851852
0.9118705035971223	0.5477697175490045
0.9118705035971223	0.5478542760111146
0.9118705035971223	0.5479388605836035
0.9118705035971223	0.548023471278567
0.9118705035971223	0.5481081081081081
0.9118705035971223	0.5481927710843374
0.9118705035971223	0.5482774602193727
0.9118705035971223	0.54836217552534
0.9118705035971223	0.5484469170143718
0.9116135662898253	0.5483771251931994
0.9116135662898253	0.5484618951924564
0.9116135662898253	0.5485466914038343
0.9116135662898253	0.5486315138394928
0.9116135662898253	0.5487163625115992
0.9116135662898253	0.5488012374323279
0.9116135662898253	0.5488861386138614
0.9113566289825282	0.5488163391613802
0.9113566289825282	0.5489012689569792
0.9113566289825282	0.5489862250425631
0.9113566289825282	0.5490712074303405
0.9113566289825282	0.5491562161325283
0.9110996916752312	0.549086404459585
0.9110996916752312	0.5491714418460586
0.9108427543679343	0.5491016109045849
0.9108427543679343	0.5491866769945778
0.9108427543679343	0.5492717694453052
0.9105858170606372	0.5492019215868589
0.9103288797533402	0.5491320520768754
0.9103288797533402	0.549217175631685
0.9100719424460432	0.5491472868217054
0.9100719424460432	0.5492324391378508
0.9098150051387461	0.5491625310173698
0.9098150051387461	0.5492477121141617
0.9098150051387461	0.5493329196400869
0.9095580678314491	0.5492629945694336
0.9095580678314491	0.5493482309124768
0.9093011305241521	0.5492782865124942
0.9093011305241521	0.5493635516920211
0.909044193216855	0.5492935879521813
0.909044193216855	0.5493788819875777
0.9087872559095581	0.5493088988973444
0.9087872559095581	0.5493942218080149
0.9087872559095581	0.5494795712288333
0.9085303186022611	0.5494095711622126
0.908273381294964	0.5493395493395493
0.908016443987667	0.5492695057506994
0.908016443987667	0.5493548888543448
0.908016443987667	0.5494402985074627
0.908016443987667	0.5495257347224382
0.90775950668037	0.5494556765163296
0.9075025693730729	0.5493855965157879
0.9072456320657759	0.5493154947106409
0.9072456320657759	0.5494009646802551
0.906988694758479	0.5493308434484905
0.906988694758479	0.5494163424124514
0.906731757451182	0.549346201743462
0.906731757451182	0.549431729721314
0.906731757451182	0.549517284335098
0.9064748201438849	0.549447126615792
0.9062178828365879	0.5493769470404984
0.9059609455292909	0.5493067455990029
0.9059609455292909	0.549392334060455
0.9059609455292909	0.5494779491974443
0.9057040082219938	0.5494077306733167
0.9057040082219938	0.5494933749025721
0.9054470709146968	0.5494231368880573
0.9054470709146968	0.5495088102292219
0.9054470709146968	0.5495945102932003
0.9051901336073997	0.5495242551863984
0.9049331963001028	0.5494539781591263
0.9049331963001028	0.5495397097831175
0.9046762589928058	0.5494694132334582
0.9046762589928058	0.5495551740284065
0.9044193216855088	0.5494848579456759
0.9041623843782117	0.5494145199063232
0.9039054470709147	0.5493441599000625
0.9039054470709147	0.5494299547087302
0.9039054470709147	0.5495157763199
0.9039054470709147	0.5496016247461334
0.9039054470709147	0.5496875
0.9039054470709147	0.5497734020940772
0.9036485097636177	0.5497030321975618
0.9033915724563206	0.5496326403001407
0.9031346351490236	0.5495622263914947
0.9028776978417267	0.549577729121051
0.9028776978417267	0.549663694666041
0.9026207605344296	0.5495932415519399
0.9026207605344296	0.5496792364262244
0.9026207605344296	0.5497652582159624
0.9023638232271326	0.5496947879167319
0.9023638232271326	0.5497808390732624
0.9021068859198356	0.5497103491467042
0.9018499486125385	0.549639837143752
0.9018499486125385	0.5497259201252936
0.9018499486125385	0.549812030075188
0.9015930113052415	0.5497415008616638
0.9015930113052415	0.5498276402381699
0.9015930113052415	0.5499138066133835
0.9013360739979445	0.5498432601880878
0.9013360739979445	0.5499294560275906
0.9010791366906474	0.5498588899341487
0.9010791366906474	0.5499451152579583
0.9008221993833505	0.5498745294855709
0.9005652620760535	0.5498039215686275
0.9005652620760535	0.5498901788515845
0.9005652620760535	0.5499764632041425
0.9005652620760535	0.5500627746390458
0.9003083247687564	0.5499921519384712
0.9000513874614594	0.5499215070643642
0.8997944501541624	0.5498508400062804
0.8995375128468653	0.5497801507537688
0.8995375128468653	0.5498664991361709
0.8995375128468653	0.5499528746465598
0.8995375128468653	0.550039277297722
0.8992805755395683	0.5499685732243872
0.8990236382322713	0.54989784692755
0.8990236382322713	0.5499842816724301
0.8990236382322713	0.5500707435937746
0.8987667009249743	0.55
0.8987667009249743	0.5500864915867275
0.8987667009249743	0.5501730103806228
0.8985097636176773	0.5501022494887525
0.8982528263103803	0.5500314663310258
0.8982528263103803	0.5501180173092054
0.8979958890030832	0.5500472143531634
0.8979958890030832	0.5501337950574532
0.8979958890030832	0.5502204030226701
0.8977389516957862	0.5501495827428752
0.8974820143884892	0.5500787401574803
0.8972250770811921	0.5500078752559459
0.8972250770811921	0.5500945179584121
0.8972250770811921	0.5501811879628171
0.8969681397738952	0.5501103057043807
0.8969681397738952	0.5501970055161545
0.8969681397738952	0.5502837326607818
0.8969681397738952	0.5503704871511903
0.8969681397738952	0.5504572690003153
0.8969681397738952	0.5505440782211007
0.8967112024665982	0.5504731861198738
0.8964542651593012	0.5504022716516801
0.8961973278520041	0.5503313348059324
0.8961973278520041	0.5504181789490296
0.8959403905447071	0.5503472222222222
0.8959403905447071	0.5504340962904499
0.89568345323741	0.5503631196716136
0.89568345323741	0.5504500236854571
0.895426515930113	0.5503790271636134
0.895169578622816	0.5503080082135524
0.895169578622816	0.5503949447077409
0.8949126413155191	0.550323905830305
0.8949126413155191	0.5504108723135271
0.8949126413155191	0.55049786628734
0.8949126413155191	0.5505848877647803
0.894655704008222	0.5505138339920949
0.894655704008222	0.5506008855154966
0.894655704008222	0.5506879645737782
0.894398766700925	0.5506168933881683
0.894398766700925	0.5507040025312451
0.894141829393628	0.5506329113924051
0.894141829393628	0.5507200506409242
0.8938848920863309	0.5506489395378285
0.8938848920863309	0.5507361089124585
0.8936279547790339	0.5506649778340722
0.8933710174717369	0.5505938242280285
0.8933710174717369	0.5506810262907824
0.8933710174717369	0.5507682559797243
0.8931140801644398	0.5506970849176173
0.8928571428571429	0.5506258913009032
0.8928571428571429	0.5507131537242472
0.8928571428571429	0.5508004438104296
0.8926002055498459	0.5507292327203551
0.8926002055498459	0.5508165530363088
0.8923432682425488	0.5507453219156359
0.8920863309352518	0.5506740681998414
0.8920863309352518	0.550761421319797
0.8918293936279548	0.5506901475487863
0.8915724563206577	0.5506188511583624
0.8915724563206577	0.5507062371052214
0.8915724563206577	0.5507936507936508
0.8915724563206577	0.550881092236863
0.8913155190133607	0.55080978088282
0.8913155190133607	0.5508972526599968
0.8910585817060637	0.5508259212198221
0.8908016443987667	0.5507545671167593
0.8908016443987667	0.5508420718144265
0.8908016443987667	0.5509296043222628
0.8908016443987667	0.5510171646535282
0.8905447070914697	0.5509457955809887
0.8902877697841727	0.5508744038155803
0.8902877697841727	0.5509619971378598
0.8902877697841727	0.5510496183206107
0.8902877697841727	0.5511372673771274
0.8902877697841727	0.5512249443207127
0.8902877697841727	0.5513126491646778
0.8900308324768756	0.5512412476129853
0.8897738951695786	0.5511698233328028
0.8897738951695786	0.5512575612862146
0.8895169578622816	0.5511861168603726
0.8895169578622816	0.5512738853503185
0.8895169578622816	0.5513616817964644
0.8895169578622816	0.5514495062121695
0.8892600205549845	0.5513780468376613
0.8892600205549845	0.551465901848311
0.8892600205549845	0.5515537848605577
0.8890030832476875	0.55148230793752
0.8887461459403906	0.5514108082257293
0.8887461459403906	0.5514987244897959
0.8887461459403906	0.551586668792856
0.8887461459403906	0.5516746411483253
0.8887461459403906	0.5517626415696283
0.8887461459403906	0.5518506700701978
0.8887461459403906	0.5519387266634753
0.8887461459403906	0.552026811362911
0.8884892086330936	0.5519553072625698
0.8884892086330936	0.5520434227330779
0.8882322713257965	0.5519718984512214
0.8882322713257965	0.5520600447141488
0.8882322713257965	0.5521482191343235
0.8879753340184995	0.552076677316294
0.8879753340184995	0.5521648825691005
0.8879753340184995	0.5522531160115053
0.8879753340184995	0.5523413776570242
0.8877183967112025	0.552269820971867
0.8877183967112025	0.5523581135091926
0.8877183967112025	0.5524464342820595
0.8877183967112025	0.5525347833040141
0.8877183967112025	0.5526231605886116
0.8877183967112025	0.5527115661494161
0.8877183967112025	0.5528
0.8874614594039054	0.5527284365498479
0.8874614594039054	0.5528169014084507
0.8874614594039054	0.5529053945894029
0.8874614594039054	0.552993916106308
0.8874614594039054	0.5530824659727782
0.8874614594039054	0.5531710442024343
0.8874614594039054	0.5532596508089059
0.8874614594039054	0.5533482858058315
0.8874614594039054	0.5534369492068578
0.8874614594039054	0.5535256410256411
0.8874614594039054	0.5536143612758455
0.8874614594039054	0.5537031099711446
0.8874614594039054	0.5537918871252204
0.8874614594039054	0.553880692751764
0.8874614594039054	0.5539695268644748
0.8872045220966084	0.5538979788257941
0.8872045220966084	0.5539868442162682
0.8869475847893115	0.5539152759948652
0.8869475847893115	0.5540041726849623
0.8866906474820144	0.553932584269663
0.8866906474820144	0.5540215122812651
0.8866906474820144	0.5541104688503532
0.8866906474820144	0.5541994539906857
0.8866906474820144	0.5542884677160296
0.8864337101747174	0.5542168674698795
0.8864337101747174	0.554305912596401
0.8864337101747174	0.554394986340993
0.8864337101747174	0.5544840887174542
0.8864337101747174	0.5545732197395917
0.8864337101747174	0.5546623794212219
0.8861767728674204	0.5545907702202927
0.8861767728674204	0.5546799614023802
0.8859198355601233	0.5546083319929226
0.8856628982528263	0.5545366795366795
0.8856628982528263	0.5546259050683829
0.8856628982528263	0.5547151593176698
0.8856628982528263	0.5548044422984065
0.8856628982528263	0.5548937540244687
0.8856628982528263	0.5549830945097408
0.8856628982528263	0.5550724637681159
0.8854059609455293	0.5550008052826542
0.8854059609455293	0.555090206185567
0.8854059609455293	0.5551796358949573
0.8854059609455293	0.5552690944247503
0.8854059609455293	0.55535858178888
0.8854059609455293	0.5554480980012895
0.8854059609455293	0.555537643075931
0.8854059609455293	0.5556272170267655
0.8854059609455293	0.5557168198677632
0.8851490236382322	0.5556451612903226
0.8851490236382322	0.5557347959348282
0.8851490236382322	0.5558244595030655
0.8851490236382322	0.5559141520090366
0.8851490236382322	0.5560038734667527
0.8851490236382322	0.5560936238902341
0.8851490236382322	0.5561834032935099
0.8851490236382322	0.5562732116906184
0.8851490236382322	0.5563630490956072
0.8851490236382322	0.5564529155225327
0.8851490236382322	0.5565428109854604
0.8851490236382322	0.556632735498465
0.8848920863309353	0.5565610859728507
0.8848920863309353	0.5566510425084855
0.8848920863309353	0.5567410281280311
0.8846351490236383	0.5566693613581245
0.8846351490236383	0.5567593790426908
0.8846351490236383	0.556849425845059
0.8846351490236383	0.5569395017793595
0.8846351490236383	0.5570296068597315
0.8846351490236383	0.5571197411003236
0.8846351490236383	0.5572099045152937
0.8846351490236383	0.5573000971188087
0.8846351490236383	0.5573903189250445
0.8843782117163412	0.5573186528497409
0.8841212744090442	0.557246963562753
0.8841212744090442	0.5573372206025268
0.8841212744090442	0.557427506884821
0.8838643371017472	0.5573558003888529
0.8838643371017472	0.5574461189434452
0.8838643371017472	0.5575364667747164
0.8838643371017472	0.5576268438969039
0.8838643371017472	0.5577172503242542
0.8838643371017472	0.5578076860710232
0.8836073997944501	0.5577359714563737
0.8836073997944501	0.5578264395782644
0.8836073997944501	0.5579169370538611
0.8836073997944501	0.5580074638974526
0.8836073997944501	0.5580980201233365
0.8833504624871531	0.558026294432722
0.8833504624871531	0.5581168831168831
0.8830935251798561	0.558045137197597
0.8828365878725591	0.5579733679766158
0.8828365878725591	0.5580639922039955
0.8825796505652621	0.5579922027290448
0.8825796505652621	0.5580828594638505
0.8823227132579651	0.5580110497237569
0.8823227132579651	0.558101738989111
0.8823227132579651	0.5581924577373212
0.8823227132579651	0.558283205982767
0.882065775950668	0.5582113821138212
0.882065775950668	0.5583021629533258
0.882065775950668	0.5583929733246584
0.882065775950668	0.558483813242232
0.882065775950668	0.5585746827204686
0.882065775950668	0.5586655817737999
0.882065775950668	0.5587565104166666
0.882065775950668	0.5588474686635194
0.882065775950668	0.558938456528818
0.881808838643371	0.558866634098681
0.881808838643371	0.5589576547231271
0.881551901336074	0.5588858120215019
0.8812949640287769	0.5588139459107201
0.8812949640287769	0.558905002444191
0.8812949640287769	0.5589960886571056
0.8812949640287769	0.5590872045639772
0.8812949640287769	0.5591783501793284
0.8812949640287769	0.5592695255176912
0.8812949640287769	0.5593607305936074
0.8812949640287769	0.5594519654216278
0.8812949640287769	0.5595432300163132
0.8812949640287769	0.5596345243922336
0.8812949640287769	0.5597258485639687
0.8812949640287769	0.5598172025461073
0.8812949640287769	0.5599085863532485
0.8812949640287769	0.56
0.8812949640287769	0.5600914435009797
0.8812949640287769	0.560182916870815
0.8810380267214799	0.5601110748121529
0.8810380267214799	0.5602025812775691
0.880781089414183	0.5601307189542484
0.880781089414183	0.560222258538977
0.880524152106886	0.5601503759398496
0.8802672147995889	0.560078469838156
0.8802672147995889	0.5601700457815566
0.8802672147995889	0.560261651676206
0.8800102774922919	0.5601897284919856
0.8797533401849948	0.5601177817765418
0.8797533401849948	0.5602094240837696
0.8797533401849948	0.5603010963835706
0.8797533401849948	0.560392798690671
0.8797533401849948	0.5604845310198069
0.8794964028776978	0.5604125736738703
0.8794964028776978	0.5605043392827902
0.8792394655704008	0.5604323616115297
0.8789825282631039	0.5603603603603604
0.8789825282631039	0.5604521625163827
0.8789825282631039	0.560543994756677
0.8789825282631039	0.5606358570960341
0.8789825282631039	0.5607277495492542
0.8787255909558068	0.5606557377049181
0.8784686536485098	0.5605837022462699
0.8784686536485098	0.5606756313545425
0.8784686536485098	0.5607675906183369
0.8784686536485098	0.5608595800524935
0.8784686536485098	0.5609515996718621
0.8784686536485098	0.5610436494913029
0.8782117163412128	0.5609716067618579
0.8782117163412128	0.5610636900853578
0.8782117163412128	0.5611558036447217
0.8782117163412128	0.561247947454844
0.8782117163412128	0.561340121530629
0.8779547790339157	0.5612680683311432
0.8776978417266187	0.5611959914572039
0.8776978417266187	0.5612882024318108
0.8776978417266187	0.5613804437140509
0.8774409044193217	0.5613083497698882
0.8771839671120246	0.5612362321223081
0.8771839671120246	0.5613285103584347
0.8771839671120246	0.5614208189442526
0.8771839671120246	0.5615131578947369
0.8771839671120246	0.5616055272248726
0.8771839671120246	0.5616979269496545
0.8771839671120246	0.5617903570840875
0.8769270298047277	0.5617182356813694
0.8769270298047277	0.5618106995884774
0.8766700924974307	0.5617385577872901
0.8766700924974307	0.5618310554915198
0.8766700924974307	0.5619235836627141
0.8764131551901336	0.5618514248064569
0.8764131551901336	0.5619439868204283
0.8761562178828366	0.5618718075465481
0.8761562178828366	0.5619644034278181
0.8761562178828366	0.5620570298335257
0.8761562178828366	0.5621496867787669
0.8758992805755396	0.5620774938169827
0.8756423432682425	0.5620052770448549
0.8756423432682425	0.562097971301336
0.8756423432682425	0.5621906961398878
0.8756423432682425	0.5622834515756476
0.8756423432682425	0.5623762376237624
0.8756423432682425	0.5624690542993893
0.8753854059609455	0.5623968306371739
0.8751284686536485	0.5623245831269605
0.8751284686536485	0.5624174372523117
0.8751284686536485	0.5625103220478943
0.8751284686536485	0.5626032375289065
0.8751284686536485	0.5626961837105567
0.8751284686536485	0.5627891606080635
0.8748715313463515	0.56271690629648
0.8746145940390545	0.5626446280991736
0.8746145940390545	0.5627376425855514
0.8746145940390545	0.5628306878306878
0.8743576567317575	0.5627583925913676
0.8741007194244604	0.5626860734369832
0.8738437821171634	0.5626137303556659
0.8735868448098664	0.5625413633355394
0.8735868448098664	0.5626344530862154
0.8733299075025693	0.5625620655412115
0.8733299075025693	0.562655189538156
0.8730729701952723	0.5625827814569536
0.8730729701952723	0.5626759397251201
0.8730729701952723	0.5627691288506128
0.8730729701952723	0.562862348848766
0.8730729701952723	0.5629555997349238
0.8728160328879754	0.5628831814415908
0.8728160328879754	0.5629764666887637
0.8728160328879754	0.5630697828609316
0.8728160328879754	0.5631631299734748
0.8728160328879754	0.5632565080417841
0.8725590955806783	0.56318407960199
0.8725590955806783	0.5632774921214132
0.8725590955806783	0.5633709356337093
0.8725590955806783	0.5634644101543056
0.8725590955806783	0.5635579156986392
0.8725590955806783	0.5636514522821576
0.8725590955806783	0.5637450199203188
0.8725590955806783	0.5638386186285904
0.8725590955806783	0.563932248422451
0.8725590955806783	0.5640259093173892
0.8725590955806783	0.5641196013289037
0.8725590955806783	0.5642133244725037
0.8723021582733813	0.5641409106015287
0.8723021582733813	0.5642346684394216
0.8723021582733813	0.5643284574468085
0.8723021582733813	0.5644222776392352
0.8723021582733813	0.5645161290322581
0.8723021582733813	0.5646100116414435
0.8723021582733813	0.5647039254823686
0.8723021582733813	0.5647978705706205
0.8720452209660843	0.5647254575707155
0.8720452209660843	0.5648194375104011
0.8717882836587872	0.5647470039946738
0.8717882836587872	0.5648410188113867
0.8715313463514902	0.5647685647685647
0.8715313463514902	0.5648626144879267
0.8715313463514902	0.5649566955363091
0.8715313463514902	0.5650508079293687
0.8715313463514902	0.5651449516827725
0.8712744090441932	0.5650724879186803
0.8712744090441932	0.5651666666666667
0.8712744090441932	0.5652608768128021
0.8712744090441932	0.565355118372791
0.8710174717368961	0.5652826413206603
0.8710174717368961	0.5653769179452969
0.8710174717368961	0.5654712260216848
0.8710174717368961	0.5655655655655656
0.8710174717368961	0.5656599365926914
0.8710174717368961	0.5657543391188251
0.8710174717368961	0.5658487731597396
0.8710174717368961	0.5659432387312187
0.8707605344295992	0.5658707630656203
0.8705035971223022	0.5657982631930528
0.8702466598150052	0.5657257391013863
0.8702466598150052	0.5658202472435683
0.8699897225077081	0.5657477025898079
0.8699897225077081	0.5658422459893048
0.8697327852004111	0.5657696807621595
0.8697327852004111	0.5658642594450016
0.8697327852004111	0.5659588697542217
0.869475847893114	0.565886287625418
0.869475847893114	0.5659809332664325
0.869475847893114	0.5660756105720977
0.869475847893114	0.5661703195583069
0.869218910585817	0.5660977242302544
0.869218910585817	0.5661924686192469
0.869218910585817	0.566287244727151
0.869218910585817	0.5663820525698978
0.8689619732785201	0.5663094440723375
0.8689619732785201	0.566404287389047
0.8689619732785201	0.566499162479062
0.8689619732785201	0.5665940693583514
0.8687050359712231	0.5665214477211796
0.8687050359712231	0.5666163901458019
0.8687050359712231	0.5667113643982568
0.8687050359712231	0.5668063704945515
0.8687050359712231	0.5669014084507042
0.8687050359712231	0.5669964782827436
0.8687050359712231	0.5670915800067091
0.868448098663926	0.5670189565509143
0.868448098663926	0.5671140939597316
0.868448098663926	0.5672092632992113
0.868448098663926	0.5673044645854314
0.868191161356629	0.5672318281013933
0.868191161356629	0.5673270651443922
0.868191161356629	0.567422334172964
0.868191161356629	0.5675176352032247
0.868191161356629	0.5676129682513019
0.868191161356629	0.5677083333333334
0.868191161356629	0.567803730465468
0.868191161356629	0.5678991596638655
0.868191161356629	0.5679946209446965
0.867934224049332	0.5679219905850706
0.867934224049332	0.5680174878089793
0.8676772867420349	0.5679448368651194
0.8674203494347379	0.5678721614802354
0.8674203494347379	0.5679676985195155
0.8674203494347379	0.5680632677099108
0.8671634121274409	0.5679905755637832
0.8671634121274409	0.5680861807776468
0.8669064748201439	0.568013468013468
0.8666495375128469	0.5679407307627546
0.8663926002055499	0.5678679690131357
0.8663926002055499	0.5679636179888833
0.8661356628982528	0.5678908355795148
0.8661356628982528	0.5679865206402696
0.8661356628982528	0.568082237950792
0.8658787255909558	0.5680094387325131
0.8658787255909558	0.5681051921780176
0.8656217882836588	0.5680323722812342
0.8653648509763617	0.5679595278246206
0.8653648509763617	0.5680553213020746
0.8653648509763617	0.5681511470985156
0.8651079136690647	0.5680782858106969
0.8648509763617678	0.5680053999325009
0.8645940390544707	0.5679324894514768
0.8645940390544707	0.5680283592167454
0.8645940390544707	0.5681242613540436
0.8643371017471737	0.5680513340087808
0.8640801644398767	0.5679783820300625
0.8640801644398767	0.5680743243243244
0.8640801644398767	0.5681702990369994
0.8640801644398767	0.5682663061845218
0.8638232271325796	0.5681933412202129
0.8635662898252826	0.5681203515889114
0.8635662898252826	0.5682163989856297
0.8635662898252826	0.5683124788637133
0.8635662898252826	0.5684085912396415
0.8633093525179856	0.5683355886332883
0.8630524152106885	0.5682625613263407
0.8630524152106885	0.5683587140439932
0.8627954779033916	0.5682856659333221
0.8627954779033916	0.5683818551117129
0.8625385405960946	0.5683087861858812
0.8622816032887975	0.5682356925160853
0.8622816032887975	0.5683319220999153
0.8622816032887975	0.5684281842818428
0.8622816032887975	0.5685244790784347
0.8620246659815005	0.5684513724161301
0.8617677286742035	0.5683782409761058
0.8617677286742035	0.5684745762711865
0.8617677286742035	0.5685709442278353
0.8617677286742035	0.5686673448626653
0.8615107913669064	0.5685942004409021
0.8615107913669064	0.5686906377204884
0.8612538540596094	0.5686174724342663
0.8609969167523125	0.5685442823210044
0.8609969167523125	0.5686407602239946
0.8609969167523125	0.5687372708757638
0.8607399794450155	0.5686640638261755
0.8604830421377184	0.5685908319185059
0.8602261048304214	0.5685175751400917
0.8602261048304214	0.5686141304347826
0.8599691675231244	0.5685408527263461
0.8599691675231244	0.5686374447842337
0.8597122302158273	0.5685641461342396
0.8594552929085303	0.5684908225696805
0.8594552929085303	0.5685874553799082
0.8594552929085303	0.5686841210472628
0.8591983556012333	0.5686107804795103
0.8591983556012333	0.5687074829931973
0.8589414182939363	0.5686341214492261
0.8589414182939363	0.5687308608370194
0.8589414182939363	0.568827633146163
0.8589414182939363	0.568924438393465
0.8586844809866393	0.5688510638297872
0.8586844809866393	0.5689479060265578
0.8584275436793423	0.5688745104716499
0.8581706063720452	0.5688010899182562
0.8581706063720452	0.56889797308806
0.8581706063720452	0.5689948892674617
0.8579136690647482	0.5689214516953485
0.8579136690647482	0.5690184049079755
0.8579136690647482	0.5691153911709562
0.8579136690647482	0.5692124105011933
0.8579136690647482	0.569309462915601
0.8576567317574512	0.5692360163710778
0.8576567317574512	0.5693331059184717
0.8576567317574512	0.5694302285909246
0.8573997944501541	0.5693567650571575
0.8571428571428571	0.5692832764505119
0.8568859198355602	0.5692097627581498
0.8566289825282631	0.5691362239672243
0.8566289825282631	0.5692333959364863
0.8563720452209661	0.5691598360655737
0.8563720452209661	0.5692570452604612
0.8561151079136691	0.569183464297916
0.8561151079136691	0.5692807107466257
0.8561151079136691	0.569377990430622
0.8561151079136691	0.5694753033669459
0.855858170606372	0.5694017094017094
0.855858170606372	0.5694990596683194
0.855601233299075	0.5694254445964432
0.855601233299075	0.5695228322216521
0.855601233299075	0.569620253164557
0.855344295991778	0.5695466210436271
0.8550873586844809	0.5694729637234771
0.854830421377184	0.5693992811911689
0.854830421377184	0.5694967476891476
0.854830421377184	0.5695942475603493
0.854573484069887	0.5695205479452055
0.854573484069887	0.5696180852885768
0.85431654676259	0.5695443645083933
0.8540596094552929	0.5694706184683913
0.8540596094552929	0.5695681973954764
0.8538026721479959	0.5694944301628106
0.8538026721479959	0.569592046623243
0.8535457348406988	0.5695182581861821
0.8535457348406988	0.5696159122085048
0.8535457348406988	0.5697135997256045
0.8532887975334018	0.5696397941680961
0.8530318602261048	0.5695659632870133
0.8527749229188079	0.5694921070693205
0.8527749229188079	0.5695898403981465
0.8525179856115108	0.5695159629248198
0.8525179856115108	0.5696137339055793
0.8525179856115108	0.5697115384615384
0.8525179856115108	0.5698093766099949
0.8522610483042138	0.5697354860872552
0.8522610483042138	0.5698333619652981
0.8522610483042138	0.5699312714776632
0.8520041109969168	0.5698573638082145
0.8517471736896197	0.5697834307322104
0.8514902363823227	0.569709472236548
0.8514902363823227	0.5698074277854195
0.8512332990750257	0.5697334479793638
0.8512332990750257	0.5698314413484692
0.8509763617677287	0.5697574402201961
0.8507194244604317	0.5696834136269787
0.8507194244604317	0.5697814489760799
0.8507194244604317	0.5698795180722892
0.8504624871531347	0.569805474264073
0.8504624871531347	0.5699035812672176
0.8504624871531347	0.5700017220595832
0.8504624871531347	0.570099896658629
0.8502055498458376	0.5700258397932817
0.8499486125385406	0.5699517574086836
0.8499486125385406	0.5700499741513011
0.8499486125385406	0.5701482247500862
0.8499486125385406	0.5702465092225478
0.8499486125385406	0.5703448275862069
0.8496916752312436	0.5702707363338506
0.8494347379239465	0.5701966195239738
0.8494347379239465	0.5702949801621529
0.8494347379239465	0.5703933747412008
0.8494347379239465	0.5704918032786885
0.8491778006166495	0.5704176734552986
0.8489208633093526	0.5703435180390126
0.8489208633093526	0.5704419889502762
0.8486639260020555	0.5703678121222587
0.8484069886947585	0.5702936096718481
0.8481500513874615	0.5702193815857661
0.8478931140801644	0.5701451278507257
0.8476361767728674	0.5700708484534301
0.8476361767728674	0.5701693743518839
0.8473792394655704	0.57009507346586
0.8473792394655704	0.5701936376210235
0.8471223021582733	0.5701193152343075
0.8471223021582733	0.5702179176755447
0.8471223021582733	0.5703165542293721
0.8471223021582733	0.5704152249134948
0.8471223021582733	0.5705139297456308
0.8468653648509764	0.5704395984769817
0.8468653648509764	0.5705383416998442
0.8468653648509764	0.5706371191135734
0.8468653648509764	0.5707359307359308
0.8468653648509764	0.57083477658469
0.8468653648509764	0.5709336566776373
0.8466084275436794	0.5708593208593209
0.8463514902363823	0.5707849592791544
0.8460945529290853	0.5707105719237435
0.8460945529290853	0.5708094990466285
0.8458376156217883	0.5707350901525658
0.8455806783144912	0.570660655453442
0.8453237410071942	0.5705861949358307
0.8450668036998972	0.5705117085862966
0.8450668036998972	0.5706106870229007
0.8450668036998972	0.5707096998091272
0.8448098663926003	0.5706351961124609
0.8448098663926003	0.5707342475264711
0.8448098663926003	0.5708333333333333
0.8448098663926003	0.5709324535509637
0.8445529290853032	0.5708579367836054
0.8442959917780062	0.5707833941288866
0.8440390544707091	0.5707088255733148
0.8437821171634121	0.5706342311033884
0.8437821171634121	0.5707334028501911
0.8435251798561151	0.5706587867199722
0.8435251798561151	0.5707579972183588
0.843268242548818	0.5706833594157538
0.843011305241521	0.5706086956521739
0.843011305241521	0.570707949208558
0.843011305241521	0.5708072372999304
0.843011305241521	0.5709065599443188
0.8427543679342241	0.5708318830490776
0.8427543679342241	0.5709312445604874
0.8424974306269271	0.5708565459610028
0.84224049331963	0.5707818213477277
0.841983556012333	0.5707070707070707
0.841983556012333	0.5708064797073681
0.841726618705036	0.5707317073170731
0.841726618705036	0.5708311552535285
0.841726618705036	0.5709306378529104
0.841726618705036	0.571030155133345
0.8414696813977389	0.5709553695955369
0.8412127440904419	0.5708805579773322
0.8412127440904419	0.5709801185908615
0.8412127440904419	0.5710797139368567
0.840955806783145	0.5710048848569435
0.8406988694758479	0.570930029663235
0.8406988694758479	0.5710296684118674
0.8404419321685509	0.5709547914121138
0.8401849948612539	0.5708798882681564
0.8399280575539568	0.5708049589663
0.8399280575539568	0.5709046454767727
0.8399280575539568	0.5710043668122271
0.8396711202466598	0.5709294199860238
0.8396711202466598	0.5710291804997379
0.8394141829393628	0.570954211814051
0.8391572456320657	0.5708792169201189
0.8389003083247688	0.5708041958041958
0.8389003083247688	0.5709040041965379
0.8386433710174718	0.5708289611752361
0.8386433710174718	0.5709288088158125
0.8386433710174718	0.5710286913925823
0.8386433710174718	0.5711286089238845
0.8383864337101747	0.5710535526776339
0.8383864337101747	0.5711535095396464
0.8381294964028777	0.571078431372549
0.8381294964028777	0.5711784275958677
0.8378725590955807	0.5711033274956218
0.8378725590955807	0.5712033631108776
0.8378725590955807	0.5713034337771549
0.8378725590955807	0.5714035395128789
0.8376156217882836	0.5713284262180162
0.8373586844809866	0.57125328659071
0.8371017471736896	0.5711781206171108
0.8371017471736896	0.5712782745923198
0.8368448098663926	0.571203086636268
0.8368448098663926	0.5713032801262936
0.8368448098663926	0.5714035087719298
0.8368448098663926	0.5715037725916827
0.8368448098663926	0.5716040716040716
0.8365878725590956	0.5715288748464104
0.8365878725590956	0.5716292134831461
0.8363309352517986	0.5715539947322212
0.8363309352517986	0.571654373024236
0.8360739979445015	0.5715791322676972
0.8358170606372045	0.5715038650737878
0.8355601233299075	0.5714285714285714
0.8355601233299075	0.5715289982425308
0.8355601233299075	0.5716294603621023
0.8355601233299075	0.5717299578059072
0.8355601233299075	0.5718304905925796
0.8353031860226104	0.5717551881814984
0.8350462487153134	0.5716798592788038
0.8347893114080165	0.5716045038705138
0.8347893114080165	0.5717050853422488
0.8347893114080165	0.571805702217529
0.8347893114080165	0.5719063545150501
0.8345323741007195	0.571830985915493
0.8342754367934224	0.5717555907730234
0.8340184994861254	0.5716801690736175
0.8337615621788284	0.5716047208032411
0.8337615621788284	0.5717054263565892
0.8337615621788284	0.5718061674008811
0.8337615621788284	0.571906943954882
0.8335046248715313	0.5718314824607791
0.8335046248715313	0.5719322990126939
0.8335046248715313	0.572033151119732
0.8332476875642343	0.571957671957672
0.8329907502569374	0.5718821661668725
0.8329907502569374	0.5719830628087509
0.8329907502569374	0.5720839950591141
0.8329907502569374	0.5721849629368161
0.8327338129496403	0.5721094439541041
0.8324768756423433	0.5720338983050848
0.8324768756423433	0.5721349108246513
0.8324768756423433	0.5722359590250795
0.8322199383350463	0.5721603956898075
0.8319630010277492	0.5720848056537102
0.8317060637204522	0.572009188902633
0.8314491264131552	0.5719335454224107
0.8314491264131552	0.5720346473395793
0.8314491264131552	0.5721357850070722
0.8311921891058581	0.5720601237842617
0.8311921891058581	0.5721613017332862
0.8309352517985612	0.5720856182557934
0.8306783144912642	0.5720099079971691
0.8306783144912642	0.5721111307733144
0.8304213771839671	0.5720353982300885
0.8304213771839671	0.5721366613559922
0.8301644398766701	0.5720609065155807
0.8299075025693731	0.5719851248450505
0.8299075025693731	0.5720864328728303
0.829650565262076	0.5720106288751107
0.829650565262076	0.5721119773210489
0.829393627954779	0.5720361509835195
0.829393627954779	0.5721375398794754
0.829393627954779	0.572238964722567
0.829136690647482	0.5721631205673758
0.829136690647482	0.5722645859194893
0.829136690647482	0.5723660872649876
0.828879753340185	0.5722902252971439
0.828622816032888	0.5722143364088006
0.828622816032888	0.5723158828748891
0.828622816032888	0.5724174653887114
0.828365878725591	0.5723415586721108
0.828365878725591	0.5724431818181818
0.828365878725591	0.5725448410584265
0.8281089414182939	0.5724689165186501
0.8278520041109969	0.5723929650026648
0.8278520041109969	0.5724946695095949
0.8278520041109969	0.5725964101652745
0.8275950668036999	0.5725204408105226
0.8273381294964028	0.5724444444444444
0.8273381294964028	0.5725462304409673
0.8270811921891058	0.572470211630802
0.8268242548818089	0.5723941657773034
0.8265673175745119	0.5723180928660381
0.8265673175745119	0.5724199288256228
0.8265673175745119	0.5725218010322122
0.8263103802672148	0.5724457102171592
0.8260534429599178	0.5723695923090618
0.8260534429599178	0.57247150997151
0.8257965056526207	0.5723953695458593
0.8257965056526207	0.5724973281083007
0.8257965056526207	0.5725993230001781
0.8257965056526207	0.5727013542409123
0.8257965056526207	0.5728034218499376
0.8255395683453237	0.5727272727272728
0.8255395683453237	0.5728293813513995
0.8255395683453237	0.5729315263908702
0.8255395683453237	0.5730337078651685
0.8252826310380267	0.5729575454869782
0.8252826310380267	0.5730597680642283
0.8252826310380267	0.5731620271234832
0.8250256937307296	0.5730858468677494
0.8247687564234327	0.5730096394144948
0.8247687564234327	0.5731119442956615
0.8219424460431655	0.5735030476873432
0.8216855087358684	0.5734265734265734
0.8214285714285714	0.5733500717360115
0.8214285714285714	0.5734529147982063
0.8211716341212744	0.5733763903839254
0.8211716341212744	0.5734792750762605
0.8209146968139774	0.573402727925341
0.8209146968139774	0.5735056542810986
0.8209146968139774	0.573608617594255
0.8209146968139774	0.573711617884719
0.8206577595066804	0.5736350574712644
0.8204008221993834	0.5735584695527214
0.8204008221993834	0.5736615163492634
0.8204008221993834	0.5737646001796946
0.8204008221993834	0.5738677210639828
0.8204008221993834	0.5739708790221104
0.8201438848920863	0.5738942826321467
0.8201438848920863	0.5739974824671822
0.8198869475847893	0.5739208633093525
0.8198869475847893	0.574024105054866
0.8198869475847893	0.5741273839510616
0.8196300102774923	0.5740507468058305
0.8193730729701952	0.5739740820734341
0.8193730729701952	0.5740774077407741
0.8191161356628982	0.5740007202016565
0.8191161356628982	0.574104087880425
0.8191161356628982	0.5742074927953891
0.8191161356628982	0.5743109349666726
0.8188591983556013	0.5742342342342343
0.8188591983556013	0.5743377185078392
0.8186022610483042	0.5742609949531363
0.8183453237410072	0.5742877749729535
0.8183453237410072	0.5743913435527502
0.8180883864337102	0.5743145743145743
0.8180883864337102	0.5744181850983222
0.8178314491264131	0.5743413929989174
0.8175745118191161	0.5743682310469314
0.8175745118191161	0.5744719263404947
0.817060637204522	0.5745257452574526
0.8168036998972251	0.5745526838966203
0.8165467625899281	0.574475777295734
0.816289825282631	0.574502712477396
0.815775950668037	0.5745566413318857
0.8126927029804728	0.5753001091305929
0.8106372045220966	0.5752051048313582
0.80344295991778	0.5759808436176092
0.8013874614594039	0.5767381656804734
0.7980472764645427	0.5764662212323682
0.7977903391572456	0.5763875997772415
0.7977903391572456	0.5764946156702562
0.7972764645426516	0.5764443618799926
0.7972764645426516	0.5765514678558157
0.7970195272353545	0.5764727745772161
0.7967625899280576	0.5765012084030489
0.7967625899280576	0.5766084046113797
0.7962487153134635	0.5765581395348838
0.7957348406988695	0.5764005211241392
0.7957348406988695	0.5765078183172003
0.7954779033915724	0.576536312849162
0.7954779033915724	0.576643695287763
0.7952209660842754	0.5765648286140089
0.7952209660842754	0.5767797241893403
0.7949640287769785	0.5767008387698043
0.7947070914696814	0.5768370011189855
0.7947070914696814	0.5769445998880806
0.7947070914696814	0.5770522388059701
0.7947070914696814	0.5771599178951297
0.7944501541623844	0.5770810003732736
0.7944501541623844	0.5771887250326675
0.7941932168550874	0.5772175536881419
0.7941932168550874	0.577325364213672
0.7939362795477903	0.5772464038856716
0.7936793422404933	0.5771674140508222
0.7934224049331963	0.577196261682243
0.7934224049331963	0.5773041690035521
0.7931654676258992	0.577333083972321
0.7931654676258992	0.5774410774410774
0.7929085303186023	0.5773620205799813
0.7921377183967112	0.5771246724073381
0.7916238437821171	0.5769662921348314
0.7913669064748201	0.5768870575014048
0.7911099691675231	0.5768077931809666
0.7908530318602262	0.5768365817091454
0.7908530318602262	0.5769447047797563
0.7908530318602262	0.5770528683914511
0.7908530318602262	0.5771610725670354
0.7905960945529291	0.5770817704426107
0.7905960945529291	0.5771900206340274
0.7903391572456321	0.577110694183865
0.790082219938335	0.5770313379620942
0.790082219938335	0.5771396396396397
0.790082219938335	0.5772479819785996
0.790082219938335	0.5773563650018776
0.789825282631038	0.5772769953051643
0.789568345323741	0.5771975957926371
0.789311408016444	0.5772266065388951
0.7890544707091469	0.5771471527908288
0.7890544707091469	0.5772556390977444
0.7890544707091469	0.5773641661966535
0.78879753340185	0.5772846934937946
0.78879753340185	0.5773932668798194
0.788540596094553	0.577313769751693
0.788540596094553	0.5774223894637818
0.788540596094553	0.5775310500564547
0.788540596094553	0.577639751552795
0.7882836587872559	0.5775602409638554
0.7882836587872559	0.577668988890981
0.7882836587872559	0.5777777777777777
0.7880267214799589	0.5776982482576757
0.7877697841726619	0.5776186887716654
0.7877697841726619	0.5777275296777841
0.7875128468653648	0.5776479457218243
0.7872559095580678	0.5775683317624882
0.7872559095580678	0.5776772247360482
0.7872559095580678	0.5777861587780502
0.7872559095580678	0.5778951339117314
0.7869989722507709	0.577815506508206
0.7869989722507709	0.5779245283018868
0.7867420349434738	0.5778448763917721
0.7864850976361768	0.577765194412986
0.7862281603288798	0.5776854823484991
0.7862281603288798	0.5777945619335347
0.7859712230215827	0.5777148253068933
0.7859712230215827	0.5778239516433699
0.7857142857142857	0.5777441904402041
0.7854573484069887	0.5776643990929705
0.7854573484069887	0.5777735777735777
0.7852004110996916	0.5776937618147449
0.7852004110996916	0.5778029873321989
0.7852004110996916	0.5779122541603631
0.7852004110996916	0.5780215623226783
0.7849434737923947	0.5779417328793038
0.7849434737923947	0.5780510879848628
0.7846865364850977	0.5780806360022714
0.7846865364850977	0.5781900795153351
0.7844295991778006	0.578110206400303
0.7841726618705036	0.578030303030303
0.7841726618705036	0.5781397992043947
0.7839157245632066	0.5780598711633195
0.7839157245632066	0.5781694144400228
0.7836587872559095	0.5780894617134192
0.7836587872559095	0.5781990521327014
0.7834018499486125	0.5781190747061055
0.7831449126413155	0.5780390669448132
0.7831449126413155	0.5781487101669196
0.7828879753340185	0.5780686776702713
0.7826310380267215	0.577988614800759
0.7826310380267215	0.5780983108749288
0.7826310380267215	0.5782080485952923
0.7823741007194245	0.5781279665843934
0.7821171634121274	0.5780478541587543
0.7821171634121274	0.5781576448243115
0.7821171634121274	0.5782674772036475
0.7821171634121274	0.5783773513205396
0.7818602261048304	0.5782972253895857
0.7816032887975334	0.5782170689982893
0.7816032887975334	0.5783269961977187
0.7813463514902363	0.5782468149838372
0.7810894141829393	0.5781666032712058
0.7810894141829393	0.5782765836028153
0.7808324768756424	0.5781963470319634
0.7808324768756424	0.5783063748810656
0.7805755395683454	0.5782261134373811
0.7803186022610483	0.5781458214353703
0.7803186022610483	0.5782559025133283
0.7800616649537513	0.5781755856027423
0.7800616649537513	0.5782857142857143
0.7800616649537513	0.5783958849304629
0.7798047276464543	0.5783155487804879
0.7798047276464543	0.5784257671050124
0.7798047276464543	0.5785360274494853
0.7798047276464543	0.5786463298379408
0.7795477903391572	0.5785659801678108
0.7792908530318602	0.5784855998474157
0.7792908530318602	0.5785959557420832
0.7790339157245632	0.578515550467468
0.7790339157245632	0.5786259541984733
0.7790339157245632	0.5787364000763504
0.7790339157245632	0.5788468881252387
0.7790339157245632	0.5789574183692954
0.7787769784172662	0.5788770053475936
0.7785200411099692	0.5787965616045845
0.7782631038026722	0.5787160871226595
0.7782631038026722	0.5788266768583986
0.7782631038026722	0.5789373088685015
0.7782631038026722	0.5790479831772127
0.7782631038026722	0.5791586998087954
0.7780061664953751	0.5790782176324345
0.7780061664953751	0.5791889824024483
0.7780061664953751	0.5792997895542377
0.7780061664953751	0.5794106391121316
0.7780061664953751	0.5795215311004784
0.7777492291880781	0.5794410413476263
0.7777492291880781	0.5795519816197587
0.7774922918807811	0.5794714668709307
0.777235354573484	0.5793909212794484
0.777235354573484	0.5795019157088123
0.777235354573484	0.5796129526729259
0.7769784172661871	0.5795323878880797
0.7769784172661871	0.5796434732604946
0.7767214799588901	0.5795628834355828
0.7767214799588901	0.5796740172579099
0.776464542651593	0.5795934023782126
0.776464542651593	0.5797045846921158
0.776207605344296	0.579623944742901
0.775950668036999	0.579543273843792
0.775950668036999	0.5796545105566219
0.775950668036999	0.5797657899788827
0.775950668036999	0.5798771121351767
0.775950668036999	0.5799884770501248
0.775950668036999	0.5800998847483673
0.775950668036999	0.5802113352545629
0.7756937307297019	0.580130668716372
0.7756937307297019	0.5802421679800115
0.7754367934224049	0.580161476355248
0.7751798561151079	0.5800807537012113
0.774922918807811	0.58
0.774922918807811	0.5801115599153683
0.7746659815005139	0.5800307810696421
0.7744090441932169	0.5799499711371945
0.7744090441932169	0.5800615858352579
0.7744090441932169	0.5801732435033686
0.7741521068859198	0.5800924143242202
0.7741521068859198	0.5802041209320239
0.7738951695786228	0.5801232665639445
0.7736382322713258	0.5800423810441148
0.7733812949640287	0.5799614643545279
0.7733812949640287	0.5800732318365773
0.7731243576567317	0.5799922898997687
0.7728674203494348	0.579911316753422
0.7728674203494348	0.5800231392209796
0.7728674203494348	0.5801350048216007
0.7728674203494348	0.5802469135802469
0.7726104830421378	0.580165927069265
0.7723535457348407	0.580084909301428
0.7720966084275437	0.5800038602586374
0.7718396711202467	0.57992277992278
0.7715827338129496	0.5798416682757289
0.7715827338129496	0.5799536500579374
0.7713257965056526	0.5798725130384392
0.7713257965056526	0.5799845440494591
0.7713257965056526	0.5800966183574879
0.7710688591983555	0.5800154619250096
0.7710688591983555	0.5801275855403054
0.7708119218910586	0.580046403712297
0.7705549845837616	0.5799651904853993
0.7702980472764646	0.5798839458413927
0.7702980472764646	0.579996130779648
0.7700411099691675	0.5799148606811145
0.7697841726618705	0.5798335591252177
0.7697841726618705	0.5799457994579946
0.7697841726618705	0.5800580832526622
0.7697841726618705	0.5801704105344694
0.7695272353545735	0.5800890954871198
0.7695272353545735	0.5802014722975591
0.7692702980472764	0.5801201317574114
0.7692702980472764	0.5802325581395349
0.7690133607399794	0.5801511920914906
0.7687564234326825	0.5800697944939899
0.7684994861253854	0.5799883653286795
0.7682425488180884	0.5799069045771916
0.7682425488180884	0.5800193986420951
0.7682425488180884	0.5801319363601086
0.7679856115107914	0.5800504560450224
0.7677286742034943	0.5799689440993789
0.7674717368961973	0.5798874005047564
0.7674717368961973	0.58
0.7672147995889003	0.579918430763255
0.7672147995889003	0.5800310800310801
0.7672147995889003	0.5801437730716923
0.7672147995889003	0.5802565099106102
0.7669578622816033	0.5801749271137027
0.7669578622816033	0.5802877138413686
0.7669578622816033	0.5804005444293214
0.7669578622816033	0.5805134189031506
0.7669578622816033	0.5806263372884652
0.7669578622816033	0.580739299610895
0.7669578622816033	0.5808523058960887
0.7667009249743063	0.5807707279096925
0.7667009249743063	0.5808837843099085
0.7664439876670093	0.5808021806853583
0.7664439876670093	0.5809152872444012
0.7664439876670093	0.5810284378652123
0.7664439876670093	0.5811416325735438
0.7661870503597122	0.5810600155884645
0.7659301130524152	0.5809783667900994
0.7659301130524152	0.5810916179337232
0.7659301130524152	0.581204913238448
0.7656731757451182	0.5811232449297972
0.7654162384378211	0.5810415447630193
0.7654162384378211	0.5811548966055404
0.7651593011305241	0.5810731707317073
0.7649023638232272	0.5809914129586261
0.7646454265159301	0.5809096232676166
0.7646454265159301	0.5810230378758298
0.7646454265159301	0.5811364967779731
0.7643884892086331	0.5810546875
0.7641315519013361	0.580972846259035
0.763874614594039	0.5808909730363423
0.763874614594039	0.5810044948211843
0.763874614594039	0.5811180609851446
0.763617677286742	0.5810361681329423
0.763617677286742	0.5811497849041846
0.763360739979445	0.5810678662233523
0.763360739979445	0.5811815336463224
0.763360739979445	0.5812952455488163
0.763103802672148	0.5812133072407045
0.762846865364851	0.5811313368565277
0.762846865364851	0.5812451057165231
0.762846865364851	0.581358919130605
0.762846865364851	0.581472777124951
0.762846865364851	0.5815866797257591
0.762846865364851	0.5817006269592476
0.762846865364851	0.5818146188516559
0.762846865364851	0.5819286554292434
0.762589928057554	0.5818466967261321
0.762589928057554	0.5819607843137254
0.762332990750257	0.5818787997646597
0.762332990750257	0.5819929384072186
0.7620760534429599	0.581910927996861
0.7620760534429599	0.5820251177394035
0.7620760534429599	0.5821393523061825
0.7618191161356629	0.5820573223400078
0.7615621788283659	0.5819752601610053
0.7615621788283659	0.582089552238806
0.7613052415210688	0.5820074641524259
0.7610483042137718	0.5819253438113949
0.7610483042137718	0.5820396934564748
0.7610483042137718	0.5821540880503144
0.7607913669064749	0.5820719481030077
0.7607913669064749	0.5821863940228077
0.7605344295991778	0.5821042281219272
0.7605344295991778	0.5822187254130606
0.7605344295991778	0.5823332677552626
0.7605344295991778	0.5824478551751279
0.7605344295991778	0.5825624876992718
0.7602774922918808	0.5824803149606299
0.7600205549845838	0.5823981098641465
0.7597636176772867	0.582315872390705
0.7597636176772867	0.5824305692337994
0.7597636176772867	0.5825453112687156
0.7597636176772867	0.5826600985221675
0.7597636176772867	0.5827749310208908
0.7595066803699897	0.5826926867731126
0.7595066803699897	0.582807570977918
0.7595066803699897	0.5829225004929994
0.7595066803699897	0.5830374753451677
0.7595066803699897	0.5831524955612547
0.7592497430626927	0.5830702446724546
0.7589928057553957	0.5829879613183343
0.7589928057553957	0.5831030398736676
0.7587358684480987	0.583020730503455
0.7584789311408017	0.5829383886255924
0.7584789311408017	0.5830535255777207
0.7584789311408017	0.5831687080205452
0.7584789311408017	0.5832839359810315
0.7584789311408017	0.583399209486166
0.7582219938335046	0.5833168610397311
0.7582219938335046	0.5834321866350336
0.7582219938335046	0.583547557840617
0.7582219938335046	0.5836629746835443
0.7582219938335046	0.5837784371909001
0.7579650565262076	0.5836960823110408
0.7577081192189106	0.5836136948347517
0.7574511819116135	0.5835312747426762
0.7571942446043165	0.5834488220154425
0.7569373072970196	0.5833663366336633
0.7566803699897225	0.5832838185779362
0.7566803699897225	0.5833993660855784
0.7564234326824255	0.5833168218743808
0.7564234326824255	0.5834324217201744
0.7561664953751285	0.5833498513379584
0.7561664953751285	0.5834655035685964
0.7559095580678314	0.5833829069998017
0.7556526207605344	0.5833002776675922
0.7553956834532374	0.5832176155524698
0.7551387461459403	0.5831349206349207
0.7551387461459403	0.58325064496924
0.7551387461459403	0.5833664152441445
0.7551387461459403	0.5834822314869962
0.7548818088386434	0.5833995234312946
0.7548818088386434	0.5835153922542204
0.7546248715313464	0.5834326579261025
0.7543679342240494	0.5833498907212398
0.7543679342240494	0.5834658187599364
0.7543679342240494	0.5835817928841185
0.7541109969167523	0.5834990059642147
0.7541109969167523	0.5836150328097037
0.7538540596094553	0.5835322195704057
0.7535971223021583	0.5834493733837278
0.7533401849948612	0.583366494230004
0.7533401849948612	0.5834825870646766
0.7530832476875642	0.5833996815286624
0.7528263103802673	0.5833167429822815
0.7525693730729702	0.5832337714058144
0.7523124357656732	0.583150766779526
0.7523124357656732	0.5832669322709163
0.7523124357656732	0.5833831440526002
0.7520554984583762	0.5833001195695496
0.7517985611510791	0.5832170619892366
0.7515416238437821	0.5831339712918661
0.7512846865364851	0.5830508474576271
0.751027749229188	0.5829676904666933
0.751027749229188	0.5830839816477159
0.751027749229188	0.5832003192338387
0.751027749229188	0.5833167032528438
0.751027749229188	0.5834331337325349
0.751027749229188	0.5835496107007386
0.7507708119218911	0.5834664536741214
0.7505138746145941	0.5833832634311963
0.7505138746145941	0.5834998002397124
0.7505138746145941	0.5836163836163836
0.7505138746145941	0.5837330135891287
0.750256937307297	0.5836498101139317
0.750256937307297	0.583766493402639
0.750256937307297	0.5838832233553289
0.75	0.5838
0.75	0.5839167833566713
0.749743062692703	0.5838335334133653
0.7494861253854059	0.5837502501500901
0.7492291880781089	0.5836669335468375
0.748972250770812	0.5835835835835835
0.748972250770812	0.5837004405286343
0.748972250770812	0.5838173442819948
0.748972250770812	0.5839342948717948
0.748972250770812	0.5840512923261871
0.748972250770812	0.5841683366733467
0.748972250770812	0.5842854279414712
0.7487153134635149	0.5842020850040096
0.7484583761562179	0.5841187086424704
0.7484583761562179	0.5842358604091457
0.7482014388489209	0.5841524573721163
0.7479445015416238	0.5840690208667737
0.7476875642343268	0.5839855508729681
0.7474306269270298	0.583902047370534
0.7474306269270298	0.5840192732383056
0.7471736896197327	0.5839357429718876
0.7471736896197327	0.5840530226953203
0.7469167523124358	0.583969465648855
0.7469167523124358	0.5840867992766727
0.7469167523124358	0.5842041800643086
0.7469167523124358	0.5843216080402011
0.7466598150051388	0.584238037796542
0.7466598150051388	0.5843555198069575
0.7464028776978417	0.584271922767498
0.7464028776978417	0.5843894588613961
0.7461459403905447	0.5843058350100604
0.7458890030832477	0.5842221775005031
0.7458890030832477	0.5843397745571659
0.7456320657759506	0.5842560901952889
0.7453751284686536	0.5841723721304873
0.7451181911613566	0.5840886203423967
0.7448612538540597	0.5840048348106366
0.7448612538540597	0.5841225065484585
0.7446043165467626	0.5840386940749698
0.7443473792394656	0.5839548478129409
0.7440904419321686	0.5838709677419355
0.7440904419321686	0.5841064945542558
0.7440904419321686	0.58422432923139
0.7440904419321686	0.5843422114608555
0.7440904419321686	0.584460141271443
0.7440904419321686	0.5845781186919661
0.7440904419321686	0.5846961437512619
0.7438335046248715	0.5846122778675282
0.7438335046248715	0.5847303575035346
0.7438335046248715	0.5848484848484848
0.7435765673175745	0.5847645989088704
0.7433196300102775	0.5846806790622474
0.7430626927029804	0.5845967252880534
0.7428057553956835	0.5845127375657097
0.7428057553956835	0.5846309403437816
0.7425488180883865	0.584546925566343
0.7422918807810894	0.5844628767954684
0.7420349434737924	0.5843787940105221
0.7417780061664954	0.584294677190852
0.7417780061664954	0.584412955465587
0.7417780061664954	0.5845312816359587
0.7415210688591983	0.5844471445929527
0.7412641315519013	0.5843629734656675
0.7412641315519013	0.5844813614262561
0.7412641315519013	0.5845997973657548
0.7410071942446043	0.5845156059991893
0.7410071942446043	0.584634096898439
0.7410071942446043	0.5847526358475263
0.7407502569373073	0.5846684242547151
0.7407502569373073	0.5847870182555781
0.7404933196300103	0.5847027794684521
0.7404933196300103	0.5848214285714286
0.7402363823227133	0.5847371625735742
0.7399794450154162	0.584652862362972
0.7397225077081192	0.5845685279187818
0.7397225077081192	0.5846872461413485
0.7394655704008222	0.584602884420069
0.7392086330935251	0.5845184884193417
0.7392086330935251	0.5846372688477952
0.7392086330935251	0.5847560975609756
0.7389516957862282	0.5846716812360235
0.7389516957862282	0.5847905652704352
0.7386947584789312	0.5847061216188733
0.7386947584789312	0.5848250610252238
0.7384378211716341	0.5847405900305188
0.7384378211716341	0.5848595848595849
0.7381808838643371	0.5847750865051903
0.7381808838643371	0.5848941368078175
0.737667009249743	0.584725050916497
0.737667009249743	0.5848441637808107
0.737410071942446	0.5847595762021189
0.737410071942446	0.5848787446504993
0.737153134635149	0.5847941296371789
0.737153134635149	0.5850326264274062
0.737153134635149	0.5851519477870691
0.736896197327852	0.5850673194614443
0.736382322713258	0.5850173504796897
0.7358684480986639	0.5850868232890705
0.7356115107913669	0.585002043318349
0.7356115107913669	0.5851216022889842
0.7353545734840699	0.5851564097321611
0.7348406988694759	0.5852261100879885
0.7345837615621789	0.5852610030706243
0.7343268242548818	0.5854158131913151
0.7332990750256937	0.5851958171006767
0.7330421377183967	0.5853508411981945
0.7330421377183967	0.5855911330049262
0.7330421377183967	0.5859519408502772
0.7312435765673175	0.5858377933305887
0.7309866392600206	0.5859938208032955
0.7266187050359713	0.5867219917012448
0.7009249743062693	0.590093013194895
0.6963001027749229	0.590800087202965
0.6947584789311408	0.5910382513661202
0.6942446043165468	0.5911179173047473
0.6939876670092497	0.59141668491351
0.6934737923946557	0.591237677984666
0.6932168550873586	0.591148115687993
0.6924460431654677	0.5911384075455144
0.6919321685508736	0.5914781462771799
0.6916752312435765	0.5916483516483516
0.6914182939362795	0.5918187816142512
0.6914182939362795	0.5919489661240651
0.6911613566289825	0.5918591859185919
0.6909044193216856	0.5917693661971831
0.6906474820143885	0.5916795069337443
0.6903905447070915	0.5915896081021577
0.6903905447070915	0.591719885487778
0.6901336073997945	0.5916299559471365
0.6901336073997945	0.5917602996254682
0.6901336073997945	0.5918907007492288
0.6901336073997945	0.5920211593564029
0.6898766700924974	0.591931216931217
0.6896197327852004	0.5918412348401323
0.6896197327852004	0.591971768857521
0.6896197327852004	0.5921023604676815
0.6893627954779034	0.5920123565754634
0.6893627954779034	0.5921430147870227
0.6893627954779034	0.5922737306843268
0.6893627954779034	0.5924045043055862
0.6891058581706063	0.5923144876325088
0.6888489208633094	0.592224431190634
0.6885919835560124	0.5921343349536015
0.6885919835560124	0.5922651933701657
0.6885919835560124	0.5923961096374889
0.6883350462487153	0.5923059915984966
0.6883350462487153	0.592436974789916
0.6883350462487153	0.5925680159256802
0.6883350462487153	0.5926991150442478
0.6883350462487153	0.5928302721841116
0.6883350462487153	0.5929614873837982
0.6883350462487153	0.5930927606818684
0.6883350462487153	0.5932240921169176
0.6880781089414183	0.5931339977851606
0.6880781089414183	0.593265396544085
0.6880781089414183	0.5933968535342344
0.6880781089414183	0.5935283687943262
0.6880781089414183	0.5936599423631124
0.6880781089414183	0.5937915742793791
0.6878211716341213	0.5937014859170547
0.6875642343268242	0.5936113575865128
0.6873072970195272	0.5935211892611493
0.6873072970195272	0.593652907234798
0.6873072970195272	0.5937846836847946
0.6870503597122302	0.5936944937833037
0.6870503597122302	0.593826337996891
0.6870503597122302	0.5939582407818748
0.6870503597122302	0.5940902021772939
0.6870503597122302	0.5942222222222222
0.6870503597122302	0.5943543009557679
0.6870503597122302	0.5944864384170743
0.6867934224049332	0.5943962641761175
0.6865364850976362	0.594306049822064
0.6862795477903392	0.5942157953281424
0.6862795477903392	0.5943480195816644
0.6862795477903392	0.5944803026930782
0.6862795477903392	0.594612644701692
0.6860226104830421	0.5945223780895124
0.6857656731757451	0.5944320712694877
0.6857656731757451	0.5945644909779461
0.6855087358684481	0.5944741532976827
0.685251798561151	0.594383775351014
0.6849948612538541	0.594293357111012
0.6849948612538541	0.5944258639910813
0.6847379239465571	0.594335414808207
0.6847379239465571	0.5944679901851438
0.68448098663926	0.5943775100401606
0.684224049331963	0.5942869895112698
0.683967112024666	0.5941964285714286
0.683967112024666	0.5943290913150256
0.683967112024666	0.5944618133095132
0.683967112024666	0.5945945945945946
0.683967112024666	0.5947274352100089
0.683967112024666	0.5948603351955307
0.683967112024666	0.5949932945909701
0.683967112024666	0.5951263134361726
0.683967112024666	0.5952593917710197
0.683967112024666	0.5953925296354283
0.683967112024666	0.5955257270693513
0.683710174717369	0.5954352204072499
0.6834532374100719	0.5953446732318711
0.6831963001027749	0.5952540855160062
0.6831963001027749	0.5953873712494402
0.6831963001027749	0.5955207166853304
0.6831963001027749	0.5956541218637993
0.682939362795478	0.5955635222944208
0.6826824254881809	0.5954728821156432
0.6824254881808839	0.595382201300157
0.6824254881808839	0.5955156950672645
0.6821685508735869	0.5954249831800852
0.6821685508735869	0.5955585464333782
0.6819116135662898	0.595467803455239
0.6816546762589928	0.5953770197486535
0.6813977389516958	0.5952861952861953
0.6813977389516958	0.5954198473282443
0.6811408016443987	0.5953289916909948
0.6811408016443987	0.5954627133872417
0.6811408016443987	0.5955964951696248
0.6808838643371018	0.5955056179775281
0.6808838643371018	0.5956394695437177
0.6808838643371018	0.595773381294964
0.6808838643371018	0.5959073532718687
0.6808838643371018	0.5960413855150697
0.6806269270298048	0.5959505061867266
0.6803699897225077	0.5958595859585959
0.6803699897225077	0.5959936979518343
0.6801130524152107	0.5959027465105808
0.6798561151079137	0.5958117541094348
0.6798561151079137	0.595945945945946
0.6798561151079137	0.5960801982428475
0.6798561151079137	0.5962145110410094
0.6798561151079137	0.5963488843813387
0.6795991778006166	0.5962578899909828
0.6793422404933196	0.5961668545659526
0.6793422404933196	0.5963013080739739
0.6793422404933196	0.5964358222422739
0.6793422404933196	0.5965703971119134
0.6793422404933196	0.5967050327239901
0.6790853031860226	0.5966139954853273
0.6790853031860226	0.5967487017385414
0.6790853031860226	0.5968834688346883
0.6788283658787256	0.5967924102100746
0.6785714285714286	0.596701310438319
0.6785714285714286	0.5968361581920903
0.6785714285714286	0.5969710669077758
0.6785714285714286	0.5971060366267239
0.6783144912641316	0.5970149253731343
0.6783144912641316	0.5971499660710247
0.6780575539568345	0.5970588235294118
0.6778006166495375	0.5969676397374972
0.6775436793422405	0.5968764146672703
0.6772867420349434	0.5967851482906951
0.6770298047276464	0.5966938405797102
0.6767728674203495	0.5966024915062288
0.6767728674203495	0.5967376529225192
0.6767728674203495	0.5968728755948335
0.6767728674203495	0.5970081595648232
0.6767728674203495	0.5971435048741782
0.6767728674203495	0.5972789115646259
0.6767728674203495	0.5974143796779315
0.6765159301130524	0.5973230490018149
0.6762589928057554	0.5972316768776946
0.6762589928057554	0.5973672265093055
0.6760020554984584	0.5972758229284904
0.6760020554984584	0.5974114441416893
0.6757451181911613	0.5973200090847149
0.6754881808838643	0.597228532485234
0.6754881808838643	0.5973642354010452
0.6754881808838643	0.5975
0.6754881808838643	0.5976358263241646
0.6752312435765673	0.597544338335607
0.6749743062692704	0.5974528087332271
0.6749743062692704	0.5975887170154686
0.6747173689619733	0.5974971558589306
0.6744604316546763	0.5974055530268548
0.6742034943473793	0.5973139084907808
0.6739465570400822	0.5972222222222222
0.6736896197327852	0.5971304941926668
0.6736896197327852	0.5972665148063782
0.6734326824254881	0.5971747550694919
0.6731757451181911	0.5970829535095715
0.6731757451181911	0.5972190563027125
0.6731757451181911	0.5973552211582307
0.6731757451181911	0.5974914481185861
0.6731757451181911	0.5976277372262774
0.6729188078108942	0.5975359342915811
0.6729188078108942	0.5976722957553628
0.6729188078108942	0.5978087194704406
0.6726618705035972	0.597716894977169
0.6726618705035972	0.5978533911852021
0.6726618705035972	0.5979899497487438
0.6726618705035972	0.5981265707105323
0.6726618705035972	0.5982632541133455
0.6724049331963001	0.5981714285714286
0.6724049331963001	0.5983081847279378
0.6724049331963001	0.5984450034301395
0.6724049331963001	0.5985818847209515
0.6721479958890031	0.5984900480439259
0.6718910585817061	0.5983981693363845
0.671634121274409	0.5983062485694667
0.671377183967112	0.5982142857142857
0.671377183967112	0.5983512708953515
0.671377183967112	0.5984883188273019
0.671377183967112	0.5986254295532646
0.671377183967112	0.5987626031164069
0.671120246659815	0.5986706394682558
0.670863309352518	0.598578633654287
0.670606372045221	0.5984865856454942
0.670349434737924	0.5983944954128441
0.6700924974306269	0.5983023629272769
0.6700924974306269	0.5984396512161542
0.6700924974306269	0.5985770025246729
0.6698355601233299	0.5984848484848485
0.6698355601233299	0.598622273249139
0.6695786228160329	0.5985300872760679
0.6695786228160329	0.5986675855731679
0.6695786228160329	0.5988051470588235
0.6693216855087358	0.5987129395541255
0.6690647482014388	0.5986206896551725
0.6688078108941419	0.5985283973327201
0.6685508735868448	0.5984360625574977
0.6682939362795478	0.598343685300207
0.6680369989722508	0.5982512655315232
0.6677800616649537	0.5981588032220944
0.6675231243576567	0.5980662983425414
0.6675231243576567	0.5982040064471563
0.6675231243576567	0.5983417779824965
0.6675231243576567	0.598479612992398
0.6672661870503597	0.5983870967741935
0.6672661870503597	0.5985250057616962
0.6670092497430626	0.5984324573536192
0.6670092497430626	0.5985704403965875
0.6670092497430626	0.5987084870848709
0.6670092497430626	0.5988465974625145
0.6670092497430626	0.5989847715736041
0.6670092497430626	0.5991230094622664
0.6670092497430626	0.5992613111726686
0.6667523124357657	0.599168783190949
0.6664953751284687	0.5990762124711316
0.6662384378211716	0.598983598983599
0.6662384378211716	0.5991219963031423
0.6659815005138746	0.5990293505893228
0.6659815005138746	0.5991678224687933
0.6657245632065776	0.5990751445086705
0.6657245632065776	0.599213691026827
0.6654676258992805	0.5991209808003701
0.6652106885919835	0.5990282276723738
0.6652106885919835	0.5991668595232585
0.6652106885919835	0.5993055555555555
0.6652106885919835	0.5994443158138458
0.6652106885919835	0.5995831403427513
0.6649537512846866	0.5994903868427148
0.6649537512846866	0.5996292863762743
0.6646968139773896	0.5995365005793742
0.6644398766700925	0.5994436717663422
0.6641829393627955	0.5993507999072571
0.6641829393627955	0.5994897959183674
0.6641829393627955	0.5996288564138251
0.6639260020554985	0.5995359628770301
0.6636690647482014	0.599443026224182
0.6634121274409044	0.5993500464252554
0.6634121274409044	0.5994892036220106
0.6631551901336074	0.5995354239256678
0.6631551901336074	0.5996747211895911
0.6631551901336074	0.599814083197769
0.6628982528263104	0.5998604975587073
0.6626413155190134	0.5999069551058386
0.6623843782117164	0.6000931098696461
0.6623843782117164	0.60023282887078
0.6621274409044193	0.6001397298556125
0.6621274409044193	0.6002795248078266
0.6618705035971223	0.600326264274062
0.6616135662898253	0.60037304733038
0.6613566289825282	0.6002798507462687
0.6613566289825282	0.6004198740377886
0.6610996916752312	0.6003266448903406
0.6608427543679343	0.6002333722287048
0.6605858170606372	0.6002801774457156
0.6603288797533402	0.6003270263957019
0.6600719424460432	0.6002336448598131
0.6598150051387461	0.6001402196774948
0.6598150051387461	0.6002805049088359
0.6598150051387461	0.6004208557400047
0.6598150051387461	0.6005612722170253
0.6595580678314491	0.6004678362573099
0.6595580678314491	0.6006083294337857
0.6593011305241521	0.600514860753569
0.659044193216855	0.6004213483146067
0.6587872559095581	0.6003277920861625
0.6585303186022611	0.6002341920374707
0.658273381294964	0.6001405481377372
0.658016443987667	0.6000468603561387
0.65775950668037	0.5999531286618233
0.65775950668037	0.6000937646507267
0.65775950668037	0.6002344665885111
0.6575025693730729	0.600140712945591
0.6575025693730729	0.6002814919071077
0.6575025693730729	0.6004223369310183
0.6575025693730729	0.6005632480638348
0.6572456320657759	0.6004694835680752
0.656988694758479	0.6003756750410895
0.656731757451182	0.6002818224518554
0.656731757451182	0.6004228329809725
0.6564748201438849	0.600328947368421
0.6562178828365879	0.6002350176263219
0.6562178828365879	0.6003761165961448
0.6562178828365879	0.6005172819186456
0.6559609455292909	0.6004233301975541
0.6557040082219938	0.6003293342742884
0.6554470709146968	0.6002352941176471
0.6554470709146968	0.6003765591903978
0.6554470709146968	0.600517890772128
0.6551901336073997	0.6004238285848834
0.6551901336073997	0.6005652378709374
0.6549331963001028	0.6004711425206125
0.6546762589928058	0.6003770028275212
0.6544193216855088	0.6002828187603111
0.6544193216855088	0.6004243281471005
0.6544193216855088	0.6005659042678614
0.6541623843782117	0.6004716981132076
0.6539054470709147	0.6003774475112055
0.6536485097636177	0.6002831524303917
0.6533915724563206	0.6001888128392731
0.6533915724563206	0.6003305004721435
0.6533915724563206	0.6004722550177095
0.6531346351490236	0.6003778932451582
0.6518499486125385	0.600473372781065
0.6513360739979445	0.6007109004739336
0.6510791366906474	0.6007586533902324
0.6503083247687564	0.6006169909824395
0.6500513874614594	0.600664767331434
0.6500513874614594	0.6008074091664688
0.6500513874614594	0.6009501187648456
0.6497944501541624	0.6008553100498931
0.6495375128468653	0.6007604562737643
0.6490236382322713	0.6005706134094151
0.6487667009249743	0.6004756242568371
0.6487667009249743	0.6006184586108468
0.6487667009249743	0.6007613609326672
0.6487667009249743	0.6009043312708234
0.6487667009249743	0.6010473696738872
0.6485097636176773	0.6009523809523809
0.6485097636176773	0.6010954989283163
0.6485097636176773	0.6012386850881372
0.6482528263103803	0.6011436740528949
0.6479958890030832	0.6010486177311726
0.6477389516957862	0.600953516090584
0.6474820143884892	0.6008583690987125
0.6474820143884892	0.6010016694490818
0.6474820143884892	0.601145038167939
0.6474820143884892	0.6012884753042234
0.6474820143884892	0.6014319809069213
0.6472250770811921	0.6013368345667224
0.6469681397738952	0.6012416427889207
0.6467112024665982	0.6011464055409601
0.6464542651593012	0.6010511227902532
0.6464542651593012	0.601194743130227
0.6461973278520041	0.6010994263862333
0.6461973278520041	0.6012431269423858
0.6459403905447071	0.6011477761836442
0.6459403905447071	0.6012915570437695
0.6459403905447071	0.6014354066985645
0.6459403905447071	0.6015793251974156
0.64568345323741	0.6014839636189564
0.64568345323741	0.6016279626526215
0.64568345323741	0.601772030651341
0.64568345323741	0.6019161676646707
0.64568345323741	0.6020603737422137
0.645426515930113	0.6019650131799664
0.645426515930113	0.6021093000958773
0.645169578622816	0.6020139055382402
0.645169578622816	0.602158273381295
0.645169578622816	0.60230271048213
0.6449126413155191	0.6022072936660269
0.6449126413155191	0.6023518118550516
0.644655704008222	0.6022563610177628
0.644398766700925	0.6021608643457383
0.644398766700925	0.6023054755043228
0.644141829393628	0.6022099447513812
0.6438848920863309	0.6021143680922634
0.6436279547790339	0.6020187454938717
0.6436279547790339	0.6021634615384616
0.6433710174717369	0.6020678047607598
0.6431140801644398	0.6019721019721019
0.6431140801644398	0.6021169112340631
0.6431140801644398	0.6022617901828682
0.6431140801644398	0.6024067388688328
0.6431140801644398	0.6025517573423207
0.6428571428571429	0.6024560558632314
0.6428571428571429	0.6026011560693642
0.6428571428571429	0.6027463261864611
0.6426002055498459	0.6026506024096385
0.6426002055498459	0.6027958544227525
0.6426002055498459	0.6029411764705882
0.6423432682425488	0.6028454304316373
0.6423432682425488	0.602990834539315
0.6423432682425488	0.6031363088057901
0.6420863309352518	0.6030405405405406
0.6418293936279548	0.6029447260439296
0.6415724563206577	0.6028488652824723
0.6415724563206577	0.602994445786042
0.6413155190133607	0.6028985507246377
0.6413155190133607	0.603044213578159
0.6413155190133607	0.6031899468342194
0.6413155190133607	0.6033357505438723
0.6413155190133607	0.6034816247582205
0.6410585817060637	0.6033857315598549
0.6410585817060637	0.6035316884373488
0.6410585817060637	0.6036777159448342
0.6408016443987667	0.6035818005808326
0.6405447070914697	0.6034858387799564
0.6402877697841727	0.6033898305084746
0.6402877697841727	0.6035359651247275
0.6400308324768756	0.6034399224806202
0.6400308324768756	0.6035861400533075
0.6400308324768756	0.6037324285021813
0.6400308324768756	0.6038787878787879
0.6397738951695786	0.6037827352085354
0.6395169578622816	0.6036866359447005
0.6392600205549845	0.6035904900533722
0.6390030832476875	0.6034942975006067
0.6390030832476875	0.6036407766990292
0.6390030832476875	0.6037873270211216
0.6390030832476875	0.6039339485186984
0.6387461459403906	0.6038377459315035
0.6384892086330936	0.6037414965986394
0.6382322713257965	0.6036452004860268
0.6382322713257965	0.6037919299951385
0.6379753340184995	0.6036955993192317
0.6379753340184995	0.6038424124513618
0.6379753340184995	0.6039892970080273
0.6377183967112025	0.6038929440389295
0.6374614594039054	0.6037965441713312
0.6374614594039054	0.6039435248296008
0.6374614594039054	0.6040905770635501
0.6372045220966084	0.6039941548952752
0.6369475847893115	0.6038976857490865
0.6366906474820144	0.6038011695906432
0.6364337101747174	0.6037046063855716
0.6361767728674204	0.6036079960994637
0.6359198355601233	0.6035113386978785
0.6359198355601233	0.6036585365853658
0.6356628982528263	0.603561844352281
0.6356628982528263	0.6037091264031235
0.6356628982528263	0.6038564803514767
0.6354059609455293	0.603759765625
0.6354059609455293	0.6039072039072039
0.6351490236382322	0.6038104543234001
0.6351490236382322	0.6039579770339604
0.6348920863309353	0.60386119257087
0.6348920863309353	0.6040087998044488
0.6348920863309353	0.604156479217604
0.6346351490236383	0.6040596722915138
0.6343782117163412	0.6039628180039139
0.6341212744090442	0.6038659163200392
0.6341212744090442	0.6040137053352912
0.6338643371017472	0.6039167686658506
0.6336073997944501	0.6038197845249755
0.6336073997944501	0.6039676708302718
0.6333504624871531	0.6038706516413522
0.6333504624871531	0.6040186228865474
0.6333504624871531	0.6041666666666666
0.6330935251798561	0.6040696249080657
0.6330935251798561	0.6042177538008828
0.6330935251798561	0.6043659553593328
0.6328365878725591	0.6042688910696762
0.6325796505652621	0.6041717791411043
0.6323227132579651	0.604074619538537
0.6323227132579651	0.6042229315001227
0.6323227132579651	0.6043713163064833
0.632065775950668	0.604274134119381
0.631808838643371	0.6041769041769042
0.631551901336074	0.6040796264438437
0.631551901336074	0.604228121927237
0.631551901336074	0.6043766904352103
0.6312949640287769	0.6042793900639449
0.6312949640287769	0.6044280442804428
0.6310380267214799	0.6043307086614174
0.6310380267214799	0.604479448683239
0.630781089414183	0.6043820777941901
0.630781089414183	0.604530903718296
0.630781089414183	0.604679802955665
0.630524152106886	0.6045824094604583
0.6302672147995889	0.6044849679645146
0.6300102774922919	0.6043874784323392
0.6300102774922919	0.6045364891518737
0.6300102774922919	0.6046855733662145
0.6300102774922919	0.6048347311297484
0.6297533401849948	0.6047372316802369
0.6297533401849948	0.6048864758144127
0.6294964028776978	0.6047889410022217
0.6292394655704008	0.6046913580246913
0.6292394655704008	0.604840701407755
0.6289825282631039	0.6047430830039525
0.6289825282631039	0.6048925129725723
0.6287255909558068	0.6047948591201187
0.6287255909558068	0.6049443757725587
0.6284686536485098	0.6048466864490604
0.6284686536485098	0.6049962898837496
0.6282117163412128	0.6048985650667986
0.6282117163412128	0.6050482553823311
0.6279547790339157	0.6049504950495049
0.6276978417266187	0.6048526863084922
0.6274409044193217	0.6047548291233283
0.6274409044193217	0.6049046321525886
0.6274409044193217	0.6050545094152626
0.6271839671120246	0.6049566294919455
0.6271839671120246	0.605106593951413
0.6271839671120246	0.6052566327795685
0.6269270298047277	0.6051587301587301
0.6269270298047277	0.6053088563631853
0.6269270298047277	0.6054590570719603
0.6266700924974307	0.6053611317944899
0.6264131551901336	0.6052631578947368
0.6264131551901336	0.6054134591507325
0.6264131551901336	0.6055638350720318
0.6264131551901336	0.6057142857142858
0.6261562178828366	0.6056163021868787
0.6261562178828366	0.6057668406661695
0.6258992805755396	0.6056688214818499
0.6256423432682425	0.6055707535438946
0.6256423432682425	0.6057213930348259
0.6256423432682425	0.6058721074894252
0.6256423432682425	0.6060228969636635
0.6256423432682425	0.6061737615135674
0.6256423432682425	0.6063247011952191
0.6253854059609455	0.6062266500622665
0.6251284686536485	0.6061285500747384
0.6251284686536485	0.6062795913281834
0.6248715313463515	0.6061814556331007
0.6248715313463515	0.606332585390177
0.6248715313463515	0.6064837905236907
0.6248715313463515	0.6066350710900474
0.6246145940390545	0.6065369261477046
0.6246145940390545	0.6066882954829049
0.6243576567317575	0.6065901148277584
0.6241007194244604	0.6064918851435706
0.6238437821171634	0.6063936063936064
0.6235868448098664	0.6062952785410942
0.6235868448098664	0.6064467766116941
0.6233299075025693	0.6063484128967758
0.6230729701952723	0.60625
0.6230729701952723	0.6064016004001
0.6230729701952723	0.6065532766383191
0.6230729701952723	0.6067050287715787
0.6230729701952723	0.6068568568568569
0.6230729701952723	0.6070087609511889
0.6230729701952723	0.6071607411116675
0.6230729701952723	0.607312797395442
0.6230729701952723	0.6074649298597194
0.6228160328879754	0.6073665747932849
0.6228160328879754	0.6075187969924812
0.6225590955806783	0.6074204061168212
0.6223021582733813	0.607321965897693
0.6223021582733813	0.6074742914472034
0.6223021582733813	0.6076266934269945
0.6220452209660843	0.6075282308657466
0.6220452209660843	0.6076807228915663
0.6217882836587872	0.6075822244539292
0.6217882836587872	0.6077348066298343
0.6215313463514902	0.6076362722933936
0.6212744090441932	0.607537688442211
0.6210174717368961	0.6074390550389545
0.6210174717368961	0.6075917546505781
0.6210174717368961	0.607744531053558
0.6207605344295992	0.607645875251509
0.6205035971223022	0.6075471698113207
0.6205035971223022	0.6077000503271264
0.6202466598150052	0.6076013088346338
0.6202466598150052	0.607754279959718
0.6202466598150052	0.6079073281289348
0.6199897225077081	0.607808564231738
0.6197327852004111	0.6077097505668935
0.6197327852004111	0.6078629032258065
0.6197327852004111	0.608016133098059
0.6197327852004111	0.6081694402420574
0.6197327852004111	0.6083228247162673
0.619475847893114	0.6082240161453077
0.619218910585817	0.6081251577088065
0.6189619732785201	0.6080262493690055
0.6187050359712231	0.6079272910881091
0.6187050359712231	0.6080808080808081
0.618448098663926	0.6079818135892903
0.618191161356629	0.6078827690752906
0.618191161356629	0.6080363912054587
0.617934224049332	0.6079373104145601
0.6176772867420349	0.6078381795195954
0.6176772867420349	0.6079919069296914
0.6176772867420349	0.6081457121173792
0.6174203494347379	0.6080465587044535
0.6171634121274409	0.6079473550999747
0.6169064748201439	0.6078481012658228
0.6166495375128469	0.6077487971638389
0.6166495375128469	0.60790273556231
0.6163926002055499	0.6078033949835318
0.6161356628982528	0.607704004054739
0.6161356628982528	0.6078580481622307
0.6161356628982528	0.6080121703853956
0.6161356628982528	0.6081663707836673
0.6161356628982528	0.6083206494165398
0.6161356628982528	0.6084750063435677
0.6158787255909558	0.6083756345177666
0.6158787255909558	0.6085300837776085
0.6158787255909558	0.6086846114779075
0.6156217882836588	0.6085852171704343
0.6153648509763617	0.6084857723577236
0.6151079136690647	0.6083862770012707
0.6148509763617678	0.6082867310625317
0.6145940390544707	0.6081871345029239
0.6145940390544707	0.6083418107833164
0.6145940390544707	0.6084965657593487
0.6143371017471737	0.6083969465648855
0.6140801644398767	0.608297276660728
0.6138232271325796	0.6081975560081466
0.6135662898252826	0.6080977845683728
0.6133093525179856	0.6079979623025981
0.6130524152106885	0.6078980891719745
0.6130524152106885	0.608053007135576
0.6127954779033916	0.6079530971195514
0.6127954779033916	0.6081081081081081
0.6125385405960946	0.6080081611833716
0.6122816032887975	0.6079081632653062
0.6120246659815005	0.6078081143148762
0.6120246659815005	0.6079632465543645
0.6117677286742035	0.6078631605820781
0.6117677286742035	0.6080183861082737
0.6117677286742035	0.6081736909323117
0.6115107913669064	0.6080735820132857
0.6115107913669064	0.6082289803220036
0.6115107913669064	0.6083844580777096
0.6112538540596094	0.6082843262592688
0.6112538540596094	0.6084398976982097
0.6112538540596094	0.6085955487336915
0.6109969167523125	0.6084953940634595
0.6107399794450155	0.6083951881238802
0.6104830421377184	0.6082949308755761
0.6104830421377184	0.6084507042253521
0.6104830421377184	0.6086065573770492
0.6102261048304214	0.6085062772226493
0.6102261048304214	0.6086622245002563
0.6099691675231244	0.6085619072032812
0.6099691675231244	0.6087179487179487
0.6097122302158273	0.6086175942549371
0.6097122302158273	0.6087737301180093
0.6094552929085303	0.6086733384654863
0.6094552929085303	0.608829568788501
0.6094552929085303	0.6089858793324775
0.6094552929085303	0.6091422701592193
0.6091983556012333	0.6090418700231184
0.6091983556012333	0.6091983556012333
0.6091983556012333	0.609354921613981
0.6091983556012333	0.6095115681233934
0.6091983556012333	0.609668295191566
0.6091983556012333	0.6098251028806584
0.6091983556012333	0.6099819912528943
0.6091983556012333	0.610138960370561
0.6089414182939363	0.61003861003861
0.6086844809866393	0.6099382080329557
0.6086844809866393	0.6100952871491115
0.6086844809866393	0.610252447192169
0.6086844809866393	0.6104096882246843
0.6084275436793423	0.6103092783505155
0.6081706063720452	0.6102088167053364
0.6081706063720452	0.610366168127901
0.6081706063720452	0.6105236007222079
0.6079136690647482	0.6104231166150671
0.6079136690647482	0.6105806451612903
0.6079136690647482	0.610738255033557
0.6076567317574512	0.6106377485153628
0.6076567317574512	0.6107954545454546
0.6073997944501541	0.6106949108757427
0.6073997944501541	0.6108527131782946
0.6073997944501541	0.6110105970535022
0.6073997944501541	0.6111685625646329
0.6071428571428571	0.6110680113783294
0.6071428571428571	0.6112260734609415
0.6068859198355602	0.6111254851228978
0.6068859198355602	0.6112836438923396
0.6068859198355602	0.6114418845456899
0.6068859198355602	0.6116002071465562
0.6068859198355602	0.6117586117586118
0.6068859198355602	0.6119170984455958
0.6066289825282631	0.6118165327805131
0.6063720452209661	0.6117159149818558
0.6063720452209661	0.6118745138708841
0.6061151079136691	0.6117738589211619
0.605858170606372	0.6116731517509728
0.605601233299075	0.6115723923196679
0.605344295991778	0.6114715805865559
0.6050873586844809	0.6113707165109035
0.6050873586844809	0.6115294728641911
0.6050873586844809	0.6116883116883117
0.6050873586844809	0.6118472330475448
0.604830421377184	0.6117463617463618
0.604830421377184	0.6119053808162205
0.604573484069887	0.6118044721788871
0.604573484069887	0.611963589076723
0.60431654676259	0.6118626430801248
0.60431654676259	0.6120218579234973
0.60431654676259	0.6121811556480999
0.60431654676259	0.612340536318667
0.60431654676259	0.6125
0.6040596094552929	0.6123990622557958
0.6040596094552929	0.612558624283481
0.6040596094552929	0.6127182694813657
0.6038026721479959	0.6126173096976016
0.6035457348406988	0.61251629726206
0.6032887975334018	0.612415232133542
0.6032887975334018	0.6125750065223063
0.6032887975334018	0.6127348643006263
0.6030318602261048	0.6126337770817019
0.6030318602261048	0.6127937336814622
0.6030318602261048	0.6129537738312876
0.6030318602261048	0.6131138975966562
0.6030318602261048	0.6132741050431147
0.6027749229188079	0.6131730266596969
0.6027749229188079	0.6133333333333333
0.6025179856115108	0.6132322175732218
0.6025179856115108	0.6133926235940361
0.6025179856115108	0.6135531135531136
0.6022610483042138	0.6134519759225334
0.6020041109969168	0.6133507853403142
0.6017471736896197	0.6132495417648599
0.6014902363823227	0.6131482451545311
0.6014902363823227	0.6133088813204087
0.6012332990750257	0.6132075471698113
0.6012332990750257	0.6133682830930537
0.6009763617677287	0.6132669113791295
0.6009763617677287	0.6134277471806976
0.6007194244604317	0.6133263378803777
0.6007194244604317	0.6134872736814484
0.6004624871531347	0.6133858267716535
0.6004624871531347	0.6135468626936204
0.6002055498458376	0.6134453781512605
0.5999486125385406	0.6133438402941949
0.5996916752312436	0.6132422490803994
0.5994347379239465	0.6131406044678055
0.5994347379239465	0.6133017875920084
0.5994347379239465	0.6134630554825138
0.5991778006166495	0.6133613887427669
0.5989208633093526	0.6132596685082873
0.5986639260020555	0.6131578947368421
0.5984069886947585	0.6130560673861543
0.5984069886947585	0.6132174828857293
0.5981500513874615	0.6131156175928365
0.5981500513874615	0.613277133825079
0.5978931140801644	0.6131752305665349
0.5978931140801644	0.6133368476541908
0.5978931140801644	0.6134985499604535
0.5976361767728674	0.6133966244725738
0.5976361767728674	0.6135584278554471
0.5976361767728674	0.6137203166226913
0.5973792394655704	0.613618368962787
0.5971223021582733	0.6135163674762407
0.5971223021582733	0.6136783733826248
0.5971223021582733	0.6138404648705758
0.5971223021582733	0.614002642007926
0.5971223021582733	0.6141649048625792
0.5971223021582733	0.6143272535025113
0.5971223021582733	0.6144896879957694
0.5968653648509764	0.6143877281142555
0.5966084275436794	0.6142857142857143
0.5963514902363823	0.6141836464673194
0.5963514902363823	0.6143462149285336
0.5960945529290853	0.6142441090812815
0.5958376156217883	0.6141419491525424
0.5955806783144912	0.6140397350993377
0.5955806783144912	0.6142024377318495
0.5955806783144912	0.6143652266101246
0.5955806783144912	0.6145281018027572
0.5955806783144912	0.6146910633784142
0.5955806783144912	0.6148541114058356
0.5953237410071942	0.6147519235871584
0.5953237410071942	0.6149150743099787
0.5950668036998972	0.6148128484204938
0.5948098663926003	0.6147105682421667
0.5948098663926003	0.6148738379814077
0.5945529290853032	0.6147715196599363
0.5945529290853032	0.6149348923731066
0.5945529290853032	0.6150983519404573
0.5942959917780062	0.6149960116990162
0.5940390544707091	0.6148936170212767
0.5937821171634121	0.6147911678637935
0.5937821171634121	0.6149547631718999
0.5937821171634121	0.6151184455682726
0.5935251798561151	0.6150159744408946
0.593268242548818	0.61491344873502
0.593011305241521	0.6148108684070325
0.593011305241521	0.614974686917133
0.5927543679342241	0.6148720682302772
0.5927543679342241	0.6150359904025593
0.5924974306269271	0.6149333333333333
0.59224049331963	0.6148306214990664
0.591983556012333	0.6147278548559232
0.591983556012333	0.6148919135308246
0.591983556012333	0.615056059797117
0.591983556012333	0.6152202937249667
0.591726618705036	0.6151175213675214
0.5914696813977389	0.6150146940956452
0.5914696813977389	0.6151790486370925
0.5912127440904419	0.6150761828388132
0.590955806783145	0.6149732620320856
0.5906988694758479	0.6148702861727735
0.5906988694758479	0.6150347779561263
0.5904419321685509	0.6149317634466149
0.5901849948612539	0.6148286937901499
0.5899280575539568	0.6147255689424365
0.5899280575539568	0.6148901981788967
0.5899280575539568	0.6150549156174658
0.5896711202466598	0.614951768488746
0.5896711202466598	0.6151165907263468
0.5896711202466598	0.6152815013404825
0.5894141829393628	0.6151783319924913
0.5891572456320657	0.6150751072961373
0.5889003083247688	0.6149718272068688
0.5886433710174718	0.6148684916800858
0.5883864337101747	0.614765100671141
0.5883864337101747	0.6149301825993555
0.5881294964028777	0.6148267526188558
0.5878725590955807	0.61472326706072
0.5876156217882836	0.6146197258801398
0.5873586844809866	0.614516129032258
0.5873586844809866	0.614681365958591
0.5871017471736896	0.6145777299623454
0.5868448098663926	0.6144740382028517
0.5868448098663926	0.6146393972012917
0.5868448098663926	0.6148048452220727
0.5868448098663926	0.6149703823371029
0.5865878725590956	0.6148666846215998
0.5865878725590956	0.6150323275862069
0.5863309352517986	0.6149285906763675
0.5863309352517986	0.6150943396226415
0.5860739979445015	0.6149905634942033
0.5860739979445015	0.6151564185544768
0.5858170606372045	0.615052603183167
0.5855601233299075	0.6149487317862925
0.5853031860226104	0.6148448043184885
0.5853031860226104	0.6150107991360692
0.5850462487153134	0.6149068322981367
0.5850462487153134	0.6150729335494327
0.5847893114080165	0.6149689273169414
0.5845323741007195	0.6148648648648649
0.5842754367934224	0.6147607461476075
0.5842754367934224	0.6149269875608437
0.5840184994861254	0.6148228293210711
0.5837615621788284	0.6147186147186147
0.5835046248715313	0.6146143437077132
0.5835046248715313	0.6147807255008121
0.5835046248715313	0.6149471974004874
0.5835046248715313	0.6151137594799566
0.5835046248715313	0.6152804118125169
0.5832476875642343	0.6151761517615176
0.5829907502569374	0.6150718351856872
0.5827338129496403	0.6149674620390455
0.5827338129496403	0.6151342554922702
0.5824768756423433	0.6150298426478568
0.5822199383350463	0.6149253731343284
0.5822199383350463	0.6150922909880565
0.5819630010277492	0.6149877816997014
0.5819630010277492	0.6151548071700162
0.5819630010277492	0.615321923390383
0.5819630010277492	0.6154891304347826
0.5817060637204522	0.6153846153846154
0.5817060637204522	0.6155519303969549
0.5817060637204522	0.6157193364155562
0.5814491264131552	0.6156147986942329
0.5814491264131552	0.61578231292517
0.5811921891058581	0.6156777354382145
0.5811921891058581	0.6158453580179689
0.5809352517985612	0.6157407407407407
0.5809352517985612	0.6159084718060474
0.5806783144912642	0.6158038147138964
0.5806783144912642	0.6159716544017444
0.5804213771839671	0.6158669574700109
0.5801644398766701	0.6157622034360513
0.5801644398766701	0.6159301691216584
0.5801644398766701	0.6160982264665757
0.5799075025693731	0.6159934497816594
0.5799075025693731	0.6161616161616161
0.5799075025693731	0.6163298743855816
0.579650565262076	0.6162250751160885
0.579393627954779	0.6161202185792349
0.579136690647482	0.6160153047280678
0.579136690647482	0.6161837069436851
0.579136690647482	0.6163522012578616
0.579136690647482	0.6165207877461707
0.578879753340185	0.6164158686730506
0.578622816032888	0.6163108921729611
0.578622816032888	0.6164796058034492
0.578365878725591	0.6163745892661555
0.5781089414182939	0.6162695152013147
0.5781089414182939	0.6164383561643836
0.5781089414182939	0.6166072896684023
0.5778520041109969	0.6165021929824561
0.5775950668036999	0.6163970386619139
0.5775950668036999	0.6165660998354361
0.5773381294964028	0.6164609053497943
0.5773381294964028	0.6166300768386389
0.5773381294964028	0.6167993412023058
0.5773381294964028	0.6169686985172982
0.5773381294964028	0.6171381488602032
0.5773381294964028	0.6173076923076923
0.5770811921891058	0.6172025281670789
0.5768242548818089	0.6170973062122045
0.5765673175745119	0.6169920263953808
0.5765673175745119	0.6171617161716172
0.5765673175745119	0.6173314993122421
0.5765673175745119	0.6175013758943313
0.5763103802672148	0.6173960913845307
0.5760534429599178	0.6172907488986784
0.5760534429599178	0.6174607546130543
0.5760534429599178	0.6176308539944904
0.5757965056526207	0.6175254891154588
0.5755395683453237	0.61742006615215
0.5752826310380267	0.6173145850565206
0.5750256937307296	0.6172090457804743
0.5750256937307296	0.6173793103448276
0.5750256937307296	0.6175496688741722
0.5747687564234327	0.6174441070935689
0.5747687564234327	0.6176145775814467
0.5747687564234327	0.6177851422259044
0.5747687564234327	0.6179558011049724
0.5745118191161357	0.6178502348715115
0.5742548818088387	0.6177446102819237
0.5739979445015416	0.6176389272878076
0.5737410071942446	0.6175331858407079
0.5734840698869476	0.6174273858921162
0.5734840698869476	0.6175982291090205
0.5734840698869476	0.6177691668973152
0.5734840698869476	0.6179401993355482
0.5734840698869476	0.6181113265023539
0.5732271325796505	0.618005540166205
0.5729701952723536	0.6178996952064284
0.5727132579650566	0.6177937915742794
0.5724563206577595	0.6176878292209592
0.5721993833504625	0.6175818080976151
0.5721993833504625	0.6177531206657421
0.5721993833504625	0.6180960310852067
0.5721993833504625	0.6182676290949473
0.5721993833504625	0.6184393224104415
0.5719424460431655	0.6183333333333333
0.5716855087358684	0.6182272853570436
0.5711716341212744	0.6185308848080133
0.5709146968139774	0.6187691450849345
0.5691161356628982	0.6192339949678501
0.5691161356628982	0.6194071588366891
0.5688591983556013	0.6193006993006993
0.5688591983556013	0.6194739787353106
0.5686022610483042	0.6193674783095438
0.5686022610483042	0.6195408734602463
0.5683453237410072	0.6194343321198544
0.5683453237410072	0.6196078431372549
0.5680883864337102	0.619501260857383
0.5678314491264131	0.6193946188340808
0.5678314491264131	0.6195682646481637
0.5678314491264131	0.6197420078519349
0.5678314491264131	0.6199158485273493
0.5675745118191161	0.6198092031425365
0.5673175745118191	0.6197024978950323
0.5673175745118191	0.6198764738910725
0.567060637204522	0.6197697276046055
0.567060637204522	0.619943820224719
0.5668036998972251	0.619837032874403
0.5668036998972251	0.6200112422709387
0.5665467625899281	0.6199044138318808
0.5665467625899281	0.6200787401574803
0.5665467625899281	0.620253164556962
0.5665467625899281	0.620427687113112
0.566289825282631	0.6203208556149733
0.566032887975334	0.620213963963964
0.566032887975334	0.6203886229231202
0.565775950668037	0.6202816901408451
0.56551901336074	0.6201746970977741
0.56551901336074	0.6203494926719278
0.5652620760534429	0.6202424584155625
0.5650051387461459	0.6201353637901861
0.564748201438849	0.6200282087447109
0.5644912641315519	0.619920993227991
0.5644912641315519	0.6200959638724245
0.5642343268242549	0.6199887069452287
0.5642343268242549	0.6201637955379836
0.5639773895169579	0.6200564971751412
0.5639773895169579	0.62023170387115
0.5639773895169579	0.6204070096099491
0.5637204522096608	0.6202996890019791
0.5637204522096608	0.620475113122172
0.5634635149023638	0.6203677510608203
0.5632065775950668	0.6202603282399547
0.5629496402877698	0.6201528446079819
0.5629496402877698	0.6203284258210645
0.5629496402877698	0.6205041064854149
0.5629496402877698	0.6206798866855524
0.5629496402877698	0.6208557665060924
0.5629496402877698	0.621031746031746
0.5629496402877698	0.6212078253473207
0.5626927029804728	0.6211003970504821
0.5626927029804728	0.6212765957446809
0.5624357656731758	0.6211691259931895
0.5621788283658787	0.621061595231337
0.5619218910585817	0.620954003407155
0.5619218910585817	0.621130360692985
0.5616649537512847	0.6210227272727272
0.5616649537512847	0.6211992043194089
0.5616649537512847	0.6213757816941444
0.5616649537512847	0.6215524594825135
0.5614080164439876	0.6214448236632537
0.5614080164439876	0.6216216216216216
0.5611510791366906	0.6215139442231076
0.5608941418293937	0.6215831435079726
0.5608941418293937	0.6217601822842495
0.5606372045220966	0.62182958107723
0.5606372045220966	0.6220068415051311
0.5603802672147996	0.6220764403879064
0.5601233299075026	0.6221461187214612
0.5598663926002055	0.6222158766419189
0.5596094552929085	0.6222857142857143
0.5588386433710175	0.6221395881006865
0.5583247687564235	0.6221013455482394
0.5578108941418294	0.6220630372492837
0.5575539568345323	0.6221330275229358
0.5572970195272353	0.6220246630341267
0.5572970195272353	0.6222030981067126
0.5572970195272353	0.6223816355810617
0.5572970195272353	0.6225602755453502
0.5570400822199383	0.6224519092736147
0.5567831449126414	0.6223434807581849
0.5567831449126414	0.6225222637173226
0.5565262076053443	0.6224137931034482
0.5562692702980473	0.6223052601322219
0.5562692702980473	0.6224841863139735
0.5562692702980473	0.6226632154155881
0.5560123329907503	0.622554660529344
0.5560123329907503	0.6227338129496403
0.5557553956834532	0.6226252158894646
0.5557553956834532	0.6228044917938382
0.5557553956834532	0.6229838709677419
0.5554984583761562	0.6228752520887353
0.5552415210688592	0.6227665706051874
0.5552415210688592	0.622946093975209
0.5552415210688592	0.6231257208765859
0.5549845837615622	0.623017017594462
0.5549845837615622	0.6231967686093479
0.5547276464542652	0.6230880230880231
0.5544707091469682	0.6229792147806005
0.5544707091469682	0.6231591105977476
0.5542137718396711	0.6230502599653379
0.5542137718396711	0.6232302802658192
0.5542137718396711	0.6234104046242774
0.5539568345323741	0.6233015322347499
0.5539568345323741	0.6234817813765182
0.5539568345323741	0.6236621347989586
0.5539568345323741	0.6238425925925926
0.5539568345323741	0.6240231548480463
0.5536998972250771	0.6239143022582513
0.5536998972250771	0.6240949898638865
0.5536998972250771	0.6242757821552724
0.55344295991778	0.6241669081425674
0.55344295991778	0.6243478260869565
0.553186022610483	0.6242389098289359
0.553186022610483	0.6244199535962877
0.5529290853031861	0.6243109950681752
0.5529290853031861	0.624492164828787
0.552672147995889	0.6243831640058055
0.552415210688592	0.624274099883856
0.552415210688592	0.6244554167876851
0.552415210688592	0.6246368390470657
0.552415210688592	0.6248183667538506
0.552415210688592	0.625
0.552158273381295	0.6248909566734516
0.5519013360739979	0.62478184991274
0.5519013360739979	0.6249636310736107
0.5516443987667009	0.6248544819557625
0.5513874614594039	0.624745269286754
0.5511305241521068	0.6246359930110658
0.5508735868448099	0.624526653073114
0.5506166495375129	0.6244172494172494
0.5503597122302158	0.6243077819877587
0.5503597122302158	0.6244897959183674
0.5503597122302158	0.6246719160104987
0.5503597122302158	0.6248541423570595
0.5503597122302158	0.6250364750510651
0.5503597122302158	0.6252189141856392
0.5501027749229188	0.6251094890510949
0.5501027749229188	0.6252920560747663
0.5498458376156218	0.6251825883727724
0.5498458376156218	0.6253652834599649
0.5498458376156218	0.6255480853551593
0.5495889003083247	0.625438596491228
0.5495889003083247	0.6256215267622112
0.5495889003083247	0.625804564072557
0.5493319630010277	0.6256950541410594
0.5490750256937307	0.6255854800936768
0.5490750256937307	0.6257686676427525
0.5488180883864338	0.6256590509666081
0.5485611510791367	0.6255493700556695
0.5483042137718397	0.6254396248534584
0.5483042137718397	0.6256229844620346
0.5483042137718397	0.6258064516129033
0.5483042137718397	0.625990026400704
0.5483042137718397	0.6261737089201878
0.5483042137718397	0.6263574992662166
0.5480472764645427	0.6262477980035231
0.5480472764645427	0.626431718061674
0.5480472764645427	0.6266157461809636
0.5477903391572456	0.6265060240963856
0.5475334018499486	0.6263962375073486
0.5472764645426516	0.6262863863569539
0.5470195272353545	0.6261764705882353
0.5470195272353545	0.6263606943218594
0.5467625899280576	0.6262507357268982
0.5467625899280576	0.6264350897851045
0.5467625899280576	0.6266195524146054
0.5462487153134635	0.6263995285798468
0.5462487153134635	0.6265841438255232
0.5459917780061665	0.6264740566037735
0.5457348406988695	0.6263639044529637
0.5457348406988695	0.6265486725663717
0.5454779033915724	0.6264384774269696
0.5452209660842754	0.6263282172373081
0.5449640287769785	0.6262178919397697
0.5447070914696814	0.6261075014766686
0.5447070914696814	0.6262924667651403
0.5444501541623844	0.6261820330969267
0.5441932168550874	0.6260715341412947
0.5441932168550874	0.6262566528681254
0.5441932168550874	0.6264418811002662
0.5439362795477903	0.6263313609467456
0.5436793422404933	0.6262207753773306
0.5434224049331963	0.6261101243339254
0.5431654676258992	0.6259994077583654
0.5429085303186023	0.6258886255924171
0.5426515930113053	0.6257777777777778
0.5423946557040082	0.6256668642560759
0.5423946557040082	0.625852356952268
0.5423946557040082	0.6260379596678529
0.5421377183967112	0.625927024621774
0.5421377183967112	0.6261127596439169
0.5421377183967112	0.6262986049272781
0.5421377183967112	0.6264845605700713
0.5421377183967112	0.6266706266706267
0.5421377183967112	0.6268568033273916
0.5418807810894142	0.6267459138187221
0.5416238437821171	0.6266349583828775
0.5416238437821171	0.6268212905144216
0.5413669064748201	0.6267102914931588
0.5413669064748201	0.6268967569175841
0.5413669064748201	0.6270833333333333
0.5411099691675231	0.6269723131884489
0.5408530318602262	0.6268612269207862
0.5408530318602262	0.6270479594876378
0.5405960945529291	0.6269368295589988
0.5405960945529291	0.627123695976155
0.5403391572456321	0.6270125223613596
0.540082219938335	0.6269012824336415
0.540082219938335	0.6270883054892601
0.539825282631038	0.626977021784542
0.539825282631038	0.6271641791044776
0.539568345323741	0.6270528515974918
0.539568345323741	0.6272401433691757
0.539568345323741	0.627427547057066
0.539568345323741	0.6276150627615062
0.539311408016444	0.6275037369207773
0.5390544707091469	0.6273923444976076
0.5390544707091469	0.6275800179479509
0.53879753340185	0.6274685816876122
0.53879753340185	0.6276563903023047
0.538540596094553	0.6275449101796408
0.538540596094553	0.6277328541479484
0.538540596094553	0.627920910724985
0.5382836587872559	0.6278094096493857
0.5380267214799589	0.6276978417266187
0.5377697841726619	0.6275862068965518
0.5377697841726619	0.6277744451109778
0.5377697841726619	0.6279627962796279
0.5375128468653648	0.6278511404561825
0.5372559095580678	0.6277394175923147
0.5372559095580678	0.627927927927928
0.5372559095580678	0.6281165515169721
0.5369989722507709	0.6280048076923077
0.5369989722507709	0.6281935677787797
0.5369989722507709	0.6283824413710163
0.5367420349434738	0.6282706766917293
0.5367420349434738	0.6284596871239471
0.5364850976361768	0.6283478784231117
0.5364850976361768	0.6285370258880193
0.5362281603288798	0.6284251731406203
0.5362281603288798	0.6286144578313253
0.5362281603288798	0.6288038565833082
0.5359712230215827	0.6286919831223629
0.5357142857142857	0.6287696019300362
0.5357142857142857	0.6289592760180995
0.5354573484069887	0.6288473144236573
0.5352004110996916	0.6287352852399638
0.5349434737923947	0.6286231884057971
0.5346865364850977	0.628511023859861
0.5346865364850977	0.6287009063444109
0.5344295991778006	0.6285886974916893
0.5344295991778006	0.6287787182587666
0.5344295991778006	0.6289688539461747
0.5341726618705036	0.6288566243194192
0.5341726618705036	0.6290468986384267
0.5339157245632066	0.6289346246973365
0.5339157245632066	0.6291250378443839
0.5339157245632066	0.6293155663234403
0.5339157245632066	0.6295062102393214
0.5336587872559095	0.6293939393939394
0.5336587872559095	0.6295847226432252
0.5334018499486125	0.6294724075197089
0.5331449126413155	0.6293600242644829
0.5328879753340185	0.6294385432473445
0.5328879753340185	0.6296296296296297
0.5326310380267215	0.6295171576070453
0.5326310380267215	0.6297083839611178
0.5326310380267215	0.6298997265268915
0.5323741007194245	0.6297872340425532
0.5321171634121274	0.629674673152934
0.5321171634121274	0.6298661800486618
0.5318602261048304	0.6297535746881655
0.5316032887975334	0.6296409007912356
0.5313463514902363	0.6295281582952816
0.5313463514902363	0.6297198538367844
0.5310894141829393	0.62960706670728
0.5308324768756424	0.6294942108470445
0.5305755395683454	0.6293812861932337
0.5305755395683454	0.6295731707317073
0.5303186022610483	0.6294602012808783
0.5303186022610483	0.629844369850473
0.5303186022610483	0.63003663003663
0.5300616649537513	0.6299236641221374
0.5300616649537513	0.6301160659743433
0.5298047276464543	0.6300030553009471
0.5295477903391572	0.6298899755501223
0.5292908530318602	0.6297768266585142
0.5292908530318602	0.6299694189602446
0.5292908530318602	0.6301621290914653
0.5290339157245632	0.6302418120599939
0.5287769784172662	0.6301285976729945
0.5285200411099692	0.6300153139356814
0.5282631038026722	0.6300950045969966
0.5280061664953751	0.6299816063764562
0.5280061664953751	0.6301747930082797
0.5280061664953751	0.6303680981595092
0.5280061664953751	0.6307550644567219
0.5280061664953751	0.6311425061425061
0.5277492291880781	0.6312231100184389
0.5277492291880781	0.6314171533968644
0.5277492291880781	0.6316113161131611
0.5269784172661871	0.6314655172413793
0.5269784172661871	0.6316599938404681
0.5267214799588901	0.6317411402157165
0.526464542651593	0.6316276202219482
0.526207605344296	0.6319037334156125
0.525950668036999	0.6317901234567901
0.5251798561151079	0.6316440049443758
0.524922918807811	0.6317254174397031
0.5246659815005139	0.6316115063408598
0.5244090441932169	0.6314975247524752
0.5241521068859198	0.6313834726090993
0.5238951695786228	0.6314648497986993
0.5238951695786228	0.6316604708798017
0.5233812949640287	0.63201985727583
0.5233812949640287	0.6322160148975792
0.5228674203494348	0.6319875776397516
0.5226104830421378	0.632069608452455
0.5226104830421378	0.6322660864159154
0.5223535457348407	0.6325451151213441
0.5220966084275437	0.6326276463262764
0.5208119218910586	0.6326466916354557
0.513874614594039	0.634719136781974
0.5064234326824255	0.6388978930307941
0.5035971223021583	0.6386445096122515
0.5035971223021583	0.639269406392694
0.5033401849948612	0.6393603133159269
0.5028263103802673	0.6393335511270827
0.5025693730729702	0.6392156862745098
0.5023124357656732	0.6393067364290386
0.5020554984583762	0.639607201309329
0.5017985611510791	0.6394891944990176
0.5015416238437821	0.6393711103832296
0.5015416238437821	0.6395806028833552
0.5015416238437821	0.6397902327105867
0.5012846865364851	0.6398819285011479
0.501027749229188	0.639763779527559
0.5007708119218911	0.6396455530029537
0.5005138746145941	0.639527248850952
0.5005138746145941	0.6397372742200328
0.500256937307297	0.6396189224704336
0.500256937307297	0.6398291160039434
0.500256937307297	0.6400394477317555
0.5	0.6399210785925682
0.49974306269270297	0.6398026315789473
0.49974306269270297	0.640013162224416
0.499486125385406	0.6398946675444371
0.49922918807810895	0.6397760948304247
0.4989722507708119	0.6396574440052701
0.4989722507708119	0.6398682042833608
0.4989722507708119	0.6400791034937376
0.4989722507708119	0.6402901417738213
0.4989722507708119	0.6405013192612137
0.4989722507708119	0.6407126360936984
0.4987153134635149	0.6405940594059406
0.4984583761562179	0.6406869220607662
0.4984583761562179	0.6408985794516022
0.4982014388489209	0.6407799074686055
0.49794450154162384	0.6406611570247934
0.4976875642343268	0.640542328042328
0.49743062692702983	0.6404234204432683
0.49743062692702983	0.6406353408338848
0.4971736896197328	0.6405163853028798
0.4971736896197328	0.640728476821192
0.49691675231243576	0.6406094733355415
0.4966598150051387	0.6404903909874089
0.49640287769784175	0.6403712296983759
0.49640287769784175	0.6405835543766578
0.4961459403905447	0.6404643449419569
0.4961459403905447	0.6406768414067684
0.4958890030832477	0.6405575838035181
0.49563206577595065	0.6404382470119522
0.49563206577595065	0.6406509465293923
0.49537512846865367	0.640531561461794
0.49537512846865367	0.640744433366567
0.49511819116135664	0.640625
0.49511819116135664	0.6408380445626871
0.4948612538540596	0.6407185628742516
0.49460431654676257	0.6405990016638935
0.4943473792394656	0.640479360852197
0.49409044193216856	0.6403596403596403
0.49409044193216856	0.6405729513657562
0.49409044193216856	0.6407864045318227
0.4938335046248715	0.6406666666666667
0.4935765673175745	0.6405468489496499
0.4933196300102775	0.6404269513008672
0.4933196300102775	0.6406406406406406
0.4933196300102775	0.6408544726301736
0.4933196300102775	0.6410684474123539
0.4933196300102775	0.6412825651302605
0.4930626927029805	0.641162712996993
0.4930626927029805	0.6413770053475936
0.4930626927029805	0.6415914409896356
0.49280575539568344	0.6414715719063545
0.49280575539568344	0.6416861826697893
0.49280575539568344	0.64190093708166
0.4925488180883864	0.6417810512219618
0.4925488180883864	0.6419959812458138
0.4925488180883864	0.6422110552763819
0.49229188078108943	0.6420911528150134
0.4920349434737924	0.6419711699631244
0.49177800616649536	0.641851106639839
0.49177800616649536	0.6420664206642066
0.49152106885919833	0.6419463087248322
0.49126413155190135	0.6418261161463579
0.4910071942446043	0.6417058428475487
0.4907502569373073	0.6415854887470608
0.4904933196300103	0.6414650537634409
0.49023638232271327	0.641344537815126
0.48997944501541624	0.6412239408204439
0.48997944501541624	0.641439623276152
0.4897225077081192	0.6413189771197847
0.4897225077081192	0.6415348367553012
0.4897225077081192	0.6417508417508417
0.4894655704008222	0.6416301785112832
0.4894655704008222	0.6418463611859838
0.4892086330935252	0.6417256488035052
0.4892086330935252	0.6419420094403236
0.4892086330935252	0.6421585160202361
0.4892086330935252	0.6423751686909581
0.48895169578622816	0.6422544718191022
0.48895169578622816	0.6424713031735314
0.48895169578622816	0.6426882809861534
0.4886947584789311	0.6425675675675676
0.48843782117163415	0.6424467725582967
0.4881808838643371	0.6423258958755916
0.4881808838643371	0.6425431180250254
0.4881808838643371	0.6427604871447903
0.4879239465570401	0.6426395939086295
0.48766700924974304	0.6425186188219364
0.48766700924974304	0.6427362004740942
0.48741007194244607	0.6426151761517616
0.48715313463514903	0.6424940698068451
0.486896197327852	0.6423728813559322
0.48663926002055496	0.6422516107154967
0.48663926002055496	0.6424694708276798
0.48663926002055496	0.6426874787919918
0.48663926002055496	0.6429056347589952
0.486382322713258	0.6427843803056027
0.48612538540596095	0.6426630434782609
0.4858684480986639	0.6425416241930003
0.4856115107913669	0.6424201223657376
0.4853545734840699	0.6422985379122748
0.4850976361767729	0.6421768707482993
0.48484069886947584	0.6420551207893841
0.4845837615621788	0.641933287950987
0.4843268242548818	0.6418113721484509
0.4843268242548818	0.6420299727520435
0.4843268242548818	0.6422487223168655
0.4843268242548818	0.6424676209952284
0.4843268242548818	0.6426866689396522
0.4843268242548818	0.642905866302865
0.4840698869475848	0.6427840327533265
0.4840698869475848	0.6430034129692833
0.48381294964028776	0.6428815295322635
0.48381294964028776	0.6431010928961749
0.4835560123329907	0.6429791595490263
0.48329907502569375	0.6428571428571429
0.48329907502569375	0.6430769230769231
0.4830421377183967	0.6429548563611491
0.4827852004110997	0.6428327061238454
0.4827852004110997	0.6430527036276523
0.4827852004110997	0.6432728517630948
0.48252826310380265	0.6431506849315068
0.48227132579650567	0.6430284343953409
0.48227132579650567	0.6432488005483208
0.48227132579650567	0.6434693177922524
0.48227132579650567	0.6436899862825789
0.48201438848920863	0.6435677530017153
0.48201438848920863	0.6437886067261496
0.48201438848920863	0.6440096120837624
0.48201438848920863	0.6442307692307693
0.4817574511819116	0.6441085537615939
0.4817574511819116	0.6443298969072165
0.48150051387461457	0.644207631488484
0.48150051387461457	0.6444291609353507
0.4812435765673176	0.6443068455452357
0.48098663926002055	0.6441844459738472
0.4807297019527235	0.6440619621342513
0.48047276464542654	0.6439393939393939
0.4802158273381295	0.6438167413021013
0.4799588900308325	0.6436940041350793
0.47970195272353544	0.6435711823509135
0.47944501541623846	0.643448275862069
0.47944501541623846	0.6436702311141773
0.47944501541623846	0.6438923395445134
0.47944501541623846	0.6441146013117017
0.47918807810894143	0.6439917127071824
0.47918807810894143	0.6442141623488774
0.47918807810894143	0.6444367657221838
0.47918807810894143	0.6446595229865192
0.47918807810894143	0.6448824343015215
0.4789311408016444	0.6447595987547562
0.4789311408016444	0.6449826989619377
0.4789311408016444	0.6452059536171686
0.47867420349434736	0.6450831024930748
0.47867420349434736	0.6453065465881538
0.4784172661870504	0.6451836451836452
0.4784172661870504	0.6454072790294627
0.47816032887975335	0.6452843273231623
0.4779033915724563	0.6451612903225806
0.4776464542651593	0.6450381679389313
0.4776464542651593	0.6452620617841027
0.4773895169578623	0.6451388888888889
0.4773895169578623	0.6453629732546023
0.47713257965056527	0.6452397498262682
0.47713257965056527	0.6454640250260688
0.47713257965056527	0.6456884561891516
0.47713257965056527	0.6459130434782608
0.47713257965056527	0.6461377870563675
0.47687564234326824	0.6460146188652977
0.47687564234326824	0.6462395543175488
0.47687564234326824	0.6464646464646465
0.4766187050359712	0.6463414634146342
0.4763617677286742	0.6462181944928547
0.4761048304213772	0.646094839609484
0.47584789311408016	0.6459713986745728
0.4755909558067831	0.645847871598046
0.47533401849948614	0.6457242582897034
0.47533401849948614	0.645949720670391
0.47533401849948614	0.6461753405518686
0.47533401849948614	0.6464011180992313
0.47533401849948614	0.6466270534778049
0.4750770811921891	0.6465034965034965
0.4750770811921891	0.6467296257432669
0.4748201438848921	0.6466060181945417
0.47456320657759504	0.6464823241162058
0.47456320657759504	0.6467086834733894
0.47430626927029806	0.646584938704028
0.47404933196300103	0.6464611072179397
0.473792394655704	0.6463371889239398
0.473792394655704	0.6465638148667602
0.473792394655704	0.6467905997895476
0.47353545734840696	0.6466666666666666
0.47327852004111	0.6465426465426466
0.47302158273381295	0.6464185393258427
0.4727646454265159	0.6462943449244819
0.4725077081192189	0.6461700632466619
0.4725077081192189	0.6463971880492091
0.4725077081192189	0.6466244725738397
0.4725077081192189	0.646851916989096
0.4725077081192189	0.6470795214637579
0.4725077081192189	0.6473072861668426
0.4722507708119219	0.6471830985915493
0.47199383350462487	0.6470588235294118
0.47199383350462487	0.6472868217054264
0.47199383350462487	0.6475149806133239
0.47199383350462487	0.6477433004231312
0.47199383350462487	0.6479717813051147
0.47173689619732784	0.647847565278758
0.47173689619732784	0.6480762442640311
0.47173689619732784	0.6483050847457628
0.47173689619732784	0.6485340868950901
0.47147995889003086	0.6484098939929329
0.47147995889003086	0.648639095086603
0.4712230215827338	0.6485148514851485
0.4709660842754368	0.6483905199858507
0.4709660842754368	0.648619957537155
0.4709660842754368	0.6488495575221239
0.47070914696813976	0.6487252124645893
0.47070914696813976	0.648955012398158
0.4704522096608428	0.648830616583983
0.47019527235354575	0.6487061325771003
0.4699383350462487	0.648581560283688
0.4699383350462487	0.6488116353316778
0.4699383350462487	0.649041873669269
0.4699383350462487	0.6492722754703585
0.4699383350462487	0.6495028409090909
0.4696813977389517	0.6493783303730017
0.4696813977389517	0.6496090973702914
0.4694244604316547	0.6494845360824743
0.4694244604316547	0.6497155049786629
0.46916752312435767	0.6495908929206688
0.46916752312435767	0.6498220640569395
0.46916752312435767	0.6500533997864009
0.46916752312435767	0.6502849002849003
0.46916752312435767	0.6505165657285358
0.46916752312435767	0.6507483962936564
0.46916752312435767	0.6509803921568628
0.46891058581706063	0.6508559201141226
0.46891058581706063	0.6510881198715662
0.4686536485097636	0.6509635974304069
0.4683967112024666	0.6508389860764013
0.4681397738951696	0.6507142857142857
0.4681397738951696	0.6509467667023937
0.46788283658787255	0.6508220157255182
0.4676258992805755	0.650697175545227
0.46736896197327854	0.6505722460658083
0.4671120246659815	0.6504472271914132
0.4671120246659815	0.6506800286327845
0.4671120246659815	0.6509129967776585
0.4668550873586845	0.6507879656160458
0.4668550873586845	0.6510211393765676
0.4668550873586845	0.6512544802867384
0.46659815005138744	0.6511294370742201
0.46634121274409046	0.6510043041606887
0.4660842754367934	0.6508790814495874
0.4658273381294964	0.6507537688442211
0.4658273381294964	0.6509874326750449
0.46557040082219936	0.6508620689655172
0.4653134635149024	0.6507366151634927
0.46505652620760535	0.6506110711718188
0.46505652620760535	0.6508450197770587
0.46505652620760535	0.6510791366906474
0.46505652620760535	0.6513134220942786
0.4647995889003083	0.6511879049676026
0.4645426515930113	0.6510622974432841
0.4642857142857143	0.6509365994236311
0.46402877697841727	0.6508108108108108
0.46402877697841727	0.6510454217736121
0.46377183967112023	0.6509195816804905
0.46377183967112023	0.6511544011544012
0.4635149023638232	0.6510285095633346
0.4632579650565262	0.6509025270758123
0.4632579650565262	0.6511375947995667
0.4632579650565262	0.6513728323699421
0.4630010277492292	0.6512468377303939
0.4630010277492292	0.6514822848879248
0.4630010277492292	0.6517179023508137
0.46274409044193215	0.6515918958031838
0.4624871531346352	0.6514657980456026
0.4624871531346352	0.6517016654598118
0.46223021582733814	0.6515755161173488
0.46223021582733814	0.6518115942028986
0.4619732785200411	0.651685393258427
0.4619732785200411	0.6519216823785352
0.4617163412127441	0.6517954298150164
0.4614594039054471	0.6516690856313497
0.46120246659815006	0.6515426497277677
0.46094552929085303	0.6514161220043573
0.460688591983556	0.6512895023610606
0.460431654676259	0.6511627906976745
0.460174717368962	0.6510359869138496
0.460174717368962	0.6512727272727272
0.460174717368962	0.6515096398690433
0.45991778006166495	0.6513828238719068
0.45991778006166495	0.6516199490353113
0.4596608427543679	0.6514930808448652
0.4596608427543679	0.6517304189435337
0.4596608427543679	0.6519679300291545
0.45940390544707094	0.6518410499453153
0.45889003083247687	0.6515870120394017
0.45889003083247687	0.6518248175182482
0.45863309352517984	0.651697699890471
0.45837615621788286	0.6515704894083273
0.45837615621788286	0.6518085495067593
0.45837615621788286	0.652046783625731
0.45837615621788286	0.6522851919561243
0.45837615621788286	0.6525237746891002
0.45760534429599176	0.6526200073286919
0.4563206577595067	0.6524614254224834
0.45580678314491263	0.6522058823529412
0.4555498458376156	0.6532792925571113
0.45477903391572455	0.6533776301218162
0.4529804727646454	0.6539317507418397
0.44295991778006166	0.6607895745496358
0.4180369989722508	0.6717588769611891
0.4164953751284687	0.6728933167289332
0.4159815005138746	0.6726215205650187
0.41521068859198357	0.6727726894254787
0.4144398766700925	0.6737677527151211
0.4141829393627955	0.6736314249895529
0.4141829393627955	0.6739130434782609
0.4131551901336074	0.6739312657166806
0.4131551901336074	0.6742138364779874
0.4128982528263104	0.6746431570109152
0.41264131551901334	0.6745065098698027
0.41264131551901334	0.675073560319462
0.41238437821171636	0.6749369217830109
0.41238437821171636	0.6752208666386201
0.41212744090441933	0.6750841750841751
0.41161356628982526	0.6748104465037911
0.41161356628982526	0.6750948166877371
0.41161356628982526	0.6753794266441822
0.4113566289825283	0.6752425137072965
0.41109969167523125	0.6753904601097509
0.41109969167523125	0.6759611322348965
0.4108427543679342	0.6758241758241759
0.4105858170606372	0.6756871035940804
0.4105858170606372	0.6759729272419628
0.4103288797533402	0.6758358019466779
0.4103288797533402	0.6761219305673158
0.41007194244604317	0.6759847522236341
0.41007194244604317	0.676271186440678
0.40981500513874614	0.6761339550657058
0.40981500513874614	0.676420695504665
0.40981500513874614	0.6767076792532881
0.40981500513874614	0.6769949066213922
0.4095580678314491	0.6768577494692144
0.4093011305241521	0.6767204757858963
0.4093011305241521	0.6770080747981301
0.4093011305241521	0.6772959183673469
0.4093011305241521	0.6775840068056146
0.4090441932168551	0.6774468085106383
0.40878725590955806	0.6773094934014474
0.40878725590955806	0.6775979557069847
0.40878725590955806	0.677886663826161
0.40878725590955806	0.6781756180733163
0.408530318602261	0.6780383795309168
0.40827338129496404	0.677901023890785
0.40827338129496404	0.6781903542466923
0.40827338129496404	0.6784799316823228
0.408016443987667	0.6783425886373344
0.40775950668037	0.6782051282051282
0.40750256937307294	0.6780675502351432
0.40750256937307294	0.6783575705731394
0.40724563206577596	0.6782199400941378
0.40724563206577596	0.6785102739726028
0.40698869475847893	0.678372591006424
0.4067317574511819	0.6782347900599829
0.4064748201438849	0.6780968709815688
0.4062178828365879	0.6779588336192109
0.40596094552929085	0.6778206778206778
0.4057040082219938	0.6776824034334764
0.4057040082219938	0.677973379132675
0.40544707091469684	0.6778350515463918
0.4051901336073998	0.6776966050709068
0.40493319630010277	0.6775580395528805
0.40493319630010277	0.6778494623655914
0.40467625899280574	0.677710843373494
0.40467625899280574	0.6780025828669823
0.40467625899280574	0.6782945736434108
0.40467625899280574	0.6785868160275743
0.40441932168550876	0.678448275862069
0.4041623843782117	0.6783096162138853
0.4041623843782117	0.6786022433132011
0.4041623843782117	0.6788951230038843
0.4041623843782117	0.6791882556131261
0.4041623843782117	0.6794816414686825
0.4039054470709147	0.6793431287813311
0.4039054470709147	0.6796368352788587
0.40364850976361766	0.6794982698961938
0.40364850976361766	0.6797922977066205
0.4033915724563207	0.6796536796536796
0.40313463514902365	0.6795149415331312
0.4028776978417266	0.6793760831889082
0.4028776978417266	0.6796705678370177
0.4028776978417266	0.6799653078924545
0.4026207605344296	0.679826464208243
0.4026207605344296	0.6801215277777778
0.4026207605344296	0.6804168475900999
0.4026207605344296	0.6807124239791486
0.4023638232271326	0.6805736636245111
0.4023638232271326	0.6808695652173913
0.40210688591983557	0.6807307525010874
0.40184994861253853	0.68059181897302
0.40184994861253853	0.6808881149325207
0.4015930113052415	0.6807491289198606
0.4015930113052415	0.681045751633987
0.4015930113052415	0.6813426329555362
0.4015930113052415	0.6816397732228522
0.4015930113052415	0.6819371727748691
0.4015930113052415	0.682234831951113
0.4013360739979445	0.6820960698689956
0.4010791366906475	0.6819571865443425
0.40082219938335045	0.6818181818181818
0.4005652620760534	0.6816790555312636
0.4005652620760534	0.6819772528433946
0.4005652620760534	0.6822757111597374
0.40030832476875644	0.6821366024518388
0.40030832476875644	0.6824353920280333
0.40030832476875644	0.6827344434706398
0.40030832476875644	0.6830337571240684
0.4000513874614594	0.6828947368421052
0.4000513874614594	0.6831943835015357
0.3997944501541624	0.6830553116769096
0.39953751284686534	0.6829161176987264
0.39928057553956836	0.6827768014059754
0.39928057553956836	0.683076923076923
0.39928057553956836	0.683377308707124
0.39928057553956836	0.6836779586449626
0.3990236382322713	0.6835387323943662
0.3990236382322713	0.6838397181858212
0.3990236382322713	0.6841409691629956
0.3990236382322713	0.6844424856765094
0.3987667009249743	0.6843033509700176
0.3987667009249743	0.6846052051168946
0.39850976361767726	0.6844660194174758
0.3982528263103803	0.6843267108167771
0.39799588900308325	0.6841872791519434
0.3977389516957862	0.6840477242598321
0.39748201438848924	0.6839080459770115
0.3972250770811922	0.6837682441397611
0.3972250770811922	0.684070796460177
0.3972250770811922	0.684373616644533
0.39696813977389517	0.6842338352524358
0.39696813977389517	0.6845369960124058
0.39671120246659813	0.6843971631205674
0.39671120246659813	0.6847006651884701
0.39645426515930116	0.6845607808340728
0.39645426515930116	0.6848646249445184
0.3961973278520041	0.6847246891651865
0.3961973278520041	0.6850288760550867
0.3959403905447071	0.6848888888888889
0.3959403905447071	0.6851934192974656
0.39568345323741005	0.6850533807829181
0.39568345323741005	0.6853582554517134
0.39568345323741005	0.6856634016028496
0.3954265159301131	0.6855233853006681
0.39516957862281604	0.6853832442067737
0.39516957862281604	0.6856888096299599
0.394912641315519	0.6855486173059768
0.394655704008222	0.6854082998661312
0.394398766700925	0.6852678571428571
0.394398766700925	0.6855739169271996
0.39414182939362796	0.6854334226988382
0.39388489208633093	0.6852928028609745
0.3936279547790339	0.6851520572450805
0.3936279547790339	0.6854586129753915
0.3933710174717369	0.6853178155774395
0.3931140801644399	0.6851768920734438
0.3931140801644399	0.6854838709677419
0.39285714285714285	0.685342895562528
0.3926002055498458	0.6852017937219731
0.39234326824254884	0.6850605652759085
0.3920863309352518	0.6849192100538599
0.39182939362795477	0.6847777278850471
0.39182939362795477	0.6850853548966757
0.39182939362795477	0.6853932584269663
0.39182939362795477	0.6857014388489209
0.39157245632065774	0.6855600539811066
0.39131551901336076	0.6854185418541854
0.3910585817060637	0.6852769022962629
0.3908016443987667	0.6851351351351351
0.3908016443987667	0.6854438936457864
0.39054470709146966	0.6853020739404869
0.39054470709146966	0.6856111862877763
0.39054470709146966	0.6859205776173285
0.3902877697841727	0.6857787810383748
0.39003083247687564	0.6856368563685636
0.3897738951695786	0.6854948034342522
0.3897738951695786	0.6858047016274864
0.3897738951695786	0.6861148801447309
0.3895169578622816	0.685972850678733
0.3892600205549846	0.6858306926210955
0.38900308324768756	0.6856884057971014
0.38874614594039053	0.6855459900317172
0.38874614594039053	0.685856754306437
0.38874614594039053	0.6861678004535148
0.38848920863309355	0.6860254083484574
0.3882322713257965	0.6858828869723105
0.3879753340184995	0.6857402361489555
0.38771839671120245	0.6855974557019536
0.38771839671120245	0.6859090909090909
0.3874614594039055	0.6857662573897226
0.3874614594039055	0.6860782529572339
0.38720452209660844	0.6859353664087392
0.38720452209660844	0.686247723132969
0.3869475847893114	0.6861047835990889
0.38669064748201437	0.6859617137648131
0.3864337101747174	0.6858185134518924
0.38617677286742036	0.6856751824817519
0.38617677286742036	0.6859881332724783
0.38617677286742036	0.6863013698630137
0.38617677286742036	0.6866148926450434
0.3859198355601233	0.6864716636197441
0.3859198355601233	0.6867855509830818
0.3859198355601233	0.687099725526075
0.3828365878725591	0.6888580674988442
0.38257965056526205	0.6887141535615171
0.38257965056526205	0.6890328551596483
0.38257965056526205	0.6893518518518519
0.3823227132579651	0.6892079666512274
0.38206577595066804	0.6890639481000926
0.38206577595066804	0.6893834028743625
0.381808838643371	0.6892393320964749
0.381551901336074	0.6890951276102089
0.381294964028777	0.6889507892293407
0.38103802672147996	0.6888063167673014
0.38103802672147996	0.6891263940520446
0.38103802672147996	0.6894467689446769
0.3807810894141829	0.6893023255813954
0.3807810894141829	0.6896230805025594
0.3807810894141829	0.6899441340782123
0.3805241521068859	0.6897997205402888
0.3805241521068859	0.690121155638397
0.3802672147995889	0.6899766899766899
0.3800102774922919	0.6898320895522388
0.37975334018499485	0.6896873541763883
0.37949640287769787	0.6895424836601307
0.37949640287769787	0.6898645492760392
0.37949640287769787	0.6901869158878504
0.37949640287769787	0.6905095839177186
0.37923946557040084	0.6903648269410664
0.3789825282631038	0.6902199344875994
0.3789825282631038	0.6905430711610487
0.37872559095580677	0.6903981264637002
0.37872559095580677	0.6907216494845361
0.3784686536485098	0.6905766526019691
0.3784686536485098	0.6909005628517824
0.3784686536485098	0.6912247770999531
0.3784686536485098	0.6915492957746479
0.3784686536485098	0.691874119304838
0.37821171634121276	0.6917293233082706
0.37821171634121276	0.692054536906441
0.37821171634121276	0.6923800564440263
0.3779547790339157	0.6922352941176471
0.3776978417266187	0.692090395480226
0.3774409044193217	0.6919453603391427
0.3771839671120247	0.6918001885014138
0.3771839671120247	0.6921263554926921
0.3771839671120247	0.6924528301886792
0.3771839671120247	0.6927796130250118
0.37692702980472764	0.6926345609065155
0.37692702980472764	0.6929617383089277
0.37692702980472764	0.693289224952741
0.3766700924974306	0.6931442080378251
0.3766700924974306	0.6934720908230843
0.37641315519013363	0.6933270231897776
0.3761562178828366	0.6931818181818182
0.37589928057553956	0.6930364756039792
0.37589928057553956	0.6933649289099526
0.37564234326824253	0.6932195353247985
0.37564234326824253	0.6935483870967742
0.37538540596094555	0.6934029425723778
0.3751284686536485	0.6932573599240266
0.3751284686536485	0.6935866983372921
0.3751284686536485	0.6939163498098859
0.3748715313463515	0.6937708036138849
0.37461459403905445	0.6936251189343482
0.37461459403905445	0.6939552594002856
0.37461459403905445	0.6942857142857143
0.37435765673175747	0.6941400666984279
0.37435765673175747	0.6944709246901811
0.37410071942446044	0.6943252265140677
0.37410071942446044	0.6946564885496184
0.3738437821171634	0.6945107398568019
0.37358684480986637	0.6943648519579751
0.3733299075025694	0.6942188246536073
0.37307297019527236	0.6940726577437859
0.3728160328879753	0.6939263510282162
0.3728160328879753	0.6942583732057416
0.3728160328879753	0.6945907132599329
0.3728160328879753	0.6949233716475096
0.3728160328879753	0.6952563488260661
0.3725590955806783	0.6951102588686481
0.3725590955806783	0.6954436450839329
0.3723021582733813	0.6952975047984645
0.3723021582733813	0.6956313010081613
0.3720452209660843	0.6954851104707013
0.37178828365878724	0.695338779432965
0.37178828365878724	0.6956730769230769
0.37178828365878724	0.696007696007696
0.3715313463514902	0.6958614051973051
0.37127440904419323	0.6957149735194993
0.3710174717368962	0.6955684007707129
0.3710174717368962	0.6959036144578313
0.37076053442959916	0.6957569913211186
0.37076053442959916	0.6960926193921853
0.37076053442959916	0.6964285714285714
0.37050359712230213	0.6962819893771125
0.37024665981500515	0.6961352657004831
0.3699897225077081	0.6959884001933301
0.3699897225077081	0.6963249516441006
0.3697327852004111	0.6961780358006773
0.3694758478931141	0.6960309777347532
0.3694758478931141	0.6963680387409201
0.3694758478931141	0.6967054263565892
0.3694758478931141	0.6970431410567135
0.3692189105858171	0.6968962172647915
0.3692189105858171	0.6972343522561864
0.36896197327852004	0.6970873786407767
0.368705035971223	0.6969402622632346
0.368705035971223	0.6972789115646258
0.368448098663926	0.6971317452600875
0.368448098663926	0.6974708171206225
0.368191161356629	0.697323600973236
0.368191161356629	0.6976630963972736
0.36793422404933196	0.697515830491963
0.3676772867420349	0.6973684210526315
0.36742034943473795	0.697220867869332
0.3671634121274409	0.6970731707317073
0.3671634121274409	0.6974133723767691
0.3671634121274409	0.69775390625
0.3671634121274409	0.6980947728382999
0.3669064748201439	0.6979472140762464
0.3669064748201439	0.6982885085574572
0.36664953751284685	0.6981409001956947
0.36639260020554987	0.6979931473323544
0.36639260020554987	0.6983349657198825
0.36639260020554987	0.6986771190592846
0.36639260020554987	0.6990196078431372
0.36613566289825283	0.6988719960765081
0.36613566289825283	0.6992149165848871
0.36613566289825283	0.6995581737849779
0.3658787255909558	0.6994106090373281
0.36562178828365877	0.6992628992628993
0.36562178828365877	0.69960668633235
0.36562178828365877	0.6999508116084604
0.3653648509763618	0.6998031496062992
0.36510791366906475	0.6996553421959626
0.3648509763617677	0.6995073891625616
0.3648509763617677	0.6998521439132578
0.3645940390544707	0.6997041420118343
0.3645940390544707	0.7000493339911199
0.3645940390544707	0.7003948667324777
0.3645940390544707	0.7007407407407408
0.3645940390544707	0.7010869565217391
0.3643371017471737	0.7009391992090954
0.3643371017471737	0.7012858555885262
0.3640801644398767	0.7011380504700643
0.36382322713257964	0.700990099009901
0.3635662898252826	0.7008420009905894
0.3635662898252826	0.701189296333003
0.3635662898252826	0.7015369360436291
0.36330935251798563	0.7013888888888888
0.36330935251798563	0.7017369727047147
0.3630524152106886	0.7015888778550149
0.3630524152106886	0.7019374068554396
0.3630524152106886	0.702286282306163
0.3630524152106886	0.7026355047240179
0.3630524152106886	0.7029850746268657
0.36279547790339156	0.7028372324539572
0.3625385405960945	0.7026892430278885
0.36228160328879755	0.70254110612855
0.36228160328879755	0.7028913260219342
0.3620246659815005	0.7027431421446384
0.3617677286742035	0.7025948103792415
0.3617677286742035	0.7029455816275587
0.3617677286742035	0.7032967032967034
0.3617677286742035	0.703648175912044
0.36151079136690645	0.7035
0.36151079136690645	0.7038519259629815
0.36151079136690645	0.7042042042042042
0.36151079136690645	0.7045568352528793
0.36125385405960947	0.7044088176352705
0.36099691675231244	0.7042606516290727
0.3607399794450154	0.7041123370110332
0.3604830421377184	0.703963873557451
0.3604830421377184	0.7043172690763052
0.3602261048304214	0.7041687594173782
0.35996916752312436	0.7040201005025125
0.3597122302158273	0.7038712921065863
0.35945529290853034	0.7037223340040242
0.35945529290853034	0.704076497232008
0.3591983556012333	0.7039274924471299
0.3591983556012333	0.7042821158690177
0.3589414182939363	0.704133064516129
0.3589414182939363	0.7044881492687847
0.3589414182939363	0.7048435923309788
0.3589414182939363	0.7051993942453306
0.3589414182939363	0.7055555555555556
0.35868448098663924	0.7054067710965134
0.35868448098663924	0.7057633973710818
0.35842754367934226	0.7056145675265554
0.35842754367934226	0.7059716599190283
0.35817060637204523	0.7058227848101266
0.3579136690647482	0.7056737588652482
0.35765673175745116	0.7055245818550431
0.35765673175745116	0.7058823529411765
0.35765673175745116	0.7062404870624048
0.3573997944501542	0.7060913705583757
0.35714285714285715	0.7059421025901473
0.3568859198355601	0.7057926829268293
0.3566289825282631	0.7056431113370615
0.3566289825282631	0.7060020345879959
0.3566289825282631	0.7063613231552163
0.3563720452209661	0.7062118126272913
0.35611510791366907	0.7060621497707591
0.35611510791366907	0.7064220183486238
0.35585817060637204	0.706272310045895
0.355601233299075	0.7061224489795919
0.355601233299075	0.7064828994384891
0.355601233299075	0.7068437180796732
0.355344295991778	0.7066939192641799
0.355344295991778	0.7070552147239264
0.355087358684481	0.7069053708439897
0.355087358684481	0.7072671443193449
0.355087358684481	0.7076292882744496
0.355087358684481	0.7079918032786885
0.35483042137718396	0.707842132239877
0.3545734840698869	0.7076923076923077
0.3545734840698869	0.7080554130323242
0.35431654676258995	0.7079055441478439
0.3540596094552929	0.7077555213148433
0.3540596094552929	0.7081192189105858
0.3540596094552929	0.7084832904884318
0.3538026721479959	0.7083333333333334
0.3538026721479959	0.7086978898610397
0.3538026721479959	0.7090628218331617
0.3538026721479959	0.7094281298299846
0.35354573484069884	0.709278350515464
0.35328879753340187	0.7091284167096441
0.35328879753340187	0.7094943240454077
0.35303186022610483	0.7093443469282396
0.35303186022610483	0.7097107438016529
0.3527749229188078	0.7095607235142118
0.3527749229188078	0.7099276111685625
0.3527749229188078	0.7102948784273151
0.35251798561151076	0.7101449275362319
0.35251798561151076	0.7105126877265665
0.3522610483042138	0.7103626943005181
0.35200411099691675	0.7102125453602903
0.35200411099691675	0.7105809128630706
0.35200411099691675	0.7109496626881162
0.35200411099691675	0.711318795430945
0.3517471736896197	0.7111688311688311
0.35149023638232274	0.7110187110187111
0.35149023638232274	0.7113884555382215
0.3512332990750257	0.7112382934443289
0.3512332990750257	0.7116085372201978
0.3509763617677287	0.7114583333333333
0.35071942446043164	0.7113079729025534
0.35046248715313466	0.7111574556830031
0.35046248715313466	0.711528429838289
0.3502055498458376	0.7113778705636743
0.3502055498458376	0.7117493472584856
0.3499486125385406	0.7115987460815048
0.3499486125385406	0.7119707266074229
0.3499486125385406	0.7123430962343096
0.3499486125385406	0.7127158555729984
0.3499486125385406	0.7130890052356021
0.34969167523124356	0.712938711367208
0.3494347379239466	0.7127882599580713
0.3494347379239466	0.713162034609334
0.34917780061664955	0.7130115424973767
0.3489208633093525	0.7128608923884514
0.3486639260020555	0.7127100840336135
0.3484069886947585	0.7125591171833946
0.3484069886947585	0.7129337539432177
0.34815005138746147	0.7127827459231983
0.34789311408016443	0.7126315789473684
0.34789311408016443	0.7130068457082676
0.34789311408016443	0.7133825079030558
0.3476361767728674	0.713231418028466
0.3476361767728674	0.7136075949367089
0.3473792394655704	0.7134564643799473
0.3471223021582734	0.7133051742344245
0.34686536485097635	0.7131537242472267
0.34686536485097635	0.7135306553911205
0.3466084275436793	0.713379164463247
0.3466084275436793	0.7137566137566138
0.34635149023638234	0.7136050820539969
0.3460945529290853	0.7134533898305084
0.3460945529290853	0.7138314785373608
0.3460945529290853	0.7142099681866384
0.3458376156217883	0.7140583554376658
0.3458376156217883	0.7144373673036093
0.34558067831449124	0.7142857142857143
0.34558067831449124	0.7146652497343252
0.34558067831449124	0.7150451887293993
0.34558067831449124	0.7154255319148937
0.34532374100719426	0.7152740819584885
0.34506680369989723	0.715122470713525
0.34506680369989723	0.715503462972829
0.34506680369989723	0.7158848614072495
0.3448098663926002	0.7157333333333333
0.3448098663926002	0.7161152614727855
0.34455292908530316	0.7159636946075815
0.3442959917780062	0.7158119658119658
0.34403905447070915	0.7156600748262961
0.34403905447070915	0.7160427807486631
0.34403905447070915	0.7164258962011771
0.3437821171634121	0.7162740899357601
0.3435251798561151	0.7161221210498125
0.3432682425488181	0.7159699892818864
0.3432682425488181	0.7163538873994638
0.3432682425488181	0.7167381974248928
0.34301130524152107	0.71658615136876
0.34301130524152107	0.7169709989258861
0.34275436793422404	0.7168189145620634
0.34275436793422404	0.7172043010752688
0.34275436793422404	0.7175901022054868
0.34249743062692706	0.7174381054897739
0.34224049331963	0.7172859450726979
0.341983556012333	0.7171336206896551
0.341983556012333	0.7175202156334232
0.341983556012333	0.7179072276159655
0.34172661870503596	0.7177549919050189
0.341469681397739	0.7176025917926566
0.34121274409044194	0.7174500270124257
0.34121274409044194	0.7178378378378378
0.34121274409044194	0.7182260681449432
0.3409558067831449	0.7180735930735931
0.3406988694758479	0.7179209528965891
0.3406988694758479	0.7183098591549296
0.3406988694758479	0.71869918699187
0.3406988694758479	0.7190889370932755
0.3404419321685509	0.7189365165491047
0.34018499486125386	0.7187839305103149
0.34018499486125386	0.7191743617599131
0.34018499486125386	0.7195652173913043
0.33992805755395683	0.7194127243066885
0.33992805755395683	0.719804134929271
0.3396711202466598	0.7196516058791508
0.3394141829393628	0.7194989106753813
0.3394141829393628	0.7198910081743869
0.3391572456320658	0.7197382769901853
0.33890030832476875	0.7195853791598472
0.3386433710174717	0.7194323144104804
0.3386433710174717	0.7198252321135992
0.3386433710174717	0.7202185792349727
0.3386433710174717	0.7206123564789503
0.33838643371017474	0.7204595185995624
0.3381294964028777	0.7203065134099617
0.33787255909558067	0.7201533406352684
0.33761562178828364	0.72
0.33761562178828364	0.7203947368421053
0.33761562178828364	0.7207899067471202
0.33735868448098666	0.7206366630076838
0.3371017471736896	0.7204832509610104
0.3368448098663926	0.7203296703296703
0.33658787255909556	0.720175920835624
0.3363309352517986	0.7200220022002201
0.33607399794450155	0.7198679141441937
0.3358170606372045	0.7197136563876652
0.3358170606372045	0.7201101928374656
0.3355601233299075	0.7199558985667034
0.3353031860226105	0.7198014340871484
0.33504624871531347	0.7196467991169978
0.33478931140801643	0.7194919933738266
0.3345323741007194	0.7193370165745856
0.3345323741007194	0.7197346600331676
0.3342754367934224	0.7195796460176991
0.3340184994861254	0.7194244604316546
0.33376156217882835	0.7192691029900332
0.33376156217882835	0.7196675900277009
0.3335046248715313	0.7195121951219512
0.33324768756423434	0.7193566278424848
0.3329907502569373	0.7192008879023307
0.3327338129496403	0.7190449750138812
0.3324768756423433	0.7188888888888889
0.33221993833504626	0.7187326292384658
0.3319630010277492	0.7185761957730812
0.3317060637204522	0.7184195882025598
0.3317060637204522	0.7188195991091314
0.3314491264131552	0.7186629526462396
0.3314491264131552	0.7190635451505016
0.3311921891058582	0.7189068600111544
0.33093525179856115	0.71875
0.3306783144912641	0.7185929648241206
0.3306783144912641	0.7189944134078212
0.33042137718396714	0.7188373392956959
0.3301644398766701	0.7186800894854586
0.3301644398766701	0.719082260772244
0.3301644398766701	0.719484882418813
0.32990750256937307	0.719327731092437
0.32965056526207603	0.719170403587444
0.32939362795477906	0.7190128996074032
0.32939362795477906	0.7194163860830527
0.329136690647482	0.7192588433464346
0.329136690647482	0.7196629213483146
0.328879753340185	0.7195053400786959
0.32862281603288795	0.7193475815523059
0.328365878725591	0.7191896454698931
0.32810894141829394	0.7190315315315315
0.32810894141829394	0.7194366197183099
0.3278520041109969	0.7192784667418264
0.3275950668036999	0.7191201353637902
0.3273381294964029	0.718961625282167
0.3273381294964029	0.7193675889328063
0.32708119218910586	0.7192090395480226
0.32682425488180883	0.7190503109101187
0.3265673175745118	0.7188914027149321
0.3263103802672148	0.7187323146576118
0.3260534429599178	0.7185730464326161
0.3260534429599178	0.7189801699716714
0.32579650565262075	0.7188208616780045
0.3255395683453237	0.7186613726602382
0.32528263103802674	0.7185017026106697
0.32528263103802674	0.7189097103918228
0.3250256937307297	0.71875
0.3250256937307297	0.7191586128482093
0.3250256937307297	0.7195676905574516
0.32476875642343267	0.7194080819578828
0.32451181911613564	0.719248291571754
0.32425488180883866	0.719088319088319
0.3239979445015416	0.7189281641961232
0.3237410071942446	0.7187678265830005
0.3237410071942446	0.7191780821917808
0.3234840698869476	0.7190177041690463
0.3232271325796506	0.7188571428571429
0.32297019527235354	0.7186963979416809
0.3227132579650565	0.7185354691075515
0.32245632065775953	0.7183743560389239
0.3221993833504625	0.718213058419244
0.32194244604316546	0.7180515759312321
0.32168550873586843	0.7178899082568807
0.32142857142857145	0.7177280550774526
0.3211716341212744	0.7175660160734788
0.3209146968139774	0.7174037909247559
0.32065775950668035	0.7172413793103448
0.32065775950668035	0.7176538240368028
0.32065775950668035	0.7180667433831991
0.3204008221993834	0.7179044329303397
0.32014388489208634	0.717741935483871
0.3198869475847893	0.7175792507204611
0.3198869475847893	0.7179930795847751
0.3198869475847893	0.7184073860357761
0.31963001027749227	0.7182448036951501
0.3193730729701953	0.7180820335066436
0.31911613566289826	0.7179190751445087
0.3188591983556012	0.7177559282822441
0.3188591983556012	0.7181712962962963
0.3186022610483042	0.7180081065431384
0.3183453237410072	0.7178447276940904
0.3180883864337102	0.7176811594202899
0.3180883864337102	0.7180974477958236
0.3180883864337102	0.718514219384794
0.31783144912641315	0.7183507549361208
0.3175745118191161	0.7181871005229518
0.31731757451181913	0.7180232558139535
0.31731757451181913	0.7184409540430483
0.3170606372045221	0.7182770663562281
0.3170606372045221	0.7186953989516599
0.3170606372045221	0.7191142191142191
0.3170606372045221	0.719533527696793
0.31680369989722507	0.719369894982497
0.31654676258992803	0.7192060712200817
0.31654676258992803	0.719626168224299
0.31654676258992803	0.7200467562828755
0.31628982528263105	0.7198830409356726
0.31628982528263105	0.7203042715038034
0.316032887975334	0.7201405152224825
0.316032887975334	0.7205623901581723
0.315775950668037	0.720398593200469
0.31551901336073995	0.7202346041055718
0.315262076053443	0.7200704225352113
0.31500513874614594	0.719906048150323
0.31500513874614594	0.7203290246768508
0.3147482014388489	0.720164609053498
0.31449126413155193	0.72
0.3142343268242549	0.7198351971748087
0.31397738951695786	0.7196702002355713
0.31397738951695786	0.7200942840306424
0.3137204522096608	0.7199292452830188
0.31346351490236385	0.7197640117994101
0.3132065775950668	0.7195985832349469
0.3129496402877698	0.7194329592439457
0.31269270298047275	0.7192671394799054
0.31269270298047275	0.719692489651094
0.31269270298047275	0.7201183431952662
0.31269270298047275	0.7205447010065127
0.31243576567317577	0.7203791469194313
0.31217882836587874	0.7202133965619443
0.31217882836587874	0.7206405693950177
0.3119218910585817	0.7204747774480712
0.31166495375128467	0.7203087885985748
0.3114080164439877	0.7201426024955436
0.31115107913669066	0.7199762187871581
0.31115107913669066	0.7204045211183819
0.3108941418293936	0.7202380952380952
0.3106372045220966	0.7200714711137582
0.3106372045220966	0.7205005959475567
0.3106372045220966	0.7209302325581395
0.3103802672147996	0.720763723150358
0.3101233299075026	0.7205970149253731
0.30986639260020554	0.7204301075268817
0.3096094552929085	0.7202630005977286
0.30935251798561153	0.7200956937799043
0.30935251798561153	0.720526630760024
0.3090955806783145	0.7203592814371258
0.30883864337101746	0.7201917315757939
0.30858170606372043	0.7200239808153477
0.30832476875642345	0.7198560287942412
0.30832476875642345	0.7202881152460985
0.3080678314491264	0.7201201201201202
0.3078108941418294	0.7199519230769231
0.3078108941418294	0.7203848466626579
0.30755395683453235	0.720216606498195
0.30729701952723537	0.720048163756773
0.30704008221993834	0.7198795180722891
0.30704008221993834	0.7203134418324292
0.30704008221993834	0.7207478890229192
0.3067831449126413	0.7205793602896802
0.3067831449126413	0.7210144927536232
0.30652620760534427	0.720845921450151
0.3062692702980473	0.720677146311971
0.30601233299075026	0.720508166969147
0.3057553956834532	0.7203389830508474
0.3057553956834532	0.7207752877044216
0.30549845837615625	0.7206060606060606
0.30549845837615625	0.7210430563978169
0.3052415210688592	0.720873786407767
0.3049845837615622	0.7207043108682453
0.30472764645426514	0.7205346294046172
0.30472764645426514	0.7209726443768997
0.30447070914696817	0.7208029197080292
0.30421377183967113	0.7206329884357882
0.3039568345323741	0.7204628501827041
0.30369989722507706	0.720292504570384
0.3034429599177801	0.7201219512195122
0.30318602261048305	0.7199511897498475
0.302929085303186	0.7197802197802198
0.302672147995889	0.7196090409285278
0.302415210688592	0.719437652811736
0.302415210688592	0.7198776758409786
0.302158273381295	0.7197062423500612
0.30190133607399794	0.7195345988977342
0.30190133607399794	0.7199754901960784
0.3016443987667009	0.7198038013488657
0.3013874614594039	0.7196319018404908
0.3011305241521069	0.7194597912829958
0.30087358684480986	0.7192874692874693
0.3006166495375128	0.7191149354640443
0.30035971223021585	0.7189421894218943
0.3001027749229188	0.7187692307692307
0.2998458376156218	0.7185960591133005
0.2998458376156218	0.7190388170055453
0.29958890030832475	0.718865598027127
0.29933196300102777	0.7186921653300432
0.29907502569373073	0.7185185185185186
0.29907502569373073	0.7189623224212477
0.29907502569373073	0.7194066749072929
0.2988180883864337	0.7192331478045764
0.29856115107913667	0.719059405940594
0.2983042137718397	0.7188854489164087
0.2983042137718397	0.7193308550185874
0.29804727646454265	0.7191568505889646
0.2977903391572456	0.7189826302729528
0.2975334018499486	0.7188081936685289
0.2972764645426516	0.7186335403726708
0.2972764645426516	0.7190801740211311
0.2970195272353546	0.7189054726368159
0.2970195272353546	0.7193528313627878
0.2970195272353546	0.7198007471980075
0.29676258992805754	0.719626168224299
0.2965056526207605	0.7194513715710723
0.2965056526207605	0.7199001871490954
0.29624871531346353	0.7197253433208489
0.2959917780061665	0.7195502810743285
0.2959917780061665	0.72
0.29573484069886946	0.7198248905565978
0.29573484069886946	0.7202753441802253
0.29573484069886946	0.7207263619286162
0.29573484069886946	0.7211779448621554
0.2954779033915725	0.7210031347962382
0.2954779033915725	0.7214554579673776
0.2954779033915725	0.7219083490269931
0.29522096608427545	0.7217336683417085
0.2949640287769784	0.721558768070396
0.2949640287769784	0.7220125786163522
0.2949640287769784	0.7224669603524229
0.2947070914696814	0.7222921914357683
0.2947070914696814	0.7227473219911783
0.2944501541623844	0.7225725094577553
0.2944501541623844	0.7230283911671924
0.29419321685508737	0.7228535353535354
0.29393627954779034	0.722678458622868
0.29393627954779034	0.7231352718078382
0.29393627954779034	0.7235926628716003
0.2936793422404933	0.7234177215189873
0.2934224049331963	0.7232425585813806
0.2934224049331963	0.7237008871989861
0.2931654676258993	0.7235256816740647
0.29290853031860226	0.7233502538071066
0.29290853031860226	0.7238095238095238
0.2926515930113052	0.7236340533672173
0.29239465570400824	0.7234583598219961
0.29239465570400824	0.7239185750636132
0.2921377183967112	0.7237428389560789
0.2918807810894142	0.7235668789808917
0.29162384378211714	0.7233906947100064
0.29136690647482016	0.7232142857142857
0.29110996916752313	0.7230376515634971
0.29110996916752313	0.723499361430396
0.2908530318602261	0.7233226837060703
0.29059609455292906	0.7231457800511509
0.29059609455292906	0.7236084452975048
0.29059609455292906	0.7240717029449424
0.2903391572456321	0.7238949391415759
0.2903391572456321	0.7243589743589743
0.29008221993833505	0.7241821680564464
0.289825282631038	0.72400513478819
0.289568345323741	0.7238278741168914
0.289311408016444	0.7236503856041131
0.28905447070914697	0.7234726688102894
0.28879753340184994	0.7232947232947233
0.28879753340184994	0.7237604636188023
0.28879753340184994	0.7242268041237113
0.2885405960945529	0.7240490006447453
0.2885405960945529	0.724516129032258
0.2882836587872559	0.724338282763073
0.2882836587872559	0.7248062015503876
0.2880267214799589	0.724628312863607
0.28776978417266186	0.7244501940491591
0.28776978417266186	0.7249190938511327
0.28776978417266186	0.7253886010362695
0.2875128468653648	0.7252106286454958
0.28725590955806785	0.7250324254215305
0.28725590955806785	0.7255029201817002
0.2869989722507708	0.7253246753246754
0.2867420349434738	0.7251461988304093
0.2864850976361768	0.7249674902470741
0.2864850976361768	0.7254391672088484
0.2864850976361768	0.7259114583333334
0.28622816032887977	0.7257328990228012
0.28622816032887977	0.7262059973924381
0.28597122302158273	0.726027397260274
0.2857142857142857	0.7258485639686684
0.2857142857142857	0.7263226649248857
0.2854573484069887	0.7261437908496732
0.2854573484069887	0.7266187050359713
0.2854573484069887	0.7270942408376964
0.2854573484069887	0.7275703994760969
0.2852004110996917	0.727391874180865
0.28494347379239465	0.7272131147540983
0.2846865364850976	0.7270341207349081
0.2846865364850976	0.7275114904793172
0.28442959917780064	0.7273324572930355
0.2841726618705036	0.7271531886916502
0.2841726618705036	0.7276315789473684
0.2841726618705036	0.728110599078341
0.2839157245632066	0.7279314888010541
0.28365878725590954	0.7277521423862887
0.28365878725590954	0.7282321899736148
0.28340184994861256	0.7280528052805281
0.28340184994861256	0.7285336856010568
0.28340184994861256	0.7290152015862524
0.2831449126413155	0.7288359788359788
0.2831449126413155	0.7293183322303111
0.2828879753340185	0.7291390728476821
0.28263103802672146	0.7289595758780649
0.28263103802672146	0.7294429708222812
0.28263103802672146	0.7299270072992701
0.2823741007194245	0.7297476759628154
0.28211716341212745	0.7295681063122924
0.2818602261048304	0.7293882978723404
0.2818602261048304	0.7298735861610113
0.2818602261048304	0.7303595206391478
0.2818602261048304	0.7308461025982678
0.2818602261048304	0.7313333333333333
0.2816032887975334	0.7311541027351568
0.2813463514902364	0.7309746328437917
0.28108941418293937	0.7307949231796927
0.28083247687564233	0.7306149732620321
0.28083247687564233	0.7315930388219545
0.2805755395683453	0.7314132618888145
0.2805755395683453	0.7319034852546917
0.2803186022610483	0.7317236753856472
0.2803186022610483	0.7322147651006712
0.2800616649537513	0.7320349227669577
0.27980472764645425	0.7318548387096774
0.2795477903391572	0.7316745124411567
0.2795477903391572	0.7321668909825033
0.27929085303186024	0.731986531986532
0.2790339157245632	0.7318059299191375
0.2790339157245632	0.73229939312205
0.2790339157245632	0.7327935222672065
0.2787769784172662	0.7326130992572586
0.2787769784172662	0.7331081081081081
0.27852004110996914	0.7329276538201488
0.27826310380267216	0.7327469553450608
0.27826310380267216	0.7332430602572783
0.27800616649537513	0.7330623306233063
0.2777492291880781	0.7328813559322034
0.2777492291880781	0.7333785617367707
0.2777492291880781	0.7338764426340801
0.2777492291880781	0.734375
0.2777492291880781	0.7348742352141401
0.2774922918807811	0.7346938775510204
0.2772353545734841	0.7345132743362832
0.27697841726618705	0.7343324250681199
0.27672147995889	0.7341513292433538
0.27646454265159304	0.7339699863574352
0.27646454265159304	0.7344709897610922
0.27646454265159304	0.7349726775956285
0.27646454265159304	0.735475051264525
0.276207605344296	0.7352941176470589
0.276207605344296	0.7357973990417522
0.27595066803699897	0.7356164383561644
0.27595066803699897	0.7361206305688828
0.27595066803699897	0.7366255144032922
0.27569373072970194	0.7364447494852436
0.27543679342240496	0.7362637362637363
0.2751798561151079	0.7360824742268042
0.2751798561151079	0.7365887207702888
0.2749229188078109	0.7364074328974536
0.2749229188078109	0.7369146005509641
0.27466598150051386	0.7367332873880083
0.2744090441932169	0.736551724137931
0.27415210688591984	0.7363699102829537
0.2738951695786228	0.7361878453038674
0.2738951695786228	0.736696613683483
0.2738951695786228	0.7372060857538036
0.2738951695786228	0.7377162629757785
0.2736382322713258	0.7375346260387812
0.2733812949640288	0.7373527373527373
0.2733812949640288	0.7378640776699029
0.27312435765673176	0.7376821651630812
0.27312435765673176	0.7381944444444445
0.27286742034943473	0.7380125086865879
0.27286742034943473	0.7385257301808067
0.27286742034943473	0.7390396659707724
0.27286742034943473	0.7395543175487466
0.2726104830421377	0.7393728222996516
0.2723535457348407	0.7391910739191074
0.2720966084275437	0.7390090718771808
0.2720966084275437	0.7395251396648045
0.2720966084275437	0.740041928721174
0.2720966084275437	0.7405594405594406
0.27183967112024665	0.7403778866340098
0.2715827338129496	0.7401960784313726
0.2715827338129496	0.7407147862648914
0.27132579650565264	0.7405329593267882
0.27132579650565264	0.7410526315789474
0.2710688591983556	0.7408707865168539
0.2710688591983556	0.741391426563598
0.27081192189105857	0.7412095639943741
0.27081192189105857	0.7417311752287121
0.27055498458376154	0.7415492957746479
0.27029804727646456	0.7413671599718111
0.27029804727646456	0.7418899858956276
0.2700411099691675	0.7417078334509527
0.2700411099691675	0.742231638418079
0.2697841726618705	0.7420494699646644
0.2697841726618705	0.7425742574257426
0.2697841726618705	0.7430997876857749
0.26952723535457346	0.7429178470254958
0.2692702980472765	0.742735648476258
0.2692702980472765	0.7432624113475177
0.26901336073997945	0.7430801987224982
0.26901336073997945	0.7436079545454546
0.2687564234326824	0.7434257285003554
0.2687564234326824	0.7439544807965861
0.26849948612538543	0.7437722419928826
0.26849948612538543	0.7443019943019943
0.2682425488180884	0.7441197434069851
0.26798561151079137	0.7439372325249644
0.26772867420349433	0.7437544610992148
0.26747173689619735	0.7435714285714285
0.26747173689619735	0.7441029306647605
0.2672147995889003	0.7439198855507868
0.2669578622816033	0.7437365783822477
0.26670092497430625	0.7435530085959885
0.2664439876670093	0.7433691756272401
0.26618705035971224	0.7431850789096126
0.2659301130524152	0.7430007178750897
0.2656731757451182	0.742816091954023
0.2654162384378212	0.7426312005751258
0.26515930113052416	0.7424460431654676
0.2649023638232271	0.7422606191504679
0.2646454265159301	0.7420749279538905
0.2643884892086331	0.7418889689978371
0.2641315519013361	0.7417027417027418
0.26387461459403905	0.7415162454873646
0.263617677286742	0.7413294797687862
0.263617677286742	0.7418655097613883
0.26336073997944504	0.7416787264833574
0.263103802672148	0.7414916727009413
0.26284686536485097	0.741304347826087
0.26258992805755393	0.7411167512690355
0.26233299075025696	0.7409288824383164
0.2620760534429599	0.7407407407407407
0.2620760534429599	0.7412790697674418
0.2620760534429599	0.7418181818181818
0.2618191161356629	0.7416302765647744
0.2618191161356629	0.7421704297159505
0.2618191161356629	0.7427113702623906
0.26156217882836585	0.7425237053245806
0.2613052415210689	0.7423357664233576
0.26104830421377184	0.7421475529583638
0.26104830421377184	0.7426900584795322
0.2607913669064748	0.7425018288222385
0.2605344295991778	0.7423133235724744
0.2602774922918808	0.7421245421245422
0.26002055498458376	0.7419354838709677
0.25976361767728673	0.7417461482024945
0.2595066803699897	0.7415565345080763
0.2592497430626927	0.7413666421748715
0.2589928057553957	0.7411764705882353
0.25873586844809865	0.7409860191317145
0.25847893114080167	0.7407952871870398
0.25822199383350464	0.7406042741341193
0.2579650565262076	0.7404129793510325
0.25770811921891057	0.7402214022140221
0.25770811921891057	0.7407680945347119
0.2574511819116136	0.7405764966740577
0.25719424460431656	0.7403846153846154
0.2569373072970195	0.7401924500370096
0.2566803699897225	0.74
0.2564234326824255	0.7398072646404744
0.2561664953751285	0.7396142433234422
0.25590955806783144	0.7394209354120267
0.2556526207605344	0.7392273402674592
0.2556526207605344	0.7397769516728625
0.2556526207605344	0.7403273809523809
0.25539568345323743	0.7401340282948623
0.2551387461459404	0.7399403874813711
0.2551387461459404	0.7404921700223713
0.25488180883864336	0.7402985074626866
0.25488180883864336	0.7408513816280806
0.25462487153134633	0.7406576980568012
0.25436793422404935	0.7404637247569185
0.2541109969167523	0.7402694610778443
0.2538540596094553	0.7400749063670412
0.25359712230215825	0.739880059970015
0.2533401849948613	0.7396849212303076
0.25308324768756424	0.7394894894894894
0.2528263103802672	0.7392937640871525
0.25256937307297017	0.7390977443609023
0.2523124357656732	0.7389014296463506
0.25205549845837616	0.7387048192771084
0.2517985611510791	0.7385079125847777
0.2515416238437821	0.7383107088989442
0.2515416238437821	0.7388679245283019
0.2515416238437821	0.7394259818731118
0.2512846865364851	0.7392290249433107
0.2510277492291881	0.7390317700453858
0.2510277492291881	0.7395912187736563
0.2510277492291881	0.7401515151515151
0.25077081192189105	0.7399545109931767
0.250513874614594	0.7397572078907435
0.25025693730729703	0.7395596051632498
0.25	0.7393617021276596
0.249743062692703	0.7391634980988593
0.24948612538540596	0.73896499238965
0.24948612538540596	0.7395277989337395
0.24922918807810895	0.739329268292683
0.24897225077081192	0.7391304347826086
0.24871531346351491	0.7389312977099237
0.24871531346351491	0.7394957983193278
0.24845837615621788	0.7392966360856269
0.24820143884892087	0.739097169089518
0.24794450154162384	0.7388973966309341
0.24768756423432683	0.7386973180076628
0.2474306269270298	0.7384969325153374
0.2471736896197328	0.7382962394474291
0.24691675231243576	0.7380952380952381
0.24665981500513876	0.7378939277478862
0.24640287769784172	0.7376923076923076
0.24614594039054472	0.737490377213241
0.24588900308324768	0.7372881355932204
0.24563206577595068	0.7370855821125675
0.24537512846865364	0.7368827160493827
0.24511819116135664	0.7366795366795367
0.2448612538540596	0.7364760432766615
0.2446043165467626	0.7362722351121423
0.24434737923946556	0.7360681114551083
0.24409044193216856	0.7358636715724245
0.24383350462487152	0.7356589147286822
0.24383350462487152	0.7362296353762606
0.24357656731757452	0.7360248447204969
0.24357656731757452	0.7365967365967366
0.24331963001027748	0.7363919129082426
0.24331963001027748	0.7369649805447471
0.24306269270298048	0.7367601246105919
0.24280575539568344	0.7365549493374902
0.24254881808838644	0.7363494539781591
0.2422918807810894	0.7361436377829821
0.2420349434737924	0.7359375
0.24177800616649536	0.7357310398749023
0.24152106885919836	0.7355242566510172
0.24152106885919836	0.7361002349256069
0.24126413155190132	0.7358934169278997
0.24100719424460432	0.735686274509804
0.24100719424460432	0.7362637362637363
0.24075025693730728	0.7360565593087196
0.24049331963001028	0.7358490566037735
0.24023638232271327	0.7356412273800157
0.23997944501541624	0.7354330708661417
0.23972250770811923	0.735224586288416
0.2394655704008222	0.7350157728706624
0.2392086330935252	0.7348066298342542
0.23895169578622816	0.7345971563981043
0.23869475847893115	0.7343873517786561
0.23869475847893115	0.7349683544303798
0.23869475847893115	0.735550277117973
0.23869475847893115	0.7361331220285261
0.23843782117163412	0.7359238699444886
0.2381808838643371	0.7357142857142858
0.23792394655704008	0.7355043685464655
0.23766700924974307	0.7352941176470589
0.23741007194244604	0.7350835322195705
0.23715313463514903	0.7348726114649682
0.236896197327852	0.7346613545816733
0.236639260020555	0.7344497607655502
0.23638232271325796	0.7342378292098962
0.23612538540596095	0.7340255591054313
0.23586844809866392	0.7338129496402878
0.2356115107913669	0.7336
0.23535457348406988	0.733386709367494
0.23509763617677287	0.7331730769230769
0.23484069886947584	0.7329591018444266
0.23458376156217883	0.7327447833065811
0.2343268242548818	0.7325301204819277
0.2340698869475848	0.7323151125401929
0.23381294964028776	0.7320997586484312
0.23355601233299075	0.7318840579710145
0.23329907502569372	0.7316680096696213
0.2330421377183967	0.7314516129032258
0.23278520041109968	0.7312348668280871
0.23252826310380267	0.7310177705977383
0.23227132579650564	0.730800323362975
0.23201438848920863	0.7305825242718447
0.2317574511819116	0.7303643724696356
0.2315005138746146	0.7301458670988655
0.2312435765673176	0.7299270072992701
0.23098663926002055	0.7297077922077922
0.23072970195272355	0.7294882209585702
0.23047276464542651	0.7292682926829268
0.2302158273381295	0.7290480065093572
0.22995889003083247	0.7288273615635179
0.22970195272353547	0.7286063569682152
0.22944501541623843	0.7283849918433931
0.22918807810894143	0.7281632653061224
0.2289311408016444	0.7279411764705882
0.2289311408016444	0.7285363859362224
0.2286742034943474	0.7283142389525368
0.22841726618705036	0.7280917280917281
0.22816032887975335	0.7278688524590164
0.22790339157245632	0.7276456111566858
0.2276464542651593	0.7274220032840722
0.22738951695786228	0.7271980279375514
0.22713257965056527	0.7269736842105263
0.22687564234326824	0.7267489711934156
0.22661870503597123	0.7265238879736409
0.2263617677286742	0.7262984336356142
0.2261048304213772	0.7260726072607261
0.22584789311408016	0.7258464079273328
0.22559095580678315	0.7256198347107438
0.22533401849948612	0.7253928866832092
0.2250770811921891	0.7251655629139073
0.22482014388489208	0.7249378624689312
0.22456320657759507	0.724709784411277
0.22430626927029804	0.7244813278008299
0.22404933196300103	0.7242524916943521
0.223792394655704	0.7240232751454697
0.223535457348407	0.7237936772046589
0.22327852004110996	0.723563696919234
0.22302158273381295	0.7233333333333334
0.22276464542651592	0.7231025854879066
0.2225077081192189	0.7228714524207012
0.22225077081192188	0.722639933166249
0.22199383350462487	0.7224080267558528
0.22173689619732787	0.7221757322175733
0.22147995889003083	0.7219430485762144
0.22122302158273383	0.721709974853311
0.2209660842754368	0.7214765100671141
0.22070914696813979	0.7212426532325776
0.22045220966084275	0.7210084033613445
0.22019527235354575	0.7207737594617325
0.2199383350462487	0.7205387205387206
0.2196813977389517	0.7203032855939343
0.21942446043165467	0.7200674536256324
0.21916752312435767	0.719831223628692
0.21891058581706063	0.7195945945945946
0.21865364850976363	0.7193575655114116
0.2183967112024666	0.7191201353637902
0.2181397738951696	0.7188823031329382
0.21788283658787255	0.7186440677966102
0.21762589928057555	0.7184054283290925
0.2173689619732785	0.7181663837011885
0.2171120246659815	0.7179269328802039
0.21659815005138747	0.7174468085106382
0.21634121274409043	0.717206132879046
0.21608427543679343	0.7169650468883205
0.2158273381294964	0.7167235494880546
0.2155704008221994	0.7164816396242528
0.21531346351490235	0.7162393162393162
0.21505652620760535	0.7159965782720273
0.2147995889003083	0.7157534246575342
0.2145426515930113	0.715509854327335
0.21428571428571427	0.7152658662092625
0.21402877697841727	0.7150214592274678
0.21377183967112023	0.7147766323024055
0.21351490236382323	0.7145313843508169
0.2132579650565262	0.7142857142857143
0.2130010277492292	0.7140396210163652
0.21274409044193218	0.7137931034482758
0.21248715313463515	0.7135461604831751
0.21223021582733814	0.7132987910189983
0.2119732785200411	0.7130509939498704
0.2117163412127441	0.71280276816609
0.21145940390544707	0.7125541125541126
0.21120246659815006	0.7123050259965338
0.21094552929085303	0.7120555073720729
0.21068859198355602	0.7118055555555556
0.21068859198355602	0.7124239791485665
0.210431654676259	0.7121739130434782
0.21017471736896198	0.7119234116623151
0.20991778006166495	0.7116724738675958
0.20991778006166495	0.7122929380993898
0.20966084275436794	0.7120418848167539
0.20966084275436794	0.7126637554585152
0.2094039054470709	0.7124125874125874
0.2091469681397739	0.7121609798775154
0.2091469681397739	0.712784588441331
0.20889003083247687	0.7125328659070991
0.20863309352517986	0.712280701754386
0.20863309352517986	0.7129060579455663
0.20837615621788283	0.7126537785588752
0.20811921891058582	0.712401055408971
0.2078622816032888	0.7121478873239436
0.20760534429599178	0.7118942731277533
0.20760534429599178	0.7125220458553791
0.20734840698869475	0.7122683142100618
0.20709146968139774	0.7120141342756183
0.20709146968139774	0.7126436781609196
0.2068345323741007	0.7123893805309734
0.2065775950668037	0.7121346324180691
0.20632065775950667	0.7118794326241135
0.20606372045220966	0.7116237799467613
0.20580678314491263	0.7113676731793961
0.20580678314491263	0.712
0.20554984583761562	0.7117437722419929
0.2052929085303186	0.711487088156723
0.20503597122302158	0.7112299465240641
0.20477903391572455	0.7109723461195361
0.20477903391572455	0.7116071428571429
0.20477903391572455	0.7122430741733691
0.20452209660842754	0.7119856887298748
0.2042651593011305	0.711727842435094
0.2040082219938335	0.7114695340501792
0.20375128468653647	0.7112107623318386
0.20349434737923947	0.7109515260323159
0.20323741007194246	0.710691823899371
0.20298047276464543	0.710431654676259
0.20272353545734842	0.7101710171017102
0.20246659815005139	0.7099099099099099
0.20246659815005139	0.7105500450856628
0.20220966084275438	0.7102888086642599
0.20195272353545735	0.7100271002710027
0.20169578622816034	0.7097649186256781
0.20169578622816034	0.7104072398190046
0.20169578622816034	0.7110507246376812
0.2014388489208633	0.7107887579329103
0.2014388489208633	0.7114337568058077
0.2011819116135663	0.7111716621253406
0.2011819116135663	0.7118181818181818
0.2011819116135663	0.7124658780709736
0.20092497430626927	0.7122040072859745
0.20092497430626927	0.7128532360984503
0.20092497430626927	0.7135036496350365
0.20092497430626927	0.7141552511415525
0.20066803699897226	0.7138939670932358
0.20041109969167523	0.7136322049405307
0.20015416238437822	0.7133699633699634
0.20015416238437822	0.7140238313473877
0.1998972250770812	0.7137614678899082
0.19964028776978418	0.7134986225895317
0.19938335046248715	0.7132352941176471
0.19938335046248715	0.7138914443422263
0.19912641315519014	0.7136279926335175
0.1988694758478931	0.7133640552995392
0.1988694758478931	0.7140221402214022
0.1986125385405961	0.7137580794090489
0.19835560123329907	0.7134935304990758
0.19809866392600206	0.7132284921369103
0.19809866392600206	0.7138888888888889
0.19784172661870503	0.7136237256719185
0.19758478931140802	0.7133580705009277
0.197327852004111	0.713091922005571
0.197327852004111	0.7137546468401487
0.19707091469681398	0.7134883720930233
0.19681397738951695	0.7132216014897579
0.19681397738951695	0.7138863000931966
0.19655704008221994	0.7136194029850746
0.19655704008221994	0.7142857142857143
0.1963001027749229	0.7140186915887851
0.1963001027749229	0.7146866230121609
0.1963001027749229	0.7153558052434457
0.1960431654676259	0.7150890346766635
0.19578622816032887	0.7148217636022514
0.19578622816032887	0.7154929577464789
0.19552929085303186	0.7152255639097744
0.19552929085303186	0.715898400752587
0.19527235354573483	0.7156308851224106
0.19501541623843782	0.7153628652214892
0.19501541623843782	0.7160377358490566
0.1947584789311408	0.7157695939565628
0.1947584789311408	0.7164461247637051
0.19450154162384378	0.7161778618732261
0.19424460431654678	0.7159090909090909
0.19424460431654678	0.7165876777251184
0.19398766700924974	0.7163187855787476
0.19373072970195274	0.7160493827160493
0.1934737923946557	0.7157794676806084
0.1932168550873587	0.7155090390104663
0.1932168550873587	0.7161904761904762
0.19295991778006166	0.7159199237368923
0.19295991778006166	0.7166030534351145
0.19270298047276466	0.7163323782234957
0.19270298047276466	0.7170172084130019
0.19244604316546762	0.7167464114832536
0.19218910585817062	0.7164750957854407
0.19218910585817062	0.7171620325982742
0.19218910585817062	0.7178502879078695
0.19193216855087358	0.7175792507204611
0.19167523124357658	0.7173076923076923
0.19141829393627954	0.7170356111645814
0.19116135662898254	0.7167630057803468
0.19116135662898254	0.7174541947926711
0.1909044193216855	0.7171814671814671
0.1909044193216855	0.7178743961352657
0.1909044193216855	0.718568665377176
0.1906474820143885	0.718296224588577
0.19039054470709146	0.7180232558139535
0.19013360739979446	0.7177497575169738
0.19013360739979446	0.7184466019417476
0.18987667009249742	0.718172983479106
0.18961973278520042	0.7178988326848249
0.18936279547790338	0.7176241480038948
0.18936279547790338	0.7183235867446394
0.18910585817060638	0.7180487804878048
0.18910585817060638	0.71875
0.18910585817060638	0.7194525904203324
0.18910585817060638	0.7201565557729941
0.18884892086330934	0.7198824681684622
0.18884892086330934	0.7205882352941176
0.18859198355601234	0.7203140333660452
0.18859198355601234	0.7210216110019646
0.18859198355601234	0.7217305801376598
0.1883350462487153	0.7214566929133859
0.1880781089414183	0.7211822660098522
0.18782117163412126	0.7209072978303748
0.18756423432682426	0.7206317867719645
0.18756423432682426	0.7213438735177866
0.18730729701952722	0.7210682492581603
0.18705035971223022	0.7207920792079208
0.18679342240493318	0.7205153617443013
0.18653648509763618	0.7202380952380952
0.18627954779033915	0.7199602780536246
0.18602261048304214	0.7196819085487077
0.18602261048304214	0.7203980099502487
0.1857656731757451	0.7201195219123506
0.1855087358684481	0.7198404785643071
0.18525179856115107	0.719560878243513
0.18525179856115107	0.7202797202797203
0.18499486125385406	0.72
0.18499486125385406	0.7207207207207207
0.18473792394655705	0.720440881763527
0.18448098663926002	0.720160481444333
0.184224049331963	0.7198795180722891
0.184224049331963	0.7206030150753768
0.184224049331963	0.721327967806841
0.18396711202466598	0.7210473313192346
0.18371017471736897	0.7207661290322581
0.18345323741007194	0.7204843592330978
0.18319630010277493	0.7202020202020202
0.18319630010277493	0.7209302325581395
0.1829393627954779	0.7206477732793523
0.1826824254881809	0.7203647416413373
0.18242548818088386	0.7200811359026369
0.18216855087358685	0.7197969543147208
0.18191161356628982	0.7195121951219512
0.18165467625899281	0.7192268565615463
0.18165467625899281	0.719959266802444
0.18139773895169578	0.7196738022426096
0.18139773895169578	0.7204081632653061
0.18139773895169578	0.7211440245148111
0.18139773895169578	0.721881390593047
0.18114080164439877	0.721596724667349
0.18088386433710174	0.7213114754098361
0.18062692702980473	0.721025641025641
0.1803699897225077	0.7207392197125256
0.1803699897225077	0.7214799588900308
0.1803699897225077	0.7222222222222222
0.1803699897225077	0.7229660144181257
0.1803699897225077	0.7237113402061855
0.1801130524152107	0.7234262125902993
0.17985611510791366	0.7231404958677686
0.17959917780061666	0.7228541882109617
0.17934224049331962	0.722567287784679
0.17908530318602262	0.722279792746114
0.17882836587872558	0.7219917012448133
0.17857142857142858	0.7217030114226376
0.17831449126413154	0.7214137214137214
0.17831449126413154	0.7221644120707597
0.17831449126413154	0.7229166666666667
0.17805755395683454	0.7226277372262774
0.1778006166495375	0.7223382045929019
0.1778006166495375	0.723092998955068
0.1775436793422405	0.7228033472803347
0.17728674203494346	0.7225130890052356
0.17702980472764646	0.7222222222222222
0.17677286742034942	0.7219307450157397
0.17651593011305242	0.7216386554621849
0.17625899280575538	0.7213459516298633
0.17625899280575538	0.7221052631578947
0.17625899280575538	0.7228661749209695
0.17600205549845838	0.7225738396624473
0.17574511819116137	0.7222808870116156
0.17548818088386434	0.7219873150105708
0.17523124357656733	0.7216931216931217
0.1749743062692703	0.7213983050847458
0.1747173689619733	0.721102863202545
0.17446043165467626	0.7208067940552016
0.17420349434737925	0.720510095642933
0.17394655704008222	0.7202127659574468
0.1736896197327852	0.7199148029818956
0.17343268242548818	0.7196162046908315
0.17317574511819117	0.7193169690501601
0.17291880781089414	0.719017094017094
0.17291880781089414	0.7197860962566844
0.17266187050359713	0.7194860813704497
0.1724049331963001	0.7191854233654876
0.1724049331963001	0.7199570815450643
0.1721479958890031	0.719656283566058
0.17189105858170606	0.7193548387096774
0.17163412127440905	0.7190527448869752
0.17137718396711202	0.71875
0.171120246659815	0.7184466019417476
0.171120246659815	0.7192224622030238
0.17086330935251798	0.7189189189189189
0.17060637204522097	0.7186147186147186
0.17034943473792394	0.7183098591549296
0.17009249743062693	0.7180043383947939
0.1698355601233299	0.7176981541802389
0.1695786228160329	0.717391304347826
0.16932168550873586	0.7170837867247007
0.16906474820143885	0.7167755991285403
0.16880781089414182	0.7164667393675027
0.1685508735868448	0.7161572052401747
0.16829393627954778	0.7158469945355191
0.16803699897225077	0.7155361050328227
0.16778006166495374	0.7152245345016429
0.16752312435765673	0.7149122807017544
0.1672661870503597	0.7145993413830956
0.1670092497430627	0.7142857142857143
0.16675231243576566	0.713971397139714
0.16675231243576566	0.7147577092511013
0.16649537512846865	0.7144432194046306
0.16623843782117165	0.7141280353200883
0.16623843782117165	0.7149171270718232
0.1659815005138746	0.7146017699115044
0.1657245632065776	0.7142857142857143
0.16546762589928057	0.7139689578713969
0.16521068859198357	0.7136514983351832
0.16495375128468653	0.7133333333333334
0.16469681397738953	0.7130144605116796
0.1644398766700925	0.7126948775055679
0.1641829393627955	0.7123745819397993
0.16392600205549845	0.7120535714285714
0.16366906474820145	0.711731843575419
0.16341212744090441	0.7114093959731543
0.16341212744090441	0.7122060470324748
0.1631551901336074	0.7118834080717489
0.16289825282631037	0.7115600448933782
0.16264131551901337	0.7112359550561798
0.16238437821171633	0.7109111361079865
0.16212744090441933	0.7105855855855856
0.1618705035971223	0.7102593010146562
0.1616135662898253	0.7099322799097065
0.16135662898252826	0.7096045197740113
0.16109969167523125	0.7092760180995475
0.16084275436793422	0.7089467723669309
0.1605858170606372	0.7086167800453514
0.16032887975334018	0.7082860385925085
0.16007194244604317	0.7079545454545455
0.15981500513874614	0.7076222980659841
0.15955806783144913	0.7072892938496583
0.1593011305241521	0.7069555302166477
0.1590441932168551	0.70662100456621
0.15878725590955806	0.7062857142857143
0.15853031860226105	0.7059496567505721
0.15827338129496402	0.7056128293241696
0.158016443987667	0.7052752293577982
0.15775950668036998	0.7049368541905855
0.15750256937307297	0.7045977011494253
0.15724563206577596	0.7042577675489068
0.15698869475847893	0.7039170506912442
0.15673175745118192	0.7035755478662054
0.1564748201438849	0.7032332563510393
0.15621788283658788	0.7028901734104046
0.15596094552929085	0.7025462962962963
0.15570400822199384	0.7022016222479722
0.15570400822199384	0.703016241299304
0.1554470709146968	0.70267131242741
0.1551901336073998	0.7023255813953488
0.15493319630010277	0.7019790454016298
0.15467625899280577	0.7016317016317016
0.15441932168550873	0.7012835472578763
0.15416238437821173	0.7009345794392523
0.1539054470709147	0.7005847953216374
0.15364850976361769	0.7002341920374707
0.15339157245632065	0.6998827667057445
0.15313463514902365	0.6995305164319249
0.1528776978417266	0.699177438307873
0.1526207605344296	0.6988235294117647
0.15236382322713257	0.6984687868080094
0.15210688591983557	0.6981132075471698
0.15210688591983557	0.6989374262101535
0.15184994861253853	0.6985815602836879
0.15159301130524153	0.6982248520710059
0.1513360739979445	0.6978672985781991
0.1510791366906475	0.697508896797153
0.15082219938335045	0.6971496437054632
0.15056526207605345	0.6967895362663495
0.1503083247687564	0.6964285714285714
0.1500513874614594	0.6960667461263409
0.14979445015416237	0.6957040572792362
0.14953751284686537	0.6953405017921147
0.14928057553956833	0.6949760765550239
0.14902363823227133	0.6946107784431138
0.1487667009249743	0.6942446043165468
0.1485097636176773	0.6938775510204082
0.14825282631038025	0.6935096153846154
0.14799588900308325	0.6931407942238267
0.14799588900308325	0.6939759036144578
0.14773895169578624	0.6936067551266586
0.1474820143884892	0.6932367149758454
0.1472250770811922	0.6928657799274486
0.14696813977389517	0.6924939467312349
0.14671120246659816	0.6921212121212121
0.14645426515930113	0.691747572815534
0.14619732785200412	0.6913730255164034
0.14619732785200412	0.6922141119221411
0.1459403905447071	0.6918392204628502
0.14568345323741008	0.6914634146341463
0.14542651593011305	0.6910866910866911
0.14516957862281604	0.6907090464547677
0.144912641315519	0.6903304773561811
0.144655704008222	0.6899509803921569
0.14439876670092497	0.6895705521472393
0.14414182939362796	0.6891891891891891
0.14388489208633093	0.6888068880688807
0.14362795477903392	0.6884236453201971
0.14362795477903392	0.689272503082614
0.1433710174717369	0.6888888888888889
0.14311408016443988	0.688504326328801
0.14285714285714285	0.6881188118811881
0.14260020554984584	0.6877323420074349
0.1423432682425488	0.6873449131513648
0.1420863309352518	0.6869565217391305
0.1420863309352518	0.6878109452736318
0.14182939362795477	0.6874221668742216
0.14157245632065776	0.6870324189526185
0.14131551901336073	0.686641697877653
0.14105858170606372	0.68625
0.14105858170606372	0.6871088861076345
0.1408016443987667	0.6867167919799498
0.14054470709146968	0.6863237139272271
0.14028776978417265	0.6859296482412061
0.14003083247687564	0.6855345911949685
0.1397738951695786	0.6851385390428212
0.1395169578622816	0.6847414880201765
0.13926002055498457	0.6843434343434344
0.13900308324768756	0.683944374209861
0.13874614594039056	0.6835443037974683
0.13848920863309352	0.6831432192648923
0.13823227132579652	0.682741116751269
0.13797533401849948	0.6823379923761118
0.13771839671120248	0.6819338422391857
0.13746145940390544	0.6815286624203821
0.13746145940390544	0.6823979591836735
0.13746145940390544	0.6832694763729247
0.13720452209660844	0.6828644501278772
0.1369475847893114	0.6824583866837388
0.1366906474820144	0.6820512820512821
0.13643371017471737	0.6816431322207959
0.13617677286742036	0.6812339331619537
0.13591983556012333	0.6808236808236808
0.13566289825282632	0.6804123711340206
0.13540596094552929	0.68
0.13514902363823228	0.6795865633074936
0.13489208633093525	0.6791720569210866
0.13463514902363824	0.6787564766839378
0.1343782117163412	0.6783398184176395
0.1343782117163412	0.6792207792207792
0.1341212744090442	0.6788036410923277
0.13386433710174717	0.6783854166666666
0.13360739979445016	0.6779661016949152
0.13335046248715313	0.6775456919060052
0.13309352517985612	0.677124183006536
0.1328365878725591	0.6767015706806283
0.13257965056526208	0.6762778505897772
0.13232271325796505	0.6758530183727034
0.13206577595066804	0.6754270696452037
0.131808838643371	0.675
0.131551901336074	0.6745718050065876
0.13129496402877697	0.6741424802110818
0.13129496402877697	0.6750330250990753
0.13103802672147996	0.6746031746031746
0.13078108941418293	0.6741721854304635
0.13052415210688592	0.6737400530503979
0.1302672147995889	0.6733067729083665
0.13001027749229188	0.6728723404255319
0.12975334018499485	0.6724367509986684
0.12949640287769784	0.672
0.12923946557040084	0.671562082777036
0.1289825282631038	0.6711229946524064
0.1287255909558068	0.6706827309236948
0.12846865364850976	0.6702412868632708
0.12821171634121276	0.6697986577181209
0.12795477903391572	0.6693548387096774
0.12769784172661872	0.6689098250336474
0.12744090441932168	0.6684636118598383
0.12718396711202468	0.6680161943319838
0.12692702980472764	0.6675675675675675
0.12667009249743064	0.6671177266576455
0.12667009249743064	0.6680216802168022
0.1264131551901336	0.6675712347354138
0.1261562178828366	0.6671195652173914
0.12589928057553956	0.6666666666666666
0.12564234326824256	0.6662125340599455
0.12538540596094552	0.6657571623465212
0.12512846865364852	0.6653005464480874
0.1248715313463515	0.66484268125855
0.12461459403905448	0.6643835616438356
0.12435765673175746	0.663923182441701
0.12410071942446044	0.6634615384615384
0.12384378211716342	0.6629986244841816
0.1235868448098664	0.662534435261708
0.12332990750256938	0.6620689655172414
0.12307297019527236	0.6616022099447514
0.12281603288797534	0.661134163208852
0.12255909558067832	0.6606648199445984
0.1223021582733813	0.6601941747572816
0.12204522096608428	0.6597222222222222
0.12178828365878726	0.6592489568845619
0.12153134635149024	0.658774373259053
0.12127440904419322	0.6582984658298466
0.1210174717368962	0.6578212290502793
0.12076053442959918	0.6573426573426573
0.12076053442959918	0.6582633053221288
0.12050359712230216	0.6577840112201964
0.12024665981500514	0.6573033707865169
0.11998972250770812	0.6568213783403657
0.1197327852004111	0.6563380281690141
0.1197327852004111	0.6572637517630465
0.11947584789311408	0.6567796610169492
0.11921891058581706	0.6562942008486563
0.11896197327852004	0.6558073654390935
0.11870503597122302	0.6553191489361702
0.118448098663926	0.6548295454545454
0.11819116135662898	0.6543385490753911
0.11793422404933196	0.6538461538461539
0.11767728674203494	0.6533523537803139
0.11742034943473792	0.6528571428571428
0.1171634121274409	0.6523605150214592
0.11690647482014388	0.6518624641833811
0.11664953751284686	0.6513629842180775
0.11639260020554984	0.6508620689655172
0.11613566289825282	0.6503597122302158
0.1158787255909558	0.6498559077809798
0.1156217882836588	0.6493506493506493
0.11536485097636177	0.6488439306358381
0.11510791366906475	0.6483357452966715
0.11485097636176773	0.6478260869565218
0.11485097636176773	0.648766328011611
0.11459403905447071	0.6482558139534884
0.1143371017471737	0.6477438136826783
0.11408016443987667	0.6472303206997084
0.11382322713257965	0.6467153284671533
0.11356628982528263	0.6461988304093568
0.11330935251798561	0.6456808199121523
0.1130524152106886	0.6451612903225806
0.11279547790339157	0.644640234948605
0.11253854059609456	0.6441176470588236
0.11228160328879754	0.6435935198821797
0.11202466598150052	0.6430678466076696
0.1117677286742035	0.6425406203840472
0.11151079136690648	0.6420118343195266
0.11125385405960946	0.6414814814814814
0.11099691675231244	0.6409495548961425
0.11073997944501542	0.6404160475482912
0.1104830421377184	0.6398809523809523
0.11022610483042138	0.639344262295082
0.11022610483042138	0.6402985074626866
0.10996916752312436	0.6397608370702541
0.10971223021582734	0.6392215568862275
0.10945529290853032	0.638680659670165
0.1091983556012333	0.6381381381381381
0.10894141829393628	0.637593984962406
0.10868448098663926	0.6370481927710844
0.10842754367934224	0.6365007541478129
0.10817060637204522	0.6359516616314199
0.1079136690647482	0.6354009077155824
0.10765673175745118	0.6348484848484849
0.10739979445015416	0.6342943854324734
0.10739979445015416	0.6352583586626139
0.10714285714285714	0.634703196347032
0.10688591983556012	0.6341463414634146
0.1066289825282631	0.6335877862595419
0.10637204522096609	0.6330275229357798
0.10611510791366907	0.6324655436447167
0.10611510791366907	0.6334355828220859
0.10585817060637205	0.6328725038402457
0.10560123329907503	0.6323076923076923
0.10534429599177801	0.6317411402157165
0.10508735868448099	0.6311728395061729
0.10483042137718397	0.6306027820710973
0.10457348406988695	0.6300309597523219
0.10431654676258993	0.6294573643410852
0.10431654676258993	0.6304347826086957
0.10405960945529291	0.6298600311041991
0.10380267214799589	0.6292834890965732
0.10354573484069887	0.6287051482059283
0.10328879753340185	0.628125
0.10303186022610483	0.6275430359937402
0.10277492291880781	0.6269592476489029
0.10251798561151079	0.6263736263736264
0.10226104830421377	0.6257861635220126
0.10200411099691675	0.6251968503937008
0.10174717368961973	0.6246056782334385
0.10149023638232271	0.6240126382306477
0.10123329907502569	0.6234177215189873
0.10097636176772867	0.6228209191759112
0.10071942446043165	0.6222222222222222
0.10046248715313463	0.6216216216216216
0.10020554984583761	0.6210191082802548
0.0999486125385406	0.620414673046252
0.09969167523124357	0.6198083067092651
0.09943473792394655	0.6192
0.09917780061664953	0.6185897435897436
0.09892086330935251	0.6179775280898876
0.0986639260020555	0.617363344051447
0.09840698869475847	0.6167471819645732
0.09815005138746145	0.6161290322580645
0.09789311408016443	0.6155088852988692
0.09763617677286741	0.6148867313915858
0.0973792394655704	0.6142625607779578
0.09712230215827339	0.6136363636363636
0.09686536485097637	0.6130081300813008
0.09660842754367935	0.6123778501628665
0.09635149023638233	0.6117455138662317
0.09609455292908531	0.6111111111111112
0.09583761562178829	0.6104746317512275
0.09558067831449127	0.6098360655737705
0.09532374100719425	0.6091954022988506
0.09506680369989723	0.6085526315789473
0.09480986639260021	0.6079077429983526
0.09455292908530319	0.6072607260726073
0.09429599177800617	0.6066115702479339
0.09403905447070915	0.6059602649006622
0.09378211716341213	0.6053067993366501
0.09352517985611511	0.6046511627906976
0.09326824254881809	0.6039933444259568
0.09301130524152107	0.6033333333333334
0.09275436793422405	0.6026711185308848
0.09249743062692703	0.6020066889632107
0.09224049331963001	0.6013400335008375
0.09198355601233299	0.6006711409395973
0.09172661870503597	0.6
0.09146968139773895	0.5993265993265994
0.09121274409044193	0.5986509274873525
0.09095580678314491	0.597972972972973
0.09069886947584789	0.5972927241962775
0.09044193216855087	0.5966101694915255
0.09018499486125385	0.5959252971137521
0.08992805755395683	0.5952380952380952
0.08967112024665981	0.5945485519591142
0.08967112024665981	0.5955631399317406
0.08941418293936279	0.5948717948717949
0.08915724563206577	0.5941780821917808
0.08890030832476875	0.5934819897084048
0.08864337101747173	0.5927835051546392
0.08838643371017471	0.5920826161790017
0.08838643371017471	0.593103448275862
0.08812949640287769	0.5924006908462867
0.08787255909558069	0.5916955017301038
0.08761562178828367	0.5909878682842288
0.08735868448098665	0.5902777777777778
0.08710174717368963	0.5895652173913043
0.0868448098663926	0.5888501742160279
0.08658787255909559	0.5881326352530541
0.08633093525179857	0.5874125874125874
0.08607399794450155	0.5866900175131349
0.08581706063720453	0.5859649122807018
0.0855601233299075	0.5852372583479789
0.08530318602261049	0.5845070422535211
0.08504624871531347	0.5837742504409171
0.08478931140801645	0.5830388692579506
0.08453237410071943	0.5823008849557522
0.0842754367934224	0.5815602836879432
0.0842754367934224	0.5825932504440497
0.08401849948612539	0.5818505338078291
0.08376156217882837	0.5811051693404634
0.08350462487153135	0.5803571428571429
0.08324768756423433	0.5796064400715564
0.0829907502569373	0.578853046594982
0.08273381294964029	0.578096947935368
0.08273381294964029	0.579136690647482
0.08247687564234327	0.5783783783783784
0.08247687564234327	0.5794223826714802
0.08221993833504625	0.5786618444846293
0.08196300102774923	0.5778985507246377
0.08170606372045221	0.5771324863883848
0.08144912641315519	0.5763636363636364
0.08119218910585817	0.575591985428051
0.08093525179856115	0.5748175182481752
0.08067831449126413	0.5740402193784278
0.08042137718396711	0.5732600732600732
0.08016443987667009	0.5724770642201835
0.07990750256937307	0.5716911764705882
0.07965056526207605	0.570902394106814
0.07939362795477903	0.5701107011070111
0.07913669064748201	0.5693160813308688
0.07887975334018499	0.5685185185185185
0.07887975334018499	0.5695732838589982
0.07862281603288798	0.5687732342007435
0.07836587872559096	0.5679702048417132
0.07810894141829394	0.5671641791044776
0.07785200411099692	0.5663551401869159
0.0775950668036999	0.5655430711610487
0.07733812949640288	0.5647279549718575
0.07733812949640288	0.5657894736842105
0.07708119218910586	0.5649717514124294
0.07682425488180884	0.5641509433962264
0.07656731757451182	0.5633270321361059
0.0763103802672148	0.5625
0.07605344295991778	0.5616698292220114
0.07579650565262076	0.5608365019011406
0.07553956834532374	0.56
0.07528263103802672	0.5591603053435115
0.07528263103802672	0.5602294455066922
0.0750256937307297	0.5593869731800766
0.0750256937307297	0.5604606525911708
0.07476875642343268	0.5596153846153846
0.07476875642343268	0.5606936416184971
0.07451181911613566	0.5598455598455598
0.07425488180883864	0.5589941972920697
0.07425488180883864	0.560077519379845
0.07425488180883864	0.5611650485436893
0.07399794450154162	0.5603112840466926
0.0737410071942446	0.5594541910331384
0.07297019527235354	0.5590551181102362
0.07219938335046248	0.5575396825396826
0.0698869475847893	0.5585215605749486
0.06963001027749229	0.5599173553719008
0.06166495375128469	0.5714285714285714
0.05678314491264132	0.5666666666666667
0.03776978417266187	0.6125
0.03725590955806783	0.6223175965665236
0.03699897225077081	0.6260869565217392
0.03648509763617677	0.6339285714285714
0.03622816032887975	0.6351351351351351
0.03597122302158273	0.6363636363636364
0.03545734840698869	0.6330275229357798
0.03494347379239465	0.6415094339622641
0.03494347379239465	0.6445497630331753
0.03494347379239465	0.6476190476190476
0.03442959917780062	0.6442307692307693
0.0341726618705036	0.6487804878048781
0.03391572456320658	0.6470588235294118
0.03391572456320658	0.6502463054187192
0.03365878725590956	0.6485148514851485
0.03365878725590956	0.6517412935323383
0.03365878725590956	0.655
0.03340184994861254	0.6565656565656566
0.03340184994861254	0.6598984771573604
0.03340184994861254	0.6632653061224489
0.03314491264131552	0.6615384615384615
0.03314491264131552	0.6649484536082474
0.0328879753340185	0.6632124352331606
0.0328879753340185	0.6666666666666666
0.03263103802672148	0.6649214659685864
0.03237410071942446	0.6702127659574468
0.03211716341212744	0.6684491978609626
0.03211716341212744	0.6720430107526881
0.03186022610483042	0.6702702702702703
0.0316032887975334	0.6684782608695652
0.0316032887975334	0.6721311475409836
0.0316032887975334	0.6758241758241759
0.03134635149023638	0.6740331491712708
0.031089414182939364	0.6722222222222223
0.030832476875642344	0.6703910614525139
0.030832476875642344	0.6741573033707865
0.030575539568345324	0.672316384180791
0.030318602261048305	0.6704545454545454
0.030318602261048305	0.6742857142857143
0.030061664953751285	0.6724137931034483
0.029804727646454265	0.6705202312138728
0.029804727646454265	0.6744186046511628
0.029547790339157245	0.672514619883041
0.029290853031860225	0.6705882352941176
0.029290853031860225	0.6745562130177515
0.029290853031860225	0.6785714285714286
0.029033915724563205	0.6766467065868264
0.029033915724563205	0.6807228915662651
0.02877697841726619	0.6787878787878788
0.02852004110996917	0.676829268292683
0.02852004110996917	0.6809815950920245
0.02826310380267215	0.6790123456790124
0.02826310380267215	0.6832298136645962
0.02826310380267215	0.6875
0.02826310380267215	0.6918238993710691
0.02800616649537513	0.689873417721519
0.02774922918807811	0.6878980891719745
0.02774922918807811	0.6923076923076923
0.02774922918807811	0.6967741935483871
0.02749229188078109	0.6948051948051948
0.02723535457348407	0.6928104575163399
0.02723535457348407	0.6973684210526315
0.02697841726618705	0.695364238410596
0.02697841726618705	0.7
0.02697841726618705	0.7046979865771812
0.02697841726618705	0.7094594594594594
0.02697841726618705	0.7142857142857143
0.02672147995889003	0.7123287671232876
0.026464542651593013	0.7103448275862069
0.026207605344295993	0.7083333333333334
0.026207605344295993	0.7132867132867133
0.025950668036998973	0.7112676056338029
0.025693730729701953	0.7092198581560284
0.025693730729701953	0.7142857142857143
0.025693730729701953	0.7194244604316546
0.025693730729701953	0.7246376811594203
0.025436793422404933	0.7226277372262774
0.025179856115107913	0.7205882352941176
0.024922918807810893	0.7185185185185186
0.024665981500513873	0.7164179104477612
0.024409044193216854	0.7142857142857143
0.024152106885919837	0.7121212121212122
0.023895169578622817	0.7099236641221374
0.023638232271325797	0.7076923076923077
0.023381294964028777	0.7054263565891473
0.023124357656731757	0.703125
0.022867420349434738	0.7007874015748031
0.022610483042137718	0.6984126984126984
0.022353545734840698	0.696
0.022096608427543678	0.6935483870967742
0.02183967112024666	0.6910569105691057
0.02158273381294964	0.6885245901639344
0.02132579650565262	0.6859504132231405
0.0210688591983556	0.6833333333333333
0.02081192189105858	0.680672268907563
0.020554984583761562	0.6779661016949152
0.020298047276464542	0.6752136752136753
0.020041109969167522	0.6724137931034483
0.019784172661870502	0.6695652173913044
0.019527235354573486	0.6666666666666666
0.019270298047276466	0.6637168141592921
0.019013360739979446	0.6607142857142857
0.018756423432682426	0.6576576576576577
0.018499486125385406	0.6545454545454545
0.018242548818088386	0.6513761467889908
0.017985611510791366	0.6481481481481481
0.017728674203494346	0.6448598130841121
0.017471736896197326	0.6415094339622641
0.01721479958890031	0.638095238095238
0.01695786228160329	0.6346153846153846
0.01670092497430627	0.6310679611650486
0.01644398766700925	0.6274509803921569
0.01618705035971223	0.6237623762376238
0.01593011305241521	0.62
0.01567317574511819	0.6161616161616161
0.015416238437821172	0.6122448979591837
0.015159301130524152	0.6082474226804123
0.014902363823227132	0.6041666666666666
0.014645426515930112	0.6
0.014388489208633094	0.5957446808510638
0.014131551901336074	0.5913978494623656
0.013874614594039054	0.5869565217391305
0.013617677286742035	0.5824175824175825
0.013360739979445015	0.5777777777777777
0.013103802672147996	0.5730337078651685
0.012846865364850977	0.5681818181818182
0.012589928057553957	0.5632183908045977
0.012332990750256937	0.5581395348837209
0.012076053442959919	0.5529411764705883
0.011819116135662899	0.5476190476190477
0.011819116135662899	0.5542168674698795
0.011562178828365879	0.5487804878048781
0.011305241521068859	0.5432098765432098
0.011048304213771839	0.5375
0.01079136690647482	0.5316455696202531
0.0105344295991778	0.5256410256410257
0.010277492291880781	0.5194805194805194
0.010020554984583761	0.5131578947368421
0.009763617677286743	0.5066666666666667
0.009506680369989723	0.5
0.009249743062692703	0.4931506849315068
0.009249743062692703	0.5
0.008992805755395683	0.49295774647887325
0.008992805755395683	0.5
0.008735868448098663	0.4927536231884058
0.008478931140801645	0.4852941176470588
0.008478931140801645	0.4925373134328358
0.008478931140801645	0.5
0.008478931140801645	0.5076923076923077
0.008221993833504625	0.5
0.007965056526207605	0.49206349206349204
0.007708119218910586	0.4838709677419355
0.007451181911613566	0.47540983606557374
0.007451181911613566	0.48333333333333334
0.007451181911613566	0.4915254237288136
0.007451181911613566	0.5
0.007451181911613566	0.5087719298245614
0.007451181911613566	0.5178571428571429
0.007194244604316547	0.509090909090909
0.007194244604316547	0.5185185185185185
0.007194244604316547	0.5283018867924528
0.007194244604316547	0.5384615384615384
0.006937307297019527	0.5294117647058824
0.006937307297019527	0.54
0.006937307297019527	0.5510204081632653
0.006680369989722507	0.5416666666666666
0.006423432682425488	0.5319148936170213
0.006166495375128468	0.5217391304347826
0.006166495375128468	0.5333333333333333
0.006166495375128468	0.5454545454545454
0.006166495375128468	0.5581395348837209
0.005909558067831449	0.5476190476190477
0.005652620760534429	0.5365853658536586
0.005652620760534429	0.55
0.00539568345323741	0.5384615384615384
0.0051387461459403904	0.5263157894736842
0.0051387461459403904	0.5405405405405406
0.0051387461459403904	0.5555555555555556
0.0051387461459403904	0.5714285714285714
0.004881808838643371	0.5588235294117647
0.0046248715313463515	0.5454545454545454
0.0041109969167523125	0.5161290322580645
0.0035971223021582736	0.4827586206896552
0.0035971223021582736	0.5
0.0033401849948612537	0.5
0.003083247687564234	0.48
0.0028263103802672147	0.4583333333333333
0.0028263103802672147	0.4782608695652174
0.0028263103802672147	0.5
0.0028263103802672147	0.5238095238095238
0.0025693730729701952	0.5
0.0023124357656731757	0.5
0.0020554984583761563	0.47058823529411764
0.0020554984583761563	0.5
0.0020554984583761563	0.5333333333333333
0.0020554984583761563	0.5714285714285714
0.001541623843782117	0.5
0.001541623843782117	0.5454545454545454
0.0012846865364850976	0.5
0.0012846865364850976	0.5555555555555556
0.0010277492291880781	0.5
0.0010277492291880781	0.5714285714285714
0.0007708119218910585	0.5
0.0005138746145940391	0.4
0.0005138746145940391	0.5
0.00025693730729701953	0.3333333333333333
0.00025693730729701953	0.5
0.0	0.0
0.0	1.0
