# average_precision["micro"]	0.948247805132133
recall	precision
1.0	0.5076963214192538
0.999743062692703	0.5076320939334638
0.999743062692703	0.5076983298538622
0.999743062692703	0.5077645830614642
0.999743062692703	0.5078308535630384
0.999743062692703	0.507897141365357
0.999743062692703	0.5080297688993342
0.999743062692703	0.5080961086445547
0.999743062692703	0.508162465717644
0.999743062692703	0.5082288401253918
0.999743062692703	0.5082952318745918
0.999743062692703	0.5083616409720407
0.999743062692703	0.5084280674245394
0.999743062692703	0.5084945112388918
0.999743062692703	0.5085609724219057
0.999743062692703	0.5086274509803922
0.999743062692703	0.5086939469211662
0.999743062692703	0.508760460251046
0.999743062692703	0.5088269909768537
0.999743062692703	0.5088935391054146
0.999743062692703	0.5089601046435579
0.999743062692703	0.5090266875981162
0.999743062692703	0.5091599057838262
0.999743062692703	0.5092265410286612
0.999743062692703	0.5092931937172774
0.999743062692703	0.5093598638565258
0.999743062692703	0.50942655145326
0.999743062692703	0.5094932565143381
0.999743062692703	0.5095599790466213
0.999743062692703	0.5096267190569744
0.999743062692703	0.5096934765522662
0.999743062692703	0.5097602515393685
0.999743062692703	0.5098270440251572
0.999743062692703	0.5098938540165115
0.999743062692703	0.5099606815203146
0.999743062692703	0.5100275265434526
0.999743062692703	0.5100943890928159
0.999743062692703	0.5101612691752982
0.999743062692703	0.5102950819672131
0.999743062692703	0.5103620146904512
0.999743062692703	0.5104289649744195
0.999743062692703	0.5104959328260299
0.999743062692703	0.5105629182521979
0.999743062692703	0.5106299212598425
0.999743062692703	0.5106969418558867
0.999743062692703	0.5107639800472565
0.999743062692703	0.5108310358408822
0.999743062692703	0.5108981092436975
0.999743062692703	0.5109652002626395
0.999743062692703	0.5110323089046493
0.999743062692703	0.5110994351766714
0.999743062692703	0.5111665790856542
0.999743062692703	0.5112337406385494
0.999743062692703	0.5113009198423127
0.999743062692703	0.5113681167039033
0.999743062692703	0.511435331230284
0.999743062692703	0.5115025634284212
0.999743062692703	0.5115698133052853
0.999743062692703	0.5116370808678501
0.999743062692703	0.5117043661230931
0.999743062692703	0.5117716690779955
0.999743062692703	0.5118389897395422
0.999743062692703	0.5119063281147217
0.999743062692703	0.5119736842105264
0.999743062692703	0.5120410580339518
0.999743062692703	0.5121084495919979
0.999743062692703	0.5121758588916677
0.999743062692703	0.5122432859399684
0.999743062692703	0.5123107307439104
0.999743062692703	0.5123781933105083
0.999743062692703	0.51244567364678
0.999743062692703	0.5125131717597471
0.999743062692703	0.5125806876564353
0.999743062692703	0.5126482213438736
0.999743062692703	0.5127157728290948
0.999743062692703	0.5127833421191355
0.999743062692703	0.512850929221036
0.999743062692703	0.5129185341418402
0.999743062692703	0.512986156888596
0.999743062692703	0.5130537974683544
0.999743062692703	0.5131214558881709
0.999743062692703	0.5131891321551042
0.999743062692703	0.5132568262762168
0.999743062692703	0.5133245382585752
0.999743062692703	0.5133922681092492
0.999743062692703	0.5134600158353128
0.999743062692703	0.5135277814438433
0.999743062692703	0.5135955649419218
0.999743062692703	0.5136633663366337
0.999743062692703	0.5137311856350674
0.999743062692703	0.5137990228443153
0.999743062692703	0.5138668779714739
0.999743062692703	0.5139347510236428
0.999743062692703	0.514002642007926
0.999743062692703	0.5140705509314308
0.999743062692703	0.5141384778012685
0.999743062692703	0.514206422624554
0.999743062692703	0.514274385408406
0.999743062692703	0.5143423661599471
0.999743062692703	0.5144103648863035
0.999743062692703	0.5144783815946053
0.999743062692703	0.5145464162919863
0.999743062692703	0.5146144689855839
0.999743062692703	0.5146825396825396
0.999743062692703	0.5147506283899986
0.999743062692703	0.5148187351151098
0.999743062692703	0.5148868598650258
0.999743062692703	0.5149550026469031
0.999743062692703	0.515023163467902
0.999743062692703	0.5150913423351866
0.999743062692703	0.5151595392559248
0.999743062692703	0.5152277542372882
0.999743062692703	0.5152959872864521
0.999743062692703	0.515364238410596
0.999743062692703	0.5154325076169028
0.999743062692703	0.5155007949125596
0.999743062692703	0.5155691003047569
0.999743062692703	0.5156374238006891
0.999743062692703	0.5157057654075546
0.999743062692703	0.5157741251325557
0.999743062692703	0.515842502982898
0.999743062692703	0.5159108989657916
0.999743062692703	0.5159793130884498
0.999743062692703	0.5160477453580902
0.999743062692703	0.5161161957819339
0.999743062692703	0.5161846643672061
0.999743062692703	0.5162531511211357
0.999743062692703	0.5163216560509554
0.999743062692703	0.5163901791639018
0.999743062692703	0.5164587204672153
0.999743062692703	0.5165272799681402
0.999743062692703	0.5165958576739246
0.999743062692703	0.5166644535918204
0.999743062692703	0.5167330677290837
0.999743062692703	0.5168017000929739
0.999743062692703	0.5168703506907545
0.999743062692703	0.5169390195296931
0.999743062692703	0.5170077066170609
0.999743062692703	0.5170764119601329
0.999743062692703	0.5171451355661882
0.999743062692703	0.5172138774425097
0.999743062692703	0.5172826375963839
0.999743062692703	0.5173514160351017
0.999743062692703	0.5174202127659574
0.999743062692703	0.5174890277962495
0.999743062692703	0.5175578611332802
0.999743062692703	0.5176267127843555
0.999743062692703	0.5176955827567855
0.999743062692703	0.5177644710578843
0.999743062692703	0.5178333776949694
0.999743062692703	0.5179023026753627
0.999743062692703	0.5179712460063898
0.999743062692703	0.5180402076953801
0.999743062692703	0.5181091877496671
0.999743062692703	0.5181781861765881
0.999743062692703	0.5182472029834843
0.999743062692703	0.5183162381777008
0.999743062692703	0.5183852917665868
0.999743062692703	0.518454363757495
0.999743062692703	0.5185234541577826
0.999743062692703	0.51859256297481
0.999743062692703	0.5186616902159424
0.999743062692703	0.5187308358885482
0.999743062692703	0.5188
0.999743062692703	0.5188691825576743
0.999743062692703	0.5189383835689517
0.999743062692703	0.5190076030412165
0.999743062692703	0.519076840981857
0.999743062692703	0.5191460973982656
0.999743062692703	0.5192153722978383
0.999743062692703	0.5192846656879755
0.999743062692703	0.5193539775760811
0.999743062692703	0.5194233079695635
0.999743062692703	0.5194926568758345
0.999743062692703	0.51956202430231
0.999743062692703	0.5196314102564102
0.999743062692703	0.519700814745559
0.999743062692703	0.5197702377771841
0.999743062692703	0.5198396793587174
0.999743062692703	0.5199091394975949
0.999743062692703	0.5199786182012561
0.999743062692703	0.5200481154771451
0.999743062692703	0.5201176313327095
0.999743062692703	0.520187165775401
0.999743062692703	0.5202567188126755
0.999743062692703	0.5203262904519925
0.999743062692703	0.5203958807008159
0.999743062692703	0.5204654895666132
0.999743062692703	0.5205351170568562
0.999743062692703	0.5206047631790206
0.999743062692703	0.5206744279405862
0.999743062692703	0.5207441113490364
0.999743062692703	0.5208138134118592
0.999743062692703	0.5208835341365462
0.999743062692703	0.5209532735305931
0.999743062692703	0.5210230316014998
0.999743062692703	0.5210928083567697
0.999743062692703	0.5211626038039111
0.999743062692703	0.5212324179504354
0.999743062692703	0.5213022508038585
0.999743062692703	0.5213721023717004
0.999743062692703	0.5214419726614848
0.999743062692703	0.5215118616807398
0.999743062692703	0.5215817694369973
0.999743062692703	0.5216516959377933
0.999743062692703	0.5217216411906678
0.999743062692703	0.5217916052031648
0.999743062692703	0.5218615879828327
0.999743062692703	0.5219315895372233
0.999743062692703	0.5220016098738932
0.999743062692703	0.5220716490004025
0.999743062692703	0.5221417069243156
0.999743062692703	0.5222117836532009
0.999743062692703	0.5222818791946309
0.999743062692703	0.522351993556182
0.999743062692703	0.522422126745435
0.999743062692703	0.5224922787699745
0.999743062692703	0.5225624496373892
0.999743062692703	0.522632639355272
0.999743062692703	0.5227028479312198
0.999743062692703	0.5227730753728336
0.999743062692703	0.5228433216877184
0.999743062692703	0.5229135868834834
0.999743062692703	0.5229838709677419
0.999743062692703	0.5230541739481113
0.999743062692703	0.523124495832213
0.999743062692703	0.5231948366276724
0.999743062692703	0.5232651963421194
0.999743062692703	0.5233355749831876
0.999743062692703	0.523405972558515
0.999743062692703	0.5234763890757433
0.999743062692703	0.5235468245425189
0.999743062692703	0.5236172789664917
0.999743062692703	0.5236877523553163
0.999743062692703	0.523758244716651
0.999743062692703	0.5238287560581584
0.999743062692703	0.523899286387505
0.999743062692703	0.523969835712362
0.999743062692703	0.5240404040404041
0.999743062692703	0.5241109913793104
0.999743062692703	0.5241815977367641
0.999743062692703	0.5242522231204527
0.999743062692703	0.5243228675380677
0.999743062692703	0.5243935309973046
0.999743062692703	0.5244642135058634
0.999743062692703	0.5245349150714478
0.999743062692703	0.5246056357017662
0.999743062692703	0.5246763754045307
0.999743062692703	0.5247471341874579
0.999743062692703	0.5248179120582681
0.999743062692703	0.5248887090246863
0.999743062692703	0.5249595250944414
0.999743062692703	0.5250303602752665
0.999743062692703	0.5251012145748988
0.999743062692703	0.5251720880010797
0.999743062692703	0.525242980561555
0.999743062692703	0.5253138922640745
0.999743062692703	0.5253848231163921
0.999743062692703	0.525455773126266
0.999743062692703	0.5255267423014587
0.999743062692703	0.5255977306497366
0.999743062692703	0.5256687381788706
0.999743062692703	0.5257397648966355
0.999743062692703	0.5258108108108108
0.999743062692703	0.5258818759291796
0.999743062692703	0.5259529602595296
0.999743062692703	0.5260240638096526
0.999743062692703	0.5260951865873446
0.999743062692703	0.5261663286004057
0.999743062692703	0.5262374898566405
0.999743062692703	0.5263086703638578
0.999743062692703	0.5263798701298701
0.999743062692703	0.526451089162495
0.999743062692703	0.5265223274695534
0.999743062692703	0.5265935850588713
0.999743062692703	0.5266648619382783
0.999743062692703	0.5267361581156085
0.999743062692703	0.5268074735987003
0.999743062692703	0.526878808395396
0.999743062692703	0.5269501625135428
0.999743062692703	0.5270215359609914
0.999743062692703	0.5270929287455974
0.999743062692703	0.5271643408752201
0.999743062692703	0.5272357723577236
0.999743062692703	0.5273072232009758
0.999743062692703	0.527378693412849
0.999743062692703	0.52745018300122
0.999743062692703	0.5275216919739696
0.999743062692703	0.527593220338983
0.999743062692703	0.5276647681041498
0.999743062692703	0.5277363352773633
0.999743062692703	0.5278079218665219
0.999743062692703	0.5278795278795279
0.999743062692703	0.5279511533242877
0.999743062692703	0.5280227982087121
0.999743062692703	0.5280944625407166
0.999743062692703	0.5281661463282205
0.999743062692703	0.5282378495791474
0.999743062692703	0.5283095723014256
0.999743062692703	0.5283813145029875
0.999743062692703	0.5284530761917696
0.999743062692703	0.5285248573757131
0.999743062692703	0.5285966580627632
0.999743062692703	0.5286684782608696
0.999743062692703	0.5287403179779862
0.999743062692703	0.5288121772220712
0.999743062692703	0.5288840560010875
0.999743062692703	0.5289559543230016
0.999743062692703	0.5290278721957852
0.999743062692703	0.5290998096274137
0.999743062692703	0.529171766625867
0.999743062692703	0.5292437431991295
0.999743062692703	0.5293157393551897
0.999743062692703	0.5293877551020408
0.999743062692703	0.52945979044768
0.999743062692703	0.5295318454001089
0.999743062692703	0.5296039199673336
0.999743062692703	0.5296760141573645
0.999743062692703	0.5297481279782165
0.999743062692703	0.5298202614379085
0.999743062692703	0.5298924145444641
0.999743062692703	0.5299645873059112
0.999743062692703	0.530036779730282
0.999743062692703	0.5301089918256131
0.999743062692703	0.5301812235999455
0.999743062692703	0.5302534750613246
0.999743062692703	0.5303257462178002
0.999743062692703	0.5303980370774264
0.999743062692703	0.5304703476482617
0.999743062692703	0.5305426779383693
0.999743062692703	0.5306150279558162
0.999743062692703	0.5306873977086743
0.999743062692703	0.5307597872050198
0.999743062692703	0.5308321964529331
0.999743062692703	0.5309046254604994
0.999743062692703	0.5309770742358079
0.999743062692703	0.5310495427869524
0.999743062692703	0.5311220311220312
0.999743062692703	0.5311945392491467
0.999743062692703	0.5312670671764064
0.999743062692703	0.5313396149119214
0.999743062692703	0.5314121824638077
0.999743062692703	0.5314847698401858
0.999743062692703	0.5315573770491804
0.999743062692703	0.5316300040989206
0.999743062692703	0.5317026509975403
0.999743062692703	0.5317753177531775
0.999743062692703	0.5318480043739748
0.999743062692703	0.5319207108680792
0.999743062692703	0.5319934372436423
0.999743062692703	0.53206618350882
0.999743062692703	0.5321389496717724
0.999743062692703	0.5322117357406647
0.999743062692703	0.5322845417236662
0.999743062692703	0.5323573676289506
0.999743062692703	0.5324302134646962
0.999743062692703	0.5325030792390858
0.999743062692703	0.5325759649603066
0.999743062692703	0.5326488706365503
0.999743062692703	0.5327217962760131
0.999743062692703	0.5327947418868958
0.999743062692703	0.5328677074774034
0.999743062692703	0.5329406930557458
0.999743062692703	0.533013698630137
0.999743062692703	0.5330867242087958
0.999743062692703	0.5331597697999452
0.999743062692703	0.5332328354118131
0.999743062692703	0.5333059210526315
0.999743062692703	0.5333790267306374
0.999743062692703	0.5334521524540718
0.999743062692703	0.5335252982311806
0.999743062692703	0.5335984640702139
0.999743062692703	0.5336716499794267
0.999743062692703	0.5337448559670782
0.999743062692703	0.5338180820414323
0.999743062692703	0.5338913282107574
0.999743062692703	0.5339645944833264
0.999743062692703	0.534037880867417
0.999743062692703	0.5341111873713109
0.999743062692703	0.5341845140032949
0.999743062692703	0.53425786077166
0.999743062692703	0.534331227684702
0.999743062692703	0.5344046147507211
0.999743062692703	0.534478021978022
0.999743062692703	0.5345514493749142
0.999743062692703	0.5346248969497115
0.999743062692703	0.5346983647107324
0.999743062692703	0.5347718526663001
0.999743062692703	0.5348453608247423
0.999743062692703	0.534918889194391
0.999743062692703	0.5349924377835831
0.999743062692703	0.5350660066006601
0.999743062692703	0.5351395956539678
0.999743062692703	0.535213204951857
0.999743062692703	0.5352868345026827
0.999743062692703	0.5353604843148047
0.999743062692703	0.5354341543965873
0.999743062692703	0.5355078447563997
0.999743062692703	0.5355815554026153
0.999743062692703	0.5356552863436124
0.999743062692703	0.5357290375877737
0.999743062692703	0.5358028091434867
0.999743062692703	0.5358766010191434
0.999743062692703	0.5359504132231405
0.999743062692703	0.5360242457638793
0.999743062692703	0.5360980986497658
0.999743062692703	0.5361719718892104
0.999743062692703	0.5362458654906285
0.999743062692703	0.5363937138130687
0.999743062692703	0.5364676685509444
0.999743062692703	0.5365416436845009
0.999743062692703	0.5366156392221763
0.999743062692703	0.5366896551724137
0.999743062692703	0.5367636915436612
0.999743062692703	0.5368377483443708
0.999743062692703	0.5369118255829999
0.999743062692703	0.53698592326801
0.999743062692703	0.5370600414078675
0.999743062692703	0.5371341800110436
0.999743062692703	0.5372083390860141
0.999743062692703	0.5372825186412593
0.999743062692703	0.5373567186852645
0.999743062692703	0.5374309392265193
0.999743062692703	0.5375051802735185
0.999743062692703	0.5376537239187509
0.999743062692703	0.5377280265339967
0.999743062692703	0.5378023496890117
0.999743062692703	0.537876693392314
0.999743062692703	0.5379510576524263
0.999743062692703	0.5380254424778761
0.999743062692703	0.5380998478771954
0.999743062692703	0.5381742738589211
0.999743062692703	0.538248720431595
0.999743062692703	0.5383231876037632
0.999743062692703	0.5383976753839768
0.999743062692703	0.5384721837807915
0.999743062692703	0.5385467128027681
0.999743062692703	0.5386212624584718
0.999743062692703	0.5386958327564724
0.999743062692703	0.5387704237053448
0.999743062692703	0.5388450353136685
0.999743062692703	0.5389196675900277
0.999743062692703	0.5389943205430116
0.999743062692703	0.5390689941812137
0.999743062692703	0.5391436885132327
0.999743062692703	0.5392184035476718
0.999743062692703	0.5392931392931393
0.999743062692703	0.5393678957582478
0.999743062692703	0.5394426729516152
0.999743062692703	0.5395174708818635
0.999743062692703	0.5395922895576203
0.999743062692703	0.5396671289875173
0.999743062692703	0.5397419891801915
0.999743062692703	0.5398168701442841
0.999743062692703	0.5398917718884418
0.999743062692703	0.5399666944213156
0.999743062692703	0.5400416377515614
0.999743062692703	0.54011660188784
0.999743062692703	0.5401915868388172
0.999743062692703	0.540266592613163
0.999743062692703	0.5403416192195528
0.999743062692703	0.5404166666666667
0.999743062692703	0.5404917349631894
0.999743062692703	0.5405668241178105
0.999743062692703	0.5406419341392247
0.999743062692703	0.5407170650361312
0.999743062692703	0.5407922168172342
0.999743062692703	0.5408673894912427
0.999743062692703	0.5409425830668706
0.999743062692703	0.5410177975528365
0.999743062692703	0.541093032957864
0.999743062692703	0.5411682892906815
0.999743062692703	0.5412435665600223
0.999743062692703	0.5413188647746243
0.999743062692703	0.5413941839432308
0.999743062692703	0.5414695240745895
0.999743062692703	0.541544885177453
0.999743062692703	0.5416202672605791
0.999743062692703	0.54169567033273
0.999743062692703	0.5417710944026733
0.999743062692703	0.5418465394791812
0.999743062692703	0.5419220055710307
0.999743062692703	0.5419974926870038
0.999743062692703	0.5420730008358874
0.999743062692703	0.5421485300264735
0.999743062692703	0.5422240802675585
0.999743062692703	0.5422996515679442
0.999743062692703	0.5423752439364371
0.999743062692703	0.5424508573818486
0.999743062692703	0.542526491912995
0.999743062692703	0.5426021475386975
0.999743062692703	0.5426778242677824
0.999743062692703	0.5427535221090808
0.999743062692703	0.5428292410714286
0.999743062692703	0.5429049811636668
0.999743062692703	0.5429807423946413
0.999743062692703	0.5430565247732031
0.999743062692703	0.5431323283082077
0.999743062692703	0.543208153008516
0.999743062692703	0.5432839988829936
0.999743062692703	0.5433598659405111
0.999743062692703	0.5434357541899442
0.999743062692703	0.5435116636401732
0.999743062692703	0.5435875943000839
0.999743062692703	0.5436635461785665
0.999743062692703	0.5437395192845165
0.999743062692703	0.5438155136268343
0.999743062692703	0.5438915292144255
0.999743062692703	0.5439675660562002
0.999743062692703	0.5440436241610739
0.999743062692703	0.5441197035379667
0.999743062692703	0.5441958041958042
0.999743062692703	0.5442719261435166
0.999743062692703	0.5443480693900392
0.999743062692703	0.5444242339443123
0.999743062692703	0.5445004198152813
0.999743062692703	0.5445766270118965
0.999743062692703	0.5446528555431132
0.999743062692703	0.5447291054178917
0.999743062692703	0.5448053766451975
0.999743062692703	0.5448816692340008
0.999743062692703	0.5449579831932773
0.999743062692703	0.5450343185320072
0.999743062692703	0.5451106752591762
0.999743062692703	0.5451870533837747
0.999743062692703	0.5452634529147982
0.999743062692703	0.5453398738612474
0.999743062692703	0.5454163162321278
0.999743062692703	0.5454927800364503
0.999743062692703	0.5455692652832305
0.999743062692703	0.5456457719814892
0.999743062692703	0.5457223001402525
0.999743062692703	0.545798849768551
0.999743062692703	0.5458754208754208
0.999743062692703	0.5459520134699032
0.999743062692703	0.5460286275610441
0.999743062692703	0.5461052631578948
0.999743062692703	0.5461819202695115
0.999743062692703	0.5462585989049558
0.999743062692703	0.546335299073294
0.999743062692703	0.5464120207835979
0.999743062692703	0.5464887640449438
0.999743062692703	0.5465655288664139
0.999743062692703	0.5466423152570947
0.999743062692703	0.5467191232260784
0.999743062692703	0.5467959527824621
0.999743062692703	0.5468728039353479
0.999743062692703	0.5469496766938431
0.999743062692703	0.5470265710670603
0.999743062692703	0.5471034870641169
0.999743062692703	0.5471804246941359
0.999743062692703	0.5472573839662447
0.999743062692703	0.5473343648895765
0.999743062692703	0.5474113674732696
0.999743062692703	0.5474883917264669
0.999743062692703	0.5475654376583169
0.999743062692703	0.5476425052779733
0.999743062692703	0.5477195945945946
0.999743062692703	0.5477967056173448
0.999743062692703	0.5478738383553928
0.999743062692703	0.5479509928179129
0.999743062692703	0.5480281690140845
0.999743062692703	0.548105366953092
0.999743062692703	0.5481825866441251
0.999743062692703	0.5482598280963787
0.999743062692703	0.548337091319053
0.999743062692703	0.548414376321353
0.999743062692703	0.5484916831124894
0.999743062692703	0.5485690117016777
0.999743062692703	0.5486463620981388
0.999743062692703	0.5487237343110986
0.999743062692703	0.5488011283497884
0.999743062692703	0.5488785442234447
0.999743062692703	0.5489559819413092
0.999743062692703	0.5490334415126288
0.999743062692703	0.5491109229466554
0.999743062692703	0.5491884262526464
0.999743062692703	0.5492659514398645
0.999743062692703	0.5493434985175772
0.999743062692703	0.5494210674950579
0.999743062692703	0.5494986583815845
0.999743062692703	0.5495762711864407
0.999743062692703	0.549653905918915
0.999743062692703	0.5497315625883018
0.999743062692703	0.5498092412039
0.999743062692703	0.5498869417750142
0.999743062692703	0.549964664310954
0.999743062692703	0.5500424088210347
0.999743062692703	0.5501201753145766
0.999743062692703	0.550197963800905
0.999743062692703	0.5502757742893508
0.999743062692703	0.5503536067892504
0.999743062692703	0.5504314613099448
0.999743062692703	0.5505093378607809
0.999743062692703	0.5505872364511109
0.999743062692703	0.5506651570902915
0.999743062692703	0.5507430997876858
0.999743062692703	0.5508210645526613
0.999743062692703	0.5508990513945915
0.999743062692703	0.5509770603228548
0.999743062692703	0.5510550913468347
0.999743062692703	0.5511331444759207
0.999743062692703	0.551211219719507
0.999743062692703	0.5512893170869935
0.999743062692703	0.5513674365877852
0.999743062692703	0.5514455782312925
0.999743062692703	0.5515237420269312
0.999743062692703	0.5516019279841224
0.999743062692703	0.5516801361122926
0.999743062692703	0.5517583664208735
0.999743062692703	0.5518366189193022
0.999743062692703	0.5519148936170213
0.999743062692703	0.5519931905234785
0.999743062692703	0.5520715096481271
0.999743062692703	0.5521498510004257
0.999743062692703	0.5522282145898382
0.999743062692703	0.5523066004258339
0.999743062692703	0.5523850085178875
0.999743062692703	0.5524634388754792
0.999743062692703	0.5525418915080943
0.999743062692703	0.5526203664252237
0.999743062692703	0.5526988636363637
0.999743062692703	0.5527773831510158
0.999743062692703	0.5528559249786871
0.999743062692703	0.5529344891288902
0.999743062692703	0.5530130756111427
0.999743062692703	0.553091684434968
0.999743062692703	0.5531703156098948
0.999743062692703	0.5532489691454572
0.999743062692703	0.5533276450511946
0.999743062692703	0.553406343336652
0.999743062692703	0.5534850640113798
0.999743062692703	0.5535638070849338
0.999743062692703	0.5536425725668753
0.999743062692703	0.553721360466771
0.999743062692703	0.553800170794193
0.999743062692703	0.5538790035587189
0.999743062692703	0.5539578587699316
0.999743062692703	0.5540367364374199
0.999743062692703	0.5541156365707776
0.999743062692703	0.554194559179604
0.999743062692703	0.5542735042735043
0.999743062692703	0.5543524718620886
0.999743062692703	0.554431461954973
0.999743062692703	0.5545104745617785
0.999743062692703	0.5545895096921323
0.999743062692703	0.5547476475620188
0.999743062692703	0.5548267503208327
0.999743062692703	0.554905875641757
0.999743062692703	0.5549850235344459
0.999743062692703	0.5550641940085592
0.999743062692703	0.5551433870737623
0.999743062692703	0.555222602739726
0.999743062692703	0.5553018410161268
0.999743062692703	0.5553811019126463
0.999743062692703	0.5554603854389721
0.999743062692703	0.5555396916047972
0.999743062692703	0.55561902041982
0.999743062692703	0.5556983718937446
0.999743062692703	0.5557777460362805
0.999743062692703	0.5558571428571428
0.999743062692703	0.5559365623660523
0.999743062692703	0.556016004572735
0.999743062692703	0.556095469486923
0.999743062692703	0.5561749571183533
0.999743062692703	0.5562544674767691
0.999743062692703	0.5563340005719188
0.999743062692703	0.5564135564135564
0.999743062692703	0.5564931350114416
0.999743062692703	0.5565727363753398
0.999743062692703	0.5566523605150214
0.999743062692703	0.5567320074402633
0.999743062692703	0.5568116771608471
0.999743062692703	0.5568913696865607
0.999743062692703	0.5569710850271973
0.999743062692703	0.5570508231925555
0.999743062692703	0.5571305841924399
0.999743062692703	0.5572103680366605
0.999743062692703	0.557290174735033
0.999743062692703	0.5573700042973786
0.999743062692703	0.5574498567335243
0.999743062692703	0.5575297320533028
0.999743062692703	0.557609630266552
0.999743062692703	0.5576895513831159
0.999743062692703	0.557769495412844
0.999743062692703	0.5578494623655914
0.999743062692703	0.5579294522512188
0.999743062692703	0.5580094650795927
0.999743062692703	0.5580895008605852
0.999743062692703	0.558169559604074
0.999743062692703	0.5582496413199426
0.999743062692703	0.55832974601808
0.999743062692703	0.5584098737083811
0.999743062692703	0.5584900244007464
0.999743062692703	0.5585701981050818
0.999743062692703	0.5586503948312993
0.999743062692703	0.5587306145893165
0.999743062692703	0.5588108573890564
0.999743062692703	0.5588911232404481
0.999743062692703	0.5589714121534263
0.999743062692703	0.559051724137931
0.999743062692703	0.5591320592039086
0.999743062692703	0.5592124173613108
0.999743062692703	0.5592927986200948
0.999743062692703	0.5593732029902243
0.999743062692703	0.5594536304816679
0.999743062692703	0.5595340811044004
0.999743062692703	0.5596145548684022
0.999743062692703	0.5596950517836594
0.999743062692703	0.559775571860164
0.999743062692703	0.5598561151079137
0.999743062692703	0.5599366815369118
0.999743062692703	0.5600172711571675
0.999743062692703	0.5600978839786959
0.999743062692703	0.5601785200115175
0.999743062692703	0.5602591792656587
0.999743062692703	0.560339861751152
0.999743062692703	0.5604205674780355
0.999743062692703	0.5605012964563526
0.999743062692703	0.5605820486961532
0.999743062692703	0.5606628242074928
0.999743062692703	0.5607436230004323
0.999743062692703	0.5608244450850389
0.999743062692703	0.5609052904713854
0.999743062692703	0.5609861591695502
0.999743062692703	0.5610670511896179
0.999743062692703	0.5611479665416786
0.999743062692703	0.5612289052358287
0.999743062692703	0.5613098672821697
0.999743062692703	0.5613908526908095
0.999743062692703	0.5614718614718615
0.999743062692703	0.5615528936354452
0.999743062692703	0.561633949191686
0.999743062692703	0.5617150281507146
0.999743062692703	0.5617961305226682
0.999743062692703	0.5618772563176895
0.999743062692703	0.5619584055459272
0.999743062692703	0.5620395782175357
0.999743062692703	0.5621207743426755
0.999743062692703	0.5622019939315128
0.999743062692703	0.5622832369942197
0.999743062692703	0.5623645035409741
0.999743062692703	0.5624457935819601
0.999743062692703	0.5625271071273673
0.999743062692703	0.5626084441873915
0.999743062692703	0.5626898047722343
0.999743062692703	0.562771188892103
0.999743062692703	0.5628525965572111
0.999743062692703	0.5629340277777778
0.999743062692703	0.5630154825640283
0.999743062692703	0.5630969609261939
0.999743062692703	0.5631784628745115
0.999743062692703	0.5632599884192241
0.999743062692703	0.5633415375705806
0.999743062692703	0.5634231103388357
0.999743062692703	0.5635047067342506
0.999743062692703	0.5635863267670915
0.999743062692703	0.5636679704476315
0.999743062692703	0.563749637786149
0.999743062692703	0.5638313287929285
0.999743062692703	0.5639130434782609
0.999743062692703	0.5639947818524423
0.999743062692703	0.5640765439257756
0.999743062692703	0.5641583297085689
0.999743062692703	0.5642401392111369
0.999743062692703	0.5643219724437999
0.999743062692703	0.5644038294168843
0.999743062692703	0.5644857101407225
0.999743062692703	0.564567614625653
0.999743062692703	0.5646495428820201
0.999743062692703	0.5647314949201742
0.999743062692703	0.5648134707504717
0.999743062692703	0.5648954703832753
0.999743062692703	0.5649774938289531
0.999743062692703	0.5650595410978797
0.999743062692703	0.5651416122004357
0.999743062692703	0.5652237071470075
0.999743062692703	0.5653058259479878
0.999743062692703	0.565387968613775
0.999743062692703	0.5654701351547741
0.999743062692703	0.5655523255813953
0.999743062692703	0.5656345399040559
0.999743062692703	0.5657167781331782
0.999743062692703	0.5657990402791915
0.999743062692703	0.5658813263525305
0.999743062692703	0.5659636363636363
0.999743062692703	0.5660459703229561
0.999743062692703	0.5661283282409428
0.999743062692703	0.5662107101280559
0.999743062692703	0.5663755458515284
0.999743062692703	0.5664579997088368
0.999743062692703	0.5665404775771695
0.999743062692703	0.5666229794670161
0.999743062692703	0.5667055053888727
0.999743062692703	0.5667880553532411
0.999743062692703	0.5668706293706294
0.999743062692703	0.5669532274515517
0.999743062692703	0.5670358496065288
0.999743062692703	0.5671184958460865
0.999743062692703	0.567201166180758
0.999743062692703	0.5672838606210818
0.999743062692703	0.5673665791776028
0.999743062692703	0.567449321860872
0.999743062692703	0.5675320886814469
0.999743062692703	0.5676148796498905
0.999743062692703	0.5676976947767727
0.999743062692703	0.5677805340726689
0.999743062692703	0.5678633975481612
0.999743062692703	0.5679462852138374
0.999743062692703	0.568029197080292
0.999743062692703	0.5681121331581253
0.999743062692703	0.568195093457944
0.999743062692703	0.5682780779903608
0.999743062692703	0.5683610867659947
0.999743062692703	0.5684441197954712
0.999743062692703	0.5685271770894214
0.999743062692703	0.5686102586584831
0.999743062692703	0.5686933645133002
0.999743062692703	0.5687764946645227
0.999743062692703	0.5688596491228071
0.999743062692703	0.5689428278988156
0.999743062692703	0.5690260310032174
0.999743062692703	0.5691092584466871
0.999743062692703	0.5691925102399064
0.999743062692703	0.5692757863935626
0.999743062692703	0.5693590869183495
0.999743062692703	0.569442411824967
0.999743062692703	0.5695257611241218
0.999743062692703	0.5696091348265261
0.999743062692703	0.5697759554839654
0.999743062692703	0.569859402460457
0.999743062692703	0.5699428738831112
0.999743062692703	0.5700263697626722
0.999743062692703	0.5701098901098901
0.999743062692703	0.5701934349355217
0.999743062692703	0.5702770042503298
0.999743062692703	0.5703605980650835
0.999743062692703	0.5704442163905585
0.999743062692703	0.5705278592375367
0.999743062692703	0.570611526616806
0.999743062692703	0.570695218539161
0.999743062692703	0.5707789350154027
0.999743062692703	0.570862676056338
0.999743062692703	0.5709464416727806
0.999743062692703	0.5711140466754734
0.999743062692703	0.5711978860833823
0.999743062692703	0.571281750110116
0.999743062692703	0.5713656387665198
0.999743062692703	0.5714495520634454
0.999743062692703	0.5715334900117509
0.999743062692703	0.5716174526223006
0.999743062692703	0.5717014399059653
0.999743062692703	0.5717854518736223
0.999743062692703	0.5718694885361552
0.999743062692703	0.5719535499044539
0.999743062692703	0.5720376359894149
0.999743062692703	0.572121746801941
0.999743062692703	0.5722058823529412
0.999743062692703	0.5722900426533314
0.999743062692703	0.5723742277140336
0.999743062692703	0.5724584375459761
0.999743062692703	0.5725426721600941
0.999743062692703	0.5726269315673289
0.999743062692703	0.5727112157786282
0.999743062692703	0.5727955248049462
0.999743062692703	0.5728798586572438
0.999743062692703	0.572964217346488
0.999743062692703	0.5730486008836524
0.999743062692703	0.5731330092797172
0.999743062692703	0.5732174425456689
0.999743062692703	0.5733019006925004
0.999743062692703	0.5733863837312113
0.999743062692703	0.5734708916728076
0.999743062692703	0.5735554245283019
0.999743062692703	0.5736399823087129
0.999743062692703	0.5737245650250663
0.999743062692703	0.573809172688394
0.999743062692703	0.5738938053097346
0.999743062692703	0.5739784629001328
0.999743062692703	0.5740631454706403
0.999743062692703	0.5741478530323152
0.999743062692703	0.5742325855962219
0.999743062692703	0.5743173431734317
0.999743062692703	0.5744021257750221
0.999743062692703	0.5744869334120773
0.999743062692703	0.5745717660956882
0.999743062692703	0.5746566238369517
0.999743062692703	0.574741506646972
0.999743062692703	0.5748264145368592
0.999743062692703	0.5749113475177305
0.999743062692703	0.5749963056007094
0.999743062692703	0.5750812887969258
0.999743062692703	0.5751662971175167
0.999743062692703	0.5752513305736251
0.999743062692703	0.575336389176401
0.999743062692703	0.5754214729370009
0.999743062692703	0.5755065818665878
0.999743062692703	0.5755917159763314
0.999743062692703	0.5756768752774079
0.999743062692703	0.5757620597810003
0.999743062692703	0.575847269498298
0.999743062692703	0.5759325044404974
0.999743062692703	0.5760177646188009
0.999743062692703	0.5761030500444181
0.999743062692703	0.576188360728565
0.999743062692703	0.5762736966824644
0.999743062692703	0.5763590579173455
0.999743062692703	0.5764444444444444
0.999743062692703	0.5765298562750037
0.999743062692703	0.5766152934202726
0.999743062692703	0.5767007558915074
0.999743062692703	0.5767862436999703
0.999743062692703	0.576871756856931
0.999743062692703	0.5769572953736655
0.999743062692703	0.5770428592614564
0.999743062692703	0.577128448531593
0.999743062692703	0.5772140631953716
0.999743062692703	0.577299703264095
0.999743062692703	0.5773853687490725
0.999743062692703	0.5774710596616207
0.999743062692703	0.5775567760130622
0.999743062692703	0.5776425178147269
0.999743062692703	0.577728285077951
0.999743062692703	0.5778140778140778
0.999743062692703	0.5778998960344571
0.999743062692703	0.5779857397504456
0.999743062692703	0.5780716089734066
0.999743062692703	0.5781575037147103
0.999743062692703	0.5782434239857334
0.999743062692703	0.5783293697978596
0.999743062692703	0.5784153411624796
0.999743062692703	0.5785013380909901
0.999743062692703	0.5785873605947955
0.999743062692703	0.5786734086853064
0.999743062692703	0.5787594823739403
0.999743062692703	0.5788455816721214
0.999743062692703	0.578931706591281
0.999743062692703	0.5790178571428571
0.999743062692703	0.5791040333382944
0.999743062692703	0.5791902351890443
0.999743062692703	0.5792764627065654
0.999743062692703	0.5793627159023228
0.999743062692703	0.5794489947877886
0.999743062692703	0.5795352993744415
0.999743062692703	0.5796216296737673
0.999743062692703	0.5797079856972587
0.999743062692703	0.5797943674564149
0.999743062692703	0.5798807749627422
0.999743062692703	0.5799672082277537
0.999743062692703	0.5800536672629696
0.999743062692703	0.5801401520799165
0.999743062692703	0.5802266626901282
0.999743062692703	0.5803131991051454
0.999743062692703	0.5803997613365155
0.999743062692703	0.5804863493957929
0.999743062692703	0.5805729632945389
0.999743062692703	0.5806596030443217
0.999743062692703	0.5807462686567164
0.999743062692703	0.580832960143305
0.999743062692703	0.5809196775156763
0.999743062692703	0.5810064207854263
0.999743062692703	0.5810931899641577
0.999743062692703	0.5811799850634802
0.999743062692703	0.5812668060950105
0.999743062692703	0.581353653070372
0.999743062692703	0.5814405260011954
0.999743062692703	0.5815274248991182
0.999743062692703	0.5816143497757847
0.999743062692703	0.5817013006428464
0.999743062692703	0.5817882775119617
0.999743062692703	0.5818752803947959
0.999743062692703	0.5819623093030213
0.999743062692703	0.5820493642483171
0.999743062692703	0.5821364452423698
0.999743062692703	0.5822235522968726
0.999743062692703	0.5823106854235259
0.999743062692703	0.5823978446340368
0.999743062692703	0.5824850299401197
0.999743062692703	0.5825722413534961
0.999743062692703	0.582659478885894
0.999743062692703	0.582746742549049
0.999743062692703	0.5828340323547034
0.999743062692703	0.5829213483146067
0.999743062692703	0.5830086904405154
0.999743062692703	0.583096058744193
0.999743062692703	0.58318345323741
0.999743062692703	0.5832708739319442
0.999743062692703	0.5833583208395802
0.999743062692703	0.5834457939721097
0.999743062692703	0.5835332933413317
0.999743062692703	0.583620818959052
0.999743062692703	0.5837083708370837
0.999743062692703	0.5837959489872468
0.999743062692703	0.5838835534213686
0.999743062692703	0.5839711841512832
0.999743062692703	0.5840588411888322
0.999743062692703	0.584146524545864
0.999743062692703	0.5842342342342343
0.999743062692703	0.5843219702658057
0.999743062692703	0.5844097326524482
0.999743062692703	0.5844975214060387
0.999743062692703	0.5845853365384616
0.999743062692703	0.5846731780616078
0.999743062692703	0.584761045987376
0.999743062692703	0.5848489403276718
0.999743062692703	0.5849368610944077
0.999743062692703	0.5850248082995039
0.999743062692703	0.5851127819548873
0.999743062692703	0.5852007820724922
0.999743062692703	0.5852888086642599
0.999743062692703	0.5853768617421393
0.999743062692703	0.585464941318086
0.999743062692703	0.5855530474040632
0.999743062692703	0.5856411800120409
0.999743062692703	0.5857293391539967
0.999743062692703	0.5858175248419151
0.999743062692703	0.585905737087788
0.999743062692703	0.5859939759036145
0.999743062692703	0.5860822413014009
0.999743062692703	0.5861705332931606
0.999743062692703	0.5862588518909145
0.999743062692703	0.5863471971066908
0.999743062692703	0.5864355689525245
0.999743062692703	0.5865239674404582
0.999743062692703	0.5866123925825418
0.999743062692703	0.5867008443908324
0.999743062692703	0.586789322877394
0.999743062692703	0.5868778280542987
0.999743062692703	0.586966359933625
0.999743062692703	0.5870549185274593
0.999743062692703	0.5871435038478949
0.999743062692703	0.587232115907033
0.999743062692703	0.5873207547169811
0.999743062692703	0.5874094202898551
0.999743062692703	0.5874981126377774
0.999743062692703	0.5875868317728783
0.999743062692703	0.587675577707295
0.999743062692703	0.5877643504531722
0.999743062692703	0.587853150022662
0.999743062692703	0.5879419764279239
0.999743062692703	0.5880308296811244
0.999743062692703	0.5881197097944377
0.999743062692703	0.5882086167800453
0.999743062692703	0.5882975506501361
0.999743062692703	0.5883865114169061
0.999743062692703	0.588475499092559
0.999743062692703	0.5885645136893057
0.999743062692703	0.5886535552193646
0.999743062692703	0.5887426236949614
0.999743062692703	0.5888317191283293
0.999743062692703	0.5889208415317088
0.999743062692703	0.5890099909173478
0.999743062692703	0.5890991672975019
0.999743062692703	0.5891883706844336
0.999743062692703	0.5892776010904135
0.999743062692703	0.5893668585277189
0.999743062692703	0.589456143008635
0.999743062692703	0.5895454545454546
0.999743062692703	0.5896347931504774
0.999743062692703	0.5897241588360109
0.999743062692703	0.5898135516143702
0.999743062692703	0.5899029714978775
0.999743062692703	0.5899924184988627
0.999743062692703	0.5900818926296634
0.999743062692703	0.590171393902624
0.999743062692703	0.5902609223300971
0.999743062692703	0.5903504779244424
0.999743062692703	0.5904400606980273
0.999743062692703	0.5905296706632266
0.999743062692703	0.5906193078324226
0.999743062692703	0.5907089722180051
0.999743062692703	0.5907986638323717
0.999743062692703	0.5908883826879271
0.999743062692703	0.5909781287970839
0.999743062692703	0.5910679021722619
0.999743062692703	0.5911577028258888
0.999743062692703	0.5912475307703996
0.999743062692703	0.591337386018237
0.999743062692703	0.5914272685818514
0.999743062692703	0.5915171784737002
0.999743062692703	0.591607115706249
0.999743062692703	0.5916970802919708
0.999743062692703	0.591787072243346
0.999743062692703	0.5918770915728628
0.999743062692703	0.5919671382930168
0.999743062692703	0.5920572124163116
0.999743062692703	0.592147313955258
0.999743062692703	0.5922374429223745
0.999743062692703	0.5923275993301872
0.999743062692703	0.5924177831912302
0.999743062692703	0.5925079945180448
0.999743062692703	0.5925982333231801
0.999743062692703	0.5926884996191927
0.999743062692703	0.5927787934186471
0.999743062692703	0.5928691147341155
0.999743062692703	0.5929594635781774
0.999743062692703	0.5930498399634202
0.999743062692703	0.593140243902439
0.999743062692703	0.5932306754078366
0.999743062692703	0.5933211344922232
0.999743062692703	0.5934116211682172
0.999743062692703	0.5935021354484442
0.999743062692703	0.5935926773455378
0.999743062692703	0.5936832468721391
0.999743062692703	0.5937738440408973
0.999743062692703	0.5938644688644689
0.999743062692703	0.5939551213555182
0.999743062692703	0.5940458015267176
0.999743062692703	0.5941365093907467
0.999743062692703	0.5942272449602932
0.999743062692703	0.5943180082480526
0.999743062692703	0.5944087992667277
0.999743062692703	0.5944996180290298
0.999743062692703	0.5945904645476773
0.999743062692703	0.5946813388353966
0.999743062692703	0.5947722409049221
0.999743062692703	0.5948631707689955
0.999743062692703	0.594954128440367
0.999743062692703	0.5950451139317938
0.999743062692703	0.5951361272560416
0.999743062692703	0.5952271684258834
0.999743062692703	0.5953182374541004
0.999743062692703	0.5954093343534812
0.999743062692703	0.5955004591368228
0.999743062692703	0.5955916118169294
0.999743062692703	0.5956827924066136
0.999743062692703	0.5957740009186955
0.999743062692703	0.595865237366003
0.999743062692703	0.5959565017613724
0.999743062692703	0.5960477941176471
0.999743062692703	0.5961391144476789
0.999743062692703	0.5962304627643273
0.999743062692703	0.5963218390804598
0.999743062692703	0.5964132434089515
0.999743062692703	0.5965046757626858
0.999743062692703	0.5965961361545539
0.999743062692703	0.5966876245974544
0.999743062692703	0.5967791411042945
0.999743062692703	0.596870685687989
0.999743062692703	0.5969622583614606
0.999743062692703	0.59705385913764
0.999743062692703	0.5971454880294659
0.999743062692703	0.5972371450498849
0.999743062692703	0.5973288302118513
0.999743062692703	0.597420543528328
0.999743062692703	0.597512285012285
0.999743062692703	0.597604054676701
0.999743062692703	0.5976958525345623
0.999743062692703	0.5977876785988631
0.999743062692703	0.597879532882606
0.999743062692703	0.5979714153988013
0.999743062692703	0.5980633261604673
0.999743062692703	0.5981552651806303
0.999743062692703	0.5982472324723247
0.999743062692703	0.598339228048593
0.999743062692703	0.5984312519224854
0.999743062692703	0.5985233041070604
0.999743062692703	0.5986153846153847
0.999743062692703	0.5987074934605324
0.999743062692703	0.5987996306555863
0.999743062692703	0.5988917962136371
0.999743062692703	0.5989839901477833
0.999743062692703	0.5990762124711316
0.999743062692703	0.5991684631967971
0.999743062692703	0.5992607423379024
0.999743062692703	0.5993530499075785
0.999743062692703	0.5994453859189647
0.999743062692703	0.599537750385208
0.999743062692703	0.5996301433194637
0.999743062692703	0.5997225647348952
0.999743062692703	0.599815014644674
0.999743062692703	0.5999074930619797
0.999743062692703	0.6
0.999743062692703	0.6000925354719309
0.999743062692703	0.6001850994909764
0.999743062692703	0.6002776920703486
0.999743062692703	0.6003703132232681
0.999743062692703	0.600462962962963
0.999743062692703	0.6005556413026701
0.999743062692703	0.6006483482556344
0.999743062692703	0.6007410838351088
0.999743062692703	0.6008338480543546
0.999743062692703	0.6009266409266409
0.999743062692703	0.6010194624652456
0.999743062692703	0.6011123126834543
0.999743062692703	0.6012051915945612
0.999743062692703	0.6012980992118684
0.999743062692703	0.6013910355486862
0.999743062692703	0.6014840006183336
0.999743062692703	0.6015769944341373
0.999743062692703	0.6016700170094325
0.999743062692703	0.6017630683575627
0.999743062692703	0.6018561484918794
0.999743062692703	0.6019492574257426
0.999743062692703	0.6020423951725205
0.999743062692703	0.6021355617455896
0.999743062692703	0.6022287571583346
0.999743062692703	0.6023219814241486
0.999743062692703	0.6024152345564329
0.999743062692703	0.602508516568597
0.999743062692703	0.6026018274740592
0.999743062692703	0.6026951672862454
0.999743062692703	0.6027885360185903
0.999743062692703	0.6028819336845367
0.999743062692703	0.6029753602975361
0.999743062692703	0.6030688158710478
0.999743062692703	0.6031623004185398
0.999743062692703	0.6032558139534884
0.999743062692703	0.6033493564893782
0.999743062692703	0.6034429280397022
0.999743062692703	0.6035365286179618
0.999743062692703	0.6036301582376667
0.999743062692703	0.6037238169123351
0.999743062692703	0.6038175046554934
0.999743062692703	0.6039112214806767
0.999743062692703	0.6040049674014282
0.999743062692703	0.6040987424312995
0.999743062692703	0.6041925465838509
0.999743062692703	0.604286379872651
0.999743062692703	0.6043802423112767
0.999743062692703	0.6044741339133136
0.999743062692703	0.6045680546923555
0.999743062692703	0.6046620046620047
0.999743062692703	0.6047559838358719
0.999743062692703	0.6048499922275765
0.999743062692703	0.6049440298507462
0.999743062692703	0.6050380967190173
0.999743062692703	0.6051321928460343
0.999743062692703	0.6052263182454503
0.999743062692703	0.6053204729309272
0.999743062692703	0.605414656916135
0.999743062692703	0.6055088702147525
0.999743062692703	0.605603112840467
0.999743062692703	0.6056973848069739
0.999743062692703	0.6057916861279776
0.999743062692703	0.6058860168171909
0.999743062692703	0.6059803768883352
0.999743062692703	0.6060747663551402
0.999743062692703	0.6061691852313444
0.999743062692703	0.6062636335306949
0.999743062692703	0.6063581112669472
0.999743062692703	0.6064526184538653
0.999743062692703	0.6065471551052222
0.999743062692703	0.6066417212347989
0.999743062692703	0.6067363168563855
0.999743062692703	0.6068309419837804
0.999743062692703	0.6069255966307908
0.999743062692703	0.6070202808112325
0.999743062692703	0.6071149945389296
0.999743062692703	0.6072097378277154
0.999743062692703	0.6073045106914312
0.999743062692703	0.6073993131439276
0.999743062692703	0.6074941451990632
0.999743062692703	0.6075890068707058
0.999743062692703	0.6076838981727315
0.999743062692703	0.6077788191190253
0.999743062692703	0.6078737697234807
0.999743062692703	0.60796875
0.999743062692703	0.6080637599624942
0.999743062692703	0.6081587996248827
0.999743062692703	0.6082538690010942
0.999743062692703	0.6083489681050657
0.999743062692703	0.6084440969507428
0.999743062692703	0.6085392555520801
0.999743062692703	0.6086344439230408
0.999743062692703	0.608729662077597
0.999743062692703	0.6088249100297293
0.999743062692703	0.6089201877934273
0.999743062692703	0.609015495382689
0.999743062692703	0.6091108328115216
0.999743062692703	0.6092062000939408
0.999743062692703	0.6093015972439711
0.999743062692703	0.609397024275646
0.999743062692703	0.6094924812030075
0.999743062692703	0.6095879680401065
0.999743062692703	0.6096834848010029
0.999743062692703	0.609779031499765
0.999743062692703	0.6098746081504702
0.999743062692703	0.6099702147672049
0.999743062692703	0.610065851364064
0.999743062692703	0.6101615179551513
0.999743062692703	0.6102572145545797
0.999743062692703	0.6103529411764705
0.999743062692703	0.6104486978349545
0.999743062692703	0.6105444845441708
0.999743062692703	0.6106403013182674
0.999743062692703	0.6107361481714016
0.999743062692703	0.6108320251177394
0.999743062692703	0.6109279321714555
0.999743062692703	0.6110238693467337
0.999743062692703	0.6111198366577666
0.999743062692703	0.6112158341187559
0.999743062692703	0.611311861743912
0.999743062692703	0.6114079195474544
0.999743062692703	0.6115040075436114
0.999743062692703	0.6116001257466206
0.999743062692703	0.6116962741707279
0.999743062692703	0.6117924528301887
0.999743062692703	0.6118886617392671
0.999743062692703	0.6119849009122366
0.999743062692703	0.612081170363379
0.999743062692703	0.6121774701069855
0.999743062692703	0.6122738001573564
0.999743062692703	0.6123701605288008
0.999743062692703	0.6124665512356368
0.999743062692703	0.6125629722921915
0.999743062692703	0.6126594237128011
0.999743062692703	0.612755905511811
0.999743062692703	0.6128524177035753
0.999743062692703	0.6129489603024575
0.999743062692703	0.6130455333228297
0.999743062692703	0.6131421367790735
0.999743062692703	0.6132387706855792
0.999743062692703	0.6133354350567465
0.999743062692703	0.613432129906984
0.999743062692703	0.6135288552507095
0.999743062692703	0.6136256111023498
0.999743062692703	0.6137223974763407
0.999743062692703	0.6138192143871273
0.999743062692703	0.6139160618491638
0.999743062692703	0.6140129398769134
0.999743062692703	0.6141098484848485
0.999743062692703	0.6142067876874506
0.999743062692703	0.6143037574992106
0.999743062692703	0.6144007579346281
0.999743062692703	0.6144977890082123
0.999743062692703	0.6145948507344812
0.999743062692703	0.614691943127962
0.999743062692703	0.6147890662031916
0.999743062692703	0.6148862199747156
0.999743062692703	0.6149834044570887
0.999743062692703	0.6150806196648752
0.999743062692703	0.6151778656126482
0.999743062692703	0.6152751423149905
0.999743062692703	0.6153724497864937
0.999743062692703	0.6154697880417589
0.999743062692703	0.6155671570953963
0.999743062692703	0.6156645569620253
0.999743062692703	0.6157619876562748
0.999743062692703	0.6158594491927826
0.999743062692703	0.615956941586196
0.999743062692703	0.6160544648511717
0.999743062692703	0.6161520190023753
0.999743062692703	0.6162496040544821
0.999743062692703	0.6163472200221765
0.999743062692703	0.6164448669201521
0.999743062692703	0.616542544763112
0.999743062692703	0.6166402535657686
0.999743062692703	0.6167379933428435
0.999743062692703	0.6168357641090678
0.999743062692703	0.6169335658791819
0.999743062692703	0.6170313986679353
0.999743062692703	0.6171292624900873
0.999743062692703	0.6172271573604061
0.999743062692703	0.6173250832936696
0.999743062692703	0.6174230403046652
0.999743062692703	0.6175210284081891
0.999743062692703	0.6176190476190476
0.999743062692703	0.6177170979520559
0.999743062692703	0.6178151794220388
0.999743062692703	0.6179132920438304
0.999743062692703	0.6180114358322745
0.999743062692703	0.618109610802224
0.999743062692703	0.6182078169685414
0.999743062692703	0.6183060543460989
0.999743062692703	0.6184043229497775
0.999743062692703	0.6185026227944683
0.999743062692703	0.6186009538950715
0.9994861253854059	0.6185403084751153
0.9994861253854059	0.6186386768447837
0.9994861253854059	0.6187370765070781
0.9994861253854059	0.6188355074769328
0.9994861253854059	0.6189339697692919
0.9994861253854059	0.6190324633991089
0.9994861253854059	0.6191309883813465
0.9994861253854059	0.6192295447309774
0.9994861253854059	0.6193281324629836
0.9994861253854059	0.6194267515923567
0.9994861253854059	0.6195254021340978
0.9994861253854059	0.6196240841032176
0.9994861253854059	0.6197227975147364
0.9994861253854059	0.6198215423836839
0.9994861253854059	0.6199203187250996
0.9994861253854059	0.6200191265540325
0.9994861253854059	0.6201179658855412
0.9994861253854059	0.6202168367346939
0.9994861253854059	0.6203157391165683
0.9994861253854059	0.620414673046252
0.9994861253854059	0.6205136385388419
0.9994861253854059	0.6206126356094448
0.9994861253854059	0.6207116642731769
0.9994861253854059	0.6208107245451644
0.9994861253854059	0.6209098164405427
0.9994861253854059	0.6210089399744572
0.9994861253854059	0.6211080951620629
0.9994861253854059	0.6212072820185245
0.9994861253854059	0.6213065005590162
0.9994861253854059	0.6214057507987221
0.9994861253854059	0.6215050327528359
0.9994861253854059	0.6216043464365612
0.9994861253854059	0.6217036918651111
0.9994861253854059	0.6218030690537084
0.9994861253854059	0.6219024780175859
0.9994861253854059	0.622001918771986
0.9994861253854059	0.6221013913321606
0.9994861253854059	0.6222008957133717
0.9994861253854059	0.622300431930891
0.9994861253854059	0.6224
0.9994861253854059	0.6224995999359898
0.9994861253854059	0.6225992317541613
0.9994861253854059	0.6226988954698255
0.9994861253854059	0.6227985910983029
0.9994861253854059	0.622898318654924
0.9994861253854059	0.6229980781550288
0.9994861253854059	0.6230978696139676
0.9994861253854059	0.6231976930471003
0.9994861253854059	0.6232975484697965
0.9994861253854059	0.6233974358974359
0.9994861253854059	0.623497355345408
0.9994861253854059	0.6235973068291119
0.9994861253854059	0.623697290363957
0.9994861253854059	0.6237973059653624
0.9994861253854059	0.623897353648757
0.9994861253854059	0.6239974334295797
0.9994861253854059	0.6240975453232793
0.9994861253854059	0.6241976893453145
0.9994861253854059	0.624297865511154
0.9994861253854059	0.6243980738362761
0.9994861253854059	0.6244983143361695
0.9994861253854059	0.6245985870263326
0.9994861253854059	0.624698891922274
0.9994861253854059	0.6247992290395117
0.9994861253854059	0.6248995983935743
0.9994861253854059	0.625
0.9994861253854059	0.6251004338743371
0.9994861253854059	0.625200900032144
0.9994861253854059	0.6253013984889889
0.9994861253854059	0.6254019292604501
0.9994861253854059	0.6255024923621161
0.9994861253854059	0.6256030878095851
0.9994861253854059	0.6257037156184655
0.9994861253854059	0.6258043758043758
0.9994861253854059	0.6259050683829445
0.9994861253854059	0.6260057933698101
0.9994861253854059	0.6261065507806213
0.9994861253854059	0.6262073406310367
0.9994861253854059	0.6263081629367252
0.9994861253854059	0.6264090177133655
0.9994861253854059	0.6265099049766468
0.9994861253854059	0.626610824742268
0.9994861253854059	0.6267117770259385
0.9994861253854059	0.6268127618433774
0.9994861253854059	0.6269137792103142
0.9994861253854059	0.6270148291424887
0.9994861253854059	0.6271159116556505
0.9994861253854059	0.6272170267655595
0.9994861253854059	0.6273181744879858
0.9994861253854059	0.6274193548387097
0.9994861253854059	0.6275205678335215
0.9994861253854059	0.627621813488222
0.9994861253854059	0.627723091818622
0.9994861253854059	0.6278244028405423
0.9994861253854059	0.6279257465698144
0.9994861253854059	0.6280271230222796
0.9994861253854059	0.6281285322137897
0.9994861253854059	0.6282299741602068
0.9994861253854059	0.6283314488774027
0.9994861253854059	0.6284329563812601
0.9994861253854059	0.6285344966876717
0.9994861253854059	0.6286360698125404
0.9994861253854059	0.6287376757717795
0.9994861253854059	0.6288393145813126
0.9992291880781089	0.6287793047696039
0.9992291880781089	0.6288809831824063
0.9992291880781089	0.6289826944848779
0.9992291880781089	0.6290844386929796
0.9992291880781089	0.6291862158226824
0.9992291880781089	0.6292880258899677
0.9992291880781089	0.629389868910827
0.9992291880781089	0.6294917449012626
0.9992291880781089	0.6295936538772867
0.9992291880781089	0.6296955958549223
0.9992291880781089	0.6297975708502024
0.9992291880781089	0.6298995788791707
0.9992291880781089	0.6300016199578811
0.9992291880781089	0.630103694102398
0.9992291880781089	0.630205801328796
0.9992291880781089	0.6303079416531605
0.9992291880781089	0.630410115091587
0.9992291880781089	0.6305123216601816
0.9992291880781089	0.6306145613750608
0.9992291880781089	0.6307168342523516
0.9992291880781089	0.6308191403081914
0.9992291880781089	0.6309214795587281
0.9992291880781089	0.6310238520201201
0.9992291880781089	0.6311262577085361
0.9992291880781089	0.6312286966401558
0.9992291880781089	0.6313311688311688
0.9992291880781089	0.6314336742977756
0.9992291880781089	0.6315362130561871
0.9992291880781089	0.6316387851226246
0.9992291880781089	0.6317413905133203
0.9992291880781089	0.6318440292445167
0.9992291880781089	0.6319467013324667
0.9992291880781089	0.6320494067934341
0.9992291880781089	0.6321521456436932
0.9992291880781089	0.6322549178995285
0.9992291880781089	0.6323577235772357
0.9992291880781089	0.6324605626931208
0.9992291880781089	0.6325634352635003
0.9992291880781089	0.6326663413047015
0.9992291880781089	0.6327692808330622
0.9992291880781089	0.6328722538649308
0.9992291880781089	0.6329752604166666
0.9992291880781089	0.6330783005046394
0.9992291880781089	0.6331813741452296
0.9992291880781089	0.6332844813548282
0.9992291880781089	0.6333876221498371
0.9992291880781089	0.6334907965466688
0.9992291880781089	0.6335940045617465
0.9992291880781089	0.633697246211504
0.9992291880781089	0.633800521512386
0.9992291880781089	0.6339038304808476
0.9992291880781089	0.6340071731333551
0.9992291880781089	0.6341105494863851
0.9992291880781089	0.6342139595564253
0.9992291880781089	0.6343174033599739
0.9992291880781089	0.63442088091354
0.9992291880781089	0.6345243922336433
0.9992291880781089	0.6346279373368147
0.9992291880781089	0.6347315162395952
0.9992291880781089	0.6348351289585373
0.9992291880781089	0.6349387755102041
0.9992291880781089	0.6350424559111691
0.9992291880781089	0.6351461701780173
0.9992291880781089	0.635249918327344
0.9992291880781089	0.6353537003757556
0.9992291880781089	0.6354575163398692
0.9992291880781089	0.6355613662363131
0.9992291880781089	0.635665250081726
0.9992291880781089	0.6357691678927578
0.9992291880781089	0.6358731196860693
0.9992291880781089	0.635977105478332
0.9992291880781089	0.6360811252862283
0.9992291880781089	0.6361851791264518
0.9992291880781089	0.6362892670157068
0.9992291880781089	0.6363933889707085
0.9992291880781089	0.6364975450081833
0.9992291880781089	0.6366017351448682
0.9992291880781089	0.6367059593975115
0.9992291880781089	0.6368102177828722
0.9992291880781089	0.6369145103177203
0.9992291880781089	0.637018837018837
0.9992291880781089	0.6371231979030144
0.9992291880781089	0.6372275929870556
0.9992291880781089	0.6373320222877745
0.9992291880781089	0.6374364858219964
0.9992291880781089	0.6375409836065574
0.9992291880781089	0.6376455156583046
0.9992291880781089	0.6377500819940964
0.9992291880781089	0.637854682630802
0.9992291880781089	0.6379593175853019
0.9992291880781089	0.6380639868744873
0.9992291880781089	0.6381686905152609
0.9992291880781089	0.6382734285245364
0.9992291880781089	0.6383782009192384
0.9992291880781089	0.6384830077163027
0.9992291880781089	0.6385878489326765
0.9992291880781089	0.6386927245853178
0.998972250770812	0.6386333771353482
0.998972250770812	0.6387382947264663
0.998972250770812	0.6388432467959251
0.998972250770812	0.638948233360723
0.998972250770812	0.6390532544378699
0.998972250770812	0.639158310044386
0.998972250770812	0.6392634001973035
0.998972250770812	0.6393685249136655
0.998972250770812	0.6394736842105263
0.998972250770812	0.6395788781049515
0.998972250770812	0.6396841066140178
0.998972250770812	0.6397893697548133
0.998972250770812	0.6398946675444371
0.998972250770812	0.64
0.998972250770812	0.6401053671386236
0.998972250770812	0.6402107689774411
0.998972250770812	0.6403162055335968
0.998972250770812	0.6404216768242464
0.998972250770812	0.6405271828665569
0.998972250770812	0.6406327236777064
0.998972250770812	0.6407382992748847
0.998972250770812	0.6408439096752926
0.998972250770812	0.6409495548961425
0.998972250770812	0.6410552349546579
0.998972250770812	0.6411609498680739
0.998972250770812	0.6412666996536368
0.998972250770812	0.6413724843286044
0.998972250770812	0.6414783039102459
0.998972250770812	0.6415841584158416
0.998972250770812	0.6416900478626836
0.998972250770812	0.6417959722680753
0.998972250770812	0.6419019316493314
0.998972250770812	0.6420079260237781
0.998972250770812	0.642113955408753
0.998972250770812	0.6422200198216056
0.998972250770812	0.6423261192796961
0.998972250770812	0.6424322538003966
0.998972250770812	0.6425384234010907
0.998972250770812	0.6426446280991736
0.998972250770812	0.6427508679120516
0.998972250770812	0.6428571428571429
0.998972250770812	0.642963452951877
0.998972250770812	0.643069798213695
0.998972250770812	0.6431761786600496
0.998972250770812	0.6432825943084051
0.998972250770812	0.643389045176237
0.998972250770812	0.6434955312810328
0.998972250770812	0.6436020526402914
0.998972250770812	0.6437086092715232
0.998972250770812	0.6438152011922503
0.998972250770812	0.6439218284200067
0.998972250770812	0.6440284909723373
0.998972250770812	0.6441351888667992
0.998972250770812	0.6442419221209611
0.998972250770812	0.6443486907524031
0.998972250770812	0.6444554947787171
0.998972250770812	0.6445623342175066
0.998972250770812	0.644669209086387
0.998972250770812	0.6447761194029851
0.998972250770812	0.6448830651849394
0.998972250770812	0.6449900464499004
0.998972250770812	0.6450970632155301
0.998972250770812	0.6452041154995022
0.998972250770812	0.6453112033195021
0.998972250770812	0.6454183266932271
0.998972250770812	0.6455254856383862
0.998972250770812	0.6456326801727001
0.998972250770812	0.6457399103139013
0.998972250770812	0.6458471760797342
0.998972250770812	0.6459544774879548
0.998972250770812	0.646061814556331
0.998972250770812	0.6461691873026425
0.998972250770812	0.6462765957446809
0.998972250770812	0.6463840399002494
0.9987153134635149	0.6463252411040905
0.9987153134635149	0.6464327290869782
0.9987153134635149	0.646540252827678
0.9987153134635149	0.6466478123440359
0.9987153134635149	0.6467554076539102
0.9987153134635149	0.6468630387751706
0.9987153134635149	0.646970705725699
0.9987153134635149	0.6470784085233894
0.9987153134635149	0.6471861471861472
0.9987153134635149	0.64729392173189
0.9987153134635149	0.6474017321785477
0.9987153134635149	0.6475095785440613
0.9987153134635149	0.6476174608463845
0.9987153134635149	0.6477253791034827
0.9987153134635149	0.6478333333333334
0.9987153134635149	0.6479413235539256
0.9987153134635149	0.6480493497832611
0.9987153134635149	0.6481574120393531
0.9987153134635149	0.6482655103402268
0.9987153134635149	0.6483736447039199
0.9987153134635149	0.6484818151484818
0.9987153134635149	0.648590021691974
0.9987153134635149	0.6486982643524699
0.9987153134635149	0.6488065431480554
0.9987153134635149	0.648914858096828
0.9987153134635149	0.6490232092168976
0.9987153134635149	0.6491315965263861
0.9987153134635149	0.6492400200434274
0.9987153134635149	0.6493484797861677
0.9987153134635149	0.6494569757727653
0.9987153134635149	0.6495655080213903
0.9987153134635149	0.6496740765502257
0.9987153134635149	0.6497826813774658
0.9987153134635149	0.6498913225213175
0.9987153134635149	0.65
0.9987153134635149	0.6501087138317444
0.9987153134635149	0.6502174640347942
0.9987153134635149	0.650326250627405
0.9987153134635149	0.6504350736278447
0.9987153134635149	0.6505439330543933
0.9987153134635149	0.6506528289253432
0.9984583761562179	0.650594341202076
0.9984583761562179	0.6507032819825854
0.9984583761562179	0.6508122592530564
0.9984583761562179	0.6509212730318258
0.9984583761562179	0.6510303233372424
0.9984583761562179	0.6511394101876675
0.9984583761562179	0.6512485336014748
0.9982014388489209	0.651190077103587
0.9982014388489209	0.6512992455993294
0.9982014388489209	0.6514084507042254
0.9982014388489209	0.6515176924366929
0.9982014388489209	0.6516269708151627
0.9982014388489209	0.6517362858580775
0.9982014388489209	0.6518456375838926
0.9982014388489209	0.6519550260110757
0.9982014388489209	0.6520644511581067
0.9982014388489209	0.6521739130434783
0.9982014388489209	0.6522834116856951
0.9982014388489209	0.6523929471032746
0.9982014388489209	0.6525025193147463
0.9982014388489209	0.6526121283386528
0.9982014388489209	0.6527217741935484
0.9982014388489209	0.6528314568980004
0.9982014388489209	0.6529411764705882
0.9982014388489209	0.6530509329299042
0.9982014388489209	0.6531607262945528
0.9982014388489209	0.6532705565831511
0.9982014388489209	0.6533804238143289
0.9982014388489209	0.6534903280067283
0.9982014388489209	0.653600269179004
0.9982014388489209	0.6537102473498233
0.9982014388489209	0.6538202625378661
0.9982014388489209	0.6539303147618246
0.9982014388489209	0.6540404040404041
0.9982014388489209	0.654150530392322
0.9982014388489209	0.6542606938363085
0.9982014388489209	0.6543708943911066
0.9982014388489209	0.6544811320754716
0.9982014388489209	0.6545914069081719
0.9982014388489209	0.6547017189079879
0.9982014388489209	0.6548120680937132
0.9982014388489209	0.6549224544841538
0.9982014388489209	0.6550328780981285
0.9982014388489209	0.6551433389544689
0.9982014388489209	0.6552538370720189
0.9979445015416238	0.655195681511471
0.9976875642343268	0.6551375063269782
0.9976875642343268	0.6552480593992575
0.9976875642343268	0.6553586497890296
0.9976875642343268	0.6554692775151925
0.9976875642343268	0.6555799425966571
0.9974306269270298	0.6555217831813577
0.9974306269270298	0.6556324945110623
0.9974306269270298	0.6557432432432433
0.9974306269270298	0.6558540293968576
0.9974306269270298	0.6559648529908753
0.9974306269270298	0.6560757140442792
0.9974306269270298	0.6561866125760649
0.9974306269270298	0.6562975486052409
0.9974306269270298	0.6564085221508286
0.9974306269270298	0.656519533231862
0.9974306269270298	0.6566305818673883
0.9974306269270298	0.6567416680764676
0.9974306269270298	0.6568527918781726
0.9974306269270298	0.6569639532915891
0.9974306269270298	0.6570751523358158
0.9974306269270298	0.6571863890299644
0.9971736896197327	0.6571283440568912
0.9971736896197327	0.6572396274343777
0.9971736896197327	0.6573509485094851
0.9971736896197327	0.6574623073013722
0.9971736896197327	0.6575737038292104
0.9971736896197327	0.6576851381121844
0.9971736896197327	0.6577966101694915
0.9971736896197327	0.6579081200203424
0.9971736896197327	0.6580196676839607
0.9971736896197327	0.6581312531795829
0.9971736896197327	0.6582428765264586
0.9971736896197327	0.6583545377438508
0.9971736896197327	0.658466236851035
0.9971736896197327	0.6585779738673002
0.9971736896197327	0.6586897488119484
0.9971736896197327	0.6588015617042947
0.9971736896197327	0.6589134125636672
0.9971736896197327	0.6590253014094074
0.9971736896197327	0.6591372282608695
0.9971736896197327	0.6592491931374215
0.9971736896197327	0.6593611960584438
0.9971736896197327	0.6594732370433305
0.9971736896197327	0.6595853161114887
0.9971736896197327	0.659697433282339
0.9971736896197327	0.6598095885753145
0.9971736896197327	0.6599217820098623
0.9971736896197327	0.6600340136054422
0.9971736896197327	0.6601462833815275
0.9971736896197327	0.6602585913576047
0.9971736896197327	0.6603709375531734
0.9971736896197327	0.6604833219877467
0.9971736896197327	0.660595744680851
0.9971736896197327	0.6607082056520259
0.9971736896197327	0.6608207049208241
0.9971736896197327	0.660933242506812
0.9971736896197327	0.6610458184295691
0.9971736896197327	0.6611584327086882
0.9971736896197327	0.6612710853637758
0.9971736896197327	0.6613837764144512
0.9971736896197327	0.6614965058803477
0.9971736896197327	0.6616092737811115
0.9969167523124358	0.6615515771526002
0.9969167523124358	0.6616643929058663
0.9969167523124358	0.6617772471431008
0.9969167523124358	0.6618901398839986
0.9969167523124358	0.6620030711482682
0.9969167523124358	0.6621160409556314
0.9969167523124358	0.6622290493258235
0.9969167523124358	0.6623420962785934
0.9969167523124358	0.6624551818337032
0.9969167523124358	0.662568306010929
0.9969167523124358	0.6626814688300597
0.9969167523124358	0.6627946703108986
0.9969167523124358	0.6629079104732616
0.9969167523124358	0.6630211893369788
0.9969167523124358	0.6631345069218937
0.9969167523124358	0.6632478632478632
0.9969167523124358	0.6633612583347581
0.9969167523124358	0.6634746922024624
0.9969167523124358	0.6635881648708739
0.9969167523124358	0.6637016763599042
0.9969167523124358	0.6638152266894782
0.9969167523124358	0.6639288158795346
0.9969167523124358	0.6640424439500257
0.9969167523124358	0.6641561109209175
0.9969167523124358	0.6642698168121897
0.9969167523124358	0.6643835616438356
0.9969167523124358	0.6644973454358623
0.9969167523124358	0.6646111682082905
0.9969167523124358	0.6647250299811547
0.9969167523124358	0.6648389307745031
0.9969167523124358	0.6649528706083976
0.9969167523124358	0.665066849502914
0.9969167523124358	0.6651808674781416
0.9966598150051388	0.6651234567901234
0.9966598150051388	0.665237523580861
0.9964028776978417	0.665180102915952
0.9961459403905447	0.6651226625493224
0.9961459403905447	0.6652367879203843
0.9961459403905447	0.6653509524626737
0.9961459403905447	0.6654651561963612
0.9958890030832477	0.6654077253218884
0.9958890030832477	0.665521978021978
0.9958890030832477	0.6656362699639361
0.9958890030832477	0.6657506011679835
0.9958890030832477	0.6658649716543549
0.9958890030832477	0.6659793814432989
0.9958890030832477	0.6660938305550782
0.9958890030832477	0.666208319009969
0.9958890030832477	0.666322846828262
0.9958890030832477	0.6664374140302614
0.9958890030832477	0.6665520206362855
0.9958890030832477	0.6666666666666666
0.9958890030832477	0.6667813521417513
0.9958890030832477	0.6668960770818995
0.9958890030832477	0.6670108415074858
0.9958890030832477	0.6671256454388984
0.9958890030832477	0.6672404888965399
0.9958890030832477	0.6673553719008265
0.9958890030832477	0.6674702944721888
0.9958890030832477	0.6675852566310713
0.9958890030832477	0.6677002583979328
0.9958890030832477	0.667815299793246
0.9958890030832477	0.6679303808374979
0.9958890030832477	0.6680455015511892
0.9958890030832477	0.6681606619548354
0.9958890030832477	0.6682758620689655
0.9958890030832477	0.6683911019141231
0.9958890030832477	0.6685063815108658
0.9958890030832477	0.6686217008797654
0.9956320657759506	0.6685645272601795
0.9956320657759506	0.6686798964624676
0.9953751284686536	0.6686227131515361
0.9953751284686536	0.6687381322285517
0.9953751284686536	0.668853591160221
0.9953751284686536	0.6689690899671905
0.9953751284686536	0.6690846286701209
0.9953751284686536	0.6692002072896873
0.9953751284686536	0.6693158258465791
0.9953751284686536	0.6694314843614999
0.9953751284686536	0.6695471828551677
0.9953751284686536	0.6696629213483146
0.9953751284686536	0.6697786998616874
0.9953751284686536	0.6698945184160471
0.9953751284686536	0.6700103770321688
0.9953751284686536	0.6701262757308424
0.9953751284686536	0.670242214532872
0.9953751284686536	0.670358193459076
0.9953751284686536	0.6704742125302873
0.9953751284686536	0.6705902717673533
0.9953751284686536	0.6707063711911357
0.9953751284686536	0.6708225108225109
0.9953751284686536	0.6709386906823692
0.9953751284686536	0.6710549107916162
0.9953751284686536	0.6711711711711712
0.9953751284686536	0.6712874718419685
0.9953751284686536	0.6714038128249566
0.9951181911613566	0.6713468538741549
0.9951181911613566	0.6714632454923717
0.9951181911613566	0.6715796774752905
0.9951181911613566	0.6716961498439126
0.9951181911613566	0.6718126626192541
0.9951181911613566	0.6719292158223455
0.9951181911613566	0.6720458094742322
0.9951181911613566	0.6721624435959737
0.9951181911613566	0.6722791182086443
0.9951181911613566	0.6723958333333333
0.9951181911613566	0.6725125889911443
0.9951181911613566	0.6726293852031956
0.9951181911613566	0.6727462219906201
0.9951181911613566	0.6728630993745657
0.9951181911613566	0.6729800173761946
0.9951181911613566	0.6730969760166841
0.9951181911613566	0.6732139753172258
0.9951181911613566	0.6733310152990264
0.9951181911613566	0.6734480959833072
0.9951181911613566	0.6735652173913044
0.9951181911613566	0.6736823795442686
0.9951181911613566	0.6737995824634656
0.9951181911613566	0.6739168261701758
0.9951181911613566	0.6740341106856944
0.9951181911613566	0.6741514360313315
0.9951181911613566	0.6742688022284122
0.9951181911613566	0.6743862092982762
0.9951181911613566	0.6745036572622779
0.9951181911613566	0.6746211461417871
0.9951181911613566	0.6747386759581881
0.9951181911613566	0.6748562467328802
0.9951181911613566	0.6749738584872778
0.9951181911613566	0.6750915112428099
0.9951181911613566	0.6752092050209205
0.9951181911613566	0.6753269398430689
0.9951181911613566	0.675444715730729
0.9951181911613566	0.6755625327053898
0.9948612538540597	0.6755059316120028
0.9948612538540597	0.6756238003838771
0.9948612538540597	0.6757417102966842
0.9948612538540597	0.6758596613719672
0.9948612538540597	0.6759776536312849
0.9948612538540597	0.6760956870962109
0.9948612538540597	0.6762137617883339
0.9948612538540597	0.6763318777292576
0.9948612538540597	0.676450034940601
0.9948612538540597	0.6765682334439979
0.9948612538540597	0.6766864732610975
0.9948612538540597	0.676804754413564
0.9948612538540597	0.676923076923077
0.9948612538540597	0.6770414408113307
0.9948612538540597	0.677159846100035
0.9948612538540597	0.6772782928109148
0.9948612538540597	0.6773967809657103
0.9948612538540597	0.6775153105861768
0.9948612538540597	0.6776338816940847
0.9948612538540597	0.67775249431122
0.9948612538540597	0.6778711484593838
0.9948612538540597	0.6779898441603922
0.9948612538540597	0.6781085814360771
0.9948612538540597	0.6782273603082851
0.9948612538540597	0.6783461807988788
0.9948612538540597	0.6784650429297354
0.9948612538540597	0.678583946722748
0.9948612538540597	0.6787028921998247
0.9948612538540597	0.6788218793828892
0.9948612538540597	0.6789409082938804
0.9948612538540597	0.6790599789547527
0.9948612538540597	0.6791790913874759
0.9948612538540597	0.6792982456140351
0.9948612538540597	0.6794174416564309
0.9948612538540597	0.6795366795366795
0.9948612538540597	0.6796559592768123
0.9948612538540597	0.6797752808988764
0.9948612538540597	0.6798946444249342
0.9948612538540597	0.6800140498770636
0.9948612538540597	0.6801334972773582
0.9948612538540597	0.6802529866479269
0.9948612538540597	0.6803725180108944
0.9948612538540597	0.6804920913884007
0.9948612538540597	0.6806117068026015
0.9948612538540597	0.680731364275668
0.9948612538540597	0.6808510638297872
0.9948612538540597	0.6809708054871615
0.9948612538540597	0.6810905892700088
0.9948612538540597	0.681210415200563
0.9948612538540597	0.6813302833010734
0.9948612538540597	0.681450193593805
0.9948612538540597	0.6815701461010385
0.9948612538540597	0.6816901408450704
0.9948612538540597	0.6818101778482127
0.9948612538540597	0.6819302571327932
0.9948612538540597	0.6820503787211556
0.9948612538540597	0.6821705426356589
0.9948612538540597	0.6822907488986785
0.9948612538540597	0.6824109975326048
0.9948612538540597	0.6825312885598449
0.9948612538540597	0.6826516220028209
0.9948612538540597	0.682771997883971
0.9948612538540597	0.6828924162257496
0.9948612538540597	0.6830128770506262
0.9948612538540597	0.6831333803810868
0.9948612538540597	0.683253926239633
0.9948612538540597	0.6833745146487822
0.9948612538540597	0.683495145631068
0.9948612538540597	0.6836158192090396
0.9948612538540597	0.6837365354052622
0.9948612538540597	0.6838572942423172
0.9948612538540597	0.6839780957428017
0.9948612538540597	0.6840989399293286
0.9948612538540597	0.6842198268245273
0.9948612538540597	0.6843407564510428
0.9948612538540597	0.6844617288315361
0.9948612538540597	0.6845827439886846
0.9948612538540597	0.6847038019451812
0.9948612538540597	0.6848249027237354
0.9948612538540597	0.6849460463470723
0.9948612538540597	0.6850672328379335
0.9948612538540597	0.6851884622190763
0.9946043165467626	0.6851327433628318
0.9946043165467626	0.6852540272614622
0.9946043165467626	0.6853753541076487
0.9946043165467626	0.6854967239242076
0.9946043165467626	0.685618136733971
0.9946043165467626	0.6857395925597874
0.9946043165467626	0.6858610914245216
0.9946043165467626	0.6859826333510544
0.9946043165467626	0.6861042183622829
0.9946043165467626	0.6862258464811204
0.9946043165467626	0.6863475177304964
0.9946043165467626	0.686469232133357
0.9946043165467626	0.6865909897126641
0.9946043165467626	0.6867127904913961
0.9946043165467626	0.6868346344925479
0.9946043165467626	0.6869565217391305
0.9946043165467626	0.6870784522541711
0.9946043165467626	0.6872004260607136
0.9946043165467626	0.6873224431818182
0.9946043165467626	0.6874445036405612
0.9946043165467626	0.6875666074600355
0.9943473792394656	0.6875111032154912
0.9940904419321686	0.687455579246624
0.9940904419321686	0.6875777501332859
0.9940904419321686	0.6876999644507643
0.9940904419321686	0.6878222222222222
0.9940904419321686	0.6879445234708392
0.9940904419321686	0.6880668682198114
0.9938335046248715	0.688011383849164
0.9938335046248715	0.688133784024195
0.9938335046248715	0.6882562277580071
0.9935765673175745	0.6882007474639615
0.9935765673175745	0.6883232467070132
0.9935765673175745	0.6884457895673847
0.9935765673175745	0.6885683760683761
0.9935765673175745	0.6886910062333037
0.9935765673175745	0.6888136800855005
0.9935765673175745	0.6889363976483164
0.9935765673175745	0.6890591589451176
0.9935765673175745	0.6891819639992871
0.9935765673175745	0.6893048128342246
0.9935765673175745	0.6894277054733464
0.9935765673175745	0.6895506419400856
0.9935765673175745	0.689673622257892
0.9935765673175745	0.6897966464502319
0.9935765673175745	0.6899197145405888
0.9935765673175745	0.6900428265524625
0.9935765673175745	0.69016598250937
0.9935765673175745	0.6902891824348447
0.9935765673175745	0.690412426352437
0.9935765673175745	0.6905357142857143
0.9935765673175745	0.6906590462582604
0.9935765673175745	0.6907824222936764
0.9935765673175745	0.6909058424155797
0.9935765673175745	0.6910293066476054
0.9935765673175745	0.6911528150134049
0.9935765673175745	0.6912763675366465
0.9935765673175745	0.6913999642410156
0.9935765673175745	0.6915236051502146
0.9935765673175745	0.6916472902879628
0.9935765673175745	0.6917710196779964
0.9935765673175745	0.6918947933440687
0.9935765673175745	0.6920186113099499
0.9935765673175745	0.6921424735994273
0.9935765673175745	0.692266380236305
0.9935765673175745	0.6923903312444046
0.9935765673175745	0.6925143266475645
0.9935765673175745	0.6926383664696399
0.9935765673175745	0.6927624507345037
0.9935765673175745	0.6928865794660455
0.9935765673175745	0.693010752688172
0.9935765673175745	0.6931349704248073
0.9935765673175745	0.6932592326998924
0.9935765673175745	0.6933835395373857
0.9935765673175745	0.6935078909612625
0.9935765673175745	0.6936322869955157
0.9935765673175745	0.693756727664155
0.9935765673175745	0.6938812129912076
0.9935765673175745	0.6940057430007178
0.9935765673175745	0.6941303177167475
0.9935765673175745	0.6942549371633753
0.9935765673175745	0.6943796013646975
0.9935765673175745	0.6945043103448276
0.9935765673175745	0.6946290641278965
0.9935765673175745	0.6947538627380525
0.9935765673175745	0.6948787061994609
0.9935765673175745	0.6950035945363048
0.9935765673175745	0.6951285277727844
0.9935765673175745	0.6952535059331176
0.9935765673175745	0.6953785290415393
0.9935765673175745	0.6955035971223021
0.9935765673175745	0.6956287101996762
0.9935765673175745	0.6957538682979489
0.9935765673175745	0.6958790714414252
0.9935765673175745	0.6960043196544277
0.9935765673175745	0.6961296129612962
0.9935765673175745	0.6962549513863882
0.9935765673175745	0.6963803349540789
0.9935765673175745	0.6965057636887608
0.9935765673175745	0.6966312376148441
0.9935765673175745	0.6967567567567567
0.9935765673175745	0.696882321138944
0.9935765673175745	0.6970079307858688
0.9935765673175745	0.6971335857220119
0.9935765673175745	0.6972592859718716
0.9935765673175745	0.6973850315599639
0.9935765673175745	0.6975108225108225
0.9935765673175745	0.6976366588489987
0.9933196300102775	0.6975821003247925
0.9930626927029804	0.6975275221079228
0.9930626927029804	0.6976534296028881
0.9928057553956835	0.6975988445567792
0.9928057553956835	0.6977248104008668
0.9928057553956835	0.6978508217446271
0.9928057553956835	0.6979768786127167
0.9928057553956835	0.6981029810298103
0.9928057553956835	0.6982291290206
0.9928057553956835	0.6983553226097958
0.9928057553956835	0.6984815618221258
0.9928057553956835	0.6986078466823359
0.9928057553956835	0.6987341772151898
0.9928057553956835	0.6988605534454694
0.9928057553956835	0.6989869753979739
0.9928057553956835	0.6991134430975212
0.9928057553956835	0.6992399565689468
0.9928057553956835	0.6993665158371041
0.9925488180883865	0.6993120926864591
0.9925488180883865	0.699438710845555
0.9925488180883865	0.6995653748641797
0.9925488180883865	0.6996920847672523
0.9925488180883865	0.6998188405797101
0.9922918807810894	0.6997644500815365
0.9922918807810894	0.6998912649510692
0.9922918807810894	0.7000181257930035
0.9922918807810894	0.7001450326323423
0.9922918807810894	0.700271985494107
0.9922918807810894	0.7003989844033369
0.9922918807810894	0.7005260293850898
0.9922918807810894	0.7006531204644412
0.9922918807810894	0.7007802576664852
0.9922918807810894	0.700907441016334
0.9922918807810894	0.7010346705391178
0.9922918807810894	0.7011619462599855
0.9922918807810894	0.7012892682041039
0.9922918807810894	0.7014166363966582
0.9922918807810894	0.701544050862852
0.9922918807810894	0.701671511627907
0.9922918807810894	0.7017990187170634
0.9922918807810894	0.7019265721555797
0.9922918807810894	0.702054171968733
0.9922918807810894	0.7024372499090579
0.9920349434737924	0.7023831180643988
0.9920349434737924	0.7025109170305677
0.9920349434737924	0.702638762511374
0.9920349434737924	0.702766654532217
0.9920349434737924	0.7028945931185144
0.9920349434737924	0.7030225782957028
0.9920349434737924	0.703150610089237
0.9920349434737924	0.7032786885245902
0.9920349434737924	0.7034068136272545
0.9920349434737924	0.7035349854227405
0.9920349434737924	0.7036632039365773
0.9920349434737924	0.7037914691943128
0.9920349434737924	0.7039197812215132
0.9917780061664954	0.7038657913931436
0.9917780061664954	0.7039941637789531
0.9917780061664954	0.7041225829989055
0.9917780061664954	0.7042510490786353
0.9917780061664954	0.7043795620437956
0.9917780061664954	0.7045081219200584
0.9917780061664954	0.7046367287331142
0.9917780061664954	0.7047653825086726
0.9915210688591983	0.7047114682249818
0.9915210688591983	0.7048401826484019
0.9915210688591983	0.7049689440993789
0.9915210688591983	0.7050977526036909
0.9915210688591983	0.7052266081871345
0.9915210688591983	0.7053555108755255
0.9915210688591983	0.7054844606946984
0.9915210688591983	0.7056134576705065
0.9915210688591983	0.7057425018288223
0.9915210688591983	0.7058715931955368
0.9912641315519013	0.7058177826564215
0.9912641315519013	0.7059469350411711
0.9912641315519013	0.7060761346998536
0.9912641315519013	0.7062053816584294
0.9912641315519013	0.706334675942878
0.9912641315519013	0.706464017579198
0.9912641315519013	0.7065934065934066
0.9912641315519013	0.7067228430115405
0.9912641315519013	0.7068523268596556
0.9912641315519013	0.7069818581638263
0.9912641315519013	0.7071114369501467
0.9912641315519013	0.7072410632447296
0.9912641315519013	0.7073707370737073
0.9912641315519013	0.7075004584632313
0.9912641315519013	0.7076302274394718
0.9910071942446043	0.7075765914511098
0.9910071942446043	0.7077064220183487
0.9910071942446043	0.7078363002385759
0.9910071942446043	0.7079662261380323
0.9910071942446043	0.7080961997429778
0.9907502569373073	0.7080426000734484
0.9907502569373073	0.7081726354453627
0.9907502569373073	0.7083027185892726
0.9904933196300103	0.708249127319493
0.9904933196300103	0.7083792723263506
0.9904933196300103	0.7085094651718434
0.9904933196300103	0.7086397058823529
0.9904933196300103	0.7087699944842802
0.9904933196300103	0.7089003310040456
0.9904933196300103	0.709030715468089
0.9904933196300103	0.7091611479028698
0.9904933196300103	0.7092916283348666
0.9904933196300103	0.7094221567905779
0.9904933196300103	0.7095527332965212
0.9904933196300103	0.7096833578792342
0.9902363823227133	0.7096299024120788
0.9902363823227133	0.7097605893186004
0.9902363823227133	0.7098913243691287
0.9899794450154162	0.7098378776713338
0.9899794450154162	0.7099686751428045
0.9899794450154162	0.7100995208256543
0.9899794450154162	0.7102304147465438
0.9899794450154162	0.7103613569321534
0.9899794450154162	0.7104923474091831
0.9899794450154162	0.7106233862043526
0.9899794450154162	0.7107544733444014
0.9899794450154162	0.7108856088560885
0.9899794450154162	0.711016792766193
0.9899794450154162	0.7111480251015134
0.9899794450154162	0.7112793058888683
0.9899794450154162	0.7114106351550961
0.9899794450154162	0.7115420129270544
0.9899794450154162	0.7116734392316217
0.9899794450154162	0.7118049140956956
0.9899794450154162	0.7119364375461936
0.9899794450154162	0.7120680096100536
0.9899794450154162	0.712199630314233
0.9899794450154162	0.712331299685709
0.9899794450154162	0.7124630177514792
0.9899794450154162	0.7125947845385612
0.9899794450154162	0.7127266000739919
0.9899794450154162	0.7128584643848289
0.9897225077081192	0.7128053293856402
0.9897225077081192	0.7129372570794004
0.9897225077081192	0.7130692336171788
0.9894655704008222	0.7130161081281244
0.9894655704008222	0.7131481481481482
0.9892086330935251	0.713095017595851
0.9892086330935251	0.7132271211559837
0.9892086330935251	0.7133592736705577
0.9892086330935251	0.7134914751667902
0.9892086330935251	0.7136237256719185
0.9892086330935251	0.7137560252131998
0.9892086330935251	0.7138883738179121
0.9892086330935251	0.7140207715133531
0.9892086330935251	0.714153218326841
0.9892086330935251	0.7142857142857143
0.9892086330935251	0.7144182594173316
0.9892086330935251	0.714550853749072
0.9892086330935251	0.7146834973083349
0.9892086330935251	0.7148161901225399
0.9892086330935251	0.7149489322191273
0.9889516957862282	0.7148959881129272
0.9889516957862282	0.7150287943525915
0.9889516957862282	0.7151616499442587
0.9889516957862282	0.7152945549154432
0.9889516957862282	0.7154275092936803
0.9886947584789312	0.7153746049451571
0.9886947584789312	0.7155076236519152
0.9886947584789312	0.7156406918355961
0.9886947584789312	0.7157738095238095
0.9886947584789312	0.715906976744186
0.9884378211716341	0.7158541123930033
0.9884378211716341	0.7159873441280477
0.9884378211716341	0.716120625465376
0.9884378211716341	0.7162539564326941
0.9884378211716341	0.7163873370577282
0.9884378211716341	0.716520767368225
0.9884378211716341	0.7166542473919523
0.9884378211716341	0.7167877771566984
0.9884378211716341	0.7169213566902721
0.9884378211716341	0.7170549860205032
0.9884378211716341	0.7171886651752424
0.9884378211716341	0.7173223941823607
0.9884378211716341	0.7174561730697501
0.9884378211716341	0.7175900018653236
0.9884378211716341	0.717723880597015
0.9884378211716341	0.7178578092927785
0.9884378211716341	0.7179917879805898
0.9884378211716341	0.718125816688445
0.9884378211716341	0.7182598954443614
0.9884378211716341	0.7183940242763772
0.9884378211716341	0.7185282032125514
0.9881808838643371	0.7184756211470203
0.9881808838643371	0.718609865470852
0.9881808838643371	0.718744159970099
0.9881808838643371	0.7188785046728972
0.9881808838643371	0.7190128996074032
0.9881808838643371	0.7191473448017951
0.9881808838643371	0.7192818402842716
0.9881808838643371	0.7194163860830527
0.9881808838643371	0.7195509822263798
0.9881808838643371	0.719685628742515
0.9881808838643371	0.7198203256597417
0.9881808838643371	0.7199550730063646
0.9881808838643371	0.7200898708107096
0.9879239465570401	0.7200374531835206
0.9879239465570401	0.7201723169132797
0.9879239465570401	0.7203072311727239
0.9879239465570401	0.7204421959902567
0.9879239465570401	0.7205772113943029
0.987667009249743	0.7205248359887535
0.987667009249743	0.7206599175103112
0.987667009249743	0.7207950496906057
0.987667009249743	0.7209302325581395
0.987667009249743	0.7210654661414369
0.987667009249743	0.7212007504690432
0.987667009249743	0.7213360855695252
0.987667009249743	0.7214714714714715
0.987667009249743	0.7216069082034916
0.987667009249743	0.7217423957942171
0.987667009249743	0.7218779342723005
0.987410071942446	0.7218256949661909
0.987410071942446	0.7219613000187864
0.987410071942446	0.7220969560315671
0.987410071942446	0.7222326630332644
0.987410071942446	0.7223684210526315
0.987410071942446	0.7225042301184433
0.987410071942446	0.722640090259496
0.987410071942446	0.7227760015046079
0.987410071942446	0.7229119638826185
0.987410071942446	0.7230479774223895
0.987153134635149	0.7229958599924727
0.986896197327852	0.7229437229437229
0.986896197327852	0.7230798192771084
0.986896197327852	0.7232159668612314
0.986896197327852	0.7233521657250471
0.986639260020555	0.7233000565078169
0.986639260020555	0.7234363225320272
0.986639260020555	0.7235726399095535
0.986639260020555	0.7237090086694309
0.986639260020555	0.7238454288407163
0.986639260020555	0.7239819004524887
0.986639260020555	0.7241184235338488
0.986639260020555	0.7242549981139192
0.986639260020555	0.7243916242218449
0.986639260020555	0.7245283018867924
0.986639260020555	0.7246650311379506
0.986639260020555	0.72480181200453
0.986639260020555	0.7249386445157636
0.986382322713258	0.7248867069486404
0.986125385405961	0.7248347497639283
0.986125385405961	0.724971666037023
0.986125385405961	0.7251086340449651
0.986125385405961	0.7252456538170824
0.986125385405961	0.7253827253827254
0.986125385405961	0.7255198487712665
0.9858684480986639	0.7254679523539421
0.9858684480986639	0.7256051437216339
0.9858684480986639	0.7257423869869492
0.9858684480986639	0.7258796821793416
0.9858684480986639	0.7260170293282876
0.9858684480986639	0.7261544284632854
0.9858684480986639	0.7262918796138558
0.9858684480986639	0.7264293828095418
0.9858684480986639	0.7265669380799091
0.9858684480986639	0.7267045454545454
0.9858684480986639	0.7268422049630612
0.9858684480986639	0.7269799166350891
0.9858684480986639	0.7271176805002842
0.9858684480986639	0.7272554965883244
0.9858684480986639	0.7273933649289099
0.9856115107913669	0.7273416761471369
0.9856115107913669	0.7274796131234591
0.9853545734840699	0.7274279210925645
0.9850976361767728	0.7273762094479226
0.9850976361767728	0.7275142314990513
0.9850976361767728	0.7276523059404062
0.9850976361767728	0.7277904328018223
0.9848406988694759	0.7277387507119802
0.9848406988694759	0.7278769464489175
0.9845837615621789	0.7278252611585945
0.9845837615621789	0.7279635258358662
0.9845837615621789	0.7281018430552917
0.9845837615621789	0.7282402128468263
0.9845837615621789	0.7283786352404485
0.9845837615621789	0.7285171102661597
0.9845837615621789	0.7286556379539837
0.9845837615621789	0.7287942183339673
0.9845837615621789	0.7289328514361804
0.9845837615621789	0.7290715372907154
0.9845837615621789	0.729210275927688
0.9845837615621789	0.7293490673772364
0.9845837615621789	0.7294879116695222
0.9845837615621789	0.7296268088347296
0.9845837615621789	0.729765758903066
0.9845837615621789	0.729904761904762
0.9845837615621789	0.7300438178700704
0.9845837615621789	0.7301829268292683
0.9845837615621789	0.7303220888126548
0.9845837615621789	0.7304613038505529
0.9845837615621789	0.730600571973308
0.9845837615621789	0.7307398932112891
0.9845837615621789	0.7308792675948884
0.9845837615621789	0.7310186951545212
0.9845837615621789	0.7311581759206258
0.9845837615621789	0.7312977099236642
0.9845837615621789	0.731437297194121
0.9845837615621789	0.7315769377625048
0.9845837615621789	0.731716631659347
0.9845837615621789	0.7318563789152025
0.9845837615621789	0.7319961795606494
0.9845837615621789	0.7321360336262897
0.9845837615621789	0.732275941142748
0.9845837615621789	0.7324159021406728
0.9843268242548818	0.7323647486140318
0.9843268242548818	0.7325047801147228
0.9843268242548818	0.7326448651749856
0.9843268242548818	0.7327850038255547
0.9843268242548818	0.7329251960971876
0.9843268242548818	0.7330654420206659
0.9843268242548818	0.7332057416267943
0.9840698869475848	0.7331546707503829
0.9840698869475848	0.733295041164082
0.9840698869475848	0.7334354653389505
0.9840698869475848	0.73357594330588
0.9840698869475848	0.7337164750957854
0.9840698869475848	0.7338570607396053
0.9838129496402878	0.733806055960138
0.9838129496402878	0.7339467126701169
0.9838129496402878	0.7340874233128835
0.9838129496402878	0.7342281879194631
0.9838129496402878	0.7343690065209053
0.9835560123329907	0.7343180510262804
0.9835560123329907	0.7344589409056025
0.9835560123329907	0.7345998848589522
0.9832990750256937	0.7345489443378119
0.9832990750256937	0.7346899596851603
0.9832990750256937	0.7348310291858678
0.9830421377183967	0.7347801037065489
0.9827852004110997	0.7347291586630811
0.9827852004110997	0.7348703170028819
0.9827852004110997	0.7350115295926211
0.9827852004110997	0.7351527964635787
0.9827852004110997	0.7352941176470589
0.9825282631038027	0.7352432224572197
0.9822713257965057	0.7351923076923077
0.9820143884892086	0.7351413733410271
0.9820143884892086	0.7352828010773375
0.9820143884892086	0.7354242832403309
0.9820143884892086	0.7355658198614319
0.9820143884892086	0.7357074109720886
0.9820143884892086	0.7358490566037735
0.9820143884892086	0.7359907567879839
0.9817574511819116	0.735939907550077
0.9815005138746146	0.7358890387208631
0.9815005138746146	0.7360308285163777
0.9812435765673175	0.7359799576026209
0.9809866392600206	0.735929067077872
0.9809866392600206	0.7360709465972624
0.9809866392600206	0.736212880833012
0.9807297019527236	0.736162005785921
0.9807297019527236	0.736304012345679
0.9807297019527236	0.7364460737024889
0.9807297019527236	0.7365881898880741
0.9807297019527236	0.7367303609341825
0.9807297019527236	0.7368725868725868
0.9807297019527236	0.737014867735084
0.9807297019527236	0.7371572035534956
0.9807297019527236	0.7372995943596677
0.9807297019527236	0.7374420401854714
0.9807297019527236	0.7375845410628019
0.9807297019527236	0.7377270970235794
0.9807297019527236	0.7378697080997487
0.9807297019527236	0.7380123743232792
0.9807297019527236	0.7381550957261651
0.9807297019527236	0.7382978723404255
0.9807297019527236	0.738440704198104
0.9807297019527236	0.7385835913312694
0.9807297019527236	0.7387265337720147
0.9807297019527236	0.7388695315524584
0.9807297019527236	0.7390125847047435
0.9807297019527236	0.7391556932610379
0.9807297019527236	0.7392988572535347
0.9807297019527236	0.7394420767144517
0.9804727646454265	0.7393915907769812
0.9804727646454265	0.7395348837209302
0.9804727646454265	0.7396782322155456
0.9804727646454265	0.7398216362931369
0.9802158273381295	0.7397711847973628
0.9802158273381295	0.7399146625290923
0.9802158273381295	0.7400581959262852
0.9802158273381295	0.7402017850213426
0.9799588900308325	0.740151368135067
0.9797019527235354	0.7401009316770186
0.9797019527235354	0.7402446126965637
0.9797019527235354	0.7403883495145631
0.9797019527235354	0.7405321421635269
0.9794450154162384	0.7404817404817405
0.9791880781089414	0.7404313192150768
0.9791880781089414	0.7405752040419743
0.9789311408016445	0.7405247813411079
0.9789311408016445	0.7406687402799378
0.9789311408016445	0.7408127552012445
0.9789311408016445	0.7409568261376897
0.9789311408016445	0.7411009531219607
0.9789311408016445	0.7412451361867705
0.9789311408016445	0.7413893753648569
0.9789311408016445	0.741533670688984
0.9789311408016445	0.7416780221919408
0.9789311408016445	0.741822429906542
0.9789311408016445	0.7419668938656281
0.9786742034943474	0.7419166342033502
0.9786742034943474	0.7420611728034288
0.9784172661870504	0.7420109119251753
0.9784172661870504	0.7421555252387448
0.9784172661870504	0.7423001949317739
0.9784172661870504	0.7424449210372392
0.9784172661870504	0.7425897035881436
0.9784172661870504	0.7427345426175151
0.9784172661870504	0.7428794381584081
0.9784172661870504	0.7430243902439024
0.9784172661870504	0.7431693989071039
0.9784172661870504	0.7433144641811439
0.9784172661870504	0.7434595860991801
0.9784172661870504	0.7436047646943956
0.9784172661870504	0.74375
0.9781603288797533	0.7436999413948037
0.9779033915724563	0.7436498632278233
0.9779033915724563	0.7437951924956029
0.9779033915724563	0.7439405785770133
0.9779033915724563	0.7440860215053764
0.9779033915724563	0.7442315213140399
0.9779033915724563	0.7443770780363779
0.9776464542651593	0.7443270735524257
0.9776464542651593	0.7444727059283898
0.9776464542651593	0.7446183953033269
0.9776464542651593	0.7447641417107066
0.9776464542651593	0.7449099451840251
0.9773895169578622	0.7448599960838065
0.9773895169578622	0.745005875440658
0.9773895169578622	0.7451518119490695
0.9773895169578622	0.7452978056426333
0.9773895169578622	0.7454438565549677
0.9773895169578622	0.7455899647197177
0.9773895169578622	0.7457361301705548
0.9773895169578622	0.7458823529411764
0.9773895169578622	0.7460286330653069
0.9773895169578622	0.7461749705766968
0.9773895169578622	0.746321365509123
0.9773895169578622	0.7464678178963893
0.9773895169578622	0.7466143277723258
0.9773895169578622	0.7467608951707891
0.9773895169578622	0.7469075201256626
0.9773895169578622	0.7470542026708562
0.9773895169578622	0.7472009428403065
0.9773895169578622	0.7473477406679764
0.9773895169578622	0.7474945961878562
0.9773895169578622	0.7476415094339622
0.9773895169578622	0.7477884804403381
0.9773895169578622	0.7479355092410539
0.9773895169578622	0.7480825958702065
0.9771325796505652	0.7480330448465775
0.9771325796505652	0.7481802085382648
0.9768756423432683	0.7481306572215664
0.9768756423432683	0.7482778980515646
0.9766187050359713	0.7482283464566929
0.9766187050359713	0.748375664500886
0.9766187050359713	0.7485230405671525
0.9766187050359713	0.7486704746897774
0.9766187050359713	0.7488179669030733
0.9766187050359713	0.7489655172413793
0.9766187050359713	0.7491131257390619
0.9766187050359713	0.7492607924305145
0.9763617677286742	0.749211356466877
0.9763617677286742	0.7493591007690791
0.9763617677286742	0.7495069033530573
0.9763617677286742	0.7496547642533044
0.9763617677286742	0.749802683504341
0.9761048304213772	0.7497533057035721
0.9761048304213772	0.7499013028030004
0.9758478931140802	0.7498519249753208
0.9758478931140802	0.75
0.9755909558067831	0.7499506221607742
0.9753340184994861	0.7499012248123271
0.9753340184994861	0.7500493973523019
0.9753340184994861	0.750197628458498
0.9753340184994861	0.7503459181656453
0.9753340184994861	0.7504942665085014
0.975077081192189	0.7504449278228199
0.975077081192189	0.7505933544303798
0.975077081192189	0.7507418397626113
0.975077081192189	0.7508903838543728
0.975077081192189	0.7510389867405501
0.9748201438848921	0.7509897070467142
0.9745632065775951	0.7509404078400317
0.9745632065775951	0.7510891089108911
0.9743062692702981	0.7510398098633393
0.974049331963001	0.7509904912836767
0.974049331963001	0.7511392906677234
0.974049331963001	0.7512881490289338
0.974049331963001	0.7514370664023786
0.974049331963001	0.751735078326393
0.974049331963001	0.7518841729472432
0.974049331963001	0.7520333267208887
0.974049331963001	0.7521825396825397
0.974049331963001	0.752331811867434
0.974049331963001	0.7524811433108376
0.974049331963001	0.7526305340480445
0.974049331963001	0.7527799841143765
0.974049331963001	0.7529294935451837
0.974049331963001	0.7530790623758442
0.974049331963001	0.7532286906417643
0.974049331963001	0.7533783783783784
0.973792394655704	0.7533293579805208
0.973792394655704	0.7534791252485089
0.973792394655704	0.7536289520779479
0.973792394655704	0.7537788385043755
0.973792394655704	0.7539287845633579
0.973792394655704	0.7540787902904894
0.973792394655704	0.7542288557213931
0.973792394655704	0.7543789808917197
0.973535457348407	0.7543300816245272
0.973535457348407	0.7544802867383512
0.9732785200411099	0.7544313881696874
0.9732785200411099	0.754581673306773
0.9730215827338129	0.7545327754532776
0.9730215827338129	0.7546831406935034
0.9730215827338129	0.7548335658760216
0.972764645426516	0.7547846889952153
0.972764645426516	0.7549351944167497
0.972764645426516	0.7550857598723574
0.972764645426516	0.7552363853979653
0.972764645426516	0.7553870710295292
0.972764645426516	0.7555378168030333
0.972764645426516	0.755688622754491
0.972764645426516	0.7558394889199441
0.9725077081192189	0.7557907348242812
0.9722507708119219	0.7557419612542441
0.9719938335046249	0.7556931681981622
0.9719938335046249	0.7558441558441559
0.9719938335046249	0.7559952038369304
0.9719938335046249	0.7561463122126724
0.9719938335046249	0.756297481007597
0.9717368961973278	0.75624875024995
0.9717368961973278	0.7564
0.9717368961973278	0.7565513102620524
0.9714799588900308	0.7565026010404161
0.9714799588900308	0.7566539923954373
0.9714799588900308	0.7568054443554844
0.9714799588900308	0.756956956956957
0.9714799588900308	0.7571085302362836
0.9714799588900308	0.7572601642299219
0.9712230215827338	0.7572115384615384
0.9712230215827338	0.7573632538569425
0.9712230215827338	0.7575150300601202
0.9712230215827338	0.7576668671076368
0.9712230215827338	0.7578187650360866
0.9712230215827338	0.7579707238820934
0.9712230215827338	0.7581227436823105
0.9712230215827338	0.7582748244734202
0.9712230215827338	0.7584269662921348
0.9712230215827338	0.7585791691751956
0.9709660842754368	0.7585307105580088
0.9709660842754368	0.7586829953824533
0.9709660842754368	0.7588353413654618
0.9707091469681398	0.7587869050010042
0.9707091469681398	0.7589393330654881
0.9707091469681398	0.7590918223829616
0.9707091469681398	0.7592443729903537
0.9707091469681398	0.7593969849246232
0.9707091469681398	0.7595496582227583
0.9707091469681398	0.7597023929217775
0.9707091469681398	0.7598551890587288
0.9707091469681398	0.76000804667069
0.9707091469681398	0.7601609657947687
0.9707091469681398	0.7603139464681022
0.9704522096608428	0.7602657004830918
0.9704522096608428	0.760418763841353
0.9704522096608428	0.7605718888441402
0.9701952723535457	0.7605236656596174
0.9701952723535457	0.7606768734891217
0.9701952723535457	0.760830143058634
0.9701952723535457	0.7609834744054816
0.9701952723535457	0.7611368675670228
0.9701952723535457	0.7612903225806451
0.9701952723535457	0.7614438394837669
0.9701952723535457	0.7615974183138362
0.9701952723535457	0.7617510591083316
0.9701952723535457	0.7619047619047619
0.9699383350462487	0.7618567103935419
0.9699383350462487	0.7620104965684296
0.9699383350462487	0.7621643448415102
0.9699383350462487	0.7623182552504039
0.9696813977389517	0.7622702484346596
0.9696813977389517	0.7624242424242424
0.9696813977389517	0.7625782986461912
0.9696813977389517	0.7627324171382377
0.9696813977389517	0.7628865979381443
0.9696813977389517	0.763040841083704
0.9696813977389517	0.7631951466127401
0.9696813977389517	0.7633495145631068
0.9696813977389517	0.7635039449726887
0.9696813977389517	0.763658437879401
0.9696813977389517	0.76381299332119
0.9696813977389517	0.7639676113360324
0.9696813977389517	0.7641222919619356
0.9694244604316546	0.7640745240988255
0.9694244604316546	0.7642292890419283
0.9694244604316546	0.7643841166936791
0.9694244604316546	0.7645390070921986
0.9691675231243576	0.7644912849614917
0.9691675231243576	0.7646462598824245
0.9691675231243576	0.764801297648013
0.9691675231243576	0.7649563982964915
0.9691675231243576	0.7651115618661257
0.9691675231243576	0.765266788395212
0.9691675231243576	0.765422077922078
0.9691675231243576	0.7655774304850822
0.9691675231243576	0.7657328461226147
0.9691675231243576	0.7658883248730964
0.9691675231243576	0.7660438667749797
0.9689105858170607	0.7659963436928702
0.9689105858170607	0.7661519707436002
0.9689105858170607	0.7663076610445031
0.9686536485097637	0.766260162601626
0.9686536485097637	0.7664159381988209
0.9686536485097637	0.766571777145181
0.9686536485097637	0.7667276794793574
0.9686536485097637	0.7668836452400325
0.9686536485097637	0.7670396744659207
0.9686536485097637	0.7671957671957672
0.9683967112024666	0.7671483818440871
0.9683967112024666	0.7673045602605864
0.9683967112024666	0.7674608022805945
0.9681397738951696	0.7674134419551935
0.9681397738951696	0.767569769810552
0.9681397738951696	0.7677261613691931
0.9681397738951696	0.7678826166700632
0.9681397738951696	0.7680391357521402
0.9681397738951696	0.7681957186544343
0.9681397738951696	0.768352365415987
0.9678828365878726	0.7683051193147052
0.9678828365878726	0.7684618523051816
0.9678828365878726	0.768618649255254
0.9678828365878726	0.7687755102040816
0.9676258992805755	0.7687283119003878
0.9676258992805755	0.7688852592895059
0.9676258992805755	0.7690422707780273
0.9676258992805755	0.7691993464052288
0.9673689619732785	0.7691521961184883
0.9671120246659815	0.7691050265631385
0.9668550873586845	0.7690578377273656
0.9668550873586845	0.7692150449713818
0.9668550873586845	0.7693723164996933
0.9668550873586845	0.7695296523517382
0.9668550873586845	0.7696870525669871
0.9665981500513875	0.7696399345335515
0.9663412127440905	0.7695927972171066
0.9663412127440905	0.7697503069995907
0.9663412127440905	0.7699078812691914
0.9663412127440905	0.7700655200655201
0.9663412127440905	0.7702232234282204
0.9663412127440905	0.7703809913969685
0.9660842754367934	0.7703339479614834
0.9660842754367934	0.7704918032786885
0.9660842754367934	0.7706497233039558
0.9660842754367934	0.7708077080770808
0.9660842754367934	0.7709657576378921
0.9658273381294964	0.7709187858900738
0.9658273381294964	0.7710769230769231
0.9658273381294964	0.7712351251538777
0.9658273381294964	0.7713933921608865
0.9655704008221994	0.7713464696223317
0.9655704008221994	0.7715048244713612
0.9655704008221994	0.7716632443531828
0.9655704008221994	0.7718217293078661
0.9655704008221994	0.7719802793755136
0.9653134635149023	0.7719334292171769
0.9653134635149023	0.772092067406494
0.9653134635149023	0.7722507708119218
0.9653134635149023	0.7724095394736842
0.9650565262076053	0.7723627390499691
0.9650565262076053	0.7725215960510078
0.9647995889003084	0.7724747994239868
0.9645426515930113	0.7724279835390947
0.9645426515930113	0.7725869520477464
0.9645426515930113	0.7727459860024701
0.9645426515930113	0.7729050854436895
0.9645426515930113	0.7730642504118617
0.9642857142857143	0.7730175077239959
0.9642857142857143	0.7731767614338689
0.9640287769784173	0.773130022666392
0.9640287769784173	0.7732893652102226
0.9640287769784173	0.7734487734487735
0.9640287769784173	0.7736082474226804
0.9640287769784173	0.773767787172613
0.9640287769784173	0.7739273927392739
0.9640287769784173	0.7740870641634
0.9640287769784173	0.7742468014857614
0.9640287769784173	0.774406604747162
0.9637718396711202	0.7743600330305532
0.9637718396711202	0.7745199256659095
0.9635149023638232	0.7744733581164808
0.9635149023638232	0.774633340218963
0.9635149023638232	0.7747933884297521
0.9635149023638232	0.7749535027898327
0.9635149023638232	0.7751136833402232
0.9632579650565262	0.7750671904072772
0.9632579650565262	0.7752274607113316
0.9630010277492291	0.7751809720785936
0.9630010277492291	0.7753413322300372
0.9630010277492291	0.7755017587419822
0.9630010277492291	0.7756622516556292
0.9627440904419322	0.775615814531153
0.9624871531346352	0.7755693581780538
0.9624871531346352	0.7757299647960241
0.9622302158273381	0.7756835128417564
0.9619732785200411	0.7756370416407706
0.9617163412127441	0.7755905511811023
0.9617163412127441	0.7757512953367875
0.9617163412127441	0.7759121061359867
0.9617163412127441	0.7760729836201534
0.9617163412127441	0.7762339278307756
0.9617163412127441	0.7763949388093756
0.9617163412127441	0.7765560165975104
0.961459403905447	0.776509649304835
0.96120246659815	0.7764632627646326
0.96120246659815	0.7766244550550135
0.96120246659815	0.7767857142857143
0.9576053442959918	0.7784043441938179
0.9457862281603289	0.7846940950756768
0.9442446043165468	0.7859281437125748
0.9434737923946557	0.7861271676300579
0.9434737923946557	0.7862955032119915
0.9434737923946557	0.786463910901692
0.9434737923946557	0.7866323907455013
0.9432168550873586	0.7865866723805442
0.9429599177800617	0.7865409344192027
0.9427029804727647	0.7864951768488746
0.9427029804727647	0.7866638078902229
0.9427029804727647	0.7868325112588462
0.9424460431654677	0.7867867867867868
0.9421891058581706	0.7867410426947007
0.9419321685508736	0.7866952789699571
0.9419321685508736	0.7868641339343206
0.9419321685508736	0.7870330613997424
0.9419321685508736	0.7872020614129268
0.9416752312435765	0.7871563573883161
0.9416752312435765	0.7873254564983888
0.9414182939362795	0.7872797593467985
0.9414182939362795	0.7874489576617236
0.9414182939362795	0.7876182287188306
0.9411613566289825	0.7875725650397764
0.9409044193216856	0.7875268817204301
0.9409044193216856	0.7876962787696279
0.9409044193216856	0.7878657487091222
0.9409044193216856	0.7880352915859694
0.9406474820143885	0.7879896685320706
0.9406474820143885	0.7881593110871905
0.9406474820143885	0.7883290267011197
0.9406474820143885	0.7884988154210639
0.9406474820143885	0.7886686772942697
0.9406474820143885	0.7888386123680241
0.9403905447070915	0.7887931034482759
0.9401336073997945	0.7887475749083854
0.9401336073997945	0.7889176369124623
0.9401336073997945	0.7890877722665517
0.9398766700924974	0.7890422778257118
0.9398766700924974	0.7892125134843582
0.9396197327852004	0.7891670263271472
0.9396197327852004	0.7893373624001727
0.9396197327852004	0.7895077720207254
0.9393627954779034	0.7894623191535306
0.9393627954779034	0.7896328293736501
0.9393627954779034	0.7898034132642039
0.9391058581706063	0.7897579948141746
0.9388489208633094	0.789712556732224
0.9388489208633094	0.7898832684824902
0.9388489208633094	0.790054054054054
0.9385919835560124	0.7900086505190311
0.9383350462487153	0.7899632273415531
0.9383350462487153	0.7901341410644742
0.9380781089414183	0.790088725384116
0.9378211716341213	0.79004329004329
0.9378211716341213	0.7902143321065166
0.9375642343268242	0.7901689042875704
0.9373072970195272	0.7901234567901234
0.9373072970195272	0.7902946273830156
0.9373072970195272	0.790465872156013
0.9373072970195272	0.7906371911573472
0.9370503597122302	0.7905918057663126
0.9370503597122302	0.7907632263660017
0.9367934224049332	0.7907178486228584
0.9365364850976362	0.7906724511930586
0.9365364850976362	0.7908440008678672
0.9365364850976362	0.791015625
0.9362795477903392	0.7909702626438029
0.9362795477903392	0.7911419887103778
0.9360226104830421	0.7910966340933767
0.9357656731757451	0.7910512597741095
0.9355087358684481	0.791005865739735
0.9355087358684481	0.7911777488048675
0.9355087358684481	0.7913497065855248
0.9355087358684481	0.7915217391304348
0.9355087358684481	0.791693846488367
0.935251798561151	0.7916485428447151
0.935251798561151	0.7918207526647814
0.935251798561151	0.7919930374238469
0.9349948612538541	0.7919477693144723
0.9347379239465571	0.7919024814976056
0.93448098663926	0.7918571739603745
0.934224049331963	0.7918118466898955
0.933967112024666	0.7917664996732738
0.933710174717369	0.7917211328976035
0.9334532374100719	0.7916757463499673
0.9331963001027749	0.7916303400174368
0.9331963001027749	0.7918029212993242
0.9331963001027749	0.7919755778456171
0.9331963001027749	0.7921483097055616
0.932939362795478	0.7921029668411868
0.932939362795478	0.7922758018765002
0.9326824254881809	0.7922304670449586
0.9324254881808839	0.7921851124208688
0.9324254881808839	0.7923580786026201
0.9321685508735869	0.7923127320375628
0.9319116135662898	0.7922673656618611
0.9316546762589928	0.79222197946253
0.9313977389516958	0.7921765734265734
0.9313977389516958	0.7923497267759563
0.9311408016443987	0.7923043288150415
0.9311408016443987	0.7924775858298709
0.9311408016443987	0.7926509186351706
0.9308838643371018	0.7926055567709472
0.9306269270298048	0.7925601750547046
0.9306269270298048	0.7927336397461151
0.9303699897225077	0.7926882661996497
0.9303699897225077	0.7928618349025619
0.9303699897225077	0.7930354796320631
0.9301130524152107	0.7929901423877328
0.9301130524152107	0.7931638913234005
0.9301130524152107	0.7933377164146395
0.9301130524152107	0.79351161771153
0.9301130524152107	0.7936855952641965
0.9298561151079137	0.7938144329896907
0.9298561151079137	0.7939885914874946
0.9298561151079137	0.794162826420891
0.9295991778006166	0.7941176470588235
0.9293422404933196	0.794072447859495
0.9290853031860226	0.7940272288098376
0.9290853031860226	0.7942016253019987
0.9290853031860226	0.7943760984182777
0.9290853031860226	0.7945506482091848
0.9288283658787256	0.7945054945054945
0.9285714285714286	0.7944603209496592
0.9283144912641316	0.794415127528584
0.9280575539568345	0.794369914229162
0.9280575539568345	0.7945446546414431
0.9280575539568345	0.7947194719471947
0.9280575539568345	0.7948943661971831
0.9278006166495375	0.7948492185780321
0.9275436793422405	0.7948040510788199
0.9275436793422405	0.7949790794979079
0.9272867420349434	0.7949339207048458
0.9270298047276464	0.7948887420136594
0.9270298047276464	0.7950639048038783
0.9267728674203495	0.7950187348468151
0.9267728674203495	0.7951940035273368
0.9267728674203495	0.7953693495038588
0.9267728674203495	0.7955447728275253
0.9265159301130524	0.7954996690933157
0.9262589928057554	0.7954545454545454
0.9262589928057554	0.795630103729861
0.9260020554984584	0.7955849889624724
0.9257451181911613	0.7955398542724663
0.9254881808838643	0.7954946996466431
0.9254881808838643	0.7956704219129667
0.9252312435765673	0.7956252761820592
0.9252312435765673	0.7958011049723757
0.9252312435765673	0.7959770114942529
0.9249743062692704	0.7959319036038028
0.9247173689619733	0.7958867757629368
0.9247173689619733	0.7960628179606282
0.9244604316546763	0.7960176991150443
0.9244604316546763	0.7961938481965036
0.9242034943473793	0.796148738379814
0.9242034943473793	0.7963249944653531
0.9242034943473793	0.7965013286093888
0.9239465570400822	0.7964562569213732
0.9236896197327852	0.7964111652636243
0.9236896197327852	0.7965876357190339
0.9236896197327852	0.7967641843971631
0.9234326824254881	0.7967191310130791
0.9234326824254881	0.7968957871396896
0.9231757451181911	0.7968507429585274
0.9229188078108942	0.7968056787932565
0.9226618705035972	0.7967605946305747
0.9226618705035972	0.7969374167776299
0.9226618705035972	0.7971143174250832
0.9226618705035972	0.797291296625222
0.9226618705035972	0.7974683544303798
0.9224049331963001	0.7974233673922702
0.9224049331963001	0.7976005332148411
0.9221479958890031	0.7975555555555556
0.9221479958890031	0.7977328295176705
0.9218910585817061	0.7976878612716763
0.921634121274409	0.7976428730264621
0.921377183967112	0.7975978647686833
0.921377183967112	0.7977753058954393
0.921120246659815	0.7977303070761015
0.921120246659815	0.7979078566659248
0.920863309352518	0.7978628673196795
0.920863309352518	0.7980405254954354
0.920606372045221	0.7979955456570156
0.920349434737924	0.7979505457785698
0.920349434737924	0.7981283422459893
0.920349434737924	0.7983062179630043
0.9200924974306269	0.7982612572447615
0.9198355601233299	0.798216276477146
0.9195786228160329	0.798171275646744
0.9195786228160329	0.7983493196520187
0.9195786228160329	0.7985274431057564
0.9195786228160329	0.798705646061147
0.9193216855087358	0.7986607142857143
0.9193216855087358	0.7988390265684304
0.9193216855087358	0.7990174184903975
0.9190647482014388	0.7989725262452535
0.9190647482014388	0.7991510277033065
0.9190647482014388	0.7993296089385474
0.9190647482014388	0.7995082700044702
0.9188078108941419	0.7994634473507712
0.9185508735868448	0.7994186046511628
0.9182939362795478	0.7993737418921941
0.9182939362795478	0.7995525727069351
0.9182939362795478	0.7997314835533677
0.9180369989722508	0.799686660698299
0.9177800616649537	0.7996418177747929
0.9175231243576567	0.7995969547693685
0.9175231243576567	0.7997760358342665
0.9175231243576567	0.7999551971326165
0.9172661870503597	0.7999103741877661
0.9172661870503597	0.8000896458987001
0.9170092497430626	0.8000448329970858
0.9167523124357657	0.8
0.9167523124357657	0.8001794124243103
0.9164953751284687	0.8001345895020189
0.9164953751284687	0.8003141126318152
0.9164953751284687	0.8004937163375224
0.9164953751284687	0.8006734006734006
0.9162384378211716	0.8006286484059273
0.9159815005138746	0.8005838760386257
0.9157245632065776	0.8005390835579514
0.9154676258992805	0.8004942709503482
0.9154676258992805	0.8006741573033708
0.9154676258992805	0.8008541245223646
0.9154676258992805	0.8010341726618705
0.9152106885919835	0.8009894310771306
0.9149537512846866	0.800944669365722
0.9146968139773896	0.8008998875140607
0.9144398766700925	0.8008550855085509
0.9144398766700925	0.8010353364843574
0.9141829393627955	0.8009905447996398
0.9139260020554985	0.8009457329430308
0.9136690647482014	0.8009009009009009
0.9136690647482014	0.8010813246226628
0.9136690647482014	0.8012618296529969
0.9134121274409044	0.8012170385395537
0.9134121274409044	0.8013976555455365
0.9131551901336074	0.8013528748590756
0.9128982528263104	0.8013080739738385
0.9126413155190134	0.8012632528761561
0.9123843782117164	0.8012184115523465
0.9123843782117164	0.8013992326788535
0.9123843782117164	0.8015801354401806
0.9121274409044193	0.8015353352901332
0.9121274409044193	0.8017163504968383
0.9118705035971223	0.80167156087644
0.9118705035971223	0.8018526886579304
0.9118705035971223	0.8020338983050848
0.9118705035971223	0.8022151898734177
0.9116135662898253	0.802170472529957
0.9113566289825282	0.8021257349615558
0.9110996916752312	0.8020809771544899
0.9110996916752312	0.8022624434389141
0.9108427543679343	0.8022176963113826
0.9108427543679343	0.8023992756903576
0.9105858170606372	0.8023545392800543
0.9105858170606372	0.802536231884058
0.9103288797533402	0.8024915062287655
0.9103288797533402	0.8026733121884911
0.9100719424460432	0.802628597326082
0.9100719424460432	0.8028105167724388
0.9100719424460432	0.8029925187032418
0.9100719424460432	0.8031746031746032
0.9100719424460432	0.8033567702426854
0.9100719424460432	0.8035390199637024
0.9098150051387461	0.8034944406625822
0.9095580678314491	0.8034498411257376
0.9093011305241521	0.8034052213393871
0.909044193216855	0.8033605812897366
0.909044193216855	0.8035430388371565
0.909044193216855	0.8037255792821445
0.9087872559095581	0.803680981595092
0.9085303186022611	0.8036363636363636
0.9085303186022611	0.8038190497840418
0.9085303186022611	0.8040018190086403
0.9085303186022611	0.804184671366841
0.9085303186022611	0.8043676069153776
0.908273381294964	0.8043230944254836
0.908016443987667	0.8042785616750113
0.908016443987667	0.8044616435237878
0.908016443987667	0.8046448087431693
0.90775950668037	0.8046003188339786
0.9075025693730729	0.8045558086560365
0.9072456320657759	0.8045112781954887
0.906988694758479	0.8044667274384686
0.906731757451182	0.8044221563710964
0.906731757451182	0.8046055631554948
0.906731757451182	0.8047890535917902
0.9064748201438849	0.8047445255474452
0.9064748201438849	0.8049281314168378
0.9062178828365879	0.8048836147877682
0.9059609455292909	0.8048390778361105
0.9057040082219938	0.8047945205479452
0.9057040082219938	0.8049783055492121
0.9057040082219938	0.8051621745089081
0.9054470709146968	0.805117660498058
0.9054470709146968	0.8053016453382084
0.9054470709146968	0.8054857142857142
0.9054470709146968	0.8056698673982624
0.9054470709146968	0.8058541047335925
0.9051901336073997	0.8058096980786825
0.9051901336073997	0.8059940517044155
0.9051901336073997	0.8061784897025172
0.9051901336073997	0.8063630121309224
0.9051901336073997	0.8065476190476191
0.9049331963001028	0.8065033203572246
0.9049331963001028	0.8066880439761795
0.9049331963001028	0.806872852233677
0.9049331963001028	0.807057745187901
0.9046762589928058	0.8070135228054092
0.9046762589928058	0.807198532783127
0.9044193216855088	0.8071543224031186
0.9041623843782117	0.8071100917431193
0.9041623843782117	0.8072952512044047
0.9041623843782117	0.807480495640202
0.9041623843782117	0.80766582510902
0.9039054470709147	0.8076216712580349
0.9039054470709147	0.8078071182548795
0.9036485097636177	0.807762976573266
0.9033915724563206	0.8077188146106133
0.9031346351490236	0.8076746323529411
0.9031346351490236	0.8078602620087336
0.9028776978417267	0.807816091954023
0.9028776978417267	0.8080018395033342
0.9026207605344296	0.8079576816927323
0.9026207605344296	0.8081435472739821
0.9023638232271326	0.8080994017487345
0.9021068859198356	0.8080552359033372
0.9018499486125385	0.8080110497237569
0.9015930113052415	0.8079668431959475
0.9015930113052415	0.808152924919392
0.9015930113052415	0.8083390923750288
0.9015930113052415	0.8085253456221199
0.9013360739979445	0.8084812168702467
0.9013360739979445	0.8086675887505763
0.9013360739979445	0.8088540465759742
0.9013360739979445	0.809040590405904
0.9013360739979445	0.8092272202998847
0.9010791366906474	0.8091832025842178
0.9010791366906474	0.8093699515347335
0.9010791366906474	0.8095567867036011
0.9010791366906474	0.8097437081505426
0.9008221993833505	0.8096997690531178
0.9008221993833505	0.8098868098868098
0.9005652620760535	0.8098428835489834
0.9003083247687564	0.8097989369077883
0.9000513874614594	0.8097549699491448
0.8997944501541624	0.8097109826589596
0.8995375128468653	0.8096669750231268
0.8995375128468653	0.8098542678695351
0.8995375128468653	0.8100416473854697
0.8992805755395683	0.8099976857208979
0.8990236382322713	0.8099537037037037
0.8987667009249743	0.8099097013197499
0.8985097636176773	0.8098656785548866
0.8982528263103803	0.8098216353949502
0.8982528263103803	0.8100092678405931
0.8982528263103803	0.810196987253766
0.8979958890030832	0.8101529902642559
0.8977389516957862	0.8101089728727104
0.8974820143884892	0.810064935064935
0.8972250770811921	0.8100208768267223
0.8972250770811921	0.8102088167053364
0.8972250770811921	0.8103968438152703
0.8972250770811921	0.8105849582172702
0.8969681397738952	0.810540979800325
0.8967112024665982	0.8104969809568044
0.8967112024665982	0.81068524970964
0.8967112024665982	0.8108736059479554
0.8967112024665982	0.8110620497327446
0.8964542651593012	0.8110181311018131
0.8964542651593012	0.8112066961171821
0.8964542651593012	0.8113953488372093
0.8964542651593012	0.8115840893230984
0.8961973278520041	0.811540251279665
0.8961973278520041	0.8117291133348848
0.8959403905447071	0.8116852886405959
0.8959403905447071	0.8118742724097788
0.8959403905447071	0.812063344201211
0.8959403905447071	0.8122525040764035
0.8959403905447071	0.8124417520969245
0.8959403905447071	0.8126310883243999
0.89568345323741	0.8125874125874126
0.895426515930113	0.8125437164840289
0.895169578622816	0.8125
0.8949126413155191	0.8124562631210637
0.894655704008222	0.8124125058329444
0.894398766700925	0.8123687281213535
0.894141829393628	0.8123249299719888
0.894141829393628	0.8125145925752977
0.8938848920863309	0.8124708080336291
0.8938848920863309	0.812660593319318
0.8938848920863309	0.8128504672897197
0.8938848920863309	0.813040430007011
0.8938848920863309	0.8132304815334268
0.8936279547790339	0.8131868131868132
0.8933710174717369	0.8131431244153414
0.8931140801644398	0.8130994152046783
0.8928571428571429	0.8130556855404774
0.8928571428571429	0.8132459630236368
0.8928571428571429	0.8134363295880149
0.8928571428571429	0.8136267852961836
0.8926002055498459	0.8135831381733021
0.8926002055498459	0.8137737174982431
0.8923432682425488	0.813730084348641
0.8923432682425488	0.8139207874384814
0.8920863309352518	0.8138771683075481
0.8918293936279548	0.8138335287221571
0.8918293936279548	0.8140243902439024
0.8918293936279548	0.8142153413089374
0.8918293936279548	0.8144063819802909
0.8918293936279548	0.8145975123210514
0.8915724563206577	0.8145539906103286
0.8913155190133607	0.8145104484620803
0.8910585817060637	0.814466885861907
0.8908016443987667	0.8144233027953958
0.8905447070914697	0.8143796992481203
0.8902877697841727	0.8143360752056404
0.8902877697841727	0.814527503526093
0.8902877697841727	0.8147190218669175
0.8902877697841727	0.8149106302916275
0.8900308324768756	0.8148670900964479
0.8900308324768756	0.8150588235294117
0.8897738951695786	0.8150152977171099
0.8897738951695786	0.8152071563088512
0.8897738951695786	0.8153991052507652
0.8897738951695786	0.8155911446066887
0.8895169578622816	0.815547703180212
0.8892600205549845	0.8155042412818096
0.8890030832476875	0.8154607588970069
0.8890030832476875	0.8156529938708157
0.8890030832476875	0.8158453195001178
0.8887461459403906	0.8158018867924528
0.8887461459403906	0.8159943382873319
0.8887461459403906	0.8161868806040585
0.8887461459403906	0.8163795138069389
0.8884892086330936	0.8163361661945231
0.8884892086330936	0.8165289256198347
0.8882322713257965	0.8164855928200283
0.8879753340184995	0.8164422395464209
0.8877183967112025	0.816398865784499
0.8874614594039054	0.8163554715197353
0.8872045220966084	0.8163120567375887
0.8869475847893115	0.8162686214235044
0.8866906474820144	0.8162251655629139
0.8864337101747174	0.8161816891412349
0.8861767728674204	0.8161381921438713
0.8859198355601233	0.816094674556213
0.8859198355601233	0.8162878787878788
0.8859198355601233	0.8164811745204831
0.8859198355601233	0.8166745618190431
0.8856628982528263	0.8166311300639659
0.8856628982528263	0.816824644549763
0.8856628982528263	0.8170182507703247
0.8856628982528263	0.8172119487908962
0.8856628982528263	0.8174057386767845
0.8856628982528263	0.8175996204933587
0.8854059609455293	0.8175563463819692
0.8851490236382322	0.8175130517323208
0.8851490236382322	0.8177070970804652
0.8848920863309353	0.8176638176638177
0.8848920863309353	0.8178579909760152
0.8846351490236383	0.8178147268408551
0.8843782117163412	0.8177714421477785
0.8843782117163412	0.8179657794676806
0.8843782117163412	0.8181602091751842
0.8843782117163412	0.8183547313361864
0.8843782117163412	0.8185493460166469
0.8841212744090442	0.8185061845861085
0.8841212744090442	0.8187009279086367
0.8841212744090442	0.818895763921942
0.8841212744090442	0.8190906926922161
0.8841212744090442	0.8192857142857143
0.8838643371017472	0.8192426768278162
0.8836073997944501	0.8191996188661267
0.8836073997944501	0.8193948058136764
0.8833504624871531	0.819351763584366
0.8833504624871531	0.8195470798569726
0.8833504624871531	0.8197424892703863
0.8833504624871531	0.8199379918912473
0.8830935251798561	0.819895038167939
0.8828365878725591	0.8198520639465522
0.8828365878725591	0.8200477326968973
0.8828365878725591	0.8202434948675101
0.8828365878725591	0.8204393505253104
0.8828365878725591	0.8206352997372821
0.8825796505652621	0.8205924510272337
0.8823227132579651	0.8205495818399045
0.8823227132579651	0.8207456978967496
0.882065775950668	0.8207028448481951
0.881808838643371	0.8206599713055954
0.881551901336074	0.8206170772542454
0.881551901336074	0.8208133971291866
0.8812949640287769	0.8207705192629816
0.8812949640287769	0.8209669698420297
0.8810380267214799	0.8209241082116352
0.8810380267214799	0.8211206896551724
0.880781089414183	0.8210778443113772
0.880781089414183	0.8212745567800671
0.880781089414183	0.8214713635274383
0.880524152106886	0.8214285714285714
0.8802672147995889	0.8213857588108368
0.8802672147995889	0.8215827338129497
0.8802672147995889	0.8217798033101463
0.8800102774922919	0.8217370441458733
0.8797533401849948	0.8216942644588433
0.8794964028776978	0.8216514642342775
0.8792394655704008	0.8216086434573829
0.8792394655704008	0.8218059558117194
0.8792394655704008	0.8220033629594042
0.8792394655704008	0.822200864968765
0.8789825282631039	0.8221581350636866
0.8789825282631039	0.8223557692307693
0.8787255909558068	0.8223130560230825
0.8787255909558068	0.8225108225108225
0.8787255909558068	0.8227086841472215
0.8784686536485098	0.8226660250240616
0.8782117163412128	0.8226233453670276
0.8779547790339157	0.8225806451612904
0.8779547790339157	0.8227787141825187
0.8779547790339157	0.8229768786127167
0.8779547790339157	0.8231751385208383
0.8776978417266187	0.8231325301204819
0.8774409044193217	0.8230899011810074
0.8774409044193217	0.823288331726133
0.8774409044193217	0.8234868579696166
0.8771839671120246	0.8234442836468886
0.8771839671120246	0.823642943305187
0.8771839671120246	0.8238416988416989
0.8769270298047277	0.8237991793386436
0.8769270298047277	0.8239980685659102
0.8766700924974307	0.8239555662883361
0.8766700924974307	0.8241545893719807
0.8766700924974307	0.8243537086252718
0.8766700924974307	0.8245529241179314
0.8766700924974307	0.8247522359197486
0.8764131551901336	0.8247098646034816
0.8764131551901336	0.8249093107617896
0.8761562178828366	0.8248669569424286
0.8761562178828366	0.825066537624002
0.8758992805755396	0.8250242013552759
0.8756423432682425	0.8249818445896877
0.8753854059609455	0.8249394673123487
0.8751284686536485	0.8248970695083555
0.8751284686536485	0.8250968992248062
0.8748715313463515	0.8250545190210807
0.8746145940390545	0.8250121182743577
0.8743576567317575	0.824969696969697
0.8741007194244604	0.8249272550921436
0.8741007194244604	0.8251273344651953
0.8738437821171634	0.8250849102377487
0.8738437821171634	0.8252851249696675
0.8738437821171634	0.8254854368932039
0.8735868448098664	0.8254430687059966
0.8735868448098664	0.825643516270034
0.8733299075025693	0.8256011658974982
0.8733299075025693	0.825801749271137
0.8730729701952723	0.8257594167679222
0.8730729701952723	0.825960136120564
0.8728160328879754	0.8259178215414539
0.8728160328879754	0.8261186770428015
0.8725590955806783	0.8260763804427147
0.8723021582733813	0.8260340632603407
0.8720452209660843	0.8259917254806523
0.8720452209660843	0.8261927945472249
0.8720452209660843	0.8263939615290966
0.8717882836587872	0.8263516804676084
0.8717882836587872	0.8265529841656516
0.8717882836587872	0.8267543859649122
0.8717882836587872	0.8269558859371192
0.8717882836587872	0.8271574841540712
0.8715313463514902	0.8271153377225067
0.8715313463514902	0.8273170731707317
0.8712744090441932	0.827274945108563
0.8712744090441932	0.8274768179599805
0.8712744090441932	0.8276787893580668
0.8710174717368961	0.82763671875
0.8707605344295992	0.8275946275946275
0.8705035971223022	0.827552515876893
0.8705035971223022	0.8277547031517225
0.8705035971223022	0.8279569892473119
0.8702466598150052	0.8279149352236617
0.8699897225077081	0.8278728606356969
0.8699897225077081	0.8280753240401076
0.8699897225077081	0.8282778864970646
0.8697327852004111	0.828235869831172
0.8697327852004111	0.8284385707293196
0.869475847893114	0.8283965728274174
0.869475847893114	0.8285994123408423
0.869475847893114	0.8288023512123439
0.869475847893114	0.8290053895149436
0.869475847893114	0.8292085273217349
0.869218910585817	0.8291666666666667
0.869218910585817	0.8293699436136308
0.8689619732785201	0.8293281020107895
0.8687050359712231	0.8292862398822664
0.8687050359712231	0.8294896957801766
0.8687050359712231	0.8296932515337423
0.868448098663926	0.8296514482081493
0.868448098663926	0.8298551436287749
0.868448098663926	0.8300589390962672
0.868191161356629	0.8300171947924343
0.868191161356629	0.8302211302211302
0.867934224049332	0.8301794052592775
0.867934224049332	0.8303834808259587
0.867934224049332	0.8305876567494468
0.8676772867420349	0.8305459911460895
0.8676772867420349	0.830750307503075
0.8674203494347379	0.8307086614173228
0.8674203494347379	0.8309131183854295
0.8671634121274409	0.8308714918759232
0.8671634121274409	0.8310760896330953
0.8669064748201439	0.8310344827586207
0.8669064748201439	0.8312392214831239
0.8666495375128469	0.8311976343026122
0.8666495375128469	0.8314025141730342
0.8663926002055499	0.8313609467455622
0.8661356628982528	0.8313193588162762
0.8661356628982528	0.8315244203256044
0.8658787255909558	0.8314828522082408
0.8658787255909558	0.8316880552813426
0.8656217882836588	0.8316465070353
0.8653648509763617	0.831604938271605
0.8653648509763617	0.8318103235366757
0.8653648509763617	0.8320158102766798
0.8651079136690647	0.8319743019520632
0.8651079136690647	0.8321799307958477
0.8651079136690647	0.8323856613102596
0.8651079136690647	0.832591493570722
0.8648509763617678	0.8325500865693791
0.8648509763617678	0.8327560613557645
0.8645940390544707	0.8327146745854986
0.8645940390544707	0.8329207920792079
0.8643371017471737	0.8328794256003962
0.8640801644398767	0.8328380386329867
0.8638232271325796	0.8327966311617537
0.8635662898252826	0.8327552031714569
0.8633093525179856	0.8327137546468402
0.8633093525179856	0.8329201784828953
0.8633093525179856	0.8331267046863378
0.8633093525179856	0.8333333333333334
0.8633093525179856	0.8335400645001241
0.8630524152106885	0.8334987593052109
0.8627954779033916	0.8334574336063539
0.8627954779033916	0.8336643495531281
0.8625385405960946	0.8336230444499627
0.8625385405960946	0.8338301043219076
0.8622816032887975	0.8337888198757764
0.8620246659815005	0.8337475149105368
0.8620246659815005	0.8339547601292567
0.8620246659815005	0.8341621084037792
0.8617677286742035	0.8341208654563541
0.8617677286742035	0.8343283582089552
0.8617677286742035	0.8345359542174671
0.8615107913669064	0.8344947735191638
0.8612538540596094	0.8344535723176499
0.8609969167523125	0.8344123505976095
0.8609969167523125	0.8346201743462017
0.8609969167523125	0.8348281016442451
0.8609969167523125	0.8350361325691502
0.8607399794450155	0.8349950149551346
0.8604830421377184	0.8349538768386936
0.8604830421377184	0.8351620947630922
0.8604830421377184	0.8353704165627338
0.8602261048304214	0.8353293413173652
0.8602261048304214	0.8355378088345395
0.8599691675231244	0.8354967548676985
0.8599691675231244	0.8357053682896379
0.8599691675231244	0.8359140859140859
0.8597122302158273	0.8358730951786161
0.8597122302158273	0.8360819590204898
0.8594552929085303	0.8360409897525619
0.8591983556012333	0.836
0.8591983556012333	0.8362090522630657
0.8591983556012333	0.8364182091045522
0.8591983556012333	0.8366274706029522
0.8591983556012333	0.8368368368368369
0.8591983556012333	0.8370463078848561
0.8589414182939363	0.8370055082623936
0.8586844809866393	0.8369646882043577
0.8586844809866393	0.8371743486973948
0.8584275436793423	0.8371335504885994
0.8584275436793423	0.83734335839599
0.8584275436793423	0.8375532714966157
0.8584275436793423	0.8377632898696088
0.8581706063720452	0.8377225984449461
0.8579136690647482	0.8376818866031109
0.8579136690647482	0.837892095357591
0.8579136690647482	0.8381024096385542
0.8579136690647482	0.8383128295254832
0.8576567317574512	0.8382722250125565
0.8573997944501541	0.8382316001004773
0.8571428571428571	0.8381909547738694
0.8568859198355602	0.838150289017341
0.8568859198355602	0.838360985419809
0.8566289825282631	0.8383203419663062
0.8566289825282631	0.8385311871227364
0.8563720452209661	0.8384905660377359
0.8561151079136691	0.8384499245093106
0.855858170606372	0.8384092625220236
0.855601233299075	0.8383685800604229
0.855601233299075	0.8385797028456308
0.855344295991778	0.8385390428211587
0.855344295991778	0.8387503149407911
0.855344295991778	0.8389616935483871
0.8550873586844809	0.8389210990673053
0.8550873586844809	0.8391326273323247
0.8550873586844809	0.839344262295082
0.8550873586844809	0.8395560040363269
0.8550873586844809	0.8397678526368912
0.854830421377184	0.8397274103987885
0.854573484069887	0.8396869477404696
0.85431654676259	0.8396464646464646
0.85431654676259	0.839858550138924
0.8540596094552929	0.8398180899444164
0.8540596094552929	0.8400303260045489
0.8538026721479959	0.839989888776542
0.8535457348406988	0.8399494310998735
0.8535457348406988	0.840161861406171
0.8535457348406988	0.8403743991904883
0.8532887975334018	0.840334008097166
0.8530318602261048	0.8402935965578334
0.8530318602261048	0.8405063291139241
0.8527749229188079	0.8404659407444923
0.8525179856115108	0.8404255319148937
0.8522610483042138	0.8403851026095769
0.8522610483042138	0.8405980739989863
0.8520041109969168	0.8405576679340938
0.8517471736896197	0.8405172413793104
0.8517471736896197	0.8407304083185392
0.8517471736896197	0.8409436834094368
0.8517471736896197	0.8411570667343314
0.8517471736896197	0.8413705583756346
0.8514902363823227	0.8413302868748413
0.8514902363823227	0.8415439309294058
0.8514902363823227	0.8417576835153671
0.8514902363823227	0.8419715447154471
0.8512332990750257	0.8419313850063532
0.8512332990750257	0.8421453990849008
0.8512332990750257	0.8423595219933893
0.8512332990750257	0.8425737538148524
0.8512332990750257	0.842788094632409
0.8512332990750257	0.843002544529262
0.8512332990750257	0.8432171035886994
0.8512332990750257	0.8434317718940937
0.8512332990750257	0.8436465495289025
0.8512332990750257	0.8438614365766683
0.8509763617677287	0.8438216560509554
0.8507194244604317	0.8437818552497451
0.8507194244604317	0.8439969411164925
0.8507194244604317	0.8442121366649669
0.8504624871531347	0.8441724049987248
0.8504624871531347	0.8443877551020408
0.8502055498458376	0.8443480479714213
0.8499486125385406	0.8443083205717202
0.8499486125385406	0.8445238703089099
0.8496916752312436	0.8444841675178754
0.8496916752312436	0.8446998722860792
0.8496916752312436	0.8449156872764435
0.8494347379239465	0.8448760541783797
0.8491778006166495	0.8448364008179959
0.8489208633093526	0.8447967271797494
0.8489208633093526	0.8450127877237852
0.8486639260020555	0.8449731389102072
0.8484069886947585	0.8449334698055271
0.8481500513874615	0.8448937803941643
0.8478931140801644	0.8448540706605223
0.8476361767728674	0.8448143405889885
0.8476361767728674	0.845030737704918
0.8476361767728674	0.8452472457084295
0.8473792394655704	0.8452075858534085
0.8471223021582733	0.845167905665214
0.8471223021582733	0.8453846153846154
0.8468653648509764	0.845344960246217
0.8468653648509764	0.8455618265777322
0.8466084275436794	0.8455221965614576
0.8463514902363823	0.8454825462012321
0.8463514902363823	0.8456996148908857
0.8460945529290853	0.8456599897277863
0.8458376156217883	0.845620344207552
0.8458376156217883	0.8458376156217883
0.8458376156217883	0.8460549987149832
0.8455806783144912	0.8460154241645245
0.8453237410071942	0.8459758292620211
0.8453237410071942	0.8461934156378601
0.8453237410071942	0.8464111139696424
0.8450668036998972	0.8463715903242409
0.8450668036998972	0.8465894465894466
0.8450668036998972	0.8468074150360453
0.8448098663926003	0.8467679629152717
0.8448098663926003	0.8469860896445132
0.8448098663926003	0.847204328781242
0.8445529290853032	0.8471649484536082
0.8442959917780062	0.8471255478216035
0.8440390544707091	0.8470861268695203
0.8440390544707091	0.8473046169718855
0.8437821171634121	0.847265221878225
0.8437821171634121	0.8474838709677419
0.8437821171634121	0.8477026329375322
0.8435251798561151	0.8476633100955332
0.8435251798561151	0.8478822314049587
0.843268242548818	0.8478429346422113
0.843268242548818	0.8480620155038759
0.843268242548818	0.8482812096148876
0.843268242548818	0.8485005170630817
0.843011305241521	0.8484613395396948
0.8427543679342241	0.8484221417485773
0.8424974306269271	0.8483829236739974
0.84224049331963	0.848343685300207
0.84224049331963	0.848563292777634
0.841983556012333	0.8485240807871569
0.841726618705036	0.8484848484848485
0.841726618705036	0.8487046632124352
0.841726618705036	0.848924591863177
0.841726618705036	0.8491446345256609
0.841726618705036	0.8493647912885662
0.841726618705036	0.8495850622406639
0.841726618705036	0.8498054474708171
0.841726618705036	0.8500259470679813
0.841726618705036	0.8502465611212042
0.841726618705036	0.8504672897196262
0.8414696813977389	0.8504284601402233
0.8412127440904419	0.8503896103896104
0.840955806783145	0.8503507404520655
0.840955806783145	0.8505717255717256
0.8406988694758479	0.8505328827657915
0.8406988694758479	0.8507540301612064
0.8406988694758479	0.8509752925877764
0.8404419321685509	0.850936524453694
0.8404419321685509	0.8511579495186052
0.8404419321685509	0.851379489849037
0.8404419321685509	0.8516011455350169
0.8404419321685509	0.8518229166666667
0.8401849948612539	0.8517843188330294
0.8401849948612539	0.8520062532569046
0.8399280575539568	0.8519676830857441
0.8396711202466598	0.8519290928050052
0.8396711202466598	0.8521512385919165
0.8396711202466598	0.8523735002608243
0.8394141829393628	0.8523349856509261
0.8394141829393628	0.8525574112734864
0.8391572456320657	0.8525189245627773
0.8389003083247688	0.8524804177545692
0.8389003083247688	0.8527030556281013
0.8386433710174718	0.8526645768025078
0.8383864337101747	0.8526260778677816
0.8381294964028777	0.8525875588081547
0.8378725590955807	0.8525490196078431
0.8376156217882836	0.852510460251046
0.8376156217882836	0.8527334554015171
0.8373586844809866	0.8526949241234956
0.8371017471736896	0.8526563726773096
0.8371017471736896	0.8528795811518325
0.8371017471736896	0.8531029065200314
0.8371017471736896	0.8533263488737559
0.8368448098663926	0.8532879224521875
0.8365878725590956	0.8532494758909853
0.8363309352517986	0.8532110091743119
0.8363309352517986	0.8534347142108023
0.8363309352517986	0.8536585365853658
0.8363309352517986	0.8538824763903463
0.8363309352517986	0.8541065337181842
0.8360739979445015	0.8540682414698163
0.8358170606372045	0.8540299291152533
0.8355601233299075	0.8539915966386554
0.8355601233299075	0.8542159180457053
0.8355601233299075	0.8544403573305307
0.8353031860226104	0.8544021024967149
0.8350462487153134	0.8543638275499474
0.8350462487153134	0.8545884827767551
0.8350462487153134	0.8548132561809574
0.8347893114080165	0.8547750591949487
0.8345323741007195	0.8547368421052631
0.8342754367934224	0.8546986048960252
0.8342754367934224	0.8549236440231701
0.8342754367934224	0.8551488016855412
0.8340184994861254	0.8551106427818757
0.8340184994861254	0.8553359683794466
0.8340184994861254	0.8555614127569847
0.8340184994861254	0.8557869760084366
0.8337615621788284	0.8557489451476793
0.8337615621788284	0.8559746768662622
0.8335046248715313	0.8559366754617415
0.8332476875642343	0.8558986539984165
0.8332476875642343	0.8561246040126715
0.8332476875642343	0.8563506733562186
0.8329907502569374	0.8563127311146329
0.8329907502569374	0.8565389696169089
0.8329907502569374	0.8567653276955602
0.8327338129496403	0.8567274649748876
0.8324768756423433	0.8566895822316235
0.8324768756423433	0.8569161597460989
0.8322199383350463	0.8568783068783069
0.8322199383350463	0.8571050542471553
0.8322199383350463	0.8573319216516675
0.8319630010277492	0.8572941487953403
0.8319630010277492	0.857521186440678
0.8317060637204522	0.8574834437086093
0.8317060637204522	0.8577106518282989
0.8317060637204522	0.85793798038696
0.8317060637204522	0.8581654294803818
0.8314491264131552	0.8581278175550252
0.8311921891058581	0.8580901856763926
0.8309352517985612	0.8580525338286018
0.8306783144912642	0.8580148619957537
0.8306783144912642	0.8582426333952747
0.8304213771839671	0.8582049920339884
0.8304213771839671	0.8584329349269588
0.8301644398766701	0.8583953241232731
0.8301644398766701	0.8586234387456816
0.8301644398766701	0.8588516746411483
0.8299075025693731	0.8588141451741558
0.8299075025693731	0.8590425531914894
0.8299075025693731	0.8592710827347699
0.829650565262076	0.8592336349121873
0.829650565262076	0.8594623369709875
0.829393627954779	0.8594249201277955
0.829393627954779	0.8596537949400799
0.829393627954779	0.8598827916888652
0.829136690647482	0.8598454569677592
0.828879753340185	0.8598081023454158
0.828879753340185	0.8600373233804319
0.828879753340185	0.8602666666666666
0.828879753340185	0.8604961323019472
0.828622816032888	0.8604589114194237
0.828365878725591	0.8604216706698692
0.8281089414182939	0.8603844100373732
0.8278520041109969	0.860347129506008
0.8275950668036999	0.8603098290598291
0.8275950668036999	0.860539674058242
0.8273381294964028	0.860502405130946
0.8270811921891058	0.8604651162790697
0.8270811921891058	0.8606951871657754
0.8270811921891058	0.8609253811179459
0.8270811921891058	0.8611556982343499
0.8268242548818089	0.8611185442868611
0.8265673175745119	0.8610813704496788
0.8265673175745119	0.8613119143239625
0.8265673175745119	0.8615425816818425
0.8265673175745119	0.8617733726225556
0.8263103802672148	0.8617363344051447
0.8260534429599178	0.8616992763334227
0.8260534429599178	0.8619302949061662
0.8257965056526207	0.861893268972915
0.8257965056526207	0.8621244635193133
0.8257965056526207	0.8623557821303998
0.8255395683453237	0.8623188405797102
0.8255395683453237	0.8625503355704698
0.8252826310380267	0.8625134264232008
0.8250256937307296	0.8624764974482944
0.8247687564234327	0.8624395486297689
0.8247687564234327	0.8626713249126579
0.8247687564234327	0.8629032258064516
0.8245118191161357	0.8628663619252487
0.8242548818088387	0.8628294782140936
0.8239979445015416	0.8627925746569814
0.8239979445015416	0.8630247578040904
0.8239979445015416	0.863257065948856
0.8237410071942446	0.8632202477113624
0.8234840698869476	0.8631834096417991
0.8232271325796505	0.8631465517241379
0.8232271325796505	0.8633791430881164
0.8229701952723536	0.8633423180592992
0.8227132579650566	0.863305473173362
0.8227132579650566	0.8635382955771306
0.8224563206577595	0.8635014836795252
0.8224563206577595	0.8637344846195358
0.8224563206577595	0.8639676113360324
0.8221993833504625	0.8639308855291576
0.8221993833504625	0.8641641911963273
0.8219424460431655	0.8641274986493788
0.8219424460431655	0.8643609835179681
0.8216855087358684	0.8643243243243244
0.8216855087358684	0.8645579886455799
0.8216855087358684	0.8647917793401839
0.8216855087358684	0.8650256965106843
0.8214285714285714	0.8649891774891775
0.8211716341212744	0.8649526387009472
0.8211716341212744	0.865186789388197
0.8211716341212744	0.8654210668832927
0.8211716341212744	0.8656554712892741
0.8209146968139774	0.8656190734218369
0.8209146968139774	0.8658536585365854
0.8209146968139774	0.8660883708322038
0.8209146968139774	0.8663232104121475
0.8206577595066804	0.8662869541632764
0.8204008221993834	0.8662506782419968
0.8204008221993834	0.8664857530529172
0.8201438848920863	0.8664495114006515
0.8198869475847893	0.8664132500678794
0.8198869475847893	0.8666485605649104
0.8196300102774923	0.8666123336049987
0.8196300102774923	0.8668478260869565
0.8193730729701952	0.8668116335960859
0.8191161356628982	0.8667754214246873
0.8188591983556013	0.8667391895567038
0.8186022610483042	0.8667029379760609
0.8186022610483042	0.866938775510204
0.8186022610483042	0.8671747414262384
0.8186022610483042	0.8674108358290226
0.8183453237410072	0.8673747276688453
0.8180883864337102	0.8673385998365568
0.8180883864337102	0.867574931880109
0.8178314491264131	0.8675388389206868
0.8178314491264131	0.8677753544165758
0.8175745118191161	0.8677392964275975
0.8173175745118191	0.8677032187670486
0.8173175745118191	0.8679399727148704
0.817060637204522	0.8679039301310044
0.817060637204522	0.8681408681408681
0.817060637204522	0.8683779355543418
0.8168036998972251	0.8683419830647364
0.8168036998972251	0.8685792349726776
0.8168036998972251	0.8688166165619021
0.8168036998972251	0.8690541279387644
0.8168036998972251	0.8692917692097347
0.8165467625899281	0.8692560175054704
0.8165467625899281	0.8694938440492476
0.816289825282631	0.8694581280788177
0.816032887975334	0.8694223925540652
0.816032887975334	0.8696604600219058
0.816032887975334	0.8698986579019446
0.816032887975334	0.8701369863013698
0.816032887975334	0.870375445327487
0.816032887975334	0.8706140350877193
0.815775950668037	0.8705785577186729
0.815775950668037	0.8708173340647285
0.81551901336074	0.8707818930041152
0.8152620760534429	0.8707464324917673
0.8152620760534429	0.8709854515509196
0.8150051387461459	0.870950027457441
0.814748201438849	0.8709145839055205
0.8144912641315519	0.8708791208791209
0.8144912641315519	0.8711184391316296
0.8142343268242549	0.8710830126443101
0.8139773895169579	0.8710475666758317
0.8137204522096608	0.871012101210121
0.8134635149023638	0.8709766162310867
0.8132065775950668	0.8709411117226197
0.8129496402877698	0.8709055876685935
0.8129496402877698	0.8711453744493393
0.8129496402877698	0.8713852933076287
0.8129496402877698	0.8716253443526171
0.8126927029804728	0.8715899696886195
0.8124357656731758	0.8715545755237045
0.8121788283658787	0.8715191618417425
0.8121788283658787	0.8717595146166575
0.8121788283658787	0.872
0.8119218910585817	0.8719646799116998
0.8119218910585817	0.8722053546784433
0.8119218910585817	0.8724461623412479
0.8116649537512847	0.8724109362054681
0.8116649537512847	0.8726519337016575
0.8116649537512847	0.8728930643824261
0.8114080164439876	0.8728579325594251
0.8111510791366906	0.8728227813104783
0.8111510791366906	0.8730641592920354
0.8111510791366906	0.8733056708160443
0.8111510791366906	0.8735473159933591
0.8108941418293937	0.8735123166343759
0.8106372045220966	0.8734772978959026
0.8103802672147996	0.8734422597618389
0.8101233299075026	0.8734072022160665
0.8098663926002055	0.8733721252424494
0.8096094552929085	0.8733370288248337
0.8093525179856115	0.8733019129470474
0.8093525179856115	0.8735440931780366
0.8090955806783144	0.8735090152565881
0.8088386433710175	0.8734739178690344
0.8088386433710175	0.8737163474882043
0.8085817060637205	0.8736812881732371
0.8085817060637205	0.873923910024993
0.8083247687564235	0.8738888888888889
0.8083247687564235	0.8741317032509031
0.8080678314491264	0.8740967204002223
0.8080678314491264	0.8743397275507367
0.8080678314491264	0.8745828698553949
0.8080678314491264	0.874826147426982
0.8080678314491264	0.8750695603784084
0.8080678314491264	0.8753131088227109
0.8078108941418294	0.8752783964365256
0.8075539568345323	0.8752436647173489
0.8075539568345323	0.8754874651810585
0.8075539568345323	0.8757314015045974
0.8075539568345323	0.8759754738015607
0.8072970195272353	0.8759408976860886
0.8072970195272353	0.8761851645287229
0.8072970195272353	0.8764295676429568
0.8070400822199383	0.8763950892857143
0.8067831449126414	0.8763605916829472
0.8067831449126414	0.8766052484645449
0.8067831449126414	0.8768500418877408
0.8067831449126414	0.8770949720670391
0.8065262076053443	0.8770606314613021
0.8062692702980473	0.8770262716601454
0.8060123329907503	0.8769918926474699
0.8060123329907503	0.8772371364653244
0.8060123329907503	0.8774825174825175
0.8057553956834532	0.8774482372691662
0.8054984583761562	0.8774139378673383
0.8052415210688592	0.8773796192609182
0.8049845837615622	0.8773452814337721
0.8049845837615622	0.8775910364145658
0.8049845837615622	0.877836929111796
0.8047276464542652	0.8778026905829597
0.8044707091469682	0.8777684328567423
0.8044707091469682	0.8780145821648906
0.8042137718396711	0.8779803646563815
0.8042137718396711	0.878226711560045
0.8039568345323741	0.8781925343811395
0.8036998972250771	0.8781583380123527
0.80344295991778	0.8781241224375176
0.80344295991778	0.878370786516854
0.803186022610483	0.8783366114076988
0.803186022610483	0.8785834738617201
0.803186022610483	0.8788304751194828
0.803186022610483	0.8790776152980877
0.803186022610483	0.8793248945147679
0.803186022610483	0.879572312886888
0.803186022610483	0.8798198705319449
0.8029290853031861	0.879786036036036
0.8029290853031861	0.8800337932976626
0.802672147995889	0.88
0.802415210688592	0.8799661876584953
0.802158273381295	0.8799323562570462
0.802158273381295	0.8801804341697209
0.802158273381295	0.8804286520022561
0.802158273381295	0.8806770098730606
0.8019013360739979	0.8806433408577878
0.8019013360739979	0.8808918995201807
0.8016443987667009	0.88085827216262
0.8013874614594039	0.8808246258119176
0.8013874614594039	0.8810734463276836
0.8013874614594039	0.8813224074597343
0.8013874614594039	0.8815715093273035
0.8011305241521068	0.8815380265761945
0.8008735868448099	0.8815045248868778
0.8006166495375129	0.8814710042432815
0.8003597122302158	0.8814374646293153
0.8001027749229188	0.8814039060288706
0.8001027749229188	0.8816534541336354
0.8001027749229188	0.8819031435853866
0.8001027749229188	0.8821529745042493
0.7998458376156218	0.8821195806177388
0.7998458376156218	0.8823696145124716
0.7995889003083247	0.8823362631131273
0.7993319630010277	0.8823028927963699
0.7993319630010277	0.8825531914893617
0.7990750256937307	0.8825198637911464
0.7990750256937307	0.8827703661652001
0.7990750256937307	0.8830210107893243
0.7988180883864338	0.8829877875603521
0.7988180883864338	0.8832386363636363
0.7988180883864338	0.883489627735152
0.7985611510791367	0.8834565093803297
0.7983042137718397	0.8834233721922092
0.7980472764645427	0.8833902161547212
0.7980472764645427	0.8836415362731153
0.7980472764645427	0.883892999430848
0.7977903391572456	0.8838599487617421
0.7975334018499486	0.8838268792710706
0.7972764645426516	0.8837937909427513
0.7970195272353545	0.8837606837606837
0.7967625899280576	0.8837275577087489
0.7965056526207606	0.8836944127708096
0.7965056526207606	0.8839463929284288
0.7965056526207606	0.8841985168282943
0.7962487153134635	0.8841654778887303
0.7959917780061665	0.8841324200913242
0.7957348406988695	0.8840993434199258
0.7957348406988695	0.884351798972016
0.7957348406988695	0.8846043987432162
0.7957348406988695	0.8848571428571429
0.7957348406988695	0.8851100314375536
0.7954779033915724	0.8850771869639794
0.7954779033915724	0.8853302830997998
0.7952209660842754	0.8852974828375286
0.7952209660842754	0.8855507868383404
0.7952209660842754	0.8858042358328563
0.7952209660842754	0.8860578299456054
0.7949640287769785	0.8860252004581901
0.7947070914696814	0.8859925522772845
0.7944501541623844	0.8859598853868195
0.7944501541623844	0.886213814846661
0.7944501541623844	0.8864678899082569
0.7941932168550874	0.886435331230284
0.7939362795477903	0.8864027538726333
0.7936793422404933	0.8863701578192252
0.7936793422404933	0.8866245694603904
0.7934224049331963	0.8865920183749642
0.7931654676258992	0.8865594485927628
0.7931654676258992	0.8868141338695777
0.7931654676258992	0.8870689655172413
0.7929085303186023	0.8870365047427422
0.7926515930113053	0.8870040253018976
0.7926515930113053	0.8872591314351452
0.7926515930113053	0.8875143843498274
0.7926515930113053	0.8877697841726618
0.7923946557040082	0.8877374784110535
0.7921377183967112	0.8877051540454938
0.7918807810894142	0.8876728110599078
0.7916238437821171	0.8876404494382022
0.7916238437821171	0.8878962536023055
0.7916238437821171	0.8881522052464688
0.7916238437821171	0.8884083044982699
0.7913669064748201	0.8883761176809922
0.7911099691675231	0.8883439122908252
0.7908530318602262	0.8883116883116883
0.7905960945529291	0.8882794457274826
0.7905960945529291	0.8885359514871499
0.7905960945529291	0.8887926054303871
0.7905960945529291	0.88904940768564
0.7903391572456321	0.8890173410404625
0.790082219938335	0.8889852558542931
0.789825282631038	0.8889531521110469
0.789825282631038	0.8892102979461961
0.789568345323741	0.8891782407407407
0.789311408016444	0.8891461649782924
0.789311408016444	0.8894035900405327
0.789311408016444	0.889661164205039
0.7890544707091469	0.8896292004634995
0.7890544707091469	0.88988698927847
0.7890544707091469	0.8901449275362319
0.7890544707091469	0.890403015366773
0.78879753340185	0.8903712296983759
0.788540596094553	0.8903394255874674
0.788540596094553	0.8905977945443994
0.7882836587872559	0.8905660377358491
0.7882836587872559	0.8908246225319396
0.7880267214799589	0.8907929131571304
0.7880267214799589	0.8910517141196979
0.7880267214799589	0.8913106655042139
0.7880267214799589	0.8915697674418605
0.7877697841726619	0.891538237859843
0.7875128468653648	0.8915066899360093
0.7872559095580678	0.8914751236543498
0.7869989722507709	0.8914435389988359
0.7869989722507709	0.891703056768559
0.7867420349434738	0.8916715200931858
0.7864850976361768	0.89163996504515
0.7864850976361768	0.8918997668997669
0.7862281603288798	0.8918682599825124
0.7862281603288798	0.892128279883382
0.7862281603288798	0.8923884514435696
0.7862281603288798	0.8926487747957993
0.7862281603288798	0.8929092500729501
0.7859712230215827	0.8928779918272037
0.7859712230215827	0.8931386861313869
0.7857142857142857	0.893107476635514
0.7857142857142857	0.8933683903009056
0.7857142857142857	0.8936294564582116
0.7857142857142857	0.8938906752411575
0.7857142857142857	0.8941520467836257
0.7854573484069887	0.8941210880374378
0.7852004110996916	0.8940901111761264
0.7849434737923947	0.894059116183787
0.7849434737923947	0.8943208430913349
0.7849434737923947	0.8945827232796486
0.7846865364850977	0.8945518453427065
0.7844295991778006	0.8945209493114562
0.7841726618705036	0.8944900351699883
0.7841726618705036	0.8947522720609792
0.7839157245632066	0.8947214076246335
0.7839157245632066	0.894983866236433
0.7839157245632066	0.8952464788732394
0.7836587872559095	0.8952157323158204
0.7834018499486125	0.8951849677040516
0.7831449126413155	0.8951541850220265
0.7828879753340185	0.895123384253819
0.7826310380267215	0.8950925653834851
0.7826310380267215	0.8953556731334509
0.7826310380267215	0.8956189356071743
0.7823741007194245	0.8955882352941177
0.7821171634121274	0.8955575169167402
0.7821171634121274	0.8958210712183637
0.7818602261048304	0.8957904032970267
0.7816032887975334	0.8957597173144877
0.7816032887975334	0.8960235640648012
0.7813463514902363	0.8959929286977019
0.7810894141829393	0.8959622752726201
0.7810894141829393	0.8962264150943396
0.7810894141829393	0.8964907107048068
0.7808324768756424	0.8964601769911504
0.7805755395683454	0.8964296252581883
0.7803186022610483	0.8963990554899646
0.7803186022610483	0.8966637142013582
0.7803186022610483	0.896928529238039
0.7803186022610483	0.8971935007385524
0.7800616649537513	0.8971631205673759
0.7798047276464543	0.897132722435708
0.7798047276464543	0.897397989355411
0.7795477903391572	0.8973676427092576
0.7792908530318602	0.8973372781065089
0.7792908530318602	0.8976028410772418
0.7792908530318602	0.8978685612788633
0.7790339157245632	0.8978383180337578
0.7790339157245632	0.8981042654028436
0.7787769784172662	0.898074074074074
0.7787769784172662	0.8983402489626556
0.7787769784172662	0.8986065816780314
0.7785200411099692	0.8985765124555161
0.7782631038026722	0.8985464253930584
0.7780061664953751	0.8985163204747775
0.7777492291880781	0.8984861976847729
0.7777492291880781	0.8987529691211401
0.7777492291880781	0.899019899019899
0.7777492291880781	0.8992869875222816
0.7777492291880781	0.899554234769688
0.7777492291880781	0.8998216409036861
0.7777492291880781	0.9000892060660125
0.7774922918807811	0.900059488399762
0.7774922918807811	0.9003272835465636
0.777235354573484	0.9002976190476191
0.777235354573484	0.9005656445370646
0.7769784172661871	0.9005360333531864
0.7767214799588901	0.9005064045278522
0.776464542651593	0.900476758045292
0.776464542651593	0.9007451564828614
0.776207605344296	0.9007155635062611
0.775950668036999	0.9006859528780197
0.775950668036999	0.9009546539379475
0.775950668036999	0.9012235153685467
0.7756937307297019	0.9011940298507463
0.7756937307297019	0.9014631233203941
0.7754367934224049	0.9014336917562724
0.7754367934224049	0.9017030176277263
0.7754367934224049	0.9019725044829647
0.7751798561151079	0.9019431988041854
0.7751798561151079	0.9022129186602871
0.774922918807811	0.9021836673646425
0.774922918807811	0.9024536205864752
0.7746659815005139	0.902424423825202
0.7746659815005139	0.9026946107784432
0.7744090441932169	0.9026654687032045
0.7744090441932169	0.9029358897543439
0.7741521068859198	0.9029068025172311
0.7741521068859198	0.9031774580335732
0.7738951695786228	0.9031484257871064
0.7736382322713258	0.903119376124775
0.7736382322713258	0.9033903390339034
0.7733812949640287	0.9033613445378151
0.7733812949640287	0.903632542779946
0.7731243576567317	0.9036036036036036
0.7728674203494348	0.9035746470411535
0.7728674203494348	0.9038461538461539
0.7726104830421378	0.9038172527802826
0.7723535457348407	0.9037883343355382
0.7723535457348407	0.9040601503759399
0.7723535457348407	0.9043321299638989
0.7720966084275437	0.9043033403551008
0.7720966084275437	0.9045755568934377
0.7718396711202467	0.9045468232460102
0.7715827338129496	0.9045180722891566
0.7713257965056526	0.904489304007231
0.7710688591983555	0.904460518384569
0.7710688591983555	0.9047331926439554
0.7708119218910586	0.9047044632086851
0.7708119218910586	0.9049773755656109
0.7705549845837616	0.9049487024743512
0.7702980472764646	0.9049200120736492
0.7702980472764646	0.9051932367149759
0.7702980472764646	0.9054666263968589
0.7700411099691675	0.9054380664652568
0.7697841726618705	0.9054094892716833
0.7697841726618705	0.905683192261185
0.7697841726618705	0.9059570607801632
0.7697841726618705	0.9062310949788264
0.7695272353545735	0.9062027231467473
0.7692702980472764	0.9061743341404358
0.7692702980472764	0.9064486830154405
0.7690133607399794	0.9064203513022411
0.7690133607399794	0.9066949409269918
0.7687564234326825	0.9066666666666666
0.7684994861253854	0.9066383752652319
0.7682425488180884	0.9066100667070952
0.7679856115107914	0.9065817409766455
0.7679856115107914	0.9068567961165048
0.7677286742034943	0.9068285280728376
0.7674717368961973	0.9068002428658166
0.7674717368961973	0.9070756149407835
0.7674717368961973	0.9073511543134872
0.7674717368961973	0.9076268611364326
0.7672147995889003	0.9075987841945289
0.7672147995889003	0.9078747339616905
0.7669578622816033	0.9078467153284672
0.7669578622816033	0.9081229084271372
0.7667009249743063	0.9080949482653682
0.7667009249743063	0.9083713850837138
0.7664439876670093	0.9083434835566383
0.7664439876670093	0.908620164483704
0.7661870503597122	0.9085923217550275
0.7659301130524152	0.9085644620542518
0.7659301130524152	0.9088414634146341
0.7656731757451182	0.9088136627020433
0.7656731757451182	0.9090909090909091
0.7656731757451182	0.909368324687214
0.7656731757451182	0.9096459096459096
0.7656731757451182	0.9099236641221374
0.7654162384378211	0.9098961514966402
0.7654162384378211	0.9101741521539871
0.7654162384378211	0.9104523227383863
0.7654162384378211	0.9107306634056863
0.7654162384378211	0.9110091743119266
0.7651593011305241	0.9109819516671765
0.7651593011305241	0.9112607099143207
0.7649023638232272	0.911233547597184
0.7649023638232272	0.9115125535823637
0.7646454265159301	0.9114854517611026
0.7643884892086331	0.9114583333333334
0.7641315519013361	0.9114311982837879
0.763874614594039	0.9114040465971797
0.763874614594039	0.9116835326586936
0.763617677286742	0.9116564417177914
0.763617677286742	0.9119361767413316
0.763360739979445	0.9119091467157765
0.763103802672148	0.9118821000921093
0.763103802672148	0.9121621621621622
0.762846865364851	0.9121351766513057
0.762589928057554	0.9121081745543946
0.762589928057554	0.9123885644020904
0.762589928057554	0.9126691266912669
0.762332990750257	0.9126422639187942
0.7620760534429599	0.9126153846153846
0.7618191161356629	0.912588488765774
0.7618191161356629	0.9128694581280788
0.7618191161356629	0.9131506005543578
0.7618191161356629	0.9134319162045594
0.7615621788283659	0.9134052388289676
0.7613052415210688	0.9133785450061652
0.7613052415210688	0.9136601911810053
0.7610483042137718	0.9136335595311537
0.7610483042137718	0.9139154581919161
0.7607913669064749	0.9138888888888889
0.7605344295991778	0.9138623031799938
0.7602774922918808	0.9138357010500309
0.7602774922918808	0.9141180105035527
0.7602774922918808	0.9144004944375772
0.7602774922918808	0.9146831530139103
0.7602774922918808	0.9149659863945578
0.7600205549845838	0.9149396845035571
0.7600205549845838	0.9152227722772277
0.7600205549845838	0.9155060352831941
0.7597636176772867	0.9154798761609907
0.7595066803699897	0.9154537008361722
0.7595066803699897	0.9157372986369269
0.7592497430626927	0.9157111868608615
0.7592497430626927	0.9159950402975822
0.7589928057553957	0.915968992248062
0.7589928057553957	0.9162531017369727
0.7587358684480987	0.9162271175923054
0.7587358684480987	0.9165114835505896
0.7587358684480987	0.9167960260788575
0.7584789311408017	0.9167701863354037
0.7584789311408017	0.9170549860205033
0.7584789311408017	0.9173399627097576
0.7582219938335046	0.9173142679515076
0.7579650565262076	0.9172885572139303
0.7577081192189106	0.9172628304821151
0.7574511819116135	0.9172370877411326
0.7574511819116135	0.9175225645813881
0.7574511819116135	0.9178082191780822
0.7571942446043165	0.9177826222360635
0.7569373072970196	0.9177570093457944
0.7566803699897225	0.9177313804923652
0.7566803699897225	0.9180174563591023
0.7564234326824255	0.917991892734643
0.7564234326824255	0.9182782283218964
0.7564234326824255	0.9185647425897036
0.7561664953751285	0.9185393258426966
0.7559095580678314	0.9185138932251015
0.7556526207605344	0.9184884447220487
0.7553956834532374	0.9184629803186504
0.7551387461459403	0.9184375
0.7548818088386434	0.9184120037511723
0.7546248715313464	0.9183864915572233
0.7546248715313464	0.9186737566468565
0.7546248715313464	0.9189612015018773
0.7546248715313464	0.9192488262910798
0.7543679342240494	0.9192235441452724
0.7543679342240494	0.9195114312558722
0.7541109969167523	0.9194862155388471
0.7541109969167523	0.9197743654026951
0.7538540596094553	0.9197492163009404
0.7535971223021583	0.9197240514267796
0.7533401849948612	0.9196988707653702
0.7533401849948612	0.9199874490116097
0.7533401849948612	0.9202762084118016
0.7533401849948612	0.9205651491365777
0.7530832476875642	0.9205402010050251
0.7530832476875642	0.9208294062205467
0.7530832476875642	0.9211187932118164
0.7528263103802673	0.9210939955988683
0.7525693730729702	0.9210691823899371
0.7523124357656732	0.9210443535703051
0.7523124357656732	0.921334172435494
0.7520554984583762	0.9213094113943973
0.7517985611510791	0.9212846347607053
0.7515416238437821	0.9212598425196851
0.7512846865364851	0.9212350346565847
0.751027749229188	0.9212102111566342
0.7507708119218911	0.9211853720050441
0.7507708119218911	0.9214758751182592
0.7507708119218911	0.9217665615141956
0.7507708119218911	0.9220574313663616
0.7507708119218911	0.9223484848484849
0.7507708119218911	0.9226397221345122
0.7507708119218911	0.9229311433986103
0.7505138746145941	0.9229067930489732
0.7505138746145941	0.9231984829329962
0.750256937307297	0.92317420170724
0.75	0.9231499051233396
0.749743062692703	0.9231255931667194
0.749743062692703	0.9234177215189874
0.749743062692703	0.9237100348211459
0.749743062692703	0.9240025332488917
0.749743062692703	0.9242952169781438
0.7494861253854059	0.9242712294043093
0.7494861253854059	0.9245641838351822
0.7492291880781089	0.9245402663284717
0.748972250770812	0.9245163336504916
0.7487153134635149	0.924492385786802
0.7487153134635149	0.9247857822913361
0.7484583761562179	0.9247619047619048
0.7484583761562179	0.9250555731978406
0.7484583761562179	0.9253494282083863
0.7482014388489209	0.9253257070225611
0.7479445015416238	0.9253019707565162
0.7476875642343268	0.9252782193958664
0.7474306269270298	0.9252544529262087
0.7471736896197327	0.9252306713331212
0.7471736896197327	0.9255251432208784
0.7471736896197327	0.9258198026106336
0.7469167523124358	0.925796178343949
0.7469167523124358	0.9260911118190507
0.7469167523124358	0.9263862332695985
0.7466598150051388	0.9263627669748167
0.7464028776978417	0.9263392857142857
0.7461459403905447	0.9263157894736842
0.7458890030832477	0.9262922782386727
0.7456320657759506	0.9262687519948931
0.7453751284686536	0.9262452107279694
0.7451181911613566	0.9262216544235069
0.7448612538540597	0.9261980830670926
0.7448612538540597	0.9264940875679131
0.7448612538540597	0.9267902813299232
0.7448612538540597	0.9270866645346978
0.7448612538540597	0.9273832373640435
0.7446043165467626	0.92736
0.7443473792394656	0.927336747759283
0.7440904419321686	0.9273134806276017
0.7438335046248715	0.927290198590647
0.7433196300102775	0.9278383579217447
0.7356115107913669	0.9368455497382199
0.724049331963001	0.9469086021505376
0.724049331963001	0.9472268907563025
0.724049331963001	0.9475453934095495
0.723792394655704	0.9475277497477296
0.723535457348407	0.9475100942126514
0.7232785200411099	0.9474924267923258
0.7230215827338129	0.9474747474747475
0.722764645426516	0.9474570562478949
0.722764645426516	0.9477762803234502
0.7225077081192189	0.9477586788001349
0.7222507708119219	0.9477410654079569
0.7222507708119219	0.9480607082630691
0.7219938335046249	0.9480431848852902
0.7217368961973278	0.948025649679379
0.7217368961973278	0.9483457123565159
0.7217368961973278	0.9486659912191827
0.7214799588900308	0.9486486486486486
0.7212230215827338	0.9486312943562014
0.7212230215827338	0.9489519945909398
0.7209660842754368	0.9489347311464322
0.7207091469681398	0.9489174560216509
0.7204522096608428	0.9489001692047377
0.7204522096608428	0.949221394719025
0.7204522096608428	0.9495428377920758
0.7201952723535457	0.9495257452574526
0.7201952723535457	0.949847509318875
0.7199383350462487	0.9498305084745763
0.7199383350462487	0.9501525940996948
0.7196813977389517	0.9501356852103121
0.7194244604316546	0.9501187648456056
0.7191675231243576	0.9501018329938901
0.7189105858170607	0.9500848896434635
0.7186536485097637	0.9500679347826086
0.7186536485097637	0.9503907577302073
0.7183967112024666	0.9503738953093134
0.7183967112024666	0.9506970418225094
0.7181397738951696	0.9506802721088435
0.7178828365878726	0.9506634909833277
0.7178828365878726	0.9509870660313138
0.7176258992805755	0.95097037793667
0.7173689619732785	0.9509536784741145
0.7171120246659815	0.9509369676320273
0.7168550873586845	0.950920245398773
0.7165981500513875	0.9509035117627003
0.7163412127440905	0.9508867667121419
0.7163412127440905	0.9512111907198908
0.7163412127440905	0.9515358361774744
0.7163412127440905	0.9518607033117105
0.7163412127440905	0.9521857923497268
0.7160842754367934	0.9521694567816877
0.7160842754367934	0.9524948735475052
0.7158273381294964	0.9524786324786325
0.7155704008221994	0.9524623803009576
0.7155704008221994	0.952788231269244
0.7155704008221994	0.9531143052703628
0.7155704008221994	0.953440602533379
0.7153134635149023	0.9534246575342465
0.7150565262076053	0.9534087016101405
0.7147995889003084	0.9533927347498287
0.7145426515930113	0.9533767569420638
0.7142857142857143	0.953360768175583
0.7140287769784173	0.9533447684391081
0.7137718396711202	0.9533287577213452
0.7135149023638232	0.9533127360109852
0.7132579650565262	0.9532967032967034
0.7130010277492291	0.953280659567159
0.7127440904419322	0.9532646048109966
0.7124871531346352	0.9532485390168443
0.7122302158273381	0.953232462173315
0.7119732785200411	0.9532163742690059
0.7117163412127441	0.9532002752924983
0.711459403905447	0.953184165232358
0.71120246659815	0.953168044077135
0.71120246659815	0.9534963830520151
0.7109455292908531	0.9534803583735355
0.710688591983556	0.953464322647363
0.710688591983556	0.9537931034482758
0.710688591983556	0.9541221110727838
0.710431654676259	0.9541062801932367
0.710431654676259	0.9544356230583362
0.710174717368962	0.9544198895027625
0.709917780061665	0.9544041450777202
0.7096608427543679	0.954388389771942
0.7094039054470709	0.9543726235741445
0.7094039054470709	0.9547026279391425
0.7091469681397738	0.9546869595295745
0.7088900308324769	0.9546712802768166
0.7086330935251799	0.9546555901696089
0.7083761562178829	0.9546398891966759
0.7083761562178829	0.9549705576723242
0.7081192189105858	0.954954954954955
0.7078622816032888	0.9549393414211439
0.7076053442959918	0.9549237170596394
0.7073484069886947	0.9549080818591744
0.7070914696813977	0.9548924358084664
0.7068345323741008	0.9548767788962166
0.7065775950668037	0.9548611111111112
0.7065775950668037	0.9551927752691907
0.7065775950668037	0.9555246699096595
0.7063206577595067	0.9555092109836636
0.7060637204522097	0.9554937413073713
0.7058067831449126	0.9554782608695652
0.7055498458376156	0.9554627696590118
0.7055498458376156	0.9557953358858337
0.7052929085303186	0.9557799442896936
0.7050359712230215	0.9557645419714386
0.7050359712230215	0.9560975609756097
0.7047790339157246	0.9560822586266992
0.7047790339157246	0.956415620641562
0.7045220966084276	0.9564004185559819
0.7045220966084276	0.9567341242149338
0.7042651593011305	0.9567190226876091
0.7040082219938335	0.9567039106145251
0.7037512846865365	0.9566887879846315
0.7034943473792394	0.9566736547868623
0.7032374100719424	0.9566585110101363
0.7029804727646455	0.9566433566433566
0.7027235354573484	0.956628191675411
0.7024665981500514	0.9566130160951715
0.7024665981500514	0.9569478473923696
0.7022096608427544	0.9569327731092437
0.7019527235354573	0.9569176882661996
0.7016957862281603	0.9569025928521373
0.7016957862281603	0.9572379950928847
0.7014388489208633	0.9572230014025246
0.7011819116135662	0.957207997193967
0.7009249743062693	0.9571929824561404
0.7009249743062693	0.9575289575289575
0.7006680369989723	0.9575140449438202
0.7004110996916753	0.9574991218826835
0.7001541623843782	0.9574841883345045
0.6998972250770812	0.957469244288225
0.6996402877697842	0.9574542897327707
0.6993833504624871	0.9574393246570524
0.6991264131551901	0.9574243490499648
0.6988694758478932	0.9574093629003871
0.6986125385405961	0.9573943661971831
0.6986125385405961	0.9577315956322648
0.6983556012332991	0.9577167019027484
0.6980986639260021	0.9577017976735989
0.697841726618705	0.9576868829337094
0.697584789311408	0.9576719576719577
0.697327852004111	0.9576570218772054
0.6970709146968139	0.9576420755382986
0.696813977389517	0.9576271186440678
0.69655704008222	0.9576121511833274
0.6963001027749229	0.9575971731448764
0.6960431654676259	0.9575821845174973
0.6960431654676259	0.9579207920792079
0.6960431654676259	0.9582596391934913
0.6957862281603289	0.9582448690728945
0.6955292908530318	0.9582300884955752
0.6952723535457348	0.9582152974504249
0.6950154162384378	0.9582004959263195
0.6947584789311408	0.9581856839121191
0.6945015416238438	0.9581708613966679
0.6942446043165468	0.9581560283687943
0.6939876670092497	0.9581411848173111
0.6937307297019527	0.9581263307310149
0.6934737923946557	0.9581114660986866
0.6932168550873586	0.9580965909090909
0.6929599177800617	0.9580817051509769
0.6927029804727647	0.9580668088130775
0.6924460431654677	0.9580519018841095
0.6924460431654677	0.9583926031294452
0.6921891058581706	0.9583778014941302
0.6919321685508736	0.9583629893238435
0.6916752312435765	0.9583481666073336
0.6914182939362795	0.9583333333333334
0.6914182939362795	0.9586747417171357
0.6911613566289825	0.9586600142551674
0.6909044193216856	0.9586452762923351
0.6906474820143885	0.9586305278174037
0.6903905447070915	0.9586157688191224
0.6901336073997945	0.9586009992862241
0.6898766700924974	0.9585862192074259
0.6896197327852004	0.9585714285714285
0.6893627954779034	0.9585566273669167
0.6891058581706063	0.958541815582559
0.6888489208633094	0.9585269932070075
0.6885919835560124	0.9585121602288984
0.6885919835560124	0.9588550983899821
0.6883350462487153	0.958840372226199
0.6880781089414183	0.9588256355173649
0.6878211716341213	0.958810888252149
0.6875642343268242	0.9587961304192046
0.6873072970195272	0.9587813620071685
0.6870503597122302	0.9587665830046612
0.6867934224049332	0.9587517934002869
0.6867934224049332	0.9590958019375673
0.6867934224049332	0.9594400574300072
0.6865364850976362	0.9594254937163376
0.6862795477903392	0.9594109195402298
0.6860226104830421	0.959396334890406
0.6857656731757451	0.9593817397555715
0.6855087358684481	0.9593671341244157
0.685251798561151	0.9593525179856115
0.685251798561151	0.9596977329974811
0.685251798561151	0.9600431965442765
0.6849948612538541	0.9600288080662586
0.6847379239465571	0.9600144092219021
0.68448098663926	0.96
0.684224049331963	0.9599855803893295
0.684224049331963	0.9603317706455102
0.683967112024666	0.9603174603174603
0.683967112024666	0.9606640202093107
0.683710174717369	0.9606498194945848
0.6834532374100719	0.9606356085229325
0.6831963001027749	0.960621387283237
0.682939362795478	0.9606071557643657
0.6826824254881809	0.9605929139551699
0.6824254881808839	0.9605786618444846
0.6821685508735869	0.9605643994211288
0.6819116135662898	0.9605501266739052
0.6816546762589928	0.9605358435916003
0.6816546762589928	0.9608837377761681
0.6813977389516958	0.9608695652173913
0.6811408016443987	0.9608553823849221
0.6808838643371018	0.9608411892675852
0.6806269270298048	0.9608269858541894
0.6803699897225077	0.9608127721335269
0.6801130524152107	0.9607985480943738
0.6798561151079137	0.9607843137254902
0.6795991778006166	0.9607700690156193
0.6793422404933196	0.9607558139534884
0.6790853031860226	0.960741548527808
0.6788283658787256	0.9607272727272728
0.6785714285714286	0.9607129865405603
0.6783144912641316	0.9606986899563319
0.6780575539568345	0.9606843829632327
0.6778006166495375	0.9606700655498908
0.6778006166495375	0.9610200364298725
0.6778006166495375	0.9613702623906706
0.6778006166495375	0.961720743711265
0.6775436793422405	0.9617067833698031
0.6772867420349434	0.9616928128420285
0.6770298047276464	0.9616788321167883
0.6767728674203495	0.9616648411829135
0.6765159301130524	0.9616508400292184
0.6765159301130524	0.9620021921812203
0.6765159301130524	0.9623538011695907
0.6762589928057554	0.9623400365630713
0.6760020554984584	0.9623262618873446
0.6757451181911613	0.9623124771313575
0.6757451181911613	0.9626647144948756
0.6757451181911613	0.9630172098132552
0.6754881808838643	0.963003663003663
0.6752312435765673	0.9629901062660315
0.6752312435765673	0.9633431085043989
0.6749743062692704	0.9633296662999633
0.6749743062692704	0.9636830520909758
0.6747173689619733	0.9636697247706422
0.6747173689619733	0.9640234948604993
0.6744604316546763	0.9640102827763496
0.6742034943473793	0.9639970609845702
0.6739465570400822	0.9639838294744579
0.6736896197327852	0.9639705882352941
0.6736896197327852	0.9643251195292387
0.6734326824254881	0.9643119941133186
0.6731757451181911	0.9642988590357011
0.6729188078108942	0.9642857142857143
0.6726618705035972	0.9642725598526704
0.6724049331963001	0.9642593957258658
0.6721479958890031	0.9642462218945816
0.6718910585817061	0.9642330383480826
0.671634121274409	0.9642198450756179
0.671634121274409	0.9645756457564576
0.671377183967112	0.964562569213732
0.671377183967112	0.9649187592319055
0.671377183967112	0.9652752124122645
0.671120246659815	0.9652623798965262
0.671120246659815	0.9656192236598891
0.671120246659815	0.9659763313609467
0.670863309352518	0.9659637439881613
0.670606372045221	0.9659511472982976
0.670349434737924	0.965938541281007
0.6700924974306269	0.965925925925926
0.6698355601233299	0.965913301222675
0.6695786228160329	0.9659006671608599
0.6695786228160329	0.9662588060808306
0.6693216855087358	0.966246290801187
0.6693216855087358	0.9666048237476809
0.6690647482014388	0.9665924276169265
0.6688078108941419	0.9665800222799852
0.6685508735868448	0.9665676077265973
0.6685508735868448	0.9669267930137495
0.6682939362795478	0.966914498141264
0.6680369989722508	0.9669021941242097
0.6677800616649537	0.9668898809523809
0.6675231243576567	0.9668775586155564
0.6672661870503597	0.9668652271034996
0.6670092497430626	0.966852886405959
0.6667523124357657	0.9668405365126677
0.6664953751284687	0.9668281774133433
0.6662384378211716	0.9668158090976883
0.6659815005138746	0.9668034315553897
0.6659815005138746	0.9671641791044776
0.6657245632065776	0.9671519223590892
0.6654676258992805	0.9671396564600448
0.6652106885919835	0.9671273813970863
0.6649537512846866	0.9671150971599403
0.6646968139773896	0.9671028037383178
0.6644398766700925	0.9670905011219147
0.6641829393627955	0.9670781893004116
0.6639260020554985	0.9670658682634731
0.6636690647482014	0.9670535380007488
0.6634121274409044	0.9670411985018726
0.6631551901336074	0.9670288497564631
0.6628982528263104	0.967016491754123
0.6626413155190134	0.9670041244844394
0.6623843782117164	0.9669917479369843
0.6621274409044193	0.9669793621013133
0.6618705035971223	0.9669669669669669
0.6616135662898253	0.9669545625234698
0.6613566289825282	0.9669421487603306
0.6610996916752312	0.9669297256670425
0.6610996916752312	0.9672932330827068
0.6608427543679343	0.9672809326814592
0.6605858170606372	0.9672686230248307
0.6603288797533402	0.9672563041023711
0.6600719424460432	0.9672439759036144
0.6598150051387461	0.9672316384180791
0.6595580678314491	0.9672192916352675
0.6593011305241521	0.9672069355446664
0.659044193216855	0.9671945701357466
0.659044193216855	0.967559411542814
0.6587872559095581	0.9675471698113207
0.6585303186022611	0.9675349188372971
0.658273381294964	0.9675226586102719
0.658016443987667	0.9675103891197582
0.65775950668037	0.9674981103552532
0.6575025693730729	0.9674858223062381
0.6572456320657759	0.9674735249621785
0.6572456320657759	0.9678395762391222
0.6572456320657759	0.9682059046177138
0.656988694758479	0.9681938659598637
0.656731757451182	0.9681818181818181
0.6564748201438849	0.9681697612732095
0.6564748201438849	0.9685367702805155
0.6562178828365879	0.968524838832006
0.6559609455292909	0.9685128983308042
0.6557040082219938	0.9685009487666034
0.6554470709146968	0.9684889901290813
0.6551901336073997	0.9684770224078997
0.6551901336073997	0.9688449848024316
0.6549331963001028	0.9688331432915241
0.6549331963001028	0.9692015209125475
0.6546762589928058	0.9691898060098897
0.6544193216855088	0.9691780821917808
0.6541623843782117	0.9691663494480396
0.6539054470709147	0.9691546077684692
0.6536485097636177	0.9691428571428572
0.6533915724563206	0.9691310975609756
0.6531346351490236	0.969119329012581
0.6528776978417267	0.9691075514874142
0.6526207605344296	0.9690957649752003
0.6526207605344296	0.9694656488549618
0.6523638232271326	0.9694539900725467
0.6521068859198356	0.9694423223834988
0.6518499486125385	0.969430645777608
0.6515930113052415	0.9694189602446484
0.6515930113052415	0.9697896749521988
0.6513360739979445	0.9697781178270849
0.6513360739979445	0.9701492537313433
0.6510791366906474	0.9701378254211332
0.6508221993833505	0.9701263883569513
0.6505652620760535	0.9701149425287356
0.6503083247687564	0.9701034879264085
0.6500513874614594	0.9700920245398773
0.6497944501541624	0.9700805523590333
0.6497944501541624	0.9704528012279355
0.6495375128468653	0.9704414587332054
0.6492805755395683	0.9704301075268817
0.6490236382322713	0.9704187475989243
0.6490236382322713	0.9707916986933128
0.6487667009249743	0.9707804690503652
0.6487667009249743	0.9711538461538461
0.6485097636176773	0.9711427472104656
0.6482528263103803	0.9711316397228638
0.6482528263103803	0.9715055833654216
0.6479958890030832	0.9714946070878274
0.6479958890030832	0.971868978805395
0.6479958890030832	0.9722436391673092
0.6477389516957862	0.9722329348245276
0.6474820143884892	0.9722222222222222
0.6472250770811921	0.9722115013508298
0.6469681397738952	0.9722007722007722
0.6467112024665982	0.9721900347624566
0.6464542651593012	0.9721792890262752
0.6464542651593012	0.9725550831078469
0.6464542651593012	0.9729311678267595
0.6461973278520041	0.9729206963249516
0.6459403905447071	0.9729102167182663
0.64568345323741	0.9728997289972899
0.64568345323741	0.9732765298218435
0.64568345323741	0.9736536226268888
0.645426515930113	0.9736434108527132
0.645169578622816	0.9736331911593641
0.6449126413155191	0.9736229635376261
0.644655704008222	0.9736127279782693
0.644398766700925	0.9736024844720497
0.644141829393628	0.9735922330097088
0.644141829393628	0.973970473970474
0.6438848920863309	0.9739603575592694
0.6436279547790339	0.973950233281493
0.6436279547790339	0.9743290548424738
0.6433710174717369	0.9743190661478599
0.6431140801644398	0.9743090696769171
0.6428571428571429	0.9742990654205608
0.6428571428571429	0.9746786131671211
0.6426002055498459	0.9746687451286048
0.6423432682425488	0.9746588693957114
0.6420863309352518	0.9746489859594384
0.6418293936279548	0.9746390948107686
0.6415724563206577	0.9746291959406713
0.6413155190133607	0.9746192893401016
0.6413155190133607	0.975
0.6410585817060637	0.9749902305588121
0.6408016443987667	0.9749804534792806
0.6405447070914697	0.9749706687524443
0.6402877697841727	0.974960876369327
0.6402877697841727	0.9753424657534246
0.6400308324768756	0.9753328112764291
0.6397738951695786	0.9753231492361927
0.6395169578622816	0.9753134796238244
0.6392600205549845	0.9753038024304195
0.6390030832476875	0.9752941176470589
0.6387461459403906	0.9752844252648097
0.6384892086330936	0.9752747252747253
0.6382322713257965	0.9752650176678446
0.6379753340184995	0.9752553024351924
0.6377183967112025	0.9752455795677799
0.6377183967112025	0.97562893081761
0.6374614594039054	0.9756193472276838
0.6372045220966084	0.975609756097561
0.6369475847893115	0.9756001574183393
0.6366906474820144	0.9755905511811024
0.6364337101747174	0.9755809373769201
0.6361767728674204	0.9755713159968479
0.6359198355601233	0.9755616870319275
0.6356628982528263	0.9755520504731862
0.6354059609455293	0.9755424063116371
0.6351490236382322	0.9755327545382794
0.6348920863309353	0.975523095144098
0.6346351490236383	0.9755134281200631
0.6346351490236383	0.975898854207823
0.6343782117163412	0.9758893280632411
0.6341212744090442	0.9758797943851325
0.6341212744090442	0.9762658227848101
0.6338643371017472	0.9762564305500594
0.6336073997944501	0.9762470308788599
0.6333504624871531	0.9762376237623762
0.6330935251798561	0.9762282091917591
0.6328365878725591	0.976218787158145
0.6325796505652621	0.9762093576526566
0.6323227132579651	0.9761999206664023
0.632065775950668	0.9761904761904762
0.631808838643371	0.9761810242159588
0.631551901336074	0.9761715647339158
0.6312949640287769	0.9761620977353993
0.6310380267214799	0.9761526232114467
0.630781089414183	0.9761431411530815
0.630524152106886	0.9761336515513126
0.6302672147995889	0.9761241543971348
0.6300102774922919	0.9761146496815286
0.6297533401849948	0.97610513739546
0.6294964028776978	0.9760956175298805
0.6292394655704008	0.9760860900757273
0.6289825282631039	0.9760765550239234
0.6287255909558068	0.976067012365377
0.6284686536485098	0.9760574620909817
0.6282117163412128	0.9760479041916168
0.6279547790339157	0.9760383386581469
0.6276978417266187	0.9760287654814223
0.6276978417266187	0.9764188649080735
0.6274409044193217	0.9764094362255098
0.6271839671120246	0.9764
0.6271839671120246	0.9767907162865146
0.6269270298047277	0.9767814251401121
0.6266700924974307	0.9767721265518622
0.6266700924974307	0.9771634615384616
0.6264131551901336	0.9771543086172345
0.6264131551901336	0.9775461106655974
0.6261562178828366	0.9775371038908945
0.6261562178828366	0.9779293739967897
0.6258992805755396	0.9779205138498595
0.6256423432682425	0.9779116465863453
0.6253854059609455	0.9779027721976697
0.6251284686536485	0.9778938906752411
0.6248715313463515	0.9778850020104544
0.6246145940390545	0.9778761061946902
0.6243576567317575	0.9778672032193159
0.6241007194244604	0.9778582930756844
0.6238437821171634	0.9778493757551349
0.6235868448098664	0.9778404512489928
0.6233299075025693	0.9778315195485692
0.6230729701952723	0.9778225806451613
0.6228160328879754	0.9778136345300524
0.6225590955806783	0.9778046811945117
0.6223021582733813	0.9777957206297941
0.6220452209660843	0.9777867528271406
0.6220452209660843	0.9781818181818182
0.6217882836587872	0.9781729991915926
0.6217882836587872	0.978568540234533
0.6215313463514902	0.9785598705501618
0.6212744090441932	0.9785511938486443
0.6210174717368961	0.9785425101214575
0.6207605344295992	0.9785338193600648
0.6205035971223022	0.9785251215559158
0.6202466598150052	0.9785164167004459
0.6202466598150052	0.9789132197891321
0.6199897225077081	0.9789046653144016
0.6199897225077081	0.979301948051948
0.6197327852004111	0.9792935444579781
0.619475847893114	0.9792851340373679
0.619218910585817	0.9792767167817961
0.6189619732785201	0.9792682926829268
0.6187050359712231	0.9792598617324115
0.618448098663926	0.9792514239218877
0.618191161356629	0.9792429792429792
0.617934224049332	0.9792345276872965
0.6176772867420349	0.9792260692464358
0.6174203494347379	0.9792176039119804
0.6171634121274409	0.9792091316754994
0.6171634121274409	0.9796084828711256
0.6169064748201439	0.9796001631986944
0.6166495375128469	0.9795918367346939
0.6163926002055499	0.9795835034708044
0.6163926002055499	0.9799836601307189
0.6161356628982528	0.9799754801798121
0.6158787255909558	0.9799672935404743
0.6156217882836588	0.979959100204499
0.6153648509763617	0.9799509001636661
0.6151079136690647	0.9799426934097422
0.6151079136690647	0.9803439803439803
0.6148509763617678	0.9803359278984023
0.6148509763617678	0.9807377049180328
0.6145940390544707	0.980729807298073
0.6143371017471737	0.9807219031993437
0.6140801644398767	0.9807139926138695
0.6138232271325796	0.9807060755336617
0.6135662898252826	0.9806981519507186
0.6133093525179856	0.9806902218570255
0.6130524152106885	0.980682285244554
0.6127954779033916	0.9806743421052632
0.6125385405960946	0.9806663924310983
0.6122816032887975	0.9806584362139917
0.6120246659815005	0.9806504734458625
0.6117677286742035	0.9806425041186162
0.6115107913669064	0.980634528224145
0.6112538540596094	0.9806265457543281
0.6112538540596094	0.9810309278350515
0.6109969167523125	0.981023102310231
0.6107399794450155	0.9810152703260421
0.6104830421377184	0.9810074318744839
0.6102261048304214	0.9809995869475423
0.6099691675231244	0.9809917355371901
0.6097122302158273	0.9809838776353865
0.6094552929085303	0.9809760132340778
0.6091983556012333	0.9809681423251966
0.6089414182939363	0.9809602649006622
0.6086844809866393	0.9809523809523809
0.6086844809866393	0.9813587406793703
0.6084275436793423	0.9813510153336096
0.6081706063720452	0.9813432835820896
0.6079136690647482	0.9813355454168395
0.6076567317574512	0.9813278008298755
0.6073997944501541	0.9813200498132005
0.6071428571428571	0.981312292358804
0.6068859198355602	0.9813045284586622
0.6066289825282631	0.9812967581047382
0.6063720452209661	0.9812889812889813
0.6061151079136691	0.9812811980033278
0.605858170606372	0.9812734082397003
0.605601233299075	0.9812656119900083
0.605344295991778	0.9812578092461475
0.6050873586844809	0.98125
0.604830421377184	0.9812421842434348
0.604573484069887	0.9812343619683069
0.60431654676259	0.981226533166458
0.6040596094552929	0.9812186978297162
0.6038026721479959	0.9812108559498957
0.6035457348406988	0.981203007518797
0.6032887975334018	0.9811951525282073
0.6030318602261048	0.9811872909698997
0.6027749229188079	0.9811794228356336
0.6025179856115108	0.9811715481171548
0.6025179856115108	0.9815822519882796
0.6022610483042138	0.981574539363484
0.6020041109969168	0.9815668202764977
0.6017471736896197	0.9815590947191953
0.6017471736896197	0.9819706498951782
0.6017471736896197	0.9823825503355704
0.6014902363823227	0.9823751573646664
0.6012332990750257	0.982367758186398
0.6009763617677287	0.9823603527929441
0.6009763617677287	0.9827731092436974
0.6007194244604317	0.9827658680117697
0.6004624871531347	0.9827586206896551
0.6002055498458376	0.9827513672696676
0.5999486125385406	0.9827441077441077
0.5996916752312436	0.9827368421052631
0.5994347379239465	0.9827295703454086
0.5991778006166495	0.9827222924568058
0.5989208633093526	0.9827150084317032
0.5986639260020555	0.9827077182623366
0.5984069886947585	0.9827004219409282
0.5981500513874615	0.9826931194596876
0.5981500513874615	0.9831081081081081
0.5978931140801644	0.9831009716941276
0.5976361767728674	0.9830938292476754
0.5973792394655704	0.9830866807610994
0.5971223021582733	0.9830795262267343
0.5971223021582733	0.9834955564959796
0.5968653648509764	0.9834885690093141
0.5966084275436794	0.9834815756035579
0.5963514902363823	0.9834745762711864
0.5960945529290853	0.983467571004663
0.5958376156217883	0.9834605597964376
0.5955806783144912	0.9834535426389478
0.5953237410071942	0.983446519524618
0.5950668036998972	0.9834394904458599
0.5948098663926003	0.9834324553950722
0.5945529290853032	0.9834254143646409
0.5942959917780062	0.9834183673469388
0.5940390544707091	0.9834113143343258
0.5937821171634121	0.983404255319149
0.5935251798561151	0.9833971902937421
0.593268242548818	0.9833901192504259
0.593011305241521	0.9833830421815083
0.5927543679342241	0.9833759590792839
0.5924974306269271	0.9833688699360341
0.59224049331963	0.9833617747440273
0.59224049331963	0.9837814767392232
0.591983556012333	0.9837745516652434
0.591726618705036	0.9837676206749253
0.5914696813977389	0.9837606837606837
0.5912127440904419	0.983753740914921
0.590955806783145	0.9837467921300257
0.5906988694758479	0.983739837398374
0.5904419321685509	0.9837328767123288
0.5901849948612539	0.9837259100642398
0.5899280575539568	0.9837189374464439
0.5896711202466598	0.9837119588512645
0.5896711202466598	0.9841337907375644
0.5894141829393628	0.9841269841269841
0.5891572456320657	0.9841201716738197
0.5891572456320657	0.9845427221983684
0.5891572456320657	0.9849656357388317
0.5889003083247688	0.984959174903309
0.5886433710174718	0.9849527085124677
0.5883864337101747	0.9849462365591398
0.5881294964028777	0.9849397590361446
0.5878725590955807	0.9849332759362893
0.5876156217882836	0.9849267872523686
0.5873586844809866	0.984920292977165
0.5871017471736896	0.9849137931034483
0.5868448098663926	0.9849072876239758
0.5865878725590956	0.9849007765314927
0.5865878725590956	0.9853258523953388
0.5863309352517986	0.9853195164075993
0.5863309352517986	0.9857451403887689
0.5860739979445015	0.9857389801210026
0.5858170606372045	0.9857328145265889
0.5855601233299075	0.985726643598616
0.5853031860226104	0.98572046733016
0.5850462487153134	0.9857142857142858
0.5847893114080165	0.9857080987440451
0.5845323741007195	0.9857019064124783
0.5842754367934224	0.9856957087126138
0.5840184994861254	0.9856895056374675
0.5837615621788284	0.9856832971800434
0.5835046248715313	0.9856770833333334
0.5832476875642343	0.985670864090317
0.5829907502569374	0.9856646394439618
0.5827338129496403	0.9856584093872229
0.5824768756423433	0.9856521739130435
0.5822199383350463	0.9856459330143541
0.5819630010277492	0.9856396866840731
0.5817060637204522	0.9856334349151067
0.5814491264131552	0.9856271777003485
0.5811921891058581	0.9856209150326798
0.5806783144912642	0.9856083733100741
0.5804213771839671	0.9856020942408377
0.5801644398766701	0.9855958096900916
0.579650565262076	0.9855832241153342
0.579393627954779	0.9855769230769231
0.579136690647482	0.9855706165282029
0.578879753340185	0.9855643044619422
0.578622816032888	0.9855579868708971
0.578365878725591	0.9855516637478109
0.578365878725591	0.9859833552343408
0.5781089414182939	0.985977212971078
0.5778520041109969	0.9859710653222271
0.5775950668036999	0.9859649122807017
0.5773381294964028	0.9859587538394032
0.5770811921891058	0.9859525899912204
0.5768242548818089	0.9859464207290294
0.5765673175745119	0.9859402460456942
0.5763103802672148	0.985934065934066
0.5760534429599178	0.9859278803869833
0.5760534429599178	0.9863616366036075
0.5757965056526207	0.9863556338028169
0.5755395683453237	0.9863496257155439
0.5752826310380267	0.9863436123348017
0.5750256937307296	0.9863375936535919
0.5747687564234327	0.986331569664903
0.5745118191161357	0.9863255403617115
0.5742548818088387	0.9863195057369815
0.5739979445015416	0.9863134657836644
0.5739979445015416	0.9867491166077739
0.5739979445015416	0.9871851524524967
0.5737410071942446	0.9871794871794872
0.5734840698869476	0.9871738168951791
0.5732271325796505	0.9871681415929203
0.5729701952723536	0.9871624612660469
0.5727132579650566	0.9871567759078831
0.5724563206577595	0.9871510855117412
0.5721993833504625	0.987145390070922
0.5719424460431655	0.987139689578714
0.5716855087358684	0.9871339840283939
0.5714285714285714	0.9871282734132268
0.5711716341212744	0.9871225577264654
0.5709146968139774	0.9871168369613506
0.5706577595066804	0.9871111111111112
0.5704008221993834	0.987105380168964
0.5704008221993834	0.9875444839857651
0.5701438848920863	0.9875389408099688
0.5701438848920863	0.9879786286731967
0.5698869475847893	0.9879732739420936
0.5696300102774923	0.9879679144385026
0.5693730729701952	0.9879625501560411
0.5691161356628982	0.987957181088314
0.5688591983556013	0.9879518072289156
0.5686022610483042	0.9879464285714286
0.5683453237410072	0.9879410451094238
0.5680883864337102	0.9879356568364611
0.5678314491264131	0.9879302637460885
0.5675745118191161	0.9879248658318426
0.5673175745118191	0.9879194630872483
0.567060637204522	0.9879140555058191
0.5668036998972251	0.9879086430810569
0.5665467625899281	0.9879032258064516
0.566289825282631	0.9878978036754819
0.566032887975334	0.9878923766816143
0.565775950668037	0.9878869448183042
0.56551901336074	0.9878815080789947
0.5652620760534429	0.9878760664571172
0.5650051387461459	0.9878706199460916
0.5650051387461459	0.988314606741573
0.5650051387461459	0.9887589928057554
0.564748201438849	0.9887539361223572
0.5644912641315519	0.9887488748874887
0.5642343268242549	0.9887438090950023
0.5639773895169579	0.9887387387387387
0.5637204522096608	0.9887336638125281
0.5634635149023638	0.9887285843101894
0.5632065775950668	0.98872350022553
0.5629496402877698	0.9887184115523465
0.5626927029804728	0.9887133182844243
0.5624357656731758	0.9887082204155375
0.5621788283658787	0.9887031179394488
0.5619218910585817	0.9886980108499096
0.5616649537512847	0.9886928991406604
0.5614080164439876	0.9886877828054299
0.5611510791366906	0.9886826618379357
0.5608941418293937	0.988677536231884
0.5606372045220966	0.9886724059809696
0.5603802672147996	0.9886672710788758
0.5601233299075026	0.9886621315192744
0.5598663926002055	0.9886569872958257
0.5596094552929085	0.9886518384021789
0.5593525179856115	0.9886466848319709
0.5590955806783144	0.9886415265788278
0.5588386433710175	0.9886363636363636
0.5585817060637205	0.988631195998181
0.5583247687564235	0.9886260236578708
0.5580678314491264	0.9886208466090123
0.5578108941418294	0.988615664845173
0.5575539568345323	0.9886104783599089
0.5572970195272353	0.9886052871467639
0.5570400822199383	0.9886000911992704
0.5567831449126414	0.988594890510949
0.5565262076053443	0.9885896850753081
0.5562692702980473	0.9885844748858448
0.5560123329907503	0.9885792599360439
0.5557553956834532	0.9885740402193784
0.5554984583761562	0.9885688157293095
0.5552415210688592	0.9885635864592863
0.5549845837615622	0.988558352402746
0.5547276464542652	0.9885531135531136
0.5544707091469682	0.9885478699038021
0.5542137718396711	0.9885426214482127
0.5539568345323741	0.988537368179734
0.5536998972250771	0.9885321100917431
0.55344295991778	0.9885268471776044
0.553186022610483	0.9885215794306703
0.5529290853031861	0.9885163068442812
0.552672147995889	0.9885110294117647
0.552415210688592	0.9885057471264368
0.552158273381295	0.9885004599816007
0.5519013360739979	0.9884951679705476
0.5516443987667009	0.9884898710865562
0.5513874614594039	0.9884845693228926
0.5511305241521068	0.988479262672811
0.5508735868448099	0.9884739511295528
0.5506166495375129	0.9884686346863468
0.5503597122302158	0.9884633133364098
0.5501027749229188	0.9884579870729455
0.5498458376156218	0.9884526558891455
0.5495889003083247	0.9884473197781886
0.5493319630010277	0.9884419787332409
0.5490750256937307	0.9884366327474561
0.5488180883864338	0.988431281813975
0.5485611510791367	0.9884259259259259
0.5483042137718397	0.9884205650764243
0.5480472764645427	0.9884151992585728
0.5477903391572456	0.9884098284654613
0.5475334018499486	0.988404452690167
0.5472764645426516	0.988399071925754
0.5470195272353545	0.9883936861652739
0.5467625899280576	0.988388295401765
0.5465056526207606	0.9883828996282528
0.5462487153134635	0.9883774988377498
0.5459917780061665	0.9883720930232558
0.5457348406988695	0.9883666821777571
0.5454779033915724	0.9883612662942272
0.5452209660842754	0.9883558453656265
0.5452209660842754	0.9888164026095061
0.5449640287769785	0.9888111888111888
0.5447070914696814	0.9888059701492538
0.5447070914696814	0.9892673821745217
0.5444501541623844	0.9892623716153128
0.5441932168550874	0.9892573563755255
0.5439362795477903	0.9892523364485981
0.5439362795477903	0.9897148200093502
0.5436793422404933	0.9897100093545369
0.5434224049331963	0.989705194197473
0.5431654676258992	0.9897003745318352
0.5429085303186023	0.9896955503512881
0.5429085303186023	0.9901593252108716
0.5426515930113053	0.9901547116736991
0.5423946557040082	0.9901500938086304
0.5421377183967112	0.990145471609573
0.5418807810894142	0.9901408450704225
0.5416238437821171	0.9901362141850634
0.5413669064748201	0.9901315789473685
0.5411099691675231	0.9901269393511989
0.5408530318602262	0.9901222953904045
0.5405960945529291	0.9901176470588235
0.5403391572456321	0.9901129943502824
0.540082219938335	0.9901083372585964
0.539825282631038	0.9901036757775683
0.539568345323741	0.9900990099009901
0.539311408016444	0.9900943396226415
0.5390544707091469	0.9900896649362907
0.53879753340185	0.990084985835694
0.53879753340185	0.990552668871044
0.538540596094553	0.9905482041587902
0.5382836587872559	0.9905437352245863
0.5380267214799589	0.9905392620624409
0.5377697841726619	0.9905347846663511
0.5375128468653648	0.990530303030303
0.5372559095580678	0.9905258171482709
0.5369989722507709	0.990521327014218
0.5367420349434738	0.9905168326220958
0.5364850976361768	0.9905123339658444
0.5362281603288798	0.9905078310393926
0.5359712230215827	0.9905033238366572
0.5357142857142857	0.9904988123515439
0.5354573484069887	0.9904942965779467
0.5352004110996916	0.990489776509748
0.5349434737923947	0.9904852521408183
0.5346865364850977	0.9904807234650167
0.5344295991778006	0.9904761904761905
0.5341726618705036	0.9904716531681753
0.5339157245632066	0.990467111534795
0.5336587872559095	0.9904625655698617
0.5334018499486125	0.9904580152671756
0.5331449126413155	0.9904534606205251
0.5328879753340185	0.9904489016236867
0.5326310380267215	0.9904443382704252
0.5323741007194245	0.9904397705544933
0.5321171634121274	0.9904351984696318
0.5318602261048304	0.9904306220095693
0.5316032887975334	0.990426041168023
0.5313463514902363	0.9904214559386973
0.5310894141829393	0.9904168663152851
0.5308324768756424	0.9904122722914669
0.5305755395683454	0.9904076738609112
0.5303186022610483	0.9904030710172744
0.5300616649537513	0.9903984637542007
0.5298047276464543	0.9903938520653218
0.5295477903391572	0.9903892359442575
0.5292908530318602	0.9903846153846154
0.5290339157245632	0.9903799903799904
0.5287769784172662	0.9903753609239654
0.5285200411099692	0.9903707270101108
0.5282631038026722	0.9903660886319846
0.5280061664953751	0.9903614457831326
0.5277492291880781	0.9903567984570878
0.5274922918807811	0.9903521466473709
0.527235354573484	0.9903474903474904
0.5269784172661871	0.9903428295509416
0.5267214799588901	0.9903381642512077
0.526464542651593	0.9903334944417593
0.526207605344296	0.9903288201160542
0.525950668036999	0.9903241412675375
0.5256937307297019	0.9903194578896418
0.5254367934224049	0.9903147699757869
0.5251798561151079	0.9903100775193798
0.524922918807811	0.9903053805138148
0.5246659815005139	0.9903006789524733
0.5244090441932169	0.990295972828724
0.5241521068859198	0.9902912621359223
0.5238951695786228	0.9902865468674114
0.5236382322713258	0.9902818270165209
0.5233812949640287	0.9902771025765679
0.5231243576567317	0.9902723735408561
0.5228674203494348	0.9902676399026764
0.5226104830421378	0.9902629016553067
0.5226104830421378	0.990745250852411
0.5223535457348407	0.9907407407407407
0.5220966084275437	0.9907362262311068
0.5218396711202467	0.9907317073170732
0.5215827338129496	0.9907271839921913
0.5213257965056526	0.99072265625
0.5210688591983555	0.9907181240840254
0.5208119218910586	0.990713587487781
0.5205549845837616	0.9907090464547678
0.5202980472764646	0.9907045009784736
0.5200411099691675	0.990699951052374
0.5197841726618705	0.9906953966699314
0.5195272353545735	0.9906908378245958
0.5192702980472764	0.990686274509804
0.5190133607399794	0.9906817067189799
0.5187564234326825	0.9906771344455348
0.5184994861253854	0.990672557682867
0.5182425488180884	0.9906679764243614
0.5179856115107914	0.9906633906633907
0.5177286742034943	0.9906588003933137
0.5174717368961973	0.9906542056074766
0.5172147995889003	0.9906496062992126
0.5169578622816033	0.9906450024618415
0.5167009249743063	0.99064039408867
0.5164439876670093	0.9906357811729917
0.5161870503597122	0.9906311637080868
0.5159301130524152	0.9906265416872225
0.5156731757451182	0.9906219151036525
0.5154162384378211	0.9906172839506173
0.5151593011305241	0.9906126482213439
0.5149023638232272	0.990608007909046
0.5146454265159301	0.9906033630069239
0.5146454265159301	0.9910935180603662
0.5143884892086331	0.9910891089108911
0.5141315519013361	0.9910846953937593
0.513874614594039	0.9910802775024777
0.513617677286742	0.9910758552305404
0.513360739979445	0.9910714285714286
0.513103802672148	0.9910669975186104
0.512846865364851	0.9910625620655412
0.512589928057554	0.9910581222056631
0.512332990750257	0.9910536779324056
0.5120760534429599	0.9910492292391845
0.5118191161356629	0.991044776119403
0.5115621788283659	0.9910403185664509
0.5113052415210688	0.9910358565737052
0.5110483042137718	0.9910313901345291
0.5107913669064749	0.9910269192422732
0.5105344295991778	0.9910224438902743
0.5102774922918808	0.9910179640718563
0.5100205549845838	0.9910134797803295
0.5097636176772867	0.991008991008991
0.5095066803699897	0.9910044977511244
0.5092497430626927	0.991
0.5089928057553957	0.9909954977488744
0.5087358684480987	0.990990990990991
0.5084789311408017	0.9909864797195793
0.5082219938335046	0.9909819639278558
0.5079650565262076	0.9909774436090225
0.5077081192189106	0.9909729187562688
0.5074511819116135	0.9909683893627697
0.5071942446043165	0.9909638554216867
0.5069373072970196	0.9909593169261678
0.5066803699897225	0.9909547738693467
0.5064234326824255	0.9909502262443439
0.5061664953751285	0.9909456740442656
0.5059095580678314	0.9909411172622044
0.5056526207605344	0.9909365558912386
0.5053956834532374	0.9909319899244332
0.5051387461459403	0.9909274193548387
0.5048818088386434	0.9909228441754917
0.5046248715313464	0.9909182643794148
0.5043679342240494	0.9909136799596163
0.5041109969167523	0.990909090909091
0.5038540596094553	0.9909044972208186
0.5035971223021583	0.9908998988877654
0.5033401849948612	0.9908952959028832
0.5030832476875642	0.9908906882591093
0.5028263103802673	0.9908860759493671
0.5025693730729702	0.9908814589665653
0.5023124357656732	0.9908768373035985
0.5020554984583762	0.9908722109533469
0.5017985611510791	0.9908675799086758
0.5015416238437821	0.9908629441624366
0.5012846865364851	0.9908583037074657
0.501027749229188	0.9908536585365854
0.5007708119218911	0.990849008642603
0.5005138746145941	0.9908443540183113
0.500256937307297	0.9908396946564886
0.5	0.9908350305498982
0.49974306269270297	0.9908303616912888
0.499486125385406	0.9908256880733946
0.499486125385406	0.9913309535951046
0.499486125385406	0.9918367346938776
0.49922918807810895	0.9918325676365493
0.4989722507708119	0.9918283963227783
0.4987153134635149	0.9918242207460398
0.4984583761562179	0.9918200408997955
0.4982014388489209	0.9918158567774936
0.49794450154162384	0.9918116683725691
0.4976875642343268	0.9918074756784434
0.49743062692702983	0.9918032786885246
0.4971736896197328	0.9917990773962071
0.49691675231243576	0.9917948717948718
0.4966598150051387	0.9917906618778861
0.49640287769784175	0.9917864476386037
0.4961459403905447	0.9917822290703646
0.4958890030832477	0.9917780061664954
0.49563206577595065	0.9917737789203085
0.49537512846865367	0.9917695473251029
0.49511819116135664	0.9917653113741637
0.49511819116135664	0.9922760041194645
0.4948612538540596	0.9922720247295209
0.4948612538540596	0.9927835051546392
0.4948612538540596	0.9932955131511089
0.49460431654676257	0.9932920536635707
0.4943473792394656	0.9932885906040269
0.49409044193216856	0.9932851239669421
0.49409044193216856	0.993798449612403
0.4938335046248715	0.9937952430196484
0.4935765673175745	0.9937920331091568
0.4933196300102775	0.9937888198757764
0.4930626927029805	0.9937856033143448
0.49280575539568344	0.9937823834196892
0.4925488180883864	0.9937791601866252
0.49229188078108943	0.9937759336099585
0.4920349434737924	0.9937727036844837
0.49177800616649536	0.9937694704049844
0.49152106885919833	0.9937662337662337
0.49126413155190135	0.9937629937629938
0.4910071942446043	0.9937597503900156
0.4907502569373073	0.9937565036420395
0.4904933196300103	0.9937532535137948
0.49023638232271327	0.99375
0.48997944501541624	0.9937467430953622
0.4897225077081192	0.9937434827945777
0.4894655704008222	0.9937402190923318
0.4892086330935252	0.9937369519832986
0.48895169578622816	0.993733681462141
0.4886947584789311	0.9937304075235109
0.48843782117163415	0.9937271301620492
0.4881808838643371	0.9937238493723849
0.4879239465570401	0.9937205651491365
0.48766700924974304	0.993717277486911
0.48741007194244607	0.9937139863803038
0.48715313463514903	0.9937106918238994
0.486896197327852	0.9937073938122706
0.48663926002055496	0.993704092339979
0.486382322713258	0.9937007874015747
0.48612538540596095	0.9936974789915967
0.4858684480986639	0.9936941671045717
0.4856115107913669	0.9936908517350158
0.4853545734840699	0.9936875328774329
0.4850976361767729	0.9936842105263158
0.4850976361767729	0.9942074776197999
0.48484069886947584	0.994204425711275
0.4845837615621788	0.9942013705851345
0.4843268242548818	0.994198312236287
0.4840698869475848	0.9941952506596307
0.48381294964028776	0.9941921858500528
0.4835560123329907	0.99418911780243
0.48329907502569375	0.9941860465116279
0.4830421377183967	0.9941829719725013
0.4827852004110997	0.9941798941798942
0.48252826310380265	0.9941768131286395
0.48227132579650567	0.9941737288135594
0.48201438848920863	0.9941706412294647
0.4817574511819116	0.9941675503711559
0.48150051387461457	0.9941644562334218
0.4812435765673176	0.9941613588110403
0.48098663926002055	0.9941582580987786
0.4807297019527235	0.9941551540913921
0.48047276464542654	0.9941520467836257
0.4802158273381295	0.9941489361702127
0.4799588900308325	0.9941458222458754
0.47970195272353544	0.9941427050053249
0.47944501541623846	0.9941395844432606
0.47918807810894143	0.994136460554371
0.4789311408016444	0.9941333333333333
0.47867420349434736	0.9941302027748132
0.4784172661870504	0.994127068873465
0.47816032887975335	0.9941239316239316
0.4779033915724563	0.9941207910208445
0.4776464542651593	0.9941176470588236
0.4773895169578623	0.9941144997324772
0.47713257965056527	0.9941113490364025
0.47687564234326824	0.9941081949651848
0.4766187050359712	0.9941050375133976
0.4763617677286742	0.9941018766756032
0.4761048304213772	0.994098712446352
0.47584789311408016	0.9940955448201825
0.4755909558067831	0.994092373791622
0.47533401849948614	0.9940891993551854
0.47533401849948614	0.9946236559139785
0.4750770811921891	0.9946207638515331
0.4748201438848921	0.9946178686759957
0.47456320657759504	0.9946149703823371
0.47430626927029806	0.9946120689655172
0.47404933196300103	0.9946091644204852
0.473792394655704	0.9946062567421791
0.47353545734840696	0.9946033459255261
0.47327852004111	0.9946004319654428
0.47302158273381295	0.9945975148568341
0.4727646454265159	0.9945945945945946
0.4725077081192189	0.9945916711736074
0.4722507708119219	0.9945887445887446
0.47199383350462487	0.9945858148348673
0.47173689619732784	0.9945828819068255
0.47147995889003086	0.994579945799458
0.4712230215827338	0.9945770065075922
0.4712230215827338	0.99511665762344
0.4709660842754368	0.995114006514658
0.47070914696813976	0.9951113525258012
0.4704522096608428	0.9951086956521739
0.4704522096608428	0.9956498096791735
0.4704522096608428	0.9961915125136017
0.47019527235354575	0.9961894393032118
0.4699383350462487	0.9961873638344226
0.4696813977389517	0.9961852861035423
0.4694244604316547	0.9961832061068703
0.46916752312435767	0.9961811238406983
0.46891058581706063	0.99617903930131
0.4686536485097636	0.9961769524849808
0.4683967112024666	0.9961748633879781
0.4681397738951696	0.996172772006561
0.46788283658787255	0.9961706783369803
0.4676258992805755	0.9961685823754789
0.46736896197327854	0.9961664841182913
0.4671120246659815	0.9961643835616438
0.4668550873586845	0.9961622807017544
0.46659815005138744	0.9961601755348327
0.46634121274409046	0.9961580680570802
0.4660842754367934	0.9961559582646897
0.4658273381294964	0.9961538461538462
0.46557040082219936	0.9961517317207257
0.4653134635149024	0.9961496149614961
0.46505652620760535	0.996147495872317
0.4647995889003083	0.9961453744493393
0.4645426515930113	0.9961432506887052
0.4642857142857143	0.996141124586549
0.46402877697841727	0.9961389961389961
0.46377183967112023	0.9961368653421634
0.4635149023638232	0.996134732192159
0.4632579650565262	0.9961325966850829
0.4630010277492292	0.996130458817026
0.46274409044193215	0.9961283185840708
0.4624871531346352	0.9961261759822911
0.46223021582733814	0.9961240310077519
0.4619732785200411	0.9961218836565097
0.4619732785200411	0.9966740576496674
0.4617163412127441	0.9966722129783694
0.4614594039054471	0.9966703662597114
0.46120246659815006	0.9966685174902832
0.46094552929085303	0.9966666666666667
0.460688591983556	0.9966648137854364
0.460431654676259	0.996662958843159
0.460174717368962	0.996661101836394
0.45991778006166495	0.9966592427616926
0.45991778006166495	0.9972144846796658
0.4596608427543679	0.9972129319955407
0.45940390544707094	0.9972113775794758
0.4591469681397739	0.9972098214285714
0.45889003083247687	0.9972082635399219
0.45863309352517984	0.9972067039106145
0.45837615621788286	0.9972051425377306
0.4581192189105858	0.9972035794183445
0.4578622816032888	0.9972020145495244
0.45760534429599176	0.9972004479283315
0.4573484069886948	0.9971988795518207
0.45709146968139774	0.9971973094170403
0.4568345323741007	0.997195737521032
0.4565775950668037	0.9971941638608305
0.4563206577595067	0.9971925884334644
0.45606372045220966	0.9971910112359551
0.45580678314491263	0.9971894322653176
0.4555498458376156	0.9971878515185602
0.4552929085303186	0.9971862689926843
0.4550359712230216	0.9971846846846847
0.45477903391572455	0.9971830985915493
0.4545220966084275	0.9971815107102593
0.45426515930113054	0.9971799210377891
0.4540082219938335	0.9971783295711061
0.45375128468653647	0.9971767363071711
0.4534943473792395	0.9971751412429378
0.45323741007194246	0.9971735443753533
0.4529804727646454	0.9971719457013575
0.4527235354573484	0.9971703452178834
0.4524665981500514	0.9971687429218573
0.4522096608427544	0.9971671388101983
0.45195272353545735	0.9971655328798186
0.4516957862281603	0.9971639251276234
0.45143884892086333	0.9971623155505108
0.4511819116135663	0.997160704145372
0.45092497430626927	0.9971590909090909
0.45066803699897223	0.9971574758385446
0.45041109969167525	0.997155858930603
0.4501541623843782	0.9971542401821286
0.4498972250770812	0.9971526195899773
0.4498972250770812	0.9977207977207977
0.44964028776978415	0.9977194982896237
0.4493833504624872	0.9977181973759269
0.44912641315519014	0.997716894977169
0.4488694758478931	0.9977155910908052
0.4486125385405961	0.9977142857142857
0.4483556012332991	0.9977129788450543
0.44809866392600206	0.9977116704805492
0.447841726618705	0.9977103606182026
0.447584789311408	0.997709049255441
0.447327852004111	0.9977077363896848
0.447070914696814	0.9977064220183486
0.44681397738951695	0.9977051061388411
0.4465570400822199	0.9977037887485649
0.44630010277492294	0.9977024698449167
0.4460431654676259	0.9977011494252873
0.44578622816032887	0.9976998274870615
0.44552929085303183	0.997698504027618
0.44527235354573486	0.9976971790443293
0.4450154162384378	0.9976958525345622
0.4447584789311408	0.9976945244956772
0.44450154162384375	0.9976931949250288
0.4442446043165468	0.9976918638199653
0.44398766700924974	0.9976905311778291
0.4437307297019527	0.997689196995956
0.44347379239465573	0.9976878612716763
0.4432168550873587	0.9976865240023135
0.44295991778006166	0.9976851851851852
0.44270298047276463	0.9976838448176027
0.44244604316546765	0.9976825028968713
0.4421891058581706	0.9976811594202899
0.4419321685508736	0.9976798143851509
0.44167523124357655	0.9976784677887406
0.44141829393627957	0.9976771196283392
0.44116135662898254	0.9976757699012202
0.4409044193216855	0.9976744186046511
0.44064748201438847	0.997673065735893
0.4403905447070915	0.9976717112922002
0.44013360739979446	0.9976703552708212
0.4398766700924974	0.9976689976689976
0.4396197327852004	0.997667638483965
0.4393627954779034	0.9976662777129521
0.4391058581706064	0.9976649153531816
0.43884892086330934	0.9976635514018691
0.4385919835560123	0.9976621858562245
0.43833504624871533	0.9976608187134502
0.4380781089414183	0.9976594499707431
0.43782117163412126	0.9976580796252927
0.43756423432682423	0.9976567076742824
0.43730729701952725	0.9976553341148886
0.4370503597122302	0.9976539589442815
0.4367934224049332	0.9976525821596244
0.43653648509763615	0.997651203758074
0.4362795477903392	0.9976498237367802
0.43602261048304214	0.9976484420928865
0.4357656731757451	0.9976470588235294
0.43550873586844807	0.9976456739258387
0.4352517985611511	0.9976442873969376
0.43499486125385406	0.9976428992339422
0.434737923946557	0.9976415094339622
0.434737923946557	0.9982300884955753
0.43448098663926005	0.9982290436835891
0.434224049331963	0.9982279976373302
0.433967112024666	0.99822695035461
0.43371017471736895	0.9982259018332348
0.43345323741007197	0.9982248520710059
0.43319630010277493	0.9982238010657194
0.4329393627954779	0.9982227488151659
0.43268242548818087	0.998221695317131
0.4324254881808839	0.998220640569395
0.43216855087358685	0.9982195845697329
0.4319116135662898	0.9982185273159145
0.4316546762589928	0.9982174688057041
0.4313977389516958	0.9982164090368609
0.4311408016443988	0.9982153480071386
0.43088386433710174	0.9982142857142857
0.4306269270298047	0.9982132221560452
0.43036998972250773	0.9982121573301549
0.4301130524152107	0.998211091234347
0.42985611510791366	0.9982100238663485
0.4295991778006166	0.9982089552238806
0.42934224049331965	0.9982078853046595
0.4290853031860226	0.9982068141063957
0.4288283658787256	0.9982057416267942
0.42857142857142855	0.9982046678635548
0.42831449126413157	0.9982035928143712
0.42805755395683454	0.9982025164769323
0.4278006166495375	0.9982014388489209
0.42754367934224047	0.9982003599280144
0.4272867420349435	0.9981992797118847
0.42702980472764646	0.9981981981981982
0.4267728674203494	0.9981971153846154
0.4265159301130524	0.9981960312687913
0.4262589928057554	0.9981949458483754
0.4260020554984584	0.9981938591210114
0.42574511819116134	0.9981927710843373
0.42548818088386436	0.9981916817359855
0.42523124357656733	0.9981905910735827
0.4249743062692703	0.9981894990947495
0.42471736896197326	0.9981884057971014
0.4244604316546763	0.9981873111782478
0.42420349434737925	0.998186215235792
0.4239465570400822	0.9981851179673321
0.4236896197327852	0.9981840193704601
0.4234326824254882	0.9981829194427619
0.42317574511819117	0.9981818181818182
0.42291880781089414	0.9981807155852032
0.4226618705035971	0.9981796116504854
0.4224049331963001	0.9981785063752276
0.4221479958890031	0.9981773997569866
0.42189105858170606	0.998176291793313
0.421634121274409	0.9981751824817519
0.42137718396711205	0.9981740718198417
0.421120246659815	0.9981729598051157
0.420863309352518	0.9981718464351006
0.42060637204522094	0.9981707317073171
0.42034943473792397	0.9981696156192801
0.42009249743062693	0.9981684981684982
0.4198355601233299	0.998167379352474
0.41957862281603286	0.9981662591687042
0.4193216855087359	0.998165137614679
0.41906474820143885	0.9981640146878825
0.4188078108941418	0.998162890385793
0.4185508735868448	0.9981617647058824
0.4182939362795478	0.9981606376456161
0.4180369989722508	0.998159509202454
0.41778006166495374	0.998158379373849
0.4175231243576567	0.9981572481572482
0.4172661870503597	0.9981561155500922
0.4170092497430627	0.9981549815498155
0.41675231243576566	0.9981538461538462
0.4164953751284687	0.9981527093596059
0.41623843782117165	0.9981515711645101
0.4159815005138746	0.9981504315659679
0.4157245632065776	0.9981492905613819
0.4154676258992806	0.9981481481481481
0.41521068859198357	0.9981470043236566
0.41495375128468653	0.9981458590852905
0.4146968139773895	0.9981447124304267
0.4144398766700925	0.9981435643564357
0.4141829393627955	0.9981424148606811
0.41392600205549845	0.9981412639405205
0.4136690647482014	0.9981401115933044
0.41341212744090444	0.9981389578163772
0.4131551901336074	0.9981378026070763
0.4128982528263104	0.9981366459627329
0.41264131551901334	0.9981354878806712
0.41238437821171636	0.9981343283582089
0.41212744090441933	0.9981331673926571
0.4118705035971223	0.99813200498132
0.41161356628982526	0.9981308411214953
0.4113566289825283	0.9981296758104738
0.41109969167523125	0.9981285090455396
0.4108427543679342	0.99812734082397
0.4105858170606372	0.9981261711430356
0.4103288797533402	0.998125
0.4103288797533402	0.9987492182614134
0.41007194244604317	0.9987484355444305
0.40981500513874614	0.9987476518472135
0.4095580678314491	0.9987468671679198
0.4093011305241521	0.9987460815047022
0.4090441932168551	0.998745294855709
0.40878725590955806	0.9987445072190835
0.408530318602261	0.9987437185929648
0.40827338129496404	0.9987429289754871
0.408016443987667	0.9987421383647799
0.40775950668037	0.9987413467589679
0.40750256937307294	0.9987405541561712
0.40724563206577596	0.9987397605545053
0.40698869475847893	0.9987389659520807
0.4067317574511819	0.9987381703470032
0.4064748201438849	0.9987373737373737
0.4062178828365879	0.9987365761212887
0.40596094552929085	0.9987357774968394
0.4057040082219938	0.9987349778621126
0.40544707091469684	0.9987341772151899
0.4051901336073998	0.9987333755541482
0.40493319630010277	0.9987325728770595
0.40467625899280574	0.9987317691819911
0.40441932168550876	0.998730964467005
0.4041623843782117	0.9987301587301587
0.4039054470709147	0.9987293519695044
0.40364850976361766	0.9987285441830897
0.4033915724563207	0.9987277353689568
0.40313463514902365	0.9987269255251432
0.4028776978417266	0.9987261146496815
0.4026207605344296	0.9987253027405991
0.4023638232271326	0.9987244897959183
0.40210688591983557	0.9987236758136566
0.40184994861253853	0.9987228607918263
0.4015930113052415	0.9987220447284345
0.4013360739979445	0.9987212276214834
0.4010791366906475	0.9987204094689699
0.40082219938335045	0.998719590268886
0.4005652620760534	0.9987187700192185
0.40030832476875644	0.9987179487179487
0.4000513874614594	0.9987171263630532
0.3997944501541624	0.9987163029525032
0.39953751284686534	0.9987154784842646
0.39928057553956836	0.9987146529562982
0.3990236382322713	0.9987138263665595
0.3987667009249743	0.9987129987129987
0.39850976361767726	0.9987121699935608
0.3982528263103803	0.9987113402061856
0.39799588900308325	0.9987105093488072
0.3977389516957862	0.9987096774193548
0.39748201438848924	0.9987088444157521
0.3972250770811922	0.9987080103359173
0.39696813977389517	0.9987071751777634
0.39671120246659813	0.9987063389391979
0.39645426515930116	0.998705501618123
0.3961973278520041	0.9987046632124352
0.3959403905447071	0.998703823720026
0.39568345323741005	0.9987029831387808
0.3954265159301131	0.9987021414665801
0.39516957862281604	0.9987012987012988
0.394912641315519	0.9987004548408057
0.394655704008222	0.9986996098829649
0.394398766700925	0.9986987638256344
0.39414182939362796	0.9986979166666666
0.39388489208633093	0.9986970684039088
0.3936279547790339	0.9986962190352021
0.3933710174717369	0.9986953685583823
0.3931140801644399	0.9986945169712794
0.39285714285714285	0.9986936642717178
0.3926002055498458	0.9986928104575163
0.39234326824254884	0.9986919555264879
0.3920863309352518	0.9986910994764397
0.39182939362795477	0.9986902423051736
0.39157245632065774	0.9986893840104849
0.39131551901336076	0.9986885245901639
0.3910585817060637	0.9986876640419947
0.3908016443987667	0.9986868023637557
0.39054470709146966	0.9986859395532195
0.3902877697841727	0.9986850756081526
0.39003083247687564	0.9986842105263158
0.3897738951695786	0.9986833443054641
0.3895169578622816	0.9986824769433466
0.3892600205549846	0.998681608437706
0.38900308324768756	0.9986807387862797
0.38874614594039053	0.9986798679867986
0.38848920863309355	0.9986789960369881
0.3882322713257965	0.998678122934567
0.3879753340184995	0.9986772486772487
0.38771839671120245	0.99867637326274
0.3874614594039055	0.9986754966887417
0.38720452209660844	0.998674618952949
0.3869475847893114	0.9986737400530504
0.38669064748201437	0.9986728599867286
0.3864337101747174	0.99867197875166
0.38617677286742036	0.998671096345515
0.3859198355601233	0.9986702127659575
0.3856628982528263	0.9986693280106453
0.3854059609455293	0.9986684420772304
0.3851490236382323	0.9986675549633578
0.38489208633093525	0.9986666666666667
0.3846351490236382	0.9986657771847899
0.3846351490236382	0.9993324432576769
0.38437821171634123	0.9993319973279893
0.3841212744090442	0.9993315508021391
0.38386433710174717	0.9993311036789297
0.38360739979445013	0.999330655957162
0.38335046248715315	0.999330207635633
0.3830935251798561	0.9993297587131368
0.3828365878725591	0.9993293091884641
0.38257965056526205	0.9993288590604027
0.3823227132579651	0.9993284083277367
0.38206577595066804	0.9993279569892473
0.381808838643371	0.9993275050437121
0.381551901336074	0.9993270524899058
0.381294964028777	0.9993265993265993
0.38103802672147996	0.9993261455525606
0.3807810894141829	0.9993256911665542
0.3805241521068859	0.9993252361673415
0.3802672147995889	0.9993247805536799
0.3800102774922919	0.9993243243243243
0.37975334018499485	0.9993238674780257
0.37949640287769787	0.9993234100135318
0.37923946557040084	0.999322951929587
0.3789825282631038	0.9993224932249323
0.37872559095580677	0.9993220338983051
0.3784686536485098	0.9993215739484396
0.37821171634121276	0.9993211133740665
0.3779547790339157	0.9993206521739131
0.3776978417266187	0.9993201903467029
0.3774409044193217	0.9993197278911564
0.3771839671120247	0.9993192648059904
0.37692702980472764	0.9993188010899182
0.3766700924974306	0.9993183367416496
0.37641315519013363	0.9993178717598908
0.3761562178828366	0.9993174061433447
0.37589928057553956	0.9993169398907104
0.37564234326824253	0.9993164730006835
0.37538540596094555	0.9993160054719562
0.3751284686536485	0.999315537303217
0.3748715313463515	0.9993150684931507
0.37461459403905445	0.9993145990404386
0.37435765673175747	0.9993141289437586
0.37410071942446044	0.9993136582017845
0.3738437821171634	0.9993131868131868
0.37358684480986637	0.9993127147766323
0.3733299075025694	0.9993122420907841
0.37307297019527236	0.9993117687543015
0.3728160328879753	0.9993112947658402
0.3725590955806783	0.9993108201240524
0.3723021582733813	0.9993103448275862
0.3720452209660843	0.9993098688750862
0.37178828365878724	0.9993093922651933
0.3715313463514902	0.9993089149965446
0.37127440904419323	0.9993084370677732
0.3710174717368962	0.9993079584775086
0.37076053442959916	0.9993074792243767
0.37050359712230213	0.9993069993069993
0.37024665981500515	0.9993065187239945
0.3699897225077081	0.9993060374739764
0.3697327852004111	0.9993055555555556
0.3694758478931141	0.9993050729673384
0.3692189105858171	0.9993045897079277
0.36896197327852004	0.9993041057759221
0.368705035971223	0.9993036211699164
0.368448098663926	0.9993031358885017
0.368191161356629	0.999302649930265
0.36793422404933196	0.9993021632937893
0.3676772867420349	0.9993016759776536
0.36742034943473795	0.9993011879804332
0.3671634121274409	0.9993006993006993
0.3669064748201439	0.9993002099370188
0.36664953751284685	0.9992997198879552
0.36639260020554987	0.9992992291520673
0.36613566289825283	0.9992987377279102
0.3658787255909558	0.9992982456140351
0.36562178828365877	0.9992977528089888
0.3653648509763618	0.9992972593113141
0.36510791366906475	0.9992967651195499
0.3648509763617677	0.9992962702322308
0.3645940390544707	0.9992957746478873
0.3643371017471737	0.9992952783650458
0.3640801644398767	0.9992947813822285
0.36382322713257964	0.9992942836979535
0.3635662898252826	0.9992937853107344
0.36330935251798563	0.9992932862190813
0.3630524152106886	0.9992927864214993
0.36279547790339156	0.9992922859164898
0.3625385405960945	0.9992917847025495
0.36228160328879755	0.9992912827781715
0.3620246659815005	0.999290780141844
0.3617677286742035	0.9992902767920511
0.36151079136690645	0.9992897727272727
0.36125385405960947	0.9992892679459844
0.36099691675231244	0.9992887624466572
0.3607399794450154	0.999288256227758
0.3604830421377184	0.9992877492877493
0.3602261048304214	0.9992872416250891
0.35996916752312436	0.9992867332382311
0.3597122302158273	0.9992862241256245
0.35945529290853034	0.9992857142857143
0.3591983556012333	0.9992852037169406
0.3589414182939363	0.9992846924177397
0.35868448098663924	0.9992841803865425
0.35842754367934226	0.9992836676217765
0.35817060637204523	0.9992831541218637
0.3579136690647482	0.9992826398852224
0.35765673175745116	0.9992821249102656
0.3573997944501542	0.9992816091954023
0.35714285714285715	0.9992810927390366
0.3568859198355601	0.9992805755395684
0.3566289825282631	0.9992800575953924
0.3563720452209661	0.9992795389048992
0.35611510791366907	0.9992790194664743
0.35585817060637204	0.9992784992784993
0.355601233299075	0.9992779783393502
0.355344295991778	0.9992774566473989
0.355087358684481	0.9992769342010123
0.35483042137718396	0.9992764109985528
0.3545734840698869	0.999275887038378
0.35431654676258995	0.9992753623188406
0.3540596094552929	0.9992748368382887
0.3538026721479959	0.9992743105950653
0.35354573484069884	0.9992737835875091
0.35328879753340187	0.9992732558139535
0.35303186022610483	0.9992727272727273
0.3527749229188078	0.9992721979621543
0.35251798561151076	0.9992716678805535
0.3522610483042138	0.999271137026239
0.35200411099691675	0.9992706053975201
0.3517471736896197	0.9992700729927008
0.35149023638232274	0.9992695398100804
0.3512332990750257	0.9992690058479532
0.3509763617677287	0.9992684711046086
0.35071942446043164	0.9992679355783309
0.35046248715313466	0.9992673992673993
0.3502055498458376	0.999266862170088
0.3499486125385406	0.9992663242846662
0.34969167523124356	0.9992657856093979
0.3494347379239466	0.9992652461425422
0.34917780061664955	0.9992647058823529
0.3489208633093525	0.9992641648270787
0.3486639260020555	0.9992636229749632
0.3484069886947585	0.9992630803242447
0.34815005138746147	0.9992625368731564
0.34789311408016443	0.9992619926199262
0.3476361767728674	0.9992614475627769
0.3473792394655704	0.9992609016999261
0.3471223021582734	0.9992603550295858
0.34686536485097635	0.999259807549963
0.3466084275436793	0.9992592592592593
0.34635149023638234	0.9992587101556709
0.3460945529290853	0.9992581602373887
0.3458376156217883	0.9992576095025983
0.34558067831449124	0.9992570579494799
0.34532374100719426	0.9992565055762082
0.34506680369989723	0.9992559523809523
0.3448098663926002	0.9992553983618764
0.34455292908530316	0.9992548435171386
0.3442959917780062	0.9992542878448919
0.34403905447070915	0.9992537313432835
0.3437821171634121	0.9992531740104555
0.3435251798561151	0.9992526158445441
0.3432682425488181	0.9992520568436799
0.34301130524152107	0.999251497005988
0.34275436793422404	0.9992509363295881
0.34249743062692706	0.9992503748125937
0.34224049331963	0.9992498124531133
0.341983556012333	0.9992492492492493
0.34172661870503596	0.9992486851990984
0.341469681397739	0.9992481203007518
0.34121274409044194	0.999247554552295
0.3409558067831449	0.9992469879518072
0.3406988694758479	0.9992464204973625
0.3404419321685509	0.9992458521870287
0.34018499486125386	0.999245283018868
0.33992805755395683	0.9992447129909365
0.3396711202466598	0.999244142101285
0.3394141829393628	0.9992435703479576
0.3391572456320658	0.9992429977289932
0.33890030832476875	0.9992424242424243
0.3386433710174717	0.9992418498862775
0.33838643371017474	0.9992412746585736
0.3381294964028777	0.9992406985573272
0.33787255909558067	0.9992401215805471
0.33761562178828364	0.9992395437262357
0.33735868448098666	0.9992389649923896
0.3371017471736896	0.9992383853769993
0.3368448098663926	0.9992378048780488
0.33658787255909556	0.9992372234935164
0.3363309352517986	0.999236641221374
0.33607399794450155	0.9992360580595875
0.3358170606372045	0.9992354740061162
0.3355601233299075	0.9992348890589136
0.3353031860226105	0.9992343032159265
0.33504624871531347	0.9992337164750957
0.33478931140801643	0.9992331288343558
0.3345323741007194	0.9992325402916347
0.3342754367934224	0.999231950844854
0.3340184994861254	0.9992313604919293
0.33376156217882835	0.9992307692307693
0.3335046248715313	0.9992301770592764
0.33324768756423434	0.9992295839753467
0.3329907502569373	0.9992289899768697
0.3327338129496403	0.9992283950617284
0.3324768756423433	0.9992277992277993
0.33221993833504626	0.999227202472952
0.3319630010277492	0.9992266047950503
0.3317060637204522	0.9992260061919505
0.3314491264131552	0.9992254066615027
0.3311921891058582	0.9992248062015504
0.33093525179856115	0.9992242048099301
0.3306783144912641	0.9992236024844721
0.33042137718396714	0.9992229992229992
0.3301644398766701	0.9992223950233281
0.32990750256937307	0.9992217898832685
0.32965056526207603	0.9992211838006231
0.32939362795477906	0.9992205767731879
0.329136690647482	0.999219968798752
0.328879753340185	0.9992193598750976
0.32862281603288795	0.99921875
0.328365878725591	0.9992181391712275
0.32810894141829394	0.9992175273865415
0.3278520041109969	0.9992169146436961
0.3275950668036999	0.9992163009404389
0.3273381294964029	0.9992156862745099
0.32708119218910586	0.9992150706436421
0.32682425488180883	0.9992144540455616
0.3265673175745118	0.9992138364779874
0.3263103802672148	0.999213217938631
0.3260534429599178	0.9992125984251968
0.32579650565262075	0.9992119779353822
0.3255395683453237	0.999211356466877
0.32528263103802674	0.9992107340173638
0.3250256937307297	0.9992101105845181
0.32476875642343267	0.9992094861660079
0.32451181911613564	0.9992088607594937
0.32425488180883866	0.9992082343626286
0.3239979445015416	0.9992076069730587
0.3237410071942446	0.9992069785884219
0.3234840698869476	0.9992063492063492
0.3232271325796506	0.9992057188244639
0.32297019527235354	0.9992050874403816
0.3227132579650565	0.9992044550517104
0.32245632065775953	0.9992038216560509
0.3221993833504625	0.999203187250996
0.32194244604316546	0.9992025518341308
0.32168550873586843	0.9992019154030327
0.32142857142857145	0.9992012779552716
0.3211716341212744	0.9992006394884093
0.3209146968139774	0.9992
0.32065775950668035	0.9991993594875901
0.3204008221993834	0.999198717948718
0.32014388489208634	0.9991980753809142
0.3198869475847893	0.9991974317817014
0.31963001027749227	0.9991967871485944
0.3193730729701953	0.9991961414790996
0.31911613566289826	0.999195494770716
0.3188591983556012	0.999194847020934
0.3186022610483042	0.9991941982272361
0.3183453237410072	0.9991935483870967
0.3180883864337102	0.9991928974979822
0.31783144912641315	0.9991922455573505
0.3175745118191161	0.9991915925626516
0.31731757451181913	0.9991909385113269
0.3170606372045221	0.9991902834008097
0.31680369989722507	0.9991896272285251
0.31654676258992803	0.9991889699918897
0.31628982528263105	0.9991883116883117
0.316032887975334	0.9991876523151909
0.315775950668037	0.9991869918699187
0.31551901336073995	0.9991863303498779
0.315262076053443	0.999185667752443
0.31500513874614594	0.9991850040749797
0.3147482014388489	0.9991843393148451
0.31449126413155193	0.9991836734693877
0.3142343268242549	0.9991830065359477
0.31397738951695786	0.9991823385118561
0.3137204522096608	0.9991816693944353
0.31346351490236385	0.9991809991809992
0.3132065775950668	0.9991803278688525
0.3129496402877698	0.9991796554552912
0.31269270298047275	0.9991789819376026
0.31243576567317577	0.9991783073130649
0.31217882836587874	0.9991776315789473
0.3119218910585817	0.9991769547325103
0.31166495375128467	0.999176276771005
0.3114080164439877	0.9991755976916735
0.31115107913669066	0.9991749174917491
0.3108941418293936	0.9991742361684558
0.3106372045220966	0.9991735537190083
0.3103802672147996	0.9991728701406121
0.3101233299075026	0.9991721854304636
0.30986639260020554	0.9991714995857498
0.3096094552929085	0.9991708126036484
0.30935251798561153	0.9991701244813278
0.3090955806783145	0.9991694352159468
0.30883864337101746	0.999168744804655
0.30858170606372043	0.9991680532445923
0.30832476875642345	0.9991673605328892
0.3080678314491264	0.9991666666666666
0.3078108941418294	0.9991659716430359
0.30755395683453235	0.9991652754590985
0.30729701952723537	0.9991645781119465
0.30704008221993834	0.9991638795986622
0.3067831449126413	0.999163179916318
0.30652620760534427	0.9991624790619765
0.3062692702980473	0.9991617770326907
0.30601233299075026	0.9991610738255033
0.3057553956834532	0.9991603694374476
0.30549845837615625	0.9991596638655462
0.3052415210688592	0.9991589571068125
0.3049845837615622	0.9991582491582491
0.30472764645426514	0.9991575400168492
0.30447070914696817	0.9991568296795953
0.30421377183967113	0.99915611814346
0.3039568345323741	0.9991554054054054
0.30369989722507706	0.9991546914623838
0.3034429599177801	0.9991539763113367
0.30318602261048305	0.9991532599491956
0.302929085303186	0.9991525423728813
0.302672147995889	0.9991518235793045
0.302415210688592	0.9991511035653651
0.302158273381295	0.9991503823279524
0.30190133607399794	0.9991496598639455
0.3016443987667009	0.9991489361702127
0.3013874614594039	0.9991482112436116
0.3011305241521069	0.9991474850809889
0.30087358684480986	0.9991467576791809
0.3006166495375128	0.9991460290350128
0.30035971223021585	0.9991452991452991
0.3001027749229188	0.9991445680068435
0.2998458376156218	0.9991438356164384
0.29958890030832475	0.9991431019708654
0.29933196300102777	0.9991423670668954
0.29907502569373073	0.9991416309012876
0.2988180883864337	0.9991408934707904
0.29856115107913667	0.999140154772141
0.2983042137718397	0.9991394148020654
0.29804727646454265	0.9991386735572783
0.2977903391572456	0.9991379310344828
0.2975334018499486	0.999137187230371
0.2972764645426516	0.9991364421416234
0.2970195272353546	0.9991356957649092
0.29676258992805754	0.9991349480968859
0.2965056526207605	0.9991341991341991
0.29624871531346353	0.9991334488734835
0.2959917780061665	0.9991326973113617
0.29573484069886946	0.9991319444444444
0.2954779033915725	0.9991311902693311
0.29522096608427545	0.9991304347826087
0.2949640287769784	0.999129677980853
0.2947070914696814	0.9991289198606271
0.2944501541623844	0.999128160418483
0.29419321685508737	0.9991273996509599
0.29393627954779034	0.9991266375545852
0.2936793422404933	0.9991258741258742
0.2934224049331963	0.9991251093613298
0.2931654676258993	0.999124343257443
0.29290853031860226	0.9991235758106923
0.2926515930113052	0.9991228070175439
0.29239465570400824	0.9991220368744512
0.2918807810894142	0.9991204925241864
0.29162384378211714	0.9991197183098591
0.29136690647482016	0.9991189427312775
0.29110996916752313	0.9991181657848325
0.2908530318602261	0.999117387466902
0.29059609455292906	0.9991166077738516
0.2903391572456321	0.9991158267020336
0.289825282631038	0.9991142604074402
0.289568345323741	0.999113475177305
0.289311408016444	0.9991126885536823
0.28905447070914697	0.9991119005328597
0.28879753340184994	0.9991111111111111
0.2885405960945529	0.9991103202846975
0.2882836587872559	0.9991095280498664
0.2880267214799589	0.9991087344028521
0.28776978417266186	0.9991079393398751
0.2875128468653648	0.9991071428571429
0.28725590955806785	0.9991063449508489
0.2869989722507708	0.9991055456171736
0.2867420349434738	0.999104744852283
0.2864850976361768	0.9991039426523297
0.28622816032887977	0.9991031390134529
0.28597122302158273	0.9991023339317774
0.2857142857142857	0.9991015274034142
0.2854573484069887	0.9991007194244604
0.2852004110996917	0.9990999099909991
0.28494347379239465	0.9990990990990991
0.2846865364850976	0.9990982867448152
0.28442959917780064	0.9990974729241877
0.2841726618705036	0.999096657633243
0.2839157245632066	0.9990958408679927
0.28365878725590954	0.9990950226244344
0.28340184994861256	0.9990942028985508
0.2831449126413155	0.99909338168631
0.2828879753340185	0.9990925589836661
0.28263103802672146	0.9990917347865577
0.2823741007194245	0.9990909090909091
0.28211716341212745	0.9990900818926297
0.2818602261048304	0.9990892531876139
0.2816032887975334	0.9990884229717412
0.2813463514902364	0.9990875912408759
0.28108941418293937	0.9990867579908675
0.28083247687564233	0.9990859232175503
0.2805755395683453	0.9990850869167429
0.2803186022610483	0.9990842490842491
0.2800616649537513	0.999083409715857
0.27980472764645425	0.9990825688073395
0.2795477903391572	0.9990817263544536
0.27929085303186024	0.9990808823529411
0.2790339157245632	0.9990800367985281
0.2787769784172662	0.9990791896869244
0.27852004110996914	0.9990783410138249
0.27826310380267216	0.9990774907749077
0.27800616649537513	0.9990766389658357
0.2777492291880781	0.9990757855822551
0.2774922918807811	0.9990749306197965
0.2772353545734841	0.9990740740740741
0.27697841726618705	0.9990732159406858
0.27672147995889	0.9990723562152134
0.27646454265159304	0.9990714948932219
0.276207605344296	0.9990706319702602
0.27595066803699897	0.9990697674418605
0.27569373072970194	0.9990689013035382
0.27543679342240496	0.9990680335507922
0.2751798561151079	0.9990671641791045
0.2749229188078109	0.9990662931839402
0.27466598150051386	0.9990654205607477
0.2744090441932169	0.9990645463049579
0.27415210688591984	0.9990636704119851
0.2738951695786228	0.9990627928772259
0.2736382322713258	0.99906191369606
0.2733812949640288	0.9990610328638497
0.27312435765673176	0.9990601503759399
0.27286742034943473	0.9990592662276576
0.2726104830421377	0.9990583804143126
0.2723535457348407	0.9990574929311969
0.2720966084275437	0.9990566037735849
0.27183967112024665	0.9990557129367328
0.2715827338129496	0.999054820415879
0.27132579650565264	0.9990539262062441
0.2710688591983556	0.9990530303030303
0.27081192189105857	0.9990521327014218
0.27055498458376154	0.9990512333965844
0.27029804727646456	0.9990503323836657
0.2700411099691675	0.9990494296577946
0.2697841726618705	0.9990485252140818
0.26952723535457346	0.9990476190476191
0.2692702980472765	0.9990467111534795
0.26901336073997945	0.9990458015267175
0.2687564234326824	0.9990448901623686
0.26849948612538543	0.9990439770554493
0.2682425488180884	0.999043062200957
0.26798561151079137	0.9990421455938697
0.26772867420349433	0.9990412272291467
0.26747173689619735	0.9990403071017274
0.2672147995889003	0.9990393852065321
0.2669578622816033	0.9990384615384615
0.26670092497430625	0.9990375360923965
0.2664439876670093	0.9990366088631984
0.26618705035971224	0.9990356798457087
0.2659301130524152	0.999034749034749
0.2656731757451182	0.9990338164251208
0.2654162384378212	0.9990328820116054
0.26515930113052416	0.9990319457889641
0.2649023638232271	0.999031007751938
0.2646454265159301	0.9990300678952473
0.2643884892086331	0.9990291262135922
0.2641315519013361	0.9990281827016521
0.26387461459403905	0.9990272373540856
0.263617677286742	0.9990262901655307
0.26336073997944504	0.9990253411306043
0.263103802672148	0.9990243902439024
0.26284686536485097	0.9990234375
0.26258992805755393	0.9990224828934506
0.26233299075025696	0.9990215264187867
0.2620760534429599	0.9990205680705191
0.2618191161356629	0.9990196078431373
0.26156217882836585	0.9990186457311089
0.2613052415210689	0.9990176817288802
0.26104830421377184	0.9990167158308751
0.2607913669064748	0.9990157480314961
0.2605344295991778	0.9990147783251232
0.2602774922918808	0.9990138067061144
0.26002055498458376	0.9990128331688055
0.25976361767728673	0.9990118577075099
0.2595066803699897	0.9990108803165183
0.2592497430626927	0.999009900990099
0.2589928057553957	0.9990089197224975
0.25873586844809865	0.9990079365079365
0.25847893114080167	0.9990069513406157
0.25822199383350464	0.9990059642147118
0.2579650565262076	0.9990049751243781
0.25770811921891057	0.999003984063745
0.2574511819116136	0.9990029910269193
0.25719424460431656	0.999001996007984
0.2569373072970195	0.999000999000999
0.2566803699897225	0.999
0.2564234326824255	0.998998998998999
0.2561664953751285	0.998997995991984
0.25590955806783144	0.9989969909729187
0.2556526207605344	0.998995983935743
0.25539568345323743	0.9989949748743718
0.2551387461459404	0.9989939637826962
0.25488180883864336	0.998992950654582
0.25462487153134633	0.998991935483871
0.25436793422404935	0.9989909182643795
0.2541109969167523	0.998989898989899
0.2538540596094553	0.9989888776541962
0.25359712230215825	0.9989878542510121
0.2533401849948613	0.9989868287740629
0.25308324768756424	0.9989858012170385
0.2528263103802672	0.9989847715736041
0.25256937307297017	0.9989837398373984
0.2523124357656732	0.9989827060020345
0.25205549845837616	0.9989816700610998
0.2517985611510791	0.9989806320081549
0.2515416238437821	0.9989795918367347
0.2512846865364851	0.9989785495403473
0.2510277492291881	0.9989775051124744
0.25077081192189105	0.9989764585465711
0.250513874614594	0.9989754098360656
0.25025693730729703	0.9989743589743589
0.25	0.9989733059548255
0.249743062692703	0.998972250770812
0.24948612538540596	0.9989711934156379
0.24922918807810895	0.9989701338825953
0.24897225077081192	0.9989690721649485
0.24871531346351491	0.9989680082559339
0.24845837615621788	0.9989669421487604
0.24820143884892087	0.9989658738366081
0.24794450154162384	0.9989648033126294
0.24768756423432683	0.9989637305699481
0.2474306269270298	0.9989626556016598
0.2471736896197328	0.9989615784008308
0.24691675231243576	0.998960498960499
0.24665981500513876	0.9989594172736732
0.24640287769784172	0.9989583333333333
0.24614594039054472	0.9989572471324296
0.24588900308324768	0.9989561586638831
0.24563206577595068	0.9989550679205852
0.24537512846865364	0.9989539748953975
0.24511819116135664	0.9989528795811519
0.2448612538540596	0.9989517819706499
0.2446043165467626	0.9989506820566632
0.24409044193216856	0.9989484752891693
0.24383350462487152	0.9989473684210526
0.24357656731757452	0.9989462592202318
0.24331963001027748	0.9989451476793249
0.24306269270298048	0.9989440337909187
0.24280575539568344	0.9989429175475687
0.24254881808838644	0.9989417989417989
0.2422918807810894	0.9989406779661016
0.2420349434737924	0.9989395546129375
0.24177800616649536	0.9989384288747346
0.24152106885919836	0.9989373007438895
0.24126413155190132	0.9989361702127659
0.24100719424460432	0.9989350372736954
0.24075025693730728	0.9989339019189766
0.24049331963001028	0.9989327641408752
0.24023638232271327	0.9989316239316239
0.23997944501541624	0.9989304812834224
0.23972250770811923	0.9989293361884368
0.2394655704008222	0.9989281886387996
0.2392086330935252	0.9989270386266095
0.23895169578622816	0.9989258861439313
0.23869475847893115	0.9989247311827957
0.23843782117163412	0.9989235737351991
0.2381808838643371	0.9989224137931034
0.23792394655704008	0.9989212513484358
0.23766700924974307	0.9989200863930886
0.23741007194244604	0.9989189189189189
0.23715313463514903	0.9989177489177489
0.236896197327852	0.9989165763813651
0.236639260020555	0.9989154013015185
0.23638232271325796	0.998914223669924
0.23612538540596095	0.9989130434782608
0.23586844809866392	0.998911860718172
0.2356115107913669	0.9989106753812637
0.23535457348406988	0.9989094874591058
0.23509763617677287	0.9989082969432315
0.23484069886947584	0.9989071038251366
0.23458376156217883	0.9989059080962801
0.2343268242548818	0.9989047097480832
0.2340698869475848	0.9989035087719298
0.23381294964028776	0.9989023051591658
0.23355601233299075	0.9989010989010989
0.23329907502569372	0.9988998899889989
0.2330421377183967	0.998898678414097
0.23278520041109968	0.9988974641675854
0.23252826310380267	0.9988962472406181
0.23227132579650564	0.9988950276243094
0.23201438848920863	0.9988938053097345
0.2317574511819116	0.9988925802879292
0.2315005138746146	0.9988913525498891
0.2312435765673176	0.9988901220865705
0.23098663926002055	0.9988888888888889
0.23072970195272355	0.9988876529477196
0.23047276464542651	0.9988864142538976
0.2302158273381295	0.9988851727982163
0.22995889003083247	0.9988839285714286
0.22970195272353547	0.9988826815642458
0.22944501541623843	0.9988814317673378
0.22918807810894143	0.9988801791713325
0.2289311408016444	0.9988789237668162
0.2286742034943474	0.9988776655443322
0.22841726618705036	0.998876404494382
0.22816032887975335	0.9988751406074241
0.22790339157245632	0.9988738738738738
0.2276464542651593	0.9988726042841037
0.22738951695786228	0.9988713318284425
0.22713257965056527	0.9988700564971752
0.22687564234326824	0.998868778280543
0.22661870503597123	0.9988674971687429
0.2263617677286742	0.9988662131519275
0.2261048304213772	0.9988649262202043
0.22584789311408016	0.9988636363636364
0.22559095580678315	0.9988623435722411
0.22533401849948612	0.9988610478359908
0.2250770811921891	0.9988597491448119
0.22482014388489208	0.9988584474885844
0.22456320657759507	0.9988571428571429
0.22430626927029804	0.9988558352402745
0.22404933196300103	0.9988545246277205
0.223792394655704	0.9988532110091743
0.223535457348407	0.9988518943742825
0.22327852004110996	0.9988505747126437
0.22302158273381295	0.998849252013809
0.22276464542651592	0.9988479262672811
0.2225077081192189	0.9988465974625144
0.22225077081192188	0.9988452655889145
0.22199383350462487	0.9988439306358381
0.22173689619732787	0.9988425925925926
0.22147995889003083	0.9988412514484357
0.22122302158273383	0.9988399071925754
0.2209660842754368	0.9988385598141696
0.22070914696813979	0.9988372093023256
0.22045220966084275	0.9988358556461001
0.22019527235354575	0.9988344988344988
0.2199383350462487	0.9988331388564761
0.2196813977389517	0.9988317757009346
0.21942446043165467	0.9988304093567252
0.21916752312435767	0.9988290398126464
0.21891058581706063	0.9988276670574443
0.21865364850976363	0.9988262910798122
0.2183967112024666	0.9988249118683902
0.2181397738951696	0.9988235294117647
0.21788283658787255	0.9988221436984688
0.21762589928057555	0.9988207547169812
0.2173689619732785	0.9988193624557261
0.2171120246659815	0.9988179669030733
0.21685508735868447	0.9988165680473373
0.21659815005138747	0.9988151658767772
0.21634121274409043	0.9988137603795967
0.21608427543679343	0.998812351543943
0.2158273381294964	0.9988109393579072
0.2155704008221994	0.9988095238095238
0.21531346351490235	0.99880810488677
0.21505652620760535	0.9988066825775657
0.2147995889003083	0.998805256869773
0.2145426515930113	0.9988038277511961
0.21428571428571427	0.9988023952095808
0.21402877697841727	0.9988009592326139
0.21377183967112023	0.9987995198079231
0.21351490236382323	0.9987980769230769
0.2132579650565262	0.9987966305655837
0.2130010277492292	0.9987951807228915
0.21274409044193218	0.9987937273823885
0.21248715313463515	0.998792270531401
0.21223021582733814	0.9987908101571947
0.2119732785200411	0.9987893462469734
0.2117163412127441	0.9987878787878788
0.21145940390544707	0.9987864077669902
0.21120246659815006	0.9987849331713244
0.21094552929085303	0.9987834549878345
0.21068859198355602	0.9987819732034104
0.210431654676259	0.998780487804878
0.21017471736896198	0.9987789987789988
0.20991778006166495	0.9987775061124694
0.20966084275436794	0.9987760097919217
0.2094039054470709	0.9987745098039216
0.2091469681397739	0.9987730061349693
0.20889003083247687	0.9987714987714987
0.20863309352517986	0.998769987699877
0.20837615621788283	0.9987684729064039
0.20811921891058582	0.998766954377312
0.2078622816032888	0.9987654320987654
0.20760534429599178	0.9987639060568603
0.20734840698869475	0.9987623762376238
0.20709146968139774	0.9987608426270136
0.2068345323741007	0.9987593052109182
0.2065775950668037	0.9987577639751553
0.20632065775950667	0.9987562189054726
0.20606372045220966	0.9987546699875467
0.20580678314491263	0.9987531172069826
0.20554984583761562	0.9987515605493134
0.2052929085303186	0.99875
0.20503597122302158	0.9987484355444305
0.20477903391572455	0.9987468671679198
0.20452209660842754	0.998745294855709
0.2042651593011305	0.9987437185929648
0.2040082219938335	0.9987421383647799
0.20375128468653647	0.9987405541561712
0.20349434737923947	0.9987389659520807
0.20323741007194246	0.9987373737373737
0.20298047276464543	0.9987357774968394
0.20272353545734842	0.9987341772151899
0.20246659815005139	0.9987325728770595
0.20220966084275438	0.998730964467005
0.20195272353545735	0.9987293519695044
0.20169578622816034	0.9987277353689568
0.2014388489208633	0.9987261146496815
0.2011819116135663	0.9987244897959183
0.20092497430626927	0.9987228607918263
0.20066803699897226	0.9987212276214834
0.20041109969167523	0.998719590268886
0.20015416238437822	0.9987179487179487
0.1998972250770812	0.9987163029525032
0.19964028776978418	0.9987146529562982
0.19938335046248715	0.9987129987129987
0.19912641315519014	0.9987113402061856
0.1988694758478931	0.9987096774193548
0.1986125385405961	0.9987080103359173
0.19835560123329907	0.9987063389391979
0.19784172661870503	0.9987029831387808
0.19758478931140802	0.9987012987012988
0.197327852004111	0.9986996098829649
0.19707091469681398	0.9986979166666666
0.19681397738951695	0.9986962190352021
0.19655704008221994	0.9986945169712794
0.1960431654676259	0.9986910994764397
0.19578622816032887	0.9986893840104849
0.19552929085303186	0.9986876640419947
0.19527235354573483	0.9986859395532195
0.19501541623843782	0.9986842105263158
0.1947584789311408	0.9986824769433466
0.19450154162384378	0.9986807387862797
0.19424460431654678	0.9986789960369881
0.19398766700924974	0.9986772486772487
0.19373072970195274	0.9986754966887417
0.1934737923946557	0.9986737400530504
0.1932168550873587	0.99867197875166
0.19295991778006166	0.9986702127659575
0.19270298047276466	0.9986684420772304
0.19244604316546762	0.9986666666666667
0.19218910585817062	0.9986648865153538
0.19193216855087358	0.9986631016042781
0.19167523124357658	0.998661311914324
0.19141829393627954	0.9986595174262735
0.19116135662898254	0.9986577181208054
0.1909044193216855	0.9986559139784946
0.1906474820143885	0.9986541049798116
0.19039054470709146	0.9986522911051213
0.19013360739979446	0.9986504723346828
0.18987667009249742	0.9986486486486487
0.18961973278520042	0.9986468200270636
0.18936279547790338	0.9986449864498645
0.18910585817060638	0.9986431478968792
0.18884892086330934	0.998641304347826
0.18859198355601234	0.998639455782313
0.1883350462487153	0.9986376021798365
0.1880781089414183	0.9986357435197817
0.18782117163412126	0.9986338797814208
0.18756423432682426	0.9986320109439124
0.18730729701952722	0.9986301369863013
0.18705035971223022	0.9986282578875172
0.18679342240493318	0.9986263736263736
0.18653648509763618	0.9986244841815681
0.18627954779033915	0.9986225895316805
0.18602261048304214	0.9986206896551724
0.1857656731757451	0.9986187845303868
0.1855087358684481	0.9986168741355463
0.18525179856115107	0.9986149584487535
0.18499486125385406	0.9986130374479889
0.18448098663926002	0.9986091794158554
0.184224049331963	0.9986072423398329
0.18371017471736897	0.9986033519553073
0.18345323741007194	0.9986013986013986
0.18319630010277493	0.9985994397759104
0.1829393627954779	0.9985974754558204
0.1826824254881809	0.9985955056179775
0.18242548818088386	0.9985935302390999
0.18216855087358685	0.9985915492957746
0.18191161356628982	0.998589562764457
0.18165467625899281	0.998587570621469
0.18139773895169578	0.9985855728429985
0.18114080164439877	0.9985835694050992
0.18088386433710174	0.9985815602836879
0.18062692702980473	0.9985795454545454
0.1803699897225077	0.9985775248933144
0.1801130524152107	0.9985754985754985
0.17985611510791366	0.9985734664764622
0.17959917780061666	0.9985714285714286
0.17934224049331962	0.9985693848354793
0.17908530318602262	0.998567335243553
0.17882836587872558	0.9985652797704447
0.17857142857142858	0.9985632183908046
0.17831449126413154	0.9985611510791367
0.17805755395683454	0.9985590778097982
0.1778006166495375	0.9985569985569985
0.1775436793422405	0.9985549132947977
0.17728674203494346	0.9985528219971056
0.17702980472764646	0.9985507246376811
0.17677286742034942	0.9985486211901307
0.17651593011305242	0.998546511627907
0.17625899280575538	0.9985443959243085
0.17600205549845838	0.9985422740524781
0.17574511819116137	0.9985401459854014
0.17548818088386434	0.9985380116959064
0.17523124357656733	0.9985358711566618
0.1749743062692703	0.998533724340176
0.1747173689619733	0.9985315712187959
0.17446043165467626	0.9985294117647059
0.17420349434737925	0.9985272459499264
0.17394655704008222	0.9985250737463127
0.1736896197327852	0.9985228951255539
0.17343268242548818	0.9985207100591716
0.17317574511819117	0.9985185185185185
0.17291880781089414	0.9985163204747775
0.17266187050359713	0.9985141158989599
0.1724049331963001	0.9985119047619048
0.1721479958890031	0.9985096870342772
0.17189105858170606	0.9985074626865672
0.17163412127440905	0.9985052316890882
0.17137718396711202	0.9985029940119761
0.171120246659815	0.9985007496251874
0.17086330935251798	0.9984984984984985
0.17060637204522097	0.9984962406015038
0.17034943473792394	0.9984939759036144
0.17009249743062693	0.9984917043740573
0.1698355601233299	0.9984894259818731
0.1695786228160329	0.9984871406959153
0.16932168550873586	0.9984848484848485
0.16906474820143885	0.9984825493171472
0.16880781089414182	0.9984802431610942
0.1685508735868448	0.9984779299847792
0.16829393627954778	0.9984756097560976
0.16803699897225077	0.9984732824427481
0.16778006166495374	0.9984709480122325
0.16752312435765673	0.998468606431853
0.1672661870503597	0.9984662576687117
0.1670092497430627	0.9984639016897081
0.16675231243576566	0.9984615384615385
0.16649537512846865	0.9984591679506933
0.16623843782117165	0.9984567901234568
0.1659815005138746	0.9984544049459042
0.1657245632065776	0.9984520123839009
0.16546762589928057	0.9984496124031008
0.16521068859198357	0.9984472049689441
0.16495375128468653	0.9984447900466563
0.16469681397738953	0.9984423676012462
0.1644398766700925	0.9984399375975039
0.1641829393627955	0.9984375
0.16392600205549845	0.9984350547730829
0.16366906474820145	0.9984326018808778
0.16341212744090441	0.9984301412872841
0.1631551901336074	0.9984276729559748
0.16289825282631037	0.9984251968503937
0.16264131551901337	0.998422712933754
0.16238437821171633	0.9984202211690363
0.16212744090441933	0.9984177215189873
0.1618705035971223	0.9984152139461173
0.1616135662898253	0.9984126984126984
0.16135662898252826	0.9984101748807631
0.16109969167523125	0.9984076433121019
0.16084275436793422	0.9984051036682615
0.1605858170606372	0.9984025559105432
0.16032887975334018	0.9984
0.16007194244604317	0.9983974358974359
0.15981500513874614	0.9983948635634029
0.15955806783144913	0.9983922829581994
0.1593011305241521	0.998389694041868
0.1590441932168551	0.9983870967741936
0.15878725590955806	0.9983844911147012
0.15853031860226105	0.9983818770226537
0.15827338129496402	0.9983792544570502
0.158016443987667	0.9983766233766234
0.15775950668036998	0.9983739837398374
0.15750256937307297	0.998371335504886
0.15724563206577596	0.99836867862969
0.15698869475847893	0.9983660130718954
0.15673175745118192	0.9983633387888707
0.1564748201438849	0.9983606557377049
0.15621788283658788	0.9983579638752053
0.15596094552929085	0.9983552631578947
0.15570400822199384	0.9983525535420099
0.1554470709146968	0.9983498349834984
0.1551901336073998	0.9983471074380166
0.15493319630010277	0.9983443708609272
0.15467625899280577	0.9983416252072969
0.15441932168550873	0.9983388704318937
0.15416238437821173	0.9983361064891847
0.1539054470709147	0.9983333333333333
0.15364850976361769	0.998330550918197
0.15339157245632065	0.9983277591973244
0.15313463514902365	0.998324958123953
0.1528776978417266	0.9983221476510067
0.1526207605344296	0.9983193277310924
0.15236382322713257	0.9983164983164983
0.15210688591983557	0.9983136593591906
0.15184994861253853	0.9983108108108109
0.15159301130524153	0.9983079526226735
0.1513360739979445	0.9983050847457627
0.1510791366906475	0.99830220713073
0.15082219938335045	0.9982993197278912
0.15056526207605345	0.9982964224872232
0.1503083247687564	0.9982935153583617
0.1500513874614594	0.9982905982905983
0.14979445015416237	0.9982876712328768
0.14953751284686537	0.9982847341337907
0.14928057553956833	0.9982817869415808
0.14902363823227133	0.9982788296041308
0.1487667009249743	0.9982758620689656
0.1485097636176773	0.998272884283247
0.14825282631038025	0.9982698961937716
0.14799588900308325	0.9982668977469671
0.14773895169578624	0.9982638888888888
0.1474820143884892	0.9982608695652174
0.1472250770811922	0.9982578397212544
0.14696813977389517	0.9982547993019197
0.14671120246659816	0.9982517482517482
0.14645426515930113	0.9982486865148862
0.14619732785200412	0.9982456140350877
0.1459403905447071	0.9982425307557118
0.14568345323741008	0.9982394366197183
0.14542651593011305	0.9982363315696648
0.14516957862281604	0.9982332155477032
0.144912641315519	0.9982300884955753
0.144655704008222	0.99822695035461
0.14439876670092497	0.9982238010657194
0.14414182939362796	0.998220640569395
0.14388489208633093	0.9982174688057041
0.14362795477903392	0.9982142857142857
0.1433710174717369	0.998211091234347
0.14285714285714285	0.9982046678635548
0.14260020554984584	0.9982014388489209
0.1423432682425488	0.9981981981981982
0.1420863309352518	0.9981949458483754
0.14182939362795477	0.9981916817359855
0.14157245632065776	0.9981884057971014
0.14131551901336073	0.9981851179673321
0.14105858170606372	0.9981818181818182
0.1408016443987667	0.9981785063752276
0.14054470709146968	0.9981751824817519
0.14028776978417265	0.9981718464351006
0.14003083247687564	0.9981684981684982
0.1397738951695786	0.998165137614679
0.1395169578622816	0.9981617647058824
0.13926002055498457	0.998158379373849
0.13900308324768756	0.9981549815498155
0.13874614594039056	0.9981515711645101
0.13848920863309352	0.9981481481481481
0.13823227132579652	0.9981447124304267
0.13797533401849948	0.9981412639405205
0.13771839671120248	0.9981378026070763
0.13746145940390544	0.9981343283582089
0.13720452209660844	0.9981308411214953
0.1369475847893114	0.99812734082397
0.1366906474820144	0.99812382739212
0.13643371017471737	0.9981203007518797
0.13617677286742036	0.9981167608286252
0.13591983556012333	0.9981132075471698
0.13566289825282632	0.998109640831758
0.13540596094552929	0.9981060606060606
0.13489208633093525	0.9980988593155894
0.13463514902363824	0.9980952380952381
0.1343782117163412	0.9980916030534351
0.1341212744090442	0.9980879541108987
0.13386433710174717	0.9980842911877394
0.13360739979445016	0.9980806142034548
0.13335046248715313	0.9980769230769231
0.13309352517985612	0.9980732177263969
0.1328365878725591	0.9980694980694981
0.13257965056526208	0.9980657640232108
0.13232271325796505	0.998062015503876
0.13206577595066804	0.9980582524271845
0.131808838643371	0.9980544747081712
0.131551901336074	0.9980506822612085
0.13129496402877697	0.998046875
0.13103802672147996	0.9980430528375733
0.13078108941418293	0.9980392156862745
0.13052415210688592	0.9980353634577603
0.1302672147995889	0.9980314960629921
0.13001027749229188	0.9980276134122288
0.12975334018499485	0.9980237154150198
0.12949640287769784	0.998019801980198
0.12923946557040084	0.998015873015873
0.1289825282631038	0.9980119284294234
0.1287255909558068	0.99800796812749
0.12846865364850976	0.998003992015968
0.12821171634121276	0.998
0.12795477903391572	0.9979959919839679
0.12769784172661872	0.9979919678714859
0.12744090441932168	0.9979879275653923
0.12718396711202468	0.9979838709677419
0.12692702980472764	0.997979797979798
0.12667009249743064	0.9979757085020243
0.1264131551901336	0.9979716024340771
0.1261562178828366	0.9979674796747967
0.12589928057553956	0.9979633401221996
0.12564234326824256	0.9979591836734694
0.12538540596094552	0.9979550102249489
0.12512846865364852	0.9979508196721312
0.1248715313463515	0.997946611909651
0.12461459403905448	0.9979423868312757
0.12384378211716342	0.9979296066252588
0.1235868448098664	0.9979253112033195
0.12332990750256938	0.997920997920998
0.12307297019527236	0.9979166666666667
0.12281603288797534	0.9979123173277662
0.1223021582733813	0.9979035639412998
0.12204522096608428	0.9978991596638656
0.12178828365878726	0.9978947368421053
0.12153134635149024	0.9978902953586498
0.12127440904419322	0.9978858350951374
0.1210174717368962	0.9978813559322034
0.12076053442959918	0.9978768577494692
0.12050359712230216	0.997872340425532
0.12024665981500514	0.997867803837953
0.11998972250770812	0.9978632478632479
0.11947584789311408	0.9978540772532188
0.11921891058581706	0.9978494623655914
0.11896197327852004	0.9978448275862069
0.11870503597122302	0.9978401727861771
0.118448098663926	0.9978354978354979
0.11819116135662898	0.9978308026030369
0.11793422404933196	0.9978260869565218
0.11767728674203494	0.9978213507625272
0.11742034943473792	0.9978165938864629
0.1171634121274409	0.9978118161925602
0.11690647482014388	0.9978070175438597
0.11664953751284686	0.9978021978021978
0.11639260020554984	0.9977973568281938
0.11613566289825282	0.9977924944812362
0.1158787255909558	0.9977876106194691
0.1156217882836588	0.9977827050997783
0.11536485097636177	0.9977777777777778
0.11510791366906475	0.9977728285077951
0.11485097636176773	0.9977678571428571
0.11459403905447071	0.9977628635346756
0.1143371017471737	0.9977578475336323
0.11408016443987667	0.9977528089887641
0.11382322713257965	0.9977477477477478
0.11356628982528263	0.9977426636568849
0.11330935251798561	0.997737556561086
0.1130524152106886	0.9977324263038548
0.11279547790339157	0.9977272727272727
0.11253854059609456	0.9977220956719818
0.11228160328879754	0.997716894977169
0.11202466598150052	0.9977116704805492
0.1117677286742035	0.9977064220183486
0.11151079136690648	0.9977011494252873
0.11125385405960946	0.9976958525345622
0.11099691675231244	0.9976905311778291
0.11073997944501542	0.9976851851851852
0.1104830421377184	0.9976798143851509
0.11022610483042138	0.9976744186046511
0.10996916752312436	0.9976689976689976
0.10945529290853032	0.9976580796252927
0.1091983556012333	0.9976525821596244
0.10894141829393628	0.9976470588235294
0.10868448098663926	0.9976415094339622
0.10842754367934224	0.9976359338061466
0.10817060637204522	0.9976303317535545
0.1079136690647482	0.997624703087886
0.10765673175745118	0.9976190476190476
0.10739979445015416	0.9976133651551312
0.10714285714285714	0.9976076555023924
0.10688591983556012	0.9976019184652278
0.1066289825282631	0.9975961538461539
0.10637204522096609	0.9975903614457832
0.10611510791366907	0.9975845410628019
0.10585817060637205	0.9975786924939467
0.10560123329907503	0.9975728155339806
0.10534429599177801	0.9975669099756691
0.10508735868448099	0.9975609756097561
0.10457348406988695	0.9975490196078431
0.10431654676258993	0.9975429975429976
0.10405960945529291	0.9975369458128078
0.10380267214799589	0.9975308641975309
0.10354573484069887	0.9975247524752475
0.10328879753340185	0.9975186104218362
0.10303186022610483	0.9975124378109452
0.10277492291880781	0.9975062344139651
0.10226104830421377	0.9974937343358395
0.10200411099691675	0.9974874371859297
0.10174717368961973	0.9974811083123426
0.10149023638232271	0.9974747474747475
0.10123329907502569	0.9974683544303797
0.10097636176772867	0.9974619289340102
0.10046248715313463	0.9974489795918368
0.10020554984583761	0.9974424552429667
0.0999486125385406	0.9974358974358974
0.09969167523124357	0.9974293059125964
0.09943473792394655	0.9974226804123711
0.09917780061664953	0.9974160206718347
0.09892086330935251	0.9974093264248705
0.0986639260020555	0.9974025974025974
0.09840698869475847	0.9973958333333334
0.09815005138746145	0.9973890339425587
0.09789311408016443	0.9973821989528796
0.09763617677286741	0.9973753280839895
0.0973792394655704	0.9973684210526316
0.09712230215827339	0.9973614775725593
0.09686536485097637	0.9973544973544973
0.09660842754367935	0.9973474801061007
0.09635149023638233	0.9973404255319149
0.09609455292908531	0.9973333333333333
0.09583761562178829	0.9973262032085561
0.09558067831449127	0.9973190348525469
0.09532374100719425	0.9973118279569892
0.09506680369989723	0.9973045822102425
0.09480986639260021	0.9972972972972973
0.09455292908530319	0.997289972899729
0.09429599177800617	0.9972826086956522
0.09403905447070915	0.997275204359673
0.09378211716341213	0.9972677595628415
0.09352517985611511	0.9972602739726028
0.09326824254881809	0.9972527472527473
0.09301130524152107	0.9972451790633609
0.09275436793422405	0.9972375690607734
0.09249743062692703	0.997229916897507
0.09224049331963001	0.9972222222222222
0.09198355601233299	0.9972144846796658
0.09172661870503597	0.9972067039106145
0.09146968139773895	0.9971988795518207
0.09121274409044193	0.9971910112359551
0.09095580678314491	0.9971830985915493
0.09069886947584789	0.9971751412429378
0.09044193216855087	0.9971671388101983
0.09018499486125385	0.9971590909090909
0.08992805755395683	0.9971509971509972
0.08967112024665981	0.9971428571428571
0.08941418293936279	0.997134670487106
0.08915724563206577	0.9971264367816092
0.08890030832476875	0.9971181556195965
0.08864337101747173	0.9971098265895953
0.08838643371017471	0.9971014492753624
0.08812949640287769	0.997093023255814
0.08787255909558069	0.9970845481049563
0.08761562178828367	0.9970760233918129
0.08735868448098665	0.9970674486803519
0.08710174717368963	0.9970588235294118
0.0868448098663926	0.9970501474926253
0.08658787255909559	0.9970414201183432
0.08633093525179857	0.9970326409495549
0.08607399794450155	0.9970238095238095
0.08581706063720453	0.9970149253731343
0.0855601233299075	0.9970059880239521
0.08530318602261049	0.996996996996997
0.08504624871531347	0.9969879518072289
0.08478931140801645	0.9969788519637462
0.08453237410071943	0.996969696969697
0.0842754367934224	0.9969604863221885
0.08401849948612539	0.9969512195121951
0.08376156217882837	0.9969418960244648
0.08350462487153135	0.9969325153374233
0.08324768756423433	0.9969230769230769
0.0829907502569373	0.9969135802469136
0.08273381294964029	0.9969040247678018
0.08247687564234327	0.9968944099378882
0.08221993833504625	0.9968847352024922
0.08196300102774923	0.996875
0.08170606372045221	0.9968652037617555
0.08144912641315519	0.9968553459119497
0.08119218910585817	0.9968454258675079
0.08093525179856115	0.9968354430379747
0.08067831449126413	0.9968253968253968
0.08042137718396711	0.9968152866242038
0.08016443987667009	0.9968051118210862
0.07990750256937307	0.9967948717948718
0.07965056526207605	0.9967845659163987
0.07939362795477903	0.9967741935483871
0.07913669064748201	0.9967637540453075
0.07887975334018499	0.9967532467532467
0.07862281603288798	0.996742671009772
0.07836587872559096	0.9967320261437909
0.07810894141829394	0.9967213114754099
0.07785200411099692	0.9967105263157895
0.0775950668036999	0.9966996699669967
0.07733812949640288	0.9966887417218543
0.07708119218910586	0.9966777408637874
0.07682425488180884	0.9966666666666667
0.07656731757451182	0.9966555183946488
0.0763103802672148	0.9966442953020134
0.07605344295991778	0.9966329966329966
0.07579650565262076	0.9966216216216216
0.07553956834532374	0.9966101694915255
0.07528263103802672	0.9965986394557823
0.0750256937307297	0.9965870307167235
0.07476875642343268	0.9965753424657534
0.07451181911613566	0.9965635738831615
0.07425488180883864	0.996551724137931
0.07399794450154162	0.9965397923875432
0.0737410071942446	0.9965277777777778
0.07348406988694758	0.9965156794425087
0.07322713257965056	0.9965034965034965
0.07297019527235354	0.9964912280701754
0.07271325796505652	0.9964788732394366
0.0724563206577595	0.9964664310954063
0.07219938335046248	0.9964539007092199
0.07194244604316546	0.99644128113879
0.07168550873586844	0.9964285714285714
0.07142857142857142	0.996415770609319
0.0711716341212744	0.9964028776978417
0.07091469681397738	0.9963898916967509
0.07065775950668036	0.9963768115942029
0.07040082219938334	0.9963636363636363
0.07014388489208633	0.9963503649635036
0.0698869475847893	0.9963369963369964
0.06963001027749229	0.9963235294117647
0.06911613566289826	0.9962962962962963
0.06885919835560124	0.9962825278810409
0.06860226104830422	0.996268656716418
0.0683453237410072	0.9962546816479401
0.06808838643371018	0.9962406015037594
0.06783144912641316	0.9962264150943396
0.06757451181911614	0.9962121212121212
0.06731757451181912	0.9961977186311787
0.0670606372045221	0.9961832061068703
0.06680369989722508	0.9961685823754789
0.06654676258992806	0.9961538461538462
0.06628982528263104	0.9961389961389961
0.06603288797533402	0.9961240310077519
0.065775950668037	0.9961089494163424
0.06551901336073998	0.99609375
0.06526207605344296	0.996078431372549
0.06500513874614594	0.9960629921259843
0.06474820143884892	0.9960474308300395
0.0644912641315519	0.996031746031746
0.06423432682425488	0.9960159362549801
0.06397738951695786	0.996
0.06372045220966084	0.9959839357429718
0.06346351490236382	0.9959677419354839
0.0632065775950668	0.9959514170040485
0.06294964028776978	0.9959349593495935
0.06269270298047276	0.9959183673469387
0.06243576567317575	0.9959016393442623
0.06217882836587873	0.9958847736625515
0.06192189105858171	0.9958677685950413
0.06166495375128469	0.995850622406639
0.06140801644398767	0.9958333333333333
0.06115107913669065	0.99581589958159
0.06089414182939363	0.9957983193277311
0.06063720452209661	0.9957805907172996
0.06012332990750257	0.9957446808510638
0.05986639260020555	0.9957264957264957
0.05960945529290853	0.9957081545064378
0.05935251798561151	0.9956896551724138
0.05909558067831449	0.9956709956709957
0.05883864337101747	0.9956521739130435
0.05858170606372045	0.9956331877729258
0.05832476875642343	0.9956140350877193
0.05806783144912641	0.9955947136563876
0.0578108941418294	0.995575221238938
0.05755395683453238	0.9955555555555555
0.05729701952723536	0.9955357142857143
0.05704008221993834	0.9955156950672646
0.05678314491264132	0.9954954954954955
0.0565262076053443	0.995475113122172
0.05626927029804728	0.9954545454545455
0.05601233299075026	0.9954337899543378
0.05575539568345324	0.9954128440366973
0.05549845837615622	0.9953917050691244
0.0552415210688592	0.9953703703703703
0.05472764645426516	0.9953271028037384
0.05447070914696814	0.9953051643192489
0.05421377183967112	0.9952830188679245
0.0539568345323741	0.995260663507109
0.05369989722507708	0.9952380952380953
0.05344295991778006	0.9952153110047847
0.053186022610483046	0.9951923076923077
0.052929085303186026	0.9951690821256038
0.052672147995889006	0.9951456310679612
0.052415210688591986	0.9951219512195122
0.052158273381294966	0.9950980392156863
0.051901336073997946	0.9950738916256158
0.051644398766700926	0.995049504950495
0.051387461459403906	0.9950248756218906
0.051130524152106886	0.995
0.050873586844809866	0.9949748743718593
0.050359712230215826	0.9949238578680203
0.05010277492291881	0.9948979591836735
0.04984583761562179	0.9948717948717949
0.04958890030832477	0.9948453608247423
0.04933196300102775	0.9948186528497409
0.04907502569373073	0.9947916666666666
0.04881808838643371	0.9947643979057592
0.048561151079136694	0.9947368421052631
0.048047276464542654	0.9946808510638298
0.047790339157245634	0.9946524064171123
0.047533401849948614	0.9946236559139785
0.047276464542651594	0.9945945945945946
0.047019527235354575	0.9945652173913043
0.046762589928057555	0.994535519125683
0.046505652620760535	0.9945054945054945
0.046248715313463515	0.994475138121547
0.045991778006166495	0.9944444444444445
0.045734840698869475	0.994413407821229
0.045477903391572455	0.9943820224719101
0.045220966084275435	0.9943502824858758
0.044964028776978415	0.9943181818181818
0.044707091469681395	0.9942857142857143
0.044450154162384375	0.9942528735632183
0.044193216855087356	0.9942196531791907
0.04393627954779034	0.9941860465116279
0.04367934224049332	0.9941520467836257
0.0434224049331963	0.9941176470588236
0.04290853031860226	0.9940476190476191
0.04265159301130524	0.9940119760479041
0.04239465570400822	0.9939759036144579
0.0421377183967112	0.9939393939393939
0.04188078108941418	0.9939024390243902
0.04162384378211716	0.9938650306748467
0.04136690647482014	0.9938271604938271
0.041109969167523124	0.9937888198757764
0.040853031860226104	0.99375
0.040596094552929084	0.9937106918238994
0.040339157245632064	0.9936708860759493
0.040082219938335044	0.9936305732484076
0.039825282631038024	0.9935897435897436
0.039568345323741004	0.9935483870967742
0.03931140801644399	0.9935064935064936
0.03905447070914697	0.9934640522875817
0.03879753340184995	0.993421052631579
0.03854059609455293	0.9933774834437086
0.03828365878725591	0.9933333333333333
0.03802672147995889	0.9932885906040269
0.03776978417266187	0.9932432432432432
0.03751284686536485	0.9931972789115646
0.03725590955806783	0.9931506849315068
0.03699897225077081	0.993103448275862
0.03674203494347379	0.9930555555555556
0.03648509763617677	0.993006993006993
0.03622816032887975	0.9929577464788732
0.03597122302158273	0.9929078014184397
0.03571428571428571	0.9928571428571429
0.03545734840698869	0.9928057553956835
0.03520041109969167	0.9927536231884058
0.03494347379239465	0.9927007299270073
0.03468653648509764	0.9926470588235294
0.03442959917780062	0.9925925925925926
0.0341726618705036	0.9925373134328358
0.03391572456320658	0.9924812030075187
0.03365878725590956	0.9924242424242424
0.03340184994861254	0.9923664122137404
0.03314491264131552	0.9923076923076923
0.0328879753340185	0.9922480620155039
0.03263103802672148	0.9921875
0.03237410071942446	0.9921259842519685
0.03211716341212744	0.9920634920634921
0.03186022610483042	0.992
0.0316032887975334	0.9919354838709677
0.03134635149023638	0.991869918699187
0.031089414182939364	0.9918032786885246
0.030575539568345324	0.9916666666666667
0.030318602261048305	1.0
0.030061664953751285	1.0
0.029804727646454265	1.0
0.029290853031860225	1.0
0.029033915724563205	1.0
0.02877697841726619	1.0
0.02852004110996917	1.0
0.02826310380267215	1.0
0.02800616649537513	1.0
0.02774922918807811	1.0
0.02749229188078109	1.0
0.02723535457348407	1.0
0.02697841726618705	1.0
0.02672147995889003	1.0
0.026464542651593013	1.0
0.026207605344295993	1.0
0.025693730729701953	1.0
0.025436793422404933	1.0
0.025179856115107913	1.0
0.024922918807810893	1.0
0.024665981500513873	1.0
0.024152106885919837	1.0
0.023895169578622817	1.0
0.023638232271325797	1.0
0.023381294964028777	1.0
0.023124357656731757	1.0
0.022610483042137718	1.0
0.022353545734840698	1.0
0.022096608427543678	1.0
0.02183967112024666	1.0
0.02158273381294964	1.0
0.02132579650565262	1.0
0.02081192189105858	1.0
0.020554984583761562	1.0
0.020298047276464542	1.0
0.020041109969167522	1.0
0.019784172661870502	1.0
0.019527235354573486	1.0
0.019270298047276466	1.0
0.019013360739979446	1.0
0.018756423432682426	1.0
0.018242548818088386	1.0
0.017985611510791366	1.0
0.017728674203494346	1.0
0.017471736896197326	1.0
0.01670092497430627	1.0
0.01644398766700925	1.0
0.01593011305241521	1.0
0.01567317574511819	1.0
0.015416238437821172	1.0
0.015159301130524152	1.0
0.014902363823227132	1.0
0.014645426515930112	1.0
0.014388489208633094	1.0
0.013874614594039054	1.0
0.013617677286742035	1.0
0.013360739979445015	1.0
0.013103802672147996	1.0
0.012846865364850977	1.0
0.012332990750256937	1.0
0.012076053442959919	1.0
0.011819116135662899	1.0
0.011048304213771839	1.0
0.01079136690647482	1.0
0.010277492291880781	1.0
0.010020554984583761	1.0
0.009763617677286743	1.0
0.009249743062692703	1.0
0.007965056526207605	1.0
0.006680369989722507	1.0
0.006166495375128468	1.0
0.005909558067831449	1.0
0.00539568345323741	1.0
0.0051387461459403904	1.0
0.0041109969167523125	1.0
0.003854059609455293	1.0
0.0028263103802672147	1.0
0.0023124357656731757	1.0
0.0010277492291880781	1.0
0.0007708119218910585	1.0
0.0	1.0
