# average_precision["micro"]	0.9998274815521984
recall	precision
1.0	0.8906178489702518
0.999743062692703	0.8905928130006866
0.999743062692703	0.8907967032967034
0.999743062692703	0.8910006869704603
0.999743062692703	0.89120476408612
0.9994861253854059	0.8911798396334479
0.9994861253854059	0.891384051329056
0.9994861253854059	0.8915883566353426
0.9994861253854059	0.8917927556166896
0.9994861253854059	0.8919972483375372
0.9994861253854059	0.8922018348623854
0.9994861253854059	0.8924065152557926
0.9994861253854059	0.8926112895823772
0.9994861253854059	0.8928161579068166
0.9994861253854059	0.8930211202938476
0.9994861253854059	0.8932261768082663
0.9994861253854059	0.8934313275149288
0.9994861253854059	0.8936365724787503
0.9994861253854059	0.8938419117647058
0.9994861253854059	0.8940473454378304
0.9994861253854059	0.8942528735632184
0.9994861253854059	0.8944584962060244
0.9994861253854059	0.8946642134314627
0.9994861253854059	0.8948700253048079
0.9994861253854059	0.8950759318913943
0.9994861253854059	0.8952819332566168
0.9994861253854059	0.89548802946593
0.9994861253854059	0.8956942205848492
0.9994861253854059	0.8959005066789498
0.9994861253854059	0.8961068878138678
0.9994861253854059	0.8963133640552995
0.9994861253854059	0.8965199354690021
0.9994861253854059	0.896726602120793
0.9994861253854059	0.8969333640765507
0.9994861253854059	0.897140221402214
0.9994861253854059	0.8973471741637832
0.9994861253854059	0.8975542224273189
0.9994861253854059	0.897761366258943
0.9994861253854059	0.8979686057248384
0.9994861253854059	0.8981759408912491
0.9994861253854059	0.8983833718244804
0.9994861253854059	0.8985908985908986
0.9994861253854059	0.8987985212569316
0.9994861253854059	0.8990062398890687
0.9994861253854059	0.8992140545538604
0.9994861253854059	0.8994219653179191
0.9994861253854059	0.8996299722479186
0.9994861253854059	0.8998380754105945
0.9994861253854059	0.9000462748727441
0.9994861253854059	0.9002545707012266
0.9994861253854059	0.9004629629629629
0.9994861253854059	0.9006714517249363
0.9994861253854059	0.9008800370541917
0.9994861253854059	0.9010887190178365
0.9994861253854059	0.9012974976830399
0.9994861253854059	0.9015063731170336
0.9994861253854059	0.9017153453871117
0.9994861253854059	0.9019244145606307
0.9994861253854059	0.9021335807050093
0.9994861253854059	0.9023428438877291
0.9994861253854059	0.9025522041763341
0.9994861253854059	0.9027616616384312
0.9994861253854059	0.9029712163416899
0.9994861253854059	0.9031808683538426
0.9994861253854059	0.9033906177426846
0.9994861253854059	0.9036004645760743
0.9994861253854059	0.9038104089219331
0.9994861253854059	0.9040204508482454
0.9994861253854059	0.9042305904230591
0.9994861253854059	0.904440827714485
0.9994861253854059	0.9046511627906977
0.9994861253854059	0.9048615957199349
0.9994861253854059	0.905072126570498
0.9994861253854059	0.9052827554107516
0.9994861253854059	0.9054934823091247
0.9994861253854059	0.9057043073341094
0.9994861253854059	0.9059152305542617
0.9994861253854059	0.9061262520382017
0.9994861253854059	0.9063373718546133
0.9994861253854059	0.9065485900722442
0.9994861253854059	0.9067599067599068
0.9994861253854059	0.906971321986477
0.9994861253854059	0.9071828358208955
0.9994861253854059	0.907394448332167
0.9994861253854059	0.9076061595893608
0.9994861253854059	0.9078179696616102
0.9994861253854059	0.9080298786181139
0.9994861253854059	0.9082418865281345
0.9994861253854059	0.9084539934609995
0.9994861253854059	0.9086661994861014
0.9994861253854059	0.9088785046728972
0.9994861253854059	0.9090909090909091
0.9994861253854059	0.9093034128097242
0.9994861253854059	0.9095160158989947
0.9994861253854059	0.9097287184284378
0.9994861253854059	0.9099415204678363
0.9994861253854059	0.9101544220870379
0.9994861253854059	0.910367423355956
0.9994861253854059	0.9105805243445693
0.9994861253854059	0.910793725122922
0.9994861253854059	0.9110070257611241
0.9994861253854059	0.9112204263293512
0.9994861253854059	0.9114339268978444
0.9994861253854059	0.9116475275369111
0.9994861253854059	0.9118612283169245
0.9994861253854059	0.9120750293083235
0.9994861253854059	0.9122889305816135
0.9994861253854059	0.9125029322073657
0.9994861253854059	0.9127170342562178
0.9994861253854059	0.9129312367988736
0.9994861253854059	0.9131455399061033
0.9994861253854059	0.9133599436487438
0.9994861253854059	0.9135744480976985
0.9994861253854059	0.913789053323937
0.9994861253854059	0.9140037593984962
0.9994861253854059	0.9142185663924794
0.9994861253854059	0.9144334743770569
0.9994861253854059	0.9146484834234658
0.9994861253854059	0.9148635936030104
0.9994861253854059	0.9150788049870618
0.9994861253854059	0.9152941176470588
0.9994861253854059	0.915509531654507
0.9994861253854059	0.9157250470809792
0.9994861253854059	0.9159406639981164
0.9994861253854059	0.916156382477626
0.9994861253854059	0.9163722025912838
0.9994861253854059	0.9165881244109331
0.9994861253854059	0.9168041480084845
0.9994861253854059	0.917020273455917
0.9994861253854059	0.9172365008252771
0.9994861253854059	0.9174528301886793
0.9994861253854059	0.9176692616183062
0.9994861253854059	0.9178857951864087
0.9994861253854059	0.9181024309653056
0.9994861253854059	0.9183191690273843
0.9994861253854059	0.9185360094451004
0.9994861253854059	0.9187529522909778
0.9994861253854059	0.9189699976376092
0.9994861253854059	0.9191871455576559
0.9994861253854059	0.9194043961238478
0.9994861253854059	0.9196217494089834
0.9994861253854059	0.9198392054859305
0.9994861253854059	0.9200567644276254
0.9994861253854059	0.9202744263070736
0.9994861253854059	0.9204921911973497
0.9994861253854059	0.9207100591715977
0.9994861253854059	0.9209280303030303
0.9994861253854059	0.9211461046649302
0.9994861253854059	0.9213642823306489
0.9994861253854059	0.9215825633736081
0.9994861253854059	0.9218009478672986
0.9994861253854059	0.9220194358852809
0.9994861253854059	0.9222380275011854
0.9994861253854059	0.9224567227887124
0.9994861253854059	0.9226755218216319
0.9994861253854059	0.9228944246737841
0.9994861253854059	0.9231134314190793
0.9994861253854059	0.9233325421314977
0.9994861253854059	0.9235517568850902
0.9994861253854059	0.9237710757539777
0.9994861253854059	0.9239904988123515
0.9994861253854059	0.9242100261344738
0.9994861253854059	0.9244296577946768
0.9994861253854059	0.9246493938673639
0.9994861253854059	0.9248692344270091
0.9994861253854059	0.925089179548157
0.9994861253854059	0.9253092293054234
0.9994861253854059	0.9255293837734951
0.9994861253854059	0.9257496430271299
0.9994861253854059	0.9259700071411568
0.9994861253854059	0.9261904761904762
0.9994861253854059	0.9264110502500595
0.9994861253854059	0.92663172939495
0.9994861253854059	0.9268525137002621
0.9994861253854059	0.927073403241182
0.9994861253854059	0.9272943980929678
0.9994861253854059	0.9275154983309489
0.9994861253854059	0.9277367040305271
0.9994861253854059	0.9279580152671756
0.9994861253854059	0.9281794321164399
0.9994861253854059	0.9284009546539379
0.9994861253854059	0.9286225829553593
0.9994861253854059	0.9288443170964661
0.9994861253854059	0.9290661571530929
0.9994861253854059	0.9292881032011466
0.9994861253854059	0.929510155316607
0.9994861253854059	0.9297323135755258
0.9994861253854059	0.9299545780540283
0.9994861253854059	0.9301769488283118
0.9994861253854059	0.9303994259746472
0.9994861253854059	0.930622009569378
0.9994861253854059	0.9308446996889208
0.9994861253854059	0.9310674964097654
0.9994861253854059	0.931290399808475
0.9994861253854059	0.9315134099616859
0.9994861253854059	0.9317365269461078
0.9994861253854059	0.9319597508385242
0.9994861253854059	0.932183081715792
0.9994861253854059	0.9324065196548418
0.9994861253854059	0.9326300647326781
0.9994861253854059	0.9328537170263789
0.9994861253854059	0.9330774766130967
0.9994861253854059	0.9333013435700576
0.9994861253854059	0.9335253179745621
0.9994861253854059	0.9337493999039846
0.9994861253854059	0.9339735894357744
0.9994861253854059	0.9341978866474544
0.9994861253854059	0.9344222916166226
0.9994861253854059	0.9346468044209515
0.9994861253854059	0.9348714251381879
0.9994861253854059	0.9350961538461539
0.9994861253854059	0.9353209906227459
0.9994861253854059	0.9355459355459356
0.9994861253854059	0.9357709886937695
0.9994861253854059	0.9359961501443695
0.9994861253854059	0.9362214199759326
0.9994861253854059	0.9364467982667308
0.9994861253854059	0.936672285095112
0.9994861253854059	0.9368978805394991
0.9994861253854059	0.9371235846783907
0.9994861253854059	0.9373493975903614
0.9994861253854059	0.9375753193540612
0.9994861253854059	0.937801350048216
0.9994861253854059	0.9380274897516276
0.9994861253854059	0.9382537385431742
0.9994861253854059	0.9384800965018094
0.9994861253854059	0.9387065637065637
0.9994861253854059	0.9389331402365436
0.9994861253854059	0.939159826170932
0.9994861253854059	0.9393866215889881
0.9994861253854059	0.9396135265700483
0.9994861253854059	0.939840541193525
0.9994861253854059	0.9400676655389076
0.9994861253854059	0.9402948996857626
0.9994861253854059	0.940522243713733
0.9994861253854059	0.9407496977025392
0.9994861253854059	0.9409772617319787
0.9994861253854059	0.941204935881926
0.9994861253854059	0.941432720232333
0.9994861253854059	0.9416606148632293
0.9994861253854059	0.9418886198547215
0.9994861253854059	0.9421167352869945
0.9994861253854059	0.9423449612403101
0.9994861253854059	0.9425732977950085
0.9994861253854059	0.9428017450315075
0.9994861253854059	0.943030303030303
0.9994861253854059	0.9432589718719689
0.9994861253854059	0.9434877516371574
0.9994861253854059	0.9437166424065987
0.9994861253854059	0.9439456442611017
0.9994861253854059	0.9441747572815534
0.9994861253854059	0.9444039815489197
0.9994861253854059	0.9446333171442448
0.9994861253854059	0.9448627641486519
0.9994861253854059	0.9450923226433431
0.9994861253854059	0.945321992709599
0.9994861253854059	0.9455517744287798
0.9994861253854059	0.9457816678823243
0.9994861253854059	0.9460116731517509
0.9994861253854059	0.9462417903186573
0.9994861253854059	0.9464720194647201
0.9994861253854059	0.9467023606716963
0.9994861253854059	0.9469328140214216
0.9994861253854059	0.947163379595812
0.9994861253854059	0.9473940574768631
0.9994861253854059	0.9476248477466505
0.9994861253854059	0.9478557504873294
0.9994861253854059	0.9480867657811357
0.9994861253854059	0.9483178937103852
0.9994861253854059	0.9485491343574738
0.9994861253854059	0.948780487804878
0.9994861253854059	0.9490119541351549
0.9994861253854059	0.9492435334309419
0.9994861253854059	0.9494752257749572
0.9994861253854059	0.94970703125
0.9994861253854059	0.9499389499389499
0.9994861253854059	0.9501709819247679
0.9994861253854059	0.9504031272904959
0.9994861253854059	0.9506353861192571
0.9994861253854059	0.9508677584942556
0.9994861253854059	0.9511002444987775
0.9994861253854059	0.9513328442161898
0.9994861253854059	0.9515655577299413
0.9994861253854059	0.9517983851235625
0.9994861253854059	0.9520313264806657
0.9994861253854059	0.9522643818849449
0.9994861253854059	0.9524975514201763
0.9994861253854059	0.952730835170218
0.9994861253854059	0.9529642332190102
0.9994861253854059	0.9531977456505758
0.9994861253854059	0.9534313725490197
0.9994861253854059	0.953665113998529
0.9994861253854059	0.9538989700833742
0.9994861253854059	0.9541329408879078
0.9994861253854059	0.9543670264965652
0.9994861253854059	0.9546012269938651
0.9994861253854059	0.9548355424644085
0.9994861253854059	0.95506997299288
0.9994861253854059	0.9553045186640472
0.9994861253854059	0.955539179562761
0.9994861253854059	0.9557739557739557
0.9994861253854059	0.9560088473826494
0.9994861253854059	0.956243854473943
0.9994861253854059	0.9564789771330219
0.9994861253854059	0.9567142154451549
0.9994861253854059	0.956949569495695
0.9994861253854059	0.9571850393700787
0.9994861253854059	0.9574206251538272
0.9994861253854059	0.9576563269325455
0.9994861253854059	0.9578921447919232
0.9994861253854059	0.958128078817734
0.9994861253854059	0.9583641290958365
0.9994861253854059	0.9586002957121735
0.9994861253854059	0.958836578752773
0.9994861253854059	0.9590729783037475
0.9994861253854059	0.9593094944512947
0.9994861253854059	0.9595461272816971
0.9994861253854059	0.9597828768813225
0.9994861253854059	0.9600197433366239
0.9994861253854059	0.9602567267341398
0.9994861253854059	0.9604938271604938
0.9994861253854059	0.9607310447023957
0.9994861253854059	0.9609683794466403
0.9994861253854059	0.9612058314801087
0.9994861253854059	0.9614434008897677
0.9994861253854059	0.9616810877626699
0.9994861253854059	0.9619188921859545
0.9994861253854059	0.9621568142468464
0.9994861253854059	0.9623948540326571
0.9994861253854059	0.9626330116307844
0.9994861253854059	0.9628712871287128
0.9994861253854059	0.9631096806140134
0.9994861253854059	0.9633481921743438
0.9994861253854059	0.9635868218974486
0.9994861253854059	0.9638255698711595
0.9994861253854059	0.9640644361833953
0.9994861253854059	0.9643034209221616
0.9994861253854059	0.9645425241755518
0.9994861253854059	0.964781746031746
0.9994861253854059	0.9650210865790126
0.9994861253854059	0.9652605459057072
0.9994861253854059	0.965500124100273
0.9994861253854059	0.9657398212512414
0.9994861253854059	0.9659796374472311
0.9994861253854059	0.9662195727769498
0.9994861253854059	0.9664596273291925
0.9994861253854059	0.9666998011928429
0.9994861253854059	0.966940094456873
0.9994861253854059	0.9671805072103431
0.9994861253854059	0.9674210395424024
0.9994861253854059	0.9676616915422885
0.9994861253854059	0.9679024632993282
0.9994861253854059	0.9681433549029368
0.9994861253854059	0.9683843664426188
0.9994861253854059	0.9686254980079682
0.9992291880781089	0.9686176836861768
0.9992291880781089	0.9688589935226707
0.9992291880781089	0.9691004236232246
0.9992291880781089	0.9693419740777667
0.9992291880781089	0.9695836449763151
0.9992291880781089	0.9698254364089776
0.9992291880781089	0.9700673484659517
0.9992291880781089	0.970309381237525
0.9992291880781089	0.9705515348140754
0.9992291880781089	0.9707938092860708
0.9992291880781089	0.9710362047440699
0.9992291880781089	0.9712787212787213
0.9992291880781089	0.9715213589807644
0.9992291880781089	0.9717641179410295
0.9992291880781089	0.9720069982504373
0.998972250770812	0.972
0.998972250770812	0.9722430607651913
0.998972250770812	0.9724862431215607
0.998972250770812	0.9727295471603703
0.998972250770812	0.972972972972973
0.998972250770812	0.9732165206508135
0.998972250770812	0.9734601902854282
0.998972250770812	0.9737039819684448
0.998972250770812	0.9739478957915831
0.998972250770812	0.974191931846655
0.998972250770812	0.9744360902255639
0.998972250770812	0.9746803710203058
0.998972250770812	0.9749247743229689
0.998972250770812	0.9751693002257337
0.998972250770812	0.9754139488208731
0.998972250770812	0.9756587202007528
0.998972250770812	0.9759036144578314
0.998972250770812	0.9761486316846598
0.998972250770812	0.9763937719738824
0.998972250770812	0.9766390354182366
0.998972250770812	0.9768844221105528
0.998972250770812	0.9771299321437548
0.998972250770812	0.9773755656108597
0.998972250770812	0.9776213226049786
0.998972250770812	0.9778672032193159
0.998972250770812	0.9781132075471698
0.998972250770812	0.9783593356819326
0.998972250770812	0.9786055877170904
0.998972250770812	0.9788519637462235
0.998972250770812	0.9790984638630068
0.998972250770812	0.979345088161209
0.998972250770812	0.9795918367346939
0.998972250770812	0.9798387096774194
0.998972250770812	0.9800857070834383
0.998972250770812	0.9803328290468987
0.998972250770812	0.9805800756620429
0.998972250770812	0.9808274470232089
0.998972250770812	0.9810749432248297
0.998972250770812	0.9813225643614336
0.998972250770812	0.9815703105276445
0.998972250770812	0.9818181818181818
0.998972250770812	0.9820661783278606
0.998972250770812	0.9823143001515917
0.998972250770812	0.9825625473843821
0.998972250770812	0.9828109201213346
0.998972250770812	0.9830594184576485
0.998972250770812	0.9833080424886191
0.9987153134635149	0.9833038198836327
0.9987153134635149	0.9835526315789473
0.9987153134635149	0.9838015692229816
0.9987153134635149	0.9840506329113924
0.9987153134635149	0.9842998227399342
0.9987153134635149	0.9845491388044579
0.9987153134635149	0.9847985812009121
0.9987153134635149	0.9850481500253421
0.9987153134635149	0.985297845373891
0.9987153134635149	0.9855476673427992
0.9987153134635149	0.9857976160284048
0.9987153134635149	0.9860476915271436
0.9987153134635149	0.9862978939355493
0.9987153134635149	0.9865482233502538
0.9987153134635149	0.9867986798679867
0.9987153134635149	0.9870492635855764
0.9987153134635149	0.9872999745999492
0.9987153134635149	0.9875508130081301
0.9987153134635149	0.9878017789072427
0.9987153134635149	0.9880528723945095
0.9987153134635149	0.9883040935672515
0.9987153134635149	0.9885554425228891
0.9987153134635149	0.9888069193589417
0.9987153134635149	0.989058524173028
0.9987153134635149	0.9893102570628659
0.9987153134635149	0.9895621181262729
0.9987153134635149	0.9898141074611663
0.9987153134635149	0.9900662251655629
0.9987153134635149	0.9903184713375797
0.9987153134635149	0.9905708460754332
0.9987153134635149	0.9908233494774408
0.9987153134635149	0.9910759816420194
0.9987153134635149	0.9913287426676868
0.9987153134635149	0.9915816326530612
0.9987153134635149	0.9918346516968615
0.9987153134635149	0.9920877998979071
0.9987153134635149	0.9923410773551187
0.9987153134635149	0.9925944841675178
0.9987153134635149	0.9928480204342274
0.9987153134635149	0.9931016862544711
0.9987153134635149	0.9933554817275747
0.9987153134635149	0.9936094069529653
0.9987153134635149	0.9938634620301713
0.9987153134635149	0.9941176470588236
0.9987153134635149	0.9943719621386544
0.9987153134635149	0.9946264073694985
0.9987153134635149	0.9948809828512926
0.9987153134635149	0.9951356886840758
0.9987153134635149	0.9953905249679897
0.9987153134635149	0.9956454918032787
0.9987153134635149	0.9959005892902896
0.9987153134635149	0.996155817529472
0.9987153134635149	0.9964111766213791
0.9987153134635149	0.9966666666666667
0.9987153134635149	0.9969222877660938
0.9987153134635149	0.9971780400205233
0.9987153134635149	0.9974339235309212
0.9987153134635149	0.9976899383983573
0.9984583761562179	0.9976893453145058
0.9984583761562179	0.9979455572675912
0.9984583761562179	0.9982019008476753
0.9982014388489209	0.9982014388489209
0.9982014388489209	0.9984579799537394
0.9979445015416238	0.9984575835475579
0.9976875642343268	0.9984571869375161
0.9976875642343268	0.9987139917695473
0.9974306269270298	0.9987136609210188
0.9971736896197327	0.9987133299022131
0.9969167523124358	0.9987129987129987
0.9966598150051388	0.998712667353244
0.9964028776978417	0.9987123358228174
0.9961459403905447	0.9987120041215868
0.9958890030832477	0.9987116722494203
0.9956320657759506	0.9987113402061856
0.9953751284686536	0.9987110079917505
0.9951181911613566	0.9987106756059825
0.9948612538540597	0.9987103430487491
0.9946043165467626	0.9987100103199175
0.9943473792394656	0.9987096774193548
0.9940904419321686	0.9987093443469283
0.9938335046248715	0.9987090111025045
0.9935765673175745	0.9987086776859504
0.9933196300102775	0.9987083440971325
0.9930626927029804	0.9987080103359173
0.9928057553956835	0.9987076764021711
0.9925488180883865	0.9987073422957601
0.9922918807810894	0.9987070080165503
0.9920349434737924	0.9987066735644077
0.9917780061664954	0.9987063389391979
0.9915210688591983	0.9987060041407867
0.9912641315519013	0.9987056691690396
0.9910071942446043	0.9987053340238219
0.9907502569373073	0.9987049987049987
0.9904933196300103	0.9987046632124352
0.9902363823227133	0.9987043275459964
0.9899794450154162	0.9987039917055469
0.9897225077081192	0.9987036556909515
0.9894655704008222	0.9987033195020747
0.9892086330935251	0.9987029831387808
0.9889516957862282	0.9987026466009341
0.9886947584789312	0.9987023098883987
0.9884378211716341	0.9987019730010385
0.9881808838643371	0.9987016359387172
0.9879239465570401	0.9987012987012988
0.987667009249743	0.9987009612886464
0.987410071942446	0.9987006237006237
0.987153134635149	0.9987002859370938
0.986896197327852	0.99869994799792
0.986639260020555	0.9986996098829649
0.986382322713258	0.9986992715920916
0.986125385405961	0.9986989331251627
0.9858684480986639	0.9986985944820406
0.9856115107913669	0.9986982556625879
0.9853545734840699	0.9986979166666666
0.9850976361767728	0.9986975774941391
0.9848406988694759	0.9986972381448671
0.9845837615621789	0.9986968986187126
0.9843268242548818	0.998696558915537
0.9840698869475848	0.9986962190352021
0.9838129496402878	0.9986958789775692
0.9835560123329907	0.9986955387424994
0.9832990750256937	0.9986951983298539
0.9830421377183967	0.9986948577394936
0.9830421377183967	0.9989556135770234
0.9827852004110997	0.9989553408200574
0.9825282631038027	0.9989550679205852
0.9822713257965057	0.9989547948784949
0.9820143884892086	0.9989545216936748
0.9817574511819116	0.9989542483660131
0.9815005138746146	0.9989539748953975
0.9812435765673175	0.9989537012817159
0.9809866392600206	0.998953427524856
0.9807297019527236	0.9989531536247056
0.9804727646454265	0.9989528795811519
0.9802158273381295	0.9989526053940823
0.9799588900308325	0.998952331063384
0.9797019527235354	0.9989520565889441
0.9794450154162384	0.9989517819706499
0.9791880781089414	0.998951507208388
0.9789311408016445	0.9989512323020451
0.9786742034943474	0.998950957251508
0.9784172661870504	0.9989506820566632
0.9781603288797533	0.998950406717397
0.9779033915724563	0.9989501312335958
0.9776464542651593	0.9989498556051457
0.9773895169578622	0.9989495798319328
0.9771325796505652	0.998949303913843
0.9768756423432683	0.998949027850762
0.9766187050359713	0.9989487516425756
0.9763617677286742	0.9989484752891693
0.9761048304213772	0.9989481987904286
0.9758478931140802	0.9989479221462388
0.9755909558067831	0.9989476453564852
0.9753340184994861	0.9989473684210526
0.975077081192189	0.9989470913398263
0.9748201438848921	0.9989468141126909
0.9745632065775951	0.9989465367395312
0.9743062692702981	0.9989462592202318
0.974049331963001	0.9989459815546772
0.973792394655704	0.9989457037427517
0.973535457348407	0.9989454257843395
0.9732785200411099	0.9989451476793249
0.9730215827338129	0.9989448694275916
0.972764645426516	0.9989445910290238
0.9725077081192189	0.9989443124835049
0.9722507708119219	0.9989440337909187
0.9719938335046249	0.9989437549511486
0.9717368961973278	0.9989434759640782
0.9714799588900308	0.9989431968295905
0.9712230215827338	0.9989429175475687
0.9709660842754368	0.9989426381178959
0.9707091469681398	0.9989423585404548
0.9704522096608428	0.9989420788151283
0.9701952723535457	0.9989417989417989
0.9701952723535457	0.999206139190262
0.9699383350462487	0.9992059290629963
0.9696813977389517	0.9992057188244639
0.9694244604316546	0.9992055084745762
0.9691675231243576	0.999205298013245
0.9689105858170607	0.9992050874403816
0.9686536485097637	0.9992048767558972
0.9683967112024666	0.999204665959703
0.9681397738951696	0.9992044550517104
0.9678828365878726	0.9992042440318303
0.9676258992805755	0.9992040328999735
0.9673689619732785	0.9992038216560509
0.9671120246659815	0.9992036102999734
0.9671120246659815	0.9994689325544344
0.9668550873586845	0.999468791500664
0.9665981500513875	0.9994686503719448
0.9663412127440905	0.9994685091682168
0.9660842754367934	0.9994683678894205
0.9658273381294964	0.9994682265354958
0.9655704008221994	0.999468085106383
0.9653134635149023	0.9994679436020218
0.9650565262076053	0.9994678020223523
0.9647995889003084	0.9994676603673144
0.9645426515930113	0.9994675186368477
0.9642857142857143	0.9994673768308922
0.9640287769784173	0.9994672349493873
0.9637718396711202	0.9994670929922729
0.9635149023638232	0.9994669509594882
0.9632579650565262	0.999466808850973
0.9630010277492291	0.9994666666666666
0.9627440904419322	0.9994665244065084
0.9624871531346352	0.9994663820704376
0.9622302158273381	0.9994662396583934
0.9619732785200411	0.999466097170315
0.9617163412127441	0.9994659546061415
0.961459403905447	0.999465811965812
0.96120246659815	0.9994656692492653
0.9609455292908531	0.9994655264564404
0.960688591983556	0.9994653835872761
0.960431654676259	0.9994652406417113
0.960174717368962	0.9994650976196844
0.959917780061665	0.9994649545211343
0.9596608427543679	0.9994648113459995
0.9594039054470709	0.9994646680942184
0.9591469681397738	0.9994645247657296
0.9588900308324769	0.9994643813604713
0.9586330935251799	0.999464237878382
0.9583761562178829	0.9994640943193998
0.9581192189105858	0.9994639506834628
0.9578622816032888	0.9994638069705094
0.9576053442959918	0.9994636631804773
0.9573484069886947	0.9994635193133047
0.9570914696813977	0.9994633753689295
0.9568345323741008	0.9994632313472893
0.9565775950668037	0.9994630872483221
0.9563206577595067	0.9994629430719656
0.9560637204522097	0.9994627988181574
0.9558067831449126	0.999462654486835
0.9555498458376156	0.9994625100779361
0.9552929085303186	0.9994623655913979
0.9550359712230215	0.9994622210271579
0.9547790339157246	0.9994620763851533
0.9545220966084276	0.9994619316653215
0.9542651593011305	0.9994617868675996
0.9540082219938335	0.9994616419919247
0.9537512846865365	0.9994614970382337
0.9534943473792394	0.9994613520064638
0.9532374100719424	0.9994612068965517
0.9529804727646455	0.9994610617084344
0.9527235354573484	0.9994609164420485
0.9524665981500514	0.9994607710973308
0.9522096608427544	0.9994606256742179
0.9519527235354573	0.9994604801726463
0.9516957862281603	0.9994603345925526
0.9514388489208633	0.9994601889338731
0.9511819116135662	0.9994600431965442
0.9509249743062693	0.9994598973805023
0.9506680369989723	0.9994597514856834
0.9504110996916753	0.9994596055120237
0.9501541623843782	0.9994594594594595
0.9498972250770812	0.9994593133279265
0.9496402877697842	0.9994591671173607
0.9493833504624871	0.9994590208276981
0.9491264131551901	0.9994588744588745
0.9488694758478932	0.9994587280108255
0.9486125385405961	0.9994585814834868
0.9483556012332991	0.999458434876794
0.9480986639260021	0.9994582881906826
0.947841726618705	0.999458141425088
0.947584789311408	0.9994579945799458
0.947327852004111	0.9994578476551911
0.9470709146968139	0.9994577006507592
0.946813977389517	0.9994575535665853
0.94655704008222	0.9994574064026045
0.9463001027749229	0.9994572591587517
0.9460431654676259	0.999457111834962
0.9457862281603289	0.9994569644311703
0.9455292908530318	0.9994568169473113
0.9452723535457348	0.9994566693833198
0.9450154162384378	0.9994565217391305
0.9447584789311408	0.9994563740146779
0.9445015416238438	0.9994562262098967
0.9442446043165468	0.9994560783247213
0.9439876670092497	0.999455930359086
0.9437307297019527	0.9994557823129252
0.9434737923946557	0.9994556341861731
0.9432168550873586	0.999455485978764
0.9429599177800617	0.9994553376906318
0.9427029804727647	0.9994551893217107
0.9424460431654677	0.9994550408719346
0.9421891058581706	0.9994548923412374
0.9419321685508736	0.9994547437295529
0.9416752312435765	0.9994545950368149
0.9414182939362795	0.9994544462629569
0.9411613566289825	0.9994542974079127
0.9409044193216856	0.9994541484716157
0.9406474820143885	0.9994539994539995
0.9403905447070915	0.9994538503549972
0.9401336073997945	0.9994537011745425
0.9398766700924974	0.9994535519125683
0.9396197327852004	0.9994534025690079
0.9393627954779034	0.9994532531437944
0.9391058581706063	0.9994531036368608
0.9388489208633094	0.99945295404814
0.9385919835560124	0.999452804377565
0.9383350462487153	0.9994526546250684
0.9380781089414183	0.9994525047905831
0.9378211716341213	0.9994523548740416
0.9375642343268242	0.9994522048753766
0.9373072970195272	0.9994520547945206
0.9370503597122302	0.9994519046314059
0.9367934224049332	0.9994517543859649
0.9365364850976362	0.9994516040581299
0.9362795477903392	0.9994514536478333
0.9360226104830421	0.9994513031550069
0.9357656731757451	0.9994511525795828
0.9355087358684481	0.9994510019214933
0.935251798561151	0.99945085118067
0.9349948612538541	0.9994507003570448
0.9347379239465571	0.9994505494505495
0.93448098663926	0.9994503984611157
0.934224049331963	0.999450247388675
0.933967112024666	0.9994500962331592
0.933710174717369	0.9994499449944995
0.9334532374100719	0.9994497936726272
0.9331963001027749	0.9994496422674739
0.932939362795478	0.9994494907789705
0.9326824254881809	0.9994493392070485
0.9324254881808839	0.9994491875516387
0.9321685508735869	0.9994490358126722
0.9319116135662898	0.9994488839900799
0.9316546762589928	0.9994487320837927
0.9313977389516958	0.9994485800937414
0.9311408016443987	0.9994484280198566
0.9308838643371018	0.999448275862069
0.9306269270298048	0.9994481236203091
0.9303699897225077	0.9994479712945074
0.9301130524152107	0.9994478188845941
0.9298561151079137	0.9994476663904999
0.9295991778006166	0.9994475138121547
0.9293422404933196	0.9994473611494888
0.9290853031860226	0.9994472084024323
0.9288283658787256	0.9994470555709152
0.9285714285714286	0.9994469026548672
0.9283144912641316	0.9994467496542185
0.9280575539568345	0.9994465965688988
0.9278006166495375	0.9994464433988375
0.9275436793422405	0.9994462901439646
0.9272867420349434	0.9994461368042094
0.9270298047276464	0.9994459833795014
0.9267728674203495	0.99944582986977
0.9265159301130524	0.9994456762749445
0.9262589928057554	0.9994455225949542
0.9260020554984584	0.9994453688297282
0.9257451181911613	0.9994452149791956
0.9254881808838643	0.9994450610432852
0.9252312435765673	0.9994449070219261
0.9249743062692704	0.9994447529150472
0.9247173689619733	0.9994445987225771
0.9244604316546763	0.9994444444444445
0.9242034943473793	0.9994442900805779
0.9239465570400822	0.9994441356309061
0.9236896197327852	0.9994439810953573
0.9234326824254881	0.9994438264738599
0.9231757451181911	0.9994436717663422
0.9229188078108942	0.9994435169727324
0.9226618705035972	0.9994433620929585
0.9224049331963001	0.9994432071269488
0.9221479958890031	0.999443052074631
0.9218910585817061	0.9994428969359331
0.921634121274409	0.999442741710783
0.921377183967112	0.9994425863991081
0.921120246659815	0.9994424310008364
0.920863309352518	0.9994422755158952
0.920606372045221	0.999442119944212
0.920349434737924	0.9994419642857143
0.9200924974306269	0.9994418085403294
0.9198355601233299	0.9994416527079844
0.9195786228160329	0.9994414967886065
0.9193216855087358	0.9994413407821229
0.9190647482014388	0.9994411846884604
0.9188078108941419	0.9994410285075461
0.9185508735868448	0.9994408722393067
0.9182939362795478	0.9994407158836689
0.9180369989722508	0.9994405594405594
0.9177800616649537	0.9994404029099049
0.9175231243576567	0.9994402462916316
0.9172661870503597	0.9994400895856663
0.9170092497430626	0.999439932791935
0.9167523124357657	0.9994397759103641
0.9164953751284687	0.9994396189408798
0.9162384378211716	0.999439461883408
0.9159815005138746	0.999439304737875
0.9157245632065776	0.9994391475042064
0.9154676258992805	0.9994389901823282
0.9152106885919835	0.999438832772166
0.9149537512846866	0.9994386752736458
0.9146968139773896	0.9994385176866929
0.9144398766700925	0.9994383600112328
0.9141829393627955	0.999438202247191
0.9139260020554985	0.9994380443944928
0.9136690647482014	0.9994378864530635
0.9134121274409044	0.9994377284228282
0.9131551901336074	0.999437570303712
0.9128982528263104	0.99943741209564
0.9126413155190134	0.9994372537985369
0.9123843782117164	0.9994370954123276
0.9121274409044193	0.9994369369369369
0.9118705035971223	0.9994367783722895
0.9116135662898253	0.9994366197183099
0.9113566289825282	0.9994364609749226
0.9110996916752312	0.9994363021420518
0.9108427543679343	0.9994361432196223
0.9105858170606372	0.9994359842075579
0.9103288797533402	0.9994358251057828
0.9100719424460432	0.9994356659142212
0.9098150051387461	0.999435506632797
0.9095580678314491	0.9994353472614342
0.9093011305241521	0.9994351878000565
0.909044193216855	0.9994350282485875
0.9087872559095581	0.9994348686069511
0.9085303186022611	0.9994347088750707
0.908273381294964	0.9994345490528697
0.908016443987667	0.9994343891402715
0.90775950668037	0.9994342291371995
0.9075025693730729	0.9994340690435767
0.9072456320657759	0.9994339088593264
0.906988694758479	0.9994337485843715
0.906731757451182	0.9994335882186349
0.9064748201438849	0.9994334277620397
0.9062178828365879	0.9994332672145083
0.9059609455292909	0.9994331065759637
0.9057040082219938	0.9994329458463284
0.9054470709146968	0.9994327850255247
0.9051901336073997	0.9994326241134752
0.9049331963001028	0.9994324631101021
0.9046762589928058	0.9994323020153278
0.9044193216855088	0.9994321408290744
0.9041623843782117	0.9994319795512638
0.9039054470709147	0.9994318181818181
0.9036485097636177	0.9994316567206593
0.9033915724563206	0.9994314951677089
0.9031346351490236	0.9994313335228888
0.9028776978417267	0.9994311717861206
0.9026207605344296	0.9994310099573257
0.9023638232271326	0.9994308480364257
0.9021068859198356	0.9994306860233418
0.9018499486125385	0.9994305239179955
0.9015930113052415	0.9994303617203076
0.9013360739979445	0.9994301994301994
0.9010791366906474	0.9994300370475919
0.9008221993833505	0.999429874572406
0.9005652620760535	0.9994297120045623
0.9003083247687564	0.9994295493439818
0.9000513874614594	0.9994293865905849
0.8997944501541624	0.9994292237442922
0.8995375128468653	0.9994290608050242
0.8992805755395683	0.9994288977727013
0.8990236382322713	0.9994287346472437
0.8987667009249743	0.9994285714285714
0.8985097636176773	0.9994284081166047
0.8982528263103803	0.9994282447112636
0.8979958890030832	0.9994280812124678
0.8977389516957862	0.9994279176201373
0.8974820143884892	0.9994277539341917
0.8972250770811921	0.9994275901545506
0.8969681397738952	0.9994274262811337
0.8967112024665982	0.9994272623138603
0.8964542651593012	0.9994270982526496
0.8961973278520041	0.9994269340974212
0.8959403905447071	0.999426769848094
0.89568345323741	0.9994266055045872
0.895426515930113	0.9994264410668197
0.895169578622816	0.9994262765347103
0.8949126413155191	0.9994261119081779
0.894655704008222	0.9994259471871412
0.894398766700925	0.9994257823715188
0.894141829393628	0.9994256174612292
0.8938848920863309	0.9994254524561907
0.8936279547790339	0.9994252873563219
0.8933710174717369	0.9994251221615407
0.8931140801644398	0.9994249568717654
0.8928571428571429	0.999424791486914
0.8926002055498459	0.9994246260069045
0.8923432682425488	0.9994244604316547
0.8920863309352518	0.9994242947610823
0.8918293936279548	0.9994241289951051
0.8915724563206577	0.9994239631336406
0.8913155190133607	0.9994237971766061
0.8910585817060637	0.9994236311239193
0.8908016443987667	0.9994234649754973
0.8905447070914697	0.9994232987312572
0.8902877697841727	0.9994231323911162
0.8900308324768756	0.9994229659549914
0.8897738951695786	0.9994227994227994
0.8895169578622816	0.9994226327944573
0.8892600205549845	0.9994224660698816
0.8890030832476875	0.9994222992489891
0.8887461459403906	0.9994221323316961
0.8884892086330936	0.999421965317919
0.8882322713257965	0.9994217982075745
0.8879753340184995	0.9994216310005783
0.8877183967112025	0.9994214636968469
0.8874614594039054	0.9994212962962963
0.8872045220966084	0.9994211287988423
0.8869475847893115	0.9994209612044007
0.8866906474820144	0.9994207935128874
0.8864337101747174	0.9994206257242179
0.8861767728674204	0.9994204578383077
0.8859198355601233	0.9994202898550725
0.8856628982528263	0.9994201217744274
0.8854059609455293	0.9994199535962877
0.8851490236382322	0.9994197853205686
0.8848920863309353	0.9994196169471852
0.8846351490236383	0.9994194484760522
0.8843782117163412	0.9994192799070848
0.8841212744090442	0.9994191112401976
0.8838643371017472	0.999418942475305
0.8836073997944501	0.999418773612322
0.8833504624871531	0.9994186046511628
0.8830935251798561	0.9994184355917418
0.8828365878725591	0.9994182664339732
0.8825796505652621	0.9994180971777713
0.8823227132579651	0.9994179278230501
0.882065775950668	0.9994177583697235
0.881808838643371	0.9994175888177053
0.881551901336074	0.9994174191669094
0.8812949640287769	0.9994172494172494
0.8810380267214799	0.9994170795686389
0.880781089414183	0.9994169096209913
0.880524152106886	0.9994167395742198
0.8802672147995889	0.9994165694282381
0.8800102774922919	0.9994163991829589
0.8797533401849948	0.9994162288382954
0.8794964028776978	0.9994160583941606
0.8792394655704008	0.9994158878504673
0.8789825282631039	0.9994157172071283
0.8787255909558068	0.9994155464640561
0.8784686536485098	0.9994153756211634
0.8782117163412128	0.9994152046783625
0.8779547790339157	0.9994150336355659
0.8776978417266187	0.9994148624926857
0.8774409044193217	0.9994146912496342
0.8771839671120246	0.9994145199063232
0.8769270298047277	0.9994143484626647
0.8766700924974307	0.9994141769185706
0.8764131551901336	0.9994140052739525
0.8761562178828366	0.9994138335287222
0.8758992805755396	0.999413661682791
0.8756423432682425	0.9994134897360704
0.8753854059609455	0.9994133176884717
0.8751284686536485	0.9994131455399061
0.8748715313463515	0.9994129732902847
0.8746145940390545	0.9994128009395185
0.8743576567317575	0.9994126284875183
0.8741007194244604	0.999412455934195
0.8738437821171634	0.9994122832794593
0.8735868448098664	0.9994121105232217
0.8733299075025693	0.9994119376653925
0.8730729701952723	0.9994117647058823
0.8728160328879754	0.9994115916446014
0.8725590955806783	0.9994114184814596
0.8723021582733813	0.9994112452163674
0.8720452209660843	0.9994110718492344
0.8717882836587872	0.9994108983799705
0.8715313463514902	0.9994107248084856
0.8712744090441932	0.999410551134689
0.8710174717368961	0.9994103773584906
0.8707605344295992	0.9994102034797995
0.8705035971223022	0.9994100294985251
0.8702466598150052	0.9994098554145766
0.8699897225077081	0.999409681227863
0.8697327852004111	0.9994095069382934
0.869475847893114	0.9994093325457767
0.869218910585817	0.9994091580502216
0.8689619732785201	0.9994089834515366
0.8687050359712231	0.9994088087496305
0.868448098663926	0.9994086339444116
0.868191161356629	0.9994084590357882
0.867934224049332	0.9994082840236687
0.8676772867420349	0.999408108907961
0.8674203494347379	0.9994079336885732
0.8671634121274409	0.9994077583654131
0.8669064748201439	0.9994075829383886
0.8666495375128469	0.9994074074074074
0.8663926002055499	0.999407231772377
0.8661356628982528	0.9994070560332049
0.8658787255909558	0.9994068801897983
0.8656217882836588	0.9994067042420647
0.8653648509763617	0.9994065281899109
0.8651079136690647	0.9994063520332442
0.8648509763617678	0.9994061757719715
0.8645940390544707	0.9994059994059994
0.8643371017471737	0.9994058229352347
0.8640801644398767	0.999405646359584
0.8638232271325796	0.9994054696789536
0.8635662898252826	0.9994052928932501
0.8633093525179856	0.9994051160023796
0.8630524152106885	0.9994049390062482
0.8627954779033916	0.9994047619047619
0.8625385405960946	0.9994045846978268
0.8622816032887975	0.9994044073853484
0.8622816032887975	0.9997021149836163
0.8620246659815005	0.9997020262216925
0.8617677286742035	0.9997019374068554
0.8615107913669064	0.9997018485390579
0.8612538540596094	0.9997017596182524
0.8609969167523125	0.9997016706443914
0.8607399794450155	0.9997015816174276
0.8604830421377184	0.9997014925373134
0.8602261048304214	0.9997014034040012
0.8599691675231244	0.9997013142174432
0.8597122302158273	0.9997012249775918
0.8594552929085303	0.9997011356843993
0.8591983556012333	0.9997010463378176
0.8589414182939363	0.999700956937799
0.8586844809866393	0.9997008674842955
0.8584275436793423	0.9997007779772591
0.8581706063720452	0.9997006884166417
0.8581706063720452	1.0
0.8579136690647482	1.0
0.8576567317574512	1.0
0.8573997944501541	1.0
0.8571428571428571	1.0
0.8568859198355602	1.0
0.8566289825282631	1.0
0.8563720452209661	1.0
0.8561151079136691	1.0
0.855858170606372	1.0
0.855601233299075	1.0
0.855344295991778	1.0
0.8550873586844809	1.0
0.854830421377184	1.0
0.854573484069887	1.0
0.85431654676259	1.0
0.8540596094552929	1.0
0.8538026721479959	1.0
0.8535457348406988	1.0
0.8532887975334018	1.0
0.8530318602261048	1.0
0.8527749229188079	1.0
0.8525179856115108	1.0
0.8522610483042138	1.0
0.8520041109969168	1.0
0.8517471736896197	1.0
0.8514902363823227	1.0
0.8512332990750257	1.0
0.8509763617677287	1.0
0.8507194244604317	1.0
0.8504624871531347	1.0
0.8502055498458376	1.0
0.8499486125385406	1.0
0.8496916752312436	1.0
0.8494347379239465	1.0
0.8491778006166495	1.0
0.8489208633093526	1.0
0.8486639260020555	1.0
0.8484069886947585	1.0
0.8481500513874615	1.0
0.8478931140801644	1.0
0.8476361767728674	1.0
0.8473792394655704	1.0
0.8471223021582733	1.0
0.8468653648509764	1.0
0.8466084275436794	1.0
0.8463514902363823	1.0
0.8460945529290853	1.0
0.8458376156217883	1.0
0.8455806783144912	1.0
0.8453237410071942	1.0
0.8450668036998972	1.0
0.8448098663926003	1.0
0.8445529290853032	1.0
0.8442959917780062	1.0
0.8437821171634121	1.0
0.8435251798561151	1.0
0.843268242548818	1.0
0.843011305241521	1.0
0.8427543679342241	1.0
0.8424974306269271	1.0
0.84224049331963	1.0
0.841983556012333	1.0
0.841726618705036	1.0
0.8414696813977389	1.0
0.8412127440904419	1.0
0.840955806783145	1.0
0.8406988694758479	1.0
0.8404419321685509	1.0
0.8401849948612539	1.0
0.8399280575539568	1.0
0.8396711202466598	1.0
0.8394141829393628	1.0
0.8391572456320657	1.0
0.8389003083247688	1.0
0.8386433710174718	1.0
0.8383864337101747	1.0
0.8381294964028777	1.0
0.8378725590955807	1.0
0.8376156217882836	1.0
0.8373586844809866	1.0
0.8371017471736896	1.0
0.8368448098663926	1.0
0.8365878725590956	1.0
0.8363309352517986	1.0
0.8360739979445015	1.0
0.8358170606372045	1.0
0.8355601233299075	1.0
0.8353031860226104	1.0
0.8350462487153134	1.0
0.8347893114080165	1.0
0.8345323741007195	1.0
0.8342754367934224	1.0
0.8340184994861254	1.0
0.8337615621788284	1.0
0.8335046248715313	1.0
0.8332476875642343	1.0
0.8329907502569374	1.0
0.8324768756423433	1.0
0.8322199383350463	1.0
0.8319630010277492	1.0
0.8317060637204522	1.0
0.8314491264131552	1.0
0.8311921891058581	1.0
0.8309352517985612	1.0
0.8306783144912642	1.0
0.8304213771839671	1.0
0.8301644398766701	1.0
0.8299075025693731	1.0
0.829650565262076	1.0
0.829393627954779	1.0
0.829136690647482	1.0
0.828879753340185	1.0
0.828622816032888	1.0
0.828365878725591	1.0
0.8281089414182939	1.0
0.8278520041109969	1.0
0.8275950668036999	1.0
0.8273381294964028	1.0
0.8270811921891058	1.0
0.8268242548818089	1.0
0.8265673175745119	1.0
0.8263103802672148	1.0
0.8260534429599178	1.0
0.8257965056526207	1.0
0.8255395683453237	1.0
0.8252826310380267	1.0
0.8250256937307296	1.0
0.8247687564234327	1.0
0.8242548818088387	1.0
0.8239979445015416	1.0
0.8237410071942446	1.0
0.8234840698869476	1.0
0.8232271325796505	1.0
0.8229701952723536	1.0
0.8227132579650566	1.0
0.8224563206577595	1.0
0.8221993833504625	1.0
0.8219424460431655	1.0
0.8216855087358684	1.0
0.8214285714285714	1.0
0.8211716341212744	1.0
0.8209146968139774	1.0
0.8206577595066804	1.0
0.8204008221993834	1.0
0.8201438848920863	1.0
0.8198869475847893	1.0
0.8196300102774923	1.0
0.8193730729701952	1.0
0.8191161356628982	1.0
0.8188591983556013	1.0
0.8186022610483042	1.0
0.8183453237410072	1.0
0.8180883864337102	1.0
0.8178314491264131	1.0
0.8175745118191161	1.0
0.8173175745118191	1.0
0.817060637204522	1.0
0.8168036998972251	1.0
0.8165467625899281	1.0
0.816289825282631	1.0
0.816032887975334	1.0
0.815775950668037	1.0
0.81551901336074	1.0
0.8152620760534429	1.0
0.8150051387461459	1.0
0.814748201438849	1.0
0.8144912641315519	1.0
0.8142343268242549	1.0
0.8139773895169579	1.0
0.8137204522096608	1.0
0.8134635149023638	1.0
0.8132065775950668	1.0
0.8129496402877698	1.0
0.8126927029804728	1.0
0.8124357656731758	1.0
0.8121788283658787	1.0
0.8119218910585817	1.0
0.8116649537512847	1.0
0.8114080164439876	1.0
0.8111510791366906	1.0
0.8103802672147996	1.0
0.8101233299075026	1.0
0.8098663926002055	1.0
0.8096094552929085	1.0
0.8093525179856115	1.0
0.8090955806783144	1.0
0.8088386433710175	1.0
0.8085817060637205	1.0
0.8083247687564235	1.0
0.8080678314491264	1.0
0.8078108941418294	1.0
0.8075539568345323	1.0
0.8072970195272353	1.0
0.8070400822199383	1.0
0.8067831449126414	1.0
0.8065262076053443	1.0
0.8062692702980473	1.0
0.8060123329907503	1.0
0.8057553956834532	1.0
0.8054984583761562	1.0
0.8052415210688592	1.0
0.8049845837615622	1.0
0.8047276464542652	1.0
0.8044707091469682	1.0
0.8042137718396711	1.0
0.8039568345323741	1.0
0.8036998972250771	1.0
0.80344295991778	1.0
0.803186022610483	1.0
0.8029290853031861	1.0
0.802672147995889	1.0
0.802415210688592	1.0
0.802158273381295	1.0
0.8019013360739979	1.0
0.8016443987667009	1.0
0.8013874614594039	1.0
0.8008735868448099	1.0
0.8006166495375129	1.0
0.8003597122302158	1.0
0.8001027749229188	1.0
0.7998458376156218	1.0
0.7995889003083247	1.0
0.7993319630010277	1.0
0.7990750256937307	1.0
0.7988180883864338	1.0
0.7985611510791367	1.0
0.7983042137718397	1.0
0.7980472764645427	1.0
0.7977903391572456	1.0
0.7975334018499486	1.0
0.7972764645426516	1.0
0.7970195272353545	1.0
0.7967625899280576	1.0
0.7965056526207606	1.0
0.7962487153134635	1.0
0.7959917780061665	1.0
0.7957348406988695	1.0
0.7954779033915724	1.0
0.7952209660842754	1.0
0.7949640287769785	1.0
0.7947070914696814	1.0
0.7944501541623844	1.0
0.7941932168550874	1.0
0.7939362795477903	1.0
0.7936793422404933	1.0
0.7934224049331963	1.0
0.7929085303186023	1.0
0.7926515930113053	1.0
0.7923946557040082	1.0
0.7921377183967112	1.0
0.7918807810894142	1.0
0.7916238437821171	1.0
0.7913669064748201	1.0
0.7911099691675231	1.0
0.7908530318602262	1.0
0.7905960945529291	1.0
0.7903391572456321	1.0
0.790082219938335	1.0
0.789825282631038	1.0
0.789568345323741	1.0
0.789311408016444	1.0
0.7890544707091469	1.0
0.788540596094553	1.0
0.7882836587872559	1.0
0.7880267214799589	1.0
0.7877697841726619	1.0
0.7875128468653648	1.0
0.7872559095580678	1.0
0.7869989722507709	1.0
0.7867420349434738	1.0
0.7864850976361768	1.0
0.7862281603288798	1.0
0.7859712230215827	1.0
0.7857142857142857	1.0
0.7852004110996916	1.0
0.7849434737923947	1.0
0.7846865364850977	1.0
0.7844295991778006	1.0
0.7841726618705036	1.0
0.7839157245632066	1.0
0.7836587872559095	1.0
0.7834018499486125	1.0
0.7831449126413155	1.0
0.7828879753340185	1.0
0.7826310380267215	1.0
0.7823741007194245	1.0
0.7821171634121274	1.0
0.7818602261048304	1.0
0.7816032887975334	1.0
0.7813463514902363	1.0
0.7810894141829393	1.0
0.7808324768756424	1.0
0.7805755395683454	1.0
0.7803186022610483	1.0
0.7800616649537513	1.0
0.7798047276464543	1.0
0.7795477903391572	1.0
0.7792908530318602	1.0
0.7790339157245632	1.0
0.7787769784172662	1.0
0.7785200411099692	1.0
0.7782631038026722	1.0
0.7780061664953751	1.0
0.7777492291880781	1.0
0.7774922918807811	1.0
0.777235354573484	1.0
0.7769784172661871	1.0
0.7767214799588901	1.0
0.776464542651593	1.0
0.776207605344296	1.0
0.775950668036999	1.0
0.7756937307297019	1.0
0.7754367934224049	1.0
0.7751798561151079	1.0
0.774922918807811	1.0
0.7746659815005139	1.0
0.7744090441932169	1.0
0.7741521068859198	1.0
0.7738951695786228	1.0
0.7736382322713258	1.0
0.7733812949640287	1.0
0.7731243576567317	1.0
0.7728674203494348	1.0
0.7726104830421378	1.0
0.7723535457348407	1.0
0.7720966084275437	1.0
0.7718396711202467	1.0
0.7715827338129496	1.0
0.7713257965056526	1.0
0.7710688591983555	1.0
0.7708119218910586	1.0
0.7705549845837616	1.0
0.7702980472764646	1.0
0.7700411099691675	1.0
0.7697841726618705	1.0
0.7695272353545735	1.0
0.7692702980472764	1.0
0.7690133607399794	1.0
0.7687564234326825	1.0
0.7684994861253854	1.0
0.7682425488180884	1.0
0.7679856115107914	1.0
0.7677286742034943	1.0
0.7674717368961973	1.0
0.7672147995889003	1.0
0.7669578622816033	1.0
0.7667009249743063	1.0
0.7664439876670093	1.0
0.7661870503597122	1.0
0.7659301130524152	1.0
0.7656731757451182	1.0
0.7654162384378211	1.0
0.7651593011305241	1.0
0.7649023638232272	1.0
0.7646454265159301	1.0
0.7643884892086331	1.0
0.7641315519013361	1.0
0.763874614594039	1.0
0.763617677286742	1.0
0.763360739979445	1.0
0.763103802672148	1.0
0.762846865364851	1.0
0.762589928057554	1.0
0.762332990750257	1.0
0.7620760534429599	1.0
0.7618191161356629	1.0
0.7615621788283659	1.0
0.7613052415210688	1.0
0.7610483042137718	1.0
0.7607913669064749	1.0
0.7605344295991778	1.0
0.7602774922918808	1.0
0.7600205549845838	1.0
0.7597636176772867	1.0
0.7595066803699897	1.0
0.7592497430626927	1.0
0.7589928057553957	1.0
0.7587358684480987	1.0
0.7584789311408017	1.0
0.7582219938335046	1.0
0.7579650565262076	1.0
0.7577081192189106	1.0
0.7574511819116135	1.0
0.7571942446043165	1.0
0.7569373072970196	1.0
0.7566803699897225	1.0
0.7564234326824255	1.0
0.7561664953751285	1.0
0.7559095580678314	1.0
0.7556526207605344	1.0
0.7553956834532374	1.0
0.7551387461459403	1.0
0.7548818088386434	1.0
0.7546248715313464	1.0
0.7543679342240494	1.0
0.7541109969167523	1.0
0.7538540596094553	1.0
0.7535971223021583	1.0
0.7533401849948612	1.0
0.7530832476875642	1.0
0.7528263103802673	1.0
0.7525693730729702	1.0
0.7523124357656732	1.0
0.7520554984583762	1.0
0.7517985611510791	1.0
0.7515416238437821	1.0
0.7512846865364851	1.0
0.751027749229188	1.0
0.7507708119218911	1.0
0.7505138746145941	1.0
0.750256937307297	1.0
0.75	1.0
0.749743062692703	1.0
0.7494861253854059	1.0
0.7492291880781089	1.0
0.748972250770812	1.0
0.7487153134635149	1.0
0.7484583761562179	1.0
0.7482014388489209	1.0
0.7479445015416238	1.0
0.7476875642343268	1.0
0.7474306269270298	1.0
0.7471736896197327	1.0
0.7469167523124358	1.0
0.7466598150051388	1.0
0.7464028776978417	1.0
0.7461459403905447	1.0
0.7458890030832477	1.0
0.7456320657759506	1.0
0.7453751284686536	1.0
0.7451181911613566	1.0
0.7448612538540597	1.0
0.7446043165467626	1.0
0.7443473792394656	1.0
0.7440904419321686	1.0
0.7438335046248715	1.0
0.7435765673175745	1.0
0.7433196300102775	1.0
0.7430626927029804	1.0
0.7428057553956835	1.0
0.7425488180883865	1.0
0.7422918807810894	1.0
0.7420349434737924	1.0
0.7417780061664954	1.0
0.7415210688591983	1.0
0.7412641315519013	1.0
0.7410071942446043	1.0
0.7407502569373073	1.0
0.7404933196300103	1.0
0.7402363823227133	1.0
0.7399794450154162	1.0
0.7397225077081192	1.0
0.7394655704008222	1.0
0.7392086330935251	1.0
0.7389516957862282	1.0
0.7386947584789312	1.0
0.7384378211716341	1.0
0.7381808838643371	1.0
0.7379239465570401	1.0
0.737667009249743	1.0
0.737410071942446	1.0
0.737153134635149	1.0
0.736896197327852	1.0
0.736639260020555	1.0
0.736382322713258	1.0
0.736125385405961	1.0
0.7358684480986639	1.0
0.7356115107913669	1.0
0.7353545734840699	1.0
0.7350976361767728	1.0
0.7348406988694759	1.0
0.7345837615621789	1.0
0.7343268242548818	1.0
0.7340698869475848	1.0
0.7338129496402878	1.0
0.7335560123329907	1.0
0.7332990750256937	1.0
0.7330421377183967	1.0
0.7327852004110997	1.0
0.7325282631038027	1.0
0.7322713257965057	1.0
0.7320143884892086	1.0
0.7317574511819116	1.0
0.7315005138746146	1.0
0.7312435765673175	1.0
0.7309866392600206	1.0
0.7307297019527236	1.0
0.7304727646454265	1.0
0.7302158273381295	1.0
0.7299588900308325	1.0
0.7297019527235354	1.0
0.7294450154162384	1.0
0.7291880781089414	1.0
0.7289311408016445	1.0
0.7286742034943474	1.0
0.7284172661870504	1.0
0.7281603288797533	1.0
0.7279033915724563	1.0
0.7276464542651593	1.0
0.7273895169578622	1.0
0.7271325796505652	1.0
0.7268756423432683	1.0
0.7266187050359713	1.0
0.7263617677286742	1.0
0.7261048304213772	1.0
0.7258478931140802	1.0
0.7255909558067831	1.0
0.7253340184994861	1.0
0.725077081192189	1.0
0.7248201438848921	1.0
0.7245632065775951	1.0
0.7243062692702981	1.0
0.724049331963001	1.0
0.723792394655704	1.0
0.723535457348407	1.0
0.7232785200411099	1.0
0.7230215827338129	1.0
0.722764645426516	1.0
0.7225077081192189	1.0
0.7222507708119219	1.0
0.7219938335046249	1.0
0.7217368961973278	1.0
0.7214799588900308	1.0
0.7212230215827338	1.0
0.7209660842754368	1.0
0.7207091469681398	1.0
0.7204522096608428	1.0
0.7201952723535457	1.0
0.7199383350462487	1.0
0.7196813977389517	1.0
0.7194244604316546	1.0
0.7191675231243576	1.0
0.7189105858170607	1.0
0.7186536485097637	1.0
0.7183967112024666	1.0
0.7181397738951696	1.0
0.7178828365878726	1.0
0.7176258992805755	1.0
0.7173689619732785	1.0
0.7171120246659815	1.0
0.7168550873586845	1.0
0.7165981500513875	1.0
0.7163412127440905	1.0
0.7160842754367934	1.0
0.7158273381294964	1.0
0.7155704008221994	1.0
0.7153134635149023	1.0
0.7150565262076053	1.0
0.7147995889003084	1.0
0.7145426515930113	1.0
0.7142857142857143	1.0
0.7140287769784173	1.0
0.7137718396711202	1.0
0.7135149023638232	1.0
0.7132579650565262	1.0
0.7130010277492291	1.0
0.7127440904419322	1.0
0.7124871531346352	1.0
0.7122302158273381	1.0
0.7119732785200411	1.0
0.7117163412127441	1.0
0.711459403905447	1.0
0.71120246659815	1.0
0.7109455292908531	1.0
0.710688591983556	1.0
0.710431654676259	1.0
0.710174717368962	1.0
0.709917780061665	1.0
0.7096608427543679	1.0
0.7094039054470709	1.0
0.7091469681397738	1.0
0.7088900308324769	1.0
0.7086330935251799	1.0
0.7083761562178829	1.0
0.7081192189105858	1.0
0.7078622816032888	1.0
0.7076053442959918	1.0
0.7073484069886947	1.0
0.7070914696813977	1.0
0.7068345323741008	1.0
0.7065775950668037	1.0
0.7063206577595067	1.0
0.7060637204522097	1.0
0.7058067831449126	1.0
0.7055498458376156	1.0
0.7052929085303186	1.0
0.7050359712230215	1.0
0.7047790339157246	1.0
0.7045220966084276	1.0
0.7042651593011305	1.0
0.7040082219938335	1.0
0.7037512846865365	1.0
0.7034943473792394	1.0
0.7032374100719424	1.0
0.7029804727646455	1.0
0.7027235354573484	1.0
0.7024665981500514	1.0
0.7022096608427544	1.0
0.7019527235354573	1.0
0.7016957862281603	1.0
0.7014388489208633	1.0
0.7011819116135662	1.0
0.7009249743062693	1.0
0.7006680369989723	1.0
0.7004110996916753	1.0
0.7001541623843782	1.0
0.6998972250770812	1.0
0.6996402877697842	1.0
0.6993833504624871	1.0
0.6991264131551901	1.0
0.6988694758478932	1.0
0.6986125385405961	1.0
0.6983556012332991	1.0
0.6980986639260021	1.0
0.697841726618705	1.0
0.697584789311408	1.0
0.697327852004111	1.0
0.6970709146968139	1.0
0.696813977389517	1.0
0.69655704008222	1.0
0.6963001027749229	1.0
0.6960431654676259	1.0
0.6957862281603289	1.0
0.6955292908530318	1.0
0.6952723535457348	1.0
0.6950154162384378	1.0
0.6947584789311408	1.0
0.6945015416238438	1.0
0.6942446043165468	1.0
0.6939876670092497	1.0
0.6937307297019527	1.0
0.6934737923946557	1.0
0.6932168550873586	1.0
0.6929599177800617	1.0
0.6927029804727647	1.0
0.6924460431654677	1.0
0.6921891058581706	1.0
0.6919321685508736	1.0
0.6916752312435765	1.0
0.6914182939362795	1.0
0.6911613566289825	1.0
0.6909044193216856	1.0
0.6906474820143885	1.0
0.6903905447070915	1.0
0.6901336073997945	1.0
0.6898766700924974	1.0
0.6896197327852004	1.0
0.6893627954779034	1.0
0.6891058581706063	1.0
0.6885919835560124	1.0
0.6883350462487153	1.0
0.6880781089414183	1.0
0.6878211716341213	1.0
0.6875642343268242	1.0
0.6873072970195272	1.0
0.6870503597122302	1.0
0.6867934224049332	1.0
0.6865364850976362	1.0
0.6862795477903392	1.0
0.6860226104830421	1.0
0.6857656731757451	1.0
0.6855087358684481	1.0
0.685251798561151	1.0
0.6849948612538541	1.0
0.6847379239465571	1.0
0.68448098663926	1.0
0.684224049331963	1.0
0.683967112024666	1.0
0.683710174717369	1.0
0.6834532374100719	1.0
0.6831963001027749	1.0
0.682939362795478	1.0
0.6826824254881809	1.0
0.6824254881808839	1.0
0.6821685508735869	1.0
0.6819116135662898	1.0
0.6816546762589928	1.0
0.6813977389516958	1.0
0.6811408016443987	1.0
0.6808838643371018	1.0
0.6806269270298048	1.0
0.6803699897225077	1.0
0.6801130524152107	1.0
0.6798561151079137	1.0
0.6795991778006166	1.0
0.6793422404933196	1.0
0.6790853031860226	1.0
0.6788283658787256	1.0
0.6785714285714286	1.0
0.6783144912641316	1.0
0.6780575539568345	1.0
0.6778006166495375	1.0
0.6775436793422405	1.0
0.6772867420349434	1.0
0.6770298047276464	1.0
0.6767728674203495	1.0
0.6765159301130524	1.0
0.6762589928057554	1.0
0.6760020554984584	1.0
0.6757451181911613	1.0
0.6754881808838643	1.0
0.6752312435765673	1.0
0.6749743062692704	1.0
0.6747173689619733	1.0
0.6744604316546763	1.0
0.6742034943473793	1.0
0.6739465570400822	1.0
0.6736896197327852	1.0
0.6734326824254881	1.0
0.6731757451181911	1.0
0.6729188078108942	1.0
0.6726618705035972	1.0
0.6724049331963001	1.0
0.6721479958890031	1.0
0.6718910585817061	1.0
0.671634121274409	1.0
0.671377183967112	1.0
0.671120246659815	1.0
0.670863309352518	1.0
0.670606372045221	1.0
0.670349434737924	1.0
0.6700924974306269	1.0
0.6698355601233299	1.0
0.6695786228160329	1.0
0.6693216855087358	1.0
0.6690647482014388	1.0
0.6688078108941419	1.0
0.6685508735868448	1.0
0.6682939362795478	1.0
0.6680369989722508	1.0
0.6677800616649537	1.0
0.6675231243576567	1.0
0.6672661870503597	1.0
0.6670092497430626	1.0
0.6667523124357657	1.0
0.6664953751284687	1.0
0.6662384378211716	1.0
0.6659815005138746	1.0
0.6657245632065776	1.0
0.6654676258992805	1.0
0.6652106885919835	1.0
0.6649537512846866	1.0
0.6646968139773896	1.0
0.6644398766700925	1.0
0.6641829393627955	1.0
0.6639260020554985	1.0
0.6636690647482014	1.0
0.6634121274409044	1.0
0.6631551901336074	1.0
0.6628982528263104	1.0
0.6626413155190134	1.0
0.6623843782117164	1.0
0.6621274409044193	1.0
0.6618705035971223	1.0
0.6616135662898253	1.0
0.6613566289825282	1.0
0.6610996916752312	1.0
0.6608427543679343	1.0
0.6605858170606372	1.0
0.6603288797533402	1.0
0.6600719424460432	1.0
0.6598150051387461	1.0
0.6595580678314491	1.0
0.6593011305241521	1.0
0.659044193216855	1.0
0.6587872559095581	1.0
0.6585303186022611	1.0
0.658273381294964	1.0
0.658016443987667	1.0
0.65775950668037	1.0
0.6575025693730729	1.0
0.6572456320657759	1.0
0.656988694758479	1.0
0.656731757451182	1.0
0.6564748201438849	1.0
0.6562178828365879	1.0
0.6559609455292909	1.0
0.6557040082219938	1.0
0.6551901336073997	1.0
0.6549331963001028	1.0
0.6546762589928058	1.0
0.6544193216855088	1.0
0.6541623843782117	1.0
0.6539054470709147	1.0
0.6536485097636177	1.0
0.6533915724563206	1.0
0.6531346351490236	1.0
0.6528776978417267	1.0
0.6526207605344296	1.0
0.6523638232271326	1.0
0.6521068859198356	1.0
0.6518499486125385	1.0
0.6515930113052415	1.0
0.6513360739979445	1.0
0.6510791366906474	1.0
0.6508221993833505	1.0
0.6505652620760535	1.0
0.6503083247687564	1.0
0.6500513874614594	1.0
0.6497944501541624	1.0
0.6495375128468653	1.0
0.6492805755395683	1.0
0.6490236382322713	1.0
0.6485097636176773	1.0
0.6482528263103803	1.0
0.6479958890030832	1.0
0.6477389516957862	1.0
0.6474820143884892	1.0
0.6472250770811921	1.0
0.6469681397738952	1.0
0.6467112024665982	1.0
0.6464542651593012	1.0
0.6461973278520041	1.0
0.6459403905447071	1.0
0.64568345323741	1.0
0.645426515930113	1.0
0.645169578622816	1.0
0.6449126413155191	1.0
0.644655704008222	1.0
0.644398766700925	1.0
0.644141829393628	1.0
0.6438848920863309	1.0
0.6436279547790339	1.0
0.6433710174717369	1.0
0.6431140801644398	1.0
0.6428571428571429	1.0
0.6426002055498459	1.0
0.6423432682425488	1.0
0.6420863309352518	1.0
0.6418293936279548	1.0
0.6415724563206577	1.0
0.6413155190133607	1.0
0.6410585817060637	1.0
0.6408016443987667	1.0
0.6405447070914697	1.0
0.6402877697841727	1.0
0.6400308324768756	1.0
0.6395169578622816	1.0
0.6392600205549845	1.0
0.6390030832476875	1.0
0.6387461459403906	1.0
0.6384892086330936	1.0
0.6382322713257965	1.0
0.6379753340184995	1.0
0.6377183967112025	1.0
0.6374614594039054	1.0
0.6372045220966084	1.0
0.6369475847893115	1.0
0.6364337101747174	1.0
0.6361767728674204	1.0
0.6359198355601233	1.0
0.6356628982528263	1.0
0.6354059609455293	1.0
0.6351490236382322	1.0
0.6348920863309353	1.0
0.6346351490236383	1.0
0.6343782117163412	1.0
0.6341212744090442	1.0
0.6338643371017472	1.0
0.6336073997944501	1.0
0.6333504624871531	1.0
0.6330935251798561	1.0
0.6328365878725591	1.0
0.6325796505652621	1.0
0.632065775950668	1.0
0.631808838643371	1.0
0.631551901336074	1.0
0.6312949640287769	1.0
0.6310380267214799	1.0
0.630781089414183	1.0
0.630524152106886	1.0
0.6302672147995889	1.0
0.6300102774922919	1.0
0.6297533401849948	1.0
0.6294964028776978	1.0
0.6292394655704008	1.0
0.6289825282631039	1.0
0.6287255909558068	1.0
0.6284686536485098	1.0
0.6282117163412128	1.0
0.6279547790339157	1.0
0.6274409044193217	1.0
0.6271839671120246	1.0
0.6269270298047277	1.0
0.6266700924974307	1.0
0.6264131551901336	1.0
0.6261562178828366	1.0
0.6258992805755396	1.0
0.6256423432682425	1.0
0.6253854059609455	1.0
0.6251284686536485	1.0
0.6248715313463515	1.0
0.6246145940390545	1.0
0.6243576567317575	1.0
0.6241007194244604	1.0
0.6238437821171634	1.0
0.6235868448098664	1.0
0.6233299075025693	1.0
0.6230729701952723	1.0
0.6228160328879754	1.0
0.6225590955806783	1.0
0.6223021582733813	1.0
0.6220452209660843	1.0
0.6217882836587872	1.0
0.6215313463514902	1.0
0.6212744090441932	1.0
0.6210174717368961	1.0
0.6207605344295992	1.0
0.6205035971223022	1.0
0.6202466598150052	1.0
0.6199897225077081	1.0
0.6197327852004111	1.0
0.619475847893114	1.0
0.619218910585817	1.0
0.6189619732785201	1.0
0.6187050359712231	1.0
0.618448098663926	1.0
0.618191161356629	1.0
0.617934224049332	1.0
0.6176772867420349	1.0
0.6174203494347379	1.0
0.6171634121274409	1.0
0.6169064748201439	1.0
0.6166495375128469	1.0
0.6163926002055499	1.0
0.6161356628982528	1.0
0.6158787255909558	1.0
0.6156217882836588	1.0
0.6153648509763617	1.0
0.6151079136690647	1.0
0.6148509763617678	1.0
0.6145940390544707	1.0
0.6143371017471737	1.0
0.6140801644398767	1.0
0.6138232271325796	1.0
0.6135662898252826	1.0
0.6133093525179856	1.0
0.6130524152106885	1.0
0.6127954779033916	1.0
0.6125385405960946	1.0
0.6122816032887975	1.0
0.6120246659815005	1.0
0.6117677286742035	1.0
0.6115107913669064	1.0
0.6112538540596094	1.0
0.6107399794450155	1.0
0.6104830421377184	1.0
0.6102261048304214	1.0
0.6099691675231244	1.0
0.6097122302158273	1.0
0.6094552929085303	1.0
0.6091983556012333	1.0
0.6089414182939363	1.0
0.6086844809866393	1.0
0.6081706063720452	1.0
0.6079136690647482	1.0
0.6073997944501541	1.0
0.6071428571428571	1.0
0.6068859198355602	1.0
0.6066289825282631	1.0
0.6063720452209661	1.0
0.6061151079136691	1.0
0.605858170606372	1.0
0.605601233299075	1.0
0.605344295991778	1.0
0.6050873586844809	1.0
0.604830421377184	1.0
0.604573484069887	1.0
0.60431654676259	1.0
0.6040596094552929	1.0
0.6038026721479959	1.0
0.6035457348406988	1.0
0.6032887975334018	1.0
0.6030318602261048	1.0
0.6027749229188079	1.0
0.6025179856115108	1.0
0.6022610483042138	1.0
0.6020041109969168	1.0
0.6017471736896197	1.0
0.6014902363823227	1.0
0.6012332990750257	1.0
0.6009763617677287	1.0
0.6007194244604317	1.0
0.6004624871531347	1.0
0.6002055498458376	1.0
0.5999486125385406	1.0
0.5996916752312436	1.0
0.5994347379239465	1.0
0.5991778006166495	1.0
0.5989208633093526	1.0
0.5986639260020555	1.0
0.5984069886947585	1.0
0.5981500513874615	1.0
0.5978931140801644	1.0
0.5976361767728674	1.0
0.5973792394655704	1.0
0.5971223021582733	1.0
0.5968653648509764	1.0
0.5966084275436794	1.0
0.5963514902363823	1.0
0.5960945529290853	1.0
0.5958376156217883	1.0
0.5955806783144912	1.0
0.5953237410071942	1.0
0.5950668036998972	1.0
0.5948098663926003	1.0
0.5945529290853032	1.0
0.5942959917780062	1.0
0.5940390544707091	1.0
0.5937821171634121	1.0
0.5935251798561151	1.0
0.593268242548818	1.0
0.593011305241521	1.0
0.5927543679342241	1.0
0.5924974306269271	1.0
0.59224049331963	1.0
0.591983556012333	1.0
0.591726618705036	1.0
0.5914696813977389	1.0
0.5912127440904419	1.0
0.590955806783145	1.0
0.5906988694758479	1.0
0.5904419321685509	1.0
0.5901849948612539	1.0
0.5899280575539568	1.0
0.5896711202466598	1.0
0.5894141829393628	1.0
0.5891572456320657	1.0
0.5889003083247688	1.0
0.5886433710174718	1.0
0.5883864337101747	1.0
0.5881294964028777	1.0
0.5878725590955807	1.0
0.5876156217882836	1.0
0.5873586844809866	1.0
0.5868448098663926	1.0
0.5865878725590956	1.0
0.5863309352517986	1.0
0.5860739979445015	1.0
0.5858170606372045	1.0
0.5855601233299075	1.0
0.5853031860226104	1.0
0.5850462487153134	1.0
0.5847893114080165	1.0
0.5845323741007195	1.0
0.5842754367934224	1.0
0.5840184994861254	1.0
0.5837615621788284	1.0
0.5835046248715313	1.0
0.5832476875642343	1.0
0.5829907502569374	1.0
0.5827338129496403	1.0
0.5824768756423433	1.0
0.5822199383350463	1.0
0.5819630010277492	1.0
0.5817060637204522	1.0
0.5814491264131552	1.0
0.5811921891058581	1.0
0.5809352517985612	1.0
0.5806783144912642	1.0
0.5804213771839671	1.0
0.5801644398766701	1.0
0.5799075025693731	1.0
0.579650565262076	1.0
0.579393627954779	1.0
0.579136690647482	1.0
0.578879753340185	1.0
0.578622816032888	1.0
0.578365878725591	1.0
0.5781089414182939	1.0
0.5778520041109969	1.0
0.5775950668036999	1.0
0.5773381294964028	1.0
0.5770811921891058	1.0
0.5768242548818089	1.0
0.5765673175745119	1.0
0.5763103802672148	1.0
0.5760534429599178	1.0
0.5757965056526207	1.0
0.5755395683453237	1.0
0.5752826310380267	1.0
0.5747687564234327	1.0
0.5745118191161357	1.0
0.5742548818088387	1.0
0.5739979445015416	1.0
0.5737410071942446	1.0
0.5734840698869476	1.0
0.5732271325796505	1.0
0.5729701952723536	1.0
0.5727132579650566	1.0
0.5724563206577595	1.0
0.5721993833504625	1.0
0.5719424460431655	1.0
0.5716855087358684	1.0
0.5714285714285714	1.0
0.5711716341212744	1.0
0.5709146968139774	1.0
0.5706577595066804	1.0
0.5704008221993834	1.0
0.5701438848920863	1.0
0.5698869475847893	1.0
0.5696300102774923	1.0
0.5693730729701952	1.0
0.5691161356628982	1.0
0.5688591983556013	1.0
0.5686022610483042	1.0
0.5683453237410072	1.0
0.5680883864337102	1.0
0.5678314491264131	1.0
0.5675745118191161	1.0
0.567060637204522	1.0
0.5668036998972251	1.0
0.5665467625899281	1.0
0.566289825282631	1.0
0.566032887975334	1.0
0.565775950668037	1.0
0.56551901336074	1.0
0.5652620760534429	1.0
0.5650051387461459	1.0
0.564748201438849	1.0
0.5644912641315519	1.0
0.5642343268242549	1.0
0.5639773895169579	1.0
0.5637204522096608	1.0
0.5634635149023638	1.0
0.5629496402877698	1.0
0.5626927029804728	1.0
0.5624357656731758	1.0
0.5621788283658787	1.0
0.5619218910585817	1.0
0.5616649537512847	1.0
0.5614080164439876	1.0
0.5611510791366906	1.0
0.5608941418293937	1.0
0.5606372045220966	1.0
0.5603802672147996	1.0
0.5601233299075026	1.0
0.5598663926002055	1.0
0.5596094552929085	1.0
0.5593525179856115	1.0
0.5590955806783144	1.0
0.5588386433710175	1.0
0.5585817060637205	1.0
0.5583247687564235	1.0
0.5580678314491264	1.0
0.5575539568345323	1.0
0.5572970195272353	1.0
0.5570400822199383	1.0
0.5567831449126414	1.0
0.5565262076053443	1.0
0.5562692702980473	1.0
0.5560123329907503	1.0
0.5557553956834532	1.0
0.5552415210688592	1.0
0.5549845837615622	1.0
0.5544707091469682	1.0
0.5542137718396711	1.0
0.5539568345323741	1.0
0.5536998972250771	1.0
0.55344295991778	1.0
0.553186022610483	1.0
0.5529290853031861	1.0
0.552672147995889	1.0
0.552415210688592	1.0
0.552158273381295	1.0
0.5519013360739979	1.0
0.5516443987667009	1.0
0.5513874614594039	1.0
0.5511305241521068	1.0
0.5508735868448099	1.0
0.5506166495375129	1.0
0.5503597122302158	1.0
0.5501027749229188	1.0
0.5498458376156218	1.0
0.5495889003083247	1.0
0.5493319630010277	1.0
0.5490750256937307	1.0
0.5488180883864338	1.0
0.5485611510791367	1.0
0.5483042137718397	1.0
0.5480472764645427	1.0
0.5477903391572456	1.0
0.5475334018499486	1.0
0.5472764645426516	1.0
0.5470195272353545	1.0
0.5467625899280576	1.0
0.5465056526207606	1.0
0.5462487153134635	1.0
0.5459917780061665	1.0
0.5457348406988695	1.0
0.5454779033915724	1.0
0.5452209660842754	1.0
0.5449640287769785	1.0
0.5447070914696814	1.0
0.5444501541623844	1.0
0.5441932168550874	1.0
0.5439362795477903	1.0
0.5436793422404933	1.0
0.5434224049331963	1.0
0.5431654676258992	1.0
0.5429085303186023	1.0
0.5426515930113053	1.0
0.5423946557040082	1.0
0.5421377183967112	1.0
0.5418807810894142	1.0
0.5416238437821171	1.0
0.5413669064748201	1.0
0.5411099691675231	1.0
0.5408530318602262	1.0
0.5405960945529291	1.0
0.5403391572456321	1.0
0.540082219938335	1.0
0.539825282631038	1.0
0.539568345323741	1.0
0.539311408016444	1.0
0.5390544707091469	1.0
0.53879753340185	1.0
0.538540596094553	1.0
0.5382836587872559	1.0
0.5377697841726619	1.0
0.5375128468653648	1.0
0.5372559095580678	1.0
0.5369989722507709	1.0
0.5367420349434738	1.0
0.5364850976361768	1.0
0.5362281603288798	1.0
0.5359712230215827	1.0
0.5357142857142857	1.0
0.5354573484069887	1.0
0.5352004110996916	1.0
0.5349434737923947	1.0
0.5346865364850977	1.0
0.5344295991778006	1.0
0.5341726618705036	1.0
0.5339157245632066	1.0
0.5336587872559095	1.0
0.5334018499486125	1.0
0.5331449126413155	1.0
0.5328879753340185	1.0
0.5326310380267215	1.0
0.5323741007194245	1.0
0.5321171634121274	1.0
0.5318602261048304	1.0
0.5316032887975334	1.0
0.5313463514902363	1.0
0.5310894141829393	1.0
0.5308324768756424	1.0
0.5305755395683454	1.0
0.5303186022610483	1.0
0.5300616649537513	1.0
0.5298047276464543	1.0
0.5295477903391572	1.0
0.5292908530318602	1.0
0.5290339157245632	1.0
0.5287769784172662	1.0
0.5285200411099692	1.0
0.5282631038026722	1.0
0.5280061664953751	1.0
0.5277492291880781	1.0
0.5274922918807811	1.0
0.527235354573484	1.0
0.5269784172661871	1.0
0.5267214799588901	1.0
0.526207605344296	1.0
0.525950668036999	1.0
0.5256937307297019	1.0
0.5254367934224049	1.0
0.5251798561151079	1.0
0.524922918807811	1.0
0.5246659815005139	1.0
0.5244090441932169	1.0
0.5241521068859198	1.0
0.5238951695786228	1.0
0.5236382322713258	1.0
0.5233812949640287	1.0
0.5231243576567317	1.0
0.5228674203494348	1.0
0.5226104830421378	1.0
0.5223535457348407	1.0
0.5220966084275437	1.0
0.5218396711202467	1.0
0.5215827338129496	1.0
0.5213257965056526	1.0
0.5210688591983555	1.0
0.5208119218910586	1.0
0.5205549845837616	1.0
0.5202980472764646	1.0
0.5200411099691675	1.0
0.5197841726618705	1.0
0.5195272353545735	1.0
0.5192702980472764	1.0
0.5190133607399794	1.0
0.5187564234326825	1.0
0.5184994861253854	1.0
0.5182425488180884	1.0
0.5179856115107914	1.0
0.5177286742034943	1.0
0.5174717368961973	1.0
0.5172147995889003	1.0
0.5167009249743063	1.0
0.5164439876670093	1.0
0.5161870503597122	1.0
0.5159301130524152	1.0
0.5156731757451182	1.0
0.5154162384378211	1.0
0.5151593011305241	1.0
0.5149023638232272	1.0
0.5146454265159301	1.0
0.5143884892086331	1.0
0.5141315519013361	1.0
0.513874614594039	1.0
0.513617677286742	1.0
0.513360739979445	1.0
0.513103802672148	1.0
0.512846865364851	1.0
0.512589928057554	1.0
0.512332990750257	1.0
0.5120760534429599	1.0
0.5118191161356629	1.0
0.5115621788283659	1.0
0.5110483042137718	1.0
0.5107913669064749	1.0
0.5105344295991778	1.0
0.5100205549845838	1.0
0.5097636176772867	1.0
0.5095066803699897	1.0
0.5092497430626927	1.0
0.5089928057553957	1.0
0.5084789311408017	1.0
0.5082219938335046	1.0
0.5077081192189106	1.0
0.5074511819116135	1.0
0.5071942446043165	1.0
0.5069373072970196	1.0
0.5066803699897225	1.0
0.5064234326824255	1.0
0.5061664953751285	1.0
0.5059095580678314	1.0
0.5056526207605344	1.0
0.5053956834532374	1.0
0.5051387461459403	1.0
0.5048818088386434	1.0
0.5046248715313464	1.0
0.5043679342240494	1.0
0.5041109969167523	1.0
0.5038540596094553	1.0
0.5035971223021583	1.0
0.5033401849948612	1.0
0.5030832476875642	1.0
0.5028263103802673	1.0
0.5025693730729702	1.0
0.5023124357656732	1.0
0.5020554984583762	1.0
0.5017985611510791	1.0
0.5015416238437821	1.0
0.5012846865364851	1.0
0.501027749229188	1.0
0.5007708119218911	1.0
0.5005138746145941	1.0
0.500256937307297	1.0
0.5	1.0
0.49974306269270297	1.0
0.499486125385406	1.0
0.49922918807810895	1.0
0.4989722507708119	1.0
0.4987153134635149	1.0
0.4984583761562179	1.0
0.4982014388489209	1.0
0.49794450154162384	1.0
0.4976875642343268	1.0
0.49743062692702983	1.0
0.4971736896197328	1.0
0.49691675231243576	1.0
0.4966598150051387	1.0
0.49640287769784175	1.0
0.4958890030832477	1.0
0.49563206577595065	1.0
0.49537512846865367	1.0
0.49511819116135664	1.0
0.4948612538540596	1.0
0.49460431654676257	1.0
0.4943473792394656	1.0
0.49409044193216856	1.0
0.4938335046248715	1.0
0.4935765673175745	1.0
0.4933196300102775	1.0
0.4930626927029805	1.0
0.49280575539568344	1.0
0.4925488180883864	1.0
0.49229188078108943	1.0
0.4920349434737924	1.0
0.49177800616649536	1.0
0.49152106885919833	1.0
0.49126413155190135	1.0
0.4910071942446043	1.0
0.4907502569373073	1.0
0.4904933196300103	1.0
0.49023638232271327	1.0
0.48997944501541624	1.0
0.4897225077081192	1.0
0.4894655704008222	1.0
0.4892086330935252	1.0
0.48895169578622816	1.0
0.4886947584789311	1.0
0.48843782117163415	1.0
0.4881808838643371	1.0
0.4879239465570401	1.0
0.48766700924974304	1.0
0.48741007194244607	1.0
0.48715313463514903	1.0
0.486896197327852	1.0
0.48663926002055496	1.0
0.486382322713258	1.0
0.48612538540596095	1.0
0.4858684480986639	1.0
0.4856115107913669	1.0
0.4853545734840699	1.0
0.4850976361767729	1.0
0.48484069886947584	1.0
0.4845837615621788	1.0
0.4843268242548818	1.0
0.4840698869475848	1.0
0.48381294964028776	1.0
0.4835560123329907	1.0
0.48329907502569375	1.0
0.4830421377183967	1.0
0.4827852004110997	1.0
0.48252826310380265	1.0
0.48227132579650567	1.0
0.48201438848920863	1.0
0.4817574511819116	1.0
0.48150051387461457	1.0
0.4812435765673176	1.0
0.48098663926002055	1.0
0.4807297019527235	1.0
0.48047276464542654	1.0
0.4799588900308325	1.0
0.47970195272353544	1.0
0.47944501541623846	1.0
0.47918807810894143	1.0
0.4789311408016444	1.0
0.47867420349434736	1.0
0.4784172661870504	1.0
0.47816032887975335	1.0
0.4779033915724563	1.0
0.4776464542651593	1.0
0.4773895169578623	1.0
0.47713257965056527	1.0
0.47687564234326824	1.0
0.4766187050359712	1.0
0.4763617677286742	1.0
0.4761048304213772	1.0
0.47584789311408016	1.0
0.4755909558067831	1.0
0.47533401849948614	1.0
0.4750770811921891	1.0
0.4748201438848921	1.0
0.47456320657759504	1.0
0.47430626927029806	1.0
0.47404933196300103	1.0
0.47353545734840696	1.0
0.47327852004111	1.0
0.47302158273381295	1.0
0.4727646454265159	1.0
0.4725077081192189	1.0
0.4722507708119219	1.0
0.47199383350462487	1.0
0.47173689619732784	1.0
0.47147995889003086	1.0
0.4712230215827338	1.0
0.4709660842754368	1.0
0.47070914696813976	1.0
0.4704522096608428	1.0
0.47019527235354575	1.0
0.4699383350462487	1.0
0.4696813977389517	1.0
0.4694244604316547	1.0
0.46916752312435767	1.0
0.46891058581706063	1.0
0.4686536485097636	1.0
0.4683967112024666	1.0
0.4681397738951696	1.0
0.46788283658787255	1.0
0.4676258992805755	1.0
0.46736896197327854	1.0
0.4671120246659815	1.0
0.4668550873586845	1.0
0.46659815005138744	1.0
0.46634121274409046	1.0
0.4660842754367934	1.0
0.4658273381294964	1.0
0.46557040082219936	1.0
0.4653134635149024	1.0
0.46505652620760535	1.0
0.4647995889003083	1.0
0.4645426515930113	1.0
0.4642857142857143	1.0
0.46402877697841727	1.0
0.46377183967112023	1.0
0.4635149023638232	1.0
0.4632579650565262	1.0
0.4630010277492292	1.0
0.46274409044193215	1.0
0.4624871531346352	1.0
0.46223021582733814	1.0
0.4619732785200411	1.0
0.4617163412127441	1.0
0.4614594039054471	1.0
0.46120246659815006	1.0
0.46094552929085303	1.0
0.460688591983556	1.0
0.460431654676259	1.0
0.45991778006166495	1.0
0.4596608427543679	1.0
0.45940390544707094	1.0
0.4591469681397739	1.0
0.45889003083247687	1.0
0.45863309352517984	1.0
0.45837615621788286	1.0
0.4581192189105858	1.0
0.4578622816032888	1.0
0.45760534429599176	1.0
0.4573484069886948	1.0
0.45709146968139774	1.0
0.4568345323741007	1.0
0.4565775950668037	1.0
0.4563206577595067	1.0
0.45606372045220966	1.0
0.45580678314491263	1.0
0.4555498458376156	1.0
0.4552929085303186	1.0
0.4550359712230216	1.0
0.45477903391572455	1.0
0.4545220966084275	1.0
0.45426515930113054	1.0
0.4540082219938335	1.0
0.45375128468653647	1.0
0.4534943473792395	1.0
0.45323741007194246	1.0
0.4529804727646454	1.0
0.4527235354573484	1.0
0.4524665981500514	1.0
0.4522096608427544	1.0
0.45195272353545735	1.0
0.4516957862281603	1.0
0.4511819116135663	1.0
0.45092497430626927	1.0
0.45066803699897223	1.0
0.45041109969167525	1.0
0.4501541623843782	1.0
0.4498972250770812	1.0
0.44964028776978415	1.0
0.4493833504624872	1.0
0.44912641315519014	1.0
0.4488694758478931	1.0
0.4486125385405961	1.0
0.4483556012332991	1.0
0.44809866392600206	1.0
0.447584789311408	1.0
0.447327852004111	1.0
0.447070914696814	1.0
0.44681397738951695	1.0
0.4465570400822199	1.0
0.44630010277492294	1.0
0.44578622816032887	1.0
0.44552929085303183	1.0
0.44527235354573486	1.0
0.4450154162384378	1.0
0.4447584789311408	1.0
0.44450154162384375	1.0
0.4442446043165468	1.0
0.44398766700924974	1.0
0.4437307297019527	1.0
0.44347379239465573	1.0
0.4432168550873587	1.0
0.44295991778006166	1.0
0.44270298047276463	1.0
0.4421891058581706	1.0
0.4419321685508736	1.0
0.44167523124357655	1.0
0.44141829393627957	1.0
0.44116135662898254	1.0
0.4409044193216855	1.0
0.44064748201438847	1.0
0.4403905447070915	1.0
0.44013360739979446	1.0
0.4398766700924974	1.0
0.4396197327852004	1.0
0.4393627954779034	1.0
0.4391058581706064	1.0
0.43884892086330934	1.0
0.4385919835560123	1.0
0.43833504624871533	1.0
0.4380781089414183	1.0
0.43782117163412126	1.0
0.43756423432682423	1.0
0.43730729701952725	1.0
0.4370503597122302	1.0
0.4367934224049332	1.0
0.43653648509763615	1.0
0.4362795477903392	1.0
0.43602261048304214	1.0
0.4357656731757451	1.0
0.43550873586844807	1.0
0.4352517985611511	1.0
0.434737923946557	1.0
0.43448098663926005	1.0
0.434224049331963	1.0
0.43371017471736895	1.0
0.43345323741007197	1.0
0.43319630010277493	1.0
0.4329393627954779	1.0
0.43268242548818087	1.0
0.4324254881808839	1.0
0.43216855087358685	1.0
0.4319116135662898	1.0
0.4316546762589928	1.0
0.4313977389516958	1.0
0.4311408016443988	1.0
0.43088386433710174	1.0
0.4306269270298047	1.0
0.43036998972250773	1.0
0.4301130524152107	1.0
0.42985611510791366	1.0
0.4295991778006166	1.0
0.42934224049331965	1.0
0.4290853031860226	1.0
0.4288283658787256	1.0
0.42857142857142855	1.0
0.42831449126413157	1.0
0.42805755395683454	1.0
0.4278006166495375	1.0
0.42754367934224047	1.0
0.4272867420349435	1.0
0.42702980472764646	1.0
0.4267728674203494	1.0
0.4265159301130524	1.0
0.4262589928057554	1.0
0.4260020554984584	1.0
0.42574511819116134	1.0
0.42548818088386436	1.0
0.42523124357656733	1.0
0.4249743062692703	1.0
0.42471736896197326	1.0
0.4244604316546763	1.0
0.42420349434737925	1.0
0.4239465570400822	1.0
0.4236896197327852	1.0
0.4234326824254882	1.0
0.42317574511819117	1.0
0.42291880781089414	1.0
0.4226618705035971	1.0
0.4224049331963001	1.0
0.4221479958890031	1.0
0.42189105858170606	1.0
0.421634121274409	1.0
0.42137718396711205	1.0
0.421120246659815	1.0
0.420863309352518	1.0
0.42060637204522094	1.0
0.42034943473792397	1.0
0.42009249743062693	1.0
0.41957862281603286	1.0
0.4193216855087359	1.0
0.41906474820143885	1.0
0.4188078108941418	1.0
0.4185508735868448	1.0
0.4182939362795478	1.0
0.4180369989722508	1.0
0.41778006166495374	1.0
0.4175231243576567	1.0
0.4172661870503597	1.0
0.4170092497430627	1.0
0.41675231243576566	1.0
0.4164953751284687	1.0
0.41623843782117165	1.0
0.4157245632065776	1.0
0.4154676258992806	1.0
0.41521068859198357	1.0
0.41495375128468653	1.0
0.4146968139773895	1.0
0.4144398766700925	1.0
0.4141829393627955	1.0
0.41392600205549845	1.0
0.4136690647482014	1.0
0.41341212744090444	1.0
0.4131551901336074	1.0
0.4128982528263104	1.0
0.41264131551901334	1.0
0.41238437821171636	1.0
0.41212744090441933	1.0
0.41161356628982526	1.0
0.4113566289825283	1.0
0.41109969167523125	1.0
0.4105858170606372	1.0
0.41007194244604317	1.0
0.40981500513874614	1.0
0.4093011305241521	1.0
0.4090441932168551	1.0
0.40878725590955806	1.0
0.408530318602261	1.0
0.40827338129496404	1.0
0.408016443987667	1.0
0.40775950668037	1.0
0.40750256937307294	1.0
0.40724563206577596	1.0
0.4067317574511819	1.0
0.4064748201438849	1.0
0.4062178828365879	1.0
0.40596094552929085	1.0
0.4057040082219938	1.0
0.40544707091469684	1.0
0.4051901336073998	1.0
0.40493319630010277	1.0
0.40467625899280574	1.0
0.40441932168550876	1.0
0.4041623843782117	1.0
0.4039054470709147	1.0
0.40364850976361766	1.0
0.4033915724563207	1.0
0.40313463514902365	1.0
0.4028776978417266	1.0
0.4026207605344296	1.0
0.4023638232271326	1.0
0.40210688591983557	1.0
0.40184994861253853	1.0
0.4015930113052415	1.0
0.4013360739979445	1.0
0.4010791366906475	1.0
0.40082219938335045	1.0
0.4005652620760534	1.0
0.40030832476875644	1.0
0.4000513874614594	1.0
0.3997944501541624	1.0
0.39953751284686534	1.0
0.39928057553956836	1.0
0.3990236382322713	1.0
0.3987667009249743	1.0
0.39850976361767726	1.0
0.3982528263103803	1.0
0.39799588900308325	1.0
0.3977389516957862	1.0
0.39748201438848924	1.0
0.3972250770811922	1.0
0.39696813977389517	1.0
0.39671120246659813	1.0
0.39645426515930116	1.0
0.3961973278520041	1.0
0.3959403905447071	1.0
0.39568345323741005	1.0
0.3954265159301131	1.0
0.39516957862281604	1.0
0.394912641315519	1.0
0.394398766700925	1.0
0.39414182939362796	1.0
0.39388489208633093	1.0
0.3936279547790339	1.0
0.3933710174717369	1.0
0.3931140801644399	1.0
0.39285714285714285	1.0
0.3926002055498458	1.0
0.39234326824254884	1.0
0.3920863309352518	1.0
0.39182939362795477	1.0
0.39157245632065774	1.0
0.39131551901336076	1.0
0.3908016443987667	1.0
0.39054470709146966	1.0
0.39003083247687564	1.0
0.3897738951695786	1.0
0.3895169578622816	1.0
0.3892600205549846	1.0
0.38900308324768756	1.0
0.38874614594039053	1.0
0.3882322713257965	1.0
0.3879753340184995	1.0
0.38771839671120245	1.0
0.3874614594039055	1.0
0.3869475847893114	1.0
0.38669064748201437	1.0
0.3864337101747174	1.0
0.38617677286742036	1.0
0.3859198355601233	1.0
0.3856628982528263	1.0
0.3854059609455293	1.0
0.3851490236382323	1.0
0.38489208633093525	1.0
0.3846351490236382	1.0
0.38437821171634123	1.0
0.3841212744090442	1.0
0.38386433710174717	1.0
0.38360739979445013	1.0
0.38335046248715315	1.0
0.3830935251798561	1.0
0.3828365878725591	1.0
0.38257965056526205	1.0
0.3823227132579651	1.0
0.381808838643371	1.0
0.381551901336074	1.0
0.381294964028777	1.0
0.38103802672147996	1.0
0.3807810894141829	1.0
0.3805241521068859	1.0
0.3802672147995889	1.0
0.3800102774922919	1.0
0.37975334018499485	1.0
0.37949640287769787	1.0
0.37923946557040084	1.0
0.3789825282631038	1.0
0.37872559095580677	1.0
0.3784686536485098	1.0
0.37821171634121276	1.0
0.3779547790339157	1.0
0.3776978417266187	1.0
0.3774409044193217	1.0
0.3771839671120247	1.0
0.37692702980472764	1.0
0.3766700924974306	1.0
0.37641315519013363	1.0
0.3761562178828366	1.0
0.37589928057553956	1.0
0.37564234326824253	1.0
0.37538540596094555	1.0
0.3751284686536485	1.0
0.3748715313463515	1.0
0.37461459403905445	1.0
0.37435765673175747	1.0
0.37410071942446044	1.0
0.3738437821171634	1.0
0.37358684480986637	1.0
0.3733299075025694	1.0
0.37307297019527236	1.0
0.3728160328879753	1.0
0.3725590955806783	1.0
0.3723021582733813	1.0
0.37178828365878724	1.0
0.3715313463514902	1.0
0.3710174717368962	1.0
0.37076053442959916	1.0
0.37050359712230213	1.0
0.37024665981500515	1.0
0.3699897225077081	1.0
0.3697327852004111	1.0
0.3694758478931141	1.0
0.3692189105858171	1.0
0.36896197327852004	1.0
0.368705035971223	1.0
0.368448098663926	1.0
0.368191161356629	1.0
0.36793422404933196	1.0
0.3676772867420349	1.0
0.36742034943473795	1.0
0.3671634121274409	1.0
0.3669064748201439	1.0
0.36664953751284685	1.0
0.36639260020554987	1.0
0.36613566289825283	1.0
0.3658787255909558	1.0
0.36562178828365877	1.0
0.3653648509763618	1.0
0.36510791366906475	1.0
0.3648509763617677	1.0
0.3645940390544707	1.0
0.3643371017471737	1.0
0.3640801644398767	1.0
0.36382322713257964	1.0
0.3635662898252826	1.0
0.36330935251798563	1.0
0.3630524152106886	1.0
0.36279547790339156	1.0
0.36228160328879755	1.0
0.3620246659815005	1.0
0.3617677286742035	1.0
0.36151079136690645	1.0
0.36125385405960947	1.0
0.3607399794450154	1.0
0.3604830421377184	1.0
0.3602261048304214	1.0
0.35996916752312436	1.0
0.3597122302158273	1.0
0.35945529290853034	1.0
0.3591983556012333	1.0
0.3589414182939363	1.0
0.35868448098663924	1.0
0.35842754367934226	1.0
0.35817060637204523	1.0
0.3579136690647482	1.0
0.35765673175745116	1.0
0.3573997944501542	1.0
0.35714285714285715	1.0
0.3568859198355601	1.0
0.3566289825282631	1.0
0.3563720452209661	1.0
0.35611510791366907	1.0
0.35585817060637204	1.0
0.355601233299075	1.0
0.355344295991778	1.0
0.355087358684481	1.0
0.35483042137718396	1.0
0.3545734840698869	1.0
0.35431654676258995	1.0
0.3540596094552929	1.0
0.3538026721479959	1.0
0.35354573484069884	1.0
0.35328879753340187	1.0
0.35303186022610483	1.0
0.3527749229188078	1.0
0.35251798561151076	1.0
0.3522610483042138	1.0
0.35200411099691675	1.0
0.3517471736896197	1.0
0.35149023638232274	1.0
0.3512332990750257	1.0
0.3509763617677287	1.0
0.35071942446043164	1.0
0.35046248715313466	1.0
0.3502055498458376	1.0
0.3499486125385406	1.0
0.34969167523124356	1.0
0.3494347379239466	1.0
0.34917780061664955	1.0
0.3489208633093525	1.0
0.3486639260020555	1.0
0.3484069886947585	1.0
0.34815005138746147	1.0
0.34789311408016443	1.0
0.3476361767728674	1.0
0.3473792394655704	1.0
0.3471223021582734	1.0
0.3466084275436793	1.0
0.34635149023638234	1.0
0.3460945529290853	1.0
0.3458376156217883	1.0
0.34558067831449124	1.0
0.34532374100719426	1.0
0.34506680369989723	1.0
0.3448098663926002	1.0
0.34455292908530316	1.0
0.3442959917780062	1.0
0.3437821171634121	1.0
0.3435251798561151	1.0
0.3432682425488181	1.0
0.34301130524152107	1.0
0.34275436793422404	1.0
0.34249743062692706	1.0
0.34224049331963	1.0
0.341983556012333	1.0
0.34172661870503596	1.0
0.341469681397739	1.0
0.34121274409044194	1.0
0.3406988694758479	1.0
0.3404419321685509	1.0
0.34018499486125386	1.0
0.33992805755395683	1.0
0.3396711202466598	1.0
0.3394141829393628	1.0
0.3391572456320658	1.0
0.33890030832476875	1.0
0.3386433710174717	1.0
0.33838643371017474	1.0
0.3381294964028777	1.0
0.33761562178828364	1.0
0.33735868448098666	1.0
0.3371017471736896	1.0
0.3368448098663926	1.0
0.33658787255909556	1.0
0.3363309352517986	1.0
0.3358170606372045	1.0
0.3355601233299075	1.0
0.3353031860226105	1.0
0.33478931140801643	1.0
0.3345323741007194	1.0
0.3342754367934224	1.0
0.33376156217882835	1.0
0.3335046248715313	1.0
0.33324768756423434	1.0
0.3329907502569373	1.0
0.3327338129496403	1.0
0.33221993833504626	1.0
0.3319630010277492	1.0
0.3317060637204522	1.0
0.3311921891058582	1.0
0.33042137718396714	1.0
0.3301644398766701	1.0
0.32965056526207603	1.0
0.329136690647482	1.0
0.328879753340185	1.0
0.32862281603288795	1.0
0.328365878725591	1.0
0.32810894141829394	1.0
0.3278520041109969	1.0
0.3275950668036999	1.0
0.3273381294964029	1.0
0.32708119218910586	1.0
0.32682425488180883	1.0
0.3265673175745118	1.0
0.3263103802672148	1.0
0.3260534429599178	1.0
0.3255395683453237	1.0
0.3250256937307297	1.0
0.32476875642343267	1.0
0.32425488180883866	1.0
0.3239979445015416	1.0
0.3234840698869476	1.0
0.3232271325796506	1.0
0.32297019527235354	1.0
0.3227132579650565	1.0
0.3221993833504625	1.0
0.32194244604316546	1.0
0.32142857142857145	1.0
0.3211716341212744	1.0
0.3209146968139774	1.0
0.3204008221993834	1.0
0.32014388489208634	1.0
0.3198869475847893	1.0
0.31963001027749227	1.0
0.3193730729701953	1.0
0.3188591983556012	1.0
0.3183453237410072	1.0
0.3180883864337102	1.0
0.31783144912641315	1.0
0.31731757451181913	1.0
0.3170606372045221	1.0
0.31680369989722507	1.0
0.31654676258992803	1.0
0.31628982528263105	1.0
0.316032887975334	1.0
0.315775950668037	1.0
0.315262076053443	1.0
0.31500513874614594	1.0
0.3147482014388489	1.0
0.31449126413155193	1.0
0.3142343268242549	1.0
0.31397738951695786	1.0
0.3137204522096608	1.0
0.31346351490236385	1.0
0.3132065775950668	1.0
0.3129496402877698	1.0
0.31269270298047275	1.0
0.31243576567317577	1.0
0.31217882836587874	1.0
0.3119218910585817	1.0
0.31166495375128467	1.0
0.3114080164439877	1.0
0.31115107913669066	1.0
0.3108941418293936	1.0
0.3106372045220966	1.0
0.3101233299075026	1.0
0.30986639260020554	1.0
0.3096094552929085	1.0
0.30935251798561153	1.0
0.3090955806783145	1.0
0.30883864337101746	1.0
0.30858170606372043	1.0
0.30832476875642345	1.0
0.3080678314491264	1.0
0.3078108941418294	1.0
0.30755395683453235	1.0
0.30729701952723537	1.0
0.30704008221993834	1.0
0.3067831449126413	1.0
0.30652620760534427	1.0
0.3062692702980473	1.0
0.30601233299075026	1.0
0.3057553956834532	1.0
0.30549845837615625	1.0
0.3052415210688592	1.0
0.3049845837615622	1.0
0.30472764645426514	1.0
0.30447070914696817	1.0
0.30421377183967113	1.0
0.3039568345323741	1.0
0.30369989722507706	1.0
0.3034429599177801	1.0
0.30318602261048305	1.0
0.302929085303186	1.0
0.302672147995889	1.0
0.302415210688592	1.0
0.302158273381295	1.0
0.30190133607399794	1.0
0.3016443987667009	1.0
0.3013874614594039	1.0
0.3011305241521069	1.0
0.30087358684480986	1.0
0.3006166495375128	1.0
0.30035971223021585	1.0
0.3001027749229188	1.0
0.2998458376156218	1.0
0.29958890030832475	1.0
0.29933196300102777	1.0
0.29907502569373073	1.0
0.2988180883864337	1.0
0.29856115107913667	1.0
0.2983042137718397	1.0
0.29804727646454265	1.0
0.2977903391572456	1.0
0.2972764645426516	1.0
0.2970195272353546	1.0
0.29676258992805754	1.0
0.2965056526207605	1.0
0.29624871531346353	1.0
0.2959917780061665	1.0
0.29573484069886946	1.0
0.2954779033915725	1.0
0.29522096608427545	1.0
0.2949640287769784	1.0
0.2947070914696814	1.0
0.2944501541623844	1.0
0.29419321685508737	1.0
0.29393627954779034	1.0
0.2936793422404933	1.0
0.2934224049331963	1.0
0.2931654676258993	1.0
0.29290853031860226	1.0
0.2926515930113052	1.0
0.29239465570400824	1.0
0.2921377183967112	1.0
0.2918807810894142	1.0
0.29162384378211714	1.0
0.29136690647482016	1.0
0.29110996916752313	1.0
0.2908530318602261	1.0
0.29059609455292906	1.0
0.2903391572456321	1.0
0.29008221993833505	1.0
0.289825282631038	1.0
0.289568345323741	1.0
0.289311408016444	1.0
0.28905447070914697	1.0
0.28879753340184994	1.0
0.2885405960945529	1.0
0.2882836587872559	1.0
0.2880267214799589	1.0
0.28776978417266186	1.0
0.2875128468653648	1.0
0.28725590955806785	1.0
0.2867420349434738	1.0
0.2864850976361768	1.0
0.28622816032887977	1.0
0.28597122302158273	1.0
0.2854573484069887	1.0
0.2852004110996917	1.0
0.28494347379239465	1.0
0.2846865364850976	1.0
0.2841726618705036	1.0
0.2839157245632066	1.0
0.28365878725590954	1.0
0.28340184994861256	1.0
0.2831449126413155	1.0
0.2828879753340185	1.0
0.28263103802672146	1.0
0.2823741007194245	1.0
0.28211716341212745	1.0
0.2816032887975334	1.0
0.2813463514902364	1.0
0.28108941418293937	1.0
0.28083247687564233	1.0
0.2805755395683453	1.0
0.2803186022610483	1.0
0.2800616649537513	1.0
0.27980472764645425	1.0
0.2795477903391572	1.0
0.27929085303186024	1.0
0.2790339157245632	1.0
0.2787769784172662	1.0
0.27852004110996914	1.0
0.27826310380267216	1.0
0.27800616649537513	1.0
0.2777492291880781	1.0
0.2774922918807811	1.0
0.2772353545734841	1.0
0.27697841726618705	1.0
0.27672147995889	1.0
0.27646454265159304	1.0
0.276207605344296	1.0
0.27595066803699897	1.0
0.27543679342240496	1.0
0.2751798561151079	1.0
0.2749229188078109	1.0
0.27466598150051386	1.0
0.2744090441932169	1.0
0.27415210688591984	1.0
0.2738951695786228	1.0
0.2733812949640288	1.0
0.27312435765673176	1.0
0.27286742034943473	1.0
0.2726104830421377	1.0
0.2723535457348407	1.0
0.2720966084275437	1.0
0.2715827338129496	1.0
0.27132579650565264	1.0
0.2710688591983556	1.0
0.27081192189105857	1.0
0.27055498458376154	1.0
0.27029804727646456	1.0
0.2700411099691675	1.0
0.2697841726618705	1.0
0.26952723535457346	1.0
0.2692702980472765	1.0
0.26901336073997945	1.0
0.2687564234326824	1.0
0.26849948612538543	1.0
0.26798561151079137	1.0
0.26772867420349433	1.0
0.26747173689619735	1.0
0.2672147995889003	1.0
0.2669578622816033	1.0
0.26670092497430625	1.0
0.2664439876670093	1.0
0.26618705035971224	1.0
0.2659301130524152	1.0
0.2656731757451182	1.0
0.26515930113052416	1.0
0.2649023638232271	1.0
0.2646454265159301	1.0
0.2643884892086331	1.0
0.2641315519013361	1.0
0.26387461459403905	1.0
0.26336073997944504	1.0
0.263103802672148	1.0
0.26258992805755393	1.0
0.26233299075025696	1.0
0.2620760534429599	1.0
0.2618191161356629	1.0
0.26156217882836585	1.0
0.2613052415210689	1.0
0.26104830421377184	1.0
0.2607913669064748	1.0
0.2605344295991778	1.0
0.2602774922918808	1.0
0.26002055498458376	1.0
0.2595066803699897	1.0
0.2592497430626927	1.0
0.2589928057553957	1.0
0.25847893114080167	1.0
0.25822199383350464	1.0
0.2579650565262076	1.0
0.25770811921891057	1.0
0.2569373072970195	1.0
0.2566803699897225	1.0
0.2564234326824255	1.0
0.2561664953751285	1.0
0.25590955806783144	1.0
0.2556526207605344	1.0
0.25539568345323743	1.0
0.2551387461459404	1.0
0.25488180883864336	1.0
0.25436793422404935	1.0
0.2541109969167523	1.0
0.2538540596094553	1.0
0.25359712230215825	1.0
0.2533401849948613	1.0
0.25308324768756424	1.0
0.2528263103802672	1.0
0.2523124357656732	1.0
0.25205549845837616	1.0
0.2517985611510791	1.0
0.2515416238437821	1.0
0.2512846865364851	1.0
0.2510277492291881	1.0
0.250513874614594	1.0
0.25025693730729703	1.0
0.25	1.0
0.249743062692703	1.0
0.24897225077081192	1.0
0.24871531346351491	1.0
0.24845837615621788	1.0
0.24820143884892087	1.0
0.24794450154162384	1.0
0.24768756423432683	1.0
0.2474306269270298	1.0
0.2471736896197328	1.0
0.24665981500513876	1.0
0.24640287769784172	1.0
0.24614594039054472	1.0
0.24588900308324768	1.0
0.24563206577595068	1.0
0.24537512846865364	1.0
0.24511819116135664	1.0
0.2446043165467626	1.0
0.24434737923946556	1.0
0.24383350462487152	1.0
0.24357656731757452	1.0
0.24331963001027748	1.0
0.24306269270298048	1.0
0.24254881808838644	1.0
0.2422918807810894	1.0
0.2420349434737924	1.0
0.24177800616649536	1.0
0.24152106885919836	1.0
0.24126413155190132	1.0
0.24100719424460432	1.0
0.24023638232271327	1.0
0.23997944501541624	1.0
0.2394655704008222	1.0
0.2392086330935252	1.0
0.23895169578622816	1.0
0.23843782117163412	1.0
0.2381808838643371	1.0
0.23792394655704008	1.0
0.23741007194244604	1.0
0.236639260020555	1.0
0.23638232271325796	1.0
0.23612538540596095	1.0
0.23586844809866392	1.0
0.2356115107913669	1.0
0.23535457348406988	1.0
0.23509763617677287	1.0
0.23484069886947584	1.0
0.23458376156217883	1.0
0.2343268242548818	1.0
0.2340698869475848	1.0
0.23355601233299075	1.0
0.2330421377183967	1.0
0.23278520041109968	1.0
0.23252826310380267	1.0
0.23227132579650564	1.0
0.23201438848920863	1.0
0.2317574511819116	1.0
0.2315005138746146	1.0
0.2312435765673176	1.0
0.23098663926002055	1.0
0.23072970195272355	1.0
0.23047276464542651	1.0
0.2302158273381295	1.0
0.22995889003083247	1.0
0.22944501541623843	1.0
0.22918807810894143	1.0
0.22841726618705036	1.0
0.22816032887975335	1.0
0.22790339157245632	1.0
0.22738951695786228	1.0
0.22713257965056527	1.0
0.22687564234326824	1.0
0.2263617677286742	1.0
0.2261048304213772	1.0
0.22559095580678315	1.0
0.22533401849948612	1.0
0.22456320657759507	1.0
0.223535457348407	1.0
0.22302158273381295	1.0
0.22276464542651592	1.0
0.2225077081192189	1.0
0.22173689619732787	1.0
0.22147995889003083	1.0
0.22122302158273383	1.0
0.2209660842754368	1.0
0.22045220966084275	1.0
0.22019527235354575	1.0
0.2199383350462487	1.0
0.2196813977389517	1.0
0.21891058581706063	1.0
0.2183967112024666	1.0
0.2181397738951696	1.0
0.21788283658787255	1.0
0.21762589928057555	1.0
0.2173689619732785	1.0
0.2171120246659815	1.0
0.21685508735868447	1.0
0.21659815005138747	1.0
0.21634121274409043	1.0
0.21608427543679343	1.0
0.2158273381294964	1.0
0.2155704008221994	1.0
0.21531346351490235	1.0
0.21505652620760535	1.0
0.2147995889003083	1.0
0.2145426515930113	1.0
0.21428571428571427	1.0
0.21402877697841727	1.0
0.21377183967112023	1.0
0.21351490236382323	1.0
0.2132579650565262	1.0
0.2130010277492292	1.0
0.21274409044193218	1.0
0.21223021582733814	1.0
0.2119732785200411	1.0
0.2117163412127441	1.0
0.21017471736896198	1.0
0.20991778006166495	1.0
0.20966084275436794	1.0
0.2094039054470709	1.0
0.20889003083247687	1.0
0.20863309352517986	1.0
0.20837615621788283	1.0
0.20811921891058582	1.0
0.2078622816032888	1.0
0.20760534429599178	1.0
0.20734840698869475	1.0
0.20709146968139774	1.0
0.2065775950668037	1.0
0.20632065775950667	1.0
0.20606372045220966	1.0
0.20554984583761562	1.0
0.20503597122302158	1.0
0.20477903391572455	1.0
0.20452209660842754	1.0
0.2042651593011305	1.0
0.2040082219938335	1.0
0.20349434737923947	1.0
0.20298047276464543	1.0
0.20272353545734842	1.0
0.20220966084275438	1.0
0.2011819116135663	1.0
0.20092497430626927	1.0
0.20066803699897226	1.0
0.20041109969167523	1.0
0.1998972250770812	1.0
0.19964028776978418	1.0
0.19938335046248715	1.0
0.19912641315519014	1.0
0.1986125385405961	1.0
0.19835560123329907	1.0
0.19809866392600206	1.0
0.19784172661870503	1.0
0.197327852004111	1.0
0.19681397738951695	1.0
0.19655704008221994	1.0
0.1963001027749229	1.0
0.1960431654676259	1.0
0.19578622816032887	1.0
0.19552929085303186	1.0
0.19527235354573483	1.0
0.19501541623843782	1.0
0.1947584789311408	1.0
0.19450154162384378	1.0
0.19424460431654678	1.0
0.19398766700924974	1.0
0.19373072970195274	1.0
0.1934737923946557	1.0
0.1932168550873587	1.0
0.19270298047276466	1.0
0.19244604316546762	1.0
0.19218910585817062	1.0
0.19167523124357658	1.0
0.19141829393627954	1.0
0.19116135662898254	1.0
0.1909044193216855	1.0
0.1906474820143885	1.0
0.19039054470709146	1.0
0.19013360739979446	1.0
0.18961973278520042	1.0
0.18910585817060638	1.0
0.18884892086330934	1.0
0.18859198355601234	1.0
0.1883350462487153	1.0
0.1880781089414183	1.0
0.18782117163412126	1.0
0.18756423432682426	1.0
0.18730729701952722	1.0
0.18679342240493318	1.0
0.18627954779033915	1.0
0.18602261048304214	1.0
0.1857656731757451	1.0
0.1855087358684481	1.0
0.18525179856115107	1.0
0.18499486125385406	1.0
0.184224049331963	1.0
0.18371017471736897	1.0
0.18345323741007194	1.0
0.18319630010277493	1.0
0.1829393627954779	1.0
0.1826824254881809	1.0
0.18242548818088386	1.0
0.18216855087358685	1.0
0.18191161356628982	1.0
0.18114080164439877	1.0
0.18088386433710174	1.0
0.18062692702980473	1.0
0.1803699897225077	1.0
0.1801130524152107	1.0
0.17959917780061666	1.0
0.17908530318602262	1.0
0.17882836587872558	1.0
0.17857142857142858	1.0
0.17831449126413154	1.0
0.1778006166495375	1.0
0.17728674203494346	1.0
0.17677286742034942	1.0
0.17651593011305242	1.0
0.17625899280575538	1.0
0.17574511819116137	1.0
0.17523124357656733	1.0
0.1747173689619733	1.0
0.17394655704008222	1.0
0.1736896197327852	1.0
0.17343268242548818	1.0
0.17317574511819117	1.0
0.17266187050359713	1.0
0.1724049331963001	1.0
0.1721479958890031	1.0
0.17163412127440905	1.0
0.17137718396711202	1.0
0.17086330935251798	1.0
0.17060637204522097	1.0
0.17034943473792394	1.0
0.1698355601233299	1.0
0.16932168550873586	1.0
0.16906474820143885	1.0
0.1685508735868448	1.0
0.16829393627954778	1.0
0.16803699897225077	1.0
0.16778006166495374	1.0
0.16752312435765673	1.0
0.1672661870503597	1.0
0.1670092497430627	1.0
0.16675231243576566	1.0
0.16649537512846865	1.0
0.1659815005138746	1.0
0.16546762589928057	1.0
0.16521068859198357	1.0
0.16469681397738953	1.0
0.1644398766700925	1.0
0.16392600205549845	1.0
0.16366906474820145	1.0
0.16341212744090441	1.0
0.1631551901336074	1.0
0.16289825282631037	1.0
0.16238437821171633	1.0
0.1618705035971223	1.0
0.1616135662898253	1.0
0.16135662898252826	1.0
0.16084275436793422	1.0
0.1605858170606372	1.0
0.16032887975334018	1.0
0.16007194244604317	1.0
0.15981500513874614	1.0
0.15955806783144913	1.0
0.1593011305241521	1.0
0.1590441932168551	1.0
0.15878725590955806	1.0
0.15853031860226105	1.0
0.15827338129496402	1.0
0.15775950668036998	1.0
0.15750256937307297	1.0
0.15724563206577596	1.0
0.1564748201438849	1.0
0.15621788283658788	1.0
0.15596094552929085	1.0
0.15570400822199384	1.0
0.1554470709146968	1.0
0.1551901336073998	1.0
0.15493319630010277	1.0
0.15467625899280577	1.0
0.15441932168550873	1.0
0.15416238437821173	1.0
0.1539054470709147	1.0
0.15339157245632065	1.0
0.1528776978417266	1.0
0.1526207605344296	1.0
0.15236382322713257	1.0
0.15184994861253853	1.0
0.15159301130524153	1.0
0.1513360739979445	1.0
0.1510791366906475	1.0
0.15082219938335045	1.0
0.15056526207605345	1.0
0.1503083247687564	1.0
0.14979445015416237	1.0
0.14928057553956833	1.0
0.14902363823227133	1.0
0.1487667009249743	1.0
0.1485097636176773	1.0
0.14825282631038025	1.0
0.14799588900308325	1.0
0.1474820143884892	1.0
0.1472250770811922	1.0
0.14696813977389517	1.0
0.14671120246659816	1.0
0.14645426515930113	1.0
0.14619732785200412	1.0
0.14568345323741008	1.0
0.14542651593011305	1.0
0.14516957862281604	1.0
0.144655704008222	1.0
0.14439876670092497	1.0
0.14414182939362796	1.0
0.14362795477903392	1.0
0.14311408016443988	1.0
0.14285714285714285	1.0
0.14260020554984584	1.0
0.1423432682425488	1.0
0.1420863309352518	1.0
0.14182939362795477	1.0
0.14131551901336073	1.0
0.14105858170606372	1.0
0.14054470709146968	1.0
0.14028776978417265	1.0
0.14003083247687564	1.0
0.1397738951695786	1.0
0.1395169578622816	1.0
0.13926002055498457	1.0
0.13900308324768756	1.0
0.13874614594039056	1.0
0.13848920863309352	1.0
0.13771839671120248	1.0
0.13746145940390544	1.0
0.13720452209660844	1.0
0.1369475847893114	1.0
0.13643371017471737	1.0
0.13617677286742036	1.0
0.13566289825282632	1.0
0.13540596094552929	1.0
0.13514902363823228	1.0
0.13489208633093525	1.0
0.13386433710174717	1.0
0.13360739979445016	1.0
0.13335046248715313	1.0
0.1328365878725591	1.0
0.13257965056526208	1.0
0.13232271325796505	1.0
0.13206577595066804	1.0
0.131551901336074	1.0
0.13129496402877697	1.0
0.13103802672147996	1.0
0.13078108941418293	1.0
0.13052415210688592	1.0
0.13001027749229188	1.0
0.12975334018499485	1.0
0.12949640287769784	1.0
0.12923946557040084	1.0
0.12846865364850976	1.0
0.12821171634121276	1.0
0.12795477903391572	1.0
0.12692702980472764	1.0
0.12667009249743064	1.0
0.1264131551901336	1.0
0.12589928057553956	1.0
0.12538540596094552	1.0
0.12512846865364852	1.0
0.1248715313463515	1.0
0.12435765673175746	1.0
0.12410071942446044	1.0
0.12384378211716342	1.0
0.1235868448098664	1.0
0.12332990750256938	1.0
0.12307297019527236	1.0
0.12281603288797534	1.0
0.12255909558067832	1.0
0.1223021582733813	1.0
0.12204522096608428	1.0
0.12178828365878726	1.0
0.12153134635149024	1.0
0.12127440904419322	1.0
0.1210174717368962	1.0
0.12076053442959918	1.0
0.12050359712230216	1.0
0.12024665981500514	1.0
0.11998972250770812	1.0
0.1197327852004111	1.0
0.11921891058581706	1.0
0.11896197327852004	1.0
0.118448098663926	1.0
0.11793422404933196	1.0
0.11767728674203494	1.0
0.11742034943473792	1.0
0.11690647482014388	1.0
0.11664953751284686	1.0
0.11639260020554984	1.0
0.11613566289825282	1.0
0.1158787255909558	1.0
0.11536485097636177	1.0
0.11510791366906475	1.0
0.11459403905447071	1.0
0.1143371017471737	1.0
0.11408016443987667	1.0
0.11382322713257965	1.0
0.11356628982528263	1.0
0.11330935251798561	1.0
0.1130524152106886	1.0
0.11279547790339157	1.0
0.11253854059609456	1.0
0.11228160328879754	1.0
0.11202466598150052	1.0
0.1117677286742035	1.0
0.11151079136690648	1.0
0.11125385405960946	1.0
0.11099691675231244	1.0
0.11073997944501542	1.0
0.1104830421377184	1.0
0.10996916752312436	1.0
0.10945529290853032	1.0
0.1091983556012333	1.0
0.10894141829393628	1.0
0.10868448098663926	1.0
0.10842754367934224	1.0
0.1079136690647482	1.0
0.10765673175745118	1.0
0.10739979445015416	1.0
0.10714285714285714	1.0
0.10637204522096609	1.0
0.10611510791366907	1.0
0.10585817060637205	1.0
0.10560123329907503	1.0
0.10534429599177801	1.0
0.10508735868448099	1.0
0.10483042137718397	1.0
0.10457348406988695	1.0
0.10431654676258993	1.0
0.10380267214799589	1.0
0.10354573484069887	1.0
0.10328879753340185	1.0
0.10303186022610483	1.0
0.10277492291880781	1.0
0.10251798561151079	1.0
0.10226104830421377	1.0
0.10174717368961973	1.0
0.10149023638232271	1.0
0.10123329907502569	1.0
0.10097636176772867	1.0
0.10071942446043165	1.0
0.10020554984583761	1.0
0.09969167523124357	1.0
0.09943473792394655	1.0
0.09917780061664953	1.0
0.09892086330935251	1.0
0.09815005138746145	1.0
0.09789311408016443	1.0
0.09763617677286741	1.0
0.0973792394655704	1.0
0.09712230215827339	1.0
0.09686536485097637	1.0
0.09660842754367935	1.0
0.09635149023638233	1.0
0.09583761562178829	1.0
0.09558067831449127	1.0
0.09532374100719425	1.0
0.09506680369989723	1.0
0.09480986639260021	1.0
0.09429599177800617	1.0
0.09378211716341213	1.0
0.09352517985611511	1.0
0.09326824254881809	1.0
0.09301130524152107	1.0
0.09249743062692703	1.0
0.09224049331963001	1.0
0.09172661870503597	1.0
0.09146968139773895	1.0
0.09121274409044193	1.0
0.09069886947584789	1.0
0.09044193216855087	1.0
0.09018499486125385	1.0
0.08992805755395683	1.0
0.08967112024665981	1.0
0.08941418293936279	1.0
0.08864337101747173	1.0
0.08838643371017471	1.0
0.08787255909558069	1.0
0.08761562178828367	1.0
0.08735868448098665	1.0
0.08710174717368963	1.0
0.08633093525179857	1.0
0.08581706063720453	1.0
0.0855601233299075	1.0
0.08530318602261049	1.0
0.08478931140801645	1.0
0.08453237410071943	1.0
0.0842754367934224	1.0
0.08350462487153135	1.0
0.08324768756423433	1.0
0.0829907502569373	1.0
0.08247687564234327	1.0
0.08221993833504625	1.0
0.08196300102774923	1.0
0.08170606372045221	1.0
0.08119218910585817	1.0
0.08042137718396711	1.0
0.07990750256937307	1.0
0.07965056526207605	1.0
0.07887975334018499	1.0
0.07862281603288798	1.0
0.07836587872559096	1.0
0.07810894141829394	1.0
0.07708119218910586	1.0
0.07656731757451182	1.0
0.07605344295991778	1.0
0.07579650565262076	1.0
0.07553956834532374	1.0
0.0750256937307297	1.0
0.07476875642343268	1.0
0.07451181911613566	1.0
0.07425488180883864	1.0
0.07399794450154162	1.0
0.07322713257965056	1.0
0.07297019527235354	1.0
0.07271325796505652	1.0
0.0724563206577595	1.0
0.07219938335046248	1.0
0.07194244604316546	1.0
0.07142857142857142	1.0
0.0711716341212744	1.0
0.07065775950668036	1.0
0.07040082219938334	1.0
0.07014388489208633	1.0
0.0698869475847893	1.0
0.06963001027749229	1.0
0.06911613566289826	1.0
0.06860226104830422	1.0
0.06783144912641316	1.0
0.06654676258992806	1.0
0.06628982528263104	1.0
0.06551901336073998	1.0
0.06526207605344296	1.0
0.0644912641315519	1.0
0.06423432682425488	1.0
0.06397738951695786	1.0
0.06372045220966084	1.0
0.06294964028776978	1.0
0.06269270298047276	1.0
0.06243576567317575	1.0
0.06217882836587873	1.0
0.06166495375128469	1.0
0.06140801644398767	1.0
0.06115107913669065	1.0
0.06063720452209661	1.0
0.06038026721479959	1.0
0.05960945529290853	1.0
0.05935251798561151	1.0
0.05883864337101747	1.0
0.05858170606372045	1.0
0.05832476875642343	1.0
0.05806783144912641	1.0
0.0578108941418294	1.0
0.05755395683453238	1.0
0.05729701952723536	1.0
0.05704008221993834	1.0
0.05678314491264132	1.0
0.0565262076053443	1.0
0.05601233299075026	1.0
0.05549845837615622	1.0
0.05498458376156218	1.0
0.05447070914696814	1.0
0.05421377183967112	1.0
0.05344295991778006	1.0
0.052929085303186026	1.0
0.052672147995889006	1.0
0.052415210688591986	1.0
0.052158273381294966	1.0
0.051901336073997946	1.0
0.051130524152106886	1.0
0.05010277492291881	1.0
0.04958890030832477	1.0
0.04907502569373073	1.0
0.04881808838643371	1.0
0.048304213771839674	1.0
0.048047276464542654	1.0
0.047533401849948614	1.0
0.046762589928057555	1.0
0.046248715313463515	1.0
0.045991778006166495	1.0
0.045734840698869475	1.0
0.045220966084275435	1.0
0.04393627954779034	1.0
0.04367934224049332	1.0
0.04316546762589928	1.0
0.04265159301130524	1.0
0.04188078108941418	1.0
0.04162384378211716	1.0
0.04136690647482014	1.0
0.040853031860226104	1.0
0.040596094552929084	1.0
0.040082219938335044	1.0
0.039825282631038024	1.0
0.03931140801644399	1.0
0.03905447070914697	1.0
0.03854059609455293	1.0
0.03802672147995889	1.0
0.03648509763617677	1.0
0.03622816032887975	1.0
0.03545734840698869	1.0
0.03494347379239465	1.0
0.03468653648509764	1.0
0.03442959917780062	1.0
0.0328879753340185	1.0
0.03211716341212744	1.0
0.03134635149023638	1.0
0.030832476875642344	1.0
0.030575539568345324	1.0
0.029547790339157245	1.0
0.02852004110996917	1.0
0.02826310380267215	1.0
0.02774922918807811	1.0
0.02697841726618705	1.0
0.02672147995889003	1.0
0.026207605344295993	1.0
0.025950668036998973	1.0
0.025436793422404933	1.0
0.025179856115107913	1.0
0.024922918807810893	1.0
0.024409044193216854	1.0
0.024152106885919837	1.0
0.023638232271325797	1.0
0.023124357656731757	1.0
0.022867420349434738	1.0
0.022353545734840698	1.0
0.022096608427543678	1.0
0.02183967112024666	1.0
0.0210688591983556	1.0
0.02081192189105858	1.0
0.020554984583761562	1.0
0.020298047276464542	1.0
0.020041109969167522	1.0
0.019527235354573486	1.0
0.019013360739979446	1.0
0.018499486125385406	1.0
0.018242548818088386	1.0
0.017985611510791366	1.0
0.017728674203494346	1.0
0.017471736896197326	1.0
0.01721479958890031	1.0
0.01695786228160329	1.0
0.01644398766700925	1.0
0.01593011305241521	1.0
0.01567317574511819	1.0
0.015416238437821172	1.0
0.015159301130524152	1.0
0.014902363823227132	1.0
0.014388489208633094	1.0
0.014131551901336074	1.0
0.013874614594039054	1.0
0.013617677286742035	1.0
0.013360739979445015	1.0
0.013103802672147996	1.0
0.012846865364850977	1.0
0.012589928057553957	1.0
0.012332990750256937	1.0
0.011819116135662899	1.0
0.011562178828365879	1.0
0.011305241521068859	1.0
0.01079136690647482	1.0
0.0105344295991778	1.0
0.010277492291880781	1.0
0.010020554984583761	1.0
0.009763617677286743	1.0
0.009506680369989723	1.0
0.009249743062692703	1.0
0.008992805755395683	1.0
0.008735868448098663	1.0
0.008478931140801645	1.0
0.007708119218910586	1.0
0.007451181911613566	1.0
0.007194244604316547	1.0
0.006937307297019527	1.0
0.006680369989722507	1.0
0.006166495375128468	1.0
0.005909558067831449	1.0
0.005652620760534429	1.0
0.00539568345323741	1.0
0.0051387461459403904	1.0
0.004881808838643371	1.0
0.004367934224049332	1.0
0.0035971223021582736	1.0
0.003083247687564234	1.0
0.0028263103802672147	1.0
0.0020554984583761563	1.0
0.0017985611510791368	1.0
0.0012846865364850976	1.0
0.0007708119218910585	1.0
0.0005138746145940391	1.0
0.00025693730729701953	1.0
0.0	1.0
