# average_precision["micro"]	0.895880748205148
recall	precision
1.0	0.5131856540084389
0.999743062692703	0.5131214558881709
0.999743062692703	0.5131891321551042
0.999743062692703	0.5132568262762168
0.999743062692703	0.5133245382585752
0.999743062692703	0.5133922681092492
0.999743062692703	0.5134600158353128
0.999743062692703	0.5135277814438433
0.999743062692703	0.5135955649419218
0.999743062692703	0.5136633663366337
0.999743062692703	0.5137311856350674
0.999743062692703	0.5137990228443153
0.999743062692703	0.5138668779714739
0.999743062692703	0.5139347510236428
0.999743062692703	0.514002642007926
0.999743062692703	0.5140705509314308
0.999743062692703	0.5141384778012685
0.999743062692703	0.514206422624554
0.999743062692703	0.514274385408406
0.999743062692703	0.5143423661599471
0.999743062692703	0.5144103648863035
0.999743062692703	0.5144783815946053
0.999743062692703	0.5145464162919863
0.999743062692703	0.5146144689855839
0.999743062692703	0.5146825396825396
0.999743062692703	0.5147506283899986
0.999743062692703	0.5148187351151098
0.999743062692703	0.5148868598650258
0.999743062692703	0.5149550026469031
0.999743062692703	0.515023163467902
0.999743062692703	0.5150913423351866
0.999743062692703	0.5151595392559248
0.999743062692703	0.5152277542372882
0.999743062692703	0.5152959872864521
0.999743062692703	0.515364238410596
0.999743062692703	0.5154325076169028
0.999743062692703	0.5155007949125596
0.999743062692703	0.5155691003047569
0.999743062692703	0.5156374238006891
0.999743062692703	0.5157057654075546
0.999743062692703	0.5157741251325557
0.999743062692703	0.515842502982898
0.999743062692703	0.5159108989657916
0.999743062692703	0.5159793130884498
0.999743062692703	0.5160477453580902
0.999743062692703	0.5161161957819339
0.999743062692703	0.5161846643672061
0.999743062692703	0.5162531511211357
0.999743062692703	0.5163216560509554
0.999743062692703	0.5163901791639018
0.999743062692703	0.5164587204672153
0.999743062692703	0.5165272799681402
0.999743062692703	0.5165958576739246
0.999743062692703	0.5166644535918204
0.999743062692703	0.5167330677290837
0.999743062692703	0.5168017000929739
0.999743062692703	0.5168703506907545
0.999743062692703	0.5169390195296931
0.999743062692703	0.5170077066170609
0.999743062692703	0.5170764119601329
0.999743062692703	0.5171451355661882
0.999743062692703	0.5172138774425097
0.999743062692703	0.5172826375963839
0.999743062692703	0.5173514160351017
0.999743062692703	0.5174202127659574
0.999743062692703	0.5174890277962495
0.999743062692703	0.5175578611332802
0.999743062692703	0.5176267127843555
0.999743062692703	0.5176955827567855
0.999743062692703	0.5177644710578843
0.999743062692703	0.5178333776949694
0.999743062692703	0.5179023026753627
0.999743062692703	0.5179712460063898
0.999743062692703	0.5180402076953801
0.999743062692703	0.5181091877496671
0.999743062692703	0.5181781861765881
0.999743062692703	0.5182472029834843
0.999743062692703	0.5183162381777008
0.999743062692703	0.5183852917665868
0.999743062692703	0.518454363757495
0.999743062692703	0.5185234541577826
0.9994861253854059	0.5184592829534853
0.9994861253854059	0.5185283924286856
0.9994861253854059	0.5185975203306226
0.9994861253854059	0.5186666666666667
0.9994861253854059	0.5187358314441926
0.9994861253854059	0.5188050146705788
0.9994861253854059	0.518874216353208
0.9994861253854059	0.5189434364994664
0.9994861253854059	0.5190126751167445
0.9994861253854059	0.5190819322124366
0.9994861253854059	0.519151207793941
0.9994861253854059	0.5192205018686599
0.9994861253854059	0.5192898144439995
0.9994861253854059	0.5193591455273698
0.9994861253854059	0.519428495126185
0.9994861253854059	0.5194978632478633
0.9994861253854059	0.5195672498998264
0.9994861253854059	0.5196366550895004
0.9994861253854059	0.5197060788243153
0.9994861253854059	0.519775521111705
0.9994861253854059	0.5198449819591073
0.9994861253854059	0.5199144613739641
0.9994861253854059	0.5199839593637214
0.9994861253854059	0.5200534759358288
0.9994861253854059	0.5201230110977403
0.9994861253854059	0.5201925648569136
0.9994861253854059	0.5202621372208105
0.9994861253854059	0.5203317281968968
0.9994861253854059	0.5204013377926422
0.9994861253854059	0.5204709660155205
0.9994861253854059	0.5205406128730095
0.9994861253854059	0.520610278372591
0.9994861253854059	0.5206799625217507
0.9994861253854059	0.5207496653279786
0.9994861253854059	0.5208193867987683
0.9994861253854059	0.5208891269416176
0.9994861253854059	0.5209588857640284
0.9994861253854059	0.5210286632735066
0.9994861253854059	0.521098459477562
0.9994861253854059	0.5211682743837085
0.9994861253854059	0.521238107999464
0.9994861253854059	0.5213079603323506
0.9994861253854059	0.5213778313898941
0.9994861253854059	0.5214477211796247
0.9994861253854059	0.5215176297090763
0.9994861253854059	0.5215875569857871
0.9994861253854059	0.5216575030172992
0.9994861253854059	0.5217274678111588
0.9994861253854059	0.5217974513749162
0.9994861253854059	0.5218674537161255
0.9994861253854059	0.5219374748423453
0.9994861253854059	0.5220075147611379
0.9994861253854059	0.5220775734800698
0.9994861253854059	0.5221476510067115
0.9994861253854059	0.5222177473486374
0.9994861253854059	0.5222878625134264
0.9994861253854059	0.5223579965086612
0.9994861253854059	0.5224281493419286
0.9994861253854059	0.5224983210208194
0.9994861253854059	0.5225685115529285
0.9994861253854059	0.5226387209458552
0.9994861253854059	0.5227089492072023
0.9994861253854059	0.5227791963445774
0.9994861253854059	0.5228494623655914
0.9994861253854059	0.52291974727786
0.9994861253854059	0.5229900510890024
0.9994861253854059	0.5230603738066425
0.9994861253854059	0.5231307154384077
0.9994861253854059	0.5232010759919301
0.9994861253854059	0.5232714554748453
0.9994861253854059	0.5233418538947935
0.9994861253854059	0.5234122712594187
0.9994861253854059	0.5234827075763693
0.9994861253854059	0.5235531628532974
0.9994861253854059	0.5236236370978598
0.9994861253854059	0.5236941303177167
0.9994861253854059	0.5237646425205332
0.9994861253854059	0.5238351737139779
0.9994861253854059	0.5239057239057239
0.9994861253854059	0.5239762931034483
0.9994861253854059	0.5240468813148322
0.9994861253854059	0.5241174885475613
0.9994861253854059	0.5241881148093249
0.9994861253854059	0.5242587601078167
0.9994861253854059	0.5243294244507346
0.9994861253854059	0.5244001078457805
0.9994861253854059	0.5244708103006607
0.9994861253854059	0.5245415318230853
0.9994861253854059	0.5246122724207687
0.9994861253854059	0.5246830321014297
0.9994861253854059	0.524753810872791
0.9994861253854059	0.5248246087425796
0.9994861253854059	0.5248954257185265
0.9994861253854059	0.524966261808367
0.9994861253854059	0.5250371170198407
0.9994861253854059	0.5251079913606912
0.9994861253854059	0.5251788848386661
0.9994861253854059	0.5252497974615177
0.9994861253854059	0.525320729237002
0.9994861253854059	0.5253916801728795
0.9994861253854059	0.5254626502769147
0.9994861253854059	0.5255336395568765
0.9994861253854059	0.5256046480205377
0.9994861253854059	0.5256756756756756
0.9994861253854059	0.5257467225300716
0.9994861253854059	0.5258177885915112
0.9994861253854059	0.5258888738677843
0.9994861253854059	0.5259599783666847
0.9994861253854059	0.5260311020960108
0.9994861253854059	0.5261022450635651
0.9994861253854059	0.5261734072771541
0.9994861253854059	0.5262445887445888
0.9994861253854059	0.5263157894736842
0.9994861253854059	0.5263870094722598
0.9994861253854059	0.5264582487481392
0.9994861253854059	0.5265295073091499
0.9994861253854059	0.5266007851631244
0.9994861253854059	0.5266720823178987
0.9994861253854059	0.5267433987813135
0.9994861253854059	0.5268147345612134
0.9994861253854059	0.5268860896654477
0.9994861253854059	0.5269574641018694
0.9994861253854059	0.5270288578783363
0.9994861253854059	0.5271002710027101
0.9994861253854059	0.5271717034828568
0.9994861253854059	0.5272431553266468
0.9994861253854059	0.5273146265419547
0.9994861253854059	0.5273861171366594
0.9994861253854059	0.5274576271186441
0.9994861253854059	0.527529156495796
0.9994861253854059	0.527600705276007
0.9994861253854059	0.527672273467173
0.9994861253854059	0.5277438610771944
0.9994861253854059	0.5278154681139756
0.9994861253854059	0.5278870945854254
0.9994861253854059	0.5279587404994571
0.9994861253854059	0.5280304058639881
0.9994861253854059	0.52810209068694
0.9994861253854059	0.528173794976239
0.9994861253854059	0.5282455187398153
0.9994861253854059	0.5283172619856037
0.9994861253854059	0.528389024721543
0.9994861253854059	0.5284608069555767
0.9994861253854059	0.5285326086956522
0.9994861253854059	0.5286044299497215
0.9994861253854059	0.5286762707257406
0.9994861253854059	0.5287481310316705
0.9994861253854059	0.5288200108754758
0.9994861253854059	0.5288919102651257
0.9994861253854059	0.528963829208594
0.9994861253854059	0.5290357677138583
0.9992291880781089	0.5289717083786725
0.9992291880781089	0.5290436675282274
0.9992291880781089	0.5291156462585034
0.9992291880781089	0.5291876445774936
0.9992291880781089	0.5292596624931954
0.9992291880781089	0.529331700013611
0.9992291880781089	0.5294037571467465
0.9992291880781089	0.5294758339006127
0.9992291880781089	0.5295479302832244
0.9992291880781089	0.5296200463026011
0.9992291880781089	0.5296921819667666
0.9992291880781089	0.5297643372837488
0.9992291880781089	0.5298365122615804
0.9992291880781089	0.5299087069082982
0.9992291880781089	0.5299809212319433
0.9992291880781089	0.5300531552405615
0.9992291880781089	0.5301254089422028
0.9992291880781089	0.5301976823449216
0.9992291880781089	0.5302699754567767
0.9992291880781089	0.5303422882858312
0.9992291880781089	0.5304146208401528
0.9992291880781089	0.5304869731278133
0.9992291880781089	0.5305593451568895
0.9992291880781089	0.5306317369354618
0.9992291880781089	0.5307041484716157
0.9992291880781089	0.5307765797734407
0.9992291880781089	0.5308490308490309
0.9992291880781089	0.5309215017064847
0.9992291880781089	0.530993992353905
0.9992291880781089	0.5310665027993992
0.9992291880781089	0.5311390330510789
0.9992291880781089	0.5312115831170605
0.9992291880781089	0.5312841530054645
0.9992291880781089	0.5313567427244159
0.9992291880781089	0.5314293522820442
0.9992291880781089	0.5315019816864835
0.9992291880781089	0.5315746309458721
0.9992291880781089	0.5316473000683527
0.9992291880781089	0.5317199890620727
0.9992291880781089	0.5317926979351839
0.9992291880781089	0.5318654266958425
0.9992291880781089	0.531938175352209
0.9992291880781089	0.5320109439124487
0.9992291880781089	0.5320837323847312
0.9992291880781089	0.5321565407772304
0.9992291880781089	0.5322293690981251
0.9992291880781089	0.5323022173555981
0.9992291880781089	0.5323750855578371
0.9992291880781089	0.532447973713034
0.9992291880781089	0.5325208818293852
0.9992291880781089	0.5325938099150918
0.9992291880781089	0.5326667579783592
0.9992291880781089	0.5327397260273973
0.9992291880781089	0.5328127140704206
0.9992291880781089	0.5328857221156481
0.9992291880781089	0.5329587501713032
0.9992291880781089	0.5330317982456141
0.9992291880781089	0.5331048663468129
0.9992291880781089	0.5331779544831369
0.9992291880781089	0.5332510626628274
0.9992291880781089	0.5333241908941305
0.9992291880781089	0.533397339185297
0.9992291880781089	0.5334705075445816
0.9992291880781089	0.5335436959802442
0.9992291880781089	0.5336169045005489
0.9992291880781089	0.5336901331137642
0.9992291880781089	0.5337633818281636
0.9992291880781089	0.5338366506520247
0.9992291880781089	0.5339099395936299
0.9992291880781089	0.533983248661266
0.9992291880781089	0.5340565778632244
0.9992291880781089	0.5341299272078012
0.9992291880781089	0.5342032967032967
0.9992291880781089	0.5342766863580162
0.9992291880781089	0.5343500961802693
0.9992291880781089	0.5344235261783702
0.9992291880781089	0.5344969763606378
0.9992291880781089	0.5345704467353952
0.9992291880781089	0.5346439373109706
0.9992291880781089	0.5347174480956964
0.9992291880781089	0.5347909790979097
0.9992291880781089	0.5348645303259524
0.9992291880781089	0.5349381017881706
0.9992291880781089	0.5350116934929151
0.9992291880781089	0.5350853054485416
0.9992291880781089	0.5351589376634099
0.9992291880781089	0.535232590145885
0.9992291880781089	0.5353062629043358
0.9992291880781089	0.5353799559471366
0.9992291880781089	0.5354536692826656
0.9992291880781089	0.535527402919306
0.9992291880781089	0.5356011568654455
0.9992291880781089	0.5356749311294766
0.9992291880781089	0.5357487257197961
0.9992291880781089	0.5358225406448057
0.998972250770812	0.5357585779247623
0.998972250770812	0.535832414553473
0.998972250770812	0.5359062715368711
0.998972250770812	0.5359801488833746
0.998972250770812	0.5360540466014063
0.998972250770812	0.5361279646993933
0.998972250770812	0.5362019031857674
0.998972250770812	0.5362758620689655
0.998972250770812	0.5363498413574286
0.998972250770812	0.5364238410596026
0.998972250770812	0.5364978611839382
0.998972250770812	0.5365719017388905
0.998972250770812	0.5366459627329192
0.998972250770812	0.5367200441744893
0.998972250770812	0.5367941460720695
0.998972250770812	0.5368682684341343
0.998972250770812	0.5369424112691618
0.998972250770812	0.5370165745856353
0.998972250770812	0.5370907583920431
0.998972250770812	0.5371649626968776
0.998972250770812	0.5372391875086362
0.998972250770812	0.5373134328358209
0.998972250770812	0.5373876986869385
0.998972250770812	0.5374619850705005
0.998972250770812	0.5375362919950228
0.998972250770812	0.5376106194690266
0.998972250770812	0.5376849675010372
0.998972250770812	0.537759336099585
0.998972250770812	0.5378337252732052
0.998972250770812	0.5379081350304372
0.998972250770812	0.5379825653798257
0.998972250770812	0.5380570163299198
0.998972250770812	0.5381314878892733
0.998972250770812	0.5382059800664452
0.998972250770812	0.5382804928699986
0.998972250770812	0.5383550263085018
0.998972250770812	0.5384295803905276
0.998972250770812	0.5385041551246538
0.998972250770812	0.5385787505194626
0.998972250770812	0.5386533665835411
0.998972250770812	0.5387280033254815
0.998972250770812	0.5388026607538803
0.998972250770812	0.5388773388773389
0.998972250770812	0.5389520377044635
0.998972250770812	0.5390267572438653
0.998972250770812	0.5391014975041597
0.998972250770812	0.5391762584939676
0.998972250770812	0.5392510402219141
0.998972250770812	0.5393258426966292
0.998972250770812	0.5394006659267481
0.998972250770812	0.5394755099209102
0.998972250770812	0.5395503746877602
0.998972250770812	0.5396252602359473
0.998972250770812	0.5397001665741255
0.998972250770812	0.5397750937109538
0.998972250770812	0.5398500416550958
0.998972250770812	0.5399250104152201
0.998972250770812	0.54
0.998972250770812	0.5400750104181137
0.998972250770812	0.540150041678244
0.998972250770812	0.5402250937890788
0.998972250770812	0.5403001667593107
0.998972250770812	0.5403752605976373
0.998972250770812	0.5404503753127606
0.998972250770812	0.540525510913388
0.998972250770812	0.5406006674082313
0.998972250770812	0.5406758448060075
0.998972250770812	0.5407510431154381
0.998972250770812	0.5408262623452497
0.998972250770812	0.5409015025041736
0.998972250770812	0.5409767636009462
0.998972250770812	0.5410520456443084
0.998972250770812	0.5411273486430063
0.998972250770812	0.5412026726057907
0.998972250770812	0.5412780175414172
0.998972250770812	0.5413533834586466
0.998972250770812	0.5414287703662443
0.998972250770812	0.5415041782729805
0.998972250770812	0.5415796071876305
0.998972250770812	0.5416550571189747
0.998972250770812	0.5417305280757977
0.998972250770812	0.5418060200668896
0.998972250770812	0.5418815331010453
0.998972250770812	0.5419570671870644
0.998972250770812	0.5420326223337516
0.998972250770812	0.5421081985499163
0.998972250770812	0.5421837958443732
0.998972250770812	0.5422594142259414
0.998972250770812	0.5423350537034454
0.998972250770812	0.5424107142857143
0.998972250770812	0.5424863959815822
0.998972250770812	0.5425620987998884
0.998972250770812	0.5426378227494766
0.998972250770812	0.542713567839196
0.998972250770812	0.5427893340779003
0.998972250770812	0.5428651214744484
0.998972250770812	0.5429409300377043
0.998972250770812	0.5430167597765363
0.998972250770812	0.5430926106998184
0.998972250770812	0.5431684828164292
0.998972250770812	0.5432443761352522
0.998972250770812	0.5433202906651761
0.998972250770812	0.5433962264150943
0.998972250770812	0.5434721833939055
0.998972250770812	0.5435481616105131
0.998972250770812	0.5436241610738255
0.998972250770812	0.5437001817927563
0.998972250770812	0.5437762237762238
0.998972250770812	0.5438522870331515
0.998972250770812	0.5439283715724679
0.998972250770812	0.5440044774031062
0.998972250770812	0.5440806045340051
0.998972250770812	0.5441567529741078
0.998972250770812	0.5442329227323628
0.998972250770812	0.5443091138177236
0.998972250770812	0.5443853262391487
0.998972250770812	0.5444615600056014
0.998972250770812	0.5445378151260504
0.998972250770812	0.5446140916094692
0.998972250770812	0.5446903894648361
0.998972250770812	0.544766708701135
0.998972250770812	0.5448430493273543
0.998972250770812	0.5449194113524878
0.998972250770812	0.5449957947855341
0.998972250770812	0.545072199635497
0.998972250770812	0.5451486259113854
0.998972250770812	0.5452250736222128
0.998972250770812	0.5453015427769986
0.998972250770812	0.5453780333847664
0.998972250770812	0.5454545454545454
0.998972250770812	0.5455310789953697
0.998972250770812	0.5456076340162784
0.998972250770812	0.5456842105263158
0.998972250770812	0.5457608085345311
0.998972250770812	0.5458374280499789
0.998972250770812	0.5459140690817186
0.998972250770812	0.5459907316388147
0.998972250770812	0.5460674157303371
0.998972250770812	0.5461441213653603
0.998972250770812	0.5462208485529643
0.998972250770812	0.546297597302234
0.998972250770812	0.5463743676222597
0.998972250770812	0.5464511595221363
0.998972250770812	0.5465279730109643
0.998972250770812	0.5466048080978491
0.998972250770812	0.5466816647919011
0.998972250770812	0.5467585431022359
0.998972250770812	0.5468354430379747
0.998972250770812	0.5469123646082431
0.998972250770812	0.5469893078221723
0.998972250770812	0.5470662726888983
0.998972250770812	0.5471432592175626
0.998972250770812	0.5472202674173118
0.998972250770812	0.5472972972972973
0.998972250770812	0.547374348866676
0.998972250770812	0.54745142213461
0.998972250770812	0.5475285171102662
0.998972250770812	0.5476056338028169
0.998972250770812	0.5476827722214397
0.998972250770812	0.547759932375317
0.998972250770812	0.5478371142736368
0.998972250770812	0.5479143179255919
0.998972250770812	0.5479915433403806
0.998972250770812	0.5480687905272061
0.998972250770812	0.5481460594952771
0.998972250770812	0.5482233502538071
0.998972250770812	0.5483006628120153
0.998972250770812	0.5483779971791255
0.998972250770812	0.5484553533643673
0.998972250770812	0.5485327313769752
0.998972250770812	0.5486101312261888
0.998972250770812	0.5486875529212532
0.998972250770812	0.5487649964714185
0.998972250770812	0.5488424618859401
0.998972250770812	0.5489199491740788
0.998972250770812	0.5489974583451003
0.998972250770812	0.5490749894082757
0.998972250770812	0.5491525423728814
0.998972250770812	0.5492301172481989
0.998972250770812	0.5493077140435151
0.998972250770812	0.5493853327681221
0.998972250770812	0.5494629734313171
0.998972250770812	0.5495406360424028
0.998972250770812	0.549618320610687
0.998972250770812	0.5496960271454828
0.998972250770812	0.5497737556561086
0.998972250770812	0.549851506151888
0.998972250770812	0.5499292786421499
0.998972250770812	0.5500070731362287
0.998972250770812	0.5500848896434635
0.998972250770812	0.5501627281731993
0.998972250770812	0.5502405887347863
0.998972250770812	0.5503184713375796
0.998972250770812	0.5503963759909399
0.998972250770812	0.5504743027042334
0.998972250770812	0.550552251486831
0.998972250770812	0.5506302223481093
0.998972250770812	0.5507082152974504
0.998972250770812	0.5507862303442413
0.998972250770812	0.5508642674978748
0.998972250770812	0.5509423267677483
0.998972250770812	0.5510204081632653
0.998972250770812	0.5510985116938342
0.998972250770812	0.5511766373688687
0.998972250770812	0.5512547851977881
0.998972250770812	0.551332955190017
0.998972250770812	0.5514111473549851
0.998972250770812	0.5514893617021277
0.998972250770812	0.5515675982408852
0.998972250770812	0.5516458569807038
0.998972250770812	0.5517241379310345
0.998972250770812	0.5518024411013341
0.998972250770812	0.5518807665010645
0.998972250770812	0.5519591141396933
0.998972250770812	0.5520374840266932
0.998972250770812	0.5521158761715422
0.998972250770812	0.5521942905837239
0.998972250770812	0.5522727272727272
0.998972250770812	0.5523511862480466
0.998972250770812	0.5524296675191815
0.998972250770812	0.5525081710956373
0.998972250770812	0.5525866969869244
0.998972250770812	0.5526652452025587
0.998972250770812	0.5527438157520614
0.998972250770812	0.5528224086449595
0.998972250770812	0.552901023890785
0.998972250770812	0.5529796614990755
0.998972250770812	0.5530583214793741
0.998972250770812	0.5531370038412292
0.998972250770812	0.5532157085941947
0.998972250770812	0.5532944357478298
0.9987153134635149	0.5532308568175349
0.9987153134635149	0.5533096085409253
0.9987153134635149	0.5533883826879271
0.9987153134635149	0.5534671792681191
0.9987153134635149	0.5535459982910852
0.9987153134635149	0.5536248397664151
0.9987153134635149	0.5537037037037037
0.9987153134635149	0.5537825901125516
0.9987153134635149	0.5538614990025649
0.9987153134635149	0.5539404303833547
0.9987153134635149	0.5540193842645382
0.9987153134635149	0.5540983606557377
0.9987153134635149	0.5541773595665811
0.9987153134635149	0.5542563810067018
0.9987153134635149	0.5543354249857387
0.9987153134635149	0.5544144915133362
0.9987153134635149	0.5544935805991441
0.9987153134635149	0.5545726922528178
0.9987153134635149	0.5546518264840182
0.9987153134635149	0.5547309833024119
0.9987153134635149	0.5548101627176706
0.9987153134635149	0.5548893647394718
0.9987153134635149	0.5549685893774986
0.9987153134635149	0.5550478366414394
0.9987153134635149	0.5551271065409883
0.9987153134635149	0.5552063990858449
0.9987153134635149	0.5552857142857143
0.9987153134635149	0.5553650521503072
0.9987153134635149	0.5554444126893399
0.9987153134635149	0.555523795912534
0.9987153134635149	0.555603201829617
0.9987153134635149	0.5556826304503216
0.9987153134635149	0.5557620817843866
0.9987153134635149	0.5558415558415558
0.9987153134635149	0.555921052631579
0.9987153134635149	0.5560005721642112
0.9987153134635149	0.5560801144492131
0.9987153134635149	0.5561596794963514
0.9987153134635149	0.5562392673153979
0.9987153134635149	0.55631887791613
0.9987153134635149	0.556398511308331
0.9987153134635149	0.5564781675017896
0.9987153134635149	0.5565578465063001
0.9987153134635149	0.5566375483316626
0.9987153134635149	0.5567172729876826
0.9987153134635149	0.5567970204841713
0.9987153134635149	0.5568767908309455
0.9987153134635149	0.5569565840378278
0.9987153134635149	0.5570364001146461
0.9987153134635149	0.5571162390712341
0.9987153134635149	0.5571961009174312
0.9987153134635149	0.5572759856630825
0.9987153134635149	0.5573558933180385
0.9987153134635149	0.5574358238921554
0.9987153134635149	0.5575157773952955
0.9987153134635149	0.5575957538373261
0.9987153134635149	0.5576757532281205
0.9987153134635149	0.5577557755775577
0.9987153134635149	0.5578358208955224
0.9987153134635149	0.5579158891919047
0.9987153134635149	0.5579959804766006
0.9987153134635149	0.5580760947595118
0.9987153134635149	0.5581562320505457
0.9987153134635149	0.5582363923596151
0.9987153134635149	0.558316575696639
0.9987153134635149	0.5583967820715414
0.9987153134635149	0.5584770114942529
0.9987153134635149	0.5585572639747091
0.9987153134635149	0.5586375395228514
0.9987153134635149	0.5587178381486273
0.9987153134635149	0.5587981598619897
0.9987153134635149	0.5588785046728972
0.9987153134635149	0.5589588725913144
0.9987153134635149	0.5590392636272112
0.9987153134635149	0.5591196777905638
0.9987153134635149	0.5592001150913538
0.9987153134635149	0.5592805755395683
0.9987153134635149	0.5593610591452007
0.9987153134635149	0.5594415659182499
0.9987153134635149	0.5595220958687203
0.9987153134635149	0.5596026490066225
0.9987153134635149	0.5596832253419727
0.9987153134635149	0.5597638248847926
0.9987153134635149	0.5598444476451102
0.9987153134635149	0.5599250936329588
0.9987153134635149	0.5600057628583778
0.9987153134635149	0.5600864553314121
0.9987153134635149	0.5601671710621127
0.9987153134635149	0.5602479100605362
0.9987153134635149	0.560328672336745
0.9987153134635149	0.5604094579008074
0.9987153134635149	0.5604902667627975
0.9987153134635149	0.5605710989327949
0.9987153134635149	0.5606519544208857
0.9987153134635149	0.5607328332371609
0.9987153134635149	0.5608137353917184
0.9987153134635149	0.5608946608946609
0.9987153134635149	0.5609756097560976
0.9987153134635149	0.5610565819861432
0.9987153134635149	0.5611375775949184
0.9987153134635149	0.5612185965925498
0.9987153134635149	0.5612996389891697
0.9987153134635149	0.5613807047949162
0.9987153134635149	0.5614617940199336
0.9987153134635149	0.5615429066743716
0.9987153134635149	0.5616240427683861
0.9987153134635149	0.5617052023121387
0.9987153134635149	0.561786385315797
0.9987153134635149	0.5618675917895345
0.9987153134635149	0.5619488217435304
0.9987153134635149	0.5620300751879699
0.9987153134635149	0.5621113521330441
0.9987153134635149	0.5621926525889499
0.9987153134635149	0.5623553240740741
0.9987153134635149	0.5624366951237159
0.9987153134635149	0.5625180897250361
0.9987153134635149	0.5625995078882617
0.9987153134635149	0.5626809496236248
0.9987153134635149	0.5627624149413638
0.9987153134635149	0.5628439038517231
0.9984583761562179	0.5627805937726286
0.9984583761562179	0.5628621089223639
0.9984583761562179	0.5629436476894104
0.9984583761562179	0.5630252100840336
0.9984583761562179	0.5631067961165048
0.9984583761562179	0.5631884057971015
0.9984583761562179	0.5632700391361067
0.9984583761562179	0.5633516961438098
0.9984583761562179	0.563433376830506
0.9984583761562179	0.5635150812064965
0.9984583761562179	0.5635968092820884
0.9984583761562179	0.5636785610675951
0.9984583761562179	0.5637603365733352
0.9984583761562179	0.5638421358096344
0.9984583761562179	0.5639239587868234
0.9984583761562179	0.5640058055152395
0.9984583761562179	0.5640876760052257
0.9984583761562179	0.5641695702671312
0.9984583761562179	0.5642514883113111
0.9984583761562179	0.5643334301481266
0.9984583761562179	0.5644153957879449
0.9984583761562179	0.5644973852411389
0.9984583761562179	0.564579398518088
0.9984583761562179	0.5646614356291776
0.9984583761562179	0.5647434965847987
0.9984583761562179	0.5648255813953489
0.9984583761562179	0.5649076900712313
0.9984583761562179	0.5649898226228555
0.9984583761562179	0.5650719790606369
0.9984583761562179	0.5651541593949971
0.9984583761562179	0.5652363636363636
0.9984583761562179	0.5653185917951702
0.9984583761562179	0.5654008438818565
0.9984583761562179	0.5654831199068685
0.9984583761562179	0.5655654198806578
0.9984583761562179	0.5656477438136827
0.9984583761562179	0.5657300917164071
0.9984583761562179	0.5658124635993012
0.9984583761562179	0.5658948594728411
0.9984583761562179	0.5659772793475095
0.9984583761562179	0.5660597232337946
0.9984583761562179	0.5661421911421911
0.9984583761562179	0.5662246830831997
0.9984583761562179	0.5663071990673273
0.9984583761562179	0.5663897391050867
0.9984583761562179	0.566472303206997
0.9984583761562179	0.5665548913835836
0.9984583761562179	0.5666375036453777
0.9984583761562179	0.5667201400029167
0.9984583761562179	0.5668028004667445
0.9984583761562179	0.5668854850474107
0.9984583761562179	0.5669681937554713
0.9984583761562179	0.5670509266014884
0.9984583761562179	0.5671336835960303
0.9984583761562179	0.5672164647496716
0.9984583761562179	0.5672992700729927
0.9984583761562179	0.5673820995765805
0.9984583761562179	0.5674649532710281
0.9984583761562179	0.5675478311669344
0.9984583761562179	0.5676307332749051
0.9984583761562179	0.5677136596055515
0.9982014388489209	0.5676504967855055
0.9982014388489209	0.5677334502411223
0.9982014388489209	0.5678164279450453
0.9982014388489209	0.5678994299079082
0.9982014388489209	0.5679824561403509
0.9982014388489209	0.5680655066530195
0.9982014388489209	0.5681485814565662
0.9982014388489209	0.5682316805616499
0.9982014388489209	0.5683148039789351
0.9982014388489209	0.5683979517190929
0.9982014388489209	0.5684811237928007
0.9982014388489209	0.568564320210742
0.9982014388489209	0.5686475409836066
0.9982014388489209	0.5687307861220905
0.9982014388489209	0.568814055636896
0.9982014388489209	0.5688973495387318
0.9982014388489209	0.5689806678383128
0.9982014388489209	0.56906401054636
0.9982014388489209	0.5691473776736009
0.9982014388489209	0.5692307692307692
0.9982014388489209	0.5693141852286049
0.9982014388489209	0.5693976256778543
0.9982014388489209	0.56948109058927
0.9982014388489209	0.5695645799736109
0.9982014388489209	0.5696480938416423
0.9982014388489209	0.5697316322041355
0.9982014388489209	0.5698151950718686
0.9982014388489209	0.5698987824556256
0.9982014388489209	0.5699823943661971
0.9982014388489209	0.57006603081438
0.9982014388489209	0.5701496918109774
0.9982014388489209	0.5702333773667988
0.9982014388489209	0.57031708749266
0.9982014388489209	0.5704008221993834
0.9982014388489209	0.5704845814977973
0.9982014388489209	0.570568365398737
0.9982014388489209	0.5706521739130435
0.9982014388489209	0.5707360070515646
0.9982014388489209	0.5708198648251542
0.9982014388489209	0.5709037472446731
0.9982014388489209	0.5709876543209876
0.9982014388489209	0.5710715860649713
0.9982014388489209	0.5711555424875037
0.9982014388489209	0.5712395235994706
0.9982014388489209	0.5713235294117647
0.9982014388489209	0.5714075599352846
0.9982014388489209	0.5714916151809356
0.9982014388489209	0.5715756951596292
0.9982014388489209	0.5716597998822837
0.9979445015416238	0.5715967623252391
0.9979445015416238	0.5716808949072711
0.9979445015416238	0.5717650522596791
0.9979445015416238	0.571849234393404
0.9979445015416238	0.5719334413193933
0.9979445015416238	0.5720176730486008
0.9979445015416238	0.572101929591987
0.9979445015416238	0.5721862109605186
0.9979445015416238	0.5722705171651687
0.9979445015416238	0.5723548482169172
0.9979445015416238	0.5724392041267502
0.9979445015416238	0.5725235849056604
0.9979445015416238	0.572607990564647
0.9979445015416238	0.5726924211147154
0.9979445015416238	0.572776876566878
0.9979445015416238	0.5728613569321533
0.9976875642343268	0.5727983478389143
0.9976875642343268	0.5728828562997934
0.9974306269270298	0.5728198317839752
0.9974306269270298	0.5729043683589138
0.9974306269270298	0.572988929889299
0.9974306269270298	0.5730735163861824
0.9974306269270298	0.573158127860623
0.9974306269270298	0.5732427643236858
0.9974306269270298	0.5733274257864421
0.9974306269270298	0.5734121122599705
0.9974306269270298	0.5734968237553553
0.9974306269270298	0.5735815602836879
0.9974306269270298	0.5736663218560663
0.9974306269270298	0.5737511084835945
0.9974306269270298	0.5738359201773836
0.9974306269270298	0.5739207569485512
0.9974306269270298	0.5740056188082212
0.9974306269270298	0.5740905057675244
0.9974306269270298	0.574175417837598
0.9974306269270298	0.5742603550295858
0.9974306269270298	0.5743453173546382
0.9974306269270298	0.5744303048239124
0.9974306269270298	0.5745153174485719
0.9974306269270298	0.5746003552397868
0.9974306269270298	0.5746854182087343
0.9974306269270298	0.5747705063665975
0.9974306269270298	0.5748556197245669
0.9974306269270298	0.5749407582938388
0.9974306269270298	0.575025922085617
0.9974306269270298	0.5751111111111111
0.9974306269270298	0.575196325381538
0.9974306269270298	0.5752815649081209
0.9974306269270298	0.5753668297020899
0.9974306269270298	0.5754521197746812
0.9974306269270298	0.5755374351371386
0.9974306269270298	0.5756227758007118
0.9974306269270298	0.5757081417766573
0.9974306269270298	0.5757935330762385
0.9974306269270298	0.5758789497107254
0.9974306269270298	0.5759643916913947
0.9974306269270298	0.5760498590295297
0.9974306269270298	0.5761353517364203
0.9974306269270298	0.5762208698233635
0.9974306269270298	0.5763064133016627
0.9974306269270298	0.5763919821826281
0.9974306269270298	0.5764775764775765
0.9974306269270298	0.5765631961978316
0.9974306269270298	0.5766488413547237
0.9974306269270298	0.5767345119595899
0.9974306269270298	0.5768202080237741
0.9974306269270298	0.5769059295586269
0.9974306269270298	0.5769916765755053
0.9974306269270298	0.5770774490857737
0.9974306269270298	0.5771632471008028
0.9974306269270298	0.5772490706319703
0.9974306269270298	0.5773349196906603
0.9971736896197327	0.5772720511676335
0.9971736896197327	0.5773579291877418
0.9971736896197327	0.5774438327629817
0.9971736896197327	0.5775297619047619
0.9971736896197327	0.5776157166244977
0.9971736896197327	0.5777016969336112
0.9971736896197327	0.5777877028435313
0.9971736896197327	0.5778737343656939
0.9971736896197327	0.5779597915115413
0.9971736896197327	0.5780458742925231
0.9971736896197327	0.5781319827200954
0.9971736896197327	0.5782181168057211
0.9971736896197327	0.5783042765608702
0.9971736896197327	0.5783904619970194
0.9971736896197327	0.5784766731256521
0.9971736896197327	0.5785629099582588
0.9971736896197327	0.5786491725063366
0.9971736896197327	0.5787354607813898
0.9971736896197327	0.5788217747949291
0.9971736896197327	0.5789081145584726
0.9971736896197327	0.5789944800835447
0.9969167523124358	0.5789316621903909
0.9969167523124358	0.579018057006417
0.9966598150051388	0.5789552238805971
0.9966598150051388	0.5790416480071653
0.9966598150051388	0.5791280979396835
0.9966598150051388	0.5792145736897119
0.9966598150051388	0.5793010752688172
0.9966598150051388	0.5793876026885736
0.9966598150051388	0.5794741559605617
0.9966598150051388	0.5795607350963693
0.9966598150051388	0.5796473401075911
0.9966598150051388	0.5797339710058287
0.9966598150051388	0.5798206278026906
0.9966598150051388	0.5799073105097922
0.9966598150051388	0.579994019138756
0.9966598150051388	0.5800807537012113
0.9966598150051388	0.5801675142087945
0.9966598150051388	0.5802543006731489
0.9966598150051388	0.5803411131059246
0.9966598150051388	0.580427951518779
0.9966598150051388	0.5805148159233763
0.9966598150051388	0.5806017063313875
0.9966598150051388	0.5806886227544911
0.9966598150051388	0.5807755652043719
0.9966598150051388	0.5808625336927223
0.9966598150051388	0.5809495282312416
0.9966598150051388	0.5810365488316357
0.9966598150051388	0.581123595505618
0.9966598150051388	0.5812106682649086
0.9966598150051388	0.5812977671212348
0.9966598150051388	0.5813848920863309
0.9966598150051388	0.5814720431719382
0.9964028776978417	0.5814092953523239
0.9964028776978417	0.5814964762333183
0.9964028776978417	0.5815836832633473
0.9964028776978417	0.5816709164541773
0.9964028776978417	0.5817581758175817
0.9964028776978417	0.5818454613653413
0.9964028776978417	0.5819327731092437
0.9964028776978417	0.5820201110610836
0.9964028776978417	0.5821074752326628
0.9964028776978417	0.5821948656357904
0.9964028776978417	0.5822822822822823
0.9964028776978417	0.5823697251839616
0.9964028776978417	0.5824571943526584
0.9964028776978417	0.5825446898002103
0.9964028776978417	0.5826322115384616
0.9964028776978417	0.5827197595792637
0.9964028776978417	0.5828073339344755
0.9964028776978417	0.5828949346159628
0.9964028776978417	0.5829825616355984
0.9964028776978417	0.5830702150052623
0.9964028776978417	0.5831578947368421
0.9964028776978417	0.5832456008422319
0.9964028776978417	0.5833333333333334
0.9964028776978417	0.5834210922220551
0.9964028776978417	0.583508877520313
0.9964028776978417	0.58359668924003
0.9964028776978417	0.5836845273931367
0.9964028776978417	0.58377239199157
0.9964028776978417	0.5838602830472749
0.9964028776978417	0.583948200572203
0.9964028776978417	0.5840361445783132
0.9964028776978417	0.5841241150775719
0.9964028776978417	0.5842121120819525
0.9964028776978417	0.5843001356034353
0.9964028776978417	0.5843881856540084
0.9964028776978417	0.584476262245667
0.9964028776978417	0.584564365390413
0.9964028776978417	0.5846524951002563
0.9964028776978417	0.5847406513872135
0.9964028776978417	0.5848288342633087
0.9964028776978417	0.5849170437405732
0.9964028776978417	0.5850052798310454
0.9964028776978417	0.5850935425467713
0.9964028776978417	0.5851818318998039
0.9964028776978417	0.5852701479022034
0.9964028776978417	0.5853584905660377
0.9964028776978417	0.5854468599033816
0.9964028776978417	0.5855352559263174
0.9964028776978417	0.5856236786469344
0.9964028776978417	0.5857121280773298
0.9964028776978417	0.5858006042296072
0.9964028776978417	0.5858891071158785
0.9964028776978417	0.5859776367482623
0.9964028776978417	0.5860661931388846
0.9964028776978417	0.5861547762998791
0.9964028776978417	0.5862433862433862
0.9964028776978417	0.5863320229815543
0.9964028776978417	0.5864206865265387
0.9964028776978417	0.5865093768905021
0.9964028776978417	0.5865980940856149
0.9964028776978417	0.5866868381240544
0.9964028776978417	0.5867756090180057
0.9964028776978417	0.586864406779661
0.9964028776978417	0.5869532314212199
0.9964028776978417	0.5870420829548895
0.9964028776978417	0.5871309613928842
0.9964028776978417	0.5872198667474258
0.9964028776978417	0.5873087990307436
0.9964028776978417	0.5873977582550742
0.9961459403905447	0.5873352522345099
0.9961459403905447	0.5874242424242424
0.9961459403905447	0.5875132595847856
0.9961459403905447	0.5876023037284025
0.9961459403905447	0.587691374867364
0.9961459403905447	0.5877804730139479
0.9961459403905447	0.5878695981804397
0.9961459403905447	0.5879587503791326
0.9961459403905447	0.5880479296223267
0.9961459403905447	0.5881371359223301
0.9961459403905447	0.588226369291458
0.9961459403905447	0.5883156297420333
0.9961459403905447	0.5884049172863864
0.9961459403905447	0.5884942319368549
0.9961459403905447	0.5885835737057841
0.9961459403905447	0.5886729426055268
0.9961459403905447	0.5887623386484434
0.9961459403905447	0.5888517618469016
0.9961459403905447	0.5889412122132767
0.9961459403905447	0.5890306897599514
0.9961459403905447	0.5891201944993162
0.9961459403905447	0.589209726443769
0.9961459403905447	0.5892992856057152
0.9961459403905447	0.5893888719975676
0.9961459403905447	0.589478485631747
0.9961459403905447	0.5895681265206812
0.9961459403905447	0.5896577946768061
0.9961459403905447	0.5897474901125647
0.9961459403905447	0.5898372128404077
0.9961459403905447	0.5899269628727937
0.9961459403905447	0.5900167402221884
0.9961459403905447	0.5901065449010654
0.9961459403905447	0.590196376921906
0.9961459403905447	0.5902862362971986
0.9961459403905447	0.5903761230394396
0.9961459403905447	0.5904660371611331
0.9961459403905447	0.5905559786747906
0.9961459403905447	0.5906459475929311
0.9961459403905447	0.5907359439280817
0.9961459403905447	0.5908259676927766
0.9961459403905447	0.590916018899558
0.9961459403905447	0.5910060975609757
0.9961459403905447	0.5910962036895868
0.9961459403905447	0.5911863372979567
0.9961459403905447	0.5912764983986579
0.9961459403905447	0.5913666870042709
0.9961459403905447	0.5914569031273836
0.9961459403905447	0.5915471467805921
0.9961459403905447	0.5916374179764993
0.9961459403905447	0.5917277167277167
0.9961459403905447	0.591818043046863
0.9961459403905447	0.5919083969465649
0.9961459403905447	0.5919987784394564
0.9961459403905447	0.5920891875381796
0.9961459403905447	0.5921796242553842
0.9961459403905447	0.5922700886037274
0.9961459403905447	0.5923605805958747
0.9961459403905447	0.5924511002444988
0.9961459403905447	0.5925416475622803
0.9961459403905447	0.5926322225619077
0.9961459403905447	0.592722825256077
0.9961459403905447	0.5928134556574923
0.9961459403905447	0.5929041137788653
0.9961459403905447	0.5929947996329152
0.9961459403905447	0.5930855132323696
0.9961459403905447	0.5931762545899633
0.9961459403905447	0.5932670237184392
0.9958890030832477	0.5932047750229569
0.9958890030832477	0.5932955763049135
0.9958890030832477	0.5933864053888549
0.9958890030832477	0.5934772622875517
0.9958890030832477	0.5935681470137826
0.9958890030832477	0.5936590595803339
0.9958890030832477	0.59375
0.9958890030832477	0.593840968285583
0.9958890030832477	0.5939319644498927
0.9958890030832477	0.5940229885057471
0.9958890030832477	0.5941140404659718
0.9958890030832477	0.5942051203434002
0.9958890030832477	0.594296228150874
0.9958890030832477	0.5943873639012421
0.9958890030832477	0.594478527607362
0.9958890030832477	0.5945697192820985
0.9958890030832477	0.5946609389383246
0.9958890030832477	0.5947521865889213
0.9958890030832477	0.5948434622467772
0.9958890030832477	0.594934765924789
0.9958890030832477	0.5950260976358612
0.9958890030832477	0.5951174573929064
0.9958890030832477	0.5952088452088452
0.9958890030832477	0.5953002610966057
0.9958890030832477	0.5953917050691244
0.9958890030832477	0.5954831771393455
0.9958890030832477	0.5955746773202213
0.9958890030832477	0.5956662056247118
0.9958890030832477	0.5957577620657855
0.9958890030832477	0.5958493466564181
0.9958890030832477	0.5959409594095941
0.9958890030832477	0.5960326003383054
0.9958890030832477	0.5961242694555522
0.9958890030832477	0.5962159667743424
0.9958890030832477	0.5963076923076923
0.9958890030832477	0.5963994460686259
0.9958890030832477	0.5964912280701754
0.9958890030832477	0.596583038325381
0.9956320657759506	0.5965209359605911
0.9956320657759506	0.596612779060816
0.9956320657759506	0.5967046504465661
0.9956320657759506	0.5967965501309103
0.9956320657759506	0.5968884781269255
0.9956320657759506	0.5969804344476968
0.9956320657759506	0.5970724191063174
0.9956320657759506	0.5971644321158884
0.9956320657759506	0.5972564734895192
0.9956320657759506	0.5973485432403268
0.9956320657759506	0.5974406413814369
0.9956320657759506	0.5975327679259831
0.9956320657759506	0.5976249228871067
0.9956320657759506	0.5977171062779577
0.9956320657759506	0.5978093181116939
0.9956320657759506	0.5979015584014813
0.9956320657759506	0.5979938271604939
0.9956320657759506	0.5980861244019139
0.9956320657759506	0.5981784501389318
0.9956320657759506	0.598270804384746
0.9956320657759506	0.5983631871525633
0.9956320657759506	0.5984555984555985
0.9956320657759506	0.5985480383070745
0.9956320657759506	0.5986405067202225
0.9956320657759506	0.5987330037082819
0.9956320657759506	0.5988255292845001
0.9956320657759506	0.5989180834621329
0.9956320657759506	0.5990106662544443
0.9956320657759506	0.5991032776747063
0.9956320657759506	0.5991959177361992
0.9953751284686536	0.5991339313331271
0.9953751284686536	0.5992266047950503
0.9953751284686536	0.599319306930693
0.9953751284686536	0.5994120377533653
0.9953751284686536	0.5995047972763851
0.9953751284686536	0.5995975855130785
0.9953751284686536	0.5996904024767802
0.9953751284686536	0.599783248180833
0.9953751284686536	0.5998761226385878
0.9953751284686536	0.5999690258634041
0.9953751284686536	0.6000619578686494
0.9953751284686536	0.6001549186676994
0.9953751284686536	0.6002479082739386
0.9953751284686536	0.6003409267007593
0.9953751284686536	0.6004339739615623
0.9953751284686536	0.6005270500697566
0.9953751284686536	0.6006201550387597
0.9953751284686536	0.6007132888819972
0.9953751284686536	0.6008064516129032
0.9953751284686536	0.6008996432449201
0.9953751284686536	0.6009928637914986
0.9953751284686536	0.6010861132660977
0.9953751284686536	0.6011793916821849
0.9953751284686536	0.6012726990532361
0.9953751284686536	0.6013660353927351
0.9951181911613566	0.6013041453190499
0.9951181911613566	0.6013975155279503
0.9951181911613566	0.6014909147383134
0.9951181911613566	0.6015843429636533
0.9951181911613566	0.6016778002174926
0.9951181911613566	0.6017712865133623
0.9951181911613566	0.6018648018648018
0.9951181911613566	0.601958346285359
0.9951181911613566	0.6020519197885901
0.9951181911613566	0.6021455223880597
0.9951181911613566	0.602239154097341
0.9951181911613566	0.6023328149300156
0.9951181911613566	0.6024265048996733
0.9951181911613566	0.6025202240199129
0.9951181911613566	0.6026139723043411
0.9951181911613566	0.6027077497665733
0.9951181911613566	0.6028015564202335
0.9951181911613566	0.602895392278954
0.9951181911613566	0.6029892573563755
0.9951181911613566	0.6030831516661476
0.9951181911613566	0.6031770752219281
0.9951181911613566	0.6032710280373832
0.9951181911613566	0.6033650101261879
0.9951181911613566	0.6034590215020256
0.9951181911613566	0.6035530621785882
0.9951181911613566	0.6036471321695761
0.9951181911613566	0.6037412314886984
0.9951181911613566	0.6038353601496725
0.9951181911613566	0.6039295181662249
0.9951181911613566	0.6040237055520898
0.9951181911613566	0.6041179223210108
0.9951181911613566	0.6042121684867394
0.9951181911613566	0.6043064440630364
0.9951181911613566	0.6044007490636704
0.9951181911613566	0.6044950835024192
0.9951181911613566	0.604589447393069
0.9951181911613566	0.6046838407494145
0.9951181911613566	0.6047782635852592
0.9951181911613566	0.6048727159144152
0.9951181911613566	0.604967197750703
0.9951181911613566	0.6050617091079519
0.9951181911613566	0.60515625
0.9951181911613566	0.6052508204406939
0.9951181911613566	0.6053454204438887
0.9951181911613566	0.6054400500234485
0.9951181911613566	0.6055347091932458
0.9951181911613566	0.6056293979671619
0.9951181911613566	0.6057241163590866
0.9951181911613566	0.6058188643829188
0.9951181911613566	0.6059136420525657
0.9951181911613566	0.6060084493819433
0.9951181911613566	0.6061032863849766
0.9951181911613566	0.6061981530755987
0.9951181911613566	0.6062930494677521
0.9951181911613566	0.6063879755753875
0.9951181911613566	0.6064829314124648
0.9951181911613566	0.6065779169929523
0.9951181911613566	0.6066729323308271
0.9951181911613566	0.6067679774400752
0.9951181911613566	0.6068630523346913
0.9951181911613566	0.6069581570286788
0.9951181911613566	0.6070532915360501
0.9951181911613566	0.6071484558708261
0.9951181911613566	0.6072436500470367
0.9951181911613566	0.6073388740787204
0.9951181911613566	0.6074341279799247
0.9951181911613566	0.6075294117647059
0.9951181911613566	0.607624725447129
0.9951181911613566	0.6077200690412679
0.9951181911613566	0.6078154425612052
0.9951181911613566	0.6079108460210328
0.9951181911613566	0.6080062794348509
0.9951181911613566	0.6081017428167688
0.9951181911613566	0.6081972361809045
0.9951181911613566	0.6082927595413853
0.9951181911613566	0.6083883129123469
0.9951181911613566	0.608483896307934
0.9951181911613566	0.6085795097423005
0.9951181911613566	0.6086751532296086
0.9951181911613566	0.6087708267840302
0.9951181911613566	0.6088665304197454
0.9951181911613566	0.6089622641509433
0.9951181911613566	0.6090580279918226
0.9951181911613566	0.6091538219565901
0.9951181911613566	0.609249646059462
0.9951181911613566	0.6093455003146633
0.9951181911613566	0.6094413847364281
0.9951181911613566	0.609537299338999
0.9951181911613566	0.6096332441366283
0.9951181911613566	0.6097292191435768
0.9951181911613566	0.6098252243741143
0.9951181911613566	0.6099212598425197
0.9951181911613566	0.6100173255630807
0.9951181911613566	0.6101134215500945
0.9951181911613566	0.6102095478178667
0.9951181911613566	0.6103057043807123
0.9951181911613566	0.6104018912529551
0.9951181911613566	0.6104981084489282
0.9951181911613566	0.6105943559829734
0.9951181911613566	0.6106906338694418
0.9951181911613566	0.6107869421226936
0.9951181911613566	0.6108832807570977
0.9951181911613566	0.6109796497870327
0.9951181911613566	0.6110760492268854
0.9951181911613566	0.6111724790910525
0.9951181911613566	0.6112689393939394
0.9951181911613566	0.6113654301499606
0.9951181911613566	0.6114619513735396
0.9951181911613566	0.6115585030791094
0.9951181911613566	0.6116550852811118
0.9951181911613566	0.6117516979939978
0.9951181911613566	0.6118483412322275
0.9951181911613566	0.6119450150102702
0.9951181911613566	0.6120417193426043
0.9951181911613566	0.6121384542437174
0.9951181911613566	0.6122352197281062
0.9951181911613566	0.6123320158102766
0.9951181911613566	0.6124288425047438
0.9951181911613566	0.612525699826032
0.9951181911613566	0.6126225877886745
0.9951181911613566	0.6127195064072141
0.9951181911613566	0.6128164556962026
0.9951181911613566	0.612913435670201
0.9951181911613566	0.6130104463437797
0.9951181911613566	0.6131074877315181
0.9951181911613566	0.613204559848005
0.9951181911613566	0.6133016627078385
0.9951181911613566	0.6133987963256256
0.9951181911613566	0.6134959607159829
0.9951181911613566	0.6135931558935361
0.9951181911613566	0.6136903818729202
0.9951181911613566	0.6137876386687797
0.9951181911613566	0.613884926295768
0.9951181911613566	0.6139822447685479
0.9951181911613566	0.6140795941017917
0.9951181911613566	0.6141769743101808
0.9951181911613566	0.6142743854084061
0.9951181911613566	0.6143718274111675
0.9951181911613566	0.6144693003331747
0.9951181911613566	0.6145668041891463
0.9951181911613566	0.6146643389938105
0.9951181911613566	0.6147619047619047
0.9951181911613566	0.6148595015081759
0.9951181911613566	0.6149571292473801
0.9951181911613566	0.615054787994283
0.9951181911613566	0.6151524777636594
0.9951181911613566	0.6152501985702938
0.9951181911613566	0.6153479504289799
0.9951181911613566	0.6154457333545209
0.9951181911613566	0.6155435473617292
0.9951181911613566	0.6156413924654268
0.9948612538540597	0.6155802861685215
0.9948612538540597	0.6156781682302432
0.9948612538540597	0.6157760814249363
0.9948612538540597	0.6158740257674566
0.9948612538540597	0.6159720012726694
0.9948612538540597	0.6160700079554495
0.9948612538540597	0.6161680458306811
0.9948612538540597	0.616266114913258
0.9948612538540597	0.6163642152180834
0.9948612538540597	0.6164623467600701
0.9948612538540597	0.6165605095541401
0.9948612538540597	0.6166587036152253
0.9948612538540597	0.616756928958267
0.9948612538540597	0.6168551855982157
0.9948612538540597	0.6169534735500318
0.9946043165467626	0.6168924302788844
0.9946043165467626	0.6169907554988843
0.9946043165467626	0.6170891120675913
0.9946043165467626	0.6171875
0.9946043165467626	0.6172859193111147
0.9946043165467626	0.6173843700159489
0.9946043165467626	0.6174828521295262
0.9946043165467626	0.6175813656668794
0.9946043165467626	0.617679910643051
0.9946043165467626	0.6177784870730929
0.9946043165467626	0.617877094972067
0.9946043165467626	0.6179757343550447
0.9946043165467626	0.6180744052371068
0.9946043165467626	0.618173107633344
0.9946043165467626	0.6182718415588564
0.9946043165467626	0.618370607028754
0.9946043165467626	0.6184694040581562
0.9946043165467626	0.6185682326621924
0.9946043165467626	0.6186670928560013
0.9946043165467626	0.6187659846547314
0.9946043165467626	0.6188649080735412
0.9946043165467626	0.6189638631275983
0.9946043165467626	0.6190628498320806
0.9946043165467626	0.6191618682021753
0.9946043165467626	0.6192609182530795
0.9946043165467626	0.61936
0.9946043165467626	0.6194591134581533
0.9946043165467626	0.6195582586427657
0.9946043165467626	0.6196574355690732
0.9946043165467626	0.6197566442523215
0.9946043165467626	0.6198558847077662
0.9943473792394656	0.6197950032030749
0.9943473792394656	0.6198942815953868
0.9943473792394656	0.6199935917975008
0.9943473792394656	0.6200929338247075
0.9943473792394656	0.6201923076923077
0.9943473792394656	0.6202917134156115
0.9943473792394656	0.6203911510099391
0.9943473792394656	0.6204906204906205
0.9943473792394656	0.6205901218729956
0.9943473792394656	0.6206896551724138
0.9940904419321686	0.6206288097529676
0.9940904419321686	0.6207283811968555
0.9940904419321686	0.6208279845956355
0.9940904419321686	0.6209276199646927
0.9940904419321686	0.6210272873194221
0.9940904419321686	0.6211269866752288
0.9938335046248715	0.6210661528580603
0.9938335046248715	0.6211658904769551
0.9938335046248715	0.6212656601349181
0.9938335046248715	0.6213654618473896
0.9938335046248715	0.62146529562982
0.9938335046248715	0.6215651614976699
0.9938335046248715	0.6216650594664095
0.9938335046248715	0.621764989551519
0.9938335046248715	0.6218649517684888
0.9938335046248715	0.6219649461328188
0.9938335046248715	0.6220649726600193
0.9935765673175745	0.6220041820813897
0.9935765673175745	0.622104247104247
0.9935765673175745	0.6222043443282381
0.9935765673175745	0.622304473768909
0.9935765673175745	0.6224046354418156
0.9935765673175745	0.6225048293625242
0.9935765673175745	0.6226050555466108
0.9935765673175745	0.6227053140096618
0.9933196300102775	0.622644548236431
0.9933196300102775	0.6227448453608248
0.9933196300102775	0.6228451748026422
0.9933196300102775	0.6229455365775056
0.9933196300102775	0.6230459307010475
0.9933196300102775	0.6231463571889104
0.9933196300102775	0.6232468160567467
0.9933196300102775	0.6233473073202193
0.9933196300102775	0.6234478309950008
0.9933196300102775	0.6235483870967742
0.9930626927029804	0.623487659299887
0.9930626927029804	0.6235882542755727
0.9930626927029804	0.6236888817169598
0.9930626927029804	0.6237895416397676
0.9930626927029804	0.6238902340597255
0.9930626927029804	0.6239909589925735
0.9930626927029804	0.624091716454061
0.9930626927029804	0.6241925064599483
0.9930626927029804	0.6242933290260055
0.9930626927029804	0.624394184168013
0.9930626927029804	0.6244950719017612
0.9930626927029804	0.6245959922430511
0.9930626927029804	0.6246969452076936
0.9930626927029804	0.6247979308115099
0.9930626927029804	0.6248989490703315
0.9930626927029804	0.625
0.9930626927029804	0.6251010836163675
0.9930626927029804	0.625202199935296
0.9930626927029804	0.6253033489726582
0.9930626927029804	0.6254045307443366
0.9930626927029804	0.6255057452662243
0.9930626927029804	0.6256069925542247
0.9930626927029804	0.6257082726242512
0.9930626927029804	0.625809585492228
0.9928057553956835	0.625748987854251
0.9928057553956835	0.6258503401360545
0.9928057553956835	0.6259517252551434
0.9928057553956835	0.626053143227479
0.9925488180883865	0.625992545778642
0.9925488180883865	0.6260940032414911
0.9925488180883865	0.6261954935970173
0.9925488180883865	0.6262970168612192
0.9925488180883865	0.6263985730501054
0.9925488180883865	0.6265001621796951
0.9925488180883865	0.6266017842660179
0.9925488180883865	0.6267034393251135
0.9925488180883865	0.6268051273730326
0.9925488180883865	0.6269068484258358
0.9925488180883865	0.6270086024995942
0.9925488180883865	0.6271103896103896
0.9925488180883865	0.627212209774314
0.9922918807810894	0.6271516726209808
0.9920349434737924	0.6270911158031509
0.9917780061664954	0.6270305393112411
0.9917780061664954	0.6271324126726239
0.9915210688591983	0.6270718232044199
0.9915210688591983	0.6271737363887534
0.9915210688591983	0.6272756827048115
0.9912641315519013	0.6272150869777272
0.9912641315519013	0.6273170731707317
0.9912641315519013	0.6274190925353716
0.9912641315519013	0.6275211450878334
0.9912641315519013	0.6276232308443143
0.9912641315519013	0.6277253498210218
0.9912641315519013	0.6278275020341741
0.9912641315519013	0.6279296875
0.9912641315519013	0.6280319062347387
0.9912641315519013	0.6281341582546401
0.9912641315519013	0.6282364435759649
0.9912641315519013	0.6283387622149837
0.9912641315519013	0.6284411141879785
0.9912641315519013	0.6285434995112414
0.9912641315519013	0.6286459182010754
0.9912641315519013	0.628748370273794
0.9910071942446043	0.6286878565607172
0.9910071942446043	0.6287903488751223
0.9910071942446043	0.6288928746127507
0.9910071942446043	0.6289954337899544
0.9910071942446043	0.6290980264230958
0.9910071942446043	0.6292006525285482
0.9910071942446043	0.6293033121226954
0.9910071942446043	0.6294060052219321
0.9907502569373073	0.6293455198302595
0.9907502569373073	0.6294482533463924
0.9904933196300103	0.6293877551020408
0.9904933196300103	0.6294905290659699
0.9904933196300103	0.6295933365997061
0.9902363823227133	0.6295328324077099
0.9902363823227133	0.6296356804443718
0.9902363823227133	0.6297385620915033
0.9902363823227133	0.6298414773655826
0.9902363823227133	0.6299444262830991
0.9902363823227133	0.6300474088605525
0.9902363823227133	0.6301504251144538
0.9899794450154162	0.6300899427636958
0.9897225077081192	0.6300294406280668
0.9897225077081192	0.6301325044986095
0.9894655704008222	0.6300719895287958
0.9894655704008222	0.6301750940926198
0.9894655704008222	0.630278232405892
0.9894655704008222	0.6303814044851858
0.9894655704008222	0.6304846103470858
0.9894655704008222	0.6305878500081873
0.9894655704008222	0.6306911234850966
0.9892086330935251	0.6306306306306306
0.9892086330935251	0.6307339449541285
0.9892086330935251	0.630837293134524
0.9892086330935251	0.6309406751884628
0.9889516957862282	0.6308801835764629
0.9889516957862282	0.6309836065573771
0.9889516957862282	0.6310870634530251
0.9889516957862282	0.6311905542800919
0.9889516957862282	0.6312940790552731
0.9889516957862282	0.6313976377952756
0.9889516957862282	0.6315012305168171
0.9889516957862282	0.6316048572366262
0.9889516957862282	0.6317085179714427
0.9889516957862282	0.631812212738017
0.9889516957862282	0.6319159415531111
0.9889516957862282	0.6320197044334975
0.9889516957862282	0.63212350139596
0.9889516957862282	0.632227332457293
0.9886947584789312	0.632166913093478
0.9886947584789312	0.6322707854091357
0.9886947584789312	0.6323746918652424
0.9886947584789312	0.6324786324786325
0.9884378211716341	0.6324182146966957
0.9884378211716341	0.6325221966458402
0.9884378211716341	0.6326262127939484
0.9881808838643371	0.6325657894736842
0.9881808838643371	0.6326698470143116
0.9881808838643371	0.6327739387956565
0.9881808838643371	0.6328780648346224
0.9879239465570401	0.6328176431863067
0.9879239465570401	0.6329218106995885
0.9879239465570401	0.6330260125123477
0.9879239465570401	0.6331302486415281
0.9879239465570401	0.6332345191040843
0.987667009249743	0.6331741064075112
0.987667009249743	0.6332784184514003
0.987667009249743	0.6333827648706541
0.987667009249743	0.6334871456822676
0.987667009249743	0.6335915609032471
0.987667009249743	0.63369601055061
0.987667009249743	0.633800494641385
0.987667009249743	0.6339050131926122
0.987410071942446	0.6338446313706086
0.987410071942446	0.6339491916859122
0.987410071942446	0.6340537865038772
0.987410071942446	0.6341584158415842
0.987410071942446	0.6342630797161247
0.987410071942446	0.6343677781446022
0.987410071942446	0.6344725111441307
0.987410071942446	0.6345772787318362
0.987410071942446	0.6346820809248555
0.987410071942446	0.634786917740337
0.987410071942446	0.6348917891954403
0.987410071942446	0.6349966953073364
0.987410071942446	0.6351016360932077
0.987410071942446	0.6352066115702479
0.987410071942446	0.6353116217556621
0.987410071942446	0.6354166666666666
0.987410071942446	0.6355217463204895
0.987410071942446	0.6356268607343698
0.987153134635149	0.6355665839536807
0.987153134635149	0.6356717405691595
0.987153134635149	0.6357769319874235
0.986896197327852	0.6357166501158557
0.986896197327852	0.6358218837940738
0.986896197327852	0.6359271523178808
0.986896197327852	0.6360324557045869
0.986896197327852	0.6361377939715137
0.986896197327852	0.6362431671359947
0.986896197327852	0.6363485752153745
0.986896197327852	0.6364540182270091
0.986896197327852	0.6365594961882665
0.986639260020555	0.6364992541024366
0.986639260020555	0.636604774535809
0.986639260020555	0.6367103299618637
0.986639260020555	0.6368159203980099
0.986639260020555	0.6369215458616686
0.986382322713258	0.6368613138686131
0.986125385405961	0.6368010618881699
0.986125385405961	0.6369067374709592
0.986125385405961	0.6370124481327801
0.986125385405961	0.6371181938911022
0.986125385405961	0.637223974763407
0.986125385405961	0.637329790767187
0.986125385405961	0.6374356419199468
0.986125385405961	0.6375415282392026
0.986125385405961	0.6376474497424821
0.986125385405961	0.6377534064473247
0.986125385405961	0.6378593983712814
0.986125385405961	0.6379654255319149
0.986125385405961	0.6380714879467997
0.986125385405961	0.6381775856335218
0.986125385405961	0.638283718609679
0.986125385405961	0.6383898868928809
0.986125385405961	0.6384960905007486
0.986125385405961	0.6386023294509151
0.986125385405961	0.6387086037610251
0.986125385405961	0.638814913448735
0.986125385405961	0.638921258531713
0.986125385405961	0.639027639027639
0.9858684480986639	0.6389675270607826
0.9856115107913669	0.6389073950699533
0.9856115107913669	0.6390138264201233
0.9856115107913669	0.6391202932355882
0.9856115107913669	0.6392267955340777
0.9853545734840699	0.6391666666666667
0.9850976361767728	0.6391065177529588
0.9850976361767728	0.6392130710236745
0.9850976361767728	0.639319659829915
0.9850976361767728	0.6394262841894597
0.9850976361767728	0.6395329441201001
0.9848406988694759	0.6394728061394728
0.9848406988694759	0.6395795094276656
0.9848406988694759	0.6396862483311081
0.9845837615621789	0.6396261058254048
0.9845837615621789	0.6397328881469115
0.9845837615621789	0.6398397061279012
0.9845837615621789	0.6399465597862392
0.9845837615621789	0.6400534491398029
0.9845837615621789	0.6401603742064818
0.9845837615621789	0.6402673350041771
0.9845837615621789	0.6403743315508021
0.9845837615621789	0.6404813638642821
0.9845837615621789	0.6405884319625543
0.9845837615621789	0.640695535863568
0.9845837615621789	0.6408026755852843
0.9843268242548818	0.640742599096839
0.9843268242548818	0.6408497825359653
0.9843268242548818	0.6409570018403882
0.9843268242548818	0.6410642570281124
0.9843268242548818	0.6411715481171548
0.9843268242548818	0.641278875125544
0.9840698869475848	0.6412188180143982
0.9838129496402878	0.641158740790355
0.9838129496402878	0.6412661195779601
0.9835560123329907	0.6412060301507537
0.9835560123329907	0.6413134528396717
0.9835560123329907	0.6414209115281502
0.9835560123329907	0.6415284062342886
0.9835560123329907	0.6416359369761985
0.9835560123329907	0.6417435037720034
0.9832990750256937	0.641683433936955
0.9832990750256937	0.6417910447761194
0.9832990750256937	0.6418986917141899
0.9830421377183967	0.641838617681597
0.9830421377183967	0.6419463087248322
0.9830421377183967	0.6420540359120658
0.9830421377183967	0.6421617992614972
0.9830421377183967	0.6422695987913379
0.9827852004110997	0.6422095366017462
0.9827852004110997	0.6423173803526449
0.9827852004110997	0.6424252603291905
0.9825282631038027	0.642365194019822
0.9825282631038027	0.6424731182795699
0.9825282631038027	0.642581078810284
0.9825282631038027	0.6426890756302521
0.9825282631038027	0.6427971087577744
0.9825282631038027	0.6429051782111634
0.9825282631038027	0.6430132840087439
0.9825282631038027	0.643121426168853
0.9825282631038027	0.6432296047098403
0.9825282631038027	0.6433378196500673
0.9825282631038027	0.6434460710079085
0.9825282631038027	0.6435543588017503
0.9825282631038027	0.6436626830499916
0.9825282631038027	0.6437710437710438
0.9825282631038027	0.6438794409833305
0.9825282631038027	0.643987874705288
0.9825282631038027	0.6440963449553646
0.9825282631038027	0.6442048517520216
0.9825282631038027	0.6443133951137321
0.9825282631038027	0.6444219750589821
0.9825282631038027	0.64453059160627
0.9825282631038027	0.6446392447741065
0.9825282631038027	0.644747934581015
0.9825282631038027	0.6448566610455312
0.9822713257965057	0.6447967616798785
0.9822713257965057	0.6449055330634278
0.9822713257965057	0.6450143411506665
0.9820143884892086	0.6449544380695241
0.9820143884892086	0.6450632911392405
0.9820143884892086	0.6451721809588116
0.9820143884892086	0.6452811075468513
0.9820143884892086	0.6453900709219859
0.9817574511819116	0.6453301807127174
0.9817574511819116	0.6454391891891892
0.9817574511819116	0.6455482344990708
0.9817574511819116	0.6456573166610341
0.9817574511819116	0.6457664356937637
0.9817574511819116	0.6458755916159568
0.9817574511819116	0.6459847844463229
0.9815005138746146	0.6459249239093676
0.9815005138746146	0.6460341620158971
0.9815005138746146	0.6461434370771313
0.9815005138746146	0.6462527491118254
0.9812435765673175	0.6461928934010153
0.9812435765673175	0.6463022508038585
0.9812435765673175	0.646411645226811
0.9812435765673175	0.6465210766886744
0.9812435765673175	0.6466305452082628
0.9812435765673175	0.646740050804403
0.9812435765673175	0.646849593495935
0.9812435765673175	0.646959173301711
0.9812435765673175	0.6470687902405964
0.9812435765673175	0.6471784443314692
0.9812435765673175	0.6472881355932203
0.9812435765673175	0.6473978640447533
0.9812435765673175	0.6475076297049848
0.9812435765673175	0.6476174325928438
0.9812435765673175	0.6477272727272727
0.9812435765673175	0.6478371501272264
0.9812435765673175	0.6479470648116729
0.9809866392600206	0.647887323943662
0.9809866392600206	0.6479972844534962
0.9809866392600206	0.6481072822950263
0.9809866392600206	0.6482173174872665
0.9809866392600206	0.6483273900492443
0.9809866392600206	0.6484375
0.9809866392600206	0.6485476473585867
0.9809866392600206	0.6486578321440707
0.9809866392600206	0.648768054375531
0.9809866392600206	0.6488783140720599
0.9807297019527236	0.6488186299507054
0.9807297019527236	0.6489289357361442
0.9807297019527236	0.6490392790341779
0.9807297019527236	0.6491496598639456
0.9807297019527236	0.6492600782445994
0.9807297019527236	0.6493705341953045
0.9807297019527236	0.6494810277352391
0.9807297019527236	0.6495915588835943
0.9807297019527236	0.6497021276595745
0.9807297019527236	0.649812734082397
0.9807297019527236	0.6499233781712923
0.9807297019527236	0.6500340599455041
0.9807297019527236	0.6501447794242888
0.9807297019527236	0.6502555366269165
0.9807297019527236	0.65036633157267
0.9804727646454265	0.6503067484662577
0.9804727646454265	0.6504175899096643
0.9804727646454265	0.6505284691442209
0.9804727646454265	0.6506393861892583
0.9804727646454265	0.6507503410641201
0.9804727646454265	0.650861333788163
0.9804727646454265	0.6509723643807575
0.9804727646454265	0.6510834328612864
0.9802158273381295	0.6510238907849829
0.9802158273381295	0.6511350059737157
0.9802158273381295	0.6512461590986685
0.9802158273381295	0.6513573501792727
0.9802158273381295	0.6514685792349727
0.9802158273381295	0.6515798462852262
0.9802158273381295	0.6516911513495046
0.9802158273381295	0.651802494447292
0.9802158273381295	0.6519138755980861
0.9802158273381295	0.652025294821398
0.9802158273381295	0.6521367521367522
0.9802158273381295	0.652248247563686
0.9802158273381295	0.6523597811217511
0.9802158273381295	0.6524713528305114
0.9802158273381295	0.652582962709545
0.9802158273381295	0.6526946107784432
0.9802158273381295	0.6528062970568104
0.9802158273381295	0.6529180215642649
0.9802158273381295	0.6530297843204382
0.9802158273381295	0.6531415853449751
0.9799588900308325	0.6530821917808219
0.9799588900308325	0.6531940400753554
0.9799588900308325	0.6533059266872216
0.9797019527235354	0.6532465307520987
0.9797019527235354	0.6533584647018505
0.9797019527235354	0.6534704370179949
0.9797019527235354	0.6535824477202605
0.9797019527235354	0.6536944968283902
0.9794450154162384	0.6536351165980796
0.9794450154162384	0.6537472131709827
0.9794450154162384	0.6538593481989708
0.9794450154162384	0.6539715217018357
0.9791880781089414	0.6539121482498285
0.9791880781089414	0.6540243693152565
0.9791880781089414	0.654136628904909
0.9791880781089414	0.6542489270386266
0.9791880781089414	0.6543612637362637
0.9791880781089414	0.6544736390176885
0.9789311408016445	0.6544142906217795
0.9789311408016445	0.6545267136230888
0.9789311408016445	0.654639175257732
0.9789311408016445	0.6547516755456264
0.9786742034943474	0.6546923341354417
0.9786742034943474	0.6548048822417053
0.9786742034943474	0.6549174690508941
0.9786742034943474	0.6550300945829751
0.9784172661870504	0.6549707602339181
0.9784172661870504	0.655083433683124
0.9784172661870504	0.6551961459050241
0.9784172661870504	0.6553088969196351
0.9784172661870504	0.655421686746988
0.9781603288797533	0.6553623687381649
0.9781603288797533	0.6554752066115702
0.9781603288797533	0.6555880833476838
0.9781603288797533	0.6557009989665863
0.9781603288797533	0.6558139534883721
0.9781603288797533	0.6559269469331496
0.9779033915724563	0.6558676546613821
0.9779033915724563	0.6559806963116167
0.9779033915724563	0.6560937769350113
0.9779033915724563	0.6562068965517242
0.9779033915724563	0.6563200551819279
0.9779033915724563	0.6564332528458089
0.9779033915724563	0.6565464895635673
0.9776464542651593	0.6564872325741891
0.9776464542651593	0.6566005176876618
0.9776464542651593	0.6567138419054194
0.9776464542651593	0.6568272052477128
0.9776464542651593	0.6569406077348067
0.9776464542651593	0.6570540493869798
0.9776464542651593	0.657167530224525
0.9776464542651593	0.6572810502677492
0.9776464542651593	0.657394609536973
0.9776464542651593	0.6575082080525315
0.9773895169578622	0.6574490148634635
0.9773895169578622	0.6575626620570441
0.9773895169578622	0.6576763485477178
0.9773895169578622	0.6577900743558707
0.9773895169578622	0.6579038395019025
0.9773895169578622	0.6580176440062273
0.9773895169578622	0.6581314878892733
0.9771325796505652	0.6580723308530888
0.9771325796505652	0.6581862236067844
0.9771325796505652	0.6583001557902025
0.9771325796505652	0.6584141274238227
0.9771325796505652	0.6585281385281385
0.9771325796505652	0.6586421891236578
0.9768756423432683	0.6585830590680756
0.9768756423432683	0.6586971586971587
0.9768756423432683	0.6588112978686537
0.9768756423432683	0.6589254766031196
0.9766187050359713	0.6588663546541862
0.9766187050359713	0.6589805825242718
0.9766187050359713	0.6590948500086701
0.9766187050359713	0.6592091571279917
0.9766187050359713	0.6593235039028621
0.9766187050359713	0.6594378903539209
0.9766187050359713	0.659552316501822
0.9766187050359713	0.6596667823672336
0.9766187050359713	0.6597812879708383
0.9763617677286742	0.6597222222222222
0.9763617677286742	0.6598367772182671
0.9761048304213772	0.6597777005904828
0.9761048304213772	0.6598923050199756
0.9758478931140802	0.6598332175121612
0.9758478931140802	0.6599478714161598
0.9758478931140802	0.6600625651720542
0.9758478931140802	0.6601772988006258
0.9758478931140802	0.6602920723226704
0.9758478931140802	0.6604068857589984
0.9758478931140802	0.6605217391304348
0.9758478931140802	0.6606366324578188
0.9758478931140802	0.6607515657620042
0.9758478931140802	0.6608665390638594
0.9755909558067831	0.6608075182735816
0.9755909558067831	0.6609225413402959
0.9755909558067831	0.6610376044568245
0.9755909558067831	0.6611527076440885
0.9755909558067831	0.6612678509230233
0.9753340184994861	0.6612088486326424
0.9753340184994861	0.6613240418118467
0.9753340184994861	0.661439275135041
0.9753340184994861	0.6615545486232136
0.9753340184994861	0.661669862297368
0.9753340184994861	0.6617852161785216
0.975077081192189	0.6617262423714037
0.975077081192189	0.6618416463201954
0.975077081192189	0.6619570905285191
0.975077081192189	0.6620725750174459
0.975077081192189	0.6621880998080614
0.975077081192189	0.662303664921466
0.975077081192189	0.6624192703787747
0.975077081192189	0.6625349162011173
0.9748201438848921	0.6624759909202026
0.9748201438848921	0.6625916870415648
0.9748201438848921	0.662707423580786
0.9748201438848921	0.6628232005590496
0.9745632065775951	0.6627642844661891
0.9745632065775951	0.6628801118490039
0.9745632065775951	0.6629959797238245
0.9745632065775951	0.6631118881118881
0.9745632065775951	0.6632278370344465
0.9745632065775951	0.6633438265127667
0.9745632065775951	0.6634598565681301
0.9745632065775951	0.6635759272218335
0.9745632065775951	0.6636920384951881
0.9745632065775951	0.6638081904095204
0.9745632065775951	0.6639243829861718
0.9745632065775951	0.6640406162464986
0.9745632065775951	0.6641568902118719
0.9745632065775951	0.6642732049036778
0.9745632065775951	0.6643895603433175
0.9745632065775951	0.6645059565522075
0.9745632065775951	0.6646223935517785
0.9745632065775951	0.6647388713634771
0.9743062692702981	0.6646801051709027
0.9743062692702981	0.664796633941094
0.9743062692702981	0.6649132035770647
0.9743062692702981	0.6650298141003157
0.9743062692702981	0.6651464655323628
0.9743062692702981	0.6652631578947369
0.9743062692702981	0.665379891208984
0.9743062692702981	0.6654966654966655
0.9743062692702981	0.6656134807793576
0.9743062692702981	0.6657303370786517
0.9743062692702981	0.6658472344161546
0.9743062692702981	0.6659641728134879
0.974049331963001	0.6659054979799754
0.974049331963001	0.666022487702038
0.974049331963001	0.6661395185380425
0.973792394655704	0.6660808435852372
0.973792394655704	0.6661979258217613
0.973792394655704	0.6663150492264416
0.973535457348407	0.6662563741867417
0.973535457348407	0.666373549067886
0.973535457348407	0.666490765171504
0.973535457348407	0.6666080225193526
0.9732785200411099	0.6665493577335914
0.9732785200411099	0.6666666666666666
0.9732785200411099	0.6667840168984334
0.9732785200411099	0.6669014084507042
0.9730215827338129	0.6668427540059869
0.9730215827338129	0.6669601972525537
0.9730215827338129	0.6670776818742293
0.9730215827338129	0.6671952078928823
0.972764645426516	0.667136563876652
0.9725077081192189	0.6670778991892845
0.9722507708119219	0.6670192138198484
0.9722507708119219	0.6671368124118476
0.9719938335046249	0.667078116734262
0.9719938335046249	0.6671957671957672
0.9719938335046249	0.6673134591638737
0.9717368961973278	0.6672547635850388
0.9717368961973278	0.6673725074995589
0.9714799588900308	0.6673138016237204
0.9714799588900308	0.6674315975286849
0.9714799588900308	0.6675494350282486
0.9714799588900308	0.6676673141444464
0.9712230215827338	0.6676086188625927
0.9712230215827338	0.6677265500794912
0.9712230215827338	0.6678445229681979
0.9712230215827338	0.667962537550804
0.9712230215827338	0.6680805938494168
0.9709660842754368	0.6680219197454481
0.9709660842754368	0.6681400282885431
0.9707091469681398	0.6680813439434129
0.9707091469681398	0.6681995047753803
0.9704522096608428	0.6681408101892801
0.9701952723535457	0.6680820948336872
0.9701952723535457	0.6682003185276942
0.9701952723535457	0.6683185840707965
0.9701952723535457	0.6684368914852187
0.9699383350462487	0.6683781869688386
0.9699383350462487	0.6684965468390296
0.9699383350462487	0.6686149486362026
0.9699383350462487	0.6687333923826395
0.9699383350462487	0.6688518781006378
0.9699383350462487	0.6689704058125111
0.9699383350462487	0.6690889755405884
0.9699383350462487	0.6692075873072151
0.9699383350462487	0.6693262411347518
0.9699383350462487	0.6694449370455755
0.9699383350462487	0.6695636750620787
0.9699383350462487	0.6696824552066702
0.9699383350462487	0.6698012775017743
0.9699383350462487	0.6699201419698314
0.9699383350462487	0.6700390486332979
0.9699383350462487	0.6701579975146459
0.9699383350462487	0.6702769886363636
0.9696813977389517	0.6702184336707512
0.9696813977389517	0.6703374777975133
0.9696813977389517	0.6704565642209984
0.9694244604316546	0.6703980099502488
0.9694244604316546	0.6705171494579705
0.9694244604316546	0.6706363313188767
0.9694244604316546	0.6707555555555555
0.9691675231243576	0.670697012802276
0.9691675231243576	0.6708162902365286
0.9691675231243576	0.6709356101031662
0.9691675231243576	0.6710549724248355
0.9691675231243576	0.6711743772241993
0.9689105858170607	0.6711158569140416
0.9686536485097637	0.6710573157707369
0.9683967112024666	0.6709987537831583
0.9683967112024666	0.6711182336182336
0.9681397738951696	0.671059661620659
0.9681397738951696	0.6711791948699679
0.9681397738951696	0.6712987707108499
0.9678828365878726	0.6712401995723449
0.9678828365878726	0.6713598289075031
0.9678828365878726	0.6714795008912656
0.9678828365878726	0.6715992155464432
0.9678828365878726	0.671718972895863
0.9678828365878726	0.6718387729623685
0.9676258992805755	0.671780235462005
0.9676258992805755	0.671900089206066
0.9676258992805755	0.6720199857244825
0.9676258992805755	0.6721399250401571
0.9673689619732785	0.6720813995001785
0.9673689619732785	0.6722013926084628
0.9673689619732785	0.6723214285714286
0.9673689619732785	0.6724415074120379
0.9673689619732785	0.672561629153269
0.9673689619732785	0.6726817938181169
0.9671120246659815	0.6726233023588277
0.9671120246659815	0.6727435210008936
0.9668550873586845	0.6726850196639257
0.9665981500513875	0.6726264974074736
0.9665981500513875	0.6727467811158798
0.9665981500513875	0.6728671078519048
0.9665981500513875	0.6729874776386404
0.9665981500513875	0.6731078904991948
0.9665981500513875	0.6732283464566929
0.9665981500513875	0.673348845534276
0.9663412127440905	0.6732903687790905
0.9663412127440905	0.6734109221128022
0.9663412127440905	0.6735315186246418
0.9663412127440905	0.6736521583378112
0.9663412127440905	0.6737728412755285
0.9660842754367934	0.6737143881024906
0.9660842754367934	0.6738351254480287
0.9658273381294964	0.6737766624843162
0.9655704008221994	0.6737181785586231
0.9655704008221994	0.6738389815312892
0.9655704008221994	0.6739598278335724
0.9653134635149023	0.6739013452914798
0.9650565262076053	0.673842841765339
0.9650565262076053	0.6739637538130271
0.9647995889003084	0.673905240488155
0.9647995889003084	0.6740262071441393
0.9647995889003084	0.6741472172351886
0.9645426515930113	0.674088705333094
0.9642857142857143	0.6740301724137931
0.9642857142857143	0.6741512484282378
0.9642857142857143	0.6742723679482573
0.9642857142857143	0.6743935309973046
0.9640287769784173	0.6743350107836089
0.9640287769784173	0.6744562286536042
0.9640287769784173	0.6745774901114707
0.9640287769784173	0.6746987951807228
0.9640287769784173	0.6748201438848921
0.9640287769784173	0.6749415362475265
0.9640287769784173	0.6750629722921915
0.9640287769784173	0.6751844520424689
0.9640287769784173	0.6753059755219583
0.9637718396711202	0.6752475247524753
0.9637718396711202	0.6753691033489377
0.9635149023638232	0.6753106428957321
0.9635149023638232	0.6754322766570605
0.9635149023638232	0.6755539542424789
0.9635149023638232	0.6756756756756757
0.9635149023638232	0.6757974409803568
0.9635149023638232	0.6759192501802451
0.9635149023638232	0.6760411032990806
0.9632579650565262	0.6759826902271908
0.9632579650565262	0.6761045987376014
0.9632579650565262	0.6762265512265512
0.9630010277492291	0.6761681399963918
0.9630010277492291	0.6762901479610249
0.9630010277492291	0.6764121999639054
0.9627440904419322	0.6763537906137184
0.9627440904419322	0.6764758981765662
0.9627440904419322	0.6765980498374865
0.9627440904419322	0.676720245620372
0.9627440904419322	0.676842485549133
0.9627440904419322	0.6769647696476965
0.9627440904419322	0.6770870979400072
0.9624871531346352	0.6770287366708838
0.9624871531346352	0.6771511207519885
0.9624871531346352	0.6772735490869644
0.9624871531346352	0.6773960216998192
0.9624871531346352	0.6775185386145777
0.9622302158273381	0.6774602026049205
0.9622302158273381	0.6775827754658947
0.9622302158273381	0.677705392689106
0.9622302158273381	0.6778280542986426
0.9622302158273381	0.6779507603186097
0.9619732785200411	0.6778924497555676
0.9619732785200411	0.6780152118797537
0.9619732785200411	0.678138018474914
0.9619732785200411	0.6782608695652174
0.9619732785200411	0.6783837651748506
0.9619732785200411	0.6785067053280174
0.9619732785200411	0.6786296900489397
0.9617163412127441	0.6785714285714286
0.9617163412127441	0.6786944696282865
0.9617163412127441	0.6788175553137469
0.9617163412127441	0.6789406856520951
0.9617163412127441	0.6790638606676342
0.961459403905447	0.6790056251134096
0.961459403905447	0.6791288566243194
0.961459403905447	0.6792521328734797
0.96120246659815	0.6791938997821351
0.9609455292908531	0.6791356455420374
0.9609455292908531	0.6792589901925172
0.9609455292908531	0.6793823796548593
0.9609455292908531	0.6795058139534884
0.9609455292908531	0.6796292931128476
0.960688591983556	0.6795710650672483
0.960688591983556	0.6796946009816397
0.960688591983556	0.6798181818181818
0.960688591983556	0.6799418076013821
0.960688591983556	0.6800654783557657
0.960431654676259	0.6800072766963798
0.960431654676259	0.6801310043668122
0.960431654676259	0.6802547770700637
0.960431654676259	0.6803785948307244
0.960431654676259	0.6805024576734026
0.960431654676259	0.6806263656227239
0.960174717368962	0.6805682025132034
0.960174717368962	0.6806921675774135
0.960174717368962	0.6808161778101658
0.960174717368962	0.6809402332361516
0.960174717368962	0.6810643338800801
0.960174717368962	0.6811884797666788
0.960174717368962	0.6813126709206928
0.960174717368962	0.6814369073668854
0.960174717368962	0.6815611891300383
0.959917780061665	0.681503101058008
0.959917780061665	0.6816274402481299
0.9596608427543679	0.6815693430656934
0.9594039054470709	0.6815112246760358
0.9594039054470709	0.6816356334428624
0.9591469681397738	0.6815775059339054
0.9591469681397738	0.6817019722425128
0.9588900308324769	0.6816438356164384
0.9588900308324769	0.6817683595177201
0.9588900308324769	0.6818929289238078
0.9586330935251799	0.6818347953216374
0.9583761562178829	0.6817766404679217
0.9583761562178829	0.6819012797074955
0.9581192189105858	0.6818431157432803
0.9581192189105858	0.6819678127286027
0.9581192189105858	0.682092555331992
0.9578622816032888	0.6820343944383461
0.9576053442959918	0.6819762122598353
0.9576053442959918	0.6821010248901903
0.9576053442959918	0.6822258832143511
0.9576053442959918	0.6823507872574148
0.9576053442959918	0.6824757370444974
0.9573484069886947	0.6824175824175824
0.9573484069886947	0.6825425902179887
0.9573484069886947	0.6826676438255771
0.9573484069886947	0.6827927432655305
0.9573484069886947	0.6829178885630498
0.9570914696813977	0.6828597616865261
0.9570914696813977	0.682984965163183
0.9570914696813977	0.6831102145607922
0.9568345323741008	0.6830520909757887
0.9568345323741008	0.683177398642451
0.9568345323741008	0.683302752293578
0.9568345323741008	0.683428151954487
0.9565775950668037	0.6833700440528634
0.9565775950668037	0.6834955021112539
0.9565775950668037	0.6836210062431142
0.9565775950668037	0.6837465564738292
0.9563206577595067	0.6836884643644379
0.9563206577595067	0.6838140731214404
0.9563206577595067	0.6839397280411613
0.9563206577595067	0.6840654291490534
0.9563206577595067	0.6841911764705882
0.9563206577595067	0.6843169700312558
0.9563206577595067	0.6844428098565649
0.9560637204522097	0.6843847710134265
0.9560637204522097	0.6845106696100074
0.9558067831449126	0.6844526218951242
0.9558067831449126	0.6845785793154214
0.9555498458376156	0.6845205227314559
0.9552929085303186	0.6844624447717231
0.9550359712230215	0.6844043454244154
0.9550359712230215	0.6845303867403315
0.9550359712230215	0.6846564744888561
0.9550359712230215	0.6847826086956522
0.9550359712230215	0.6849087893864013
0.9550359712230215	0.6850350165868043
0.9547790339157246	0.6849769585253456
0.9547790339157246	0.6851032448377581
0.9547790339157246	0.6852295777245068
0.9547790339157246	0.6853559572113611
0.9547790339157246	0.6854823833241099
0.9547790339157246	0.6856088560885609
0.9547790339157246	0.6857353755305406
0.9545220966084276	0.6856773717238833
0.9545220966084276	0.6858039505261214
0.9545220966084276	0.685930576070901
0.9545220966084276	0.6860572483841182
0.9542651593011305	0.6859992611747322
0.9542651593011305	0.6861259929798633
0.9540082219938335	0.6860679970436068
0.9540082219938335	0.6861947883940122
0.9540082219938335	0.6863216266173753
0.9540082219938335	0.6864485117396931
0.9540082219938335	0.6865754437869822
0.9540082219938335	0.6867024227852784
0.9537512846865365	0.686644469108398
0.9534943473792394	0.6865864939870491
0.9534943473792394	0.6867135455218357
0.9534943473792394	0.6868406440866185
0.9534943473792394	0.6869677897075157
0.9534943473792394	0.6870949824106647
0.9534943473792394	0.6872222222222222
0.9534943473792394	0.6873495091683645
0.9534943473792394	0.6874768432752871
0.9532374100719424	0.6874189364461738
0.9532374100719424	0.6875463306152706
0.9532374100719424	0.6876737720111215
0.9529804727646455	0.6876158694846125
0.9529804727646455	0.6877433710365288
0.9529804727646455	0.6878709198813057
0.9529804727646455	0.6879985160452606
0.9527235354573484	0.6879406307977737
0.9527235354573484	0.6880682872518092
0.9527235354573484	0.688195991091314
0.9527235354573484	0.6883237423426768
0.9524665981500514	0.688265874489417
0.9522096608427544	0.6882079851439183
0.9522096608427544	0.6883358098068351
0.9522096608427544	0.6884636819617314
0.9522096608427544	0.6885916016350799
0.9522096608427544	0.6887195688533729
0.9519527235354573	0.6886617100371747
0.9519527235354573	0.6887897378694925
0.9519527235354573	0.6889178133134994
0.9519527235354573	0.6890459363957597
0.9519527235354573	0.6891741071428571
0.9519527235354573	0.6893023255813954
0.9519527235354573	0.6894305917379978
0.9519527235354573	0.6895589056393077
0.9519527235354573	0.689687267311988
0.9519527235354573	0.689815676782722
0.9519527235354573	0.6899441340782123
0.9519527235354573	0.6900726392251816
0.9519527235354573	0.6902011922503726
0.9519527235354573	0.6903297931805478
0.9519527235354573	0.6904584420424897
0.9519527235354573	0.6905871388630009
0.9519527235354573	0.6907158836689038
0.9519527235354573	0.6908446764870408
0.9519527235354573	0.6909735173442745
0.9519527235354573	0.6911024062674874
0.9519527235354573	0.691231343283582
0.9519527235354573	0.6913603284194813
0.9519527235354573	0.6914893617021277
0.9519527235354573	0.6916184431584842
0.9519527235354573	0.691747572815534
0.9519527235354573	0.6918767507002801
0.9519527235354573	0.692005976839746
0.9519527235354573	0.6921352512609752
0.9519527235354573	0.6922645739910314
0.9519527235354573	0.6923939450569987
0.9519527235354573	0.6925233644859813
0.9519527235354573	0.6926528323051038
0.9519527235354573	0.6927823485415109
0.9519527235354573	0.6929119132223677
0.9519527235354573	0.6930415263748597
0.9519527235354573	0.6931711880261927
0.9519527235354573	0.6933008982035929
0.9516957862281603	0.6932434961632042
0.9516957862281603	0.693373268438787
0.9516957862281603	0.6935030893091182
0.9514388489208633	0.6934456928838951
0.9514388489208633	0.6935755759505525
0.9514388489208633	0.6937055076807793
0.9514388489208633	0.69383548810193
0.9514388489208633	0.6939655172413793
0.9514388489208633	0.694095595126523
0.9514388489208633	0.6942257217847769
0.9511819116135662	0.6941683855240952
0.9509249743062693	0.6941110277569392
0.9506680369989723	0.6940536484712062
0.9506680369989723	0.6941838649155723
0.9506680369989723	0.6943141302308126
0.9506680369989723	0.6944444444444444
0.9506680369989723	0.694574807584006
0.9506680369989723	0.694705219677056
0.9506680369989723	0.6948356807511737
0.9504110996916753	0.694778362133734
0.9504110996916753	0.6949088859665602
0.9501541623843782	0.6948515595640736
0.9501541623843782	0.6949821462131178
0.9498972250770812	0.6949248120300752
0.9498972250770812	0.6950554615529235
0.9498972250770812	0.6951861602106055
0.9496402877697842	0.6951288320481475
0.9496402877697842	0.6952595936794582
0.9496402877697842	0.6953904045155221
0.9496402877697842	0.6955212645841174
0.9496402877697842	0.6956521739130435
0.9496402877697842	0.6957831325301205
0.9496402877697842	0.6959141404631896
0.9496402877697842	0.696045197740113
0.9496402877697842	0.6961763043887738
0.9496402877697842	0.6963074604370761
0.9496402877697842	0.6964386659129451
0.9493833504624871	0.6963814549566528
0.9493833504624871	0.6965127238454288
0.9493833504624871	0.6966440422322775
0.9493833504624871	0.6967754101452008
0.9493833504624871	0.6969068276122218
0.9491264131551901	0.6968496510092436
0.9491264131551901	0.6969811320754717
0.9491264131551901	0.6971126627665597
0.9488694758478932	0.6970554926387316
0.9486125385405961	0.6969983009250519
0.9483556012332991	0.6969410876132931
0.9483556012332991	0.6970727101038716
0.9483556012332991	0.6972043823196071
0.9480986639260021	0.697147175514831
0.947841726618705	0.6970899470899471
0.947841726618705	0.6972216972216972
0.947841726618705	0.6973534971644613
0.947841726618705	0.6974853469464927
0.947841726618705	0.6976172465960666
0.947584789311408	0.6975600529600908
0.947327852004111	0.6975028376844495
0.9470709146968139	0.697445600756859
0.9470709146968139	0.6975775927327782
0.9470709146968139	0.6977096346772667
0.9470709146968139	0.697841726618705
0.946813977389517	0.6977845105093732
0.946813977389517	0.6979166666666666
0.94655704008222	0.6978594430763402
0.94655704008222	0.6979916635089048
0.94655704008222	0.6981239340534394
0.9463001027749229	0.6980667172100076
0.9460431654676259	0.6980094786729858
0.9460431654676259	0.6981418278346606
0.9457862281603289	0.6980845818319742
0.9457862281603289	0.6982169954476479
0.9455292908530318	0.6981597419844432
0.9455292908530318	0.698292220113852
0.9452723535457348	0.6982349591952932
0.9450154162384378	0.6981776765375854
0.9447584789311408	0.6981203721283463
0.9447584789311408	0.6982529434105583
0.9447584789311408	0.6983855650522317
0.9447584789311408	0.6985182370820668
0.9447584789311408	0.6986509595287859
0.9447584789311408	0.6987837324211327
0.9445015416238438	0.6987264778559209
0.9445015416238438	0.6988593155893537
0.9445015416238438	0.6989922038410344
0.9445015416238438	0.699125142639787
0.9445015416238438	0.699258132014457
0.9445015416238438	0.6993911719939118
0.9445015416238438	0.6995242626070409
0.9442446043165468	0.6994670727065093
0.9439876670092497	0.6994098610317914
0.9437307297019527	0.6993526275704494
0.9434737923946557	0.6992953723100361
0.9434737923946557	0.6994285714285714
0.9434737923946557	0.6995618212992951
0.9434737923946557	0.6996951219512195
0.9432168550873586	0.6996378883171336
0.9432168550873586	0.6997712542889821
0.9432168550873586	0.6999046711153479
0.9429599177800617	0.6998474446987033
0.9429599177800617	0.6999809269502193
0.9427029804727647	0.6999236932468523
0.9427029804727647	0.7000572409845449
0.9427029804727647	0.7001908396946565
0.9427029804727647	0.7003244894063753
0.9424460431654677	0.7002672775868652
0.9421891058581706	0.7002100439182738
0.9421891058581706	0.7003437738731857
0.9421891058581706	0.7004775549188157
0.9421891058581706	0.7006113870844478
0.9419321685508736	0.7005541754251863
0.9419321685508736	0.7006880733944955
0.9419321685508736	0.7008220225578283
0.9419321685508736	0.7009560229445506
0.9419321685508736	0.7010900745840505
0.9419321685508736	0.7012241775057383
0.9416752312435765	0.701167017409604
0.9416752312435765	0.7013011863758133
0.9414182939362795	0.701244019138756
0.9414182939362795	0.7013782542113323
0.9414182939362795	0.7015125406854298
0.9411613566289825	0.701455381080046
0.9411613566289825	0.7015897337674775
0.9411613566289825	0.7017241379310345
0.9411613566289825	0.7018585936003066
0.9411613566289825	0.7019931008049061
0.9411613566289825	0.7021276595744681
0.9409044193216856	0.7020705521472392
0.9409044193216856	0.7022051773729626
0.9406474820143885	0.7021480629075566
0.9403905447070915	0.7020909265298293
0.9401336073997945	0.7020337682271681
0.9401336073997945	0.7021684897332565
0.9398766700924974	0.7021113243761996
0.9398766700924974	0.7022461124976003
0.9398766700924974	0.7023809523809523
0.9396197327852004	0.7023237948914922
0.9396197327852004	0.7024587014982713
0.9393627954779034	0.7024015369836696
0.9391058581706063	0.7023443504996156
0.9388489208633094	0.7022871420334422
0.9388489208633094	0.7024221453287197
0.9388489208633094	0.702557200538358
0.9388489208633094	0.7026923076923077
0.9388489208633094	0.7028274668205424
0.9385919835560124	0.7027702962677953
0.9385919835560124	0.702905522416779
0.9385919835560124	0.7030408006158584
0.9383350462487153	0.7029836381135708
0.9383350462487153	0.7031189834424336
0.9383350462487153	0.7032543808973618
0.9383350462487153	0.7033898305084746
0.9383350462487153	0.7035253323059141
0.9380781089414183	0.7034682080924856
0.9380781089414183	0.7036037772210445
0.9380781089414183	0.7037393986121819
0.9380781089414183	0.7038750722961249
0.9378211716341213	0.7038179714616275
0.9375642343268242	0.7037608486017358
0.9373072970195272	0.7037037037037037
0.9370503597122302	0.7036465367547752
0.9367934224049332	0.7035893477421845
0.9367934224049332	0.7037251495850222
0.9367934224049332	0.7038610038610038
0.9365364850976362	0.7038038231318787
0.9365364850976362	0.7039397450753186
0.9365364850976362	0.7040757195286845
0.9365364850976362	0.7042117465224111
0.9365364850976362	0.7043478260869566
0.9365364850976362	0.7044839582528025
0.9362795477903392	0.704426831625749
0.9362795477903392	0.7045630317092034
0.9362795477903392	0.7046992844710888
0.9362795477903392	0.7048355899419729
0.9360226104830421	0.7047784871348424
0.9360226104830421	0.7049148606811145
0.9360226104830421	0.7050512870137411
0.9360226104830421	0.705187766163376
0.9357656731757451	0.7051306873184898
0.9357656731757451	0.7052672347017815
0.9357656731757451	0.705403834979663
0.9357656731757451	0.7055404881828748
0.9357656731757451	0.7056771943421818
0.9357656731757451	0.7058139534883721
0.9355087358684481	0.7057569296375267
0.9355087358684481	0.7058937572702598
0.935251798561151	0.7058367267791351
0.935251798561151	0.7059736229635376
0.935251798561151	0.7061105722599418
0.9349948612538541	0.7060535506402794
0.9349948612538541	0.7061905686008151
0.9349948612538541	0.7063276397515528
0.9349948612538541	0.7064647641234711
0.9347379239465571	0.7064077669902913
0.9347379239465571	0.706544960186444
0.9347379239465571	0.7066822066822067
0.9347379239465571	0.7068195065086458
0.93448098663926	0.7067625340069957
0.93448098663926	0.7068999028182702
0.93448098663926	0.7070373250388803
0.93448098663926	0.7071748006999805
0.934224049331963	0.7071178529754959
0.934224049331963	0.7072553977825325
0.934224049331963	0.7073929961089495
0.934224049331963	0.7075306479859895
0.934224049331963	0.7076683534449202
0.933967112024666	0.7076114463694764
0.933710174717369	0.7075545171339563
0.9334532374100719	0.7074975657254138
0.9334532374100719	0.7076353720296066
0.9331963001027749	0.7075784141827391
0.9331963001027749	0.7077162899454403
0.932939362795478	0.7076593256675112
0.9326824254881809	0.7076023391812866
0.9326824254881809	0.7077403002534607
0.9326824254881809	0.7078783151326054
0.9326824254881809	0.7080163838502048
0.9324254881808839	0.7079594225516972
0.9324254881808839	0.7080975609756097
0.9324254881808839	0.7082357533177205
0.9324254881808839	0.7083739996096038
0.9324254881808839	0.7085122998828582
0.9324254881808839	0.7086506541691076
0.9324254881808839	0.7087890625
0.9324254881808839	0.7089275249072085
0.9324254881808839	0.7090660414224307
0.9324254881808839	0.709204612077389
0.9321685508735869	0.709147771696638
0.9319116135662898	0.7090909090909091
0.9319116135662898	0.7092295658975362
0.9319116135662898	0.7093682769411305
0.9316546762589928	0.7093114241001565
0.9313977389516958	0.7092545490119351
0.9313977389516958	0.7093933463796478
0.9311408016443987	0.7093364650616559
0.9311408016443987	0.7094753328112764
0.9311408016443987	0.7096142549441943
0.9311408016443987	0.7097532314923619
0.9311408016443987	0.709892262487757
0.9311408016443987	0.7100313479623824
0.9311408016443987	0.7101704879482658
0.9311408016443987	0.7103096824774598
0.9311408016443987	0.7104489315820427
0.9311408016443987	0.7105882352941176
0.9308838643371018	0.710531476760149
0.9308838643371018	0.7106708513142409
0.9308838643371018	0.7108102805571905
0.9306269270298048	0.7107535321821036
0.9303699897225077	0.7106967615309127
0.9301130524152107	0.7106399685904986
0.9301130524152107	0.7107795012762615
0.9301130524152107	0.7109190887666929
0.9301130524152107	0.7110587310940876
0.9298561151079137	0.7110019646365422
0.9295991778006166	0.7109451758695225
0.9293422404933196	0.7108883647798742
0.9293422404933196	0.7110281108708473
0.9293422404933196	0.7111679119150609
0.9293422404933196	0.7113077679449361
0.9290853031860226	0.7112509834775768
0.9288283658787256	0.7111941766673224
0.9288283658787256	0.7113341204250295
0.9288283658787256	0.7114741192678606
0.9285714285714286	0.7114173228346456
0.9285714285714286	0.7115573931876353
0.9285714285714286	0.7116975187081528
0.9283144912641316	0.711640732716171
0.9283144912641316	0.7117809298660362
0.9283144912641316	0.7119211822660099
0.9280575539568345	0.711864406779661
0.9280575539568345	0.7120047309284447
0.9280575539568345	0.7121451104100947
0.9278006166495375	0.7120883454939854
0.9278006166495375	0.7122287968441815
0.9278006166495375	0.7123693036101795
0.9275436793422405	0.7123125493291239
0.9275436793422405	0.7124531280836787
0.9272867420349434	0.7123963679431504
0.9270298047276464	0.7123395853899309
0.9270298047276464	0.7124802527646129
0.9267728674203495	0.7124234643492001
0.9267728674203495	0.7125642038719874
0.9267728674203495	0.712704999012053
0.9265159301130524	0.7126482213438735
0.9262589928057554	0.712591421229492
0.9260020554984584	0.7125345986555951
0.9260020554984584	0.7126754993078901
0.9257451181911613	0.712618670886076
0.9257451181911613	0.7127596439169139
0.9257451181911613	0.7129006727344678
0.9254881808838643	0.712843855135563
0.9252312435765673	0.7127870150435471
0.9252312435765673	0.7129281330429618
0.9252312435765673	0.713069306930693
0.9249743062692704	0.7130124777183601
0.9249743062692704	0.7131537242472267
0.9249743062692704	0.7132950267485635
0.9249743062692704	0.713436385255648
0.9247173689619733	0.7133795837462834
0.9244604316546763	0.7133227597145123
0.9242034943473793	0.7132659131469363
0.9242034943473793	0.7134073780245934
0.9239465570400822	0.7133505256893473
0.9239465570400822	0.7134920634920635
0.9236896197327852	0.7134352053978964
0.9236896197327852	0.7135768161969035
0.9236896197327852	0.7137184832241413
0.9236896197327852	0.7138602065131057
0.9236896197327852	0.7140019860973188
0.9236896197327852	0.7141438220103298
0.9234326824254881	0.7140870256308365
0.9231757451181911	0.7140302066772655
0.9231757451181911	0.7141721327767839
0.9231757451181911	0.7143141153081511
0.9231757451181911	0.7144561543050308
0.9231757451181911	0.7145982498011137
0.9229188078108942	0.7145414760294411
0.9229188078108942	0.714683645045762
0.9229188078108942	0.7148258706467662
0.9226618705035972	0.7147691082802548
0.9224049331963001	0.7147123233127612
0.9224049331963001	0.7148546395858224
0.9221479958890031	0.714797849034057
0.9221479958890031	0.7149402390438248
0.9218910585817061	0.7148834429169157
0.9218910585817061	0.7150259067357513
0.9218910585817061	0.7151684273470201
0.921634121274409	0.7151116427432217
0.921634121274409	0.7152542372881356
0.921634121274409	0.7153968887116074
0.921377183967112	0.7153401156991821
0.921120246659815	0.7152833200319234
0.921120246659815	0.7154260626621433
0.920863309352518	0.7153692614770459
0.920606372045221	0.7153124376122979
0.920606372045221	0.7154552715654952
0.920349434737924	0.7153984421809467
0.920349434737924	0.7155413503795446
0.920349434737924	0.7156843156843157
0.9200924974306269	0.7156274980015987
0.9200924974306269	0.7157705376773935
0.9200924974306269	0.7159136345461815
0.9198355601233299	0.7158568286342731
0.9195786228160329	0.7158
0.9195786228160329	0.7159431886377275
0.9195786228160329	0.7160864345738295
0.9195786228160329	0.7162297378427056
0.9193216855087358	0.7161729383506805
0.9193216855087358	0.7163163163163163
0.9193216855087358	0.7164597517020425
0.9190647482014388	0.7164029641498098
0.9188078108941419	0.7163461538461539
0.9185508735868448	0.7162893207773994
0.9182939362795478	0.7162324649298597
0.9182939362795478	0.716376027259972
0.9182939362795478	0.7165196471531676
0.9180369989722508	0.7164628032885503
0.9177800616649537	0.7164059366225431
0.9177800616649537	0.7165496489468405
0.9175231243576567	0.7164927768860353
0.9175231243576567	0.7166365643186835
0.9175231243576567	0.7167804094741068
0.9172661870503597	0.7167235494880546
0.9172661870503597	0.7168674698795181
0.9172661870503597	0.7170114480819442
0.9170092497430626	0.7169546002410606
0.9170092497430626	0.7170986538075146
0.9170092497430626	0.7172427652733119
0.9167523124357657	0.7171859296482412
0.9164953751284687	0.7171290711700844
0.9164953751284687	0.7172732756887191
0.9164953751284687	0.7174175382139983
0.9164953751284687	0.7175618587809294
0.9162384378211716	0.7175050301810865
0.9162384378211716	0.7176494264439525
0.9159815005138746	0.7175925925925926
0.9159815005138746	0.7177370646265351
0.9159815005138746	0.7178815948449456
0.9157245632065776	0.7178247734138973
0.9157245632065776	0.717969379532635
0.9157245632065776	0.7181140439250453
0.9154676258992805	0.7180572349858928
0.9152106885919835	0.7180004031445273
0.9152106885919835	0.7181451612903226
0.9149537512846866	0.7180883242589232
0.9149537512846866	0.718233158531666
0.9146968139773896	0.7181763163203551
0.9146968139773896	0.718321226795803
0.9146968139773896	0.7184661957618567
0.9144398766700925	0.7184093661687525
0.9141829393627955	0.7183525136281042
0.9141829393627955	0.718497576736672
0.9141829393627955	0.7186426984447586
0.9139260020554985	0.7185858585858586
0.9139260020554985	0.7187310567791473
0.9139260020554985	0.7188763136620857
0.9136690647482014	0.7188194865575096
0.9134121274409044	0.7187626364739184
0.9134121274409044	0.7189079878665319
0.9134121274409044	0.7190533980582524
0.9134121274409044	0.7191988670847663
0.9134121274409044	0.7193443949817887
0.9131551901336074	0.7192875936045335
0.9128982528263104	0.7192307692307692
0.9128982528263104	0.7193763919821826
0.9128982528263104	0.7195220737140543
0.9128982528263104	0.719667814462224
0.9128982528263104	0.7198136142625607
0.9126413155190134	0.7197568389057751
0.9126413155190134	0.7199027158492096
0.9126413155190134	0.7200486519359416
0.9126413155190134	0.7201946472019465
0.9123843782117164	0.7201379030622592
0.9121274409044193	0.7200811359026369
0.9121274409044193	0.7202272266179752
0.9121274409044193	0.7203733766233766
0.9118705035971223	0.7203166226912929
0.9118705035971223	0.7204628501827041
0.9116135662898253	0.7204060913705583
0.9113566289825282	0.720349309504468
0.9113566289825282	0.7204956327442616
0.9110996916752312	0.7204388459975619
0.9108427543679343	0.7203820361715099
0.9108427543679343	0.7205284552845529
0.9108427543679343	0.7206749339296605
0.9108427543679343	0.7208214721431476
0.9105858170606372	0.7207646939190563
0.9103288797533402	0.7207078925956062
0.9103288797533402	0.720854526958291
0.9100719424460432	0.7207977207977208
0.9098150051387461	0.7207408915123142
0.9098150051387461	0.7208876221498371
0.9098150051387461	0.7210344125432702
0.9095580678314491	0.7209775967413442
0.9095580678314491	0.7211244652678753
0.9095580678314491	0.7212713936430318
0.9095580678314491	0.7214183819034033
0.9095580678314491	0.7215654300856095
0.9093011305241521	0.7215086646279307
0.909044193216855	0.7214518760195758
0.9087872559095581	0.7213950642463798
0.9087872559095581	0.7215422276621787
0.9085303186022611	0.7214854111405835
0.908273381294964	0.7214285714285714
0.908273381294964	0.7215758318024087
0.908016443987667	0.7215189873417721
0.908016443987667	0.7216663263222381
0.90775950668037	0.721609477124183
0.9075025693730729	0.7215526046986721
0.9072456320657759	0.7214957090314671
0.9072456320657759	0.7216431637032495
0.906988694758479	0.7215862632869992
0.906988694758479	0.7217337967695767
0.906988694758479	0.721881390593047
0.906988694758479	0.7220290447944365
0.906731757451182	0.7219721767594108
0.906731757451182	0.7221199099652138
0.906731757451182	0.7222677036430618
0.9064748201438849	0.7222108495394064
0.9062178828365879	0.7221539721539721
0.9059609455292909	0.7220970714724555
0.9059609455292909	0.7222449815649324
0.9057040082219938	0.7221880762138906
0.9054470709146968	0.7221311475409836
0.9054470709146968	0.7222791555646649
0.9054470709146968	0.7224272242722427
0.9054470709146968	0.7225753537010458
0.9051901336073997	0.722518457752256
0.9051901336073997	0.7226666666666667
0.9049331963001028	0.7226097661058679
0.9046762589928058	0.7227011494252874
0.9046762589928058	0.7228495175528639
0.9046762589928058	0.7231464366399671
0.9044193216855088	0.7230895645028759
0.9041623843782117	0.7230326689952743
0.9039054470709147	0.7229757501027538
0.9039054470709147	0.7231243576567318
0.9036485097636177	0.7230674342105263
0.9036485097636177	0.7232161217355542
0.9033915724563206	0.7231591937474291
0.9031346351490236	0.7231022423369677
0.9028776978417267	0.723045267489712
0.9026207605344296	0.7229882691911916
0.9026207605344296	0.7231370934540964
0.9026207605344296	0.7232859789993823
0.9026207605344296	0.7234349258649094
0.9023638232271326	0.7235269880510918
0.9021068859198356	0.7234700185452297
0.9018499486125385	0.7234130255564716
0.9015930113052415	0.7235051546391753
0.9013360739979445	0.7235973597359736
0.9010791366906474	0.7236896409409822
0.9008221993833505	0.7237819983484723
0.9005652620760535	0.7238744320528707
0.9005652620760535	0.7240239619913241
0.9003083247687564	0.7239669421487603
0.9003083247687564	0.7241165530068195
0.9000513874614594	0.7243589743589743
0.8987667009249743	0.7245236122618062
0.8905447070914697	0.7278454430911382
0.8902877697841727	0.7280941374238286
0.8895169578622816	0.7282288599074463
0.8895169578622816	0.7283820744792763
0.8895169578622816	0.7285353535353535
0.8892600205549845	0.7286315789473684
0.8890030832476875	0.7285744367235207
0.8887461459403906	0.728670739414367
0.8887461459403906	0.7288242730720607
0.8884892086330936	0.7287671232876712
0.8882322713257965	0.7287099494097807
0.8879753340184995	0.7286527514231499
0.8879753340184995	0.728806410797132
0.8879753340184995	0.7289601349926176
0.8879753340184995	0.7291139240506329
0.8879753340184995	0.7292677780122389
0.8877183967112025	0.7292106373997467
0.8877183967112025	0.729364576736331
0.8874614594039054	0.7293074324324325
0.8874614594039054	0.7294614572333685
0.8872045220966084	0.729404309252218
0.8872045220966084	0.7295584196070146
0.8872045220966084	0.7297125950972105
0.8869475847893115	0.7296554639611076
0.8866906474820144	0.7295983086680761
0.8866906474820144	0.7297525903996617
0.8864337101747174	0.7296954314720813
0.8861767728674204	0.7296382483604823
0.8859198355601233	0.7295810410495134
0.8859198355601233	0.7297354497354497
0.8859198355601233	0.7298899237933955
0.8856628982528263	0.7298327334321406
0.8854059609455293	0.7297755188479458
0.8854059609455293	0.729930099555179
0.8851490236382322	0.7298728813559322
0.8848920863309353	0.729815638906548
0.8848920863309353	0.7299703264094956
0.8848920863309353	0.730125079499682
0.8848920863309353	0.7302798982188295
0.8846351490236383	0.7302226935312831
0.8846351490236383	0.730377598642342
0.8846351490236383	0.7305325694886484
0.8846351490236383	0.7306876061120543
0.8846351490236383	0.730842708554447
0.8843782117163412	0.7307855626326963
0.8841212744090442	0.7307283924400085
0.8841212744090442	0.7308836023789295
0.8838643371017472	0.7308264287231783
0.8838643371017472	0.7309817254568636
0.8838643371017472	0.7311370882040382
0.8838643371017472	0.7312925170068028
0.8836073997944501	0.7312353816712737
0.8833504624871531	0.7311782220331774
0.8830935251798561	0.7311210380770049
0.8828365878725591	0.731063829787234
0.8825796505652621	0.7310065971483294
0.8823227132579651	0.7309493401447424
0.882065775950668	0.7308920587609112
0.881808838643371	0.7308347529812607
0.881808838643371	0.7309904153354633
0.881808838643371	0.7311461440136344
0.881808838643371	0.7313019390581718
0.881551901336074	0.7312446717817562
0.8812949640287769	0.7311873800895331
0.8810380267214799	0.7311300639658849
0.8810380267214799	0.7312859884836852
0.880781089414183	0.7312286689419796
0.880524152106886	0.7311713249413271
0.8802672147995889	0.7311139564660691
0.8800102774922919	0.7310565635005336
0.8797533401849948	0.730999146029035
0.8794964028776978	0.7309417040358744
0.8792394655704008	0.7308842375053396
0.8789825282631039	0.7308267464217048
0.8787255909558068	0.7307692307692307
0.8787255909558068	0.7309254114126951
0.8784686536485098	0.7308678922616503
0.8784686536485098	0.7310241607868292
0.8784686536485098	0.731180496150556
0.8782117163412128	0.7311229946524064
0.8782117163412128	0.7312794180573384
0.8779547790339157	0.7312219131179114
0.8779547790339157	0.7313784246575342
0.8776978417266187	0.7313209162920146
0.8774409044193217	0.7312633832976445
0.8774409044193217	0.7314200042835725
0.8771839671120246	0.7313624678663239
0.8769270298047277	0.7313049067923719
0.8769270298047277	0.7314616373767681
0.8766700924974307	0.7314040728831726
0.8766700924974307	0.7315608919382505
0.8766700924974307	0.7317177782543427
0.8766700924974307	0.7318747318747318
0.8766700924974307	0.7320317528427376
0.8766700924974307	0.7321888412017168
0.8764131551901336	0.7321313586606568
0.8764131551901336	0.7322885358522971
0.8764131551901336	0.7324457805454155
0.8761562178828366	0.7323883161512027
0.8758992805755396	0.7323308270676692
0.8758992805755396	0.7324881822088526
0.8758992805755396	0.7326456049860305
0.8756423432682425	0.7325881341358556
0.8753854059609455	0.73253063857235
0.8753854059609455	0.7326881720430107
0.8751284686536485	0.7326306732630673
0.8751284686536485	0.7327882960413081
0.8748715313463515	0.7327307940606843
0.8748715313463515	0.7328885062419286
0.8746145940390545	0.7328310010764263
0.8746145940390545	0.7329888027562446
0.8746145940390545	0.7331466724100797
0.8743576567317575	0.7330891856958208
0.8743576567317575	0.7332471450118508
0.8743576567317575	0.7334051724137931
0.8741007194244604	0.7333477042466049
0.8741007194244604	0.7335058214747736
0.8738437821171634	0.7334483502264395
0.8735868448098664	0.7333908541846419
0.8733299075025693	0.7333333333333333
0.8730729701952723	0.7332757876564523
0.8728160328879754	0.7332182171379236
0.8725590955806783	0.7331606217616581
0.8725590955806783	0.7333189375944721
0.8725590955806783	0.7334773218142548
0.8725590955806783	0.7336357744653272
0.8723021582733813	0.7335782195332757
0.8720452209660843	0.7335206397233629
0.8717882836587872	0.7334630350194552
0.8717882836587872	0.7336216216216216
0.8717882836587872	0.733780276816609
0.8715313463514902	0.7337226908933593
0.8715313463514902	0.7338814366075292
0.8715313463514902	0.734040251027916
0.8715313463514902	0.7341991341991342
0.8715313463514902	0.7343580861658368
0.8715313463514902	0.7345171069727154
0.8715313463514902	0.7346761966645008
0.8712744090441932	0.7346187175043327
0.8712744090441932	0.7347778981581798
0.8710174717368961	0.7347204161248374
0.8707605344295992	0.7346629091697376
0.8705035971223022	0.7346053772766695
0.8705035971223022	0.7347646931251356
0.8702466598150052	0.73470715835141
0.8702466598150052	0.7348665654154914
0.8702466598150052	0.7350260416666666
0.8699897225077081	0.7349685261558498
0.8699897225077081	0.7351280937907078
0.8697327852004111	0.7350705754614549
0.8697327852004111	0.7352302345786272
0.869475847893114	0.7351727134477515
0.869475847893114	0.7353324641460235
0.869218910585817	0.7352749402303846
0.869218910585817	0.7354347826086957
0.869218910585817	0.7355946944988041
0.8689619732785201	0.7355371900826446
0.8689619732785201	0.7356971938220579
0.8687050359712231	0.7356396866840731
0.8687050359712231	0.7357997823721436
0.8687050359712231	0.7359599477579452
0.8687050359712231	0.736120182887002
0.868448098663926	0.7360627177700348
0.868191161356629	0.736005227619255
0.868191161356629	0.7361655773420479
0.867934224049332	0.7361080845500109
0.8676772867420349	0.736050566695728
0.8676772867420349	0.7362110311750599
0.8674203494347379	0.7361535106846926
0.8671634121274409	0.7360959651035986
0.8671634121274409	0.7362565445026178
0.8671634121274409	0.7364171939777439
0.8671634121274409	0.7365779135748581
0.8671634121274409	0.7367387033398821
0.8669064748201439	0.7366812227074235
0.8666495375128469	0.7366237169687705
0.8666495375128469	0.736784622105723
0.8666495375128469	0.7369455975529823
0.8663926002055499	0.7368881118881119
0.8663926002055499	0.7370491803278688
0.8661356628982528	0.7369916921731526
0.8661356628982528	0.7371528537065384
0.8658787255909558	0.7370953630796151
0.8658787255909558	0.7372566178079195
0.8658787255909558	0.737417943107221
0.8656217882836588	0.737360472751149
0.8656217882836588	0.737521891418564
0.8653648509763617	0.7374644186555726
0.8651079136690647	0.737406920718353
0.8648509763617678	0.7373493975903614
0.8645940390544707	0.7372918492550394
0.8643371017471737	0.7372342756958141
0.8643371017471737	0.7373958790004385
0.8640801644398767	0.7373383030037273
0.8640801644398767	0.7375
0.8640801644398767	0.7376617679315639
0.8640801644398767	0.7378236068451075
0.8638232271325796	0.7377660741716041
0.8638232271325796	0.737928007023705
0.8630524152106885	0.7380795429575917
0.8627954779033916	0.738021978021978
0.8627954779033916	0.7381842163112772
0.8625385405960946	0.7381266490765171
0.8625385405960946	0.7382889817462063
0.8625385405960946	0.7384513858337
0.8625385405960946	0.7386138613861386
0.8622816032887975	0.738556338028169
0.8620246659815005	0.738498789346247
0.8617677286742035	0.7384412153236459
0.8617677286742035	0.73860383175512
0.8615107913669064	0.7385462555066079
0.8615107913669064	0.7387089667327605
0.8612538540596094	0.7386513882767739
0.8609969167523125	0.7385937844390567
0.8609969167523125	0.7387566137566137
0.8607399794450155	0.7386990077177509
0.8607399794450155	0.7388619320688135
0.8607399794450155	0.7390249283035517
0.8607399794450155	0.7391879964695499
0.8607399794450155	0.7393511366144339
0.8607399794450155	0.739514348785872
0.8607399794450155	0.7396776330315743
0.8604830421377184	0.7396201413427562
0.8604830421377184	0.7397835210956484
0.8602261048304214	0.7397260273972602
0.8602261048304214	0.7398895027624309
0.8602261048304214	0.7400530503978779
0.8599691675231244	0.7399955781560911
0.8597122302158273	0.739938080495356
0.8594552929085303	0.7398805573988055
0.8591983556012333	0.7398230088495575
0.8591983556012333	0.7399867227262669
0.8591983556012333	0.7401505090748118
0.8589414182939363	0.7400929820677441
0.8586844809866393	0.7400354295837024
0.8584275436793423	0.7399778516057586
0.8584275436793423	0.7401417811253876
0.8581706063720452	0.7400842011965433
0.8581706063720452	0.7402482269503546
0.8581706063720452	0.7404123254267346
0.8581706063720452	0.7405764966740577
0.8579136690647482	0.7405189620758483
0.8579136690647482	0.7406832298136646
0.8579136690647482	0.7408475704459729
0.8579136690647482	0.741011984021305
0.8576567317574512	0.7409544950055494
0.8573997944501541	0.7408969804618117
0.8571428571428571	0.7408394403730846
0.8571428571428571	0.741003998223012
0.8568859198355602	0.7409464563430349
0.8566289825282631	0.7408888888888889
0.8563720452209661	0.7408312958435208
0.8563720452209661	0.7409959982214317
0.8561151079136691	0.7409384033800311
0.8561151079136691	0.7411032028469751
0.8561151079136691	0.7412680756395995
0.855858170606372	0.7412105028927459
0.855858170606372	0.7413754729579346
0.855601233299075	0.7413178984861977
0.855601233299075	0.7414829659318637
0.855601233299075	0.7416481069042317
0.855344295991778	0.7415905546892404
0.8550873586844809	0.7415329768270945
0.854830421377184	0.7414753733006463
0.854830421377184	0.741640659830584
0.854573484069887	0.7415830546265328
0.85431654676259	0.7415254237288136
0.85431654676259	0.7416908320321214
0.8540596094552929	0.7416331994645248
0.8538026721479959	0.7415755411738452
0.8538026721479959	0.7417410714285714
0.8535457348406988	0.7416834114757759
0.8535457348406988	0.7418490397498884
0.8532887975334018	0.7417913781550145
0.8532887975334018	0.7419571045576407
0.8532887975334018	0.742122905027933
0.8532887975334018	0.7422887796155565
0.8530318602261048	0.7422311647663761
0.8530318602261048	0.7423971377459749
0.8527749229188079	0.7423395213598748
0.8525179856115108	0.7422818791946308
0.8525179856115108	0.7424479749384649
0.8525179856115108	0.7426141450313339
0.8522610483042138	0.7425565256324155
0.8522610483042138	0.7427227944469323
0.8522610483042138	0.742889137737962
0.8522610483042138	0.7430555555555556
0.8522610483042138	0.7432220479498095
0.8522610483042138	0.7433886149708651
0.8520041109969168	0.743331091683479
0.8520041109969168	0.7434977578475336
0.8517471736896197	0.7434402332361516
0.8517471736896197	0.743606998654105
0.8517471736896197	0.7437738389050931
0.8517471736896197	0.7439407540394973
0.8517471736896197	0.7441077441077442
0.8514902363823227	0.7440502918724742
0.8512332990750257	0.7439928138333708
0.8512332990750257	0.7441599281221922
0.8512332990750257	0.744327117501685
0.8512332990750257	0.7444943820224719
0.8509763617677287	0.7444369521240728
0.8507194244604317	0.7443794964028777
0.8504624871531347	0.7443220148414662
0.8502055498458376	0.7442645074224021
0.8502055498458376	0.7444319460067491
0.8499486125385406	0.7443744374437443
0.8499486125385406	0.7445419761422463
0.8499486125385406	0.7447095902746511
0.8496916752312436	0.7446521053816708
0.8494347379239465	0.7445945945945946
0.8494347379239465	0.7447623338589773
0.8491778006166495	0.7447048219918883
0.8489208633093526	0.7446472842010368
0.8486639260020555	0.7445897204688909
0.8484069886947585	0.744532130777903
0.8481500513874615	0.7444745151105097
0.8481500513874615	0.7446424543198736
0.8481500513874615	0.7448104693140795
0.8478931140801644	0.7447528774542993
0.8478931140801644	0.744920993227991
0.8478931140801644	0.7450891849175886
0.8478931140801644	0.7452574525745257
0.8478931140801644	0.7454257962502824
0.8478931140801644	0.745594215996385
0.8476361767728674	0.7455367231638418
0.8473792394655704	0.7454792043399638
0.8473792394655704	0.745647750395659
0.8473792394655704	0.7458163726820444
0.8471223021582733	0.7457588780818819
0.8468653648509764	0.7457013574660634
0.8468653648509764	0.7458701063589047
0.8466084275436794	0.7458125848800362
0.8466084275436794	0.7459814353633688
0.8466084275436794	0.7461503623188406
0.8463514902363823	0.7460928652321631
0.8463514902363823	0.74626189397372
0.8460945529290853	0.7462043961024246
0.8458376156217883	0.7461468721668177
0.8458376156217883	0.7463160281115393
0.8455806783144912	0.7462585034013606
0.8453237410071942	0.7462009525969607
0.8453237410071942	0.7463702359346642
0.8453237410071942	0.7465395960971182
0.8450668036998972	0.7464820699046755
0.8450668036998972	0.7466515323496027
0.8450668036998972	0.7468210717529519
0.8448098663926003	0.746763570292982
0.8445529290853032	0.7467060427078601
0.8445529290853032	0.7468757100658941
0.8445529290853032	0.7470454545454546
0.8442959917780062	0.7469879518072289
0.8442959917780062	0.7471577989995453
0.8442959917780062	0.7473277234478053
0.8442959917780062	0.7474977252047316
0.8440390544707091	0.7474402730375427
0.8437821171634121	0.7473827947200729
0.8435251798561151	0.7473252902344639
0.843268242548818	0.7472677595628415
0.843268242548818	0.7474379412434525
0.843268242548818	0.7476082004555809
0.843268242548818	0.7477785372522214
0.843011305241521	0.7477210574293528
0.8427543679342241	0.7476635514018691
0.8424974306269271	0.7476060191518468
0.8424974306269271	0.7477765108323832
0.84224049331963	0.7477189781021898
0.84224049331963	0.7478895733515857
0.841983556012333	0.7478320401643085
0.841983556012333	0.748002739100662
0.841726618705036	0.7479452054794521
0.841726618705036	0.7481160082210551
0.8414696813977389	0.7480584741891274
0.8414696813977389	0.7482293808544666
0.8414696813977389	0.748400365630713
0.8414696813977389	0.7485714285714286
0.8412127440904419	0.7485139460448103
0.840955806783145	0.7484564372284472
0.840955806783145	0.7486276303751144
0.8406988694758479	0.7485701212537177
0.8406988694758479	0.7487414187643021
0.8404419321685509	0.7486839093614099
0.8404419321685509	0.7488553113553114
0.8404419321685509	0.7490267918479505
0.8404419321685509	0.7491983508932661
0.8401849948612539	0.7491408934707904
0.8401849948612539	0.7493125572868927
0.8401849948612539	0.7494842997937199
0.8401849948612539	0.749656121045392
0.8401849948612539	0.7498280210960789
0.8399280575539568	0.7497706422018349
0.8399280575539568	0.7499426473961918
0.8399280575539568	0.7501147315282239
0.8399280575539568	0.7502868946522837
0.8399280575539568	0.7504591368227732
0.8396711202466598	0.7504018369690012
0.8394141829393628	0.7503445107946716
0.8394141829393628	0.7505168849069607
0.8394141829393628	0.7506893382352942
0.8394141829393628	0.750861870834291
0.8391572456320657	0.7508045977011494
0.8389003083247688	0.750747298229478
0.8386433710174718	0.7506899724011039
0.8383864337101747	0.7506326201978376
0.8383864337101747	0.7508053382420616
0.8383864337101747	0.7509781357882623
0.8381294964028777	0.7509208103130756
0.8378725590955807	0.7508634584388671
0.8376156217882836	0.7508060801473975
0.8376156217882836	0.7509790370882286
0.8373586844809866	0.7509216589861751
0.8371017471736896	0.7508642544365061
0.8368448098663926	0.7508068234209313
0.8368448098663926	0.7509799400507263
0.8365878725590956	0.7509225092250923
0.8365878725590956	0.7510957324106113
0.8365878725590956	0.751269035532995
0.8365878725590956	0.7514424186475883
0.8363309352517986	0.7513850415512465
0.8360739979445015	0.7513276379589009
0.8358170606372045	0.751270207852194
0.8358170606372045	0.7514437514437514
0.8355601233299075	0.7513863216266173
0.8353031860226104	0.7513288652646175
0.8353031860226104	0.7515025427646786
0.8353031860226104	0.7516763005780347
0.8350462487153134	0.7516188714153561
0.8347893114080165	0.7515614156835531
0.8345323741007195	0.7515039333641832
0.8345323741007195	0.7516778523489933
0.8342754367934224	0.7516203703703703
0.8340184994861254	0.7515628617735587
0.8340184994861254	0.7517369152385364
0.8337615621788284	0.7516794069955988
0.8337615621788284	0.7518535681186284
0.8335046248715313	0.7517960602549247
0.8332476875642343	0.7517385257301809
0.8329907502569374	0.7516809645258521
0.8329907502569374	0.7518552875695733
0.8329907502569374	0.752029691486894
0.8329907502569374	0.7522041763341067
0.8327338129496403	0.7521466697609654
0.8327338129496403	0.7523212627669452
0.8324768756423433	0.75226375667518
0.8324768756423433	0.7524384579656294
0.8322199383350463	0.7523809523809524
0.8319630010277492	0.7523234200743495
0.8317060637204522	0.7522658610271903
0.8317060637204522	0.7524407252440726
0.8314491264131552	0.7523831667054174
0.8311921891058581	0.7523255813953489
0.8309352517985612	0.7522679692951849
0.8306783144912642	0.7522103303862262
0.8306783144912642	0.7523853851524319
0.8304213771839671	0.7523277467411545
0.8301644398766701	0.7522700814901048
0.8299075025693731	0.7522123893805309
0.8299075025693731	0.7523876077335196
0.829650565262076	0.7523299161230196
0.829650565262076	0.752505243532976
0.829650565262076	0.7526806526806527
0.829393627954779	0.7526229890417346
0.829393627954779	0.7527985074626866
0.829393627954779	0.7529741077676697
0.829393627954779	0.7531497900139991
0.829393627954779	0.7533255542590431
0.829393627954779	0.7535014005602241
0.829136690647482	0.7534438477702545
0.829136690647482	0.753619803829986
0.828879753340185	0.7535622518103247
0.828622816032888	0.7535046728971962
0.828622816032888	0.753680766534237
0.828622816032888	0.7538569424964937
0.828365878725591	0.7537993920972644
0.828365878725591	0.7539756782039289
0.8281089414182939	0.7539181286549708
0.8281089414182939	0.7540945250350959
0.8278520041109969	0.7540369763632109
0.8275950668036999	0.7539794007490637
0.8275950668036999	0.7541559353781316
0.8275950668036999	0.7543325526932084
0.8273381294964028	0.7542750058561724
0.8270811921891058	0.7542174320524836
0.8268242548818089	0.7541598312631825
0.8268242548818089	0.7543366150961087
0.8265673175745119	0.7542790152403283
0.8263103802672148	0.7542213883677298
0.8260534429599178	0.754163734459301
0.8260534429599178	0.7543406851243548
0.8260534429599178	0.7545177188453415
0.8257965056526207	0.7544600938967136
0.8257965056526207	0.754637238788448
0.8255395683453237	0.7545796148426491
0.8252826310380267	0.7545219638242894
0.8252826310380267	0.7546992481203008
0.8252826310380267	0.7548766157461809
0.8250256937307296	0.7548189938881054
0.8250256937307296	0.7549964730778275
0.8250256937307296	0.7551740357478833
0.8247687564234327	0.7551164431898377
0.8247687564234327	0.7552941176470588
0.8247687564234327	0.7554718757354671
0.8247687564234327	0.7556497175141242
0.8245118191161357	0.7555921827172122
0.8242548818088387	0.7555346208195949
0.8242548818088387	0.7557126030624264
0.8239979445015416	0.7556550424128181
0.8239979445015416	0.7558331369314164
0.8237410071942446	0.7557755775577558
0.8234840698869476	0.755717991039849
0.8232271325796505	0.7556603773584906
0.8229701952723536	0.7556027364944562
0.8227132579650566	0.755545068428504
0.8227132579650566	0.755723389190465
0.8227132579650566	0.7559017941454202
0.8224563206577595	0.7558441558441559
0.8224563206577595	0.7560226735947095
0.8221993833504625	0.7559650366170565
0.8221993833504625	0.7561436672967864
0.8221993833504625	0.7563223824155046
0.8219424460431655	0.7562647754137116
0.8216855087358684	0.7562071411681248
0.8216855087358684	0.7563859981078525
0.8216855087358684	0.7565649396735273
0.8216855087358684	0.7567439659252247
0.8216855087358684	0.7569230769230769
0.8216855087358684	0.7571022727272727
0.8214285714285714	0.7570447549135686
0.8211716341212744	0.7569872098531502
0.8211716341212744	0.7571665482113243
0.8211716341212744	0.7573459715639811
0.8211716341212744	0.7575254799715573
0.8209146968139774	0.7574679943100996
0.8206577595066804	0.7574104813848708
0.8206577595066804	0.7575901328273245
0.8204008221993834	0.7575326215895611
0.8204008221993834	0.7577123872804936
0.8201438848920863	0.7576548777593164
0.8198869475847893	0.7575973409306742
0.8198869475847893	0.7577772500593684
0.8198869475847893	0.7579572446555819
0.8198869475847893	0.7581373247802329
0.8196300102774923	0.7580798479087453
0.8193730729701952	0.7580223437128595
0.8193730729701952	0.7582025677603423
0.8193730729701952	0.7583828775267538
0.8191161356628982	0.758325404376784
0.8191161356628982	0.7585058291696407
0.8188591983556013	0.7584483579247977
0.8186022610483042	0.7583908593192097
0.8186022610483042	0.7585714285714286
0.8186022610483042	0.7587520838294832
0.8186022610483042	0.7589328251548356
0.8186022610483042	0.7591136526090064
0.8183453237410072	0.7590562440419447
0.8180883864337102	0.7589988081048867
0.8180883864337102	0.7591797806390082
0.8180883864337102	0.7593608394943954
0.8178314491264131	0.7593034351145038
0.8178314491264131	0.7594846098783107
0.8178314491264131	0.7596658711217184
0.8175745118191161	0.759608498448317
0.8173175745118191	0.7595510983763133
0.8173175745118191	0.759732505373776
0.8173175745118191	0.7599139990444338
0.817060637204522	0.7598566308243727
0.8168036998972251	0.7597992351816444
0.8165467625899281	0.7597418120965814
0.8165467625899281	0.759923481587757
0.8165467625899281	0.7601052379813442
0.816289825282631	0.7600478468899522
0.816289825282631	0.760229720028715
0.816032887975334	0.7601723312589755
0.815775950668037	0.7601149150107733
0.81551901336074	0.7600574712643678
0.81551901336074	0.7602395209580838
0.8152620760534429	0.7601820795400096
0.8152620760534429	0.7603642463455548
0.8150051387461459	0.7603068072866731
0.814748201438849	0.7602493406856868
0.8144912641315519	0.7601918465227818
0.8144912641315519	0.7603741904533461
0.8144912641315519	0.760556621880998
0.8142343268242549	0.7604991600671946
0.8142343268242549	0.7606817090734518
0.8139773895169579	0.76062424969988
0.8139773895169579	0.760806916426513
0.8139773895169579	0.7609896709104012
0.8139773895169579	0.7611725132148006
0.8137204522096608	0.7611151165585196
0.8134635149023638	0.7610576923076923
0.8132065775950668	0.761000240442414
0.8132065775950668	0.7611832611832612
0.8129496402877698	0.7611258118835699
0.8129496402877698	0.7613089509143407
0.8126927029804728	0.761251504211793
0.8124357656731758	0.7611940298507462
0.8121788283658787	0.7611365278112208
0.8121788283658787	0.7613198458574181
0.8121788283658787	0.7615032522283787
0.8119218910585817	0.7614457831325301
0.8116649537512847	0.7613882863340564
0.8116649537512847	0.7615718418514947
0.8114080164439876	0.7615143477212443
0.8114080164439876	0.7616980221900627
0.8114080164439876	0.7618817852834741
0.8111510791366906	0.7618243243243243
0.8108941418293937	0.7617668356263577
0.8108941418293937	0.7619507484307098
0.8108941418293937	0.7621347500603719
0.8108941418293937	0.7623188405797101
0.8106372045220966	0.7622614158009181
0.8106372045220966	0.7624456259062349
0.8103802672147996	0.7623882040125695
0.8103802672147996	0.7625725338491296
0.8103802672147996	0.7627569528415962
0.8101233299075026	0.762699564586357
0.8098663926002055	0.7626421485603677
0.8098663926002055	0.7628267182962246
0.8098663926002055	0.7630113773904623
0.8096094552929085	0.7629539951573849
0.8093525179856115	0.7628965851295714
0.8093525179856115	0.7630813953488372
0.8090955806783144	0.7630239883692755
0.8090955806783144	0.7632089190499273
0.8088386433710175	0.7631515151515151
0.8085817060637205	0.763094083414161
0.8083247687564235	0.7630366238176085
0.8083247687564235	0.7632217370208637
0.8083247687564235	0.7634069400630915
0.8083247687564235	0.7635922330097087
0.8080678314491264	0.7635348385530468
0.8080678314491264	0.7637202525497815
0.8080678314491264	0.7639057566188973
0.8080678314491264	0.7640913508260447
0.8080678314491264	0.764277035236938
0.8080678314491264	0.7644628099173554
0.8078108941418294	0.7644055433989788
0.8078108941418294	0.7645914396887159
0.8078108941418294	0.7647774264169301
0.8075539568345323	0.764720194647202
0.8075539568345323	0.7649063032367973
0.8072970195272353	0.7648490749756572
0.8072970195272353	0.7650353055758461
0.8070400822199383	0.764978080857282
0.8067831449126414	0.7649208282582217
0.8067831449126414	0.7651072124756335
0.8065262076053443	0.7650499634413843
0.8065262076053443	0.765236470014627
0.8065262076053443	0.7654230675445013
0.8062692702980473	0.7653658536585366
0.8062692702980473	0.7655525737984874
0.8060123329907503	0.7654953635919961
0.8060123329907503	0.7656822064925556
0.8057553956834532	0.765625
0.8054984583761562	0.7655677655677655
0.8052415210688592	0.7655105031753786
0.8049845837615622	0.7654532128023455
0.8049845837615622	0.7656402737047898
0.8047276464542652	0.7655829870447324
0.8047276464542652	0.7657701711491443
0.8044707091469682	0.7657128882367327
0.8044707091469682	0.7659001956947162
0.8042137718396711	0.7658429165647174
0.8042137718396711	0.7660303475281449
0.8042137718396711	0.7662178702570379
0.8042137718396711	0.7664054848188051
0.8039568345323741	0.766348273328435
0.8039568345323741	0.7665360117589417
0.8039568345323741	0.7667238421955404
0.8039568345323741	0.7669117647058824
0.8039568345323741	0.7670997793576857
0.8036998972250771	0.7670426679744973
0.8036998972250771	0.7672308069659063
0.8036998972250771	0.7674190382728164
0.80344295991778	0.767361963190184
0.80344295991778	0.7675503190967109
0.803186022610483	0.7674932482199852
0.8029290853031861	0.7674361493123772
0.802672147995889	0.7673790223532302
0.802672147995889	0.7675675675675676
0.802672147995889	0.767756205455886
0.802672147995889	0.767944936086529
0.802672147995889	0.7681337595279075
0.802415210688592	0.7680767338908018
0.802415210688592	0.7682656826568266
0.802158273381295	0.7682086614173228
0.802158273381295	0.7683977356633029
0.8019013360739979	0.7683407188577056
0.8016443987667009	0.7682836739719281
0.8016443987667009	0.7684729064039408
0.8016443987667009	0.7686622320768662
0.8013874614594039	0.7686052242483983
0.8013874614594039	0.7687946758688686
0.8013874614594039	0.7689842209072978
0.8013874614594039	0.769173859432799
0.8013874614594039	0.7693635915145536
0.8011305241521068	0.769306686405132
0.8008735868448099	0.7692497532082923
0.8008735868448099	0.7694396445322143
0.8006166495375129	0.7693827160493827
0.8006166495375129	0.7695727340083971
0.8006166495375129	0.7697628458498024
0.8003597122302158	0.7697059550284161
0.8001027749229188	0.7696490360850222
0.7998458376156218	0.7695920889987639
0.7998458376156218	0.7697823936696341
0.7998458376156218	0.7699727924808311
0.7998458376156218	0.7701632855022266
0.7998458376156218	0.7703538728037614
0.7998458376156218	0.7705445544554456
0.7998458376156218	0.7707353305273582
0.7995889003083247	0.770678553739475
0.7993319630010277	0.7706217488233837
0.7993319630010277	0.770812685827552
0.7993319630010277	0.7710037174721189
0.7993319630010277	0.7711948438274665
0.7990750256937307	0.7711381105876519
0.7988180883864338	0.7710813492063492
0.7985611510791367	0.7710245596626147
0.7983042137718397	0.7709677419354839
0.7980472764645427	0.7709108960039712
0.7980472764645427	0.7711022840119166
0.7980472764645427	0.7712937670722623
0.7977903391572456	0.7712369597615499
0.7975334018499486	0.7711801242236025
0.7972764645426516	0.7711232604373758
0.7972764645426516	0.771314939100174
0.7970195272353545	0.7712580805569369
0.7967625899280576	0.7712011937329023
0.7965056526207606	0.7711442786069652
0.7962487153134635	0.7710873351579995
0.7959917780061665	0.7710303633648581
0.7959917780061665	0.7712223052028877
0.7957348406988695	0.7711653386454184
0.7954779033915724	0.7711083437110834
0.7954779033915724	0.7713004484304933
0.7954779033915724	0.7714926488911039
0.7952209660842754	0.7714356929212363
0.7952209660842754	0.7716280229369235
0.7952209660842754	0.7718204488778054
0.7949640287769785	0.7717635320528811
0.7947070914696814	0.7717065868263473
0.7944501541623844	0.7716496131769404
0.7944501541623844	0.7718422366450325
0.7941932168550874	0.7717852684144819
0.7939362795477903	0.7717282717282717
0.7939362795477903	0.7719210592055958
0.7936793422404933	0.771864067966017
0.7934224049331963	0.7718070482379406
0.7934224049331963	0.772
0.7934224049331963	0.7721930482620655
0.7934224049331963	0.7723861930965483
0.7934224049331963	0.7725794345759319
0.7934224049331963	0.7727727727727728
0.7934224049331963	0.7729662077596996
0.7934224049331963	0.7731597396094141
0.7934224049331963	0.7733533683946907
0.7934224049331963	0.7735470941883767
0.7934224049331963	0.7737409170633927
0.7934224049331963	0.7739348370927318
0.7934224049331963	0.774128854349461
0.7931654676258992	0.7740722166499499
0.7929085303186023	0.7740155505392525
0.7926515930113053	0.7739588559959859
0.7926515930113053	0.7741530740276035
0.7923946557040082	0.7740963855421686
0.7923946557040082	0.7742907356264123
0.7921377183967112	0.7742340532395781
0.7921377183967112	0.7744285355438332
0.7918807810894142	0.7743718592964824
0.7918807810894142	0.7745664739884393
0.7916238437821171	0.7745098039215687
0.7913669064748201	0.7744531053557958
0.7911099691675231	0.7743963782696177
0.7908530318602262	0.7743396226415095
0.7905960945529291	0.7742828384499245
0.7905960945529291	0.774477724641329
0.7905960945529291	0.7746727089627392
0.7903391572456321	0.7746159657516998
0.7903391572456321	0.7748110831234257
0.7903391572456321	0.7750062988158226
0.790082219938335	0.7749495967741935
0.789825282631038	0.7748928661457021
0.789568345323741	0.7748361069087242
0.789568345323741	0.7750315258511979
0.789311408016444	0.7749747729566094
0.7890544707091469	0.7749179914206409
0.7890544707091469	0.7751135790005048
0.78879753340185	0.7750568038374148
0.78879753340185	0.7752525252525253
0.788540596094553	0.7751957565041677
0.788540596094553	0.7753916119252148
0.7882836587872559	0.7753348496335608
0.7880267214799589	0.775278058645096
0.7877697841726619	0.7752212389380531
0.7875128468653648	0.7751643904906423
0.7875128468653648	0.775360485707058
0.7875128468653648	0.7755566801619433
0.7872559095580678	0.7754998734497596
0.7869989722507709	0.7754430379746835
0.7867420349434738	0.7753861737148645
0.7867420349434738	0.7755825734549139
0.7867420349434738	0.7757790727134533
0.7867420349434738	0.7759756715661429
0.7867420349434738	0.7761723700887199
0.7867420349434738	0.776369168356998
0.7867420349434738	0.7765660664468679
0.7864850976361768	0.7765093860984272
0.7864850976361768	0.7767064196904339
0.7864850976361768	0.7769035532994923
0.7862281603288798	0.7768469154607769
0.7862281603288798	0.7770441848654139
0.7859712230215827	0.776987553975108
0.7859712230215827	0.7771849593495935
0.7859712230215827	0.7773824650571791
0.7859712230215827	0.7775800711743772
0.7857142857142857	0.7775235189422832
0.7854573484069887	0.7774669379450662
0.7852004110996916	0.7774103281607734
0.7852004110996916	0.7776081424936386
0.7849434737923947	0.7775515398320183
0.7846865364850977	0.7774949083503055
0.7844295991778006	0.7774382480264833
0.7844295991778006	0.7776362710137544
0.7844295991778006	0.7778343949044586
0.7841726618705036	0.7777777777777778
0.7839157245632066	0.7777211317868978
0.7836587872559095	0.77766445690974
0.7834018499486125	0.777607753124203
0.7834018499486125	0.7778061224489796
0.7831449126413155	0.7777494258739475
0.7831449126413155	0.777947932618683
0.7828879753340185	0.7778912432984427
0.7826310380267215	0.7778345250255363
0.7823741007194245	0.7777777777777778
0.7821171634121274	0.7777210015329586
0.7821171634121274	0.7779197546639407
0.7821171634121274	0.778118609406953
0.7818602261048304	0.7780618767578624
0.7816032887975334	0.7780051150895141
0.7816032887975334	0.7782041442824251
0.7813463514902363	0.7781473899692938
0.7810894141829393	0.7780906066035321
0.7810894141829393	0.778289810547875
0.7810894141829393	0.7784891165172856
0.7808324768756424	0.7784323770491803
0.7808324768756424	0.7786318216756342
0.7805755395683454	0.7785750896975909
0.7805755395683454	0.778774673160728
0.7805755395683454	0.778974358974359
0.7805755395683454	0.7791741472172352
0.7805755395683454	0.7793740379681888
0.7805755395683454	0.7795740313061329
0.7805755395683454	0.7797741273100616
0.7803186022610483	0.7797175866495507
0.7803186022610483	0.7799178222907036
0.7800616649537513	0.7798612894939635
0.7800616649537513	0.7800616649537513
0.7798047276464543	0.7800051400668209
0.7798047276464543	0.7802056555269923
0.7795477903391572	0.7801491385960401
0.7792908530318602	0.7800925925925926
0.7792908530318602	0.7802932853100077
0.7792908530318602	0.7804940813175502
0.7792908530318602	0.7806949806949807
0.7792908530318602	0.7808959835221421
0.7792908530318602	0.7810970898789595
0.7790339157245632	0.7810407006697578
0.7787769784172662	0.7809842824014429
0.7785200411099692	0.7809278350515464
0.7785200411099692	0.7811291569992266
0.7782631038026722	0.7810727178958226
0.7780061664953751	0.7810162496775858
0.7777492291880781	0.7809597523219814
0.7777492291880781	0.7811612903225806
0.7774922918807811	0.7811048012390295
0.777235354573484	0.7810482829847664
0.777235354573484	0.78125
0.777235354573484	0.781451821234823
0.7769784172661871	0.7813953488372093
0.7767214799588901	0.7813388472473507
0.7767214799588901	0.781540847983454
0.7767214799588901	0.7817429531936902
0.776464542651593	0.7816864976720124
0.776464542651593	0.781888745148771
0.776464542651593	0.7820910973084886
0.776207605344296	0.7820346880662697
0.775950668036999	0.7819782496116002
0.775950668036999	0.7821807821807821
0.7756937307297019	0.7821243523316063
0.7756937307297019	0.7823270277273905
0.7754367934224049	0.7822706065318819
0.7751798561151079	0.7822141560798548
0.7751798561151079	0.7824170124481328
0.774922918807811	0.7823605706874189
0.7746659815005139	0.7823040996367411
0.7744090441932169	0.7822475992732936
0.7744090441932169	0.7824506749740394
0.7741521068859198	0.7823941833290055
0.7741521068859198	0.7825974025974026
0.7738951695786228	0.7825409197194076
0.7738951695786228	0.7827442827442828
0.7738951695786228	0.7829477514946712
0.7738951695786228	0.7831513260530422
0.7736382322713258	0.7830949284785436
0.7733812949640287	0.7830385015608741
0.7733812949640287	0.7832422586520947
0.7733812949640287	0.7834461218115565
0.7733812949640287	0.7836500911221036
0.7733812949640287	0.7838541666666666
0.7733812949640287	0.7840583485282626
0.7731243576567317	0.7840020844189682
0.7728674203494348	0.7839457909825385
0.7726104830421378	0.7838894681960376
0.7726104830421378	0.7840938722294655
0.7726104830421378	0.7842983828899321
0.7723535457348407	0.7842421080093921
0.7723535457348407	0.784446764091858
0.7723535457348407	0.7846515270164448
0.7720966084275437	0.7845953002610966
0.7718396711202467	0.7845390441368504
0.7718396711202467	0.7847439916405433
0.7715827338129496	0.7846877449699503
0.7715827338129496	0.7848928384736017
0.7715827338129496	0.7850980392156863
0.7715827338129496	0.7853033472803347
0.7713257965056526	0.7852471880721946
0.7713257965056526	0.7854526425954997
0.7713257965056526	0.7856582046584664
0.7713257965056526	0.7858638743455497
0.7710688591983555	0.7858078030898141
0.7708119218910586	0.785751702462022
0.7705549845837616	0.7856955724390883
0.7702980472764646	0.7856394129979035
0.7700411099691675	0.7855832241153342
0.7700411099691675	0.785789197692711
0.7700411099691675	0.7859952793076318
0.7697841726618705	0.7859391395592865
0.7697841726618705	0.7861453686696405
0.7695272353545735	0.7860892388451444
0.7695272353545735	0.7862956156471514
0.7692702980472764	0.7862394957983193
0.7692702980472764	0.7864460204885737
0.7690133607399794	0.7863899106673673
0.7687564234326825	0.7863337713534823
0.7687564234326825	0.786540483701367
0.7687564234326825	0.7867473047594005
0.7684994861253854	0.7866912151499211
0.7684994861253854	0.7868981846882399
0.7682425488180884	0.7868421052631579
0.7682425488180884	0.7870492234798632
0.7682425488180884	0.7872564507635598
0.7682425488180884	0.7874637872004214
0.7679856115107914	0.7874077976817703
0.7677286742034943	0.7873517786561265
0.7677286742034943	0.7875593041644702
0.7674717368961973	0.7875032955444239
0.7672147995889003	0.7874472573839663
0.7669578622816033	0.7873911896597204
0.7667009249743063	0.7873350923482849
0.7664439876670093	0.7872789654262339
0.7661870503597122	0.7872228088701162
0.7661870503597122	0.7874306839186691
0.7659301130524152	0.7873745377707343
0.7656731757451182	0.7873183619550859
0.7654162384378211	0.787262156448203
0.7654162384378211	0.7874702616970658
0.7654162384378211	0.7876784769962982
0.7651593011305241	0.7876223221370008
0.7651593011305241	0.7878306878306879
0.7649023638232272	0.7877745435300344
0.7646454265159301	0.787718369507676
0.7646454265159301	0.7879269261318507
0.7646454265159301	0.788135593220339
0.7646454265159301	0.7883443708609271
0.7646454265159301	0.7885532591414944
0.7643884892086331	0.7884972170686456
0.7643884892086331	0.7887062566277837
0.7641315519013361	0.788650225404402
0.763874614594039	0.7885941644562334
0.763617677286742	0.7885380737596179
0.763617677286742	0.7887473460721869
0.763617677286742	0.7889567294929652
0.763360739979445	0.7889006903876792
0.763103802672148	0.7888446215139442
0.762846865364851	0.788788522848034
0.762846865364851	0.7889981397820888
0.762589928057554	0.7889420520999468
0.762332990750257	0.7888859345918638
0.762332990750257	0.7890957446808511
0.762332990750257	0.7893056664006385
0.762332990750257	0.7895156998403406
0.762332990750257	0.7897258450891669
0.762332990750257	0.7899361022364217
0.762332990750257	0.7901464713715046
0.7620760534429599	0.7900905700586042
0.7620760534429599	0.7903010924593659
0.7620760534429599	0.7905117270788913
0.7618191161356629	0.790455878432418
0.7618191161356629	0.7906666666666666
0.7615621788283659	0.7906108295545479
0.7615621788283659	0.7908217716115261
0.7613052415210688	0.7907659460902055
0.7613052415210688	0.7909770421783235
0.7610483042137718	0.7909212283044059
0.7607913669064749	0.7908653846153846
0.7605344295991778	0.7908095110873631
0.7605344295991778	0.7910208444681989
0.7602774922918808	0.7909649826249666
0.7602774922918808	0.7911764705882353
0.7600205549845838	0.7911206204867611
0.7597636176772867	0.7910647405029427
0.7597636176772867	0.7912764249397912
0.7595066803699897	0.791220556745182
0.7592497430626927	0.7911646586345381
0.7592497430626927	0.7913765399035887
0.7592497430626927	0.7915885346905974
0.7589928057553957	0.7915326902465166
0.7587358684480987	0.7914768158670598
0.7584789311408017	0.7914209115281501
0.7582219938335046	0.7913649772056852
0.7582219938335046	0.7915772532188842
0.7582219938335046	0.7917896431446203
0.7579650565262076	0.7917337627482555
0.7579650565262076	0.7919463087248322
0.7577081192189106	0.791890440386681
0.7574511819116135	0.7918345420359925
0.7571942446043165	0.791778613648576
0.7571942446043165	0.791991400161247
0.7571942446043165	0.7922043010752688
0.7569373072970196	0.7921484269965045
0.7569373072970196	0.792361484669177
0.7569373072970196	0.7925746569814366
0.7569373072970196	0.7927879440258342
0.7566803699897225	0.7927321668909825
0.7566803699897225	0.7929456112008616
0.7564234326824255	0.7928898464853218
0.7564234326824255	0.7931034482758621
0.7561664953751285	0.7930476960388035
0.7559095580678314	0.7929919137466307
0.7556526207605344	0.7929361013750337
0.7553956834532374	0.7928802588996764
0.7551387461459403	0.7928243862961963
0.7551387461459403	0.7930383162439287
0.7551387461459403	0.7932523616734143
0.7551387461459403	0.7934665226781857
0.7551387461459403	0.7936807993518769
0.7548818088386434	0.7936250675310643
0.7548818088386434	0.793839502837071
0.7548818088386434	0.794054054054054
0.7546248715313464	0.7939983779399837
0.7546248715313464	0.7942130881557599
0.7543679342240494	0.7941574249391399
0.7541109969167523	0.7941017316017316
0.7541109969167523	0.7943166441136671
0.7541109969167523	0.794531672983216
0.7538540596094553	0.7944760357432982
0.7535971223021583	0.7944203683640303
0.7535971223021583	0.7946356001083718
0.7535971223021583	0.7948509485094851
0.7533401849948612	0.7947953374898347
0.7530832476875642	0.7947396963123644
0.7530832476875642	0.7949552481692432
0.7528263103802673	0.7948996201844818
0.7525693730729702	0.7948439620081411
0.7523124357656732	0.7947882736156352
0.7520554984583762	0.7947325549823513
0.7517985611510791	0.7946768060836502
0.7515416238437821	0.7946210268948656
0.7515416238437821	0.7948369565217391
0.7512846865364851	0.7947811905409079
0.7512846865364851	0.7949972811310495
0.751027749229188	0.7949415284199075
0.751027749229188	0.795157780195865
0.751027749229188	0.795374149659864
0.7507708119218911	0.7953184540010887
0.7505138746145941	0.7952627280152464
0.7505138746145941	0.795479302832244
0.7505138746145941	0.7956959956415146
0.7505138746145941	0.7959128065395096
0.7505138746145941	0.7961297356227856
0.7505138746145941	0.7963467829880043
0.750256937307297	0.7962912462503409
0.75	0.7962356792144026
0.749743062692703	0.7961800818553888
0.749743062692703	0.7963973799126638
0.7494861253854059	0.7963417963417964
0.7492291880781089	0.7962861824139814
0.748972250770812	0.7962305381043431
0.7487153134635149	0.7961748633879782
0.7487153134635149	0.7963924569554524
0.7487153134635149	0.7966101694915254
0.7484583761562179	0.7965545529122231
0.7482014388489209	0.7964989059080962
0.7482014388489209	0.7967168262653899
0.7479445015416238	0.7966611932129174
0.7479445015416238	0.7968792773063236
0.7476875642343268	0.7968236582694413
0.7474306269270298	0.796768008764722
0.7474306269270298	0.796986301369863
0.7474306269270298	0.7972047136201699
0.7471736896197327	0.7971491228070176
0.7469167523124358	0.7970935015080889
0.7469167523124358	0.7973121228743829
0.7466598150051388	0.7972565157750343
0.7464028776978417	0.7972008781558727
0.7464028776978417	0.7974197090310184
0.7461459403905447	0.7973640856672158
0.7461459403905447	0.797583081570997
0.7461459403905447	0.7978021978021979
0.7458890030832477	0.7977466336905743
0.7456320657759506	0.7976910390324354
0.7453751284686536	0.7976354138025845
0.7453751284686536	0.7978547854785478
0.7451181911613566	0.797799174690509
0.7451181911613566	0.7980187121629059
0.7443473792394656	0.7985115766262404
0.7443473792394656	0.7987317342156052
0.7440904419321686	0.7986762272476559
0.7438335046248715	0.7986206896551724
0.7438335046248715	0.7988410596026491
0.7438335046248715	0.7990615512006625
0.7435765673175745	0.7990060739922694
0.7435765673175745	0.7992267329466998
0.7435765673175745	0.7994475138121547
0.7435765673175745	0.7996684166896932
0.7433196300102775	0.7996130458817026
0.7430626927029804	0.799557644456732
0.7430626927029804	0.7997787610619469
0.7428057553956835	0.7997233748271093
0.7425488180883865	0.7996679579413393
0.7425488180883865	0.7998892886797675
0.7422918807810894	0.7998338870431894
0.7422918807810894	0.8000553863195791
0.7420349434737924	0.8
0.7420349434737924	0.8002216680520919
0.7417780061664954	0.8001662971175166
0.7417780061664954	0.800388134183532
0.7415210688591983	0.800332778702163
0.7412641315519013	0.8002773925104022
0.7410071942446043	0.8002219755826859
0.7407502569373073	0.8001665278934221
0.7404933196300103	0.8001110494169905
0.7404933196300103	0.8003332407664537
0.7404933196300103	0.8005555555555556
0.7402363823227133	0.8005001389274798
0.7399794450154162	0.8004446914952752
0.7397225077081192	0.80038921323325
0.7397225077081192	0.8006117908787542
0.7397225077081192	0.8008344923504868
0.7397225077081192	0.8010573177518086
0.7394655704008222	0.8010019482326747
0.7392086330935251	0.8009465478841871
0.7389516957862282	0.8008911166805903
0.7386947584789312	0.8008356545961003
0.7384378211716341	0.8007801616049038
0.7384378211716341	0.8010033444816054
0.7384378211716341	0.80122665179816
0.7384378211716341	0.8014500836586727
0.7381808838643371	0.8016183035714286
0.7381808838643371	0.8018420318169132
0.7379239465570401	0.80178671133445
0.737667009249743	0.8017313599553197
0.737410071942446	0.8016759776536313
0.737153134635149	0.8016205644034646
0.737153134635149	0.8018446059250979
0.737153134635149	0.8020687727145652
0.737153134635149	0.8022930648769575
0.736896197327852	0.8022377622377622
0.736896197327852	0.8024622271964186
0.736896197327852	0.8026868178001679
0.736639260020555	0.8026315789473685
0.736382322713258	0.8025763091570989
0.736125385405961	0.8025210084033614
0.7358684480986639	0.8024656766601289
0.7356115107913669	0.8024103139013453
0.7353545734840699	0.8023549201009251
0.7350976361767728	0.8022994952327538
0.7350976361767728	0.8025245441795231
0.7350976361767728	0.8027497194163861
0.7350976361767728	0.8029750210496772
0.7348406988694759	0.8029197080291971
0.7348406988694759	0.8031451839370963
0.7348406988694759	0.8033707865168539
0.7345837615621789	0.8033155380724922
0.7343268242548818	0.8032602585722316
0.7343268242548818	0.803486083778465
0.7343268242548818	0.8037120359955006
0.7340698869475848	0.8036568213783404
0.7338129496402878	0.8036015756893641
0.7338129496402878	0.8038277511961722
0.7338129496402878	0.8040540540540541
0.7338129496402878	0.8042804843705998
0.7335560123329907	0.8042253521126761
0.7335560123329907	0.8044519582981121
0.7332990750256937	0.8043968432919955
0.7332990750256937	0.8046236255990978
0.7332990750256937	0.8048505358150028
0.7332990750256937	0.8050775740479549
0.7332990750256937	0.8053047404063205
0.7332990750256937	0.8055320349985887
0.7330421377183967	0.8054771315640881
0.7330421377183967	0.8057046032194295
0.7327852004110997	0.8056497175141243
0.7327852004110997	0.8058773664877084
0.7327852004110997	0.8061051441492368
0.7327852004110997	0.8063330506078598
0.7327852004110997	0.8065610859728507
0.7325282631038027	0.8065063649222065
0.7325282631038027	0.8067345783814375
0.7325282631038027	0.8069629210302859
0.7322713257965057	0.8069082672706682
0.7322713257965057	0.8071367884451996
0.7320143884892086	0.8070821529745043
0.7320143884892086	0.8073108529328422
0.7320143884892086	0.8075396825396826
0.7320143884892086	0.807768641905302
0.7320143884892086	0.8079977311401021
0.7317574511819116	0.8079432624113475
0.7315005138746146	0.80788876276958
0.7315005138746146	0.8081180811808119
0.7315005138746146	0.8083475298126065
0.7315005138746146	0.8085771087759159
0.7315005138746146	0.8088068181818182
0.7312435765673175	0.8087524865018472
0.7312435765673175	0.808982376350199
0.7312435765673175	0.809212396929201
0.7309866392600206	0.8091581342434585
0.7307297019527236	0.8091038406827881
0.7307297019527236	0.8093340922026181
0.7307297019527236	0.8095644748078565
0.7307297019527236	0.8097949886104784
0.7304727646454265	0.8097408145827399
0.7302158273381295	0.8096866096866097
0.7302158273381295	0.8099173553719008
0.7299588900308325	0.8098631698973774
0.7297019527235354	0.8098089535215284
0.7294450154162384	0.8097547062179121
0.7291880781089414	0.809700427960057
0.7291880781089414	0.809931506849315
0.7291880781089414	0.8101627176705681
0.7289311408016445	0.8101085094231868
0.7289311408016445	0.81033990288489
0.7286742034943474	0.8102857142857143
0.7286742034943474	0.8107489994282447
0.7281603288797533	0.8108726752503577
0.7279033915724563	0.8108185460789925
0.7276464542651593	0.8109965635738832
0.7258478931140802	0.8120149468237999
0.7168550873586845	0.8184218245819889
0.7158273381294964	0.8186893917131942
0.7150565262076053	0.8190111830488522
0.7147995889003084	0.8196817913965821
0.7145426515930113	0.820353982300885
0.7142857142857143	0.8203009737385659
0.7137718396711202	0.8204370939161252
0.7137718396711202	0.8209219858156028
0.7137718396711202	0.8211646467632279
0.7137718396711202	0.8214074512123004
0.7132579650565262	0.821301775147929
0.7130010277492291	0.8217352679893396
0.7130010277492291	0.821978672985782
0.7127440904419322	0.821925925925926
0.7124871531346352	0.8218731475992886
0.7122302158273381	0.8218203379780611
0.7122302158273381	0.8220640569395018
0.7122302158273381	0.8223079204983684
0.7119732785200411	0.8222551928783383
0.711459403905447	0.8221496437054632
0.711459403905447	0.8226381461675579
0.71120246659815	0.8225854383358098
0.71120246659815	0.8228299643281808
0.71120246659815	0.8230746357418971
0.71120246659815	0.8233194527067222
0.7109455292908531	0.8232668848556977
0.710688591983556	0.8232142857142857
0.710688591983556	0.8234593629056267
0.710688591983556	0.8237045860631328
0.710431654676259	0.8236520703008638
0.710174717368962	0.8235995232419547
0.709917780061665	0.8235469448584203
0.709917780061665	0.8237924865831843
0.7096608427543679	0.823739934387116
0.7096608427543679	0.8239856801909308
0.7094039054470709	0.8239331542823037
0.7094039054470709	0.8241791044776119
0.7091469681397738	0.8241266049567035
0.7091469681397738	0.8243727598566308
0.7088900308324769	0.8243202868240215
0.7088900308324769	0.824566646742379
0.7086330935251799	0.8245142002989536
0.7083761562178829	0.8244617224880383
0.7083761562178829	0.8247083457971881
0.7081192189105858	0.824655894673848
0.7081192189105858	0.8249027237354085
0.7078622816032888	0.8248502994011976
0.7076053442959918	0.8247978436657682
0.7076053442959918	0.8250449370880767
0.7073484069886947	0.824992508240935
0.7073484069886947	0.8252398081534772
0.7073484069886947	0.8254872563718141
0.7070914696813977	0.8254349130173965
0.7068345323741008	0.8253825382538253
0.7068345323741008	0.8256302521008403
0.7065775950668037	0.8255779045331733
0.7065775950668037	0.8258258258258259
0.7065775950668037	0.8260738960648843
0.7065775950668037	0.8263221153846154
0.7063206577595067	0.8262699128343853
0.7060637204522097	0.8262176788935659
0.7060637204522097	0.8264661654135338
0.7060637204522097	0.8267148014440433
0.7058067831449126	0.8266626542281071
0.7055498458376156	0.8266104756170981
0.7052929085303186	0.8265582655826558
0.7050359712230215	0.8265060240963855
0.7050359712230215	0.8267550467008135
0.7047790339157246	0.8267028330319469
0.7045220966084276	0.826650587880615
0.7045220966084276	0.8268998793727382
0.7045220966084276	0.8271493212669683
0.7042651593011305	0.8270971635485818
0.7042651593011305	0.8273468155750076
0.7042651593011305	0.8275966183574879
0.7042651593011305	0.8278465720326186
0.7042651593011305	0.8280966767371601
0.7040082219938335	0.8280447265034754
0.7037512846865365	0.8279927448609432
0.7037512846865365	0.82824312065316
0.7034943473792394	0.8281911675741077
0.7032374100719424	0.8281391830559758
0.7032374100719424	0.8283898305084746
0.7032374100719424	0.828640629730548
0.7029804727646455	0.8285887341005451
0.7027235354573484	0.8285368070281732
0.7024665981500514	0.8284848484848485
0.7022096608427544	0.8284328584419521
0.7022096608427544	0.8286840509399637
0.7019527235354573	0.8286320897785866
0.7016957862281603	0.8285800970873787
0.7014388489208633	0.8285280728376327
0.7014388489208633	0.8287795992714025
0.7014388489208633	0.8290312784694808
0.7011819116135662	0.8289793438639125
0.7009249743062693	0.8289273776967487
0.7006680369989723	0.8288753799392097
0.7006680369989723	0.8291273943447857
0.7004110996916753	0.8290754257907542
0.7001541623843782	0.8290234256160632
0.7001541623843782	0.8292757151552039
0.7001541623843782	0.8295281582952816
0.6998972250770812	0.8294762484774665
0.6998972250770812	0.8297289064879684
0.6998972250770812	0.829981718464351
0.6996402877697842	0.8299298994209082
0.6993833504624871	0.8298780487804878
0.6993833504624871	0.8301311375419335
0.6991264131551901	0.8300793166564978
0.6991264131551901	0.8303326212999694
0.6988694758478932	0.8302808302808303
0.6986125385405961	0.8302290076335878
0.6983556012332991	0.8301771533292609
0.6980986639260021	0.8301252673388329
0.697841726618705	0.8300733496332519
0.697841726618705	0.8303271170895751
0.697841726618705	0.8305810397553517
0.697841726618705	0.8308351177730193
0.697841726618705	0.8310893512851897
0.697584789311408	0.8310376492194674
0.697584789311408	0.8312921004286589
0.697327852004111	0.8312404287901991
0.697327852004111	0.8314950980392157
0.6970709146968139	0.8314434569414649
0.6970709146968139	0.831698344573881
0.696813977389517	0.8316467341306347
0.696813977389517	0.8319018404907975
0.69655704008222	0.8318502608162013
0.6963001027749229	0.8317986494782075
0.6963001027749229	0.8320540374577833
0.6963001027749229	0.8323095823095823
0.6960431654676259	0.832258064516129
0.6960431654676259	0.8325138291333744
0.6957862281603289	0.8324623424531202
0.6955292908530318	0.8324108241082411
0.6952723535457348	0.832359274069517
0.6950154162384378	0.8323076923076923
0.6947584789311408	0.832256078793475
0.6947584789311408	0.8325123152709359
0.6945015416238438	0.8324607329842932
0.6942446043165468	0.8324091189155884
0.6942446043165468	0.8326656394453005
0.6939876670092497	0.8326140567200987
0.6937307297019527	0.8325624421831638
0.6937307297019527	0.8328192473781616
0.6934737923946557	0.8327676643011416
0.6934737923946557	0.8330246913580247
0.6934737923946557	0.8332818771225687
0.6932168550873586	0.8332303891290921
0.6932168550873586	0.833487797343219
0.6929599177800617	0.8334363411619283
0.6929599177800617	0.833693972179289
0.6929599177800617	0.8339517625231911
0.6927029804727647	0.8339004021033096
0.6924460431654677	0.8338490099009901
0.6921891058581706	0.8337975858867224
0.6921891058581706	0.8340557275541796
0.6919321685508736	0.8340043357076494
0.6919321685508736	0.8342627013630731
0.6916752312435765	0.8342113418035327
0.6916752312435765	0.8344699318040918
0.6916752312435765	0.8347286821705426
0.6914182939362795	0.8346774193548387
0.6914182939362795	0.8349363946633571
0.6911613566289825	0.834885164494103
0.6911613566289825	0.8351443651040049
0.6909044193216856	0.8350931677018634
0.6906474820143885	0.8350419384902144
0.6906474820143885	0.8353014294592915
0.6903905447070915	0.8352502331364625
0.6903905447070915	0.8355099502487562
0.6901336073997945	0.8354587869362364
0.6901336073997945	0.8357187305538271
0.6901336073997945	0.8359788359788359
0.6898766700924974	0.8359277708592777
0.6898766700924974	0.8361881033945812
0.6896197327852004	0.8361370716510903
0.6893627954779034	0.8360860081022126
0.6893627954779034	0.8363466334164589
0.6891058581706063	0.8362956033676333
0.6891058581706063	0.8365564566437929
0.6888489208633094	0.8365054602184088
0.6888489208633094	0.8367665418227216
0.6888489208633094	0.8370277864502029
0.6888489208633094	0.8372891942535915
0.6885919835560124	0.8372383630115589
0.6883350462487153	0.8371875
0.6880781089414183	0.8371366051891216
0.6880781089414183	0.8373983739837398
0.6878211716341213	0.8373475132937128
0.6875642343268242	0.83729662077597
0.6875642343268242	0.8375586854460094
0.6875642343268242	0.8378209142141515
0.6873072970195272	0.837770122142186
0.6870503597122302	0.8377192982456141
0.6870503597122302	0.8379818238796616
0.6867934224049332	0.8379310344827586
0.6867934224049332	0.8381937911571026
0.6867934224049332	0.838456712672522
0.6867934224049332	0.8387197991841857
0.6865364850976362	0.8386691776522285
0.6862795477903392	0.83861852433281
0.6860226104830421	0.8385678391959799
0.6857656731757451	0.8385171222117499
0.6855087358684481	0.8384663733500943
0.6855087358684481	0.8387299591323483
0.6855087358684481	0.8389937106918239
0.685251798561151	0.8389430638565587
0.685251798561151	0.8392070484581498
0.6849948612538541	0.839156436890148
0.6849948612538541	0.8394206549118388
0.6847379239465571	0.8393700787401575
0.68448098663926	0.8393194706994329
0.684224049331963	0.8392688307595335
0.683967112024666	0.8392181588902901
0.683967112024666	0.8394828129927467
0.683710174717369	0.8394321766561514
0.683710174717369	0.8396970653202903
0.683710174717369	0.8399621212121212
0.6834532374100719	0.839911588253868
0.6831963001027749	0.8398610233733418
0.682939362795478	0.8398104265402844
0.682939362795478	0.8400758533501896
0.6826824254881809	0.8400252924438824
0.6824254881808839	0.8399746995572422
0.6824254881808839	0.8402404302435938
0.6824254881808839	0.8405063291139241
0.6821685508735869	0.8404558404558404
0.6819116135662898	0.8404053198226725
0.6816546762589928	0.8403547671840355
0.6813977389516958	0.8403041825095057
0.6813977389516958	0.8405705229793978
0.6813977389516958	0.8408370323398858
0.6811408016443987	0.8407865524896924
0.6808838643371018	0.8407360406091371
0.6808838643371018	0.8410028562361155
0.6806269270298048	0.840952380952381
0.6806269270298048	0.8412194347411877
0.6803699897225077	0.841168996188056
0.6801130524152107	0.8411185255799174
0.6798561151079137	0.8410680228862047
0.6795991778006166	0.8410174880763116
0.6795991778006166	0.8412849872773537
0.6795991778006166	0.8415526566974229
0.6793422404933196	0.841502227880331
0.6790853031860226	0.8414517669531996
0.6790853031860226	0.8417197452229299
0.6788283658787256	0.841669321439949
0.6785714285714286	0.8416188655194391
0.6783144912641316	0.8415683774306663
0.6780575539568345	0.8415178571428571
0.6778006166495375	0.8414673046251994
0.6775436793422405	0.8414167198468411
0.6772867420349434	0.8413661027768912
0.6772867420349434	0.8416347381864623
0.6770298047276464	0.8415841584158416
0.6767728674203495	0.8415335463258786
0.6765159301130524	0.8414829018855865
0.6762589928057554	0.8414322250639387
0.6762589928057554	0.841701311160857
0.6762589928057554	0.8419705694177864
0.6762589928057554	0.84224
0.6760020554984584	0.8421895006402048
0.6757451181911613	0.8421389689401216
0.6757451181911613	0.8424087123638693
0.6757451181911613	0.8426786286446651
0.6754881808838643	0.8426282051282051
0.6752312435765673	0.842577749278615
0.6749743062692704	0.8425272610647851
0.6747173689619733	0.8424767404555662
0.6744604316546763	0.8424261874197689
0.6742034943473793	0.8423756019261637
0.6739465570400822	0.8423249839434811
0.6739465570400822	0.8425955669771924
0.6736896197327852	0.8425449871465296
0.6736896197327852	0.8428158148505304
0.6734326824254881	0.8427652733118971
0.6734326824254881	0.843036346091991
0.6734326824254881	0.8433075933075933
0.6731757451181911	0.843257161248793
0.6729188078108942	0.8432066967160334
0.6729188078108942	0.8434782608695652
0.6726618705035972	0.8434278350515464
0.6726618705035972	0.8436996455043506
0.6724049331963001	0.8436492585428755
0.6721479958890031	0.8435988390841664
0.6718910585817061	0.8435483870967742
0.671634121274409	0.8434979025492094
0.671634121274409	0.8437701743060039
0.671377183967112	0.8437197287697772
0.671120246659815	0.8436692506459949
0.671120246659815	0.8439418416801292
0.670863309352518	0.8438914027149321
0.670606372045221	0.8438409311348206
0.670606372045221	0.8441138421733506
0.670349434737924	0.8440634098997088
0.670349434737924	0.844336569579288
0.6700924974306269	0.8442861767562317
0.6698355601233299	0.8442357512953368
0.6695786228160329	0.844185293164885
0.6693216855087358	0.8441348023331173
0.6690647482014388	0.8440842787682334
0.6690647482014388	0.8443579766536965
0.6688078108941419	0.8443074927019137
0.6688078108941419	0.8445814406229721
0.6688078108941419	0.8448555663745537
0.6685508735868448	0.8448051948051948
0.6685508735868448	0.8450795712893797
0.6682939362795478	0.8450292397660819
0.6682939362795478	0.8453038674033149
0.6680369989722508	0.8452535760728218
0.6677800616649537	0.8452032520325203
0.6675231243576567	0.845152895250488
0.6675231243576567	0.8454279205987634
0.6672661870503597	0.8453776041666666
0.6670092497430626	0.8453272549658092
0.6667523124357657	0.8452768729641694
0.6664953751284687	0.8452264581296839
0.6662384378211716	0.8451760104302477
0.6659815005138746	0.8451255298337137
0.6657245632065776	0.8450750163078931
0.6654676258992805	0.8450244698205547
0.6652106885919835	0.8449738903394256
0.6649537512846866	0.8449232778321907
0.6646968139773896	0.8448726322664925
0.6646968139773896	0.8451486442339105
0.6644398766700925	0.8450980392156863
0.6641829393627955	0.8450474011114744
0.6639260020554985	0.8449967298888162
0.6639260020554985	0.8452731436048413
0.6636690647482014	0.8452225130890052
0.6636690647482014	0.8454991816693944
0.6634121274409044	0.8454485920104781
0.6631551901336074	0.8453979692106125
0.6628982528263104	0.8453473132372215
0.6628982528263104	0.8456243854473943
0.6628982528263104	0.8459016393442623
0.6626413155190134	0.8458510987208921
0.6623843782117164	0.8458005249343832
0.6621274409044193	0.845749917952084
0.6618705035971223	0.8456992777413
0.6616135662898253	0.8456486042692939
0.6616135662898253	0.8459264126149802
0.6616135662898253	0.8462044035491292
0.6616135662898253	0.846482577251808
0.6616135662898253	0.8467609339033213
0.6613566289825282	0.8467105263157895
0.6613566289825282	0.8469891411648569
0.6613566289825282	0.847267939433838
0.6613566289825282	0.8475469213039183
0.6613566289825282	0.8478260869565217
0.6610996916752312	0.8477759472817133
0.6608427543679343	0.8477257745550428
0.6608427543679343	0.8480052753049786
0.6605858170606372	0.8479551451187335
0.6603288797533402	0.8479049818541735
0.6600719424460432	0.8478547854785479
0.6598150051387461	0.8478045559590623
0.6598150051387461	0.8480845442536328
0.6595580678314491	0.8480343574496201
0.6593011305241521	0.8479841374752148
0.659044193216855	0.8479338842975207
0.6587872559095581	0.8478835978835979
0.6585303186022611	0.8478332782004632
0.6585303186022611	0.8481138318994044
0.658273381294964	0.8480635551142006
0.658273381294964	0.8483443708609272
0.658016443987667	0.8482941371315005
0.65775950668037	0.8482438701126573
0.65775950668037	0.8485250248591316
0.65775950668037	0.8488063660477454
0.65775950668037	0.8490878938640133
0.6575025693730729	0.8490378234903783
0.6575025693730729	0.8493196150016594
0.6575025693730729	0.849601593625498
0.6572456320657759	0.8495516439721023
0.656988694758479	0.8495016611295682
0.656731757451182	0.8494516450648056
0.6564748201438849	0.8494015957446809
0.6564748201438849	0.8496840705021617
0.6562178828365879	0.8496340652029275
0.6562178828365879	0.8499168053244592
0.6559609455292909	0.8498668442077231
0.6557040082219938	0.8498168498168498
0.6554470709146968	0.8497668221185876
0.6551901336073997	0.8497167610796401
0.6551901336073997	0.85
0.6551901336073997	0.8502834278092698
0.6549331963001028	0.8502334889926618
0.6546762589928058	0.8501835168501836
0.6546762589928058	0.8504672897196262
0.6546762589928058	0.8507512520868113
0.6546762589928058	0.8510354041416166
0.6546762589928058	0.851319746074173
0.6546762589928058	0.8516042780748663
0.6544193216855088	0.8515546639919759
0.6544193216855088	0.8518394648829432
0.6544193216855088	0.852124456339913
0.6541623843782117	0.8520749665327979
0.6541623843782117	0.8523602276531637
0.6539054470709147	0.8523107836570664
0.6536485097636177	0.8522613065326633
0.6533915724563206	0.8522117962466488
0.6531346351490236	0.8521622527656721
0.6528776978417267	0.852112676056338
0.6528776978417267	0.8523985239852399
0.6526207605344296	0.8523489932885906
0.6523638232271326	0.8522994293387043
0.6521068859198356	0.8522498321020819
0.6521068859198356	0.8525361101780315
0.6518499486125385	0.852486559139785
0.6518499486125385	0.8527731092436974
0.6518499486125385	0.8530598520511096
0.6515930113052415	0.8530104271779347
0.6513360739979445	0.8529609690444145
0.6510791366906474	0.852911477616964
0.6510791366906474	0.8531986531986532
0.6510791366906474	0.8534860222297069
0.6510791366906474	0.8537735849056604
0.6508221993833505	0.8537243006403775
0.6508221993833505	0.8540121375590021
0.6505652620760535	0.8539629005059022
0.6503083247687564	0.8539136302294197
0.6503083247687564	0.854201822477219
0.6500513874614594	0.8541525995948683
0.6497944501541624	0.8541033434650456
0.6497944501541624	0.8543918918918919
0.6495375128468653	0.8543426833389659
0.6492805755395683	0.8542934415145369
0.6492805755395683	0.8545823469732837
0.6490236382322713	0.854533152909337
0.6487667009249743	0.8544839255499154
0.6487667009249743	0.8547731888964116
0.6485097636176773	0.8547240094818829
0.6485097636176773	0.8550135501355014
0.6485097636176773	0.8553032870213487
0.6482528263103803	0.8552542372881355
0.6479958890030832	0.8552051542895897
0.6479958890030832	0.8554952510176391
0.6477389516957862	0.8554462164913471
0.6477389516957862	0.8557365919891378
0.6477389516957862	0.8560271646859083
0.6477389516957862	0.8563179347826086
0.6477389516957862	0.8566089024804621
0.6474820143884892	0.8565601631543168
0.6472250770811921	0.856511390683441
0.6472250770811921	0.8568027210884354
0.6469681397738952	0.8567539979584893
0.6467112024665982	0.8567052416609938
0.6464542651593012	0.8566564521620701
0.6464542651593012	0.8569482288828338
0.6461973278520041	0.8568994889267462
0.6461973278520041	0.8571915473755964
0.6459403905447071	0.8571428571428571
0.6459403905447071	0.8574351978171897
0.64568345323741	0.8573865574889117
0.645426515930113	0.8573378839590444
0.645169578622816	0.8572891771935814
0.6449126413155191	0.85724043715847
0.6449126413155191	0.8575333105568842
0.6449126413155191	0.8578263841421736
0.644655704008222	0.8577777777777778
0.644655704008222	0.8580711354309165
0.644655704008222	0.8583646938077318
0.644398766700925	0.8583162217659137
0.644398766700925	0.8586100650462171
0.644141829393628	0.8585616438356164
0.6438848920863309	0.8585131894484412
0.6438848920863309	0.8588074023303632
0.6436279547790339	0.8587589989715461
0.6436279547790339	0.8590534979423868
0.6433710174717369	0.8590051457975987
0.6433710174717369	0.8592999313658202
0.6433710174717369	0.8595949193271541
0.6431140801644398	0.8595467032967034
0.6431140801644398	0.8598419787014772
0.6431140801644398	0.8601374570446736
0.6431140801644398	0.8604331385355792
0.6428571428571429	0.8603851444291609
0.6426002055498459	0.8603371173030616
0.6426002055498459	0.8606331727460427
0.6423432682425488	0.8605851979345955
0.6423432682425488	0.8608815426997245
0.6423432682425488	0.861178091629349
0.6420863309352518	0.861130254996554
0.6418293936279548	0.8610823853843502
0.6418293936279548	0.8613793103448276
0.6415724563206577	0.8613314936184892
0.6413155190133607	0.8612836438923396
0.6413155190133607	0.8615809458060062
0.6410585817060637	0.8615331491712708
0.6410585817060637	0.8618307426597582
0.6408016443987667	0.861782999308915
0.6405447070914697	0.861735222951953
0.6405447070914697	0.8620331950207469
0.6402877697841727	0.8619854721549637
0.6402877697841727	0.8622837370242215
0.6400308324768756	0.8622360678435445
0.6397738951695786	0.8621883656509696
0.6395169578622816	0.8621406304121926
0.6395169578622816	0.8624393624393625
0.6392600205549845	0.8623916811091854
0.6390030832476875	0.8623439667128987
0.6387461459403906	0.8622962192160943
0.6384892086330936	0.8622484385843164
0.6384892086330936	0.8625477264838598
0.6384892086330936	0.8628472222222222
0.6384892086330936	0.8631469260159778
0.6382322713257965	0.8630993745656707
0.6379753340184995	0.8630517900590893
0.6379753340184995	0.8633518776077886
0.6377183967112025	0.863304347826087
0.6377183967112025	0.8636047320807237
0.6374614594039054	0.8635572572224156
0.6374614594039054	0.8638579387186629
0.6374614594039054	0.864158829676071
0.6372045220966084	0.8641114982578397
0.6369475847893115	0.8640641338445452
0.6366906474820144	0.8640167364016736
0.6364337101747174	0.8639693058946634
0.6361767728674204	0.8639218422889045
0.6361767728674204	0.8642233856893543
0.6361767728674204	0.8645251396648045
0.6359198355601233	0.8644778204680406
0.6356628982528263	0.8644304682040531
0.6354059609455293	0.8643830828381684
0.6354059609455293	0.8646853146853147
0.6354059609455293	0.8649877579573277
0.6351490236382322	0.8649405178446467
0.6351490236382322	0.8652432621631082
0.6351490236382322	0.865546218487395
0.6348920863309353	0.8654991243432575
0.6348920863309353	0.8658023826208829
0.6346351490236383	0.8657553452506134
0.6343782117163412	0.8657082748948106
0.6341212744090442	0.8656611715187653
0.6338643371017472	0.8656140350877193
0.6338643371017472	0.8659178659178659
0.6338643371017472	0.8662219101123596
0.6338643371017472	0.8665261678960309
0.6338643371017472	0.8668306394940267
0.6338643371017472	0.8671353251318102
0.6338643371017472	0.8674402250351617
0.6336073997944501	0.8673935983116426
0.6336073997944501	0.8676988036593948
0.6336073997944501	0.8680042238648363
0.6333504624871531	0.8679577464788732
0.6333504624871531	0.8682634730538922
0.6333504624871531	0.868569415081043
0.6333504624871531	0.8688755727881565
0.6333504624871531	0.8691819464033851
0.6330935251798561	0.8691358024691358
0.6330935251798561	0.8694424841213833
0.6328365878725591	0.8693963995764208
0.6328365878725591	0.8697033898305084
0.6325796505652621	0.8696573648887319
0.6325796505652621	0.8699646643109541
0.6325796505652621	0.8702721809826794
0.6323227132579651	0.8702263083451203
0.632065775950668	0.8701804032543332
0.631808838643371	0.8701344656758669
0.631808838643371	0.8704424778761062
0.631808838643371	0.8707507082152974
0.631808838643371	0.8710591569252568
0.631551901336074	0.8710134656272147
0.6312949640287769	0.8709677419354839
0.6310380267214799	0.8709219858156029
0.630781089414183	0.8708761972330614
0.630781089414183	0.8711852377572746
0.630524152106886	0.8711395101171459
0.6302672147995889	0.87109375
0.6300102774922919	0.8710479573712255
0.6300102774922919	0.8713574982231699
0.6297533401849948	0.8713117667970138
0.6294964028776978	0.8712660028449503
0.6292394655704008	0.871220206332266
0.6292394655704008	0.8715302491103203
0.6292394655704008	0.8718405126379495
0.6289825282631039	0.8717948717948718
0.6287255909558068	0.8717491984324902
0.6284686536485098	0.8717034925160371
0.6282117163412128	0.8716577540106952
0.6282117163412128	0.8719686162624821
0.6282117163412128	0.8722797003210846
0.6279547790339157	0.8722341184867951
0.6279547790339157	0.8725455194573367
0.6276978417266187	0.8725
0.6274409044193217	0.872454448017149
0.6274409044193217	0.8727662616154396
0.6271839671120246	0.8727207722559885
0.6271839671120246	0.873032904148784
0.6269270298047277	0.8729874776386404
0.6269270298047277	0.8732999284180386
0.6269270298047277	0.8736126029359113
0.6266700924974307	0.873567335243553
0.6264131551901336	0.8735220351128627
0.6261562178828366	0.8734767025089606
0.6258992805755396	0.8734313373969165
0.6256423432682425	0.8733859397417504
0.6253854059609455	0.873340509508432
0.6251284686536485	0.8732950466618808
0.6248715313463515	0.8732495511669659
0.6246145940390545	0.8732040229885057
0.6246145940390545	0.8735177865612648
0.6246145940390545	0.8738317757009346
0.6243576567317575	0.8737864077669902
0.6241007194244604	0.8737410071942446
0.6241007194244604	0.8740554156171285
0.6238437821171634	0.8740100791936645
0.6238437821171634	0.8743248109470652
0.6235868448098664	0.8742795389048992
0.6235868448098664	0.8745945945945945
0.6235868448098664	0.8749098774333093
0.6233299075025693	0.8748647673999279
0.6230729701952723	0.8748196248196248
0.6228160328879754	0.8747744496571634
0.6225590955806783	0.8747292418772563
0.6223021582733813	0.8746840014445648
0.6220452209660843	0.8746387283236994
0.6220452209660843	0.8749548247199133
0.6220452209660843	0.8752711496746204
0.6217882836587872	0.8752260397830018
0.6217882836587872	0.8755426917510853
0.6217882836587872	0.8758595729279768
0.6215313463514902	0.8758146270818248
0.6212744090441932	0.8757696486780152
0.6212744090441932	0.8760869565217392
0.6210174717368961	0.8760420442189198
0.6210174717368961	0.8763596809282088
0.6210174717368961	0.876677548059485
0.6207605344295992	0.8766328011611031
0.6207605344295992	0.876950998185118
0.6207605344295992	0.8772694262890341
0.6205035971223022	0.8772248456229568
0.6202466598150052	0.8771802325581395
0.6199897225077081	0.8771355870592512
0.6197327852004111	0.8770909090909091
0.619475847893114	0.8770461986176792
0.619218910585817	0.8770014556040757
0.6189619732785201	0.8769566800145613
0.6189619732785201	0.8772760378732702
0.6189619732785201	0.8775956284153006
0.6189619732785201	0.8779154518950437
0.6187050359712231	0.8778709442216551
0.6187050359712231	0.8781911013858498
0.618448098663926	0.878146661802262
0.618191161356629	0.878102189781022
0.617934224049332	0.878057685286601
0.6176772867420349	0.8780131482834186
0.6176772867420349	0.8783339422725612
0.6174203494347379	0.8782894736842105
0.6174203494347379	0.8786106032906764
0.6171634121274409	0.8785662033650329
0.6169064748201439	0.8785217709476766
0.6169064748201439	0.8788433382137628
0.6166495375128469	0.8787989747345295
0.6163926002055499	0.8787545787545787
0.6161356628982528	0.8787101502381824
0.6158787255909558	0.8786656891495601
0.6156217882836588	0.8786211954528786
0.6156217882836588	0.8789435069699193
0.6153648509763617	0.8788990825688073
0.6153648509763617	0.8792217327459618
0.6153648509763617	0.879544619904517
0.6151079136690647	0.8795003673769287
0.6148509763617678	0.8794560823226755
0.6145940390544707	0.8794117647058823
0.6145940390544707	0.879735196763516
0.6145940390544707	0.8800588668138337
0.6143371017471737	0.8800147221199853
0.6140801644398767	0.8799705449189985
0.6140801644398767	0.8802946593001841
0.6138232271325796	0.8802505526897568
0.6135662898252826	0.88020641356432
0.6133093525179856	0.8801622418879056
0.6130524152106885	0.8801180376244928
0.6130524152106885	0.8804428044280442
0.6127954779033916	0.8803986710963455
0.6125385405960946	0.880354505169867
0.6125385405960946	0.8806797192463982
0.6122816032887975	0.8806356245380635
0.6120246659815005	0.8805914972273567
0.6117677286742035	0.8805473372781065
0.6117677286742035	0.8808731039585646
0.6115107913669064	0.8808290155440415
0.6115107913669064	0.8811551277304702
0.6112538540596094	0.8811111111111111
0.6109969167523125	0.8810670618747685
0.6109969167523125	0.8813936249073387
0.6109969167523125	0.8817204301075269
0.6107399794450155	0.8816765578635015
0.6104830421377184	0.8816326530612245
0.6104830421377184	0.8819599109131403
0.6102261048304214	0.8819160787226142
0.6102261048304214	0.8822436849925706
0.6099691675231244	0.8821999256781865
0.6097122302158273	0.8821561338289963
0.6094552929085303	0.8821123094087021
0.6094552929085303	0.8824404761904762
0.6094552929085303	0.8827688872348344
0.6091983556012333	0.8827252419955324
0.6091983556012333	0.8830540037243948
0.6089414182939363	0.88301043219076
0.6086844809866393	0.8829668281774133
0.6084275436793423	0.8829231916480239
0.6081706063720452	0.8828795225662066
0.6079136690647482	0.8828358208955224
0.6079136690647482	0.8831653602090332
0.6079136690647482	0.883495145631068
0.6076567317574512	0.883451624953306
0.6076567317574512	0.8837817638266069
0.6076567317574512	0.8841121495327103
0.6076567317574512	0.8844427823485415
0.6073997944501541	0.8843995510662177
0.6071428571428571	0.8843562874251497
0.6071428571428571	0.8846873830026207
0.6068859198355602	0.8846441947565543
0.6066289825282631	0.8846009741476208
0.6066289825282631	0.8849325337331334
0.6063720452209661	0.8848893888263967
0.6061151079136691	0.8848462115528882
0.6061151079136691	0.8851782363977486
0.605858170606372	0.8851351351351351
0.605601233299075	0.8850920015020654
0.605344295991778	0.8850488354620586
0.6050873586844809	0.8850056369785795
0.6050873586844809	0.8853383458646616
0.604830421377184	0.8852952237683339
0.604830421377184	0.8856282919488337
0.604830421377184	0.8859616108392925
0.604573484069887	0.8859186746987951
0.60431654676259	0.8858757062146893
0.60431654676259	0.8862094951017332
0.6040596094552929	0.8861666038447041
0.6040596094552929	0.8865007541478129
0.6038026721479959	0.8864579403998492
0.6038026721479959	0.8867924528301887
0.6038026721479959	0.8871272178180446
0.6035457348406988	0.8870845921450151
0.6035457348406988	0.8874197204382319
0.6032887975334018	0.8873771730914588
0.6030318602261048	0.8873345935727788
0.6030318602261048	0.8876701966717095
0.6030318602261048	0.8880060537268256
0.6027749229188079	0.8879636638909917
0.6027749229188079	0.8882998864066641
0.6025179856115108	0.8882575757575758
0.6025179856115108	0.8885941644562334
0.6022610483042138	0.88855193328279
0.6020041109969168	0.888509670079636
0.6020041109969168	0.8888467374810318
0.6017471736896197	0.8888045540796964
0.6014902363823227	0.8887623386484435
0.6012332990750257	0.8887200911507785
0.6012332990750257	0.8890577507598785
0.6009763617677287	0.8890155834283542
0.6007194244604317	0.8889733840304183
0.6007194244604317	0.8893115252947889
0.6004624871531347	0.889269406392694
0.6004624871531347	0.8896079177769318
0.6002055498458376	0.8895658796648895
0.6002055498458376	0.8899047619047619
0.6002055498458376	0.8902439024390244
0.6002055498458376	0.8905833015630957
0.6002055498458376	0.8909229595728452
0.6002055498458376	0.8912628767645937
0.5999486125385406	0.8912213740458015
0.5999486125385406	0.8915616647575411
0.5996916752312436	0.891520244461421
0.5994347379239465	0.8914787925105082
0.5991778006166495	0.8914373088685015
0.5991778006166495	0.8917782026768643
0.5989208633093526	0.8917368018362662
0.5989208633093526	0.8920780711825488
0.5986639260020555	0.8920367534456355
0.5984069886947585	0.8919954040597472
0.5981500513874615	0.8919540229885058
0.5981500513874615	0.8922958988118053
0.5978931140801644	0.8922546012269938
0.5976361767728674	0.8922132719601074
0.5973792394655704	0.8921719109746739
0.5973792394655704	0.8925143953934741
0.5971223021582733	0.8924731182795699
0.5971223021582733	0.8928159815597387
0.5968653648509764	0.8927747886241353
0.5966084275436794	0.8927335640138409
0.5966084275436794	0.8930769230769231
0.5963514902363823	0.893035782993459
0.5960945529290853	0.8929946112394149
0.5958376156217883	0.8929534077782056
0.5955806783144912	0.8929121725731896
0.5955806783144912	0.8932562620423892
0.5955806783144912	0.8936006168080185
0.5953237410071942	0.8935595834940223
0.5953237410071942	0.8939043209876543
0.5950668036998972	0.8938633732149749
0.5950668036998972	0.8942084942084942
0.5948098663926003	0.8941676322904596
0.5948098663926003	0.8945131375579598
0.5948098663926003	0.8948589099342869
0.5948098663926003	0.8952049497293116
0.5945529290853032	0.895164410058027
0.5942959917780062	0.8951238390092879
0.5942959917780062	0.8954703832752613
0.5940390544707091	0.895429899302866
0.5937821171634121	0.8953893839597056
0.5935251798561151	0.8953488372093024
0.5935251798561151	0.8956960062039551
0.5935251798561151	0.8960434445306439
0.593268242548818	0.8960031043849437
0.593011305241521	0.8959627329192547
0.5927543679342241	0.8959223300970873
0.5924974306269271	0.8958818958818959
0.5924974306269271	0.8962300816167897
0.59224049331963	0.8961897356143079
0.59224049331963	0.8965383119408791
0.591983556012333	0.8964980544747082
0.591726618705036	0.896457765667575
0.5914696813977389	0.8964174454828661
0.5912127440904419	0.8963770938839112
0.5912127440904419	0.896726422447389
0.5912127440904419	0.8970760233918129
0.590955806783145	0.8970358814352574
0.5906988694758479	0.8969957081545065
0.5906988694758479	0.8973458235753318
0.5904419321685509	0.8973057399453338
0.5904419321685509	0.89765625
0.5904419321685509	0.8980070339976554
0.5901849948612539	0.8979671618451915
0.5899280575539568	0.8979272585060618
0.5899280575539568	0.8982785602503912
0.5899280575539568	0.8986301369863013
0.5899280575539568	0.898981989036805
0.5899280575539568	0.8993341167254211
0.5899280575539568	0.8996865203761756
0.5896711202466598	0.8996471971775775
0.5896711202466598	0.9
0.5894141829393628	0.8999607689289918
0.5891572456320657	0.8999215070643642
0.5889003083247688	0.8998822143698468
0.5889003083247688	0.9002356637863315
0.5886433710174718	0.900196463654224
0.5886433710174718	0.9005503144654088
0.5883864337101747	0.9005112072355486
0.5883864337101747	0.9008654602675059
0.5881294964028777	0.9008264462809917
0.5881294964028777	0.9011811023622047
0.5878725590955807	0.9011421819614022
0.5878725590955807	0.9014972419227738
0.5876156217882836	0.9014584154513204
0.5873586844809866	0.9014195583596214
0.5871017471736896	0.9013806706114399
0.5871017471736896	0.9017363851617995
0.5868448098663926	0.9016975917883933
0.5868448098663926	0.9020537124802528
0.5865878725590956	0.9020150138285262
0.5863309352517986	0.9019762845849802
0.5863309352517986	0.9023329379201266
0.5863309352517986	0.9026898734177216
0.5863309352517986	0.9030470914127424
0.5860739979445015	0.9030087094220111
0.5858170606372045	0.902970297029703
0.5855601233299075	0.902931854199683
0.5853031860226104	0.902893380895759
0.5853031860226104	0.9032513877874703
0.5850462487153134	0.9032130107100357
0.5850462487153134	0.9035714285714286
0.5850462487153134	0.9039301310043668
0.5847893114080165	0.9038919777601271
0.5845323741007195	0.9038537941994438
0.5842754367934224	0.9038155802861685
0.5840184994861254	0.9037773359840954
0.5840184994861254	0.9041368337311058
0.5837615621788284	0.9040986868284918
0.5835046248715313	0.9040605095541401
0.5832476875642343	0.9040223018717642
0.5832476875642343	0.9043824701195219
0.5829907502569374	0.9043443603029095
0.5827338129496403	0.9043062200956937
0.5824768756423433	0.9042680494615077
0.5824768756423433	0.9046288906624103
0.5824768756423433	0.9049900199600799
0.5824768756423433	0.9053514376996805
0.5822199383350463	0.905313623651618
0.5822199383350463	0.9056754596322941
0.5819630010277492	0.9056377449020392
0.5817060637204522	0.9056
0.5817060637204522	0.9059623849539816
0.5814491264131552	0.9059247397918335
0.5811921891058581	0.9058870644773729
0.5811921891058581	0.90625
0.5809352517985612	0.9062124248496994
0.5806783144912642	0.9061748195669607
0.5806783144912642	0.9065383072603289
0.5806783144912642	0.9069020866773676
0.5804213771839671	0.90686471296668
0.5801644398766701	0.9068273092369478
0.5801644398766701	0.907191643230213
0.5799075025693731	0.9071543408360129
0.579650565262076	0.9071170084439083
0.579393627954779	0.9070796460176991
0.579136690647482	0.9070422535211268
0.579136690647482	0.9074074074074074
0.578879753340185	0.9073701167942005
0.578879753340185	0.9077356970185334
0.578879753340185	0.9081015719467956
0.578622816032888	0.9080645161290323
0.578622816032888	0.9084308188785801
0.578622816032888	0.9087974172719936
0.578622816032888	0.9091643116673396
0.578622816032888	0.9095315024232633
0.578365878725591	0.9094949494949495
0.578365878725591	0.9098625707356508
0.5781089414182939	0.9098261221188839
0.5781089414182939	0.9101941747572816
0.5778520041109969	0.9101578308377175
0.5775950668036999	0.9101214574898785
0.5775950668036999	0.9104900769542325
0.5775950668036999	0.9108589951377634
0.5773381294964028	0.9108228617754357
0.5770811921891058	0.910786699107867
0.5768242548818089	0.9107505070993914
0.5768242548818089	0.9111201298701299
0.5768242548818089	0.9114900527811611
0.5765673175745119	0.9114541023558083
0.5765673175745119	0.9118244616009752
0.5765673175745119	0.9121951219512195
0.5763103802672148	0.9121594143960959
0.5763103802672148	0.9125305126118796
0.5760534429599178	0.9124949124949125
0.5757965056526207	0.9124592833876222
0.5757965056526207	0.9128309572301425
0.5755395683453237	0.9127954360228199
0.5752826310380267	0.9127598858540562
0.5752826310380267	0.9131321370309952
0.5750256937307296	0.9130966952264382
0.5747687564234327	0.9130612244897959
0.5745118191161357	0.9130257247856268
0.5742548818088387	0.9129901960784313
0.5739979445015416	0.9129546383326522
0.5739979445015416	0.9133278822567457
0.5739979445015416	0.9137014314928426
0.5737410071942446	0.9136661211129297
0.5737410071942446	0.9140401146131805
0.5737410071942446	0.9144144144144144
0.5737410071942446	0.9147890208930766
0.5734840698869476	0.9147540983606557
0.5734840698869476	0.915129151291513
0.5732271325796505	0.9150943396226415
0.5732271325796505	0.9154698399671728
0.5729701952723536	0.9154351395730707
0.5727132579650566	0.915400410677618
0.5724563206577595	0.9153656532456861
0.5724563206577595	0.9157418824496506
0.5721993833504625	0.9157072368421053
0.5721993833504625	0.916083916083916
0.5719424460431655	0.9160493827160494
0.5719424460431655	0.9164265129682997
0.5719424460431655	0.9168039538714992
0.5716855087358684	0.9167696744952616
0.5716855087358684	0.9171475680131904
0.5714285714285714	0.9171134020618557
0.5714285714285714	0.9174917491749175
0.5711716341212744	0.9174576970697482
0.5709146968139774	0.9174236168455822
0.5709146968139774	0.9178025609252375
0.5706577595066804	0.9177685950413224
0.5704008221993834	0.9177346010748243
0.5704008221993834	0.9181141439205955
0.5704008221993834	0.9184940008274721
0.5701438848920863	0.9184602649006622
0.5698869475847893	0.9184265010351967
0.5696300102774923	0.9183927091963546
0.5696300102774923	0.918773311230833
0.5696300102774923	0.9191542288557214
0.5696300102774923	0.919535462463708
0.5693730729701952	0.9195020746887966
0.5691161356628982	0.9194686591946866
0.5688591983556013	0.9194352159468439
0.5686022610483042	0.9194017449106772
0.5686022610483042	0.9197838736492103
0.5683453237410072	0.9197505197505198
0.5683453237410072	0.9201331114808652
0.5680883864337102	0.920099875156055
0.5680883864337102	0.9204829308909243
0.5680883864337102	0.9208663057059558
0.5680883864337102	0.92125
0.5680883864337102	0.921634014172572
0.5678314491264131	0.9216013344453712
0.5675745118191161	0.9215686274509803
0.5675745118191161	0.9219532554257095
0.5675745118191161	0.9223382045929018
0.5675745118191161	0.9227234753550543
0.5673175745118191	0.9226911826159633
0.5673175745118191	0.9230769230769231
0.567060637204522	0.9230447511501464
0.5668036998972251	0.9230125523012552
0.5668036998972251	0.9233989116785266
0.5668036998972251	0.923785594639866
0.5665467625899281	0.9237536656891495
0.566289825282631	0.9237217099748533
0.566289825282631	0.9241090146750525
0.566032887975334	0.9240771812080537
0.566032887975334	0.9244649601342845
0.565775950668037	0.924433249370277
0.565775950668037	0.9248215035699286
0.565775950668037	0.9252100840336135
0.56551901336074	0.9251786464901219
0.56551901336074	0.9255677039529016
0.5652620760534429	0.9255363904080774
0.5650051387461459	0.9255050505050505
0.564748201438849	0.9254736842105263
0.5644912641315519	0.9254422914911542
0.5642343268242549	0.9254108723135271
0.5642343268242549	0.9258010118043845
0.5639773895169579	0.9257697174188106
0.5637204522096608	0.9257383966244725
0.5634635149023638	0.9257070493879274
0.5632065775950668	0.9256756756756757
0.5632065775950668	0.9260667511618081
0.5629496402877698	0.9260355029585798
0.5626927029804728	0.9260042283298098
0.5624357656731758	0.9259729272419628
0.5621788283658787	0.9259415996614473
0.5619218910585817	0.9259102455546148
0.5619218910585817	0.9263024142312579
0.5616649537512847	0.926271186440678
0.5614080164439876	0.9262399321746503
0.5611510791366906	0.926208651399491
0.5608941418293937	0.9261773440814595
0.5608941418293937	0.9265704584040747
0.5608941418293937	0.926963906581741
0.5606372045220966	0.9269328802039083
0.5603802672147996	0.9269018274543136
0.5603802672147996	0.9272959183673469
0.5603802672147996	0.9276903445342407
0.5603802672147996	0.9280851063829787
0.5601233299075026	0.9280544912728821
0.5601233299075026	0.9284497444633731
0.5598663926002055	0.9284192586280358
0.5598663926002055	0.9288150042625746
0.5596094552929085	0.9287846481876333
0.5593525179856115	0.9287542662116041
0.5593525179856115	0.9291506615450278
0.5593525179856115	0.9295473953885568
0.5593525179856115	0.9299444681759932
0.5590955806783144	0.9299145299145299
0.5590955806783144	0.9303120991876871
0.5588386433710175	0.9302822925577416
0.5588386433710175	0.9306803594351734
0.5585817060637205	0.9306506849315068
0.5585817060637205	0.9310492505353319
0.5583247687564235	0.9310197086546701
0.5580678314491264	0.9309901414487785
0.5578108941418294	0.9309605488850772
0.5575539568345323	0.9309309309309309
0.5575539568345323	0.9313304721030042
0.5575539568345323	0.9317303563761271
0.5572970195272353	0.9317010309278351
0.5572970195272353	0.9321014181349377
0.5570400822199383	0.9320722269991402
0.5570400822199383	0.9324731182795699
0.5570400822199383	0.9328743545611016
0.5567831449126414	0.9328454584588893
0.5565262076053443	0.9328165374677002
0.5562692702980473	0.9327875915553641
0.5560123329907503	0.9327586206896552
0.5560123329907503	0.933160845191893
0.5557553956834532	0.9331320103537533
0.5554984583761562	0.9331031506258093
0.5552415210688592	0.9330742659758203
0.5552415210688592	0.9334773218142549
0.5552415210688592	0.9338807260155575
0.5549845837615622	0.933852140077821
0.5549845837615622	0.9342560553633218
0.5549845837615622	0.9346603202077023
0.5547276464542652	0.9346320346320346
0.5547276464542652	0.935036812472932
0.5544707091469682	0.9350086655112652
0.5542137718396711	0.9349804941482445
0.5539568345323741	0.9349522983521249
0.5536998972250771	0.9349240780911063
0.55344295991778	0.9348958333333334
0.553186022610483	0.9348675640468953
0.5529290853031861	0.9348392701998263
0.552672147995889	0.9348109517601043
0.552672147995889	0.9352173913043478
0.552415210688592	0.9351892127011744
0.552415210688592	0.9355961705831157
0.552415210688592	0.936003482803657
0.552415210688592	0.936411149825784
0.552158273381295	0.9363834422657952
0.552158273381295	0.9367916303400174
0.5519013360739979	0.9367640645442652
0.5519013360739979	0.9375818419903972
0.5519013360739979	0.9379912663755459
0.5516443987667009	0.9379641764962866
0.5516443987667009	0.9383741258741258
0.5516443987667009	0.9387844337560123
0.5516443987667009	0.9391951006124234
0.5513874614594039	0.9391684901531728
0.5513874614594039	0.9395796847635727
0.5511305241521068	0.9395532194480947
0.5508735868448099	0.9395267309377738
0.5508735868448099	0.9399386234107847
0.5506166495375129	0.9399122807017544
0.5506166495375129	0.9403247038174638
0.5503597122302158	0.9402985074626866
0.5503597122302158	0.9407114624505929
0.5503597122302158	0.9411247803163445
0.5503597122302158	0.9415384615384615
0.5501027749229188	0.9415127528583993
0.5498458376156218	0.9414870215574132
0.5498458376156218	0.9419014084507042
0.5495889003083247	0.9418758256274768
0.5493319630010277	0.9418502202643172
0.5493319630010277	0.9422653151167916
0.5490750256937307	0.9422398589065256
0.5488180883864338	0.9422143802382003
0.5485611510791367	0.9421888790820829
0.5485611510791367	0.9426048565121413
0.5485611510791367	0.9430212014134276
0.5483042137718397	0.9429960229783473
0.5483042137718397	0.9434129089301503
0.5483042137718397	0.9438301636444051
0.5483042137718397	0.9442477876106194
0.5480472764645427	0.9442231075697212
0.5480472764645427	0.9446412754650133
0.5477903391572456	0.9446167478954364
0.5475334018499486	0.9445921985815603
0.5475334018499486	0.9450110864745012
0.5472764645426516	0.9449866903283053
0.5470195272353545	0.9449622725255216
0.5470195272353545	0.9453818827708703
0.5470195272353545	0.9458018658374056
0.5470195272353545	0.9462222222222222
0.5467625899280576	0.9461983103601601
0.5467625899280576	0.9466192170818505
0.5467625899280576	0.9470404984423676
0.5467625899280576	0.9474621549421193
0.5465056526207606	0.9474387527839644
0.5462487153134635	0.9474153297682709
0.5459917780061665	0.9473918858671422
0.5459917780061665	0.947814451382694
0.5457348406988695	0.9477911646586346
0.5454779033915724	0.9477678571428572
0.5452209660842754	0.9477445288075034
0.5452209660842754	0.9481680071492404
0.5449640287769785	0.9481448368350469
0.5447070914696814	0.9481216457960644
0.5444501541623844	0.9480984340044742
0.5444501541623844	0.9485228290062668
0.5441932168550874	0.948499776085983
0.5439362795477903	0.9484767025089605
0.5436793422404933	0.9484536082474226
0.5434224049331963	0.9484304932735426
0.5431654676258992	0.9484073575594437
0.5431654676258992	0.9488330341113106
0.5429085303186023	0.9488100583744948
0.5426515930113053	0.9487870619946092
0.5426515930113053	0.9492134831460675
0.5423946557040082	0.9491906474820144
0.5421377183967112	0.9491677912730544
0.5418807810894142	0.9491449144914491
0.5418807810894142	0.9495722647456101
0.5416238437821171	0.9495495495495495
0.5413669064748201	0.9495268138801262
0.5411099691675231	0.9495040577096483
0.5408530318602262	0.9494812810103744
0.5408530318602262	0.9499097472924187
0.5408530318602262	0.9503386004514672
0.5408530318602262	0.9507678410117435
0.5405960945529291	0.9507455942159964
0.5403391572456321	0.9507233273056058
0.540082219938335	0.9507010402532791
0.539825282631038	0.9506787330316742
0.539568345323741	0.9506564056133997
0.539568345323741	0.9510869565217391
0.539568345323741	0.9515178975985501
0.539568345323741	0.9519492293744334
0.539568345323741	0.9523809523809523
0.539311408016444	0.9523593466424682
0.539311408016444	0.952791647753064
0.5390544707091469	0.9527702089009991
0.53879753340185	0.9527487505679236
0.538540596094553	0.9527272727272728
0.5382836587872559	0.952705775352433
0.5380267214799589	0.9526842584167425
0.5377697841726619	0.9526627218934911
0.5375128468653648	0.9526411657559198
0.5372559095580678	0.952619589977221
0.5369989722507709	0.9525979945305378
0.5369989722507709	0.9530323757409941
0.5367420349434738	0.9530109489051095
0.5364850976361768	0.9529895025102693
0.5362281603288798	0.9529680365296803
0.5359712230215827	0.9529465509365007
0.5359712230215827	0.953382084095064
0.5357142857142857	0.953360768175583
0.5354573484069887	0.9533394327538883
0.5352004110996916	0.9533180778032037
0.5352004110996916	0.9537545787545788
0.5349434737923947	0.9537333944113605
0.5349434737923947	0.9541704857928506
0.5346865364850977	0.9541494727189362
0.5344295991778006	0.9541284403669725
0.5341726618705036	0.9541073887104177
0.5339157245632066	0.9540863177226814
0.5336587872559095	0.9540652273771245
0.5336587872559095	0.9545036764705882
0.5334018499486125	0.9544827586206897
0.5331449126413155	0.9544618215271389
0.5331449126413155	0.9549010584445468
0.5328879753340185	0.9548802946593001
0.5326310380267215	0.9548595117457392
0.5323741007194245	0.9548387096774194
0.5321171634121274	0.954817888427847
0.5318602261048304	0.9547970479704797
0.5316032887975334	0.9547761882787263
0.5313463514902363	0.9547553093259464
0.5310894141829393	0.9547344110854503
0.5308324768756424	0.9547134935304991
0.5305755395683454	0.9546925566343042
0.5303186022610483	0.9546716003700277
0.5300616649537513	0.954650624710782
0.5298047276464543	0.9546296296296296
0.5298047276464543	0.9550717924965262
0.5295477903391572	0.9550509731232623
0.5292908530318602	0.9550301344459898
0.5290339157245632	0.9550092764378478
0.5290339157245632	0.9554524361948956
0.5287769784172662	0.9554317548746518
0.5285200411099692	0.9554110543427775
0.5282631038026722	0.9553903345724907
0.5280061664953751	0.9553695955369595
0.5277492291880781	0.9553488372093023
0.5274922918807811	0.9553280595625873
0.5274922918807811	0.9557728119180633
0.527235354573484	0.9557522123893806
0.527235354573484	0.9561975768872321
0.5269784172661871	0.9561771561771562
0.5269784172661871	0.9566231343283582
0.5267214799588901	0.9566028931404573
0.526464542651593	0.9565826330532213
0.526207605344296	0.9565623540401681
0.525950668036999	0.9565420560747664
0.5256937307297019	0.9565217391304348
0.5256937307297019	0.9569691300280636
0.5254367934224049	0.9569489939167056
0.5254367934224049	0.9573970037453183
0.5251798561151079	0.9573770491803278
0.524922918807811	0.957357075913777
0.5246659815005139	0.9573370839193625
0.5244090441932169	0.9573170731707317
0.5241521068859198	0.9572970436414828
0.5238951695786228	0.9572769953051643
0.5236382322713258	0.9572569281352747
0.5236382322713258	0.9577067669172933
0.5233812949640287	0.9576868829337094
0.5231243576567317	0.9576669802445907
0.5228674203494348	0.9576470588235294
0.5228674203494348	0.9580979284369114
0.5226104830421378	0.958078191238813
0.5223535457348407	0.9580584354382657
0.5220966084275437	0.9580386610089581
0.5218396711202467	0.9580188679245283
0.5218396711202467	0.9584709768758849
0.5218396711202467	0.9589235127478754
0.5215827338129496	0.958904109589041
0.5213257965056526	0.9588846880907372
0.5213257965056526	0.9593380614657211
0.5210688591983555	0.9593188268684958
0.5210688591983555	0.9597728348319924
0.5208119218910586	0.9597537878787878
0.5205549845837616	0.9597347228801516
0.5202980472764646	0.9597156398104265
0.5200411099691675	0.959696538643907
0.5197841726618705	0.9596774193548387
0.5195272353545735	0.9596582819174181
0.5192702980472764	0.959639126305793
0.5190133607399794	0.9596199524940617
0.5187564234326825	0.9596007604562737
0.5184994861253854	0.9595815501664289
0.5184994861253854	0.9600380589914367
0.5184994861253854	0.9604950023798191
0.5182425488180884	0.9604761904761905
0.5179856115107914	0.9604573606479276
0.5179856115107914	0.9609151572926596
0.5177286742034943	0.960896518836433
0.5174717368961973	0.9608778625954199
0.5172147995889003	0.9608591885441528
0.5169578622816033	0.9608404966571156
0.5167009249743063	0.9608217869087434
0.5164439876670093	0.9608030592734226
0.5161870503597122	0.9607843137254902
0.5159301130524152	0.9607655502392345
0.5156731757451182	0.9607467687888942
0.5154162384378211	0.960727969348659
0.5151593011305241	0.9607091518926689
0.5149023638232272	0.9606903163950143
0.5146454265159301	0.9606714628297363
0.5146454265159301	0.9611324376199616
0.5143884892086331	0.9611137782045127
0.5143884892086331	0.9615754082612872
0.5141315519013361	0.9615569437770303
0.513874614594039	0.9615384615384616
0.513617677286742	0.9615199615199616
0.513360739979445	0.9615014436958614
0.513103802672148	0.9614829080404429
0.512846865364851	0.9614643545279383
0.512589928057554	0.9614457831325302
0.512589928057554	0.9619093539054966
0.512332990750257	0.9618909792571153
0.5120760534429599	0.9618725868725869
0.5118191161356629	0.9618541767262192
0.5115621788283659	0.9618357487922705
0.5113052415210688	0.9618173030449493
0.5110483042137718	0.9617988394584139
0.5107913669064749	0.9617803580067731
0.5105344295991778	0.9617618586640851
0.5102774922918808	0.9617433414043584
0.5100205549845838	0.9617248062015504
0.5097636176772867	0.9617062530295686
0.5095066803699897	0.9616876818622696
0.5092497430626927	0.9616690926734595
0.5089928057553957	0.9616504854368932
0.5087358684480987	0.9616318601262749
0.5087358684480987	0.9620991253644315
0.5084789311408017	0.9620807000486145
0.5084789311408017	0.9625486381322957
0.5082219938335046	0.9625304136253041
0.5079650565262076	0.9625121713729309
0.5079650565262076	0.9629810034096444
0.5077081192189106	0.9629629629629629
0.5074511819116135	0.9629449049244271
0.5071942446043165	0.9629268292682926
0.5069373072970196	0.9629087359687653
0.5066803699897225	0.962890625
0.5064234326824255	0.9628724963361016
0.5061664953751285	0.9628543499511242
0.5059095580678314	0.9628361858190709
0.5056526207605344	0.9628180039138943
0.5053956834532374	0.9627998042094958
0.5053956834532374	0.9632713026444663
0.5053956834532374	0.9637432631063204
0.5051387461459403	0.9637254901960784
0.5048818088386434	0.9637076998528691
0.5046248715313464	0.9636898920510304
0.5043679342240494	0.9636720667648503
0.5041109969167523	0.9636542239685658
0.5038540596094553	0.9636363636363636
0.5035971223021583	0.9636184857423795
0.5035971223021583	0.9640924741760944
0.5033401849948612	0.9640748031496063
0.5030832476875642	0.9640571147218119
0.5028263103802673	0.9640394088669951
0.5025693730729702	0.9640216855593888
0.5023124357656732	0.9640039447731755
0.5020554984583762	0.9639861864824865
0.5017985611510791	0.9639684106614018
0.5015416238437821	0.9639506172839506
0.5012846865364851	0.9639328063241107
0.501027749229188	0.9639149777558083
0.5007708119218911	0.9638971315529179
0.5007708119218911	0.9643740722414647
0.5005138746145941	0.9643564356435643
0.500256937307297	0.9643387815750372
0.5	0.9643211100099108
0.49974306269270297	0.9643034209221616
0.499486125385406	0.9642857142857143
0.49922918807810895	0.9642679900744416
0.4989722507708119	0.9642502482621649
0.4987153134635149	0.9642324888226528
0.4984583761562179	0.9642147117296223
0.4982014388489209	0.9641969169567379
0.49794450154162384	0.9641791044776119
0.4976875642343268	0.9641612742658039
0.49743062692702983	0.9641434262948207
0.4971736896197328	0.9641255605381166
0.49691675231243576	0.9641076769690927
0.4966598150051387	0.9640897755610972
0.49640287769784175	0.9640718562874252
0.49640287769784175	0.964553170244633
0.4961459403905447	0.9645354645354646
0.4958890030832477	0.9645177411294353
0.49563206577595065	0.9645
0.49563206577595065	0.9649824912456229
0.49537512846865367	0.964964964964965
0.49511819116135664	0.9649474211316975
0.4948612538540596	0.9649298597194389
0.49460431654676257	0.9649122807017544
0.4943473792394656	0.9648946840521565
0.49409044193216856	0.9648770697441044
0.49409044193216856	0.9653614457831325
0.4938335046248715	0.9653440482169764
0.4935765673175745	0.9653266331658291
0.4933196300102775	0.9653092006033183
0.4930626927029805	0.9652917505030181
0.49280575539568344	0.96527428283845
0.49280575539568344	0.9657603222557906
0.4925488180883864	0.9657430730478589
0.49229188078108943	0.9657258064516129
0.4920349434737924	0.9657085224407463
0.49177800616649536	0.9656912209889001
0.49152106885919833	0.9656739020696617
0.49152106885919833	0.9661616161616161
0.49126413155190135	0.966144517433047
0.4910071942446043	0.9661274014155713
0.4907502569373073	0.966110268082954
0.4907502569373073	0.9665991902834008
0.4904933196300103	0.9665822784810126
0.49023638232271327	0.9665653495440729
0.48997944501541624	0.9665484034465281
0.4897225077081192	0.9665314401622718
0.4894655704008222	0.9665144596651446
0.4892086330935252	0.966497461928934
0.48895169578622816	0.9664804469273743
0.48895169578622816	0.9669715447154471
0.48895169578622816	0.9674631418403661
0.4886947584789311	0.9674465920651069
0.48843782117163415	0.9674300254452927
0.4881808838643371	0.9674134419551935
0.4879239465570401	0.9673968415690269
0.48766700924974304	0.9673802242609582
0.48741007194244607	0.9673635900050994
0.48715313463514903	0.9673469387755103
0.486896197327852	0.967330270546197
0.486896197327852	0.9678243105209398
0.48663926002055496	0.9678078691875319
0.486382322713258	0.9677914110429447
0.48612538540596095	0.9677749360613811
0.4858684480986639	0.9677584442169908
0.4858684480986639	0.9682539682539683
0.4856115107913669	0.9682377049180327
0.4853545734840699	0.9682214249103024
0.4850976361767729	0.9682051282051282
0.48484069886947584	0.9681888147768086
0.4845837615621788	0.9681724845995893
0.4843268242548818	0.9681561376476631
0.4843268242548818	0.9686536485097637
0.4840698869475848	0.9686375321336761
0.48381294964028776	0.9686213991769548
0.4835560123329907	0.968605249613999
0.48329907502569375	0.9685890834191555
0.4830421377183967	0.9685729005667182
0.4827852004110997	0.9685567010309278
0.48252826310380265	0.9685404847859721
0.48227132579650567	0.9685242518059856
0.48201438848920863	0.9685080020650491
0.4817574511819116	0.96849173553719
0.48150051387461457	0.9684754521963824
0.4812435765673176	0.968459152016546
0.48098663926002055	0.9684428349715468
0.4807297019527235	0.9684265010351967
0.48047276464542654	0.9684101501812532
0.4802158273381295	0.9683937823834197
0.4799588900308325	0.9683773976153447
0.47970195272353544	0.9683609958506224
0.47944501541623846	0.9683445770627919
0.47944501541623846	0.9688473520249221
0.47918807810894143	0.9688311688311688
0.4789311408016444	0.9688149688149689
0.47867420349434736	0.968798751950078
0.47867420349434736	0.9693028095733611
0.4784172661870504	0.9692868297761582
0.47816032887975335	0.9692708333333333
0.4779033915724563	0.969254820218864
0.4776464542651593	0.9692387904066736
0.4773895169578623	0.9692227438706312
0.4773895169578623	0.9697286012526096
0.47713257965056527	0.9697127937336815
0.47713257965056527	0.9702194357366771
0.47687564234326824	0.9702038682697334
0.4766187050359712	0.9701882845188284
0.4763617677286742	0.9701726844583988
0.4761048304213772	0.9701570680628272
0.47584789311408016	0.9701414353064431
0.4755909558067831	0.970125786163522
0.47533401849948614	0.9701101206082853
0.4750770811921891	0.9700944386149003
0.4748201438848921	0.9700787401574803
0.47456320657759504	0.970063025210084
0.47456320657759504	0.9705727798213347
0.47430626927029806	0.9705573080967402
0.47404933196300103	0.970541820094687
0.473792394655704	0.9705263157894737
0.47353545734840696	0.9705107951553449
0.47327852004111	0.9704952581664911
0.47302158273381295	0.9704797047970479
0.47302158273381295	0.9709915611814346
0.4727646454265159	0.9709762532981531
0.4725077081192189	0.970960929250264
0.4722507708119219	0.97094558901215
0.47199383350462487	0.9709302325581395
0.47173689619732784	0.9709148598625066
0.47147995889003086	0.9708994708994709
0.4712230215827338	0.9708840656431975
0.4709660842754368	0.9708686440677966
0.47070914696813976	0.9708532061473238
0.4704522096608428	0.9708377518557795
0.47019527235354575	0.9708222811671088
0.4699383350462487	0.9708067940552016
0.4696813977389517	0.9707912904938927
0.4694244604316547	0.9707757704569607
0.46916752312435767	0.9707602339181286
0.46891058581706063	0.9707446808510638
0.4686536485097636	0.9707291112293773
0.4683967112024666	0.9707135250266241
0.4681397738951696	0.9706979222163026
0.4681397738951696	0.9712153518123667
0.46788283658787255	0.9712
0.4676258992805755	0.9711846318036286
0.46736896197327854	0.9711692471970101
0.4671120246659815	0.9711538461538461
0.4668550873586845	0.9711384286477819
0.46659815005138744	0.9711229946524064
0.46659815005138744	0.9716425896201177
0.46634121274409046	0.971627408993576
0.4660842754367934	0.9716122121049813
0.4658273381294964	0.9715969989281886
0.46557040082219936	0.9715817694369974
0.4653134635149024	0.9715665236051502
0.46505652620760535	0.9715512614063339
0.4647995889003083	0.9715359828141783
0.4645426515930113	0.9715206878022569
0.4642857142857143	0.9715053763440861
0.46402877697841727	0.9714900484131254
0.46377183967112023	0.9714747039827771
0.4635149023638232	0.9714593430263866
0.4632579650565262	0.9714439655172413
0.4630010277492292	0.9714285714285714
0.46274409044193215	0.9714131607335491
0.4624871531346352	0.9713977334052887
0.46223021582733814	0.9713822894168467
0.4619732785200411	0.9713668287412209
0.4617163412127441	0.9713513513513513
0.4614594039054471	0.971335857220119
0.46120246659815006	0.9713203463203464
0.46094552929085303	0.971304818624797
0.460688591983556	0.9712892741061755
0.460431654676259	0.9712737127371274
0.460431654676259	0.9718004338394793
0.460431654676259	0.972327726532827
0.460174717368962	0.9723127035830619
0.45991778006166495	0.9722976643128735
0.4596608427543679	0.9722826086956522
0.45940390544707094	0.9722675367047309
0.4591469681397739	0.9722524483133841
0.45889003083247687	0.9722373434948285
0.45863309352517984	0.9722222222222222
0.45837615621788286	0.9722070844686649
0.4581192189105858	0.9721919302071974
0.4578622816032888	0.972176759410802
0.45760534429599176	0.9721615720524017
0.4573484069886948	0.9721463681048608
0.45709146968139774	0.9721311475409836
0.4568345323741007	0.9721159103335156
0.4565775950668037	0.9721006564551422
0.4563206577595067	0.9720853858784894
0.45606372045220966	0.9720700985761227
0.45580678314491263	0.972054794520548
0.4555498458376156	0.9720394736842105
0.4552929085303186	0.9720241360394953
0.4550359712230216	0.9720087815587267
0.45477903391572455	0.9719934102141681
0.4545220966084275	0.971978021978022
0.45426515930113054	0.9719626168224299
0.4540082219938335	0.971947194719472
0.45375128468653647	0.9719317556411667
0.45375128468653647	0.9724669603524229
0.4534943473792395	0.9724517906336089
0.45323741007194246	0.9724366041896362
0.4529804727646454	0.9724214009928296
0.4527235354573484	0.9724061810154525
0.4524665981500514	0.9723909442297074
0.4522096608427544	0.9723756906077348
0.45195272353545735	0.9723604201216142
0.4516957862281603	0.9723451327433629
0.45143884892086333	0.9723298284449363
0.4511819116135663	0.9723145071982281
0.45092497430626927	0.9722991689750693
0.45066803699897223	0.9722838137472284
0.45041109969167525	0.9722684414864116
0.4501541623843782	0.9722530521642619
0.4498972250770812	0.9722376457523598
0.44964028776978415	0.9722222222222222
0.4493833504624872	0.9722067815453029
0.44912641315519014	0.9721913236929922
0.4488694758478931	0.9721758486366165
0.4486125385405961	0.9721603563474388
0.4483556012332991	0.9721448467966574
0.44809866392600206	0.9721293199554069
0.447841726618705	0.9721137757947574
0.447584789311408	0.9720982142857143
0.447327852004111	0.9720826353992184
0.447070914696814	0.9720670391061452
0.44681397738951695	0.9720514253773057
0.4465570400822199	0.9720357941834452
0.44630010277492294	0.9720201454952434
0.44630010277492294	0.9725643896976484
0.4460431654676259	0.9725490196078431
0.44578622816032887	0.9725336322869955
0.44552929085303183	0.9725182277061133
0.44527235354573486	0.9725028058361391
0.4450154162384378	0.9724873666479505
0.4447584789311408	0.9724719101123596
0.44450154162384375	0.9724564362001125
0.4442446043165468	0.9724409448818898
0.4442446043165468	0.9729881823297692
0.44398766700924974	0.972972972972973
0.4437307297019527	0.9729577464788732
0.44347379239465573	0.9729425028184893
0.4432168550873587	0.9729272419627749
0.44295991778006166	0.9729119638826185
0.44295991778006166	0.9734613212874083
0.44270298047276463	0.9734463276836158
0.44244604316546765	0.9734313171283211
0.4421891058581706	0.9734162895927602
0.4419321685508736	0.9734012450481041
0.44167523124357655	0.9733861834654587
0.44141829393627957	0.973371104815864
0.44116135662898254	0.9733560090702947
0.4409044193216855	0.9733408961996597
0.44064748201438847	0.9733257661748014
0.4403905447070915	0.9733106189664963
0.44013360739979446	0.9732954545454545
0.44013360739979446	0.9738487777146105
0.4398766700924974	0.9738339021615472
0.4396197327852004	0.9738190096755834
0.4393627954779034	0.9738041002277904
0.4391058581706064	0.9737891737891737
0.43884892086330934	0.9737742303306728
0.4385919835560123	0.9737592698231603
0.43833504624871533	0.973744292237443
0.4380781089414183	0.9737292975442604
0.43782117163412126	0.9737142857142858
0.43756423432682423	0.9736992567181246
0.43730729701952725	0.9736842105263158
0.4370503597122302	0.9736691471093303
0.4367934224049332	0.9736540664375716
0.43653648509763615	0.9736389684813753
0.4362795477903392	0.9736238532110092
0.43602261048304214	0.9736087205966724
0.4357656731757451	0.9735935706084959
0.43550873586844807	0.9735784032165422
0.4352517985611511	0.9735632183908046
0.43499486125385406	0.9735480161012076
0.43499486125385406	0.974108170310702
0.434737923946557	0.9740932642487047
0.43448098663926005	0.9740783410138248
0.434224049331963	0.9740634005763689
0.434224049331963	0.9746251441753172
0.433967112024666	0.9746105020196192
0.43371017471736895	0.9745958429561201
0.43345323741007197	0.974581166955517
0.43319630010277493	0.9745664739884393
0.43319630010277493	0.9751301330248698
0.4329393627954779	0.9751157407407407
0.43268242548818087	0.9751013317892299
0.4324254881808839	0.9750869061413673
0.43216855087358685	0.975072463768116
0.4319116135662898	0.9750580046403712
0.4316546762589928	0.9750435287289612
0.4313977389516958	0.9750290360046457
0.4311408016443988	0.9750145264381174
0.43088386433710174	0.975
0.4306269270298047	0.9749854566608493
0.43036998972250773	0.9749708963911525
0.4301130524152107	0.9749563191613279
0.42985611510791366	0.9749417249417249
0.4295991778006166	0.9749271137026239
0.42934224049331965	0.9749124854142357
0.4290853031860226	0.9748978400467017
0.4288283658787256	0.9748831775700935
0.42857142857142855	0.9748684979544127
0.42831449126413157	0.9748538011695906
0.42805755395683454	0.9748390871854886
0.4278006166495375	0.974824355971897
0.42754367934224047	0.9748096074985354
0.4272867420349435	0.9747948417350527
0.42702980472764646	0.9747800586510263
0.42702980472764646	0.9753521126760564
0.4267728674203494	0.9753376394597769
0.4265159301130524	0.9753231492361927
0.4262589928057554	0.9753086419753086
0.4260020554984584	0.9752941176470589
0.42574511819116134	0.9752795762213067
0.42548818088386436	0.9752650176678446
0.42523124357656733	0.9752504419563937
0.4249743062692703	0.9752358490566038
0.42471736896197326	0.9752212389380531
0.4244604316546763	0.9752066115702479
0.42420349434737925	0.9751919669226226
0.4239465570400822	0.975177304964539
0.4239465570400822	0.9757539917208752
0.4236896197327852	0.9757396449704142
0.4234326824254882	0.9757252812314979
0.42317574511819117	0.9757109004739336
0.42291880781089414	0.975696502667457
0.4226618705035971	0.9756820877817319
0.4224049331963001	0.9756676557863502
0.4221479958890031	0.9756532066508313
0.42189105858170606	0.9756387403446227
0.421634121274409	0.9756242568370987
0.42137718396711205	0.975609756097561
0.421120246659815	0.9755952380952381
0.420863309352518	0.9755807027992853
0.42060637204522094	0.9755661501787842
0.42034943473792397	0.975551580202743
0.42009249743062693	0.9755369928400954
0.4198355601233299	0.9755223880597015
0.4198355601233299	0.97610513739546
0.41957862281603286	0.9760908547519426
0.4193216855087359	0.9760765550239234
0.41906474820143885	0.9760622381807301
0.4188078108941418	0.9760479041916168
0.4188078108941418	0.9766327142001199
0.4185508735868448	0.9766187050359713
0.4185508735868448	0.9772045590881824
0.4185508735868448	0.9777911164465787
0.4182939362795478	0.9777777777777777
0.4180369989722508	0.9777644230769231
0.41778006166495374	0.9777510523150932
0.4175231243576567	0.9777376654632972
0.4172661870503597	0.9777242624924745
0.4170092497430627	0.977710843373494
0.4170092497430627	0.9783001808318263
0.41675231243576566	0.9782870928829915
0.41675231243576566	0.9788774894387448
0.4164953751284687	0.9788647342995169
0.41623843782117165	0.9788519637462235
0.4159815005138746	0.9788391777509069
0.4157245632065776	0.9788263762855415
0.4154676258992806	0.9788135593220338
0.41521068859198357	0.9788007268322229
0.41495375128468653	0.9787878787878788
0.4146968139773895	0.9787750151607034
0.4144398766700925	0.9787621359223301
0.4141829393627955	0.978749241044323
0.4141829393627955	0.9793438639125152
0.41392600205549845	0.9793313069908814
0.4136690647482014	0.9793187347931873
0.41341212744090444	0.9793061472915399
0.4131551901336074	0.9792935444579781
0.4128982528263104	0.9792809262644728
0.41264131551901334	0.9792682926829268
0.41238437821171636	0.9792556436851739
0.41212744090441933	0.9792429792429792
0.4118705035971223	0.9792302993280391
0.41161356628982526	0.9792176039119804
0.4113566289825283	0.9792048929663608
0.41109969167523125	0.9791921664626683
0.4108427543679342	0.9791794243723209
0.4108427543679342	0.9797794117647058
0.4105858170606372	0.979767014101778
0.4103288797533402	0.9797546012269939
0.4103288797533402	0.9803560466543892
0.41007194244604317	0.9803439803439803
0.41007194244604317	0.9809465273509527
0.41007194244604317	0.981549815498155
0.40981500513874614	0.9815384615384616
0.40981500513874614	0.9821428571428571
0.4095580678314491	0.982131854590265
0.4093011305241521	0.9821208384710234
0.4090441932168551	0.9821098087600246
0.40878725590955806	0.9820987654320987
0.408530318602261	0.9820877084620135
0.40827338129496404	0.9820766378244746
0.408016443987667	0.9820655534941249
0.40775950668037	0.9820544554455446
0.40750256937307294	0.9820433436532507
0.40750256937307294	0.9826517967781908
0.40724563206577596	0.9826410415375078
0.40698869475847893	0.9826302729528535
0.4067317574511819	0.9826194909993793
0.4064748201438849	0.9826086956521739
0.4062178828365879	0.9825978868862648
0.4062178828365879	0.9832089552238806
0.40596094552929085	0.9831985065339142
0.4057040082219938	0.9831880448318805
0.40544707091469684	0.983177570093458
0.4051901336073998	0.9831670822942643
0.40493319630010277	0.9831565814098565
0.40467625899280574	0.9831460674157303
0.40441932168550876	0.9831355402873204
0.4041623843782117	0.983125
0.4039054470709147	0.9831144465290806
0.40364850976361766	0.9831038798498123
0.4033915724563207	0.9830932999373826
0.40313463514902365	0.9830827067669173
0.4028776978417266	0.9830721003134796
0.4026207605344296	0.9830614805520702
0.4023638232271326	0.9830508474576272
0.40210688591983557	0.9830402010050251
0.40184994861253853	0.983029541169076
0.4015930113052415	0.9830188679245283
0.4013360739979445	0.9830081812460667
0.4010791366906475	0.9829974811083123
0.40082219938335045	0.9829867674858223
0.4005652620760534	0.9829760403530895
0.4005652620760534	0.983596214511041
0.40030832476875644	0.9835858585858586
0.4000513874614594	0.983575489576753
0.3997944501541624	0.9835651074589128
0.39953751284686534	0.9835547122074636
0.39928057553956836	0.9835443037974684
0.3990236382322713	0.9835338822039266
0.3987667009249743	0.9835234474017744
0.39850976361767726	0.9835129993658845
0.3982528263103803	0.983502538071066
0.39799588900308325	0.9834920634920635
0.39799588900308325	0.9841168996188056
0.3977389516957862	0.9841068022886205
0.39748201438848924	0.9840966921119593
0.3972250770811922	0.9840865690642903
0.39696813977389517	0.9840764331210191
0.39671120246659813	0.9840662842574889
0.39645426515930116	0.9840561224489796
0.3961973278520041	0.9840459476707084
0.3961973278520041	0.9846743295019157
0.3959403905447071	0.984664536741214
0.39568345323741005	0.9846547314578005
0.3954265159301131	0.9846449136276392
0.39516957862281604	0.9846350832266325
0.394912641315519	0.9846252402306214
0.394655704008222	0.9846153846153847
0.394398766700925	0.9846055163566388
0.39414182939362796	0.9845956354300385
0.39388489208633093	0.9845857418111753
0.3936279547790339	0.9845758354755784
0.3936279547790339	0.985209003215434
0.3933710174717369	0.9851994851994852
0.3931140801644399	0.9851899549259497
0.39285714285714285	0.9851804123711341
0.3926002055498458	0.9851708575112831
0.39234326824254884	0.9851612903225806
0.3920863309352518	0.9851517107811492
0.3920863309352518	0.9857881136950905
0.39182939362795477	0.9857789269553976
0.39157245632065774	0.9857697283311773
0.39131551901336076	0.9857605177993527
0.3910585817060637	0.9857512953367875
0.3908016443987667	0.9857420609202852
0.39054470709146966	0.9857328145265889
0.3902877697841727	0.9857235561323816
0.39003083247687564	0.9857142857142858
0.3897738951695786	0.9857050032488629
0.3897738951695786	0.9863459037711313
0.3895169578622816	0.9863370201691607
0.3892600205549846	0.986328125
0.38900308324768756	0.9863192182410423
0.38874614594039053	0.9863102998696219
0.38848920863309355	0.9863013698630136
0.3882322713257965	0.9862924281984334
0.3879753340184995	0.9862834748530372
0.38771839671120245	0.9862745098039216
0.3874614594039055	0.9862655330281229
0.38720452209660844	0.9862565445026178
0.3869475847893114	0.9862475442043221
0.38669064748201437	0.9862385321100917
0.3864337101747174	0.9862295081967213
0.38617677286742036	0.9862204724409449
0.3859198355601233	0.9862114248194354
0.3856628982528263	0.9862023653088042
0.3854059609455293	0.9861932938856016
0.3851490236382323	0.9861842105263158
0.38489208633093525	0.9861751152073732
0.3846351490236382	0.9861660079051383
0.38437821171634123	0.986156888595913
0.3841212744090442	0.9861477572559367
0.38386433710174717	0.9861386138613861
0.38360739979445013	0.9861294583883752
0.38335046248715315	0.9861202908129544
0.3830935251798561	0.9861111111111112
0.3828365878725591	0.986101919258769
0.38257965056526205	0.9860927152317881
0.3823227132579651	0.9860834990059643
0.38206577595066804	0.9860742705570292
0.381808838643371	0.9860650298606503
0.381551901336074	0.9860557768924303
0.381294964028777	0.986046511627907
0.38103802672147996	0.9860372340425532
0.38103802672147996	0.9866932801064537
0.3807810894141829	0.9866844207723036
0.3805241521068859	0.9866755496335776
0.3802672147995889	0.9866666666666667
0.3800102774922919	0.9866577718478986
0.37975334018499485	0.986648865153538
0.37949640287769787	0.9866399465597863
0.37923946557040084	0.9866310160427807
0.3789825282631038	0.9866220735785953
0.37872559095580677	0.9866131191432396
0.3784686536485098	0.9866041527126591
0.37821171634121276	0.9865951742627346
0.37821171634121276	0.9872568745808182
0.3779547790339157	0.987248322147651
0.3776978417266187	0.9872397582269979
0.3774409044193217	0.9872311827956989
0.3771839671120247	0.9872225958305313
0.37692702980472764	0.9872139973082099
0.3766700924974306	0.9872053872053872
0.37641315519013363	0.9871967654986523
0.3761562178828366	0.9871881321645314
0.37589928057553956	0.9871794871794872
0.37564234326824253	0.9871708305199189
0.37538540596094555	0.9871621621621621
0.3751284686536485	0.9871534820824882
0.3748715313463515	0.9871447902571042
0.37461459403905445	0.987136086662153
0.37435765673175747	0.9871273712737128
0.37410071942446044	0.9871186440677966
0.3738437821171634	0.9871099050203528
0.37358684480986637	0.9871011541072641
0.3733299075025694	0.9870923913043478
0.37307297019527236	0.9870836165873556
0.3728160328879753	0.9870748299319728
0.3725590955806783	0.9870660313138189
0.3723021582733813	0.9870572207084468
0.3720452209660843	0.9870483980913429
0.37178828365878724	0.9870395634379263
0.3715313463514902	0.9870307167235495
0.37127440904419323	0.9870218579234973
0.3710174717368962	0.987012987012987
0.37076053442959916	0.9870041039671683
0.37050359712230213	0.9869952087611226
0.37024665981500515	0.986986301369863
0.3699897225077081	0.9869773817683345
0.3697327852004111	0.9869684499314129
0.3694758478931141	0.9869595058339052
0.3692189105858171	0.9869505494505495
0.36896197327852004	0.9869415807560138
0.368705035971223	0.9869325997248969
0.368448098663926	0.9869236063317275
0.368191161356629	0.9869146005509641
0.36793422404933196	0.9869055823569952
0.3676772867420349	0.9868965517241379
0.36742034943473795	0.9868875086266391
0.3671634121274409	0.986878453038674
0.3669064748201439	0.986869384934347
0.36664953751284685	0.9868603042876902
0.36639260020554987	0.9868512110726644
0.36613566289825283	0.9868421052631579
0.3658787255909558	0.9868329868329868
0.36562178828365877	0.9868238557558946
0.3653648509763618	0.9868147120055517
0.36510791366906475	0.9868055555555556
0.3648509763617677	0.9867963863794301
0.3645940390544707	0.9867872044506258
0.3643371017471737	0.9867780097425192
0.3640801644398767	0.9867688022284122
0.36382322713257964	0.9867595818815331
0.3635662898252826	0.9867503486750349
0.36330935251798563	0.9867411025819958
0.3630524152106886	0.986731843575419
0.36279547790339156	0.986722571628232
0.3625385405960945	0.9867132867132867
0.36228160328879755	0.986703988803359
0.3620246659815005	0.9866946778711485
0.3617677286742035	0.9866853538892782
0.36151079136690645	0.9866760168302945
0.36125385405960947	0.9866666666666667
0.36099691675231244	0.9866573033707865
0.3607399794450154	0.9866479269149684
0.3604830421377184	0.9866385372714487
0.3602261048304214	0.9866291344123856
0.35996916752312436	0.9866197183098592
0.3597122302158273	0.9866102889358703
0.35945529290853034	0.9866008462623413
0.3591983556012333	0.9865913902611151
0.3589414182939363	0.9865819209039548
0.35868448098663924	0.9865724381625441
0.35842754367934226	0.9865629420084866
0.35817060637204523	0.9865534324133051
0.3579136690647482	0.9865439093484419
0.35765673175745116	0.9865343727852587
0.3573997944501542	0.9865248226950355
0.35714285714285715	0.9865152590489709
0.3568859198355601	0.9865056818181818
0.3566289825282631	0.9864960909737029
0.3563720452209661	0.9864864864864865
0.35611510791366907	0.9864768683274021
0.35585817060637204	0.9864672364672364
0.355601233299075	0.9864575908766928
0.355344295991778	0.9864479315263909
0.355087358684481	0.9864382583868665
0.35483042137718396	0.9864285714285714
0.3545734840698869	0.9864188706218727
0.35431654676258995	0.9864091559370529
0.3540596094552929	0.9863994273443092
0.3538026721479959	0.9863896848137536
0.35354573484069884	0.9863799283154122
0.35328879753340187	0.9863701578192252
0.35303186022610483	0.9863603732950467
0.3527749229188078	0.9863505747126436
0.35251798561151076	0.9863407620416966
0.3522610483042138	0.9863309352517986
0.35200411099691675	0.986321094312455
0.3517471736896197	0.9863112391930836
0.35149023638232274	0.9863013698630136
0.3512332990750257	0.9862914862914863
0.3509763617677287	0.9862815884476535
0.35071942446043164	0.986271676300578
0.35046248715313466	0.9862617498192335
0.3502055498458376	0.9862518089725036
0.3499486125385406	0.9862418537291817
0.34969167523124356	0.986231884057971
0.3494347379239466	0.9862218999274837
0.34917780061664955	0.9862119013062409
0.3489208633093525	0.9862018881626725
0.3486639260020555	0.9861918604651163
0.3484069886947585	0.9861818181818182
0.34815005138746147	0.9861717612809315
0.34789311408016443	0.9861616897305171
0.3476361767728674	0.9861516034985423
0.3473792394655704	0.9861415025528811
0.3471223021582734	0.9861313868613139
0.34686536485097635	0.9861212563915267
0.3466084275436793	0.9861111111111112
0.34635149023638234	0.986100950987564
0.3460945529290853	0.986090775988287
0.3458376156217883	0.9860805860805861
0.34558067831449124	0.9860703812316716
0.34532374100719426	0.9860601614086574
0.34506680369989723	0.9860499265785609
0.3448098663926002	0.9860396767083027
0.34455292908530316	0.9860294117647059
0.3442959917780062	0.986019131714496
0.34403905447070915	0.9860088365243005
0.3437821171634121	0.9859985261606485
0.3435251798561151	0.9859882005899705
0.3432682425488181	0.9859778597785978
0.34301130524152107	0.9859675036927622
0.34275436793422404	0.9859571322985957
0.34249743062692706	0.9859467455621301
0.34224049331963	0.9859363434492968
0.341983556012333	0.9859259259259259
0.34172661870503596	0.9859154929577465
0.341469681397739	0.9859050445103857
0.34121274409044194	0.985894580549369
0.3409558067831449	0.9858841010401189
0.3406988694758479	0.9858736059479554
0.3404419321685509	0.9858630952380952
0.34018499486125386	0.9858525688756515
0.34018499486125386	0.9865871833084948
0.33992805755395683	0.9865771812080537
0.3396711202466598	0.9865671641791045
0.3394141829393628	0.9865571321882002
0.3391572456320658	0.9865470852017937
0.33890030832476875	0.9865370231862378
0.3386433710174717	0.9865269461077845
0.33838643371017474	0.9865168539325843
0.3381294964028777	0.9865067466266867
0.33787255909558067	0.986496624156039
0.33761562178828364	0.9864864864864865
0.33735868448098666	0.9864763335837716
0.3371017471736896	0.9864661654135338
0.3368448098663926	0.9864559819413092
0.33658787255909556	0.9864457831325302
0.3363309352517986	0.9864355689525245
0.33607399794450155	0.9864253393665159
0.3358170606372045	0.9864150943396226
0.3355601233299075	0.986404833836858
0.3353031860226105	0.9863945578231292
0.33504624871531347	0.9863842662632375
0.33478931140801643	0.9863739591218774
0.3345323741007194	0.9863636363636363
0.3342754367934224	0.9863532979529946
0.3340184994861254	0.9863429438543247
0.33376156217882835	0.9863325740318907
0.3335046248715313	0.986322188449848
0.33324768756423434	0.9863117870722433
0.33324768756423434	0.987062404870624
0.3329907502569373	0.9870525514089871
0.3327338129496403	0.9870426829268293
0.3324768756423433	0.9870327993897788
0.33221993833504626	0.9870229007633587
0.3319630010277492	0.987012987012987
0.3317060637204522	0.9870030581039755
0.3314491264131552	0.9869931140015302
0.3311921891058582	0.9869831546707504
0.33093525179856115	0.9869731800766284
0.3306783144912641	0.9869631901840491
0.33042137718396714	0.9869531849577897
0.3301644398766701	0.9869431643625192
0.32990750256937307	0.9869331283627979
0.32965056526207603	0.9869230769230769
0.32939362795477906	0.9869130100076983
0.329136690647482	0.9869029275808937
0.328879753340185	0.9868928296067849
0.32862281603288795	0.9868827160493827
0.328365878725591	0.9868725868725868
0.32810894141829394	0.9868624420401855
0.3278520041109969	0.9868522815158546
0.3275950668036999	0.9868421052631579
0.3273381294964029	0.9868319132455461
0.32708119218910586	0.9868217054263566
0.32682425488180883	0.9868114817688131
0.3265673175745118	0.9868012422360248
0.3265673175745118	0.9875679875679876
0.3263103802672148	0.9875583203732504
0.3260534429599178	0.9875486381322958
0.32579650565262075	0.9875389408099688
0.3255395683453237	0.9875292283710054
0.32528263103802674	0.9875195007800313
0.3250256937307297	0.9875097580015613
0.32476875642343267	0.9875
0.32451181911613564	0.9874902267396404
0.32425488180883866	0.9874804381846636
0.3239979445015416	0.9874706342991386
0.3237410071942446	0.987460815047022
0.3234840698869476	0.9874509803921568
0.3232271325796506	0.9874411302982732
0.32297019527235354	0.9874312647289867
0.3227132579650565	0.9874213836477987
0.32245632065775953	0.987411487018096
0.3221993833504625	0.9874015748031496
0.32194244604316546	0.987391646966115
0.32168550873586843	0.9873817034700315
0.32142857142857145	0.9873717442778216
0.3211716341212744	0.9873617693522907
0.3209146968139774	0.9873517786561264
0.32065775950668035	0.9873417721518988
0.3204008221993834	0.9873317498020586
0.32014388489208634	0.9873217115689382
0.3198869475847893	0.9873116574147502
0.31963001027749227	0.9873015873015873
0.3193730729701953	0.9872915011914217
0.31911613566289826	0.9872813990461049
0.3188591983556012	0.9872712808273667
0.3186022610483042	0.9872611464968153
0.3183453237410072	0.9872509960159362
0.3180883864337102	0.9872408293460925
0.31783144912641315	0.9872306464485235
0.3175745118191161	0.987220447284345
0.31731757451181913	0.9872102318145484
0.3170606372045221	0.9872
0.3170606372045221	0.9879903923138511
0.31680369989722507	0.9879807692307693
0.31654676258992803	0.9879711307137129
0.31628982528263105	0.9879614767255217
0.316032887975334	0.9879518072289156
0.315775950668037	0.9879421221864951
0.31551901336073995	0.9879324215607401
0.315262076053443	0.9879227053140096
0.31500513874614594	0.9879129734085415
0.3147482014388489	0.9879032258064516
0.31449126413155193	0.9878934624697336
0.3142343268242549	0.9878836833602584
0.31397738951695786	0.9878738884397736
0.3137204522096608	0.9878640776699029
0.31346351490236385	0.9878542510121457
0.3132065775950668	0.9878444084278768
0.3129496402877698	0.9878345498783455
0.31269270298047275	0.9878246753246753
0.31243576567317577	0.9878147847278635
0.31217882836587874	0.9878048780487805
0.3119218910585817	0.9877949552481693
0.31166495375128467	0.987785016286645
0.3114080164439877	0.9877750611246944
0.31115107913669066	0.9877650897226754
0.3108941418293936	0.9877551020408163
0.3106372045220966	0.9877450980392157
0.3103802672147996	0.9877350776778414
0.3101233299075026	0.9877250409165302
0.30986639260020554	0.9877149877149877
0.3096094552929085	0.9877049180327869
0.30935251798561153	0.9876948318293683
0.3090955806783145	0.9876847290640394
0.30883864337101746	0.9876746096959738
0.30858170606372043	0.9876644736842105
0.30832476875642345	0.9876543209876543
0.3080678314491264	0.9876441515650741
0.3078108941418294	0.9876339653751031
0.30755395683453235	0.9876237623762376
0.30729701952723537	0.9876135425268373
0.30704008221993834	0.987603305785124
0.3067831449126413	0.9875930521091811
0.30652620760534427	0.9875827814569537
0.3062692702980473	0.9875724937862469
0.30601233299075026	0.9875621890547264
0.3057553956834532	0.9875518672199171
0.30549845837615625	0.9875415282392026
0.3052415210688592	0.9875311720698254
0.3049845837615622	0.9875207986688852
0.30472764645426514	0.9875104079933389
0.30447070914696817	0.9875
0.30421377183967113	0.987489574645538
0.3039568345323741	0.9874791318864775
0.30369989722507706	0.9874686716791979
0.3034429599177801	0.9874581939799331
0.30318602261048305	0.9874476987447699
0.302929085303186	0.9874371859296482
0.302672147995889	0.9874266554903605
0.302415210688592	0.9874161073825504
0.302158273381295	0.9874055415617129
0.30190133607399794	0.9873949579831933
0.3016443987667009	0.9873843566021867
0.3013874614594039	0.9873737373737373
0.3011305241521069	0.987363100252738
0.30087358684480986	0.9873524451939292
0.3006166495375128	0.9873417721518988
0.30035971223021585	0.987331081081081
0.30035971223021585	0.9881656804733728
0.3001027749229188	0.988155668358714
0.2998458376156218	0.9881456392887383
0.29958890030832475	0.988135593220339
0.29933196300102777	0.9881255301102629
0.29907502569373073	0.9881154499151104
0.2988180883864337	0.9881053525913339
0.29856115107913667	0.9880952380952381
0.2983042137718397	0.9880851063829788
0.29804727646454265	0.9880749574105622
0.2977903391572456	0.9880647911338448
0.2975334018499486	0.9880546075085325
0.2972764645426516	0.9880444064901793
0.2970195272353546	0.9880341880341881
0.29676258992805754	0.9880239520958084
0.2965056526207605	0.988013698630137
0.29624871531346353	0.9880034275921166
0.2959917780061665	0.9879931389365352
0.29573484069886946	0.9879828326180258
0.2954779033915725	0.9879725085910653
0.29522096608427545	0.9879621668099742
0.2949640287769784	0.9879518072289156
0.2947070914696814	0.9879414298018949
0.2944501541623844	0.9879310344827587
0.29419321685508737	0.9879206212251941
0.29393627954779034	0.9879101899827288
0.2936793422404933	0.9878997407087294
0.2934224049331963	0.9878892733564014
0.2931654676258993	0.9878787878787879
0.29290853031860226	0.9878682842287695
0.2926515930113052	0.9878577623590633
0.29239465570400824	0.9878472222222222
0.2921377183967112	0.9878366637706343
0.2918807810894142	0.9878260869565217
0.29162384378211714	0.9878154917319408
0.29136690647482016	0.9878048780487805
0.29110996916752313	0.987794245858762
0.2908530318602261	0.987783595113438
0.29059609455292906	0.9877729257641922
0.2903391572456321	0.9877622377622378
0.29008221993833505	0.9877515310586177
0.289825282631038	0.9877408056042032
0.289568345323741	0.9877300613496932
0.289311408016444	0.987719298245614
0.28905447070914697	0.9877085162423178
0.28879753340184994	0.9876977152899824
0.2885405960945529	0.9876868953386104
0.2882836587872559	0.9876760563380281
0.2880267214799589	0.9876651982378855
0.28776978417266186	0.9876543209876543
0.2875128468653648	0.9876434245366285
0.28725590955806785	0.9876325088339223
0.2869989722507708	0.9876215738284704
0.2867420349434738	0.9876106194690265
0.2864850976361768	0.9875996457041629
0.28622816032887977	0.9875886524822695
0.28597122302158273	0.9875776397515528
0.2857142857142857	0.9875666074600356
0.2854573484069887	0.9875555555555555
0.2852004110996917	0.9875444839857651
0.28494347379239465	0.98753339269813
0.2846865364850976	0.9875222816399287
0.28442959917780064	0.9875111507582516
0.2841726618705036	0.9875
0.2839157245632066	0.9874888293118856
0.28365878725590954	0.9874776386404294
0.28340184994861256	0.9874664279319606
0.2831449126413155	0.9874551971326165
0.2828879753340185	0.9874439461883409
0.2828879753340185	0.9883303411131059
0.28263103802672146	0.9883198562443846
0.2823741007194245	0.9883093525179856
0.28211716341212745	0.9882988298829883
0.2818602261048304	0.9882882882882883
0.2816032887975334	0.9882777276825969
0.2813463514902364	0.9882671480144405
0.28108941418293937	0.988256549232159
0.28083247687564233	0.9882459312839059
0.2805755395683453	0.9882352941176471
0.2803186022610483	0.9882246376811594
0.2800616649537513	0.9882139619220308
0.27980472764645425	0.9882032667876588
0.2795477903391572	0.9881925522252498
0.27929085303186024	0.9881818181818182
0.2790339157245632	0.9881710646041856
0.2787769784172662	0.98816029143898
0.27852004110996914	0.9881494986326345
0.27826310380267216	0.9881386861313869
0.27800616649537513	0.9881278538812786
0.2777492291880781	0.9881170018281535
0.2774922918807811	0.9881061299176578
0.2772353545734841	0.9880952380952381
0.27697841726618705	0.9880843263061412
0.27672147995889	0.9880733944954129
0.27646454265159304	0.9880624426078971
0.276207605344296	0.9880514705882353
0.27595066803699897	0.9880404783808647
0.27569373072970194	0.9880294659300184
0.27543679342240496	0.9880184331797235
0.2751798561151079	0.9880073800738007
0.2751798561151079	0.9889196675900277
0.2749229188078109	0.988909426987061
0.2749229188078109	0.9898242368177613
0.27466598150051386	0.9898148148148148
0.2744090441932169	0.989805375347544
0.27415210688591984	0.9897959183673469
0.2738951695786228	0.989786443825441
0.2736382322713258	0.9897769516728625
0.2733812949640288	0.9897674418604652
0.27312435765673176	0.9897579143389199
0.27286742034943473	0.9897483690587139
0.2726104830421377	0.9897388059701493
0.2723535457348407	0.9897292250233427
0.2720966084275437	0.9897196261682243
0.27183967112024665	0.9897100093545369
0.2715827338129496	0.9897003745318352
0.27132579650565264	0.9896907216494846
0.2710688591983556	0.9896810506566605
0.27081192189105857	0.9896713615023475
0.27055498458376154	0.9896616541353384
0.27029804727646456	0.9896519285042333
0.2700411099691675	0.9896421845574388
0.2700411099691675	0.9905749293119699
0.2697841726618705	0.9905660377358491
0.26952723535457346	0.9905571293673276
0.2692702980472765	0.9905482041587902
0.26901336073997945	0.9905392620624409
0.2687564234326824	0.990530303030303
0.26849948612538543	0.990521327014218
0.2682425488180884	0.9905123339658444
0.26798561151079137	0.9905033238366572
0.26772867420349433	0.9904942965779467
0.26747173689619735	0.9904852521408183
0.2672147995889003	0.9904761904761905
0.2669578622816033	0.990467111534795
0.26670092497430625	0.9904580152671756
0.2664439876670093	0.9904489016236867
0.26618705035971224	0.9904397705544933
0.2659301130524152	0.9904306220095693
0.2656731757451182	0.9904214559386973
0.2654162384378212	0.9904122722914669
0.26515930113052416	0.9904030710172744
0.2649023638232271	0.9903938520653218
0.2646454265159301	0.9903846153846154
0.2643884892086331	0.9903753609239654
0.2641315519013361	0.9903660886319846
0.26387461459403905	0.9903567984570878
0.263617677286742	0.9903474903474904
0.26336073997944504	0.9903381642512077
0.263103802672148	0.9903288201160542
0.26284686536485097	0.9903194578896418
0.26258992805755393	0.9903100775193798
0.26233299075025696	0.9903006789524733
0.2620760534429599	0.9902912621359223
0.2618191161356629	0.9902818270165209
0.26156217882836585	0.9902723735408561
0.2613052415210689	0.9902629016553067
0.26104830421377184	0.9902534113060428
0.2607913669064748	0.9902439024390244
0.2605344295991778	0.990234375
0.2602774922918808	0.9902248289345064
0.26002055498458376	0.9902152641878669
0.25976361767728673	0.990205680705191
0.2595066803699897	0.9901960784313726
0.2592497430626927	0.9901864573110893
0.2589928057553957	0.9901768172888016
0.25873586844809865	0.9901671583087512
0.25847893114080167	0.9901574803149606
0.25822199383350464	0.9901477832512315
0.2579650565262076	0.9901380670611439
0.25770811921891057	0.9901283316880553
0.2574511819116136	0.9901185770750988
0.25719424460431656	0.990108803165183
0.2569373072970195	0.9900990099009901
0.2566803699897225	0.9900891972249752
0.2564234326824255	0.9900793650793651
0.2561664953751285	0.9900695134061569
0.2561664953751285	0.9910536779324056
0.2561664953751285	0.9920398009950249
0.25590955806783144	0.9920318725099602
0.2556526207605344	0.9920239282153539
0.25539568345323743	0.9920159680638723
0.2551387461459404	0.9920079920079921
0.25488180883864336	0.992
0.25462487153134633	0.991991991991992
0.25436793422404935	0.9919839679358717
0.2541109969167523	0.9919759277833501
0.2538540596094553	0.9919678714859438
0.25359712230215825	0.9919597989949749
0.2533401849948613	0.9919517102615694
0.25308324768756424	0.9919436052366566
0.2528263103802672	0.9919354838709677
0.25256937307297017	0.9919273461150353
0.2523124357656732	0.9919191919191919
0.25205549845837616	0.9919110212335692
0.25205549845837616	0.992914979757085
0.2517985611510791	0.9929078014184397
0.2515416238437821	0.9929006085192698
0.2512846865364851	0.9928934010152284
0.2510277492291881	0.9928861788617886
0.25077081192189105	0.9928789420142421
0.250513874614594	0.9928716904276986
0.25025693730729703	0.9928644240570846
0.25	0.9928571428571429
0.249743062692703	0.992849846782431
0.24948612538540596	0.9928425357873211
0.24922918807810895	0.9928352098259979
0.24897225077081192	0.992827868852459
0.24871531346351491	0.9928205128205129
0.24845837615621788	0.9928131416837782
0.24820143884892087	0.9928057553956835
0.24794450154162384	0.992798353909465
0.24768756423432683	0.9927909371781668
0.2474306269270298	0.9927835051546392
0.2471736896197328	0.9927760577915377
0.24691675231243576	0.9927685950413223
0.24665981500513876	0.9927611168562565
0.24640287769784172	0.9927536231884058
0.24614594039054472	0.9927461139896373
0.24588900308324768	0.9927385892116183
0.24563206577595068	0.9927310488058152
0.24537512846865364	0.9927234927234927
0.24511819116135664	0.9927159209157128
0.2448612538540596	0.9927083333333333
0.2446043165467626	0.9927007299270073
0.24434737923946556	0.9926931106471816
0.24409044193216856	0.9926854754440961
0.24383350462487152	0.9926778242677824
0.24357656731757452	0.9926701570680628
0.24331963001027748	0.9926624737945493
0.24306269270298048	0.9926547743966422
0.24280575539568344	0.9926470588235294
0.24254881808838644	0.9926393270241851
0.2422918807810894	0.9926315789473684
0.2420349434737924	0.9926238145416227
0.24177800616649536	0.9926160337552743
0.24152106885919836	0.9926082365364308
0.24126413155190132	0.992600422832981
0.24100719424460432	0.9925925925925926
0.24075025693730728	0.9925847457627118
0.24049331963001028	0.9925768822905621
0.24023638232271327	0.9925690021231423
0.23997944501541624	0.9925611052072264
0.23972250770811923	0.9925531914893617
0.23972250770811923	0.9936102236421726
0.2394655704008222	0.9936034115138592
0.2392086330935252	0.9935965848452508
0.23895169578622816	0.9935897435897436
0.23869475847893115	0.9935828877005347
0.23843782117163412	0.9935760171306209
0.2381808838643371	0.9935691318327974
0.23792394655704008	0.9935622317596566
0.23766700924974307	0.9935553168635876
0.23741007194244604	0.9935483870967742
0.23715313463514903	0.9935414424111948
0.236896197327852	0.9935344827586207
0.236639260020555	0.9935275080906149
0.23638232271325796	0.9935205183585313
0.23612538540596095	0.9935135135135135
0.23586844809866392	0.9935064935064936
0.2356115107913669	0.9934994582881906
0.23535457348406988	0.9934924078091106
0.23509763617677287	0.993485342019544
0.23484069886947584	0.9934782608695653
0.23458376156217883	0.9934711643090316
0.2343268242548818	0.9934640522875817
0.2340698869475848	0.9934569247546347
0.23381294964028776	0.9934497816593887
0.23355601233299075	0.9934426229508196
0.23329907502569372	0.9934354485776805
0.2330421377183967	0.9934282584884995
0.23278520041109968	0.993421052631579
0.23252826310380267	0.9934138309549945
0.23227132579650564	0.9934065934065934
0.23201438848920863	0.9933993399339934
0.2317574511819116	0.9933920704845814
0.2315005138746146	0.9933847850055126
0.2312435765673176	0.9933774834437086
0.23098663926002055	0.9933701657458563
0.23072970195272355	0.9933628318584071
0.23047276464542651	0.9933554817275747
0.2302158273381295	0.9933481152993349
0.22995889003083247	0.9933407325194229
0.22970195272353547	0.9933333333333333
0.22944501541623843	0.9933259176863182
0.22918807810894143	0.9933184855233853
0.2289311408016444	0.9933110367892977
0.2286742034943474	0.9933035714285714
0.22841726618705036	0.9932960893854749
0.22816032887975335	0.9932885906040269
0.22790339157245632	0.9932810750279956
0.2276464542651593	0.9932735426008968
0.22738951695786228	0.9932659932659933
0.22713257965056527	0.9932584269662922
0.22687564234326824	0.9932508436445444
0.22661870503597123	0.9932432432432432
0.2263617677286742	0.9932356257046223
0.2261048304213772	0.9932279909706546
0.22584789311408016	0.9932203389830508
0.22559095580678315	0.9932126696832579
0.22533401849948612	0.9932049830124575
0.2250770811921891	0.9931972789115646
0.22482014388489208	0.9931895573212258
0.22456320657759507	0.9931818181818182
0.22430626927029804	0.9931740614334471
0.22430626927029804	0.9943052391799544
0.22404933196300103	0.9942987457240593
0.223792394655704	0.9942922374429224
0.223535457348407	0.9942857142857143
0.22327852004110996	0.994279176201373
0.22302158273381295	0.9942726231386025
0.22276464542651592	0.9942660550458715
0.2225077081192189	0.9942594718714122
0.22225077081192188	0.9942528735632183
0.22199383350462487	0.9942462600690449
0.22173689619732787	0.9942396313364056
0.22147995889003083	0.994232987312572
0.22122302158273383	0.9942263279445728
0.2209660842754368	0.9942196531791907
0.22070914696813979	0.9942129629629629
0.22045220966084275	0.9942062572421785
0.22019527235354575	0.994199535962877
0.2199383350462487	0.9941927990708479
0.2196813977389517	0.9941860465116279
0.21942446043165467	0.9941792782305006
0.21916752312435767	0.9941724941724942
0.21891058581706063	0.9941656942823804
0.21865364850976363	0.9941588785046729
0.2183967112024666	0.9941520467836257
0.2181397738951696	0.9941451990632318
0.21788283658787255	0.9941383352872216
0.21762589928057555	0.994131455399061
0.2173689619732785	0.9941245593419507
0.2171120246659815	0.9941176470588236
0.21685508735868447	0.9941107184923439
0.21659815005138747	0.9941037735849056
0.21634121274409043	0.9940968122786304
0.21608427543679343	0.9940898345153665
0.2158273381294964	0.9940828402366864
0.2155704008221994	0.9940758293838863
0.21531346351490235	0.9940688018979834
0.21505652620760535	0.994061757719715
0.2147995889003083	0.9940546967895363
0.2145426515930113	0.9940476190476191
0.21428571428571427	0.9940405244338498
0.21402877697841727	0.9940334128878282
0.21377183967112023	0.994026284348865
0.21351490236382323	0.9940191387559809
0.2132579650565262	0.9940119760479041
0.2130010277492292	0.9940047961630696
0.21274409044193218	0.9939975990396158
0.21248715313463515	0.9939903846153846
0.21223021582733814	0.9939831528279182
0.2119732785200411	0.9939759036144579
0.2117163412127441	0.9939686369119421
0.21145940390544707	0.9939613526570048
0.21120246659815006	0.9939540507859734
0.21094552929085303	0.9939467312348669
0.21068859198355602	0.9939393939393939
0.210431654676259	0.9939320388349514
0.21017471736896198	0.9939246658566221
0.20991778006166495	0.9939172749391727
0.20966084275436794	0.9939098660170523
0.2094039054470709	0.9939024390243902
0.2091469681397739	0.9938949938949939
0.20889003083247687	0.9938875305623472
0.20863309352517986	0.9938800489596084
0.20837615621788283	0.9938725490196079
0.20811921891058582	0.9938650306748467
0.2078622816032888	0.9938574938574939
0.20760534429599178	0.993849938499385
0.20734840698869475	0.9938423645320197
0.20709146968139774	0.9938347718865598
0.2068345323741007	0.9938271604938271
0.2065775950668037	0.9938195302843016
0.20632065775950667	0.9938118811881188
0.20606372045220966	0.9938042131350682
0.20580678314491263	0.9937965260545906
0.20554984583761562	0.9937888198757764
0.2052929085303186	0.9937810945273632
0.20503597122302158	0.9937733499377335
0.20477903391572455	0.9937655860349127
0.20452209660842754	0.9937578027465668
0.2042651593011305	0.99375
0.2040082219938335	0.9937421777221527
0.20375128468653647	0.993734335839599
0.20349434737923947	0.9937264742785445
0.20323741007194246	0.9937185929648241
0.20298047276464543	0.9937106918238994
0.20272353545734842	0.9937027707808564
0.20246659815005139	0.9936948297604036
0.20220966084275438	0.9936868686868687
0.20195272353545735	0.9936788874841972
0.20169578622816034	0.9936708860759493
0.2014388489208633	0.9936628643852978
0.2011819116135663	0.9936548223350253
0.20092497430626927	0.9936467598475223
0.20066803699897226	0.9936386768447837
0.20041109969167523	0.9936305732484076
0.20015416238437822	0.9936224489795918
0.1998972250770812	0.9936143039591315
0.19964028776978418	0.9936061381074168
0.19938335046248715	0.9935979513444302
0.19912641315519014	0.9935897435897436
0.1988694758478931	0.993581514762516
0.1986125385405961	0.993573264781491
0.19835560123329907	0.9935649935649936
0.19809866392600206	0.9935567010309279
0.19784172661870503	0.9935483870967742
0.19758478931140802	0.9935400516795866
0.197327852004111	0.9935316946959897
0.19707091469681398	0.9935233160621761
0.19681397738951695	0.993514915693904
0.19655704008221994	0.9935064935064936
0.1963001027749229	0.9934980494148244
0.1960431654676259	0.9934895833333334
0.19578622816032887	0.9934810951760105
0.19552929085303186	0.9934725848563969
0.19527235354573483	0.9934640522875817
0.19501541623843782	0.993455497382199
0.1947584789311408	0.9934469200524246
0.19450154162384378	0.9934383202099738
0.19424460431654678	0.9934296977660972
0.19398766700924974	0.993421052631579
0.19373072970195274	0.9934123847167325
0.1934737923946557	0.9934036939313984
0.1934737923946557	0.9947159841479525
0.1932168550873587	0.9947089947089947
0.19295991778006166	0.9947019867549669
0.19270298047276466	0.9946949602122016
0.19244604316546762	0.9946879150066401
0.19218910585817062	0.9946808510638298
0.19193216855087358	0.9946737683089214
0.19167523124357658	0.9946666666666667
0.19141829393627954	0.9946595460614153
0.19116135662898254	0.9946524064171123
0.1909044193216855	0.9946452476572959
0.1906474820143885	0.9946380697050938
0.19039054470709146	0.9946308724832215
0.19013360739979446	0.9946236559139785
0.18987667009249742	0.9946164199192463
0.18961973278520042	0.9946091644204852
0.18936279547790338	0.9946018893387314
0.18910585817060638	0.9945945945945946
0.18884892086330934	0.9945872801082544
0.18859198355601234	0.994579945799458
0.1883350462487153	0.994572591587517
0.1880781089414183	0.9945652173913043
0.18782117163412126	0.9945578231292517
0.18756423432682426	0.9945504087193461
0.18730729701952722	0.9945429740791268
0.18705035971223022	0.994535519125683
0.18679342240493318	0.9945280437756497
0.18653648509763618	0.9945205479452055
0.18627954779033915	0.9945130315500685
0.18602261048304214	0.9945054945054945
0.1857656731757451	0.9944979367262724
0.1855087358684481	0.9944903581267218
0.18525179856115107	0.9944827586206897
0.18499486125385406	0.994475138121547
0.18473792394655705	0.9944674965421854
0.18448098663926002	0.9944598337950139
0.184224049331963	0.9944521497919556
0.18396711202466598	0.9944444444444445
0.18371017471736897	0.9944367176634215
0.18345323741007194	0.9944289693593314
0.18319630010277493	0.9944211994421199
0.1829393627954779	0.994413407821229
0.1826824254881809	0.9944055944055944
0.18242548818088386	0.9943977591036415
0.18216855087358685	0.9943899018232819
0.18191161356628982	0.9943820224719101
0.18165467625899281	0.9943741209563994
0.18139773895169578	0.9943661971830986
0.18114080164439877	0.9943582510578279
0.18088386433710174	0.9943502824858758
0.18062692702980473	0.9943422913719944
0.1803699897225077	0.9943342776203966
0.1801130524152107	0.9943262411347518
0.17985611510791366	0.9943181818181818
0.17959917780061666	0.9943100995732574
0.17934224049331962	0.9943019943019943
0.17908530318602262	0.9942938659058488
0.17882836587872558	0.9942857142857143
0.17857142857142858	0.994277539341917
0.17831449126413154	0.994269340974212
0.17805755395683454	0.994261119081779
0.1778006166495375	0.9942528735632183
0.1775436793422405	0.9942446043165467
0.17728674203494346	0.9942363112391931
0.17702980472764646	0.9942279942279942
0.17677286742034942	0.9942196531791907
0.17651593011305242	0.9942112879884226
0.17625899280575538	0.9942028985507246
0.17600205549845838	0.9941944847605225
0.17574511819116137	0.9941860465116279
0.17548818088386434	0.9941775836972343
0.17523124357656733	0.9941690962099126
0.1749743062692703	0.9941605839416059
0.1747173689619733	0.9941520467836257
0.17446043165467626	0.9941434846266471
0.17420349434737925	0.9941348973607038
0.17394655704008222	0.9941262848751835
0.1736896197327852	0.9941176470588236
0.17343268242548818	0.9941089837997055
0.17317574511819117	0.9941002949852508
0.17291880781089414	0.9940915805022157
0.17266187050359713	0.9940828402366864
0.1724049331963001	0.9940740740740741
0.1721479958890031	0.9940652818991098
0.17189105858170606	0.9940564635958395
0.17163412127440905	0.9940476190476191
0.17137718396711202	0.9940387481371088
0.171120246659815	0.9940298507462687
0.17086330935251798	0.9940209267563528
0.17060637204522097	0.9940119760479041
0.17034943473792394	0.9940029985007496
0.17009249743062693	0.993993993993994
0.1698355601233299	0.9939849624060151
0.1695786228160329	0.9939759036144579
0.16932168550873586	0.9939668174962293
0.16906474820143885	0.9939577039274925
0.16880781089414182	0.9939485627836612
0.1685508735868448	0.9939393939393939
0.16829393627954778	0.9939301972685888
0.16803699897225077	0.993920972644377
0.16778006166495374	0.9939117199391172
0.16752312435765673	0.9939024390243902
0.1672661870503597	0.9938931297709923
0.1670092497430627	0.9938837920489296
0.16675231243576566	0.9938744257274119
0.16649537512846865	0.9938650306748467
0.16623843782117165	0.9938556067588326
0.1659815005138746	0.9938461538461538
0.1657245632065776	0.9938366718027735
0.16546762589928057	0.9938271604938271
0.16521068859198357	0.9938176197836167
0.16495375128468653	0.9938080495356038
0.16469681397738953	0.993798449612403
0.1644398766700925	0.9937888198757764
0.1641829393627955	0.9937791601866252
0.16392600205549845	0.9937694704049844
0.16366906474820145	0.9937597503900156
0.16341212744090441	0.99375
0.1631551901336074	0.9937402190923318
0.16289825282631037	0.9937304075235109
0.16264131551901337	0.9937205651491365
0.16238437821171633	0.9937106918238994
0.16212744090441933	0.9937007874015747
0.1618705035971223	0.9936908517350158
0.1616135662898253	0.9936808846761453
0.16135662898252826	0.9936708860759493
0.16109969167523125	0.993660855784469
0.16084275436793422	0.9936507936507937
0.1605858170606372	0.9936406995230525
0.16032887975334018	0.9936305732484076
0.16007194244604317	0.9936204146730463
0.15981500513874614	0.9936102236421726
0.15955806783144913	0.9936
0.1593011305241521	0.9935897435897436
0.1590441932168551	0.9935794542536116
0.15878725590955806	0.9935691318327974
0.15853031860226105	0.9935587761674718
0.15827338129496402	0.9935483870967742
0.158016443987667	0.9935379644588045
0.15775950668036998	0.9935275080906149
0.15750256937307297	0.993517017828201
0.15724563206577596	0.9935064935064936
0.15698869475847893	0.9934959349593496
0.15673175745118192	0.993485342019544
0.1564748201438849	0.9934747145187602
0.15621788283658788	0.9934640522875817
0.15596094552929085	0.9934533551554828
0.15570400822199384	0.9934426229508196
0.1554470709146968	0.993431855500821
0.1551901336073998	0.993421052631579
0.15493319630010277	0.9934102141680395
0.15467625899280577	0.9933993399339934
0.15441932168550873	0.9933884297520661
0.15416238437821173	0.9933774834437086
0.1539054470709147	0.9933665008291874
0.15364850976361769	0.9933554817275747
0.15339157245632065	0.9933444259567388
0.15313463514902365	0.9933333333333333
0.1528776978417266	0.993322203672788
0.1526207605344296	0.9933110367892977
0.15236382322713257	0.9932998324958124
0.15210688591983557	0.9932885906040269
0.15184994861253853	0.9932773109243698
0.15159301130524153	0.9932659932659933
0.1513360739979445	0.9932546374367622
0.1510791366906475	0.9932432432432432
0.15082219938335045	0.9932318104906938
0.15056526207605345	0.9932203389830508
0.1503083247687564	0.9932088285229203
0.1500513874614594	0.9931972789115646
0.14979445015416237	0.9931856899488927
0.14953751284686537	0.9931740614334471
0.14928057553956833	0.9931623931623932
0.14902363823227133	0.9931506849315068
0.1487667009249743	0.9931389365351629
0.1485097636176773	0.993127147766323
0.14825282631038025	0.9931153184165232
0.14799588900308325	0.993103448275862
0.14773895169578624	0.9930915371329879
0.1474820143884892	0.9930795847750865
0.1472250770811922	0.9930675909878682
0.14696813977389517	0.9930555555555556
0.14671120246659816	0.9930434782608696
0.14645426515930113	0.9930313588850174
0.14619732785200412	0.9930191972076788
0.1459403905447071	0.993006993006993
0.14568345323741008	0.9929947460595446
0.14542651593011305	0.9929824561403509
0.14516957862281604	0.9929701230228472
0.144912641315519	0.9929577464788732
0.144655704008222	0.9929453262786596
0.14439876670092497	0.9929328621908127
0.14414182939362796	0.9929203539823008
0.14388489208633093	0.9929078014184397
0.14362795477903392	0.9928952042628775
0.1433710174717369	0.9928825622775801
0.14311408016443988	0.9928698752228164
0.14285714285714285	0.9928571428571429
0.14260020554984584	0.9928443649373881
0.1423432682425488	0.992831541218638
0.1420863309352518	0.992818671454219
0.14182939362795477	0.9928057553956835
0.14157245632065776	0.9927927927927928
0.14131551901336073	0.9927797833935018
0.14105858170606372	0.9927667269439421
0.1408016443987667	0.9927536231884058
0.14054470709146968	0.9927404718693285
0.14028776978417265	0.9927272727272727
0.14003083247687564	0.9927140255009107
0.1397738951695786	0.9927007299270073
0.1395169578622816	0.9926873857404022
0.13926002055498457	0.9926739926739927
0.13900308324768756	0.9926605504587156
0.13874614594039056	0.9926470588235294
0.13848920863309352	0.992633517495396
0.13823227132579652	0.992619926199262
0.13797533401849948	0.9926062846580407
0.13771839671120248	0.9925925925925926
0.13746145940390544	0.9925788497217068
0.13720452209660844	0.9925650557620818
0.1369475847893114	0.9925512104283054
0.1366906474820144	0.9925373134328358
0.13643371017471737	0.9925233644859813
0.13617677286742036	0.9925093632958801
0.13591983556012333	0.9924953095684803
0.13566289825282632	0.9924812030075187
0.13540596094552929	0.992467043314501
0.13514902363823228	0.9924528301886792
0.13489208633093525	0.9924385633270322
0.13463514902363824	0.9924242424242424
0.1343782117163412	0.9924098671726755
0.1343782117163412	0.9942965779467681
0.1341212744090442	0.9942857142857143
0.13386433710174717	0.9942748091603053
0.13360739979445016	0.994263862332696
0.13335046248715313	0.9942528735632183
0.13309352517985612	0.9942418426103646
0.1328365878725591	0.9942307692307693
0.13257965056526208	0.9942196531791907
0.13232271325796505	0.9942084942084942
0.13206577595066804	0.9941972920696325
0.131808838643371	0.9941860465116279
0.131551901336074	0.9941747572815534
0.13129496402877697	0.9941634241245136
0.13103802672147996	0.9941520467836257
0.13078108941418293	0.994140625
0.13052415210688592	0.9941291585127201
0.1302672147995889	0.9941176470588236
0.13001027749229188	0.9941060903732809
0.12975334018499485	0.9940944881889764
0.12949640287769784	0.9940828402366864
0.12923946557040084	0.9940711462450593
0.1289825282631038	0.994059405940594
0.1287255909558068	0.9940476190476191
0.12846865364850976	0.9940357852882704
0.12821171634121276	0.9940239043824701
0.12795477903391572	0.9940119760479041
0.12769784172661872	0.994
0.12744090441932168	0.9939879759519038
0.12718396711202468	0.9939759036144579
0.12692702980472764	0.993963782696177
0.12667009249743064	0.9939516129032258
0.1264131551901336	0.9939393939393939
0.1261562178828366	0.9939271255060729
0.12589928057553956	0.9939148073022313
0.12564234326824256	0.9939024390243902
0.12538540596094552	0.9938900203665988
0.12512846865364852	0.9938775510204082
0.1248715313463515	0.9938650306748467
0.12461459403905448	0.9938524590163934
0.12435765673175746	0.9938398357289527
0.12410071942446044	0.9938271604938271
0.12384378211716342	0.9938144329896907
0.1235868448098664	0.993801652892562
0.12332990750256938	0.9937888198757764
0.12307297019527236	0.9937759336099585
0.12281603288797534	0.9937629937629938
0.12255909558067832	0.99375
0.1223021582733813	0.9937369519832986
0.12204522096608428	0.9937238493723849
0.12178828365878726	0.9937106918238994
0.12153134635149024	0.9936974789915967
0.12127440904419322	0.9936842105263158
0.1210174717368962	0.9936708860759493
0.12076053442959918	0.9936575052854123
0.12050359712230216	0.9936440677966102
0.12024665981500514	0.9936305732484076
0.11998972250770812	0.9936170212765958
0.1197327852004111	0.9936034115138592
0.11947584789311408	0.9935897435897436
0.11921891058581706	0.9935760171306209
0.11896197327852004	0.9935622317596566
0.11870503597122302	0.9935483870967742
0.118448098663926	0.9935344827586207
0.11819116135662898	0.9935205183585313
0.11793422404933196	0.9935064935064936
0.11767728674203494	0.9934924078091106
0.11742034943473792	0.9934782608695653
0.1171634121274409	0.9934640522875817
0.11690647482014388	0.9934497816593887
0.11664953751284686	0.9934354485776805
0.11639260020554984	0.993421052631579
0.11613566289825282	0.9934065934065934
0.1158787255909558	0.9933920704845814
0.1156217882836588	0.9933774834437086
0.11536485097636177	0.9933628318584071
0.11510791366906475	0.9933481152993349
0.11485097636176773	0.9933333333333333
0.11459403905447071	0.9933184855233853
0.1143371017471737	0.9933035714285714
0.11408016443987667	0.9932885906040269
0.11382322713257965	0.9932735426008968
0.11356628982528263	0.9932584269662922
0.11330935251798561	0.9932432432432432
0.1130524152106886	0.9932279909706546
0.11279547790339157	0.9932126696832579
0.11253854059609456	0.9931972789115646
0.11228160328879754	0.9931818181818182
0.11202466598150052	0.9931662870159453
0.1117677286742035	0.9931506849315068
0.11151079136690648	0.9931350114416476
0.11125385405960946	0.9931192660550459
0.11099691675231244	0.993103448275862
0.11073997944501542	0.9930875576036866
0.1104830421377184	0.9930715935334873
0.11022610483042138	0.9930555555555556
0.11022610483042138	0.9953596287703016
0.10996916752312436	0.9953488372093023
0.10971223021582734	0.9953379953379954
0.10945529290853032	0.9953271028037384
0.1091983556012333	0.9953161592505855
0.10894141829393628	0.9953051643192489
0.10868448098663926	0.9952941176470588
0.10842754367934224	0.9952830188679245
0.10817060637204522	0.9952718676122931
0.1079136690647482	0.995260663507109
0.10765673175745118	0.995249406175772
0.10739979445015416	0.9952380952380953
0.10714285714285714	0.9952267303102625
0.10688591983556012	0.9952153110047847
0.1066289825282631	0.9952038369304557
0.10637204522096609	0.9951923076923077
0.10611510791366907	0.9951807228915662
0.10585817060637205	0.9951690821256038
0.10560123329907503	0.9951573849878934
0.10534429599177801	0.9951456310679612
0.10508735868448099	0.9951338199513382
0.10483042137718397	0.9951219512195122
0.10457348406988695	0.9951100244498777
0.10431654676258993	0.9950980392156863
0.10405960945529291	0.995085995085995
0.10380267214799589	0.9950738916256158
0.10354573484069887	0.9950617283950617
0.10328879753340185	0.995049504950495
0.10303186022610483	0.9950372208436724
0.10277492291880781	0.9950248756218906
0.10251798561151079	0.9950124688279302
0.10226104830421377	0.995
0.10200411099691675	0.9949874686716792
0.10174717368961973	0.9949748743718593
0.10149023638232271	0.9949622166246851
0.10123329907502569	0.9949494949494949
0.10097636176772867	0.9949367088607595
0.10071942446043165	0.9949238578680203
0.10046248715313463	0.9949109414758269
0.10020554984583761	0.9948979591836735
0.0999486125385406	0.9948849104859335
0.09969167523124357	0.9948717948717949
0.09943473792394655	0.9948586118251928
0.09917780061664953	0.9948453608247423
0.09892086330935251	0.9948320413436692
0.0986639260020555	0.9948186528497409
0.09840698869475847	0.9948051948051948
0.09815005138746145	0.9947916666666666
0.09789311408016443	0.9947780678851175
0.09763617677286741	0.9947643979057592
0.0973792394655704	0.994750656167979
0.09712230215827339	0.9947368421052631
0.09686536485097637	0.9947229551451188
0.09660842754367935	0.9947089947089947
0.09635149023638233	0.9946949602122016
0.09609455292908531	0.9946808510638298
0.09583761562178829	0.9946666666666667
0.09558067831449127	0.9946524064171123
0.09532374100719425	0.9946380697050938
0.09506680369989723	0.9946236559139785
0.09480986639260021	0.9946091644204852
0.09455292908530319	0.9945945945945946
0.09429599177800617	0.994579945799458
0.09403905447070915	0.9945652173913043
0.09378211716341213	0.9945504087193461
0.09352517985611511	0.994535519125683
0.09326824254881809	0.9945205479452055
0.09301130524152107	0.9945054945054945
0.09275436793422405	0.9944903581267218
0.09249743062692703	0.994475138121547
0.09224049331963001	0.9944598337950139
0.09198355601233299	0.9944444444444445
0.09172661870503597	0.9944289693593314
0.09146968139773895	0.994413407821229
0.09121274409044193	0.9943977591036415
0.09095580678314491	0.9943820224719101
0.09069886947584789	0.9943661971830986
0.09044193216855087	0.9943502824858758
0.09018499486125385	0.9943342776203966
0.08992805755395683	0.9943181818181818
0.08967112024665981	0.9943019943019943
0.08941418293936279	0.9942857142857143
0.08915724563206577	0.994269340974212
0.08890030832476875	0.9942528735632183
0.08864337101747173	0.9942363112391931
0.08838643371017471	0.9942196531791907
0.08812949640287769	0.9942028985507246
0.08787255909558069	0.9941860465116279
0.08761562178828367	0.9941690962099126
0.08735868448098665	0.9941520467836257
0.08710174717368963	0.9941348973607038
0.0868448098663926	0.9941176470588236
0.08658787255909559	0.9941002949852508
0.08633093525179857	0.9940828402366864
0.08607399794450155	0.9940652818991098
0.08581706063720453	0.9940476190476191
0.0855601233299075	0.9940298507462687
0.08530318602261049	0.9940119760479041
0.08504624871531347	0.993993993993994
0.08478931140801645	0.9939759036144579
0.08453237410071943	0.9939577039274925
0.0842754367934224	0.9939393939393939
0.08401849948612539	0.993920972644377
0.08376156217882837	0.9939024390243902
0.08350462487153135	0.9938837920489296
0.08324768756423433	0.9938650306748467
0.0829907502569373	0.9938461538461538
0.08273381294964029	0.9938271604938271
0.08247687564234327	0.9938080495356038
0.08221993833504625	0.9937888198757764
0.08196300102774923	0.9937694704049844
0.08170606372045221	0.99375
0.08144912641315519	0.9937304075235109
0.08119218910585817	0.9937106918238994
0.08093525179856115	0.9936908517350158
0.08067831449126413	0.9936708860759493
0.08042137718396711	0.9936507936507937
0.08016443987667009	0.9936305732484076
0.07990750256937307	0.9936102236421726
0.07965056526207605	0.9935897435897436
0.07939362795477903	0.9935691318327974
0.07913669064748201	0.9935483870967742
0.07887975334018499	0.9935275080906149
0.07862281603288798	0.9935064935064936
0.07836587872559096	0.993485342019544
0.07810894141829394	0.9934640522875817
0.07785200411099692	0.9934426229508196
0.0775950668036999	0.993421052631579
0.07733812949640288	0.9933993399339934
0.07708119218910586	0.9933774834437086
0.07682425488180884	0.9933554817275747
0.07656731757451182	0.9933333333333333
0.0763103802672148	0.9933110367892977
0.07605344295991778	0.9932885906040269
0.07579650565262076	0.9932659932659933
0.07553956834532374	0.9932432432432432
0.07528263103802672	0.9932203389830508
0.0750256937307297	0.9931972789115646
0.07476875642343268	0.9931740614334471
0.07451181911613566	0.9931506849315068
0.07425488180883864	0.993127147766323
0.07399794450154162	0.993103448275862
0.0737410071942446	0.9930795847750865
0.07348406988694758	0.9930555555555556
0.07322713257965056	0.9930313588850174
0.07297019527235354	0.993006993006993
0.07271325796505652	0.9929824561403509
0.0724563206577595	0.9929577464788732
0.07219938335046248	0.9929328621908127
0.07194244604316546	0.9929078014184397
0.07168550873586844	0.9928825622775801
0.07168550873586844	0.9964285714285714
0.07142857142857142	0.996415770609319
0.0711716341212744	0.9964028776978417
0.07091469681397738	0.9963898916967509
0.07065775950668036	0.9963768115942029
0.07040082219938334	0.9963636363636363
0.07014388489208633	0.9963503649635036
0.0698869475847893	0.9963369963369964
0.06963001027749229	0.9963235294117647
0.06937307297019528	0.996309963099631
0.06911613566289826	0.9962962962962963
0.06885919835560124	0.9962825278810409
0.06860226104830422	0.996268656716418
0.0683453237410072	0.9962546816479401
0.06808838643371018	0.9962406015037594
0.06783144912641316	0.9962264150943396
0.06757451181911614	0.9962121212121212
0.06731757451181912	0.9961977186311787
0.0670606372045221	0.9961832061068703
0.06680369989722508	0.9961685823754789
0.06654676258992806	0.9961538461538462
0.06628982528263104	0.9961389961389961
0.06603288797533402	0.9961240310077519
0.065775950668037	0.9961089494163424
0.06551901336073998	0.99609375
0.06526207605344296	0.996078431372549
0.06500513874614594	0.9960629921259843
0.06474820143884892	0.9960474308300395
0.0644912641315519	0.996031746031746
0.06423432682425488	0.9960159362549801
0.06397738951695786	0.996
0.06372045220966084	0.9959839357429718
0.06346351490236382	0.9959677419354839
0.0632065775950668	0.9959514170040485
0.06294964028776978	0.9959349593495935
0.06269270298047276	0.9959183673469387
0.06243576567317575	0.9959016393442623
0.06217882836587873	0.9958847736625515
0.06192189105858171	0.9958677685950413
0.06166495375128469	0.995850622406639
0.06140801644398767	0.9958333333333333
0.06115107913669065	0.99581589958159
0.06089414182939363	0.9957983193277311
0.06063720452209661	0.9957805907172996
0.06038026721479959	0.9957627118644068
0.06012332990750257	0.9957446808510638
0.05986639260020555	0.9957264957264957
0.05960945529290853	0.9957081545064378
0.05935251798561151	0.9956896551724138
0.05909558067831449	0.9956709956709957
0.05883864337101747	0.9956521739130435
0.05858170606372045	0.9956331877729258
0.05832476875642343	0.9956140350877193
0.05806783144912641	0.9955947136563876
0.0578108941418294	0.995575221238938
0.05755395683453238	0.9955555555555555
0.05729701952723536	0.9955357142857143
0.05704008221993834	0.9955156950672646
0.05678314491264132	0.9954954954954955
0.0565262076053443	0.995475113122172
0.05626927029804728	0.9954545454545455
0.05601233299075026	0.9954337899543378
0.05575539568345324	0.9954128440366973
0.05549845837615622	0.9953917050691244
0.0552415210688592	0.9953703703703703
0.05498458376156218	0.9953488372093023
0.05447070914696814	0.9953051643192489
0.05421377183967112	0.9952830188679245
0.0539568345323741	0.995260663507109
0.05369989722507708	0.9952380952380953
0.05344295991778006	0.9952153110047847
0.053186022610483046	0.9951923076923077
0.052929085303186026	0.9951690821256038
0.052672147995889006	0.9951456310679612
0.052415210688591986	0.9951219512195122
0.052158273381294966	0.9950980392156863
0.051901336073997946	0.9950738916256158
0.051644398766700926	0.995049504950495
0.051387461459403906	0.9950248756218906
0.051387461459403906	1.0
0.051130524152106886	1.0
0.050873586844809866	1.0
0.050616649537512846	1.0
0.050359712230215826	1.0
0.05010277492291881	1.0
0.04984583761562179	1.0
0.04958890030832477	1.0
0.04933196300102775	1.0
0.04907502569373073	1.0
0.04881808838643371	1.0
0.048561151079136694	1.0
0.048304213771839674	1.0
0.048047276464542654	1.0
0.047790339157245634	1.0
0.047533401849948614	1.0
0.047276464542651594	1.0
0.047019527235354575	1.0
0.046762589928057555	1.0
0.046505652620760535	1.0
0.046248715313463515	1.0
0.045991778006166495	1.0
0.045734840698869475	1.0
0.045477903391572455	1.0
0.045220966084275435	1.0
0.044964028776978415	1.0
0.044707091469681395	1.0
0.044450154162384375	1.0
0.044193216855087356	1.0
0.04393627954779034	1.0
0.04367934224049332	1.0
0.0434224049331963	1.0
0.04316546762589928	1.0
0.04290853031860226	1.0
0.04265159301130524	1.0
0.04239465570400822	1.0
0.0421377183967112	1.0
0.04188078108941418	1.0
0.04162384378211716	1.0
0.04136690647482014	1.0
0.041109969167523124	1.0
0.040853031860226104	1.0
0.040596094552929084	1.0
0.040339157245632064	1.0
0.040082219938335044	1.0
0.039825282631038024	1.0
0.039568345323741004	1.0
0.03931140801644399	1.0
0.03905447070914697	1.0
0.03879753340184995	1.0
0.03854059609455293	1.0
0.03828365878725591	1.0
0.03802672147995889	1.0
0.03776978417266187	1.0
0.03751284686536485	1.0
0.03725590955806783	1.0
0.03699897225077081	1.0
0.03674203494347379	1.0
0.03648509763617677	1.0
0.03622816032887975	1.0
0.03597122302158273	1.0
0.03571428571428571	1.0
0.03545734840698869	1.0
0.03520041109969167	1.0
0.03494347379239465	1.0
0.03468653648509764	1.0
0.03442959917780062	1.0
0.0341726618705036	1.0
0.03391572456320658	1.0
0.03365878725590956	1.0
0.03340184994861254	1.0
0.03314491264131552	1.0
0.0328879753340185	1.0
0.03263103802672148	1.0
0.03237410071942446	1.0
0.03211716341212744	1.0
0.03186022610483042	1.0
0.0316032887975334	1.0
0.03134635149023638	1.0
0.031089414182939364	1.0
0.030832476875642344	1.0
0.030575539568345324	1.0
0.030318602261048305	1.0
0.030061664953751285	1.0
0.029804727646454265	1.0
0.029547790339157245	1.0
0.029290853031860225	1.0
0.029033915724563205	1.0
0.02877697841726619	1.0
0.02852004110996917	1.0
0.02826310380267215	1.0
0.02800616649537513	1.0
0.02774922918807811	1.0
0.02723535457348407	1.0
0.02697841726618705	1.0
0.02672147995889003	1.0
0.026464542651593013	1.0
0.026207605344295993	1.0
0.025950668036998973	1.0
0.025693730729701953	1.0
0.025436793422404933	1.0
0.025179856115107913	1.0
0.024922918807810893	1.0
0.024665981500513873	1.0
0.024409044193216854	1.0
0.024152106885919837	1.0
0.023895169578622817	1.0
0.023638232271325797	1.0
0.023381294964028777	1.0
0.023124357656731757	1.0
0.022867420349434738	1.0
0.022610483042137718	1.0
0.022353545734840698	1.0
0.022096608427543678	1.0
0.02183967112024666	1.0
0.02158273381294964	1.0
0.02132579650565262	1.0
0.0210688591983556	1.0
0.02081192189105858	1.0
0.020554984583761562	1.0
0.020298047276464542	1.0
0.020041109969167522	1.0
0.019784172661870502	1.0
0.019527235354573486	1.0
0.019270298047276466	1.0
0.019013360739979446	1.0
0.018756423432682426	1.0
0.018499486125385406	1.0
0.018242548818088386	1.0
0.017985611510791366	1.0
0.017728674203494346	1.0
0.017471736896197326	1.0
0.01721479958890031	1.0
0.01695786228160329	1.0
0.01670092497430627	1.0
0.01644398766700925	1.0
0.01618705035971223	1.0
0.01593011305241521	1.0
0.01567317574511819	1.0
0.015416238437821172	1.0
0.015159301130524152	1.0
0.014902363823227132	1.0
0.014645426515930112	1.0
0.014388489208633094	1.0
0.014131551901336074	1.0
0.013874614594039054	1.0
0.013617677286742035	1.0
0.013360739979445015	1.0
0.013103802672147996	1.0
0.012846865364850977	1.0
0.012589928057553957	1.0
0.012332990750256937	1.0
0.012076053442959919	1.0
0.011819116135662899	1.0
0.011562178828365879	1.0
0.011305241521068859	1.0
0.011048304213771839	1.0
0.01079136690647482	1.0
0.0105344295991778	1.0
0.010277492291880781	1.0
0.010020554984583761	1.0
0.009763617677286743	1.0
0.009506680369989723	1.0
0.009249743062692703	1.0
0.008992805755395683	1.0
0.008735868448098663	1.0
0.008478931140801645	1.0
0.008221993833504625	1.0
0.007965056526207605	1.0
0.007708119218910586	1.0
0.007451181911613566	1.0
0.007194244604316547	1.0
0.006937307297019527	1.0
0.006680369989722507	1.0
0.006423432682425488	1.0
0.006166495375128468	1.0
0.005909558067831449	1.0
0.005652620760534429	1.0
0.00539568345323741	1.0
0.0051387461459403904	1.0
0.004881808838643371	1.0
0.0046248715313463515	1.0
0.004367934224049332	1.0
0.0041109969167523125	1.0
0.003854059609455293	1.0
0.0035971223021582736	1.0
0.0033401849948612537	1.0
0.003083247687564234	1.0
0.0028263103802672147	1.0
0.0025693730729701952	1.0
0.0023124357656731757	1.0
0.0020554984583761563	1.0
0.0017985611510791368	1.0
0.001541623843782117	1.0
0.0012846865364850976	1.0
0.0010277492291880781	1.0
0.0007708119218910585	1.0
0.0005138746145940391	1.0
0.00025693730729701953	1.0
0.0	1.0
