# average_precision["micro"]	0.999823564571723
recall	precision
1.0	0.7631372549019608
0.999743062692703	0.7630908021180624
0.999743062692703	0.7632404864652805
0.999743062692703	0.7633902295467923
0.999743062692703	0.7635400313971743
0.999743062692703	0.7636898920510304
0.999743062692703	0.7638398115429917
0.999743062692703	0.7639897899077165
0.999743062692703	0.76413982717989
0.999743062692703	0.7642899233942251
0.999743062692703	0.7644400785854617
0.999743062692703	0.7645902927883671
0.999743062692703	0.7647405660377359
0.999743062692703	0.76489089836839
0.999743062692703	0.7650412898151789
0.999743062692703	0.7651917404129793
0.999743062692703	0.7653422501966956
0.999743062692703	0.7654928192012591
0.999743062692703	0.7656434474616293
0.999743062692703	0.7657941350127928
0.999743062692703	0.7659448818897637
0.999743062692703	0.7660956881275842
0.999743062692703	0.7662465537613233
0.999743062692703	0.7663974788260783
0.999743062692703	0.766548463356974
0.999743062692703	0.7666995073891626
0.999743062692703	0.7668506109578243
0.999743062692703	0.7670017740981667
0.999743062692703	0.7671529968454258
0.999743062692703	0.7673042792348649
0.999743062692703	0.7674556213017751
0.999743062692703	0.7676070230814757
0.999743062692703	0.7677584846093133
0.999743062692703	0.7679100059206632
0.999743062692703	0.7680615870509278
0.999743062692703	0.768213228035538
0.999743062692703	0.7683649289099526
0.999743062692703	0.7685166897096583
0.999743062692703	0.7686685104701699
0.999743062692703	0.7688203912270303
0.999743062692703	0.7689723320158103
0.999743062692703	0.7691243328721091
0.999743062692703	0.769276393831554
0.999743062692703	0.7694285149298002
0.999743062692703	0.7695806962025317
0.999743062692703	0.7697329376854599
0.999743062692703	0.7698852394143253
0.999743062692703	0.7700376014248961
0.999743062692703	0.7701900237529691
0.999743062692703	0.7703425064343694
0.999743062692703	0.7704950495049505
0.999743062692703	0.7706476530005941
0.999743062692703	0.7708003169572107
0.999743062692703	0.7709530414107391
0.999743062692703	0.7711058263971462
0.999743062692703	0.7712586719524281
0.999743062692703	0.7714115781126091
0.999743062692703	0.7715645449137418
0.999743062692703	0.771717572391908
0.999743062692703	0.7718706605832176
0.999743062692703	0.7720238095238096
0.999743062692703	0.7721770192498512
0.999743062692703	0.7723302897975387
0.999743062692703	0.7724836212030971
0.999743062692703	0.77263701350278
0.999743062692703	0.7727904667328699
0.999743062692703	0.7729439809296782
0.999743062692703	0.773097556129545
0.999743062692703	0.7732511923688394
0.999743062692703	0.7734048896839595
0.999743062692703	0.773558648111332
0.999743062692703	0.773712467687413
0.999743062692703	0.7738663484486874
0.999743062692703	0.774020290431669
0.999743062692703	0.7741742936729009
0.999743062692703	0.7743283582089552
0.999743062692703	0.7744824840764332
0.999743062692703	0.774636671311965
0.999743062692703	0.7747909199522103
0.999743062692703	0.7749452300338578
0.999743062692703	0.7750996015936255
0.999743062692703	0.7752540346682606
0.999743062692703	0.7754085292945396
0.999743062692703	0.7755630855092684
0.999743062692703	0.7757177033492823
0.999743062692703	0.7758723828514457
0.999743062692703	0.7760271240526526
0.999743062692703	0.7761819269898265
0.999743062692703	0.7763367916999202
0.999743062692703	0.7764917182199161
0.999743062692703	0.7766467065868263
0.999743062692703	0.7768017568376921
0.999743062692703	0.7769568690095847
0.999743062692703	0.7771120431396046
0.999743062692703	0.7772672792648821
0.999743062692703	0.7774225774225775
0.999743062692703	0.7775779376498801
0.999743062692703	0.7777333599840096
0.999743062692703	0.7778888444622151
0.999743062692703	0.7780443911217756
0.999743062692703	0.7782
0.999743062692703	0.7783556711342269
0.999743062692703	0.7785114045618248
0.999743062692703	0.7786672003201921
0.999743062692703	0.7788230584467574
0.999743062692703	0.7789789789789789
0.999743062692703	0.7791349619543452
0.999743062692703	0.7792910074103745
0.999743062692703	0.7794471153846154
0.999743062692703	0.7796032859146463
0.999743062692703	0.7797595190380762
0.999743062692703	0.7799158147925436
0.999743062692703	0.7800721732157178
0.999743062692703	0.7802285943452978
0.999743062692703	0.7803850782190133
0.999743062692703	0.7805416248746239
0.999743062692703	0.7806982343499197
0.999743062692703	0.7808549066827213
0.999743062692703	0.7810116419108791
0.999743062692703	0.7811684400722746
0.999743062692703	0.7813253012048192
0.999743062692703	0.7814822253464551
0.999743062692703	0.7816392125351547
0.999743062692703	0.781796262808921
0.999743062692703	0.7819533762057878
0.999743062692703	0.7821105527638191
0.999743062692703	0.7822677925211098
0.999743062692703	0.7824250955157852
0.999743062692703	0.7825824617860017
0.999743062692703	0.7827398913699457
0.999743062692703	0.782897384305835
0.999743062692703	0.7830549406319179
0.999743062692703	0.7832125603864735
0.999743062692703	0.7833702436078116
0.999743062692703	0.783527990334273
0.999743062692703	0.7836858006042297
0.999743062692703	0.7838436744560838
0.999743062692703	0.7840016119282692
0.999743062692703	0.7841596130592503
0.999743062692703	0.7843176778875227
0.999743062692703	0.7844758064516129
0.999743062692703	0.7846339987900787
0.999743062692703	0.7847922549415087
0.999743062692703	0.7849505749445229
0.999743062692703	0.7851089588377724
0.999743062692703	0.7852674066599394
0.999743062692703	0.7854259184497376
0.999743062692703	0.7855844942459116
0.999743062692703	0.7857431340872375
0.999743062692703	0.7859018380125227
0.999743062692703	0.786060606060606
0.999743062692703	0.7862194382703577
0.999743062692703	0.7863783346806791
0.999743062692703	0.7865372953305033
0.999743062692703	0.786696320258795
0.999743062692703	0.78685540950455
0.999743062692703	0.7870145631067961
0.999743062692703	0.7871737811045924
0.999743062692703	0.7873330635370296
0.999743062692703	0.7874924104432302
0.999743062692703	0.7876518218623482
0.999743062692703	0.7878112978335695
0.999743062692703	0.7879708383961118
0.999743062692703	0.7881304435892242
0.999743062692703	0.788290113452188
0.999743062692703	0.7884498480243161
0.999743062692703	0.7886096473449534
0.999743062692703	0.7887695114534766
0.999743062692703	0.7889294403892944
0.999743062692703	0.7890894341918475
0.999743062692703	0.7892494929006085
0.999743062692703	0.7894096165550821
0.999743062692703	0.7895698051948052
0.999743062692703	0.7897300588593464
0.999743062692703	0.7898903775883069
0.999743062692703	0.7900507614213198
0.999743062692703	0.7902112103980503
0.999743062692703	0.7903717245581963
0.999743062692703	0.7905323039414872
0.999743062692703	0.7906929485876855
0.999743062692703	0.7908536585365854
0.999743062692703	0.7910144338280138
0.999743062692703	0.79117527450183
0.999743062692703	0.7913361805979255
0.999743062692703	0.7914971521562246
0.999743062692703	0.7916581892166836
0.999743062692703	0.7918192918192918
0.999743062692703	0.7919804600040709
0.999743062692703	0.7921416938110749
0.999743062692703	0.792302993280391
0.999743062692703	0.7924643584521385
0.999743062692703	0.7926257893664698
0.999743062692703	0.7927872860635696
0.999743062692703	0.792948848583656
0.999743062692703	0.7931104769669792
0.999743062692703	0.7932721712538227
0.999743062692703	0.7934339314845025
0.999743062692703	0.7935957576993677
0.999743062692703	0.7937576499388005
0.999743062692703	0.7939196082432157
0.999743062692703	0.7940816326530612
0.999743062692703	0.7942437232088181
0.999743062692703	0.7944058799510004
0.999743062692703	0.7945681029201552
0.999743062692703	0.7947303921568627
0.999743062692703	0.7948927477017365
0.999743062692703	0.795055169595423
0.999743062692703	0.7952176578786021
0.999743062692703	0.7953802125919869
0.999743062692703	0.7955428337763238
0.999743062692703	0.7957055214723926
0.999743062692703	0.7958682757210064
0.999743062692703	0.7960310965630114
0.999743062692703	0.7961939840392879
0.999743062692703	0.796356938190749
0.999743062692703	0.7965199590583418
0.999743062692703	0.7966830466830467
0.999743062692703	0.7968462011058776
0.999743062692703	0.797009422367882
0.999743062692703	0.7971727105101414
0.999743062692703	0.7973360655737705
0.999743062692703	0.7974994875999181
0.999743062692703	0.7976629766297663
0.999743062692703	0.7978265327045315
0.999743062692703	0.7979901558654635
0.999743062692703	0.7981538461538461
0.999743062692703	0.7983176036109971
0.999743062692703	0.798481428278268
0.999743062692703	0.7986453201970444
0.999743062692703	0.7988092794087457
0.999743062692703	0.7989733059548254
0.999743062692703	0.7991373998767715
0.999743062692703	0.7993015612161052
0.999743062692703	0.7994657900143826
0.999743062692703	0.7996300863131935
0.999743062692703	0.7997944501541624
0.999743062692703	0.7999588815789473
0.999743062692703	0.8001233806292412
0.999743062692703	0.8002879473467709
0.999743062692703	0.8004525817732977
0.999743062692703	0.8006172839506173
0.999743062692703	0.8007820539205598
0.999743062692703	0.8009468917249897
0.999743062692703	0.8011117974058061
0.999743062692703	0.8012767710049423
0.999743062692703	0.8014418125643666
0.999743062692703	0.8016069221260815
0.999743062692703	0.8017720997321245
0.999743062692703	0.8019373454245672
0.999743062692703	0.8021026592455164
0.999743062692703	0.8022680412371134
0.999743062692703	0.8024334914415343
0.999743062692703	0.8025990099009901
0.999743062692703	0.8027645966577265
0.999743062692703	0.8029302517540239
0.999743062692703	0.8030959752321981
0.999743062692703	0.8032617671345995
0.999743062692703	0.8034276275036135
0.999743062692703	0.8035935563816605
0.999743062692703	0.803759553811196
0.999743062692703	0.8039256198347108
0.999743062692703	0.8040917544947304
0.999743062692703	0.8042579578338156
0.999743062692703	0.8044242298945627
0.999743062692703	0.8045905707196029
0.999743062692703	0.8047569803516029
0.999743062692703	0.8049234588332643
0.999743062692703	0.8050900062073246
0.999743062692703	0.8052566225165563
0.999743062692703	0.8054233078037674
0.999743062692703	0.8055900621118013
0.999743062692703	0.805756885483537
0.999743062692703	0.805923777961889
0.999743062692703	0.8060907395898074
0.999743062692703	0.8062577704102777
0.999743062692703	0.8064248704663213
0.999743062692703	0.806592039800995
0.999743062692703	0.8067592784573917
0.999743062692703	0.8069265864786396
0.999743062692703	0.8070939639079029
0.999743062692703	0.8072614107883818
0.999743062692703	0.8074289271633119
0.999743062692703	0.8075965130759651
0.999743062692703	0.8077641685696492
0.999743062692703	0.8079318936877077
0.999743062692703	0.8080996884735202
0.999743062692703	0.8082675529705027
0.999743062692703	0.8084354872221068
0.999743062692703	0.8086034912718204
0.999743062692703	0.8087715651631677
0.999743062692703	0.8089397089397089
0.999743062692703	0.8091079226450405
0.999743062692703	0.8092762063227953
0.999743062692703	0.8094445600166424
0.999743062692703	0.8096129837702871
0.999743062692703	0.8097814776274714
0.999743062692703	0.8099500416319734
0.999743062692703	0.8101186758276078
0.999743062692703	0.8102873802582258
0.999743062692703	0.8104561549677151
0.999743062692703	0.810625
0.999743062692703	0.8107939153990414
0.999743062692703	0.810962901208837
0.999743062692703	0.8111319574734209
0.999743062692703	0.8113010842368641
0.999743062692703	0.8114702815432743
0.999743062692703	0.811639549436796
0.999743062692703	0.8118088879616107
0.999743062692703	0.8119782971619366
0.999743062692703	0.8121477770820288
0.999743062692703	0.8123173277661795
0.999743062692703	0.8124869492587179
0.999743062692703	0.8126566416040101
0.999743062692703	0.8128264048464592
0.999743062692703	0.8129962390305057
0.999743062692703	0.8131661442006269
0.999743062692703	0.8133361204013378
0.999743062692703	0.8135061676771901
0.999743062692703	0.8136762860727729
0.999743062692703	0.8138464756327128
0.999743062692703	0.8140167364016736
0.999743062692703	0.8141870684243565
0.999743062692703	0.8143574717455002
0.999743062692703	0.8145279464098807
0.999743062692703	0.8146984924623115
0.999743062692703	0.8148691099476439
0.999743062692703	0.8150397989107666
0.999743062692703	0.8152105593966059
0.999743062692703	0.8153813914501258
0.999743062692703	0.8155522951163278
0.999743062692703	0.8157232704402516
0.999743062692703	0.8158943174669742
0.999743062692703	0.8160654362416108
0.999743062692703	0.8162366268093141
0.999743062692703	0.8164078892152749
0.999743062692703	0.8165792235047219
0.999743062692703	0.8167506297229219
0.999743062692703	0.8169221079151795
0.999743062692703	0.8170936581268374
0.999743062692703	0.8172652804032766
0.999743062692703	0.817436974789916
0.999743062692703	0.8176087413322126
0.999743062692703	0.817780580075662
0.999743062692703	0.8179524910657978
0.999743062692703	0.8181244743481918
0.999743062692703	0.8182965299684543
0.999743062692703	0.8184686579722339
0.999743062692703	0.8186408584052177
0.999743062692703	0.8188131313131313
0.999743062692703	0.8189854767417386
0.999743062692703	0.8191578947368421
0.999743062692703	0.819330385344283
0.999743062692703	0.819502948609941
0.999743062692703	0.8196755845797346
0.999743062692703	0.8198482932996207
0.999743062692703	0.8200210748155954
0.999743062692703	0.820193929173693
0.999743062692703	0.8203668564199873
0.999743062692703	0.8205398566005905
0.999743062692703	0.8207129297616537
0.999743062692703	0.8208860759493671
0.999743062692703	0.8210592952099599
0.999743062692703	0.8212325875897003
0.999743062692703	0.8214059531348955
0.999743062692703	0.8215793918918919
0.999743062692703	0.821752903907075
0.999743062692703	0.8219264892268695
0.999743062692703	0.8221001478977393
0.999743062692703	0.8222738799661876
0.999743062692703	0.8224476854787571
0.999743062692703	0.8226215644820296
0.999743062692703	0.8227955170226263
0.999743062692703	0.8229695431472082
0.999743062692703	0.8231436429024751
0.999743062692703	0.8233178163351672
0.999743062692703	0.8234920634920635
0.999743062692703	0.8236663844199831
0.999743062692703	0.8238407791657845
0.999743062692703	0.8240152477763659
0.999743062692703	0.8241897902986656
0.999743062692703	0.824364406779661
0.999743062692703	0.82453909726637
0.999743062692703	0.8247138618058499
0.999743062692703	0.8248887004451982
0.999743062692703	0.8250636132315522
0.999743062692703	0.8252386002120891
0.999743062692703	0.8254136614340263
0.999743062692703	0.8255887969446213
0.999743062692703	0.8257640067911715
0.999743062692703	0.8259392910210146
0.999743062692703	0.8261146496815287
0.999743062692703	0.8262900828201316
0.999743062692703	0.826465590484282
0.999743062692703	0.8266411727214786
0.999743062692703	0.8268168295792605
0.999743062692703	0.8269925611052072
0.999743062692703	0.8271683673469388
0.999743062692703	0.8273442483521156
0.999743062692703	0.827520204168439
0.999743062692703	0.8276962348436503
0.999743062692703	0.8278723404255319
0.999743062692703	0.8280485209619068
0.999743062692703	0.8282247765006385
0.999743062692703	0.8284011070896317
0.999743062692703	0.8285775127768313
0.999743062692703	0.8287539936102236
0.999743062692703	0.8289305496378355
0.999743062692703	0.8291071809077349
0.999743062692703	0.8292838874680307
0.999743062692703	0.8294606693668727
0.999743062692703	0.829637526652452
0.999743062692703	0.8298144593730007
0.999743062692703	0.8299914675767918
0.999743062692703	0.83016855131214
0.999743062692703	0.8303457106274008
0.999743062692703	0.8305229455709712
0.999743062692703	0.8307002561912895
0.999743062692703	0.8308776425368354
0.999743062692703	0.8310551046561299
0.999743062692703	0.8312326425977355
0.999743062692703	0.8314102564102565
0.999743062692703	0.8315879461423381
0.999743062692703	0.8317657118426678
0.999743062692703	0.8319435535599743
0.999743062692703	0.8321214713430283
0.999743062692703	0.8322994652406417
0.999743062692703	0.8324775353016688
0.999743062692703	0.8326556815750054
0.999743062692703	0.832833904109589
0.999743062692703	0.8330122029543995
0.999743062692703	0.8331905781584582
0.999743062692703	0.8333690297708288
0.999743062692703	0.833547557840617
0.999743062692703	0.8337261624169702
0.999743062692703	0.8339048435490785
0.999743062692703	0.8340836012861736
0.999743062692703	0.83426243567753
0.999743062692703	0.8344413467724641
0.999743062692703	0.8346203346203346
0.999743062692703	0.8347993992705428
0.999743062692703	0.8349785407725322
0.999743062692703	0.8351577591757888
0.999743062692703	0.8353370545298411
0.999743062692703	0.8355164268842602
0.999743062692703	0.8356958762886598
0.999743062692703	0.835875402792696
0.999743062692703	0.8360550064460679
0.999743062692703	0.8362346872985171
0.999743062692703	0.836414445399828
0.999743062692703	0.836594280799828
0.999743062692703	0.8367741935483871
0.999743062692703	0.8369541836954184
0.999743062692703	0.8371342512908778
0.999743062692703	0.8373143963847643
0.999743062692703	0.8374946190271201
0.999743062692703	0.8376749192680302
0.999743062692703	0.8378552971576227
0.999743062692703	0.8380357527460693
0.999743062692703	0.8382162860835847
0.999743062692703	0.8383968972204267
0.999743062692703	0.8385775862068966
0.999743062692703	0.8387583530933391
0.999743062692703	0.8389391979301423
0.999743062692703	0.8391201207677378
0.999743062692703	0.8393011216566005
0.999743062692703	0.8394822006472492
0.999743062692703	0.839663357790246
0.999743062692703	0.8398445931361969
0.999743062692703	0.8400259067357513
0.999743062692703	0.8402072986396026
0.999743062692703	0.8403887688984881
0.999743062692703	0.8405703175631886
0.999743062692703	0.840751944684529
0.999743062692703	0.840933650313378
0.999743062692703	0.8411154345006485
0.999743062692703	0.8412972972972973
0.999743062692703	0.8414792387543253
0.999743062692703	0.8416612589227774
0.999743062692703	0.841843357853743
0.999743062692703	0.8420255355983554
0.999743062692703	0.8422077922077922
0.999743062692703	0.8423901277332756
0.999743062692703	0.8425725422260719
0.999743062692703	0.8427550357374919
0.999743062692703	0.8429376083188909
0.999743062692703	0.8431202600216685
0.999743062692703	0.8433029908972692
0.999743062692703	0.8434858009971818
0.999743062692703	0.8436686903729401
0.999743062692703	0.8438516590761224
0.999743062692703	0.8440347071583514
0.999743062692703	0.8442178346712953
0.999743062692703	0.8444010416666666
0.999743062692703	0.8445843281962231
0.999743062692703	0.8447676943117672
0.999743062692703	0.8449511400651466
0.999743062692703	0.8451346655082537
0.999743062692703	0.8453182706930263
0.999743062692703	0.8455019556714471
0.999743062692703	0.8456857204955445
0.999743062692703	0.8458695652173913
0.999743062692703	0.8460534898891063
0.999743062692703	0.8462374945628535
0.999743062692703	0.8464215792908418
0.999743062692703	0.8466057441253264
0.999743062692703	0.8467899891186071
0.999743062692703	0.84697431432303
0.999743062692703	0.8471587197909863
0.999743062692703	0.8473432055749129
0.999743062692703	0.8475277717272925
0.999743062692703	0.8477124183006536
0.999743062692703	0.8478971453475703
0.999743062692703	0.8480819529206626
0.999743062692703	0.8482668410725964
0.999743062692703	0.8484518098560837
0.999743062692703	0.8486368593238822
0.999743062692703	0.8488219895287958
0.999743062692703	0.8490072005236744
0.999743062692703	0.8491924923614143
0.999743062692703	0.8493778650949574
0.999743062692703	0.8495633187772926
0.999743062692703	0.8497488534614545
0.999743062692703	0.8499344692005243
0.999743062692703	0.8501201660476294
0.999743062692703	0.8503059440559441
0.999743062692703	0.8504918032786886
0.999743062692703	0.8506777437691299
0.999743062692703	0.8508637655805816
0.999743062692703	0.8510498687664042
0.999743062692703	0.8512360533800044
0.999743062692703	0.8514223194748359
0.999743062692703	0.8516086671043992
0.999743062692703	0.8517950963222417
0.999743062692703	0.8519816071819575
0.999743062692703	0.8521681997371879
0.999743062692703	0.852354874041621
0.999743062692703	0.8525416301489921
0.999743062692703	0.8527284681130834
0.999743062692703	0.8529153879877247
0.999743062692703	0.8531023898267923
0.999743062692703	0.8532894736842105
0.999743062692703	0.8534766396139505
0.999743062692703	0.8536638876700308
0.999743062692703	0.8538512179065174
0.999743062692703	0.8540386303775241
0.999743062692703	0.8542261251372119
0.999743062692703	0.8544137022397892
0.999743062692703	0.8546013617395124
0.999743062692703	0.8547891036906854
0.999743062692703	0.8549769281476599
0.999743062692703	0.8551648351648352
0.999743062692703	0.8553528247966586
0.999743062692703	0.8555408970976254
0.999743062692703	0.8557290521222785
0.999743062692703	0.855917289925209
0.999743062692703	0.856105610561056
0.999743062692703	0.856294014084507
0.999743062692703	0.8564825005502972
0.999743062692703	0.8566710700132101
0.999743062692703	0.8568597225280775
0.999743062692703	0.8570484581497797
0.999743062692703	0.8572372769332453
0.999743062692703	0.8574261789334509
0.999743062692703	0.857615164205422
0.999743062692703	0.8578042328042328
0.999743062692703	0.8579933847850055
0.999743062692703	0.8581826202029114
0.999743062692703	0.8583719391131701
0.999743062692703	0.8585613415710504
0.999743062692703	0.8587508276318694
0.999743062692703	0.8589403973509934
0.999743062692703	0.8591300507838375
0.999743062692703	0.8593197879858657
0.999743062692703	0.8595096090125911
0.999743062692703	0.8596995139195758
0.999743062692703	0.8598895027624309
0.999743062692703	0.860079575596817
0.999743062692703	0.8602697324784435
0.999743062692703	0.8604599734630695
0.999743062692703	0.860650298606503
0.999743062692703	0.8608407079646018
0.999743062692703	0.8610312015932728
0.999743062692703	0.8612217795484728
0.999743062692703	0.8614124418862077
0.999743062692703	0.8616031886625333
0.999743062692703	0.8617940199335549
0.999743062692703	0.8619849357554276
0.999743062692703	0.8621759361843563
0.999743062692703	0.8623670212765957
0.999743062692703	0.8625581910884504
0.999743062692703	0.862749445676275
0.999743062692703	0.8629407850964738
0.999743062692703	0.8631322094055013
0.999743062692703	0.8633237186598625
0.999743062692703	0.8635153129161118
0.999743062692703	0.8637069922308546
0.999743062692703	0.863898756660746
0.999743062692703	0.8640906062624917
0.999743062692703	0.8642825410928476
0.999743062692703	0.8644745612086203
0.999743062692703	0.8646666666666667
0.999743062692703	0.8648588575238942
0.999743062692703	0.865051133837261
0.999743062692703	0.8652434956637759
0.999743062692703	0.8654359430604982
0.999743062692703	0.8656284760845384
0.999743062692703	0.8658210947930574
0.999743062692703	0.8660137992432673
0.999743062692703	0.866206589492431
0.999743062692703	0.8663994655978624
0.999743062692703	0.8665924276169265
0.999743062692703	0.8667854756070394
0.999743062692703	0.8669786096256684
0.999743062692703	0.867171829730332
0.999743062692703	0.8673651359786001
0.999743062692703	0.8675585284280937
0.999743062692703	0.8677520071364853
0.999743062692703	0.867945572161499
0.999743062692703	0.8681392235609103
0.999743062692703	0.8683329613925463
0.999743062692703	0.8685267857142858
0.999743062692703	0.8687206965840589
0.999743062692703	0.8689146940598481
0.999743062692703	0.8691087781996872
0.999743062692703	0.8693029490616622
0.999743062692703	0.8694972067039106
0.999743062692703	0.8696915511846223
0.999743062692703	0.8698859825620389
0.999743062692703	0.8700805008944544
0.999743062692703	0.8702751062402148
0.999743062692703	0.8704697986577181
0.999743062692703	0.8706645782054151
0.999743062692703	0.8708594449418084
0.999743062692703	0.8710543989254533
0.999743062692703	0.8712494402149574
0.999743062692703	0.8714445688689809
0.999743062692703	0.8716397849462365
0.999743062692703	0.8718350885054896
0.999743062692703	0.872030479605558
0.999743062692703	0.8722259583053127
0.999743062692703	0.8724215246636772
0.999743062692703	0.8726171787396277
0.999743062692703	0.8728129205921938
0.999743062692703	0.8730087502804577
0.999743062692703	0.8732046678635548
0.999743062692703	0.8734006734006734
0.999743062692703	0.8735967669510553
0.999743062692703	0.873792948573995
0.999743062692703	0.873989218328841
0.999743062692703	0.8741855762749944
0.999743062692703	0.8743820224719101
0.999743062692703	0.8745785569790965
0.999743062692703	0.8747751798561151
0.999743062692703	0.8749718911625816
0.999743062692703	0.8751686909581646
0.999743062692703	0.8753655793025872
0.999743062692703	0.8755625562556255
0.999743062692703	0.8757596218771101
0.999743062692703	0.8759567762269248
0.999743062692703	0.8761540193650079
0.999743062692703	0.8763513513513513
0.999743062692703	0.8765487722460014
0.999743062692703	0.8767462821090581
0.999743062692703	0.8769438810006761
0.999743062692703	0.877141568981064
0.999743062692703	0.8773393461104848
0.999743062692703	0.8775372124492558
0.999743062692703	0.8777351680577486
0.999743062692703	0.8779332129963899
0.999743062692703	0.8781313473256601
0.999743062692703	0.8783295711060948
0.999743062692703	0.878527884398284
0.999743062692703	0.8787262872628726
0.999743062692703	0.8789247797605602
0.999743062692703	0.8791233619521012
0.999743062692703	0.8793220338983051
0.999743062692703	0.8795207956600362
0.999743062692703	0.8797196472982138
0.999743062692703	0.8799185888738128
0.999743062692703	0.8801176204478625
0.999743062692703	0.880316742081448
0.999743062692703	0.8805159538357095
0.999743062692703	0.8807152557718425
0.999743062692703	0.8809146479510981
0.999743062692703	0.8811141304347826
0.999743062692703	0.8813137032842582
0.999743062692703	0.8815133665609425
0.999743062692703	0.8817131203263087
0.999743062692703	0.8819129646418857
0.999743062692703	0.8821128995692586
0.999743062692703	0.882312925170068
0.999743062692703	0.8825130415060104
0.999743062692703	0.8827132486388385
0.999743062692703	0.8829135466303608
0.999743062692703	0.8831139355424421
0.999743062692703	0.8833144154370034
0.999743062692703	0.8835149863760218
0.999743062692703	0.8837156484215307
0.999743062692703	0.8839164016356201
0.999743062692703	0.8841172460804363
0.999743062692703	0.8843181818181818
0.999743062692703	0.8845192089111161
0.999743062692703	0.8847203274215553
0.999743062692703	0.8849215374118717
0.999743062692703	0.885122838944495
0.999743062692703	0.8853242320819112
0.999743062692703	0.8855257168866636
0.999743062692703	0.8857272934213521
0.999743062692703	0.8859289617486339
0.999743062692703	0.886130721931223
0.999743062692703	0.8863325740318907
0.999743062692703	0.8865345181134655
0.999743062692703	0.8867365542388331
0.999743062692703	0.8869386824709369
0.999743062692703	0.887140902872777
0.999743062692703	0.8873432155074116
0.999743062692703	0.8875456204379562
0.999743062692703	0.8877481177275839
0.999743062692703	0.8879507074395253
0.999743062692703	0.8881533896370691
0.999743062692703	0.8883561643835617
0.999743062692703	0.8885590317424069
0.999743062692703	0.8887619917770672
0.999743062692703	0.8889650445510624
0.999743062692703	0.8891681901279708
0.999743062692703	0.8893714285714286
0.999743062692703	0.8895747599451304
0.999743062692703	0.8897781843128287
0.999743062692703	0.8899817017383349
0.999743062692703	0.8901853122855182
0.999743062692703	0.8903890160183067
0.999743062692703	0.8905928130006866
0.999743062692703	0.8907967032967034
0.999743062692703	0.8910006869704603
0.999743062692703	0.89120476408612
0.999743062692703	0.8914089347079038
0.999743062692703	0.8916131989000916
0.999743062692703	0.8918175567270227
0.999743062692703	0.8920220082530949
0.999743062692703	0.8922265535427654
0.999743062692703	0.8924311926605505
0.999743062692703	0.8926359256710255
0.999743062692703	0.8928407526388251
0.999743062692703	0.8930456736286435
0.999743062692703	0.8932506887052342
0.999743062692703	0.8934557979334099
0.999743062692703	0.8936610013780432
0.999743062692703	0.8938662991040661
0.999743062692703	0.8940716911764706
0.999743062692703	0.894277177660308
0.999743062692703	0.8944827586206896
0.999743062692703	0.8946884341227869
0.999743062692703	0.8948942042318307
0.999743062692703	0.8951000690131125
0.999743062692703	0.8953060285319834
0.999743062692703	0.895512082853855
0.999743062692703	0.8957182320441989
0.999743062692703	0.8959244761685471
0.999743062692703	0.896130815292492
0.999743062692703	0.8963372494816862
0.999743062692703	0.8965437788018433
0.999743062692703	0.896750403318737
0.999743062692703	0.896957123098202
0.999743062692703	0.8971639382061333
0.999743062692703	0.897370848708487
0.999743062692703	0.8975778546712803
0.999743062692703	0.8977849561605907
0.999743062692703	0.8979921532425571
0.999743062692703	0.8981994459833795
0.999743062692703	0.8984068344493189
0.999743062692703	0.8986143187066975
0.999743062692703	0.8988218988218988
0.999743062692703	0.8990295748613678
0.999743062692703	0.8992373468916108
0.999743062692703	0.8994452149791956
0.999743062692703	0.8996531791907515
0.999743062692703	0.8998612395929695
0.999743062692703	0.9000693962526024
0.999743062692703	0.9002776492364646
0.999743062692703	0.9004859986114325
0.999743062692703	0.9006944444444445
0.999743062692703	0.9009029868025006
0.999743062692703	0.9011116257526632
0.999743062692703	0.901320361362057
0.999743062692703	0.9015291936978684
0.999743062692703	0.9017381228273464
0.999743062692703	0.9019471488178025
0.999743062692703	0.9021562717366103
0.999743062692703	0.9023654916512059
0.999743062692703	0.9025748086290883
0.999743062692703	0.902784222737819
0.999743062692703	0.902993734045022
0.999743062692703	0.9032033426183844
0.999743062692703	0.903413048525656
0.999743062692703	0.9036228518346493
0.999743062692703	0.9038327526132404
0.999743062692703	0.904042750929368
0.999743062692703	0.9042528468510341
0.999743062692703	0.904463040446304
0.999743062692703	0.9046733317833062
0.999743062692703	0.9048837209302325
0.999743062692703	0.9050942079553385
0.999743062692703	0.9053047929269428
0.999743062692703	0.905515475913428
0.999743062692703	0.9057262569832403
0.999743062692703	0.9059371362048894
0.999743062692703	0.9061481136469492
0.999743062692703	0.9063591893780573
0.999743062692703	0.9065703634669152
0.999743062692703	0.9067816359822886
0.999743062692703	0.906993006993007
0.999743062692703	0.9072044765679645
0.999743062692703	0.9074160447761194
0.999743062692703	0.907627711686494
0.999743062692703	0.9078394773681755
0.999743062692703	0.908051341890315
0.999743062692703	0.9082633053221288
0.999743062692703	0.9084753677328975
0.999743062692703	0.9086875291919664
0.999743062692703	0.9088997897687456
0.999743062692703	0.9091121495327102
0.999743062692703	0.9093246085534004
0.999743062692703	0.9095371669004207
0.999743062692703	0.9097498246434417
0.999743062692703	0.9099625818521984
0.999743062692703	0.9101754385964912
0.999743062692703	0.9103883949461863
0.999743062692703	0.9106014509712146
0.999743062692703	0.910814606741573
0.999743062692703	0.9110278623273238
0.999743062692703	0.9112412177985948
0.999743062692703	0.9114546732255797
0.999743062692703	0.9116682286785379
0.999743062692703	0.9118818842277947
0.999743062692703	0.9120956399437412
0.999743062692703	0.9123094958968347
0.999743062692703	0.9125234521575984
0.999743062692703	0.9127375087966221
0.999743062692703	0.9129516658845612
0.999743062692703	0.913165923492138
0.999743062692703	0.9133802816901408
0.999743062692703	0.9135947405494248
0.999743062692703	0.9138093001409112
0.999743062692703	0.9140239605355884
0.999743062692703	0.9142387218045113
0.999743062692703	0.9144535840188014
0.999743062692703	0.9146685472496474
0.999743062692703	0.9148836115683048
0.999743062692703	0.915098777046096
0.999743062692703	0.9153140437544107
0.999743062692703	0.9155294117647059
0.999743062692703	0.9157448811485055
0.999743062692703	0.9159604519774012
0.999743062692703	0.9161761243230515
0.999743062692703	0.9163918982571833
0.999743062692703	0.9166077738515901
0.999743062692703	0.9168237511781339
0.999743062692703	0.9170398303087438
0.999743062692703	0.9172560113154172
0.999743062692703	0.9174722942702193
0.999743062692703	0.917688679245283
0.999743062692703	0.9179051663128096
0.999743062692703	0.9181217555450685
0.999743062692703	0.9183384470143969
0.999743062692703	0.9185552407932012
0.999743062692703	0.9187721369539551
0.999743062692703	0.9189891355692017
0.999743062692703	0.9192062367115521
0.999743062692703	0.9194234404536862
0.999743062692703	0.9196407468683526
0.999743062692703	0.9198581560283688
0.999743062692703	0.920075668006621
0.999743062692703	0.9202932828760644
0.999743062692703	0.9205110007097232
0.999743062692703	0.9207288215806909
0.999743062692703	0.9209467455621302
0.999743062692703	0.9211647727272727
0.999743062692703	0.9213829031494198
0.999743062692703	0.9216011369019422
0.999743062692703	0.92181947405828
0.999743062692703	0.9220379146919432
0.999743062692703	0.922256458876511
0.999743062692703	0.922475106685633
0.999743062692703	0.9226938581930282
0.999743062692703	0.9229127134724858
0.999743062692703	0.9231316725978648
0.999743062692703	0.9233507356430944
0.999743062692703	0.9235699026821742
0.999743062692703	0.9237891737891738
0.999743062692703	0.9240085490382332
0.999743062692703	0.9242280285035629
0.999743062692703	0.924447612259444
0.999743062692703	0.9246673003802282
0.999743062692703	0.9248870929403376
0.999743062692703	0.9251069900142653
0.999743062692703	0.9253269916765755
0.999743062692703	0.9255470980019029
0.999743062692703	0.9257673090649536
0.999743062692703	0.9259876249405046
0.999743062692703	0.926208045703404
0.999743062692703	0.9264285714285714
0.999743062692703	0.9266492021909979
0.999743062692703	0.9268699380657456
0.999743062692703	0.9270907791279486
0.999743062692703	0.9273117254528122
0.999743062692703	0.9275327771156138
0.999743062692703	0.9277539341917024
0.999743062692703	0.927975196756499
0.999743062692703	0.9281965648854962
0.999743062692703	0.9284180386542591
0.999743062692703	0.9286396181384248
0.999743062692703	0.9288613034137025
0.999743062692703	0.9290830945558739
0.999743062692703	0.9293049916407929
0.999743062692703	0.929526994744386
0.999743062692703	0.9297491039426523
0.999743062692703	0.9299713193116634
0.999743062692703	0.930193640927564
0.999743062692703	0.930416068866571
0.999743062692703	0.9306386032049749
0.999743062692703	0.9308612440191387
0.999743062692703	0.9310839913854989
0.999743062692703	0.9313068453805649
0.999743062692703	0.9315298060809193
0.999743062692703	0.9317528735632183
0.999743062692703	0.9319760479041916
0.999743062692703	0.9321993291806421
0.999743062692703	0.9324227174694465
0.999743062692703	0.9326462128475551
0.999743062692703	0.9328698153919923
0.999743062692703	0.9330935251798561
0.999743062692703	0.9333173422883185
0.999743062692703	0.9335412667946257
0.999743062692703	0.9337652987760979
0.999743062692703	0.9339894383101296
0.999743062692703	0.9342136854741897
0.999743062692703	0.9344380403458213
0.999743062692703	0.9346625030026423
0.999743062692703	0.934887073522345
0.999743062692703	0.9351117519826965
0.999743062692703	0.9353365384615384
0.999743062692703	0.9355614330367877
0.999743062692703	0.9357864357864358
0.999743062692703	0.9360115467885495
0.999743062692703	0.9362367661212705
0.999743062692703	0.9364620938628159
0.999743062692703	0.9366875300914781
0.999743062692703	0.9369130748856248
0.999743062692703	0.9371387283236994
0.999743062692703	0.9373644904842207
0.999743062692703	0.9375903614457831
0.999743062692703	0.9378163412870572
0.999743062692703	0.9380424300867888
0.999743062692703	0.9382686279238004
0.999743062692703	0.9384949348769899
0.999743062692703	0.9387213510253317
0.999743062692703	0.9389478764478765
0.999743062692703	0.939174511223751
0.999743062692703	0.9394012554321584
0.999743062692703	0.9396281091523786
0.999743062692703	0.9398550724637681
0.999743062692703	0.9400821454457599
0.999743062692703	0.9403093281778637
0.999743062692703	0.9405366207396664
0.999743062692703	0.9407640232108317
0.999743062692703	0.9409915356711004
0.999743062692703	0.9412191582002902
0.999743062692703	0.9414468908782966
0.999743062692703	0.9416747337850919
0.999743062692703	0.9419026870007262
0.999743062692703	0.9421307506053269
0.999743062692703	0.9423589246790991
0.999743062692703	0.9425872093023255
0.999743062692703	0.9428156045553671
0.999743062692703	0.9430441105186621
0.999743062692703	0.9432727272727273
0.999743062692703	0.9435014548981572
0.999743062692703	0.9437302934756245
0.999743062692703	0.9439592430858806
0.999743062692703	0.9441883038097549
0.999743062692703	0.9444174757281554
0.999743062692703	0.9446467589220685
0.999743062692703	0.9448761534725595
0.999743062692703	0.9451056594607724
0.999743062692703	0.9453352769679301
0.999743062692703	0.9455650060753341
0.999743062692703	0.9457948468643655
0.999743062692703	0.9460247994164843
0.999743062692703	0.9462548638132295
0.999743062692703	0.9464850401362199
0.999743062692703	0.9467153284671533
0.999743062692703	0.9469457288878073
0.999743062692703	0.947176241480039
0.999743062692703	0.9474068663257852
0.999743062692703	0.9476376035070628
0.999743062692703	0.9478684531059683
0.999743062692703	0.9480994152046783
0.999743062692703	0.9483304898854497
0.999743062692703	0.9485616772306192
0.999743062692703	0.9487929773226043
0.999743062692703	0.9490243902439024
0.999743062692703	0.9492559160770919
0.999743062692703	0.9494875549048316
0.999743062692703	0.9497193068098608
0.999743062692703	0.949951171875
0.999743062692703	0.9501831501831501
0.999743062692703	0.9504152418172936
0.999743062692703	0.9506474468604935
0.999743062692703	0.9508797653958945
0.999743062692703	0.951112197506722
0.999743062692703	0.9513447432762836
0.999743062692703	0.9515774027879678
0.999743062692703	0.9518101761252447
0.999743062692703	0.9520430633716662
0.999743062692703	0.9522760646108663
0.999743062692703	0.9525091799265606
0.999743062692703	0.9527424094025465
0.999743062692703	0.9529757531227039
0.999743062692703	0.9532092111709947
0.999743062692703	0.9534427836314628
0.999743062692703	0.9536764705882353
0.999743062692703	0.9539102721255209
0.999743062692703	0.9541441883276116
0.999743062692703	0.9543782192788816
0.999743062692703	0.954612365063788
0.999743062692703	0.9548466257668712
0.999743062692703	0.9550810014727541
0.999743062692703	0.9553154922661429
0.999743062692703	0.9555500982318271
0.999743062692703	0.9557848194546794
0.999743062692703	0.956019656019656
0.999743062692703	0.9562546080117965
0.999743062692703	0.9564896755162242
0.999743062692703	0.956724858618146
0.999743062692703	0.9569601574028529
0.999743062692703	0.9571955719557196
0.999743062692703	0.9574311023622047
0.999743062692703	0.9576667487078513
0.999743062692703	0.9579025110782866
0.999743062692703	0.9581383895592218
0.999743062692703	0.9583743842364532
0.999743062692703	0.9586104951958611
0.999743062692703	0.9588467225234105
0.999743062692703	0.9590830663051516
0.999743062692703	0.959319526627219
0.999743062692703	0.9595561035758323
0.999743062692703	0.9597927972372965
0.999743062692703	0.9600296076980015
0.999743062692703	0.9602665350444225
0.999743062692703	0.9605035793631203
0.999743062692703	0.9607407407407408
0.999743062692703	0.9609780192640158
0.999743062692703	0.9612154150197628
0.999743062692703	0.9614529280948851
0.999743062692703	0.9616905585763718
0.999743062692703	0.9619283065512979
0.999743062692703	0.962166172106825
0.999743062692703	0.9624041553302003
0.999743062692703	0.962642256308758
0.999743062692703	0.9628804751299184
0.999743062692703	0.9631188118811881
0.999743062692703	0.963357266650161
0.999743062692703	0.9635958395245171
0.999743062692703	0.9638345305920237
0.999743062692703	0.9640733399405352
0.999743062692703	0.9643122676579926
0.999743062692703	0.9645513138324244
0.999743062692703	0.9647904785519464
0.999743062692703	0.9650297619047619
0.999743062692703	0.9652691639791615
0.999743062692703	0.9655086848635236
0.999743062692703	0.9657483246463142
0.999743062692703	0.9659880834160874
0.999743062692703	0.966227961261485
0.999743062692703	0.966467958271237
0.999743062692703	0.9667080745341615
0.999743062692703	0.966948310139165
0.999743062692703	0.9671886651752424
0.999743062692703	0.9674291397314769
0.999743062692703	0.9676697338970406
0.999743062692703	0.9679104477611941
0.999743062692703	0.9681512814132869
0.999743062692703	0.9683922349427576
0.999743062692703	0.9686333084391336
0.999743062692703	0.9688745019920318
0.999743062692703	0.9691158156911581
0.999743062692703	0.9693572496263079
0.999743062692703	0.9695988038873661
0.999743062692703	0.9698404785643071
0.999743062692703	0.9700822737471952
0.999743062692703	0.9703241895261845
0.999743062692703	0.9705662259915191
0.999743062692703	0.9708083832335329
0.999743062692703	0.9710506613426504
0.999743062692703	0.9712930604093859
0.999743062692703	0.9715355805243445
0.999743062692703	0.9717782217782218
0.999743062692703	0.9720209842618036
0.999743062692703	0.972263868065967
0.999743062692703	0.9725068732816796
0.999743062692703	0.97275
0.999743062692703	0.972993248312078
0.999743062692703	0.9732366183091545
0.999743062692703	0.973480110082562
0.999743062692703	0.9737237237237237
0.999743062692703	0.9739674593241552
0.999743062692703	0.9742113169754631
0.999743062692703	0.9744552967693464
0.999743062692703	0.9746993987975952
0.999743062692703	0.9749436231520922
0.999743062692703	0.975187969924812
0.999743062692703	0.9754324392078215
0.999743062692703	0.9756770310932799
0.999743062692703	0.9759217456734387
0.999743062692703	0.9761665830406423
0.999743062692703	0.9764115432873275
0.999743062692703	0.9766566265060241
0.999743062692703	0.9769018327893547
0.999743062692703	0.9771471622300352
0.999743062692703	0.9773926149208741
0.999743062692703	0.9776381909547739
0.999743062692703	0.9778838904247298
0.999743062692703	0.978129713423831
0.999743062692703	0.9783756600452602
0.999743062692703	0.9786217303822937
0.999743062692703	0.9788679245283018
0.999743062692703	0.9791142425767488
0.999743062692703	0.9793606846211931
0.999743062692703	0.979607250755287
0.999743062692703	0.9798539410727777
0.999743062692703	0.9801007556675063
0.999743062692703	0.9803476946334089
0.999743062692703	0.9805947580645161
0.999743062692703	0.9808419460549533
0.999743062692703	0.981089258698941
0.999743062692703	0.9813366960907944
0.999743062692703	0.9815842583249244
0.999743062692703	0.9818319454958365
0.999743062692703	0.9820797576981323
0.999743062692703	0.9823276950265084
0.999743062692703	0.9825757575757575
0.999743062692703	0.9828239454407679
0.999743062692703	0.9830722587165235
0.999743062692703	0.9833206974981046
0.999743062692703	0.9835692618806876
0.999743062692703	0.9838179519595449
0.999743062692703	0.9840667678300455
0.999743062692703	0.9843157095876549
0.999743062692703	0.9845647773279352
0.999743062692703	0.9848139711465452
0.999743062692703	0.9850632911392405
0.999743062692703	0.9853127374018739
0.999743062692703	0.9855623100303952
0.999743062692703	0.9858120091208513
0.999743062692703	0.9860618347693867
0.999743062692703	0.9863117870722433
0.999743062692703	0.9865618661257607
0.999743062692703	0.9868120720263759
0.999743062692703	0.987062404870624
0.999743062692703	0.9873128647551382
0.999743062692703	0.9875634517766497
0.999743062692703	0.9878141660319878
0.999743062692703	0.9880650076180802
0.999743062692703	0.9883159766319533
0.9994861253854059	0.9883130081300813
0.9994861253854059	0.98856416772554
0.9994861253854059	0.9888154550076258
0.9994861253854059	0.9890668700737351
0.9992291880781089	0.9890640895218719
0.9992291880781089	0.9893156957517171
0.9992291880781089	0.9895674300254453
0.9992291880781089	0.9898192924408247
0.9992291880781089	0.990071283095723
0.9992291880781089	0.990323402088108
0.9992291880781089	0.9905756495160468
0.998972250770812	0.9905732484076433
0.998972250770812	0.9908256880733946
0.998972250770812	0.9910782564364007
0.998972250770812	0.9913309535951046
0.998972250770812	0.991583779648049
0.998972250770812	0.9918367346938776
0.998972250770812	0.9920898188313345
0.998972250770812	0.9923430321592649
0.998972250770812	0.9925963747766148
0.998972250770812	0.992849846782431
0.998972250770812	0.993103448275862
0.998972250770812	0.9933571793561574
0.998972250770812	0.993611040122668
0.998972250770812	0.9938650306748467
0.998972250770812	0.9941191511122475
0.998972250770812	0.9943734015345268
0.998972250770812	0.9946277820414429
0.998972250770812	0.9948822927328557
0.998972250770812	0.9951369337087279
0.998972250770812	0.9953917050691244
0.9984583761562179	0.9964102564102564
0.9984583761562179	0.9966658117466017
0.9984583761562179	0.9969214982042073
0.9984583761562179	0.9971773158840134
0.9984583761562179	0.9974332648870636
0.9984583761562179	0.9976893453145058
0.9984583761562179	0.9979455572675912
0.9982014388489209	0.9979450295402004
0.9982014388489209	0.9982014388489209
0.9979445015416238	0.9982009766126959
0.9979445015416238	0.9984575835475579
0.9976875642343268	0.9984571869375161
0.9974306269270298	0.9984567901234568
0.9971736896197327	0.9984563931052225
0.9969167523124358	0.9984559958826557
0.9966598150051388	0.9984555984555985
0.9964028776978417	0.9984552008238929
0.9953751284686536	0.998968540484786
0.9951181911613566	0.9989682744389993
0.9948612538540597	0.9989680082559339
0.9946043165467626	0.9989677419354839
0.9943473792394656	0.9989674754775426
0.9940904419321686	0.9989672088820036
0.9938335046248715	0.9989669421487604
0.9935765673175745	0.998966675277706
0.9933196300102775	0.9989664082687338
0.9930626927029804	0.9989661411217369
0.9928057553956835	0.9989658738366081
0.9925488180883865	0.9989656064132403
0.9922918807810894	0.9989653388515262
0.9920349434737924	0.9989650711513584
0.9917780061664954	0.9989648033126294
0.9915210688591983	0.9989645353352317
0.9912641315519013	0.9989642672190575
0.9910071942446043	0.998963998963999
0.9910071942446043	0.9992227979274612
0.9907502569373073	0.9992225965275978
0.9904933196300103	0.9992223950233281
0.9902363823227133	0.9992221934145709
0.9899794450154162	0.9992219917012448
0.9897225077081192	0.9992217898832685
0.9894655704008222	0.9992215879605605
0.9892086330935251	0.9992213859330392
0.9889516957862282	0.9992211838006231
0.9886947584789312	0.9992209815632304
0.9886947584789312	0.9994805194805195
0.9884378211716341	0.9994803845154585
0.9881808838643371	0.9994802494802495
0.9881808838643371	0.9997400571874188
0.9879239465570401	0.999739989599584
0.987667009249743	0.999739921976593
0.987410071942446	0.9997398543184183
0.987153134635149	0.9997397866250325
0.986896197327852	0.9997397188964081
0.986639260020555	0.9997396511325176
0.986382322713258	0.9997395833333333
0.986125385405961	0.9997395154988278
0.9858684480986639	0.9997394476289734
0.9856115107913669	0.9997393797237425
0.9853545734840699	0.9997393117831074
0.9850976361767728	0.9997392438070404
0.9848406988694759	0.9997391757955139
0.9845837615621789	0.9997391077484998
0.9843268242548818	0.9997390396659708
0.9840698869475848	0.9997389715478987
0.9838129496402878	0.9997389033942559
0.9835560123329907	0.9997388352050144
0.9832990750256937	0.9997387669801463
0.9830421377183967	0.9997386987196237
0.9827852004110997	0.9997386304234187
0.9825282631038027	0.9997385620915032
0.9822713257965057	0.9997384937238494
0.9820143884892086	0.999738425320429
0.9817574511819116	0.999738356881214
0.9815005138746146	0.9997382884061764
0.9812435765673175	0.999738219895288
0.9809866392600206	0.9997381513485205
0.9807297019527236	0.999738082765846
0.9804727646454265	0.9997380141472361
0.9802158273381295	0.9997379454926625
0.9799588900308325	0.999737876802097
0.9797019527235354	0.9997378080755113
0.9794450154162384	0.999737739312877
0.9791880781089414	0.9997376705141658
0.9789311408016445	0.9997376016793492
0.9786742034943474	0.9997375328083989
0.9784172661870504	0.9997374639012864
0.9781603288797533	0.9997373949579832
0.9779033915724563	0.9997373259784608
0.9776464542651593	0.9997372569626904
0.9773895169578622	0.9997371879106439
0.9771325796505652	0.9997371188222923
0.9768756423432683	0.9997370496976071
0.9766187050359713	0.9997369805365597
0.9763617677286742	0.9997369113391212
0.9761048304213772	0.9997368421052631
0.9758478931140802	0.9997367728349565
0.9755909558067831	0.9997367035281727
0.9753340184994861	0.9997366341848828
0.975077081192189	0.9997365648050579
0.9748201438848921	0.9997364953886693
0.9745632065775951	0.9997364259356879
0.9743062692702981	0.9997363564460849
0.974049331963001	0.9997362869198312
0.973792394655704	0.9997362173568979
0.973535457348407	0.9997361477572559
0.9732785200411099	0.9997360781208762
0.9730215827338129	0.9997360084477297
0.972764645426516	0.9997359387377872
0.9725077081192189	0.9997358689910195
0.9722507708119219	0.9997357992073976
0.9719938335046249	0.9997357293868921
0.9717368961973278	0.999735659529474
0.9714799588900308	0.9997355896351137
0.9712230215827338	0.999735519703782
0.9709660842754368	0.9997354497354497
0.9707091469681398	0.9997353797300873
0.9704522096608428	0.9997353096876654
0.9701952723535457	0.9997352396081546
0.9699383350462487	0.9997351694915254
0.9696813977389517	0.9997350993377483
0.9694244604316546	0.9997350291467939
0.9691675231243576	0.9997349589186324
0.9689105858170607	0.9997348886532343
0.9686536485097637	0.9997348183505701
0.9683967112024666	0.9997347480106101
0.9681397738951696	0.9997346776333245
0.9678828365878726	0.9997346072186837
0.9676258992805755	0.9997345367666578
0.9673689619732785	0.9997344662772172
0.9671120246659815	0.999734395750332
0.9668550873586845	0.9997343251859724
0.9665981500513875	0.9997342545841085
0.9663412127440905	0.9997341839447103
0.9660842754367934	0.999734113267748
0.9658273381294964	0.9997340425531915
0.9655704008221994	0.9997339718010109
0.9653134635149023	0.9997339010111762
0.9650565262076053	0.9997338301836571
0.9647995889003084	0.9997337593184239
0.9645426515930113	0.9997336884154461
0.9642857142857143	0.9997336174746937
0.9640287769784173	0.9997335464961364
0.9637718396711202	0.9997334754797441
0.9635149023638232	0.9997334044254865
0.9632579650565262	0.9997333333333334
0.9630010277492291	0.9997332622032542
0.9627440904419322	0.9997331910352187
0.9624871531346352	0.9997331198291967
0.9622302158273381	0.9997330485851575
0.9619732785200411	0.9997329773030708
0.9617163412127441	0.999732905982906
0.961459403905447	0.9997328346246327
0.96120246659815	0.9997327632282202
0.9609455292908531	0.9997326917936381
0.960688591983556	0.9997326203208556
0.960431654676259	0.9997325488098422
0.960174717368962	0.9997324772605671
0.959917780061665	0.9997324056729997
0.9596608427543679	0.9997323340471093
0.9594039054470709	0.9997322623828648
0.9591469681397738	0.9997321906802357
0.9588900308324769	0.999732118939191
0.9586330935251799	0.9997320471596999
0.9583761562178829	0.9997319753417314
0.9581192189105858	0.9997319034852546
0.9578622816032888	0.9997318315902387
0.9576053442959918	0.9997317596566524
0.9573484069886947	0.9997316876844647
0.9570914696813977	0.9997316156736447
0.9568345323741008	0.9997315436241611
0.9565775950668037	0.9997314715359829
0.9563206577595067	0.9997313994090787
0.9560637204522097	0.9997313272434175
0.9558067831449126	0.999731255038968
0.9555498458376156	0.999731182795699
0.9552929085303186	0.9997311105135789
0.9550359712230215	0.9997310381925767
0.9547790339157246	0.9997309658326607
0.9545220966084276	0.9997308934337998
0.9542651593011305	0.9997308209959623
0.9540082219938335	0.9997307485191168
0.9537512846865365	0.9997306760032318
0.9534943473792394	0.9997306034482759
0.9532374100719424	0.9997305308542171
0.9529804727646455	0.9997304582210242
0.9527235354573484	0.9997303855486654
0.9524665981500514	0.999730312837109
0.9522096608427544	0.9997302400863232
0.9519527235354573	0.9997301672962763
0.9516957862281603	0.9997300944669366
0.9514388489208633	0.9997300215982722
0.9511819116135662	0.9997299486902511
0.9509249743062693	0.9997298757428417
0.9506680369989723	0.9997298027560119
0.9504110996916753	0.9997297297297297
0.9501541623843782	0.9997296566639632
0.9498972250770812	0.9997295835586804
0.9496402877697842	0.999729510413849
0.9493833504624871	0.9997294372294372
0.9491264131551901	0.9997293640054127
0.9488694758478932	0.9997292907417433
0.9486125385405961	0.9997292174383969
0.9483556012332991	0.9997291440953413
0.9480986639260021	0.999729070712544
0.947841726618705	0.9997289972899729
0.947584789311408	0.9997289238275956
0.947327852004111	0.9997288503253796
0.9470709146968139	0.9997287767832926
0.946813977389517	0.9997287032013022
0.94655704008222	0.9997286295793758
0.9463001027749229	0.999728555917481
0.9460431654676259	0.9997284822155851
0.9457862281603289	0.9997284084736556
0.9455292908530318	0.9997283346916599
0.9452723535457348	0.9997282608695652
0.9450154162384378	0.9997281870073389
0.9447584789311408	0.9997281131049484
0.9445015416238438	0.9997280391623606
0.9442446043165468	0.999727965179543
0.9439876670092497	0.9997278911564625
0.9437307297019527	0.9997278170930866
0.9434737923946557	0.9997277429893819
0.9432168550873586	0.9997276688453159
0.9429599177800617	0.9997275946608554
0.9427029804727647	0.9997275204359674
0.9424460431654677	0.9997274461706187
0.9421891058581706	0.9997273718647764
0.9419321685508736	0.9997272975184074
0.9416752312435765	0.9997272231314784
0.9414182939362795	0.9997271487039563
0.9411613566289825	0.9997270742358079
0.9409044193216856	0.9997269997269997
0.9406474820143885	0.9997269251774986
0.9403905447070915	0.9997268505872713
0.9401336073997945	0.9997267759562841
0.9398766700924974	0.9997267012845039
0.9396197327852004	0.9997266265718973
0.9393627954779034	0.9997265518184304
0.9391058581706063	0.99972647702407
0.9388489208633094	0.9997264021887825
0.9385919835560124	0.9997263273125342
0.9383350462487153	0.9997262523952916
0.9380781089414183	0.9997261774370209
0.9378211716341213	0.9997261024376883
0.9375642343268242	0.9997260273972602
0.9373072970195272	0.9997259523157029
0.9370503597122302	0.9997258771929824
0.9367934224049332	0.999725802029065
0.9365364850976362	0.9997257268239166
0.9362795477903392	0.9997256515775035
0.9360226104830421	0.9997255762897914
0.9357656731757451	0.9997255009607466
0.9355087358684481	0.999725425590335
0.935251798561151	0.9997253501785224
0.9349948612538541	0.9997252747252747
0.9347379239465571	0.9997251992305578
0.93448098663926	0.9997251236943375
0.934224049331963	0.9997250481165796
0.933967112024666	0.9997249724972497
0.933710174717369	0.9997248968363136
0.9334532374100719	0.999724821133737
0.9331963001027749	0.9997247453894853
0.932939362795478	0.9997246696035242
0.9326824254881809	0.9997245937758193
0.9324254881808839	0.9997245179063361
0.9321685508735869	0.99972444199504
0.9319116135662898	0.9997243660418964
0.9316546762589928	0.9997242900468707
0.9313977389516958	0.9997242140099283
0.9311408016443987	0.9997241379310344
0.9308838643371018	0.9997240618101545
0.9306269270298048	0.9997239856472536
0.9303699897225077	0.999723909442297
0.9301130524152107	0.9997238331952499
0.9298561151079137	0.9997237569060774
0.9295991778006166	0.9997236805747444
0.9293422404933196	0.9997236042012161
0.9290853031860226	0.9997235277854576
0.9288283658787256	0.9997234513274337
0.9285714285714286	0.9997233748271093
0.9283144912641316	0.9997232982844494
0.9280575539568345	0.9997232216994187
0.9278006166495375	0.9997231450719822
0.9275436793422405	0.9997230684021047
0.9272867420349434	0.9997229916897507
0.9270298047276464	0.999722914934885
0.9267728674203495	0.9997228381374723
0.9265159301130524	0.9997227612974772
0.9262589928057554	0.9997226844148641
0.9260020554984584	0.9997226074895977
0.9257451181911613	0.9997225305216426
0.9254881808838643	0.9997224535109631
0.9252312435765673	0.9997223764575236
0.9249743062692704	0.9997222993612885
0.9247173689619733	0.9997222222222222
0.9244604316546763	0.999722145040289
0.9242034943473793	0.999722067815453
0.9239465570400822	0.9997219905476786
0.9236896197327852	0.9997219132369299
0.9234326824254881	0.9997218358831711
0.9231757451181911	0.9997217584863661
0.9229188078108942	0.9997216810464793
0.9226618705035972	0.9997216035634744
0.9224049331963001	0.9997215260373155
0.9221479958890031	0.9997214484679666
0.9218910585817061	0.9997213708553915
0.921634121274409	0.999721293199554
0.921377183967112	0.9997212155004181
0.921120246659815	0.9997211377579476
0.920863309352518	0.999721059972106
0.920606372045221	0.9997209821428571
0.920349434737924	0.9997209042701647
0.9200924974306269	0.9997208263539922
0.9198355601233299	0.9997207483943032
0.9195786228160329	0.9997206703910615
0.9193216855087358	0.9997205923442303
0.9190647482014388	0.9997205142537731
0.9188078108941419	0.9997204361196533
0.9185508735868448	0.9997203579418344
0.9182939362795478	0.9997202797202798
0.9180369989722508	0.9997202014549524
0.9177800616649537	0.9997201231458158
0.9175231243576567	0.9997200447928332
0.9172661870503597	0.9997199663959675
0.9170092497430626	0.9997198879551821
0.9167523124357657	0.9997198094704399
0.9164953751284687	0.9997197309417041
0.9162384378211716	0.9997196523689375
0.9159815005138746	0.9997195737521032
0.9157245632065776	0.9997194950911641
0.9154676258992805	0.9997194163860831
0.9152106885919835	0.9997193376368229
0.9149537512846866	0.9997192588433464
0.9146968139773896	0.9997191800056164
0.9144398766700925	0.9997191011235955
0.9141829393627955	0.9997190221972464
0.9139260020554985	0.9997189432265318
0.9136690647482014	0.9997188642114141
0.9134121274409044	0.999718785151856
0.9131551901336074	0.99971870604782
0.9128982528263104	0.9997186268992684
0.9126413155190134	0.9997185477061638
0.9123843782117164	0.9997184684684685
0.9121274409044193	0.9997183891861448
0.9118705035971223	0.9997183098591549
0.9116135662898253	0.9997182304874612
0.9113566289825282	0.9997181510710259
0.9110996916752312	0.9997180716098111
0.9108427543679343	0.9997179921037789
0.9105858170606372	0.9997179125528914
0.9103288797533402	0.9997178329571106
0.9100719424460432	0.9997177533163986
0.9098150051387461	0.9997176736307171
0.9095580678314491	0.9997175939000282
0.9093011305241521	0.9997175141242938
0.909044193216855	0.9997174343034756
0.9087872559095581	0.9997173544375353
0.9085303186022611	0.9997172745264349
0.908273381294964	0.9997171945701357
0.908016443987667	0.9997171145685997
0.90775950668037	0.9997170345217884
0.9075025693730729	0.9997169544296631
0.9072456320657759	0.9997168742921857
0.906988694758479	0.9997167941093175
0.906731757451182	0.9997167138810198
0.9062178828365879	0.9997165532879818
0.9059609455292909	0.9997164729231641
0.9057040082219938	0.9997163925127623
0.9054470709146968	0.9997163120567376
0.9051901336073997	0.9997162315550511
0.9049331963001028	0.999716151007664
0.9046762589928058	0.9997160704145373
0.9044193216855088	0.9997159897756319
0.9041623843782117	0.9997159090909091
0.9039054470709147	0.9997158283603297
0.9036485097636177	0.9997157475838545
0.9033915724563206	0.9997156667614444
0.9031346351490236	0.9997155858930603
0.9028776978417267	0.9997155049786629
0.9026207605344296	0.9997154240182129
0.9023638232271326	0.999715343011671
0.9021068859198356	0.9997152619589977
0.9018499486125385	0.9997151808601538
0.9015930113052415	0.9997150997150998
0.9013360739979445	0.999715018523796
0.9010791366906474	0.999714937286203
0.9008221993833505	0.9997148560022812
0.9005652620760535	0.9997147746719909
0.9003083247687564	0.9997146932952924
0.9000513874614594	0.9997146118721462
0.8997944501541624	0.9997145304025121
0.8995375128468653	0.9997144488863506
0.8992805755395683	0.9997143673236218
0.8990236382322713	0.9997142857142857
0.8987667009249743	0.9997142040583024
0.8985097636176773	0.9997141223556318
0.8982528263103803	0.9997140406062339
0.8979958890030832	0.9997139588100686
0.8977389516957862	0.9997138769670959
0.8974820143884892	0.9997137950772753
0.8972250770811921	0.9997137131405669
0.8969681397738952	0.9997136311569301
0.8967112024665982	0.9997135491263248
0.8964542651593012	0.9997134670487106
0.8961973278520041	0.999713384924047
0.8959403905447071	0.9997133027522935
0.89568345323741	0.9997132205334098
0.895426515930113	0.9997131382673551
0.895169578622816	0.999713055954089
0.8949126413155191	0.9997129735935706
0.894655704008222	0.9997128911857595
0.894398766700925	0.9997128087306146
0.894141829393628	0.9997127262280954
0.8938848920863309	0.9997126436781609
0.8936279547790339	0.9997125610807703
0.8933710174717369	0.9997124784358827
0.8931140801644398	0.999712395743457
0.8928571428571429	0.9997123130034522
0.8926002055498459	0.9997122302158273
0.8923432682425488	0.9997121473805411
0.8920863309352518	0.9997120644975526
0.8918293936279548	0.9997119815668203
0.8915724563206577	0.9997118985883031
0.8913155190133607	0.9997118155619596
0.8910585817060637	0.9997117324877486
0.8908016443987667	0.9997116493656286
0.8905447070914697	0.9997115661955581
0.8902877697841727	0.9997114829774957
0.8900308324768756	0.9997113997113997
0.8897738951695786	0.9997113163972287
0.8895169578622816	0.9997112330349408
0.8892600205549845	0.9997111496244945
0.8890030832476875	0.999711066165848
0.8887461459403906	0.9997109826589595
0.8884892086330936	0.9997108991037872
0.8882322713257965	0.9997108155002892
0.8879753340184995	0.9997107318484235
0.8877183967112025	0.9997106481481481
0.8874614594039054	0.9997105643994211
0.8872045220966084	0.9997104806022004
0.8869475847893115	0.9997103967564437
0.8866906474820144	0.9997103128621089
0.8864337101747174	0.9997102289191538
0.8861767728674204	0.9997101449275362
0.8859198355601233	0.9997100608872137
0.8856628982528263	0.9997099767981439
0.8854059609455293	0.9997098926602843
0.8851490236382322	0.9997098084735926
0.8848920863309353	0.9997097242380262
0.8846351490236383	0.9997096399535423
0.8843782117163412	0.9997095556200988
0.8841212744090442	0.9997094712376525
0.8838643371017472	0.999709386806161
0.8836073997944501	0.9997093023255814
0.8833504624871531	0.9997092177958709
0.8830935251798561	0.9997091332169866
0.8828365878725591	0.9997090485888857
0.8825796505652621	0.9997089639115251
0.8823227132579651	0.9997088791848617
0.882065775950668	0.9997087944088526
0.881808838643371	0.9997087095834547
0.881551901336074	0.9997086247086248
0.8812949640287769	0.9997085397843194
0.8810380267214799	0.9997084548104956
0.880781089414183	0.99970836978711
0.880524152106886	0.999708284714119
0.8802672147995889	0.9997081995914794
0.8800102774922919	0.9997081144191476
0.8797533401849948	0.9997080291970802
0.8794964028776978	0.9997079439252337
0.8792394655704008	0.9997078586035641
0.8789825282631039	0.9997077732320281
0.8787255909558068	0.9997076878105817
0.8784686536485098	0.9997076023391813
0.8782117163412128	0.999707516817783
0.8779547790339157	0.9997074312463429
0.8776978417266187	0.9997073456248171
0.8774409044193217	0.9997072599531616
0.8771839671120246	0.9997071742313324
0.8769270298047277	0.9997070884592852
0.8766700924974307	0.9997070026369763
0.8764131551901336	0.9997069167643611
0.8761562178828366	0.9997068308413954
0.8758992805755396	0.9997067448680352
0.8756423432682425	0.9997066588442358
0.8753854059609455	0.999706572769953
0.8751284686536485	0.9997064866451424
0.8748715313463515	0.9997064004697592
0.8746145940390545	0.9997063142437592
0.8743576567317575	0.9997062279670975
0.8741007194244604	0.9997061416397296
0.8738437821171634	0.9997060552616108
0.8735868448098664	0.9997059688326962
0.8733299075025693	0.9997058823529412
0.8730729701952723	0.9997057958223007
0.8728160328879754	0.9997057092407299
0.8725590955806783	0.9997056226081837
0.8723021582733813	0.9997055359246172
0.8720452209660843	0.9997054491899853
0.8717882836587872	0.9997053624042428
0.8715313463514902	0.9997052755673446
0.8712744090441932	0.9997051886792453
0.8710174717368961	0.9997051017398997
0.8707605344295992	0.9997050147492625
0.8705035971223022	0.9997049277072882
0.8702466598150052	0.9997048406139315
0.8699897225077081	0.9997047534691468
0.8697327852004111	0.9997046662728883
0.869475847893114	0.9997045790251108
0.869218910585817	0.9997044917257684
0.8689619732785201	0.9997044043748152
0.8687050359712231	0.9997043169722057
0.868448098663926	0.9997042295178941
0.868191161356629	0.9997041420118343
0.867934224049332	0.9997040544539805
0.8676772867420349	0.9997039668442865
0.8674203494347379	0.9997038791827065
0.8671634121274409	0.9997037914691943
0.8669064748201439	0.9997037037037036
0.8666495375128469	0.9997036158861885
0.8663926002055499	0.9997035280166024
0.8661356628982528	0.9997034400948992
0.8658787255909558	0.9997033521210323
0.8656217882836588	0.9997032640949555
0.8653648509763617	0.9997031760166222
0.8651079136690647	0.9997030878859857
0.8648509763617678	0.9997029997029997
0.8645940390544707	0.9997029114676174
0.8643371017471737	0.999702823179792
0.8640801644398767	0.9997027348394768
0.8638232271325796	0.999702646446625
0.8635662898252826	0.9997025580011898
0.8633093525179856	0.999702469503124
0.8630524152106885	0.999702380952381
0.8627954779033916	0.9997022923489134
0.8625385405960946	0.9997022036926743
0.8622816032887975	0.9997021149836163
0.8620246659815005	0.9997020262216925
0.8617677286742035	0.9997019374068554
0.8615107913669064	0.9997018485390579
0.8612538540596094	0.9997017596182524
0.8609969167523125	0.9997016706443914
0.8607399794450155	0.9997015816174276
0.8604830421377184	0.9997014925373134
0.8602261048304214	0.9997014034040012
0.8599691675231244	0.9997013142174432
0.8597122302158273	0.9997012249775918
0.8594552929085303	0.9997011356843993
0.8591983556012333	0.9997010463378176
0.8589414182939363	0.999700956937799
0.8586844809866393	0.9997008674842955
0.8584275436793423	0.9997007779772591
0.8581706063720452	0.9997006884166417
0.8579136690647482	0.9997005988023953
0.8576567317574512	0.9997005091344714
0.8573997944501541	0.9997004194128221
0.8571428571428571	0.9997003296373989
0.8568859198355602	0.9997002398081535
0.8566289825282631	0.9997001499250375
0.8563720452209661	0.9997000599880024
0.8561151079136691	0.9996999699969997
0.855858170606372	0.9996998799519808
0.855601233299075	0.999699789852897
0.855344295991778	0.9996996996996997
0.8550873586844809	0.99969960949234
0.854830421377184	0.9996995192307693
0.854573484069887	0.9996994289149383
0.85431654676259	0.9996993385447985
0.8540596094552929	0.9996992481203008
0.8538026721479959	0.9996991576413959
0.8535457348406988	0.9996990671080349
0.8532887975334018	0.9996989765201686
0.8530318602261048	0.9996988858777477
0.8527749229188079	0.9996987951807229
0.8525179856115108	0.9996987044290448
0.8522610483042138	0.9996986136226642
0.8520041109969168	0.9996985227615315
0.8517471736896197	0.9996984318455971
0.8514902363823227	0.9996983408748115
0.8512332990750257	0.9996982498491249
0.8509763617677287	0.9996981587684878
0.8507194244604317	0.9996980676328503
0.8504624871531347	0.9996979764421625
0.8502055498458376	0.9996978851963746
0.8499486125385406	0.9996977938954367
0.8496916752312436	0.9996977025392987
0.8494347379239465	0.9996976111279104
0.8491778006166495	0.999697519661222
0.8489208633093526	0.999697428139183
0.8486639260020555	0.9996973365617433
0.8484069886947585	0.9996972449288526
0.8481500513874615	0.9996971532404604
0.8478931140801644	0.9996970614965162
0.8476361767728674	0.9996969696969698
0.8473792394655704	0.9996968778417702
0.8471223021582733	0.9996967859308672
0.8468653648509764	0.9996966939642099
0.8466084275436794	0.9996966019417476
0.8463514902363823	0.9996965098634294
0.8460945529290853	0.9996964177292046
0.8458376156217883	0.9996963255390222
0.8455806783144912	0.9996962332928311
0.8453237410071942	0.9996961409905804
0.8450668036998972	0.9996960486322188
0.8448098663926003	0.9996959562176954
0.8445529290853032	0.9996958637469586
0.8442959917780062	0.9996957712199575
0.8440390544707091	0.9996956786366403
0.8437821171634121	0.9996955859969558
0.8435251798561151	0.9996954933008526
0.843268242548818	0.999695400548279
0.843011305241521	0.9996953077391835
0.8427543679342241	0.9996952148735142
0.8424974306269271	0.9996951219512196
0.84224049331963	0.9996950289722476
0.841983556012333	0.9996949359365467
0.841726618705036	0.9996948428440647
0.8414696813977389	0.9996947496947497
0.8412127440904419	0.9996946564885496
0.840955806783145	0.9996945632254124
0.8406988694758479	0.9996944699052857
0.8404419321685509	0.9996943765281173
0.8401849948612539	0.9996942830938551
0.8399280575539568	0.9996941896024465
0.8396711202466598	0.9996940960538391
0.8394141829393628	0.9996940024479805
0.8391572456320657	0.9996939087848179
0.8389003083247688	0.9996938150642989
0.8386433710174718	0.9996937212863706
0.8383864337101747	0.9996936274509803
0.8381294964028777	0.9996935335580754
0.8378725590955807	0.9996934396076027
0.8376156217882836	0.9996933455995094
0.8373586844809866	0.9996932515337423
0.8371017471736896	0.9996931574102486
0.8368448098663926	0.9996930632289748
0.8365878725590956	0.9996929689898679
0.8363309352517986	0.9996928746928747
0.8360739979445015	0.9996927803379416
0.8358170606372045	0.9996926859250154
0.8355601233299075	0.9996925914540424
0.8353031860226104	0.9996924969249692
0.8350462487153134	0.9996924023377423
0.8347893114080165	0.9996923076923077
0.8345323741007195	0.9996922129886119
0.8342754367934224	0.999692118226601
0.8340184994861254	0.9996920234062211
0.8337615621788284	0.9996919285274184
0.8335046248715313	0.9996918335901387
0.8332476875642343	0.999691738594328
0.8329907502569374	0.9996916435399321
0.8327338129496403	0.999691548426897
0.8324768756423433	0.9996914532551682
0.8322199383350463	0.9996913580246913
0.8319630010277492	0.9996912627354122
0.8317060637204522	0.9996911673872761
0.8314491264131552	0.9996910719802286
0.8311921891058581	0.9996909765142151
0.8309352517985612	0.9996908809891808
0.8306783144912642	0.9996907854050712
0.8304213771839671	0.9996906897618311
0.8301644398766701	0.999690594059406
0.8299075025693731	0.9996904982977406
0.829650565262076	0.9996904024767802
0.829393627954779	0.9996903065964695
0.829136690647482	0.9996902106567535
0.828879753340185	0.9996901146575767
0.828622816032888	0.9996900185988841
0.828365878725591	0.9996899224806202
0.8281089414182939	0.9996898263027295
0.8278520041109969	0.9996897300651567
0.8275950668036999	0.999689633767846
0.8273381294964028	0.999689537410742
0.8270811921891058	0.9996894409937889
0.8268242548818089	0.9996893445169307
0.8265673175745119	0.9996892479801118
0.8263103802672148	0.9996891513832763
0.8260534429599178	0.9996890547263682
0.8257965056526207	0.9996889580093312
0.8255395683453237	0.9996888612321095
0.8252826310380267	0.9996887643946467
0.8250256937307296	0.9996886674968867
0.8247687564234327	0.9996885705387729
0.8245118191161357	0.9996884735202493
0.8242548818088387	0.999688376441259
0.8239979445015416	0.9996882793017456
0.8237410071942446	0.9996881821016527
0.8234840698869476	0.9996880848409233
0.8232271325796505	0.9996879875195008
0.8229701952723536	0.9996878901373284
0.8227132579650566	0.999687792694349
0.8224563206577595	0.9996876951905059
0.8221993833504625	0.999687597625742
0.8219424460431655	0.9996875
0.8216855087358684	0.9996874023132228
0.8214285714285714	0.9996873045653534
0.8211716341212744	0.999687206756334
0.8209146968139774	0.9996871088861077
0.8206577595066804	0.9996870109546165
0.8204008221993834	0.9996869129618033
0.8201438848920863	0.9996868149076104
0.8198869475847893	0.99968671679198
0.8196300102774923	0.9996866186148543
0.8193730729701952	0.9996865203761756
0.8191161356628982	0.9996864220758859
0.8188591983556013	0.9996863237139272
0.8186022610483042	0.9996862252902416
0.8183453237410072	0.9996861268047709
0.8180883864337102	0.9996860282574568
0.8178314491264131	0.9996859296482412
0.8175745118191161	0.9996858309770656
0.8173175745118191	0.9996857322438718
0.817060637204522	0.9996856334486011
0.8168036998972251	0.9996855345911949
0.8165467625899281	0.9996854356715948
0.816289825282631	0.999685336689742
0.816032887975334	0.9996852376455776
0.815775950668037	0.9996851385390428
0.81551901336074	0.9996850393700787
0.8152620760534429	0.9996849401386263
0.8150051387461459	0.9996848408446265
0.814748201438849	0.9996847414880202
0.8144912641315519	0.9996846420687481
0.8142343268242549	0.9996845425867508
0.8139773895169579	0.9996844430419691
0.8137204522096608	0.9996843434343434
0.8134635149023638	0.9996842437638144
0.8132065775950668	0.9996841440303221
0.8129496402877698	0.9996840442338073
0.8126927029804728	0.9996839443742098
0.8124357656731758	0.9996838444514701
0.8121788283658787	0.9996837444655281
0.8119218910585817	0.999683644416324
0.8116649537512847	0.9996835443037975
0.8114080164439876	0.9996834441278886
0.8111510791366906	0.9996833438885371
0.8108941418293937	0.9996832435856826
0.8106372045220966	0.9996831432192649
0.8103802672147996	0.9996830427892235
0.8101233299075026	0.9996829422954978
0.8098663926002055	0.9996828417380272
0.8096094552929085	0.9996827411167513
0.8093525179856115	0.999682640431609
0.8090955806783144	0.9996825396825397
0.8088386433710175	0.9996824388694824
0.8085817060637205	0.9996823379923762
0.8083247687564235	0.9996822370511599
0.8080678314491264	0.9996821360457724
0.8078108941418294	0.9996820349761526
0.8075539568345323	0.9996819338422391
0.8072970195272353	0.9996818326439707
0.8070400822199383	0.9996817313812858
0.8067831449126414	0.9996816300541229
0.8065262076053443	0.9996815286624203
0.8062692702980473	0.9996814272061166
0.8060123329907503	0.9996813256851498
0.8057553956834532	0.999681224099458
0.8054984583761562	0.9996811224489796
0.8052415210688592	0.9996810207336523
0.8049845837615622	0.9996809189534142
0.8047276464542652	0.999680817108203
0.8044707091469682	0.9996807151979565
0.8042137718396711	0.9996806132226126
0.8039568345323741	0.9996805111821087
0.8036998972250771	0.9996804090763822
0.80344295991778	0.9996803069053708
0.803186022610483	0.9996802046690119
0.8029290853031861	0.9996801023672425
0.802672147995889	0.99968
0.802415210688592	0.9996798975672215
0.802158273381295	0.9996797950688441
0.8019013360739979	0.9996796925048046
0.8016443987667009	0.99967958987504
0.8013874614594039	0.9996794871794872
0.8011305241521068	0.9996793844180827
0.8008735868448099	0.9996792815907634
0.8006166495375129	0.9996791786974655
0.8003597122302158	0.9996790757381258
0.8001027749229188	0.9996789727126806
0.7998458376156218	0.9996788696210661
0.7995889003083247	0.9996787664632187
0.7993319630010277	0.9996786632390745
0.7990750256937307	0.9996785599485696
0.7988180883864338	0.9996784565916399
0.7985611510791367	0.9996783531682213
0.7983042137718397	0.9996782496782497
0.7980472764645427	0.9996781461216607
0.7977903391572456	0.9996780424983902
0.7975334018499486	0.9996779388083736
0.7972764645426516	0.9996778350515464
0.7970195272353545	0.999677731227844
0.7967625899280576	0.9996776273372018
0.7965056526207606	0.999677523379555
0.7962487153134635	0.9996774193548387
0.7959917780061665	0.9996773152629881
0.7957348406988695	0.999677211103938
0.7954779033915724	0.9996771068776235
0.7952209660842754	0.9996770025839793
0.7949640287769785	0.9996768982229403
0.7947070914696814	0.9996767937944409
0.7944501541623844	0.9996766892984158
0.7941932168550874	0.9996765847347995
0.7939362795477903	0.9996764801035264
0.7936793422404933	0.9996763754045307
0.7934224049331963	0.9996762706377469
0.7931654676258992	0.9996761658031088
0.7929085303186023	0.9996760609005507
0.7926515930113053	0.9996759559300065
0.7923946557040082	0.9996758508914101
0.7921377183967112	0.9996757457846952
0.7918807810894142	0.9996756406097956
0.7916238437821171	0.999675535366645
0.7913669064748201	0.9996754300551769
0.7911099691675231	0.9996753246753247
0.7908530318602262	0.9996752192270217
0.7905960945529291	0.9996751137102015
0.7903391572456321	0.9996750081247969
0.790082219938335	0.9996749024707412
0.789825282631038	0.9996747967479674
0.789568345323741	0.9996746909564086
0.789311408016444	0.9996745850959974
0.7890544707091469	0.9996744791666666
0.78879753340185	0.9996743731683491
0.788540596094553	0.9996742671009772
0.7882836587872559	0.9996741609644836
0.7880267214799589	0.9996740547588006
0.7877697841726619	0.9996739484838605
0.7875128468653648	0.9996738421395955
0.7872559095580678	0.999673735725938
0.7869989722507709	0.9996736292428199
0.7867420349434738	0.9996735226901731
0.7864850976361768	0.9996734160679295
0.7862281603288798	0.999673309376021
0.7859712230215827	0.9996732026143791
0.7857142857142857	0.9996730957829356
0.7854573484069887	0.9996729888816219
0.7852004110996916	0.9996728819103696
0.7849434737923947	0.99967277486911
0.7846865364850977	0.9996726677577742
0.7844295991778006	0.9996725605762934
0.7841726618705036	0.9996724533245988
0.7839157245632066	0.9996723460026212
0.7836587872559095	0.9996722386102918
0.7834018499486125	0.9996721311475409
0.7831449126413155	0.9996720236142997
0.7828879753340185	0.9996719160104987
0.7826310380267215	0.9996718083360683
0.7823741007194245	0.9996717005909389
0.7821171634121274	0.999671592775041
0.7818602261048304	0.9996714848883048
0.7816032887975334	0.9996713769306605
0.7813463514902363	0.9996712689020382
0.7810894141829393	0.9996711608023676
0.7808324768756424	0.999671052631579
0.7805755395683454	0.9996709443896018
0.7803186022610483	0.999670836076366
0.7800616649537513	0.9996707276918011
0.7798047276464543	0.9996706192358367
0.7795477903391572	0.999670510708402
0.7792908530318602	0.9996704021094265
0.7790339157245632	0.9996702934388394
0.7787769784172662	0.9996701846965699
0.7785200411099692	0.999670075882547
0.7782631038026722	0.9996699669966996
0.7780061664953751	0.9996698580389568
0.7777492291880781	0.999669749009247
0.7774922918807811	0.9996696399074991
0.777235354573484	0.9996695307336417
0.7769784172661871	0.9996694214876033
0.7767214799588901	0.9996693121693122
0.776464542651593	0.9996692027786966
0.776207605344296	0.999669093315685
0.775950668036999	0.9996689837802052
0.7756937307297019	0.9996688741721854
0.7754367934224049	0.9996687644915535
0.7751798561151079	0.9996686547382373
0.774922918807811	0.9996685449121644
0.7746659815005139	0.9996684350132626
0.7744090441932169	0.9996683250414594
0.7741521068859198	0.9996682149966821
0.7738951695786228	0.9996681048788583
0.7736382322713258	0.999667994687915
0.7733812949640287	0.9996678844237795
0.7731243576567317	0.9996677740863787
0.7728674203494348	0.9996676636756398
0.7726104830421378	0.9996675531914894
0.7723535457348407	0.9996674426338543
0.7720966084275437	0.9996673320026613
0.7718396711202467	0.9996672212978369
0.7715827338129496	0.9996671105193076
0.7713257965056526	0.9996669996669997
0.7710688591983555	0.9996668887408394
0.7708119218910586	0.9996667777407531
0.7705549845837616	0.9996666666666667
0.7702980472764646	0.9996665555185061
0.7700411099691675	0.9996664442961974
0.7697841726618705	0.9996663329996663
0.7695272353545735	0.9996662216288384
0.7692702980472764	0.9996661101836394
0.7690133607399794	0.9996659986639946
0.7687564234326825	0.9996658870698296
0.7684994861253854	0.9996657754010695
0.7682425488180884	0.9996656636576395
0.7679856115107914	0.9996655518394649
0.7677286742034943	0.9996654399464704
0.7674717368961973	0.999665327978581
0.7672147995889003	0.9996652159357214
0.7669578622816033	0.9996651038178165
0.7667009249743063	0.9996649916247906
0.7664439876670093	0.9996648793565683
0.7661870503597122	0.999664767013074
0.7659301130524152	0.999664654594232
0.7656731757451182	0.9996645420999665
0.7654162384378211	0.9996644295302013
0.7651593011305241	0.9996643168848607
0.7649023638232272	0.9996642041638684
0.7646454265159301	0.9996640913671482
0.7643884892086331	0.9996639784946236
0.7641315519013361	0.9996638655462184
0.763874614594039	0.9996637525218561
0.763617677286742	0.9996636394214599
0.763360739979445	0.9996635262449529
0.763103802672148	0.9996634129922585
0.762846865364851	0.9996632996632997
0.762589928057554	0.9996631862579993
0.762332990750257	0.9996630727762803
0.7620760534429599	0.9996629592180654
0.7618191161356629	0.9996628455832771
0.7615621788283659	0.9996627318718381
0.7613052415210688	0.9996626180836707
0.7610483042137718	0.9996625042186973
0.7607913669064749	0.99966239027684
0.7605344295991778	0.999662276258021
0.7602774922918808	0.9996621621621622
0.7600205549845838	0.9996620479891856
0.7597636176772867	0.9996619337390128
0.7595066803699897	0.9996618194115657
0.7592497430626927	0.9996617050067659
0.7589928057553957	0.9996615905245347
0.7587358684480987	0.9996614759647935
0.7584789311408017	0.9996613613274636
0.7582219938335046	0.9996612466124661
0.7579650565262076	0.9996611318197222
0.7577081192189106	0.9996610169491525
0.7574511819116135	0.9996609020006781
0.7571942446043165	0.9996607869742198
0.7569373072970196	0.999660671869698
0.7566803699897225	0.9996605566870332
0.7564234326824255	0.999660441426146
0.7561664953751285	0.9996603260869565
0.7559095580678314	0.9996602106693849
0.7556526207605344	0.9996600951733514
0.7553956834532374	0.999659979598776
0.7551387461459403	0.9996598639455783
0.7548818088386434	0.9996597482136781
0.7546248715313464	0.9996596324029953
0.7543679342240494	0.9996595165134491
0.7541109969167523	0.9996594005449592
0.7538540596094553	0.9996592844974447
0.7535971223021583	0.9996591683708248
0.7533401849948612	0.9996590521650187
0.7530832476875642	0.9996589358799455
0.7528263103802673	0.9996588195155237
0.7525693730729702	0.9996587030716724
0.7523124357656732	0.99965858654831
0.7520554984583762	0.9996584699453552
0.7517985611510791	0.9996583532627263
0.7515416238437821	0.9996582365003418
0.7512846865364851	0.9996581196581197
0.751027749229188	0.9996580027359782
0.7507708119218911	0.9996578857338351
0.7505138746145941	0.9996577686516085
0.750256937307297	0.999657651489216
0.75	0.9996575342465753
0.749743062692703	0.999657416923604
0.7494861253854059	0.9996572995202193
0.7492291880781089	0.9996571820363387
0.748972250770812	0.9996570644718793
0.7487153134635149	0.9996569468267581
0.7484583761562179	0.9996568291008923
0.7482014388489209	0.9996567112941984
0.7479445015416238	0.9996565934065934
0.7476875642343268	0.9996564754379939
0.7474306269270298	0.9996563573883162
0.7471736896197327	0.9996562392574768
0.7469167523124358	0.999656121045392
0.7466598150051388	0.999656002751978
0.7464028776978417	0.9996558843771507
0.7461459403905447	0.9996557659208262
0.7458890030832477	0.9996556473829201
0.7456320657759506	0.9996555287633483
0.7453751284686536	0.9996554100620262
0.7451181911613566	0.9996552912788693
0.7448612538540597	0.9996551724137931
0.7446043165467626	0.9996550534667127
0.7443473792394656	0.9996549344375432
0.7440904419321686	0.9996548153261995
0.7438335046248715	0.9996546961325967
0.7435765673175745	0.9996545768566494
0.7433196300102775	0.9996544574982723
0.7430626927029804	0.9996543380573799
0.7428057553956835	0.9996542185338866
0.7425488180883865	0.9996540989277066
0.7422918807810894	0.9996539792387543
0.7420349434737924	0.9996538594669436
0.7417780061664954	0.9996537396121884
0.7415210688591983	0.9996536196744025
0.7412641315519013	0.9996534996534997
0.7410071942446043	0.9996533795493934
0.7407502569373073	0.9996532593619972
0.7404933196300103	0.9996531390912244
0.7402363823227133	0.9996530187369882
0.7399794450154162	0.9996528982992017
0.7397225077081192	0.9996527777777777
0.7394655704008222	0.9996526571726294
0.7392086330935251	0.9996525364836693
0.7389516957862282	0.9996524157108099
0.7386947584789312	0.9996522948539638
0.7384378211716341	0.9996521739130435
0.7381808838643371	0.999652052887961
0.7379239465570401	0.9996519317786287
0.737667009249743	0.9996518105849582
0.737410071942446	0.9996516893068618
0.737153134635149	0.9996515679442509
0.736896197327852	0.9996514464970373
0.736639260020555	0.9996513249651325
0.736382322713258	0.9996512033484478
0.736125385405961	0.9996510816468946
0.7358684480986639	0.999650959860384
0.7356115107913669	0.9996508379888268
0.7353545734840699	0.9996507160321342
0.7350976361767728	0.9996505939902166
0.7348406988694759	0.999650471862985
0.7345837615621789	0.9996503496503496
0.7340698869475848	0.9996501049685095
0.7338129496402878	0.999649982499125
0.7335560123329907	0.9996498599439776
0.7332990750256937	0.9996497373029772
0.7330421377183967	0.9996496145760336
0.7327852004110997	0.9996494917630564
0.7325282631038027	0.9996493688639552
0.7322713257965057	0.9996492458786391
0.7320143884892086	0.9996491228070176
0.7317574511819116	0.9996489996489997
0.7315005138746146	0.9996488764044944
0.7312435765673175	0.9996487530734106
0.7309866392600206	0.999648629655657
0.7307297019527236	0.9996485061511423
0.7304727646454265	0.999648382559775
0.7302158273381295	0.9996482588814632
0.7299588900308325	0.9996481351161154
0.7297019527235354	0.9996480112636396
0.7294450154162384	0.9996478873239436
0.7291880781089414	0.9996477632969355
0.7289311408016445	0.9996476391825229
0.7286742034943474	0.9996475149806133
0.7284172661870504	0.9996473906911142
0.7281603288797533	0.999647266313933
0.7279033915724563	0.9996471418489767
0.7276464542651593	0.9996470172961525
0.7273895169578622	0.9996468926553672
0.7271325796505652	0.9996467679265277
0.7268756423432683	0.9996466431095407
0.7266187050359713	0.9996465182043125
0.7263617677286742	0.9996463932107497
0.7261048304213772	0.9996462681287585
0.7258478931140802	0.9996461429582448
0.7255909558067831	0.9996460176991151
0.7253340184994861	0.9996458923512748
0.725077081192189	0.9996457669146298
0.7248201438848921	0.9996456413890857
0.7245632065775951	0.9996455157745481
0.7243062692702981	0.999645390070922
0.724049331963001	0.9996452642781128
0.723792394655704	0.9996451383960255
0.723535457348407	0.9996450124245652
0.7232785200411099	0.9996448863636364
0.7230215827338129	0.9996447602131439
0.722764645426516	0.9996446339729922
0.7225077081192189	0.9996445076430857
0.7222507708119219	0.9996443812233285
0.7219938335046249	0.9996442547136251
0.7217368961973278	0.999644128113879
0.7214799588900308	0.9996440014239943
0.7212230215827338	0.9996438746438746
0.7209660842754368	0.9996437477734236
0.7207091469681398	0.9996436208125445
0.7204522096608428	0.9996434937611408
0.7201952723535457	0.9996433666191156
0.7199383350462487	0.9996432393863718
0.7196813977389517	0.9996431120628123
0.7194244604316546	0.9996429846483399
0.7191675231243576	0.9996428571428572
0.7189105858170607	0.9996427295462665
0.7186536485097637	0.9996426018584703
0.7183967112024666	0.9996424740793708
0.7181397738951696	0.9996423462088698
0.7178828365878726	0.9996422182468694
0.7176258992805755	0.9996420901932713
0.7173689619732785	0.9996419620479771
0.7171120246659815	0.9996418338108882
0.7168550873586845	0.9996417054819061
0.7165981500513875	0.9996415770609319
0.7163412127440905	0.9996414485478666
0.7160842754367934	0.9996413199426112
0.7158273381294964	0.9996411912450663
0.7155704008221994	0.9996410624551328
0.7153134635149023	0.999640933572711
0.7150565262076053	0.9996408045977011
0.7147995889003084	0.9996406755300036
0.7145426515930113	0.9996405463695184
0.7142857142857143	0.9996404171161453
0.7140287769784173	0.9996402877697842
0.7137718396711202	0.9996401583303347
0.7135149023638232	0.9996400287976962
0.7132579650565262	0.9996398991717681
0.7130010277492291	0.9996397694524496
0.7127440904419322	0.9996396396396396
0.7124871531346352	0.9996395097332372
0.7122302158273381	0.999639379733141
0.7119732785200411	0.9996392496392497
0.7117163412127441	0.9996391194514616
0.711459403905447	0.9996389891696751
0.71120246659815	0.9996388587937883
0.7109455292908531	0.9996387283236994
0.710688591983556	0.9996385977593061
0.710431654676259	0.9996384671005062
0.710174717368962	0.9996383363471971
0.709917780061665	0.9996382054992764
0.7096608427543679	0.9996380745566413
0.7094039054470709	0.999637943519189
0.7091469681397738	0.9996378123868164
0.7088900308324769	0.9996376811594203
0.7086330935251799	0.9996375498368975
0.7083761562178829	0.9996374184191443
0.7081192189105858	0.9996372869060574
0.7078622816032888	0.9996371552975326
0.7076053442959918	0.9996370235934664
0.7073484069886947	0.9996368917937546
0.7070914696813977	0.9996367598982928
0.7068345323741008	0.9996366279069767
0.7065775950668037	0.9996364958197019
0.7063206577595067	0.9996363636363637
0.7060637204522097	0.9996362313568571
0.7058067831449126	0.9996360989810772
0.7055498458376156	0.9996359665089188
0.7052929085303186	0.9996358339402768
0.7050359712230215	0.9996357012750455
0.7047790339157246	0.9996355685131195
0.7045220966084276	0.999635435654393
0.7042651593011305	0.99963530269876
0.7040082219938335	0.9996351696461145
0.7037512846865365	0.9996350364963503
0.7034943473792394	0.9996349032493611
0.7032374100719424	0.9996347699050402
0.7029804727646455	0.999634636463281
0.7027235354573484	0.9996345029239766
0.7024665981500514	0.9996343692870201
0.7022096608427544	0.9996342355523044
0.7019527235354573	0.9996341017197219
0.7016957862281603	0.9996339677891655
0.7014388489208633	0.9996338337605273
0.7011819116135662	0.9996336996336996
0.7009249743062693	0.9996335654085746
0.7006680369989723	0.999633431085044
0.7004110996916753	0.9996332966629996
0.7001541623843782	0.9996331621423331
0.6998972250770812	0.9996330275229358
0.6996402877697842	0.999632892804699
0.6993833504624871	0.9996327579875137
0.6991264131551901	0.9996326230712711
0.6988694758478932	0.9996324880558618
0.6986125385405961	0.9996323529411765
0.6983556012332991	0.9996322177271055
0.6980986639260021	0.9996320824135394
0.697841726618705	0.9996319470003681
0.697584789311408	0.9996318114874816
0.697327852004111	0.9996316758747698
0.6970709146968139	0.9996315401621223
0.696813977389517	0.9996314043494287
0.69655704008222	0.9996312684365781
0.6963001027749229	0.99963113242346
0.6960431654676259	0.9996309963099631
0.6957862281603289	0.9996308600959763
0.6955292908530318	0.9996307237813885
0.6952723535457348	0.9996305873660879
0.6950154162384378	0.999630450849963
0.6947584789311408	0.999630314232902
0.6945015416238438	0.9996301775147929
0.6942446043165468	0.9996300406955235
0.6939876670092497	0.9996299037749815
0.6937307297019527	0.9996297667530544
0.6934737923946557	0.9996296296296296
0.6932168550873586	0.9996294924045943
0.6929599177800617	0.9996293550778355
0.6927029804727647	0.9996292176492398
0.6924460431654677	0.9996290801186943
0.6921891058581706	0.9996289424860854
0.6919321685508736	0.9996288047512992
0.6916752312435765	0.999628666914222
0.6914182939362795	0.99962852897474
0.6911613566289825	0.9996283909327388
0.6909044193216856	0.9996282527881041
0.6906474820143885	0.9996281145407214
0.6903905447070915	0.9996279761904762
0.6901336073997945	0.9996278377372534
0.6898766700924974	0.9996276991809382
0.6896197327852004	0.9996275605214152
0.6893627954779034	0.9996274217585693
0.6891058581706063	0.9996272828922848
0.6888489208633094	0.9996271439224459
0.6885919835560124	0.999627004848937
0.6883350462487153	0.9996268656716418
0.6880781089414183	0.9996267263904441
0.6878211716341213	0.9996265870052278
0.6875642343268242	0.9996264475158759
0.6873072970195272	0.999626307922272
0.6870503597122302	0.9996261682242991
0.6867934224049332	0.9996260284218399
0.6867934224049332	1.0
0.6865364850976362	1.0
0.6862795477903392	1.0
0.6860226104830421	1.0
0.6857656731757451	1.0
0.6855087358684481	1.0
0.685251798561151	1.0
0.6849948612538541	1.0
0.6847379239465571	1.0
0.68448098663926	1.0
0.684224049331963	1.0
0.683967112024666	1.0
0.683710174717369	1.0
0.6834532374100719	1.0
0.6831963001027749	1.0
0.682939362795478	1.0
0.6826824254881809	1.0
0.6824254881808839	1.0
0.6821685508735869	1.0
0.6819116135662898	1.0
0.6816546762589928	1.0
0.6813977389516958	1.0
0.6811408016443987	1.0
0.6808838643371018	1.0
0.6806269270298048	1.0
0.6803699897225077	1.0
0.6801130524152107	1.0
0.6798561151079137	1.0
0.6795991778006166	1.0
0.6793422404933196	1.0
0.6788283658787256	1.0
0.6785714285714286	1.0
0.6783144912641316	1.0
0.6780575539568345	1.0
0.6778006166495375	1.0
0.6775436793422405	1.0
0.6772867420349434	1.0
0.6770298047276464	1.0
0.6767728674203495	1.0
0.6765159301130524	1.0
0.6762589928057554	1.0
0.6760020554984584	1.0
0.6757451181911613	1.0
0.6754881808838643	1.0
0.6752312435765673	1.0
0.6749743062692704	1.0
0.6747173689619733	1.0
0.6744604316546763	1.0
0.6742034943473793	1.0
0.6739465570400822	1.0
0.6736896197327852	1.0
0.6734326824254881	1.0
0.6731757451181911	1.0
0.6729188078108942	1.0
0.6726618705035972	1.0
0.6724049331963001	1.0
0.6721479958890031	1.0
0.671634121274409	1.0
0.671377183967112	1.0
0.671120246659815	1.0
0.670863309352518	1.0
0.670606372045221	1.0
0.670349434737924	1.0
0.6700924974306269	1.0
0.6698355601233299	1.0
0.6695786228160329	1.0
0.6693216855087358	1.0
0.6690647482014388	1.0
0.6688078108941419	1.0
0.6685508735868448	1.0
0.6682939362795478	1.0
0.6680369989722508	1.0
0.6677800616649537	1.0
0.6675231243576567	1.0
0.6672661870503597	1.0
0.6670092497430626	1.0
0.6667523124357657	1.0
0.6664953751284687	1.0
0.6662384378211716	1.0
0.6659815005138746	1.0
0.6657245632065776	1.0
0.6654676258992805	1.0
0.6652106885919835	1.0
0.6649537512846866	1.0
0.6646968139773896	1.0
0.6644398766700925	1.0
0.6641829393627955	1.0
0.6639260020554985	1.0
0.6636690647482014	1.0
0.6634121274409044	1.0
0.6631551901336074	1.0
0.6628982528263104	1.0
0.6626413155190134	1.0
0.6623843782117164	1.0
0.6621274409044193	1.0
0.6616135662898253	1.0
0.6613566289825282	1.0
0.6610996916752312	1.0
0.6608427543679343	1.0
0.6605858170606372	1.0
0.6603288797533402	1.0
0.6600719424460432	1.0
0.6598150051387461	1.0
0.6595580678314491	1.0
0.659044193216855	1.0
0.6587872559095581	1.0
0.6585303186022611	1.0
0.658273381294964	1.0
0.658016443987667	1.0
0.65775950668037	1.0
0.6575025693730729	1.0
0.6572456320657759	1.0
0.656988694758479	1.0
0.656731757451182	1.0
0.6564748201438849	1.0
0.6562178828365879	1.0
0.6559609455292909	1.0
0.6557040082219938	1.0
0.6554470709146968	1.0
0.6551901336073997	1.0
0.6549331963001028	1.0
0.6546762589928058	1.0
0.6544193216855088	1.0
0.6541623843782117	1.0
0.6539054470709147	1.0
0.6536485097636177	1.0
0.6533915724563206	1.0
0.6531346351490236	1.0
0.6528776978417267	1.0
0.6526207605344296	1.0
0.6523638232271326	1.0
0.6521068859198356	1.0
0.6518499486125385	1.0
0.6515930113052415	1.0
0.6513360739979445	1.0
0.6510791366906474	1.0
0.6508221993833505	1.0
0.6505652620760535	1.0
0.6500513874614594	1.0
0.6497944501541624	1.0
0.6495375128468653	1.0
0.6492805755395683	1.0
0.6490236382322713	1.0
0.6487667009249743	1.0
0.6485097636176773	1.0
0.6482528263103803	1.0
0.6479958890030832	1.0
0.6477389516957862	1.0
0.6474820143884892	1.0
0.6472250770811921	1.0
0.6469681397738952	1.0
0.6467112024665982	1.0
0.6464542651593012	1.0
0.6461973278520041	1.0
0.6459403905447071	1.0
0.64568345323741	1.0
0.645426515930113	1.0
0.645169578622816	1.0
0.6449126413155191	1.0
0.644655704008222	1.0
0.644398766700925	1.0
0.644141829393628	1.0
0.6436279547790339	1.0
0.6433710174717369	1.0
0.6431140801644398	1.0
0.6428571428571429	1.0
0.6426002055498459	1.0
0.6423432682425488	1.0
0.6420863309352518	1.0
0.6418293936279548	1.0
0.6415724563206577	1.0
0.6413155190133607	1.0
0.6410585817060637	1.0
0.6408016443987667	1.0
0.6405447070914697	1.0
0.6402877697841727	1.0
0.6400308324768756	1.0
0.6397738951695786	1.0
0.6395169578622816	1.0
0.6392600205549845	1.0
0.6390030832476875	1.0
0.6387461459403906	1.0
0.6384892086330936	1.0
0.6382322713257965	1.0
0.6379753340184995	1.0
0.6377183967112025	1.0
0.6374614594039054	1.0
0.6372045220966084	1.0
0.6369475847893115	1.0
0.6366906474820144	1.0
0.6364337101747174	1.0
0.6361767728674204	1.0
0.6359198355601233	1.0
0.6356628982528263	1.0
0.6354059609455293	1.0
0.6351490236382322	1.0
0.6348920863309353	1.0
0.6346351490236383	1.0
0.6343782117163412	1.0
0.6341212744090442	1.0
0.6338643371017472	1.0
0.6336073997944501	1.0
0.6333504624871531	1.0
0.6330935251798561	1.0
0.6328365878725591	1.0
0.6325796505652621	1.0
0.6323227132579651	1.0
0.632065775950668	1.0
0.631808838643371	1.0
0.631551901336074	1.0
0.6312949640287769	1.0
0.6310380267214799	1.0
0.630781089414183	1.0
0.630524152106886	1.0
0.6302672147995889	1.0
0.6297533401849948	1.0
0.6294964028776978	1.0
0.6292394655704008	1.0
0.6289825282631039	1.0
0.6287255909558068	1.0
0.6284686536485098	1.0
0.6282117163412128	1.0
0.6279547790339157	1.0
0.6276978417266187	1.0
0.6274409044193217	1.0
0.6271839671120246	1.0
0.6269270298047277	1.0
0.6266700924974307	1.0
0.6264131551901336	1.0
0.6261562178828366	1.0
0.6258992805755396	1.0
0.6256423432682425	1.0
0.6253854059609455	1.0
0.6251284686536485	1.0
0.6248715313463515	1.0
0.6246145940390545	1.0
0.6243576567317575	1.0
0.6241007194244604	1.0
0.6238437821171634	1.0
0.6235868448098664	1.0
0.6233299075025693	1.0
0.6230729701952723	1.0
0.6228160328879754	1.0
0.6225590955806783	1.0
0.6223021582733813	1.0
0.6220452209660843	1.0
0.6217882836587872	1.0
0.6215313463514902	1.0
0.6212744090441932	1.0
0.6210174717368961	1.0
0.6207605344295992	1.0
0.6205035971223022	1.0
0.6202466598150052	1.0
0.6199897225077081	1.0
0.6197327852004111	1.0
0.619475847893114	1.0
0.619218910585817	1.0
0.6189619732785201	1.0
0.6187050359712231	1.0
0.618448098663926	1.0
0.618191161356629	1.0
0.617934224049332	1.0
0.6176772867420349	1.0
0.6174203494347379	1.0
0.6171634121274409	1.0
0.6169064748201439	1.0
0.6166495375128469	1.0
0.6163926002055499	1.0
0.6161356628982528	1.0
0.6158787255909558	1.0
0.6156217882836588	1.0
0.6153648509763617	1.0
0.6151079136690647	1.0
0.6148509763617678	1.0
0.6145940390544707	1.0
0.6143371017471737	1.0
0.6140801644398767	1.0
0.6138232271325796	1.0
0.6135662898252826	1.0
0.6130524152106885	1.0
0.6125385405960946	1.0
0.6122816032887975	1.0
0.6120246659815005	1.0
0.6117677286742035	1.0
0.6115107913669064	1.0
0.6112538540596094	1.0
0.6109969167523125	1.0
0.6107399794450155	1.0
0.6104830421377184	1.0
0.6102261048304214	1.0
0.6099691675231244	1.0
0.6097122302158273	1.0
0.6094552929085303	1.0
0.6091983556012333	1.0
0.6089414182939363	1.0
0.6086844809866393	1.0
0.6084275436793423	1.0
0.6081706063720452	1.0
0.6079136690647482	1.0
0.6076567317574512	1.0
0.6073997944501541	1.0
0.6071428571428571	1.0
0.6068859198355602	1.0
0.6066289825282631	1.0
0.6063720452209661	1.0
0.6061151079136691	1.0
0.605858170606372	1.0
0.605601233299075	1.0
0.605344295991778	1.0
0.6050873586844809	1.0
0.604830421377184	1.0
0.604573484069887	1.0
0.60431654676259	1.0
0.6040596094552929	1.0
0.6038026721479959	1.0
0.6035457348406988	1.0
0.6032887975334018	1.0
0.6030318602261048	1.0
0.6027749229188079	1.0
0.6025179856115108	1.0
0.6022610483042138	1.0
0.6020041109969168	1.0
0.6017471736896197	1.0
0.6014902363823227	1.0
0.6012332990750257	1.0
0.6009763617677287	1.0
0.6007194244604317	1.0
0.6004624871531347	1.0
0.6002055498458376	1.0
0.5999486125385406	1.0
0.5996916752312436	1.0
0.5994347379239465	1.0
0.5991778006166495	1.0
0.5989208633093526	1.0
0.5986639260020555	1.0
0.5984069886947585	1.0
0.5981500513874615	1.0
0.5978931140801644	1.0
0.5976361767728674	1.0
0.5973792394655704	1.0
0.5971223021582733	1.0
0.5968653648509764	1.0
0.5966084275436794	1.0
0.5963514902363823	1.0
0.5960945529290853	1.0
0.5958376156217883	1.0
0.5955806783144912	1.0
0.5953237410071942	1.0
0.5950668036998972	1.0
0.5948098663926003	1.0
0.5945529290853032	1.0
0.5942959917780062	1.0
0.5940390544707091	1.0
0.5937821171634121	1.0
0.5935251798561151	1.0
0.593268242548818	1.0
0.593011305241521	1.0
0.5927543679342241	1.0
0.5924974306269271	1.0
0.59224049331963	1.0
0.591983556012333	1.0
0.591726618705036	1.0
0.5914696813977389	1.0
0.5912127440904419	1.0
0.590955806783145	1.0
0.5906988694758479	1.0
0.5904419321685509	1.0
0.5901849948612539	1.0
0.5899280575539568	1.0
0.5896711202466598	1.0
0.5894141829393628	1.0
0.5891572456320657	1.0
0.5889003083247688	1.0
0.5886433710174718	1.0
0.5883864337101747	1.0
0.5881294964028777	1.0
0.5878725590955807	1.0
0.5876156217882836	1.0
0.5873586844809866	1.0
0.5871017471736896	1.0
0.5868448098663926	1.0
0.5865878725590956	1.0
0.5863309352517986	1.0
0.5860739979445015	1.0
0.5858170606372045	1.0
0.5853031860226104	1.0
0.5850462487153134	1.0
0.5847893114080165	1.0
0.5845323741007195	1.0
0.5842754367934224	1.0
0.5840184994861254	1.0
0.5837615621788284	1.0
0.5835046248715313	1.0
0.5832476875642343	1.0
0.5829907502569374	1.0
0.5827338129496403	1.0
0.5824768756423433	1.0
0.5822199383350463	1.0
0.5819630010277492	1.0
0.5817060637204522	1.0
0.5814491264131552	1.0
0.5811921891058581	1.0
0.5809352517985612	1.0
0.5806783144912642	1.0
0.5804213771839671	1.0
0.5801644398766701	1.0
0.5799075025693731	1.0
0.579650565262076	1.0
0.579393627954779	1.0
0.579136690647482	1.0
0.578879753340185	1.0
0.578622816032888	1.0
0.578365878725591	1.0
0.5781089414182939	1.0
0.5778520041109969	1.0
0.5775950668036999	1.0
0.5773381294964028	1.0
0.5770811921891058	1.0
0.5768242548818089	1.0
0.5765673175745119	1.0
0.5763103802672148	1.0
0.5760534429599178	1.0
0.5757965056526207	1.0
0.5755395683453237	1.0
0.5752826310380267	1.0
0.5750256937307296	1.0
0.5747687564234327	1.0
0.5745118191161357	1.0
0.5742548818088387	1.0
0.5739979445015416	1.0
0.5737410071942446	1.0
0.5732271325796505	1.0
0.5729701952723536	1.0
0.5724563206577595	1.0
0.5721993833504625	1.0
0.5719424460431655	1.0
0.5716855087358684	1.0
0.5714285714285714	1.0
0.5711716341212744	1.0
0.5709146968139774	1.0
0.5706577595066804	1.0
0.5704008221993834	1.0
0.5701438848920863	1.0
0.5698869475847893	1.0
0.5693730729701952	1.0
0.5691161356628982	1.0
0.5688591983556013	1.0
0.5686022610483042	1.0
0.5683453237410072	1.0
0.5678314491264131	1.0
0.5675745118191161	1.0
0.5673175745118191	1.0
0.567060637204522	1.0
0.5668036998972251	1.0
0.5665467625899281	1.0
0.566289825282631	1.0
0.566032887975334	1.0
0.565775950668037	1.0
0.56551901336074	1.0
0.5652620760534429	1.0
0.5650051387461459	1.0
0.564748201438849	1.0
0.5644912641315519	1.0
0.5642343268242549	1.0
0.5637204522096608	1.0
0.5634635149023638	1.0
0.5632065775950668	1.0
0.5626927029804728	1.0
0.5624357656731758	1.0
0.5621788283658787	1.0
0.5619218910585817	1.0
0.5616649537512847	1.0
0.5614080164439876	1.0
0.5611510791366906	1.0
0.5608941418293937	1.0
0.5606372045220966	1.0
0.5603802672147996	1.0
0.5601233299075026	1.0
0.5598663926002055	1.0
0.5596094552929085	1.0
0.5590955806783144	1.0
0.5588386433710175	1.0
0.5583247687564235	1.0
0.5580678314491264	1.0
0.5575539568345323	1.0
0.5572970195272353	1.0
0.5567831449126414	1.0
0.5565262076053443	1.0
0.5562692702980473	1.0
0.5560123329907503	1.0
0.5557553956834532	1.0
0.5554984583761562	1.0
0.5552415210688592	1.0
0.5549845837615622	1.0
0.5547276464542652	1.0
0.5544707091469682	1.0
0.5542137718396711	1.0
0.5536998972250771	1.0
0.55344295991778	1.0
0.5529290853031861	1.0
0.552672147995889	1.0
0.552415210688592	1.0
0.552158273381295	1.0
0.5519013360739979	1.0
0.5516443987667009	1.0
0.5513874614594039	1.0
0.5508735868448099	1.0
0.5506166495375129	1.0
0.5503597122302158	1.0
0.5501027749229188	1.0
0.5498458376156218	1.0
0.5495889003083247	1.0
0.5493319630010277	1.0
0.5488180883864338	1.0
0.5485611510791367	1.0
0.5483042137718397	1.0
0.5480472764645427	1.0
0.5475334018499486	1.0
0.5470195272353545	1.0
0.5467625899280576	1.0
0.5465056526207606	1.0
0.5462487153134635	1.0
0.5459917780061665	1.0
0.5457348406988695	1.0
0.5452209660842754	1.0
0.5449640287769785	1.0
0.5447070914696814	1.0
0.5444501541623844	1.0
0.5441932168550874	1.0
0.5439362795477903	1.0
0.5436793422404933	1.0
0.5431654676258992	1.0
0.5429085303186023	1.0
0.5426515930113053	1.0
0.5423946557040082	1.0
0.5421377183967112	1.0
0.5416238437821171	1.0
0.5413669064748201	1.0
0.5411099691675231	1.0
0.5408530318602262	1.0
0.5405960945529291	1.0
0.5403391572456321	1.0
0.540082219938335	1.0
0.539825282631038	1.0
0.539568345323741	1.0
0.539311408016444	1.0
0.5390544707091469	1.0
0.53879753340185	1.0
0.5382836587872559	1.0
0.5380267214799589	1.0
0.5377697841726619	1.0
0.5375128468653648	1.0
0.5372559095580678	1.0
0.5369989722507709	1.0
0.5367420349434738	1.0
0.5364850976361768	1.0
0.5362281603288798	1.0
0.5359712230215827	1.0
0.5357142857142857	1.0
0.5352004110996916	1.0
0.5349434737923947	1.0
0.5346865364850977	1.0
0.5344295991778006	1.0
0.5339157245632066	1.0
0.5336587872559095	1.0
0.5334018499486125	1.0
0.5331449126413155	1.0
0.5328879753340185	1.0
0.5326310380267215	1.0
0.5323741007194245	1.0
0.5321171634121274	1.0
0.5318602261048304	1.0
0.5316032887975334	1.0
0.5313463514902363	1.0
0.5310894141829393	1.0
0.5308324768756424	1.0
0.5305755395683454	1.0
0.5300616649537513	1.0
0.5298047276464543	1.0
0.5295477903391572	1.0
0.5292908530318602	1.0
0.5290339157245632	1.0
0.5287769784172662	1.0
0.5285200411099692	1.0
0.5282631038026722	1.0
0.5280061664953751	1.0
0.5277492291880781	1.0
0.5274922918807811	1.0
0.527235354573484	1.0
0.5269784172661871	1.0
0.526464542651593	1.0
0.526207605344296	1.0
0.525950668036999	1.0
0.5256937307297019	1.0
0.5254367934224049	1.0
0.5251798561151079	1.0
0.524922918807811	1.0
0.5246659815005139	1.0
0.5244090441932169	1.0
0.5241521068859198	1.0
0.5238951695786228	1.0
0.5236382322713258	1.0
0.5233812949640287	1.0
0.5231243576567317	1.0
0.5228674203494348	1.0
0.5226104830421378	1.0
0.5223535457348407	1.0
0.5218396711202467	1.0
0.5215827338129496	1.0
0.5210688591983555	1.0
0.5205549845837616	1.0
0.5202980472764646	1.0
0.5200411099691675	1.0
0.5197841726618705	1.0
0.5192702980472764	1.0
0.5190133607399794	1.0
0.5187564234326825	1.0
0.5184994861253854	1.0
0.5179856115107914	1.0
0.5177286742034943	1.0
0.5172147995889003	1.0
0.5169578622816033	1.0
0.5167009249743063	1.0
0.5164439876670093	1.0
0.5161870503597122	1.0
0.5159301130524152	1.0
0.5154162384378211	1.0
0.5151593011305241	1.0
0.5149023638232272	1.0
0.5146454265159301	1.0
0.5143884892086331	1.0
0.5141315519013361	1.0
0.513874614594039	1.0
0.513617677286742	1.0
0.513360739979445	1.0
0.513103802672148	1.0
0.512846865364851	1.0
0.512589928057554	1.0
0.512332990750257	1.0
0.5118191161356629	1.0
0.5115621788283659	1.0
0.5113052415210688	1.0
0.5107913669064749	1.0
0.5105344295991778	1.0
0.5102774922918808	1.0
0.5100205549845838	1.0
0.5097636176772867	1.0
0.5095066803699897	1.0
0.5092497430626927	1.0
0.5089928057553957	1.0
0.5087358684480987	1.0
0.5084789311408017	1.0
0.5082219938335046	1.0
0.5079650565262076	1.0
0.5077081192189106	1.0
0.5074511819116135	1.0
0.5071942446043165	1.0
0.5069373072970196	1.0
0.5064234326824255	1.0
0.5061664953751285	1.0
0.5059095580678314	1.0
0.5056526207605344	1.0
0.5053956834532374	1.0
0.5051387461459403	1.0
0.5048818088386434	1.0
0.5046248715313464	1.0
0.5043679342240494	1.0
0.5041109969167523	1.0
0.5038540596094553	1.0
0.5035971223021583	1.0
0.5033401849948612	1.0
0.5030832476875642	1.0
0.5028263103802673	1.0
0.5025693730729702	1.0
0.5023124357656732	1.0
0.5020554984583762	1.0
0.5017985611510791	1.0
0.5015416238437821	1.0
0.5012846865364851	1.0
0.501027749229188	1.0
0.5007708119218911	1.0
0.5005138746145941	1.0
0.500256937307297	1.0
0.5	1.0
0.49974306269270297	1.0
0.499486125385406	1.0
0.49922918807810895	1.0
0.4989722507708119	1.0
0.4987153134635149	1.0
0.4984583761562179	1.0
0.4982014388489209	1.0
0.49794450154162384	1.0
0.4976875642343268	1.0
0.49743062692702983	1.0
0.4971736896197328	1.0
0.49691675231243576	1.0
0.4966598150051387	1.0
0.49640287769784175	1.0
0.4961459403905447	1.0
0.4958890030832477	1.0
0.49563206577595065	1.0
0.49537512846865367	1.0
0.49511819116135664	1.0
0.4948612538540596	1.0
0.49460431654676257	1.0
0.4943473792394656	1.0
0.49409044193216856	1.0
0.4938335046248715	1.0
0.4935765673175745	1.0
0.4933196300102775	1.0
0.4930626927029805	1.0
0.49280575539568344	1.0
0.4925488180883864	1.0
0.49229188078108943	1.0
0.4920349434737924	1.0
0.49177800616649536	1.0
0.49152106885919833	1.0
0.49126413155190135	1.0
0.4910071942446043	1.0
0.4907502569373073	1.0
0.4904933196300103	1.0
0.48997944501541624	1.0
0.4897225077081192	1.0
0.4894655704008222	1.0
0.4892086330935252	1.0
0.48895169578622816	1.0
0.4886947584789311	1.0
0.48843782117163415	1.0
0.4881808838643371	1.0
0.4879239465570401	1.0
0.48766700924974304	1.0
0.48741007194244607	1.0
0.48715313463514903	1.0
0.486896197327852	1.0
0.48663926002055496	1.0
0.486382322713258	1.0
0.48612538540596095	1.0
0.4858684480986639	1.0
0.4856115107913669	1.0
0.4853545734840699	1.0
0.4850976361767729	1.0
0.48484069886947584	1.0
0.4845837615621788	1.0
0.4843268242548818	1.0
0.4840698869475848	1.0
0.48381294964028776	1.0
0.4835560123329907	1.0
0.4830421377183967	1.0
0.4827852004110997	1.0
0.48252826310380265	1.0
0.48227132579650567	1.0
0.48201438848920863	1.0
0.4817574511819116	1.0
0.48150051387461457	1.0
0.4812435765673176	1.0
0.48098663926002055	1.0
0.4807297019527235	1.0
0.48047276464542654	1.0
0.4802158273381295	1.0
0.4799588900308325	1.0
0.47970195272353544	1.0
0.47944501541623846	1.0
0.47918807810894143	1.0
0.4789311408016444	1.0
0.47867420349434736	1.0
0.4784172661870504	1.0
0.47816032887975335	1.0
0.4776464542651593	1.0
0.4773895169578623	1.0
0.47713257965056527	1.0
0.47687564234326824	1.0
0.4766187050359712	1.0
0.4763617677286742	1.0
0.4761048304213772	1.0
0.47584789311408016	1.0
0.4755909558067831	1.0
0.47533401849948614	1.0
0.4750770811921891	1.0
0.4748201438848921	1.0
0.47456320657759504	1.0
0.47430626927029806	1.0
0.47404933196300103	1.0
0.47353545734840696	1.0
0.47327852004111	1.0
0.47302158273381295	1.0
0.4727646454265159	1.0
0.4725077081192189	1.0
0.4722507708119219	1.0
0.47199383350462487	1.0
0.47173689619732784	1.0
0.47147995889003086	1.0
0.4712230215827338	1.0
0.4709660842754368	1.0
0.47070914696813976	1.0
0.4704522096608428	1.0
0.47019527235354575	1.0
0.4699383350462487	1.0
0.4696813977389517	1.0
0.4694244604316547	1.0
0.46916752312435767	1.0
0.46891058581706063	1.0
0.4686536485097636	1.0
0.4683967112024666	1.0
0.4681397738951696	1.0
0.46788283658787255	1.0
0.4676258992805755	1.0
0.46736896197327854	1.0
0.4671120246659815	1.0
0.4668550873586845	1.0
0.46659815005138744	1.0
0.46634121274409046	1.0
0.4660842754367934	1.0
0.4658273381294964	1.0
0.46557040082219936	1.0
0.4653134635149024	1.0
0.46505652620760535	1.0
0.4647995889003083	1.0
0.4645426515930113	1.0
0.4642857142857143	1.0
0.46402877697841727	1.0
0.46377183967112023	1.0
0.4635149023638232	1.0
0.4632579650565262	1.0
0.4630010277492292	1.0
0.46274409044193215	1.0
0.4624871531346352	1.0
0.46223021582733814	1.0
0.4619732785200411	1.0
0.4617163412127441	1.0
0.4614594039054471	1.0
0.46120246659815006	1.0
0.46094552929085303	1.0
0.460688591983556	1.0
0.460431654676259	1.0
0.460174717368962	1.0
0.45991778006166495	1.0
0.4596608427543679	1.0
0.45940390544707094	1.0
0.4591469681397739	1.0
0.45889003083247687	1.0
0.45863309352517984	1.0
0.45837615621788286	1.0
0.4578622816032888	1.0
0.45760534429599176	1.0
0.4573484069886948	1.0
0.45709146968139774	1.0
0.4568345323741007	1.0
0.4563206577595067	1.0
0.45606372045220966	1.0
0.45580678314491263	1.0
0.4555498458376156	1.0
0.4552929085303186	1.0
0.4550359712230216	1.0
0.45477903391572455	1.0
0.4545220966084275	1.0
0.45426515930113054	1.0
0.4540082219938335	1.0
0.45375128468653647	1.0
0.4534943473792395	1.0
0.45323741007194246	1.0
0.4529804727646454	1.0
0.4524665981500514	1.0
0.4522096608427544	1.0
0.45195272353545735	1.0
0.4516957862281603	1.0
0.45143884892086333	1.0
0.4511819116135663	1.0
0.45092497430626927	1.0
0.45066803699897223	1.0
0.45041109969167525	1.0
0.4501541623843782	1.0
0.4498972250770812	1.0
0.44964028776978415	1.0
0.4493833504624872	1.0
0.44912641315519014	1.0
0.4488694758478931	1.0
0.4486125385405961	1.0
0.44809866392600206	1.0
0.447841726618705	1.0
0.447584789311408	1.0
0.447327852004111	1.0
0.447070914696814	1.0
0.44681397738951695	1.0
0.4465570400822199	1.0
0.44630010277492294	1.0
0.4460431654676259	1.0
0.44578622816032887	1.0
0.44552929085303183	1.0
0.44527235354573486	1.0
0.4450154162384378	1.0
0.4447584789311408	1.0
0.44450154162384375	1.0
0.4442446043165468	1.0
0.44398766700924974	1.0
0.4437307297019527	1.0
0.44347379239465573	1.0
0.4432168550873587	1.0
0.44295991778006166	1.0
0.44270298047276463	1.0
0.44244604316546765	1.0
0.4421891058581706	1.0
0.4419321685508736	1.0
0.44167523124357655	1.0
0.44141829393627957	1.0
0.44116135662898254	1.0
0.4409044193216855	1.0
0.44064748201438847	1.0
0.4403905447070915	1.0
0.44013360739979446	1.0
0.4398766700924974	1.0
0.4396197327852004	1.0
0.4393627954779034	1.0
0.4391058581706064	1.0
0.43884892086330934	1.0
0.4385919835560123	1.0
0.43833504624871533	1.0
0.4380781089414183	1.0
0.43782117163412126	1.0
0.43756423432682423	1.0
0.43730729701952725	1.0
0.4370503597122302	1.0
0.4367934224049332	1.0
0.43653648509763615	1.0
0.4362795477903392	1.0
0.43602261048304214	1.0
0.4357656731757451	1.0
0.43550873586844807	1.0
0.4352517985611511	1.0
0.43499486125385406	1.0
0.434737923946557	1.0
0.43448098663926005	1.0
0.434224049331963	1.0
0.433967112024666	1.0
0.43371017471736895	1.0
0.43345323741007197	1.0
0.43319630010277493	1.0
0.4329393627954779	1.0
0.43268242548818087	1.0
0.4324254881808839	1.0
0.43216855087358685	1.0
0.4319116135662898	1.0
0.4316546762589928	1.0
0.4313977389516958	1.0
0.4311408016443988	1.0
0.43088386433710174	1.0
0.4306269270298047	1.0
0.43036998972250773	1.0
0.4301130524152107	1.0
0.42985611510791366	1.0
0.4295991778006166	1.0
0.42934224049331965	1.0
0.4290853031860226	1.0
0.4288283658787256	1.0
0.42857142857142855	1.0
0.42831449126413157	1.0
0.42805755395683454	1.0
0.4278006166495375	1.0
0.42754367934224047	1.0
0.4272867420349435	1.0
0.42702980472764646	1.0
0.4267728674203494	1.0
0.4265159301130524	1.0
0.4262589928057554	1.0
0.4260020554984584	1.0
0.42574511819116134	1.0
0.42548818088386436	1.0
0.42523124357656733	1.0
0.4249743062692703	1.0
0.42471736896197326	1.0
0.4244604316546763	1.0
0.42420349434737925	1.0
0.4239465570400822	1.0
0.4236896197327852	1.0
0.4234326824254882	1.0
0.42317574511819117	1.0
0.42291880781089414	1.0
0.4226618705035971	1.0
0.4224049331963001	1.0
0.4221479958890031	1.0
0.42189105858170606	1.0
0.421634121274409	1.0
0.42137718396711205	1.0
0.421120246659815	1.0
0.420863309352518	1.0
0.42060637204522094	1.0
0.42034943473792397	1.0
0.42009249743062693	1.0
0.4198355601233299	1.0
0.41957862281603286	1.0
0.4193216855087359	1.0
0.41906474820143885	1.0
0.4188078108941418	1.0
0.4185508735868448	1.0
0.4182939362795478	1.0
0.4180369989722508	1.0
0.4175231243576567	1.0
0.4172661870503597	1.0
0.4170092497430627	1.0
0.41675231243576566	1.0
0.4164953751284687	1.0
0.41623843782117165	1.0
0.4159815005138746	1.0
0.4157245632065776	1.0
0.4154676258992806	1.0
0.41521068859198357	1.0
0.41495375128468653	1.0
0.4146968139773895	1.0
0.4144398766700925	1.0
0.41392600205549845	1.0
0.41341212744090444	1.0
0.4131551901336074	1.0
0.4128982528263104	1.0
0.41264131551901334	1.0
0.41238437821171636	1.0
0.41212744090441933	1.0
0.4118705035971223	1.0
0.41161356628982526	1.0
0.4113566289825283	1.0
0.41109969167523125	1.0
0.4108427543679342	1.0
0.4105858170606372	1.0
0.4103288797533402	1.0
0.41007194244604317	1.0
0.40981500513874614	1.0
0.4095580678314491	1.0
0.4093011305241521	1.0
0.4090441932168551	1.0
0.40878725590955806	1.0
0.408530318602261	1.0
0.40827338129496404	1.0
0.408016443987667	1.0
0.40775950668037	1.0
0.40750256937307294	1.0
0.40724563206577596	1.0
0.40698869475847893	1.0
0.4067317574511819	1.0
0.4064748201438849	1.0
0.4062178828365879	1.0
0.40596094552929085	1.0
0.4057040082219938	1.0
0.40544707091469684	1.0
0.4051901336073998	1.0
0.40493319630010277	1.0
0.40467625899280574	1.0
0.40441932168550876	1.0
0.4039054470709147	1.0
0.40364850976361766	1.0
0.4033915724563207	1.0
0.40313463514902365	1.0
0.4028776978417266	1.0
0.4026207605344296	1.0
0.4023638232271326	1.0
0.40210688591983557	1.0
0.40184994861253853	1.0
0.4015930113052415	1.0
0.4013360739979445	1.0
0.4010791366906475	1.0
0.40082219938335045	1.0
0.4005652620760534	1.0
0.40030832476875644	1.0
0.4000513874614594	1.0
0.3997944501541624	1.0
0.39953751284686534	1.0
0.39928057553956836	1.0
0.3990236382322713	1.0
0.3987667009249743	1.0
0.39850976361767726	1.0
0.3982528263103803	1.0
0.39799588900308325	1.0
0.39748201438848924	1.0
0.3972250770811922	1.0
0.39696813977389517	1.0
0.39671120246659813	1.0
0.39645426515930116	1.0
0.3961973278520041	1.0
0.3959403905447071	1.0
0.39568345323741005	1.0
0.3954265159301131	1.0
0.39516957862281604	1.0
0.394912641315519	1.0
0.394655704008222	1.0
0.394398766700925	1.0
0.39414182939362796	1.0
0.39388489208633093	1.0
0.3936279547790339	1.0
0.3933710174717369	1.0
0.3931140801644399	1.0
0.39285714285714285	1.0
0.3926002055498458	1.0
0.39234326824254884	1.0
0.3920863309352518	1.0
0.39182939362795477	1.0
0.39157245632065774	1.0
0.39131551901336076	1.0
0.3910585817060637	1.0
0.3908016443987667	1.0
0.39054470709146966	1.0
0.3902877697841727	1.0
0.39003083247687564	1.0
0.3897738951695786	1.0
0.3895169578622816	1.0
0.3892600205549846	1.0
0.38900308324768756	1.0
0.38874614594039053	1.0
0.38848920863309355	1.0
0.3882322713257965	1.0
0.3879753340184995	1.0
0.38771839671120245	1.0
0.3874614594039055	1.0
0.38720452209660844	1.0
0.3869475847893114	1.0
0.3864337101747174	1.0
0.38617677286742036	1.0
0.3856628982528263	1.0
0.3854059609455293	1.0
0.3851490236382323	1.0
0.3846351490236382	1.0
0.38437821171634123	1.0
0.3841212744090442	1.0
0.38386433710174717	1.0
0.38360739979445013	1.0
0.38335046248715315	1.0
0.3830935251798561	1.0
0.3828365878725591	1.0
0.38257965056526205	1.0
0.3823227132579651	1.0
0.38206577595066804	1.0
0.381808838643371	1.0
0.381551901336074	1.0
0.381294964028777	1.0
0.38103802672147996	1.0
0.3807810894141829	1.0
0.3805241521068859	1.0
0.3802672147995889	1.0
0.3800102774922919	1.0
0.37975334018499485	1.0
0.37949640287769787	1.0
0.37923946557040084	1.0
0.3789825282631038	1.0
0.37872559095580677	1.0
0.3784686536485098	1.0
0.37821171634121276	1.0
0.3779547790339157	1.0
0.3776978417266187	1.0
0.3774409044193217	1.0
0.3771839671120247	1.0
0.37692702980472764	1.0
0.3766700924974306	1.0
0.37641315519013363	1.0
0.3761562178828366	1.0
0.37589928057553956	1.0
0.37564234326824253	1.0
0.37538540596094555	1.0
0.3751284686536485	1.0
0.3748715313463515	1.0
0.37461459403905445	1.0
0.37410071942446044	1.0
0.3738437821171634	1.0
0.37358684480986637	1.0
0.37307297019527236	1.0
0.3728160328879753	1.0
0.3725590955806783	1.0
0.3723021582733813	1.0
0.3720452209660843	1.0
0.37178828365878724	1.0
0.3715313463514902	1.0
0.37127440904419323	1.0
0.3710174717368962	1.0
0.37076053442959916	1.0
0.37050359712230213	1.0
0.37024665981500515	1.0
0.3699897225077081	1.0
0.3697327852004111	1.0
0.3694758478931141	1.0
0.368705035971223	1.0
0.368448098663926	1.0
0.368191161356629	1.0
0.36793422404933196	1.0
0.3676772867420349	1.0
0.36742034943473795	1.0
0.3671634121274409	1.0
0.3669064748201439	1.0
0.36664953751284685	1.0
0.36639260020554987	1.0
0.36613566289825283	1.0
0.3658787255909558	1.0
0.36562178828365877	1.0
0.3653648509763618	1.0
0.36510791366906475	1.0
0.3648509763617677	1.0
0.3645940390544707	1.0
0.3643371017471737	1.0
0.3640801644398767	1.0
0.36382322713257964	1.0
0.3635662898252826	1.0
0.36330935251798563	1.0
0.3630524152106886	1.0
0.36279547790339156	1.0
0.3625385405960945	1.0
0.36228160328879755	1.0
0.3617677286742035	1.0
0.36151079136690645	1.0
0.36125385405960947	1.0
0.36099691675231244	1.0
0.3607399794450154	1.0
0.3604830421377184	1.0
0.3602261048304214	1.0
0.35996916752312436	1.0
0.3597122302158273	1.0
0.3591983556012333	1.0
0.35868448098663924	1.0
0.35817060637204523	1.0
0.3579136690647482	1.0
0.35765673175745116	1.0
0.3573997944501542	1.0
0.35714285714285715	1.0
0.3568859198355601	1.0
0.3563720452209661	1.0
0.35611510791366907	1.0
0.35585817060637204	1.0
0.355601233299075	1.0
0.355344295991778	1.0
0.3545734840698869	1.0
0.35431654676258995	1.0
0.3538026721479959	1.0
0.35354573484069884	1.0
0.35328879753340187	1.0
0.35303186022610483	1.0
0.3527749229188078	1.0
0.35251798561151076	1.0
0.3522610483042138	1.0
0.35200411099691675	1.0
0.3517471736896197	1.0
0.35149023638232274	1.0
0.3512332990750257	1.0
0.3509763617677287	1.0
0.35071942446043164	1.0
0.34969167523124356	1.0
0.3494347379239466	1.0
0.34917780061664955	1.0
0.3489208633093525	1.0
0.3486639260020555	1.0
0.3484069886947585	1.0
0.34815005138746147	1.0
0.34789311408016443	1.0
0.3476361767728674	1.0
0.3473792394655704	1.0
0.34686536485097635	1.0
0.3466084275436793	1.0
0.34635149023638234	1.0
0.3460945529290853	1.0
0.34558067831449124	1.0
0.34532374100719426	1.0
0.34506680369989723	1.0
0.3448098663926002	1.0
0.34455292908530316	1.0
0.3442959917780062	1.0
0.34403905447070915	1.0
0.3437821171634121	1.0
0.3435251798561151	1.0
0.3432682425488181	1.0
0.34301130524152107	1.0
0.34224049331963	1.0
0.341983556012333	1.0
0.34172661870503596	1.0
0.34121274409044194	1.0
0.3406988694758479	1.0
0.3404419321685509	1.0
0.34018499486125386	1.0
0.33992805755395683	1.0
0.3396711202466598	1.0
0.3391572456320658	1.0
0.33890030832476875	1.0
0.3386433710174717	1.0
0.33838643371017474	1.0
0.3381294964028777	1.0
0.33787255909558067	1.0
0.33761562178828364	1.0
0.33735868448098666	1.0
0.3371017471736896	1.0
0.3368448098663926	1.0
0.33658787255909556	1.0
0.3363309352517986	1.0
0.33607399794450155	1.0
0.3355601233299075	1.0
0.3353031860226105	1.0
0.33504624871531347	1.0
0.33478931140801643	1.0
0.3345323741007194	1.0
0.3342754367934224	1.0
0.3340184994861254	1.0
0.33376156217882835	1.0
0.3335046248715313	1.0
0.3329907502569373	1.0
0.3327338129496403	1.0
0.3324768756423433	1.0
0.33221993833504626	1.0
0.3319630010277492	1.0
0.3317060637204522	1.0
0.3314491264131552	1.0
0.3311921891058582	1.0
0.33093525179856115	1.0
0.3306783144912641	1.0
0.33042137718396714	1.0
0.3301644398766701	1.0
0.32990750256937307	1.0
0.32965056526207603	1.0
0.32939362795477906	1.0
0.328879753340185	1.0
0.32862281603288795	1.0
0.328365878725591	1.0
0.32810894141829394	1.0
0.3278520041109969	1.0
0.3275950668036999	1.0
0.3273381294964029	1.0
0.32708119218910586	1.0
0.32682425488180883	1.0
0.3265673175745118	1.0
0.3263103802672148	1.0
0.3260534429599178	1.0
0.32579650565262075	1.0
0.3255395683453237	1.0
0.3250256937307297	1.0
0.32476875642343267	1.0
0.32451181911613564	1.0
0.32425488180883866	1.0
0.3239979445015416	1.0
0.3237410071942446	1.0
0.3234840698869476	1.0
0.3232271325796506	1.0
0.32297019527235354	1.0
0.3227132579650565	1.0
0.32245632065775953	1.0
0.3221993833504625	1.0
0.32194244604316546	1.0
0.32168550873586843	1.0
0.32142857142857145	1.0
0.3211716341212744	1.0
0.3209146968139774	1.0
0.32065775950668035	1.0
0.32014388489208634	1.0
0.3198869475847893	1.0
0.31963001027749227	1.0
0.3193730729701953	1.0
0.31911613566289826	1.0
0.3188591983556012	1.0
0.3186022610483042	1.0
0.3183453237410072	1.0
0.3180883864337102	1.0
0.31783144912641315	1.0
0.3175745118191161	1.0
0.3170606372045221	1.0
0.31680369989722507	1.0
0.31654676258992803	1.0
0.31628982528263105	1.0
0.31551901336073995	1.0
0.315262076053443	1.0
0.31500513874614594	1.0
0.3147482014388489	1.0
0.31449126413155193	1.0
0.3142343268242549	1.0
0.31397738951695786	1.0
0.3137204522096608	1.0
0.31346351490236385	1.0
0.3132065775950668	1.0
0.3129496402877698	1.0
0.31269270298047275	1.0
0.31217882836587874	1.0
0.3119218910585817	1.0
0.3114080164439877	1.0
0.31115107913669066	1.0
0.3108941418293936	1.0
0.3106372045220966	1.0
0.3103802672147996	1.0
0.3101233299075026	1.0
0.30986639260020554	1.0
0.30935251798561153	1.0
0.3090955806783145	1.0
0.30883864337101746	1.0
0.30858170606372043	1.0
0.30832476875642345	1.0
0.3080678314491264	1.0
0.3078108941418294	1.0
0.30755395683453235	1.0
0.30704008221993834	1.0
0.3067831449126413	1.0
0.3062692702980473	1.0
0.30601233299075026	1.0
0.3057553956834532	1.0
0.3052415210688592	1.0
0.3049845837615622	1.0
0.30472764645426514	1.0
0.30447070914696817	1.0
0.30369989722507706	1.0
0.3034429599177801	1.0
0.30318602261048305	1.0
0.302929085303186	1.0
0.302672147995889	1.0
0.302415210688592	1.0
0.30190133607399794	1.0
0.3016443987667009	1.0
0.3013874614594039	1.0
0.3011305241521069	1.0
0.30087358684480986	1.0
0.30035971223021585	1.0
0.3001027749229188	1.0
0.2998458376156218	1.0
0.29933196300102777	1.0
0.29907502569373073	1.0
0.2988180883864337	1.0
0.2983042137718397	1.0
0.29804727646454265	1.0
0.2977903391572456	1.0
0.2975334018499486	1.0
0.2970195272353546	1.0
0.29676258992805754	1.0
0.2965056526207605	1.0
0.29624871531346353	1.0
0.2959917780061665	1.0
0.29573484069886946	1.0
0.2954779033915725	1.0
0.29522096608427545	1.0
0.2949640287769784	1.0
0.2947070914696814	1.0
0.2944501541623844	1.0
0.29419321685508737	1.0
0.29393627954779034	1.0
0.2936793422404933	1.0
0.2934224049331963	1.0
0.29290853031860226	1.0
0.2926515930113052	1.0
0.29239465570400824	1.0
0.2918807810894142	1.0
0.29162384378211714	1.0
0.29136690647482016	1.0
0.29110996916752313	1.0
0.2908530318602261	1.0
0.29059609455292906	1.0
0.2903391572456321	1.0
0.289825282631038	1.0
0.289568345323741	1.0
0.289311408016444	1.0
0.28905447070914697	1.0
0.28879753340184994	1.0
0.2885405960945529	1.0
0.2882836587872559	1.0
0.2880267214799589	1.0
0.28776978417266186	1.0
0.2875128468653648	1.0
0.28725590955806785	1.0
0.2869989722507708	1.0
0.2864850976361768	1.0
0.28622816032887977	1.0
0.28597122302158273	1.0
0.2857142857142857	1.0
0.2854573484069887	1.0
0.2852004110996917	1.0
0.28494347379239465	1.0
0.2846865364850976	1.0
0.28442959917780064	1.0
0.2841726618705036	1.0
0.2839157245632066	1.0
0.28365878725590954	1.0
0.28340184994861256	1.0
0.2831449126413155	1.0
0.2828879753340185	1.0
0.2823741007194245	1.0
0.28211716341212745	1.0
0.2816032887975334	1.0
0.2813463514902364	1.0
0.28108941418293937	1.0
0.28083247687564233	1.0
0.2805755395683453	1.0
0.2800616649537513	1.0
0.27980472764645425	1.0
0.2795477903391572	1.0
0.2790339157245632	1.0
0.27852004110996914	1.0
0.27826310380267216	1.0
0.27800616649537513	1.0
0.2777492291880781	1.0
0.2774922918807811	1.0
0.2772353545734841	1.0
0.27595066803699897	1.0
0.27569373072970194	1.0
0.2749229188078109	1.0
0.27415210688591984	1.0
0.2736382322713258	1.0
0.27312435765673176	1.0
0.2723535457348407	1.0
0.27183967112024665	1.0
0.2715827338129496	1.0
0.27081192189105857	1.0
0.27029804727646456	1.0
0.2700411099691675	1.0
0.2697841726618705	1.0
0.26952723535457346	1.0
0.26901336073997945	1.0
0.2682425488180884	1.0
0.2669578622816033	1.0
0.2664439876670093	1.0
0.2659301130524152	1.0
0.2646454265159301	1.0
0.2643884892086331	1.0
0.263617677286742	1.0
0.26336073997944504	1.0
0.26284686536485097	1.0
0.26233299075025696	1.0
0.2620760534429599	1.0
0.26156217882836585	1.0
0.26104830421377184	1.0
0.2605344295991778	1.0
0.2602774922918808	1.0
0.25976361767728673	1.0
0.2595066803699897	1.0
0.25847893114080167	1.0
0.25822199383350464	1.0
0.2579650565262076	1.0
0.25719424460431656	1.0
0.2569373072970195	1.0
0.2564234326824255	1.0
0.2561664953751285	1.0
0.25539568345323743	1.0
0.2551387461459404	1.0
0.25462487153134633	1.0
0.25436793422404935	1.0
0.2541109969167523	1.0
0.2538540596094553	1.0
0.25359712230215825	1.0
0.2533401849948613	1.0
0.25308324768756424	1.0
0.25256937307297017	1.0
0.25205549845837616	1.0
0.2517985611510791	1.0
0.2515416238437821	1.0
0.2512846865364851	1.0
0.250513874614594	1.0
0.25025693730729703	1.0
0.25	1.0
0.24948612538540596	1.0
0.24922918807810895	1.0
0.24897225077081192	1.0
0.24845837615621788	1.0
0.24820143884892087	1.0
0.24794450154162384	1.0
0.24768756423432683	1.0
0.2471736896197328	1.0
0.24640287769784172	1.0
0.24563206577595068	1.0
0.24537512846865364	1.0
0.2448612538540596	1.0
0.24409044193216856	1.0
0.24383350462487152	1.0
0.24357656731757452	1.0
0.24306269270298048	1.0
0.24254881808838644	1.0
0.2422918807810894	1.0
0.24177800616649536	1.0
0.24152106885919836	1.0
0.24100719424460432	1.0
0.24049331963001028	1.0
0.24023638232271327	1.0
0.23972250770811923	1.0
0.2394655704008222	1.0
0.2392086330935252	1.0
0.2381808838643371	1.0
0.23792394655704008	1.0
0.23741007194244604	1.0
0.23638232271325796	1.0
0.2356115107913669	1.0
0.23535457348406988	1.0
0.23484069886947584	1.0
0.2340698869475848	1.0
0.23355601233299075	1.0
0.2330421377183967	1.0
0.23278520041109968	1.0
0.23252826310380267	1.0
0.23227132579650564	1.0
0.2317574511819116	1.0
0.2315005138746146	1.0
0.2312435765673176	1.0
0.23047276464542651	1.0
0.2302158273381295	1.0
0.22970195272353547	1.0
0.22944501541623843	1.0
0.22918807810894143	1.0
0.2289311408016444	1.0
0.2286742034943474	1.0
0.22841726618705036	1.0
0.22790339157245632	1.0
0.2276464542651593	1.0
0.22738951695786228	1.0
0.22687564234326824	1.0
0.22661870503597123	1.0
0.2263617677286742	1.0
0.22584789311408016	1.0
0.22559095580678315	1.0
0.22533401849948612	1.0
0.2250770811921891	1.0
0.22482014388489208	1.0
0.22456320657759507	1.0
0.22430626927029804	1.0
0.22404933196300103	1.0
0.223792394655704	1.0
0.223535457348407	1.0
0.22302158273381295	1.0
0.22276464542651592	1.0
0.22225077081192188	1.0
0.22199383350462487	1.0
0.22173689619732787	1.0
0.22147995889003083	1.0
0.22122302158273383	1.0
0.22045220966084275	1.0
0.22019527235354575	1.0
0.2199383350462487	1.0
0.21942446043165467	1.0
0.21916752312435767	1.0
0.21891058581706063	1.0
0.2183967112024666	1.0
0.2181397738951696	1.0
0.21788283658787255	1.0
0.2173689619732785	1.0
0.2171120246659815	1.0
0.21685508735868447	1.0
0.21659815005138747	1.0
0.21634121274409043	1.0
0.21608427543679343	1.0
0.2158273381294964	1.0
0.2155704008221994	1.0
0.21505652620760535	1.0
0.2147995889003083	1.0
0.2145426515930113	1.0
0.21428571428571427	1.0
0.21402877697841727	1.0
0.21377183967112023	1.0
0.21351490236382323	1.0
0.2132579650565262	1.0
0.2130010277492292	1.0
0.21274409044193218	1.0
0.21248715313463515	1.0
0.21223021582733814	1.0
0.2119732785200411	1.0
0.2117163412127441	1.0
0.21145940390544707	1.0
0.21120246659815006	1.0
0.21094552929085303	1.0
0.21068859198355602	1.0
0.210431654676259	1.0
0.21017471736896198	1.0
0.20991778006166495	1.0
0.20966084275436794	1.0
0.2094039054470709	1.0
0.2091469681397739	1.0
0.20889003083247687	1.0
0.20863309352517986	1.0
0.20837615621788283	1.0
0.20811921891058582	1.0
0.2078622816032888	1.0
0.20760534429599178	1.0
0.20734840698869475	1.0
0.20709146968139774	1.0
0.2068345323741007	1.0
0.2065775950668037	1.0
0.20632065775950667	1.0
0.20606372045220966	1.0
0.20580678314491263	1.0
0.20554984583761562	1.0
0.2052929085303186	1.0
0.20503597122302158	1.0
0.20477903391572455	1.0
0.2042651593011305	1.0
0.2040082219938335	1.0
0.20375128468653647	1.0
0.20349434737923947	1.0
0.20323741007194246	1.0
0.20298047276464543	1.0
0.20272353545734842	1.0
0.20246659815005139	1.0
0.20220966084275438	1.0
0.20169578622816034	1.0
0.2014388489208633	1.0
0.2011819116135663	1.0
0.20092497430626927	1.0
0.20066803699897226	1.0
0.20041109969167523	1.0
0.20015416238437822	1.0
0.1998972250770812	1.0
0.19964028776978418	1.0
0.19938335046248715	1.0
0.19912641315519014	1.0
0.1988694758478931	1.0
0.1986125385405961	1.0
0.19835560123329907	1.0
0.19784172661870503	1.0
0.19758478931140802	1.0
0.197327852004111	1.0
0.19707091469681398	1.0
0.19681397738951695	1.0
0.19655704008221994	1.0
0.1963001027749229	1.0
0.1960431654676259	1.0
0.19578622816032887	1.0
0.19552929085303186	1.0
0.19527235354573483	1.0
0.19501541623843782	1.0
0.1947584789311408	1.0
0.19450154162384378	1.0
0.19424460431654678	1.0
0.19398766700924974	1.0
0.19373072970195274	1.0
0.1932168550873587	1.0
0.19295991778006166	1.0
0.19270298047276466	1.0
0.19244604316546762	1.0
0.19218910585817062	1.0
0.19193216855087358	1.0
0.19167523124357658	1.0
0.19141829393627954	1.0
0.19116135662898254	1.0
0.1909044193216855	1.0
0.1906474820143885	1.0
0.19039054470709146	1.0
0.19013360739979446	1.0
0.18987667009249742	1.0
0.18961973278520042	1.0
0.18936279547790338	1.0
0.18910585817060638	1.0
0.18884892086330934	1.0
0.18859198355601234	1.0
0.1883350462487153	1.0
0.1880781089414183	1.0
0.18782117163412126	1.0
0.18756423432682426	1.0
0.18730729701952722	1.0
0.18705035971223022	1.0
0.18679342240493318	1.0
0.18653648509763618	1.0
0.18627954779033915	1.0
0.18602261048304214	1.0
0.1857656731757451	1.0
0.18525179856115107	1.0
0.18499486125385406	1.0
0.18473792394655705	1.0
0.18448098663926002	1.0
0.184224049331963	1.0
0.18396711202466598	1.0
0.18371017471736897	1.0
0.18345323741007194	1.0
0.18319630010277493	1.0
0.1829393627954779	1.0
0.1826824254881809	1.0
0.18242548818088386	1.0
0.18216855087358685	1.0
0.18191161356628982	1.0
0.18165467625899281	1.0
0.18139773895169578	1.0
0.18114080164439877	1.0
0.18088386433710174	1.0
0.18062692702980473	1.0
0.1803699897225077	1.0
0.1801130524152107	1.0
0.17985611510791366	1.0
0.17959917780061666	1.0
0.17934224049331962	1.0
0.17908530318602262	1.0
0.17882836587872558	1.0
0.17857142857142858	1.0
0.17831449126413154	1.0
0.17805755395683454	1.0
0.1778006166495375	1.0
0.1775436793422405	1.0
0.17728674203494346	1.0
0.17702980472764646	1.0
0.17677286742034942	1.0
0.17651593011305242	1.0
0.17625899280575538	1.0
0.17548818088386434	1.0
0.17523124357656733	1.0
0.1747173689619733	1.0
0.17446043165467626	1.0
0.17420349434737925	1.0
0.17291880781089414	1.0
0.1724049331963001	1.0
0.17189105858170606	1.0
0.17060637204522097	1.0
0.17009249743062693	1.0
0.1685508735868448	1.0
0.16752312435765673	1.0
0.16264131551901337	1.0
0.15467625899280577	1.0
0.14105858170606372	1.0
0.1408016443987667	1.0
0.14054470709146968	1.0
0.14028776978417265	1.0
0.14003083247687564	1.0
0.1397738951695786	1.0
0.1395169578622816	1.0
0.13926002055498457	1.0
0.13900308324768756	1.0
0.13874614594039056	1.0
0.13848920863309352	1.0
0.13823227132579652	1.0
0.13797533401849948	1.0
0.13771839671120248	1.0
0.13746145940390544	1.0
0.13720452209660844	1.0
0.1369475847893114	1.0
0.1366906474820144	1.0
0.13643371017471737	1.0
0.13617677286742036	1.0
0.13591983556012333	1.0
0.13566289825282632	1.0
0.13540596094552929	1.0
0.13514902363823228	1.0
0.13489208633093525	1.0
0.13463514902363824	1.0
0.1343782117163412	1.0
0.1341212744090442	1.0
0.13386433710174717	1.0
0.13335046248715313	1.0
0.1328365878725591	1.0
0.13257965056526208	1.0
0.13232271325796505	1.0
0.13206577595066804	1.0
0.131808838643371	1.0
0.131551901336074	1.0
0.13129496402877697	1.0
0.13103802672147996	1.0
0.13078108941418293	1.0
0.13052415210688592	1.0
0.1302672147995889	1.0
0.13001027749229188	1.0
0.12975334018499485	1.0
0.12923946557040084	1.0
0.1289825282631038	1.0
0.1287255909558068	1.0
0.12846865364850976	1.0
0.12821171634121276	1.0
0.12795477903391572	1.0
0.12769784172661872	1.0
0.12744090441932168	1.0
0.12718396711202468	1.0
0.12692702980472764	1.0
0.1264131551901336	1.0
0.1261562178828366	1.0
0.12589928057553956	1.0
0.12564234326824256	1.0
0.12538540596094552	1.0
0.12512846865364852	1.0
0.1248715313463515	1.0
0.12461459403905448	1.0
0.12435765673175746	1.0
0.12410071942446044	1.0
0.12384378211716342	1.0
0.1235868448098664	1.0
0.12332990750256938	1.0
0.12307297019527236	1.0
0.12281603288797534	1.0
0.12255909558067832	1.0
0.1223021582733813	1.0
0.12204522096608428	1.0
0.12178828365878726	1.0
0.12153134635149024	1.0
0.12127440904419322	1.0
0.12076053442959918	1.0
0.12024665981500514	1.0
0.11998972250770812	1.0
0.1197327852004111	1.0
0.11947584789311408	1.0
0.11921891058581706	1.0
0.11896197327852004	1.0
0.11870503597122302	1.0
0.118448098663926	1.0
0.11793422404933196	1.0
0.11767728674203494	1.0
0.11742034943473792	1.0
0.1171634121274409	1.0
0.11690647482014388	1.0
0.11664953751284686	1.0
0.11639260020554984	1.0
0.11613566289825282	1.0
0.1158787255909558	1.0
0.1156217882836588	1.0
0.11536485097636177	1.0
0.11510791366906475	1.0
0.11459403905447071	1.0
0.11408016443987667	1.0
0.11382322713257965	1.0
0.11356628982528263	1.0
0.11330935251798561	1.0
0.1130524152106886	1.0
0.11253854059609456	1.0
0.11228160328879754	1.0
0.11202466598150052	1.0
0.1117677286742035	1.0
0.11125385405960946	1.0
0.11099691675231244	1.0
0.11073997944501542	1.0
0.1104830421377184	1.0
0.11022610483042138	1.0
0.10996916752312436	1.0
0.10971223021582734	1.0
0.10945529290853032	1.0
0.1091983556012333	1.0
0.10894141829393628	1.0
0.10868448098663926	1.0
0.10842754367934224	1.0
0.10817060637204522	1.0
0.1079136690647482	1.0
0.10765673175745118	1.0
0.10739979445015416	1.0
0.10714285714285714	1.0
0.10688591983556012	1.0
0.1066289825282631	1.0
0.10637204522096609	1.0
0.10611510791366907	1.0
0.10585817060637205	1.0
0.10560123329907503	1.0
0.10508735868448099	1.0
0.10483042137718397	1.0
0.10457348406988695	1.0
0.10431654676258993	1.0
0.10405960945529291	1.0
0.10380267214799589	1.0
0.10354573484069887	1.0
0.10328879753340185	1.0
0.10303186022610483	1.0
0.10277492291880781	1.0
0.10226104830421377	1.0
0.10200411099691675	1.0
0.10174717368961973	1.0
0.10149023638232271	1.0
0.10123329907502569	1.0
0.10097636176772867	1.0
0.10071942446043165	1.0
0.10046248715313463	1.0
0.10020554984583761	1.0
0.09969167523124357	1.0
0.09943473792394655	1.0
0.09892086330935251	1.0
0.0986639260020555	1.0
0.09815005138746145	1.0
0.09789311408016443	1.0
0.09763617677286741	1.0
0.09712230215827339	1.0
0.09686536485097637	1.0
0.09660842754367935	1.0
0.09635149023638233	1.0
0.09609455292908531	1.0
0.09583761562178829	1.0
0.09558067831449127	1.0
0.09532374100719425	1.0
0.09506680369989723	1.0
0.09480986639260021	1.0
0.09455292908530319	1.0
0.09429599177800617	1.0
0.09403905447070915	1.0
0.09378211716341213	1.0
0.09301130524152107	1.0
0.09275436793422405	1.0
0.09249743062692703	1.0
0.09224049331963001	1.0
0.09198355601233299	1.0
0.09172661870503597	1.0
0.09146968139773895	1.0
0.09121274409044193	1.0
0.09095580678314491	1.0
0.08992805755395683	1.0
0.08915724563206577	1.0
0.08890030832476875	1.0
0.08812949640287769	1.0
0.08787255909558069	1.0
0.08735868448098665	1.0
0.08710174717368963	1.0
0.08607399794450155	1.0
0.08530318602261049	1.0
0.08504624871531347	1.0
0.08478931140801645	1.0
0.08453237410071943	1.0
0.08376156217882837	1.0
0.08350462487153135	1.0
0.08247687564234327	1.0
0.08221993833504625	1.0
0.08170606372045221	1.0
0.08093525179856115	1.0
0.07965056526207605	1.0
0.07939362795477903	1.0
0.07887975334018499	1.0
0.07785200411099692	1.0
0.0775950668036999	1.0
0.07733812949640288	1.0
0.07682425488180884	1.0
0.07656731757451182	1.0
0.07605344295991778	1.0
0.07553956834532374	1.0
0.07528263103802672	1.0
0.0750256937307297	1.0
0.07451181911613566	1.0
0.07425488180883864	1.0
0.0737410071942446	1.0
0.07348406988694758	1.0
0.07322713257965056	1.0
0.07271325796505652	1.0
0.07219938335046248	1.0
0.07194244604316546	1.0
0.07168550873586844	1.0
0.0711716341212744	1.0
0.07065775950668036	1.0
0.07040082219938334	1.0
0.07014388489208633	1.0
0.0698869475847893	1.0
0.06937307297019528	1.0
0.06911613566289826	1.0
0.06885919835560124	1.0
0.0683453237410072	1.0
0.06757451181911614	1.0
0.06731757451181912	1.0
0.0670606372045221	1.0
0.06680369989722508	1.0
0.06654676258992806	1.0
0.065775950668037	1.0
0.06551901336073998	1.0
0.06500513874614594	1.0
0.06372045220966084	1.0
0.06346351490236382	1.0
0.0632065775950668	1.0
0.06294964028776978	1.0
0.06217882836587873	1.0
0.06192189105858171	1.0
0.06166495375128469	1.0
0.06115107913669065	1.0
0.06063720452209661	1.0
0.06038026721479959	1.0
0.06012332990750257	1.0
0.05986639260020555	1.0
0.05960945529290853	1.0
0.05909558067831449	1.0
0.05832476875642343	1.0
0.0578108941418294	1.0
0.05729701952723536	1.0
0.05678314491264132	1.0
0.05626927029804728	1.0
0.05601233299075026	1.0
0.0552415210688592	1.0
0.05498458376156218	1.0
0.05472764645426516	1.0
0.05421377183967112	1.0
0.05369989722507708	1.0
0.05344295991778006	1.0
0.052929085303186026	1.0
0.052158273381294966	1.0
0.051387461459403906	1.0
0.050873586844809866	1.0
0.05010277492291881	1.0
0.04958890030832477	1.0
0.04933196300102775	1.0
0.04881808838643371	1.0
0.048304213771839674	1.0
0.047790339157245634	1.0
0.047533401849948614	1.0
0.047276464542651594	1.0
0.046505652620760535	1.0
0.046248715313463515	1.0
0.045991778006166495	1.0
0.045477903391572455	1.0
0.044964028776978415	1.0
0.044707091469681395	1.0
0.044193216855087356	1.0
0.04393627954779034	1.0
0.0434224049331963	1.0
0.04316546762589928	1.0
0.04239465570400822	1.0
0.04188078108941418	1.0
0.04162384378211716	1.0
0.041109969167523124	1.0
0.040339157245632064	1.0
0.040082219938335044	1.0
0.039568345323741004	1.0
0.03905447070914697	1.0
0.03879753340184995	1.0
0.03751284686536485	1.0
0.03699897225077081	1.0
0.03648509763617677	1.0
0.03622816032887975	1.0
0.03494347379239465	1.0
0.03442959917780062	1.0
0.03391572456320658	1.0
0.0328879753340185	1.0
0.03263103802672148	1.0
0.03186022610483042	1.0
0.0316032887975334	1.0
0.031089414182939364	1.0
0.030832476875642344	1.0
0.030061664953751285	1.0
0.029547790339157245	1.0
0.029033915724563205	1.0
0.02877697841726619	1.0
0.02826310380267215	1.0
0.02774922918807811	1.0
0.02672147995889003	1.0
0.026464542651593013	1.0
0.025436793422404933	1.0
0.024922918807810893	1.0
0.024665981500513873	1.0
0.023895169578622817	1.0
0.023638232271325797	1.0
0.022353545734840698	1.0
0.02183967112024666	1.0
0.02081192189105858	1.0
0.020554984583761562	1.0
0.019784172661870502	1.0
0.019527235354573486	1.0
0.019013360739979446	1.0
0.017985611510791366	1.0
0.017728674203494346	1.0
0.01721479958890031	1.0
0.01695786228160329	1.0
0.01618705035971223	1.0
0.01593011305241521	1.0
0.013103802672147996	1.0
0.011048304213771839	1.0
0.008735868448098663	1.0
0.008221993833504625	1.0
0.007451181911613566	1.0
0.007194244604316547	1.0
0.006937307297019527	1.0
0.00539568345323741	1.0
0.003854059609455293	1.0
0.0005138746145940391	1.0
0.0	1.0
